solid OpenSCAD_Model
  facet normal 1 -0 0
    outer loop
      vertex -6.5 12 0.0799999
      vertex -6.5 12.25 0.0599995
      vertex -6.5 12.25 0.0799999
    endloop
  endfacet
  facet normal 1 0 0
    outer loop
      vertex -6.5 12.25 0.0599995
      vertex -6.5 12 0.0799999
      vertex -6.5 12 0.0599995
    endloop
  endfacet
  facet normal -0 0 1
    outer loop
      vertex -9 12.25 0.0799999
      vertex -6.5 12 0.0799999
      vertex -6.5 12.25 0.0799999
    endloop
  endfacet
  facet normal 0 0 1
    outer loop
      vertex -6.5 12 0.0799999
      vertex -9 12.25 0.0799999
      vertex -9 12 0.0799999
    endloop
  endfacet
  facet normal 0 0 -1
    outer loop
      vertex -9 12 0.0599995
      vertex -6.5 12.25 0.0599995
      vertex -6.5 12 0.0599995
    endloop
  endfacet
  facet normal -0 0 -1
    outer loop
      vertex -6.5 12.25 0.0599995
      vertex -9 12 0.0599995
      vertex -9 12.25 0.0599995
    endloop
  endfacet
  facet normal 1 0 0
    outer loop
      vertex -9 16 1
      vertex -9 15 0.0499992
      vertex -9 16 0
    endloop
  endfacet
  facet normal 1 0 0
    outer loop
      vertex -9 16 1
      vertex -9 12.25 0.0799999
      vertex -9 15 0.0499992
    endloop
  endfacet
  facet normal 1 0 0
    outer loop
      vertex -9 16 1
      vertex -9 12 0.0799999
      vertex -9 12.25 0.0799999
    endloop
  endfacet
  facet normal 1 0 0
    outer loop
      vertex -9 12 0.0799999
      vertex -9 9 0.0499992
      vertex -9 12 0.0599995
    endloop
  endfacet
  facet normal 1 0 0
    outer loop
      vertex -9 16 1
      vertex -9 9 0.0499992
      vertex -9 12 0.0799999
    endloop
  endfacet
  facet normal 1 0 0
    outer loop
      vertex -9 9 0.0499992
      vertex -9 -9 0
      vertex -9 9 0
    endloop
  endfacet
  facet normal 1 0 0
    outer loop
      vertex -9 16 1
      vertex -9 -9 0
      vertex -9 9 0.0499992
    endloop
  endfacet
  facet normal 1 -0 0
    outer loop
      vertex -9 -16 1
      vertex -9 -9 0
      vertex -9 16 1
    endloop
  endfacet
  facet normal 1 0 0
    outer loop
      vertex -9 -9 0
      vertex -9 -16 1
      vertex -9 -16 0
    endloop
  endfacet
  facet normal 1 0 0
    outer loop
      vertex -9 16 0
      vertex -9 15 0.0499992
      vertex -9 15 0
    endloop
  endfacet
  facet normal 1 -0 0
    outer loop
      vertex -9 12.25 0.0599995
      vertex -9 15 0.0499992
      vertex -9 12.25 0.0799999
    endloop
  endfacet
  facet normal 1 -0 0
    outer loop
      vertex -9 12 0.0599995
      vertex -9 15 0.0499992
      vertex -9 12.25 0.0599995
    endloop
  endfacet
  facet normal 1 0 0
    outer loop
      vertex -9 15 0.0499992
      vertex -9 12 0.0599995
      vertex -9 9 0.0499992
    endloop
  endfacet
  facet normal 0 1 -0
    outer loop
      vertex -6.5 12.25 0.0599995
      vertex -9 12.25 0.0799999
      vertex -6.5 12.25 0.0799999
    endloop
  endfacet
  facet normal 0 1 0
    outer loop
      vertex -9 12.25 0.0799999
      vertex -6.5 12.25 0.0599995
      vertex -9 12.25 0.0599995
    endloop
  endfacet
  facet normal 0 -1 0
    outer loop
      vertex -9 12 0.0599995
      vertex -6.5 12 0.0799999
      vertex -9 12 0.0799999
    endloop
  endfacet
  facet normal 0 -1 -0
    outer loop
      vertex -6.5 12 0.0799999
      vertex -9 12 0.0599995
      vertex -6.5 12 0.0599995
    endloop
  endfacet
  facet normal 1 -0 0
    outer loop
      vertex -2.5 12 0.0799999
      vertex -2.5 12.25 0.0599995
      vertex -2.5 12.25 0.0799999
    endloop
  endfacet
  facet normal 1 0 0
    outer loop
      vertex -2.5 12.25 0.0599995
      vertex -2.5 12 0.0799999
      vertex -2.5 12 0.0599995
    endloop
  endfacet
  facet normal -0 0 1
    outer loop
      vertex -5 12.25 0.0799999
      vertex -2.5 12 0.0799999
      vertex -2.5 12.25 0.0799999
    endloop
  endfacet
  facet normal 0 0 1
    outer loop
      vertex -2.5 12 0.0799999
      vertex -5 12.25 0.0799999
      vertex -5 12 0.0799999
    endloop
  endfacet
  facet normal 0 0 -1
    outer loop
      vertex -5 12 0.0599995
      vertex -2.5 12.25 0.0599995
      vertex -2.5 12 0.0599995
    endloop
  endfacet
  facet normal -0 0 -1
    outer loop
      vertex -2.5 12.25 0.0599995
      vertex -5 12 0.0599995
      vertex -5 12.25 0.0599995
    endloop
  endfacet
  facet normal -1 0 0
    outer loop
      vertex -5 12 0.0599995
      vertex -5 12.25 0.0799999
      vertex -5 12.25 0.0599995
    endloop
  endfacet
  facet normal -1 -0 0
    outer loop
      vertex -5 12.25 0.0799999
      vertex -5 12 0.0599995
      vertex -5 12 0.0799999
    endloop
  endfacet
  facet normal 0 1 -0
    outer loop
      vertex -2.5 12.25 0.0599995
      vertex -5 12.25 0.0799999
      vertex -2.5 12.25 0.0799999
    endloop
  endfacet
  facet normal 0 1 0
    outer loop
      vertex -5 12.25 0.0799999
      vertex -2.5 12.25 0.0599995
      vertex -5 12.25 0.0599995
    endloop
  endfacet
  facet normal 0 -1 0
    outer loop
      vertex -5 12 0.0599995
      vertex -2.5 12 0.0799999
      vertex -5 12 0.0799999
    endloop
  endfacet
  facet normal 0 -1 -0
    outer loop
      vertex -2.5 12 0.0799999
      vertex -5 12 0.0599995
      vertex -2.5 12 0.0599995
    endloop
  endfacet
  facet normal 1 -0 0
    outer loop
      vertex 1.5 12 0.0799999
      vertex 1.5 12.25 0.0599995
      vertex 1.5 12.25 0.0799999
    endloop
  endfacet
  facet normal 1 0 0
    outer loop
      vertex 1.5 12.25 0.0599995
      vertex 1.5 12 0.0799999
      vertex 1.5 12 0.0599995
    endloop
  endfacet
  facet normal -0 0 1
    outer loop
      vertex -1 12.25 0.0799999
      vertex 1.5 12 0.0799999
      vertex 1.5 12.25 0.0799999
    endloop
  endfacet
  facet normal 0 0 1
    outer loop
      vertex 1.5 12 0.0799999
      vertex -1 12.25 0.0799999
      vertex -1 12 0.0799999
    endloop
  endfacet
  facet normal 0 0 -1
    outer loop
      vertex -1 12 0.0599995
      vertex 1.5 12.25 0.0599995
      vertex 1.5 12 0.0599995
    endloop
  endfacet
  facet normal -0 0 -1
    outer loop
      vertex 1.5 12.25 0.0599995
      vertex -1 12 0.0599995
      vertex -1 12.25 0.0599995
    endloop
  endfacet
  facet normal -1 0 0
    outer loop
      vertex -1 12 0.0599995
      vertex -1 12.25 0.0799999
      vertex -1 12.25 0.0599995
    endloop
  endfacet
  facet normal -1 -0 0
    outer loop
      vertex -1 12.25 0.0799999
      vertex -1 12 0.0599995
      vertex -1 12 0.0799999
    endloop
  endfacet
  facet normal 0 1 -0
    outer loop
      vertex 1.5 12.25 0.0599995
      vertex -1 12.25 0.0799999
      vertex 1.5 12.25 0.0799999
    endloop
  endfacet
  facet normal 0 1 0
    outer loop
      vertex -1 12.25 0.0799999
      vertex 1.5 12.25 0.0599995
      vertex -1 12.25 0.0599995
    endloop
  endfacet
  facet normal 0 -1 0
    outer loop
      vertex -1 12 0.0599995
      vertex 1.5 12 0.0799999
      vertex -1 12 0.0799999
    endloop
  endfacet
  facet normal 0 -1 -0
    outer loop
      vertex 1.5 12 0.0799999
      vertex -1 12 0.0599995
      vertex 1.5 12 0.0599995
    endloop
  endfacet
  facet normal 1 -0 0
    outer loop
      vertex 5.5 12 0.0799999
      vertex 5.5 12.25 0.0599995
      vertex 5.5 12.25 0.0799999
    endloop
  endfacet
  facet normal 1 0 0
    outer loop
      vertex 5.5 12.25 0.0599995
      vertex 5.5 12 0.0799999
      vertex 5.5 12 0.0599995
    endloop
  endfacet
  facet normal -0 0 1
    outer loop
      vertex 3 12.25 0.0799999
      vertex 5.5 12 0.0799999
      vertex 5.5 12.25 0.0799999
    endloop
  endfacet
  facet normal 0 0 1
    outer loop
      vertex 5.5 12 0.0799999
      vertex 3 12.25 0.0799999
      vertex 3 12 0.0799999
    endloop
  endfacet
  facet normal 0 0 -1
    outer loop
      vertex 3 12 0.0599995
      vertex 5.5 12.25 0.0599995
      vertex 5.5 12 0.0599995
    endloop
  endfacet
  facet normal -0 0 -1
    outer loop
      vertex 5.5 12.25 0.0599995
      vertex 3 12 0.0599995
      vertex 3 12.25 0.0599995
    endloop
  endfacet
  facet normal -1 0 0
    outer loop
      vertex 3 12 0.0599995
      vertex 3 12.25 0.0799999
      vertex 3 12.25 0.0599995
    endloop
  endfacet
  facet normal -1 -0 0
    outer loop
      vertex 3 12.25 0.0799999
      vertex 3 12 0.0599995
      vertex 3 12 0.0799999
    endloop
  endfacet
  facet normal 0 1 -0
    outer loop
      vertex 5.5 12.25 0.0599995
      vertex 3 12.25 0.0799999
      vertex 5.5 12.25 0.0799999
    endloop
  endfacet
  facet normal 0 1 0
    outer loop
      vertex 3 12.25 0.0799999
      vertex 5.5 12.25 0.0599995
      vertex 3 12.25 0.0599995
    endloop
  endfacet
  facet normal 0 -1 0
    outer loop
      vertex 3 12 0.0599995
      vertex 5.5 12 0.0799999
      vertex 3 12 0.0799999
    endloop
  endfacet
  facet normal 0 -1 -0
    outer loop
      vertex 5.5 12 0.0799999
      vertex 3 12 0.0599995
      vertex 5.5 12 0.0599995
    endloop
  endfacet
  facet normal 1 -0 0
    outer loop
      vertex 9.5 12 0.0799999
      vertex 9.5 12.25 0.0599995
      vertex 9.5 12.25 0.0799999
    endloop
  endfacet
  facet normal 1 0 0
    outer loop
      vertex 9.5 12.25 0.0599995
      vertex 9.5 12 0.0799999
      vertex 9.5 12 0.0599995
    endloop
  endfacet
  facet normal -0 0 1
    outer loop
      vertex 7 12.25 0.0799999
      vertex 9.5 12 0.0799999
      vertex 9.5 12.25 0.0799999
    endloop
  endfacet
  facet normal 0 0 1
    outer loop
      vertex 9.5 12 0.0799999
      vertex 7 12.25 0.0799999
      vertex 7 12 0.0799999
    endloop
  endfacet
  facet normal 0 0 -1
    outer loop
      vertex 7 12 0.0599995
      vertex 9.5 12.25 0.0599995
      vertex 9.5 12 0.0599995
    endloop
  endfacet
  facet normal -0 0 -1
    outer loop
      vertex 9.5 12.25 0.0599995
      vertex 7 12 0.0599995
      vertex 7 12.25 0.0599995
    endloop
  endfacet
  facet normal -1 0 0
    outer loop
      vertex 7 12 0.0599995
      vertex 7 12.25 0.0799999
      vertex 7 12.25 0.0599995
    endloop
  endfacet
  facet normal -1 -0 0
    outer loop
      vertex 7 12.25 0.0799999
      vertex 7 12 0.0599995
      vertex 7 12 0.0799999
    endloop
  endfacet
  facet normal 0 1 -0
    outer loop
      vertex 9.5 12.25 0.0599995
      vertex 7 12.25 0.0799999
      vertex 9.5 12.25 0.0799999
    endloop
  endfacet
  facet normal 0 1 0
    outer loop
      vertex 7 12.25 0.0799999
      vertex 9.5 12.25 0.0599995
      vertex 7 12.25 0.0599995
    endloop
  endfacet
  facet normal 0 -1 0
    outer loop
      vertex 7 12 0.0599995
      vertex 9.5 12 0.0799999
      vertex 7 12 0.0799999
    endloop
  endfacet
  facet normal 0 -1 -0
    outer loop
      vertex 9.5 12 0.0799999
      vertex 7 12 0.0599995
      vertex 9.5 12 0.0599995
    endloop
  endfacet
  facet normal 1 -0 0
    outer loop
      vertex 13.5 12 0.0799999
      vertex 13.5 12.25 0.0599995
      vertex 13.5 12.25 0.0799999
    endloop
  endfacet
  facet normal 1 0 0
    outer loop
      vertex 13.5 12.25 0.0599995
      vertex 13.5 12 0.0799999
      vertex 13.5 12 0.0599995
    endloop
  endfacet
  facet normal -0 0 1
    outer loop
      vertex 11 12.25 0.0799999
      vertex 13.5 12 0.0799999
      vertex 13.5 12.25 0.0799999
    endloop
  endfacet
  facet normal 0 0 1
    outer loop
      vertex 13.5 12 0.0799999
      vertex 11 12.25 0.0799999
      vertex 11 12 0.0799999
    endloop
  endfacet
  facet normal 0 0 -1
    outer loop
      vertex 11 12 0.0599995
      vertex 13.5 12.25 0.0599995
      vertex 13.5 12 0.0599995
    endloop
  endfacet
  facet normal -0 0 -1
    outer loop
      vertex 13.5 12.25 0.0599995
      vertex 11 12 0.0599995
      vertex 11 12.25 0.0599995
    endloop
  endfacet
  facet normal -1 0 0
    outer loop
      vertex 11 12 0.0599995
      vertex 11 12.25 0.0799999
      vertex 11 12.25 0.0599995
    endloop
  endfacet
  facet normal -1 -0 0
    outer loop
      vertex 11 12.25 0.0799999
      vertex 11 12 0.0599995
      vertex 11 12 0.0799999
    endloop
  endfacet
  facet normal 0 1 -0
    outer loop
      vertex 13.5 12.25 0.0599995
      vertex 11 12.25 0.0799999
      vertex 13.5 12.25 0.0799999
    endloop
  endfacet
  facet normal 0 1 0
    outer loop
      vertex 11 12.25 0.0799999
      vertex 13.5 12.25 0.0599995
      vertex 11 12.25 0.0599995
    endloop
  endfacet
  facet normal 0 -1 0
    outer loop
      vertex 11 12 0.0599995
      vertex 13.5 12 0.0799999
      vertex 11 12 0.0799999
    endloop
  endfacet
  facet normal 0 -1 -0
    outer loop
      vertex 13.5 12 0.0799999
      vertex 11 12 0.0599995
      vertex 13.5 12 0.0599995
    endloop
  endfacet
  facet normal 1 -0 0
    outer loop
      vertex 17.5 12 0.0799999
      vertex 17.5 12.25 0.0599995
      vertex 17.5 12.25 0.0799999
    endloop
  endfacet
  facet normal 1 0 0
    outer loop
      vertex 17.5 12.25 0.0599995
      vertex 17.5 12 0.0799999
      vertex 17.5 12 0.0599995
    endloop
  endfacet
  facet normal -0 0 1
    outer loop
      vertex 15 12.25 0.0799999
      vertex 17.5 12 0.0799999
      vertex 17.5 12.25 0.0799999
    endloop
  endfacet
  facet normal 0 0 1
    outer loop
      vertex 17.5 12 0.0799999
      vertex 15 12.25 0.0799999
      vertex 15 12 0.0799999
    endloop
  endfacet
  facet normal 0 0 -1
    outer loop
      vertex 15 12 0.0599995
      vertex 17.5 12.25 0.0599995
      vertex 17.5 12 0.0599995
    endloop
  endfacet
  facet normal -0 0 -1
    outer loop
      vertex 17.5 12.25 0.0599995
      vertex 15 12 0.0599995
      vertex 15 12.25 0.0599995
    endloop
  endfacet
  facet normal -1 0 0
    outer loop
      vertex 15 12 0.0599995
      vertex 15 12.25 0.0799999
      vertex 15 12.25 0.0599995
    endloop
  endfacet
  facet normal -1 -0 0
    outer loop
      vertex 15 12.25 0.0799999
      vertex 15 12 0.0599995
      vertex 15 12 0.0799999
    endloop
  endfacet
  facet normal 0 1 -0
    outer loop
      vertex 17.5 12.25 0.0599995
      vertex 15 12.25 0.0799999
      vertex 17.5 12.25 0.0799999
    endloop
  endfacet
  facet normal 0 1 0
    outer loop
      vertex 15 12.25 0.0799999
      vertex 17.5 12.25 0.0599995
      vertex 15 12.25 0.0599995
    endloop
  endfacet
  facet normal 0 -1 0
    outer loop
      vertex 15 12 0.0599995
      vertex 17.5 12 0.0799999
      vertex 15 12 0.0799999
    endloop
  endfacet
  facet normal 0 -1 -0
    outer loop
      vertex 17.5 12 0.0799999
      vertex 15 12 0.0599995
      vertex 17.5 12 0.0599995
    endloop
  endfacet
  facet normal 1 -0 0
    outer loop
      vertex 21.5 12 0.0799999
      vertex 21.5 12.25 0.0599995
      vertex 21.5 12.25 0.0799999
    endloop
  endfacet
  facet normal 1 0 0
    outer loop
      vertex 21.5 12.25 0.0599995
      vertex 21.5 12 0.0799999
      vertex 21.5 12 0.0599995
    endloop
  endfacet
  facet normal -0 0 1
    outer loop
      vertex 19 12.25 0.0799999
      vertex 21.5 12 0.0799999
      vertex 21.5 12.25 0.0799999
    endloop
  endfacet
  facet normal 0 0 1
    outer loop
      vertex 21.5 12 0.0799999
      vertex 19 12.25 0.0799999
      vertex 19 12 0.0799999
    endloop
  endfacet
  facet normal 0 0 -1
    outer loop
      vertex 19 12 0.0599995
      vertex 21.5 12.25 0.0599995
      vertex 21.5 12 0.0599995
    endloop
  endfacet
  facet normal -0 0 -1
    outer loop
      vertex 21.5 12.25 0.0599995
      vertex 19 12 0.0599995
      vertex 19 12.25 0.0599995
    endloop
  endfacet
  facet normal -1 0 0
    outer loop
      vertex 19 12 0.0599995
      vertex 19 12.25 0.0799999
      vertex 19 12.25 0.0599995
    endloop
  endfacet
  facet normal -1 -0 0
    outer loop
      vertex 19 12.25 0.0799999
      vertex 19 12 0.0599995
      vertex 19 12 0.0799999
    endloop
  endfacet
  facet normal 0 1 -0
    outer loop
      vertex 21.5 12.25 0.0599995
      vertex 19 12.25 0.0799999
      vertex 21.5 12.25 0.0799999
    endloop
  endfacet
  facet normal 0 1 0
    outer loop
      vertex 19 12.25 0.0799999
      vertex 21.5 12.25 0.0599995
      vertex 19 12.25 0.0599995
    endloop
  endfacet
  facet normal 0 -1 0
    outer loop
      vertex 19 12 0.0599995
      vertex 21.5 12 0.0799999
      vertex 19 12 0.0799999
    endloop
  endfacet
  facet normal 0 -1 -0
    outer loop
      vertex 21.5 12 0.0799999
      vertex 19 12 0.0599995
      vertex 21.5 12 0.0599995
    endloop
  endfacet
  facet normal 1 -0 0
    outer loop
      vertex 25.5 12 0.0799999
      vertex 25.5 12.25 0.0599995
      vertex 25.5 12.25 0.0799999
    endloop
  endfacet
  facet normal 1 0 0
    outer loop
      vertex 25.5 12.25 0.0599995
      vertex 25.5 12 0.0799999
      vertex 25.5 12 0.0599995
    endloop
  endfacet
  facet normal -0 0 1
    outer loop
      vertex 23 12.25 0.0799999
      vertex 25.5 12 0.0799999
      vertex 25.5 12.25 0.0799999
    endloop
  endfacet
  facet normal 0 0 1
    outer loop
      vertex 25.5 12 0.0799999
      vertex 23 12.25 0.0799999
      vertex 23 12 0.0799999
    endloop
  endfacet
  facet normal 0 0 -1
    outer loop
      vertex 23 12 0.0599995
      vertex 25.5 12.25 0.0599995
      vertex 25.5 12 0.0599995
    endloop
  endfacet
  facet normal -0 0 -1
    outer loop
      vertex 25.5 12.25 0.0599995
      vertex 23 12 0.0599995
      vertex 23 12.25 0.0599995
    endloop
  endfacet
  facet normal -1 0 0
    outer loop
      vertex 23 12 0.0599995
      vertex 23 12.25 0.0799999
      vertex 23 12.25 0.0599995
    endloop
  endfacet
  facet normal -1 -0 0
    outer loop
      vertex 23 12.25 0.0799999
      vertex 23 12 0.0599995
      vertex 23 12 0.0799999
    endloop
  endfacet
  facet normal 0 1 -0
    outer loop
      vertex 25.5 12.25 0.0599995
      vertex 23 12.25 0.0799999
      vertex 25.5 12.25 0.0799999
    endloop
  endfacet
  facet normal 0 1 0
    outer loop
      vertex 23 12.25 0.0799999
      vertex 25.5 12.25 0.0599995
      vertex 23 12.25 0.0599995
    endloop
  endfacet
  facet normal 0 -1 0
    outer loop
      vertex 23 12 0.0599995
      vertex 25.5 12 0.0799999
      vertex 23 12 0.0799999
    endloop
  endfacet
  facet normal 0 -1 -0
    outer loop
      vertex 25.5 12 0.0799999
      vertex 23 12 0.0599995
      vertex 25.5 12 0.0599995
    endloop
  endfacet
  facet normal 1 -0 0
    outer loop
      vertex 29.5 12 0.0799999
      vertex 29.5 12.25 0.0599995
      vertex 29.5 12.25 0.0799999
    endloop
  endfacet
  facet normal 1 0 0
    outer loop
      vertex 29.5 12.25 0.0599995
      vertex 29.5 12 0.0799999
      vertex 29.5 12 0.0599995
    endloop
  endfacet
  facet normal -0 0 1
    outer loop
      vertex 27 12.25 0.0799999
      vertex 29.5 12 0.0799999
      vertex 29.5 12.25 0.0799999
    endloop
  endfacet
  facet normal 0 0 1
    outer loop
      vertex 29.5 12 0.0799999
      vertex 27 12.25 0.0799999
      vertex 27 12 0.0799999
    endloop
  endfacet
  facet normal 0 0 -1
    outer loop
      vertex 27 12 0.0599995
      vertex 29.5 12.25 0.0599995
      vertex 29.5 12 0.0599995
    endloop
  endfacet
  facet normal -0 0 -1
    outer loop
      vertex 29.5 12.25 0.0599995
      vertex 27 12 0.0599995
      vertex 27 12.25 0.0599995
    endloop
  endfacet
  facet normal -1 0 0
    outer loop
      vertex 27 12 0.0599995
      vertex 27 12.25 0.0799999
      vertex 27 12.25 0.0599995
    endloop
  endfacet
  facet normal -1 -0 0
    outer loop
      vertex 27 12.25 0.0799999
      vertex 27 12 0.0599995
      vertex 27 12 0.0799999
    endloop
  endfacet
  facet normal 0 1 -0
    outer loop
      vertex 29.5 12.25 0.0599995
      vertex 27 12.25 0.0799999
      vertex 29.5 12.25 0.0799999
    endloop
  endfacet
  facet normal 0 1 0
    outer loop
      vertex 27 12.25 0.0799999
      vertex 29.5 12.25 0.0599995
      vertex 27 12.25 0.0599995
    endloop
  endfacet
  facet normal 0 -1 0
    outer loop
      vertex 27 12 0.0599995
      vertex 29.5 12 0.0799999
      vertex 27 12 0.0799999
    endloop
  endfacet
  facet normal 0 -1 -0
    outer loop
      vertex 29.5 12 0.0799999
      vertex 27 12 0.0599995
      vertex 29.5 12 0.0599995
    endloop
  endfacet
  facet normal 1 -0 0
    outer loop
      vertex 33.5 12 0.0799999
      vertex 33.5 12.25 0.0599995
      vertex 33.5 12.25 0.0799999
    endloop
  endfacet
  facet normal 1 0 0
    outer loop
      vertex 33.5 12.25 0.0599995
      vertex 33.5 12 0.0799999
      vertex 33.5 12 0.0599995
    endloop
  endfacet
  facet normal -0 0 1
    outer loop
      vertex 31 12.25 0.0799999
      vertex 33.5 12 0.0799999
      vertex 33.5 12.25 0.0799999
    endloop
  endfacet
  facet normal 0 0 1
    outer loop
      vertex 33.5 12 0.0799999
      vertex 31 12.25 0.0799999
      vertex 31 12 0.0799999
    endloop
  endfacet
  facet normal 0 0 -1
    outer loop
      vertex 31 12 0.0599995
      vertex 33.5 12.25 0.0599995
      vertex 33.5 12 0.0599995
    endloop
  endfacet
  facet normal -0 0 -1
    outer loop
      vertex 33.5 12.25 0.0599995
      vertex 31 12 0.0599995
      vertex 31 12.25 0.0599995
    endloop
  endfacet
  facet normal -1 0 0
    outer loop
      vertex 31 12 0.0599995
      vertex 31 12.25 0.0799999
      vertex 31 12.25 0.0599995
    endloop
  endfacet
  facet normal -1 -0 0
    outer loop
      vertex 31 12.25 0.0799999
      vertex 31 12 0.0599995
      vertex 31 12 0.0799999
    endloop
  endfacet
  facet normal 0 1 -0
    outer loop
      vertex 33.5 12.25 0.0599995
      vertex 31 12.25 0.0799999
      vertex 33.5 12.25 0.0799999
    endloop
  endfacet
  facet normal 0 1 0
    outer loop
      vertex 31 12.25 0.0799999
      vertex 33.5 12.25 0.0599995
      vertex 31 12.25 0.0599995
    endloop
  endfacet
  facet normal 0 -1 0
    outer loop
      vertex 31 12 0.0599995
      vertex 33.5 12 0.0799999
      vertex 31 12 0.0799999
    endloop
  endfacet
  facet normal 0 -1 -0
    outer loop
      vertex 33.5 12 0.0799999
      vertex 31 12 0.0599995
      vertex 33.5 12 0.0599995
    endloop
  endfacet
  facet normal -0 0 1
    outer loop
      vertex -35 16 1
      vertex -9 -16 1
      vertex -9 16 1
    endloop
  endfacet
  facet normal 0 0 1
    outer loop
      vertex -9 -16 1
      vertex -35 16 1
      vertex -35 -16 1
    endloop
  endfacet
  facet normal 0 0 -1
    outer loop
      vertex -35 -16 0
      vertex -9 -9 0
      vertex -9 -16 0
    endloop
  endfacet
  facet normal 0 0 -1
    outer loop
      vertex -35 9 0
      vertex -9 -9 0
      vertex -35 -16 0
    endloop
  endfacet
  facet normal 0 0 -1
    outer loop
      vertex -9 -9 0
      vertex -35 9 0
      vertex -9 9 0
    endloop
  endfacet
  facet normal 0 0 -1
    outer loop
      vertex -35 15 0
      vertex -9 16 0
      vertex -9 15 0
    endloop
  endfacet
  facet normal -0 0 -1
    outer loop
      vertex -9 16 0
      vertex -35 15 0
      vertex -35 16 0
    endloop
  endfacet
  facet normal -1 0 0
    outer loop
      vertex -35 15 -0.0999994
      vertex -35 9 -0.0999994
      vertex -35 15 0
    endloop
  endfacet
  facet normal -1 0 0
    outer loop
      vertex -35 15 0
      vertex -35 16 1
      vertex -35 16 0
    endloop
  endfacet
  facet normal -1 0 0
    outer loop
      vertex -35 9 0
      vertex -35 15 0
      vertex -35 9 -0.0999994
    endloop
  endfacet
  facet normal -1 0 0
    outer loop
      vertex -35 15 0
      vertex -35 9 0
      vertex -35 16 1
    endloop
  endfacet
  facet normal -1 0 0
    outer loop
      vertex -35 -16 1
      vertex -35 9 0
      vertex -35 -16 0
    endloop
  endfacet
  facet normal -1 0 0
    outer loop
      vertex -35 9 0
      vertex -35 -16 1
      vertex -35 16 1
    endloop
  endfacet
  facet normal 0 1 -0
    outer loop
      vertex -9 16 0
      vertex -35 16 1
      vertex -9 16 1
    endloop
  endfacet
  facet normal 0 1 0
    outer loop
      vertex -35 16 1
      vertex -9 16 0
      vertex -35 16 0
    endloop
  endfacet
  facet normal 0 -1 0
    outer loop
      vertex -35 -16 0
      vertex -9 -16 1
      vertex -35 -16 1
    endloop
  endfacet
  facet normal 0 -1 -0
    outer loop
      vertex -9 -16 1
      vertex -35 -16 0
      vertex -9 -16 0
    endloop
  endfacet
  facet normal 1 -0 0
    outer loop
      vertex 35 9 0.0499992
      vertex 35 15 -0.0999994
      vertex 35 15 0.0499992
    endloop
  endfacet
  facet normal 1 0 0
    outer loop
      vertex 35 15 -0.0999994
      vertex 35 9 0.0499992
      vertex 35 9 -0.0999994
    endloop
  endfacet
  facet normal -0 0 1
    outer loop
      vertex -9 15 0.0499992
      vertex 35 9 0.0499992
      vertex 35 15 0.0499992
    endloop
  endfacet
  facet normal 0 0 1
    outer loop
      vertex 35 9 0.0499992
      vertex -9 15 0.0499992
      vertex -9 9 0.0499992
    endloop
  endfacet
  facet normal 0 0 -1
    outer loop
      vertex 9 9 -0.0999994
      vertex 35 15 -0.0999994
      vertex 35 9 -0.0999994
    endloop
  endfacet
  facet normal 0 0 -1
    outer loop
      vertex -9 9 -0.0999994
      vertex 35 15 -0.0999994
      vertex 9 9 -0.0999994
    endloop
  endfacet
  facet normal 0 0 -1
    outer loop
      vertex -35 15 -0.0999994
      vertex -9 9 -0.0999994
      vertex -35 9 -0.0999994
    endloop
  endfacet
  facet normal 0 0 -1
    outer loop
      vertex -9 9 -0.0999994
      vertex -35 15 -0.0999994
      vertex 35 15 -0.0999994
    endloop
  endfacet
  facet normal 0 1 0
    outer loop
      vertex 35 15 0.0499992
      vertex -9 15 0
      vertex -9 15 0.0499992
    endloop
  endfacet
  facet normal 0 1 -0
    outer loop
      vertex 35 15 -0.0999994
      vertex -9 15 0
      vertex 35 15 0.0499992
    endloop
  endfacet
  facet normal 0 1 0
    outer loop
      vertex -35 15 -0.0999994
      vertex -9 15 0
      vertex 35 15 -0.0999994
    endloop
  endfacet
  facet normal 0 1 0
    outer loop
      vertex -9 15 0
      vertex -35 15 -0.0999994
      vertex -35 15 0
    endloop
  endfacet
  facet normal 0 1 -0
    outer loop
      vertex 9 9 -1
      vertex -9 9 -0.0999994
      vertex 9 9 -0.0999994
    endloop
  endfacet
  facet normal 0 1 0
    outer loop
      vertex -9 9 -0.0999994
      vertex 9 9 -1
      vertex -9 9 -1
    endloop
  endfacet
  facet normal 0 -1 0
    outer loop
      vertex 9 9 0
      vertex -9 9 0.0499992
      vertex -9 9 0
    endloop
  endfacet
  facet normal 0 -1 0
    outer loop
      vertex -9 9 0.0499992
      vertex 9 9 0
      vertex 35 9 0.0499992
    endloop
  endfacet
  facet normal 0 -1 0
    outer loop
      vertex 9 9 -0.0999994
      vertex 35 9 0.0499992
      vertex 9 9 0
    endloop
  endfacet
  facet normal 0 -1 -0
    outer loop
      vertex 35 9 0.0499992
      vertex 9 9 -0.0999994
      vertex 35 9 -0.0999994
    endloop
  endfacet
  facet normal 0 -1 0
    outer loop
      vertex -35 9 -0.0999994
      vertex -9 9 0
      vertex -35 9 0
    endloop
  endfacet
  facet normal 0 -1 -0
    outer loop
      vertex -9 9 0
      vertex -35 9 -0.0999994
      vertex -9 9 -0.0999994
    endloop
  endfacet
  facet normal 0 0 1
    outer loop
      vertex -1.51764 -1.50943 0
      vertex -4.48236 -1.50943 0
      vertex -1.51663 -1.51111 0
    endloop
  endfacet
  facet normal 0 0 1
    outer loop
      vertex -1.51414 -4.48586 0
      vertex -4.4801 -4.49804 0
      vertex -4.48 -4.5 0
    endloop
  endfacet
  facet normal 0 0 1
    outer loop
      vertex -4.48337 -1.51111 0
      vertex -1.51663 -1.51111 0
      vertex -4.48236 -1.50943 0
    endloop
  endfacet
  facet normal 0 0 1
    outer loop
      vertex -1.51414 -4.48586 0
      vertex -4.48038 -4.4961 0
      vertex -4.4801 -4.49804 0
    endloop
  endfacet
  facet normal 0 0 1
    outer loop
      vertex -1.51663 -1.51111 0
      vertex -4.48337 -1.51111 0
      vertex -1.51546 -1.51269 0
    endloop
  endfacet
  facet normal 0 0 1
    outer loop
      vertex -1.51414 -4.48586 0
      vertex -4.48086 -4.49419 0
      vertex -4.48038 -4.4961 0
    endloop
  endfacet
  facet normal 0 0 1
    outer loop
      vertex -4.48454 -1.51269 0
      vertex -1.51546 -1.51269 0
      vertex -4.48337 -1.51111 0
    endloop
  endfacet
  facet normal 0 0 1
    outer loop
      vertex -1.51414 -4.48586 0
      vertex -4.48152 -4.49235 0
      vertex -4.48086 -4.49419 0
    endloop
  endfacet
  facet normal 0 0 1
    outer loop
      vertex -1.51546 -1.51269 0
      vertex -4.48454 -1.51269 0
      vertex -1.51414 -1.51414 0
    endloop
  endfacet
  facet normal 0 0 1
    outer loop
      vertex -1.51414 -4.48586 0
      vertex -4.48236 -4.49057 0
      vertex -4.48152 -4.49235 0
    endloop
  endfacet
  facet normal 0 0 1
    outer loop
      vertex -4.48586 -1.51414 0
      vertex -1.51414 -1.51414 0
      vertex -4.48454 -1.51269 0
    endloop
  endfacet
  facet normal 0 0 1
    outer loop
      vertex -1.51414 -4.48586 0
      vertex -4.48337 -4.48889 0
      vertex -4.48236 -4.49057 0
    endloop
  endfacet
  facet normal 0 0 1
    outer loop
      vertex -1.51414 -1.51414 0
      vertex -4.48586 -1.51414 0
      vertex -1.51414 -4.48586 0
    endloop
  endfacet
  facet normal 0 0 1
    outer loop
      vertex -1.51414 -4.48586 0
      vertex -4.48454 -4.48731 0
      vertex -4.48337 -4.48889 0
    endloop
  endfacet
  facet normal 0 0 1
    outer loop
      vertex -4.48586 -4.48586 0
      vertex -1.51414 -4.48586 0
      vertex -4.48586 -1.51414 0
    endloop
  endfacet
  facet normal 0 0 1
    outer loop
      vertex -1.51414 -4.48586 0
      vertex -4.48586 -4.48586 0
      vertex -4.48454 -4.48731 0
    endloop
  endfacet
  facet normal -0 0 1
    outer loop
      vertex -4.48731 -1.51546 0
      vertex -4.48586 -4.48586 0
      vertex -4.48586 -1.51414 0
    endloop
  endfacet
  facet normal 0 0 1
    outer loop
      vertex -4.48731 -1.51546 0
      vertex -4.48731 -4.48454 0
      vertex -4.48586 -4.48586 0
    endloop
  endfacet
  facet normal -0 0 1
    outer loop
      vertex -4.48889 -1.51663 0
      vertex -4.48731 -4.48454 0
      vertex -4.48731 -1.51546 0
    endloop
  endfacet
  facet normal 0 0 1
    outer loop
      vertex -4.48889 -1.51663 0
      vertex -4.48889 -4.48337 0
      vertex -4.48731 -4.48454 0
    endloop
  endfacet
  facet normal -0 0 1
    outer loop
      vertex -4.49057 -1.51764 0
      vertex -4.48889 -4.48337 0
      vertex -4.48889 -1.51663 0
    endloop
  endfacet
  facet normal 0 0 1
    outer loop
      vertex -4.49057 -1.51764 0
      vertex -4.49057 -4.48236 0
      vertex -4.48889 -4.48337 0
    endloop
  endfacet
  facet normal -0 0 1
    outer loop
      vertex -4.49235 -1.51848 0
      vertex -4.49057 -4.48236 0
      vertex -4.49057 -1.51764 0
    endloop
  endfacet
  facet normal 0 0 1
    outer loop
      vertex -4.49235 -1.51848 0
      vertex -4.49235 -4.48152 0
      vertex -4.49057 -4.48236 0
    endloop
  endfacet
  facet normal -0 0 1
    outer loop
      vertex -4.49419 -1.51914 0
      vertex -4.49235 -4.48152 0
      vertex -4.49235 -1.51848 0
    endloop
  endfacet
  facet normal 0 0 1
    outer loop
      vertex -4.49419 -1.51914 0
      vertex -4.49419 -4.48086 0
      vertex -4.49235 -4.48152 0
    endloop
  endfacet
  facet normal -0 0 1
    outer loop
      vertex -4.4961 -1.51962 0
      vertex -4.49419 -4.48086 0
      vertex -4.49419 -1.51914 0
    endloop
  endfacet
  facet normal 0 0 1
    outer loop
      vertex -4.4961 -1.51962 0
      vertex -4.4961 -4.48038 0
      vertex -4.49419 -4.48086 0
    endloop
  endfacet
  facet normal -0 0 1
    outer loop
      vertex -4.49804 -1.5199 0
      vertex -4.4961 -4.48038 0
      vertex -4.4961 -1.51962 0
    endloop
  endfacet
  facet normal 0 0 1
    outer loop
      vertex -4.49804 -1.5199 0
      vertex -4.49804 -4.4801 0
      vertex -4.4961 -4.48038 0
    endloop
  endfacet
  facet normal -0 0 1
    outer loop
      vertex -4.5 -1.52 0
      vertex -4.49804 -4.4801 0
      vertex -4.49804 -1.5199 0
    endloop
  endfacet
  facet normal 0 0 1
    outer loop
      vertex -4.5 -1.52 0
      vertex -4.5 -4.48 0
      vertex -4.49804 -4.4801 0
    endloop
  endfacet
  facet normal 0 0 1
    outer loop
      vertex -4.50196 -1.5199 0
      vertex -4.5 -4.48 0
      vertex -4.5 -1.52 0
    endloop
  endfacet
  facet normal 0 0 1
    outer loop
      vertex -4.50196 -1.5199 0
      vertex -4.50196 -4.4801 0
      vertex -4.5 -4.48 0
    endloop
  endfacet
  facet normal 0 0 1
    outer loop
      vertex -4.5039 -1.51962 0
      vertex -4.50196 -4.4801 0
      vertex -4.50196 -1.5199 0
    endloop
  endfacet
  facet normal 0 0 1
    outer loop
      vertex -4.5039 -1.51962 0
      vertex -4.5039 -4.48038 0
      vertex -4.50196 -4.4801 0
    endloop
  endfacet
  facet normal 0 0 1
    outer loop
      vertex -4.50581 -1.51914 0
      vertex -4.5039 -4.48038 0
      vertex -4.5039 -1.51962 0
    endloop
  endfacet
  facet normal 0 0 1
    outer loop
      vertex -4.50581 -1.51914 0
      vertex -4.50581 -4.48086 0
      vertex -4.5039 -4.48038 0
    endloop
  endfacet
  facet normal 0 0 1
    outer loop
      vertex -4.50765 -1.51848 0
      vertex -4.50581 -4.48086 0
      vertex -4.50581 -1.51914 0
    endloop
  endfacet
  facet normal 0 0 1
    outer loop
      vertex -4.50765 -1.51848 0
      vertex -4.50765 -4.48152 0
      vertex -4.50581 -4.48086 0
    endloop
  endfacet
  facet normal 0 0 1
    outer loop
      vertex -4.50943 -1.51764 0
      vertex -4.50765 -4.48152 0
      vertex -4.50765 -1.51848 0
    endloop
  endfacet
  facet normal 0 0 1
    outer loop
      vertex -4.50943 -1.51764 0
      vertex -4.50943 -4.48236 0
      vertex -4.50765 -4.48152 0
    endloop
  endfacet
  facet normal 0 0 1
    outer loop
      vertex -4.51111 -1.51663 0
      vertex -4.50943 -4.48236 0
      vertex -4.50943 -1.51764 0
    endloop
  endfacet
  facet normal 0 0 1
    outer loop
      vertex -4.51111 -1.51663 0
      vertex -4.51111 -4.48337 0
      vertex -4.50943 -4.48236 0
    endloop
  endfacet
  facet normal 0 0 1
    outer loop
      vertex -4.51269 -1.51546 0
      vertex -4.51111 -4.48337 0
      vertex -4.51111 -1.51663 0
    endloop
  endfacet
  facet normal 0 0 1
    outer loop
      vertex -4.51269 -1.51546 0
      vertex -4.51269 -4.48454 0
      vertex -4.51111 -4.48337 0
    endloop
  endfacet
  facet normal 0 0 1
    outer loop
      vertex -4.51414 -1.51414 0
      vertex -4.51269 -4.48454 0
      vertex -4.51269 -1.51546 0
    endloop
  endfacet
  facet normal 0 0 1
    outer loop
      vertex -4.51414 -1.51414 0
      vertex -4.51414 -4.48586 0
      vertex -4.51269 -4.48454 0
    endloop
  endfacet
  facet normal 0 0 1
    outer loop
      vertex -4.51546 -1.51269 0
      vertex -4.51414 -4.48586 0
      vertex -4.51414 -1.51414 0
    endloop
  endfacet
  facet normal 0 0 1
    outer loop
      vertex -4.51546 -1.51269 0
      vertex -4.51546 -4.48731 0
      vertex -4.51414 -4.48586 0
    endloop
  endfacet
  facet normal 0 0 1
    outer loop
      vertex -4.51663 -1.51111 0
      vertex -4.51546 -4.48731 0
      vertex -4.51546 -1.51269 0
    endloop
  endfacet
  facet normal 0 0 1
    outer loop
      vertex -4.51663 -1.51111 0
      vertex -4.51663 -4.48889 0
      vertex -4.51546 -4.48731 0
    endloop
  endfacet
  facet normal 0 0 1
    outer loop
      vertex -4.51764 -1.50943 0
      vertex -4.51663 -4.48889 0
      vertex -4.51663 -1.51111 0
    endloop
  endfacet
  facet normal 0 0 1
    outer loop
      vertex -4.51764 -1.50943 0
      vertex -4.51764 -4.49057 0
      vertex -4.51663 -4.48889 0
    endloop
  endfacet
  facet normal 0 0 1
    outer loop
      vertex -4.51848 -1.50765 0
      vertex -4.51764 -4.49057 0
      vertex -4.51764 -1.50943 0
    endloop
  endfacet
  facet normal 0 0 1
    outer loop
      vertex -4.51848 -1.50765 0
      vertex -4.51848 -4.49235 0
      vertex -4.51764 -4.49057 0
    endloop
  endfacet
  facet normal 0 0 1
    outer loop
      vertex -4.51914 -1.50581 0
      vertex -4.51848 -4.49235 0
      vertex -4.51848 -1.50765 0
    endloop
  endfacet
  facet normal 0 0 1
    outer loop
      vertex -4.51914 -1.50581 0
      vertex -4.51914 -4.49419 0
      vertex -4.51848 -4.49235 0
    endloop
  endfacet
  facet normal 0 0 1
    outer loop
      vertex -4.51962 -1.5039 0
      vertex -4.51914 -4.49419 0
      vertex -4.51914 -1.50581 0
    endloop
  endfacet
  facet normal 0 0 1
    outer loop
      vertex -4.51962 -1.5039 0
      vertex -4.51962 -4.4961 0
      vertex -4.51914 -4.49419 0
    endloop
  endfacet
  facet normal 0 0 1
    outer loop
      vertex -9 -9 0
      vertex -4.51962 -1.5039 0
      vertex -4.5199 -1.50196 0
    endloop
  endfacet
  facet normal 0 0 1
    outer loop
      vertex -4.51962 -1.5039 0
      vertex -9 -9 0
      vertex -4.51962 -4.4961 0
    endloop
  endfacet
  facet normal 0 0 1
    outer loop
      vertex -9 -9 0
      vertex -4.5199 -1.50196 0
      vertex -4.52 -1.5 0
    endloop
  endfacet
  facet normal 0 0 1
    outer loop
      vertex -4.51962 -4.4961 0
      vertex -9 -9 0
      vertex -4.5199 -4.49804 0
    endloop
  endfacet
  facet normal 0 0 1
    outer loop
      vertex -1.51764 1.49057 0
      vertex -4.48236 1.49057 0
      vertex -1.51663 1.48889 0
    endloop
  endfacet
  facet normal 0 0 1
    outer loop
      vertex -1.51414 -1.48586 0
      vertex -4.4801 -1.49804 0
      vertex -4.48 -1.5 0
    endloop
  endfacet
  facet normal 0 0 1
    outer loop
      vertex -4.48337 1.48889 0
      vertex -1.51663 1.48889 0
      vertex -4.48236 1.49057 0
    endloop
  endfacet
  facet normal 0 0 1
    outer loop
      vertex -1.51414 -1.48586 0
      vertex -4.48038 -1.4961 0
      vertex -4.4801 -1.49804 0
    endloop
  endfacet
  facet normal 0 0 1
    outer loop
      vertex -1.51663 1.48889 0
      vertex -4.48337 1.48889 0
      vertex -1.51546 1.48731 0
    endloop
  endfacet
  facet normal 0 0 1
    outer loop
      vertex -1.51414 -1.48586 0
      vertex -4.48086 -1.49419 0
      vertex -4.48038 -1.4961 0
    endloop
  endfacet
  facet normal 0 0 1
    outer loop
      vertex -4.48454 1.48731 0
      vertex -1.51546 1.48731 0
      vertex -4.48337 1.48889 0
    endloop
  endfacet
  facet normal 0 0 1
    outer loop
      vertex -1.51414 -1.48586 0
      vertex -4.48152 -1.49235 0
      vertex -4.48086 -1.49419 0
    endloop
  endfacet
  facet normal 0 0 1
    outer loop
      vertex -1.51546 1.48731 0
      vertex -4.48454 1.48731 0
      vertex -1.51414 1.48586 0
    endloop
  endfacet
  facet normal 0 0 1
    outer loop
      vertex -1.51414 -1.48586 0
      vertex -4.48236 -1.49057 0
      vertex -4.48152 -1.49235 0
    endloop
  endfacet
  facet normal 0 0 1
    outer loop
      vertex -4.48586 1.48586 0
      vertex -1.51414 1.48586 0
      vertex -4.48454 1.48731 0
    endloop
  endfacet
  facet normal 0 0 1
    outer loop
      vertex -1.51414 -1.48586 0
      vertex -4.48337 -1.48889 0
      vertex -4.48236 -1.49057 0
    endloop
  endfacet
  facet normal 0 0 1
    outer loop
      vertex -1.51414 1.48586 0
      vertex -4.48586 1.48586 0
      vertex -1.51414 -1.48586 0
    endloop
  endfacet
  facet normal 0 0 1
    outer loop
      vertex -1.51414 -1.48586 0
      vertex -4.48454 -1.48731 0
      vertex -4.48337 -1.48889 0
    endloop
  endfacet
  facet normal 0 0 1
    outer loop
      vertex -4.48586 -1.48586 0
      vertex -1.51414 -1.48586 0
      vertex -4.48586 1.48586 0
    endloop
  endfacet
  facet normal 0 0 1
    outer loop
      vertex -1.51414 -1.48586 0
      vertex -4.48586 -1.48586 0
      vertex -4.48454 -1.48731 0
    endloop
  endfacet
  facet normal -0 0 1
    outer loop
      vertex -4.48731 1.48454 0
      vertex -4.48586 -1.48586 0
      vertex -4.48586 1.48586 0
    endloop
  endfacet
  facet normal 0 0 1
    outer loop
      vertex -4.48731 1.48454 0
      vertex -4.48731 -1.48454 0
      vertex -4.48586 -1.48586 0
    endloop
  endfacet
  facet normal -0 0 1
    outer loop
      vertex -4.48889 1.48337 0
      vertex -4.48731 -1.48454 0
      vertex -4.48731 1.48454 0
    endloop
  endfacet
  facet normal 0 0 1
    outer loop
      vertex -4.48889 1.48337 0
      vertex -4.48889 -1.48337 0
      vertex -4.48731 -1.48454 0
    endloop
  endfacet
  facet normal -0 0 1
    outer loop
      vertex -4.49057 1.48236 0
      vertex -4.48889 -1.48337 0
      vertex -4.48889 1.48337 0
    endloop
  endfacet
  facet normal 0 0 1
    outer loop
      vertex -4.49057 1.48236 0
      vertex -4.49057 -1.48236 0
      vertex -4.48889 -1.48337 0
    endloop
  endfacet
  facet normal -0 0 1
    outer loop
      vertex -4.49235 1.48152 0
      vertex -4.49057 -1.48236 0
      vertex -4.49057 1.48236 0
    endloop
  endfacet
  facet normal 0 0 1
    outer loop
      vertex -4.49235 1.48152 0
      vertex -4.49235 -1.48152 0
      vertex -4.49057 -1.48236 0
    endloop
  endfacet
  facet normal -0 0 1
    outer loop
      vertex -4.49419 1.48086 0
      vertex -4.49235 -1.48152 0
      vertex -4.49235 1.48152 0
    endloop
  endfacet
  facet normal 0 0 1
    outer loop
      vertex -4.49419 1.48086 0
      vertex -4.49419 -1.48086 0
      vertex -4.49235 -1.48152 0
    endloop
  endfacet
  facet normal -0 0 1
    outer loop
      vertex -4.4961 1.48038 0
      vertex -4.49419 -1.48086 0
      vertex -4.49419 1.48086 0
    endloop
  endfacet
  facet normal 0 0 1
    outer loop
      vertex -4.4961 1.48038 0
      vertex -4.4961 -1.48038 0
      vertex -4.49419 -1.48086 0
    endloop
  endfacet
  facet normal -0 0 1
    outer loop
      vertex -4.49804 1.4801 0
      vertex -4.4961 -1.48038 0
      vertex -4.4961 1.48038 0
    endloop
  endfacet
  facet normal 0 0 1
    outer loop
      vertex -4.49804 1.4801 0
      vertex -4.49804 -1.4801 0
      vertex -4.4961 -1.48038 0
    endloop
  endfacet
  facet normal -0 0 1
    outer loop
      vertex -4.5 1.48 0
      vertex -4.49804 -1.4801 0
      vertex -4.49804 1.4801 0
    endloop
  endfacet
  facet normal 0 0 1
    outer loop
      vertex -4.5 1.48 0
      vertex -4.5 -1.48 0
      vertex -4.49804 -1.4801 0
    endloop
  endfacet
  facet normal 0 0 1
    outer loop
      vertex -4.50196 1.4801 0
      vertex -4.5 -1.48 0
      vertex -4.5 1.48 0
    endloop
  endfacet
  facet normal 0 0 1
    outer loop
      vertex -4.50196 1.4801 0
      vertex -4.50196 -1.4801 0
      vertex -4.5 -1.48 0
    endloop
  endfacet
  facet normal 0 0 1
    outer loop
      vertex -4.5039 1.48038 0
      vertex -4.50196 -1.4801 0
      vertex -4.50196 1.4801 0
    endloop
  endfacet
  facet normal 0 0 1
    outer loop
      vertex -4.5039 1.48038 0
      vertex -4.5039 -1.48038 0
      vertex -4.50196 -1.4801 0
    endloop
  endfacet
  facet normal 0 0 1
    outer loop
      vertex -4.50581 1.48086 0
      vertex -4.5039 -1.48038 0
      vertex -4.5039 1.48038 0
    endloop
  endfacet
  facet normal 0 0 1
    outer loop
      vertex -4.50581 1.48086 0
      vertex -4.50581 -1.48086 0
      vertex -4.5039 -1.48038 0
    endloop
  endfacet
  facet normal 0 0 1
    outer loop
      vertex -4.50765 1.48152 0
      vertex -4.50581 -1.48086 0
      vertex -4.50581 1.48086 0
    endloop
  endfacet
  facet normal 0 0 1
    outer loop
      vertex -4.50765 1.48152 0
      vertex -4.50765 -1.48152 0
      vertex -4.50581 -1.48086 0
    endloop
  endfacet
  facet normal 0 0 1
    outer loop
      vertex -4.50943 1.48236 0
      vertex -4.50765 -1.48152 0
      vertex -4.50765 1.48152 0
    endloop
  endfacet
  facet normal 0 0 1
    outer loop
      vertex -4.50943 1.48236 0
      vertex -4.50943 -1.48236 0
      vertex -4.50765 -1.48152 0
    endloop
  endfacet
  facet normal 0 0 1
    outer loop
      vertex -4.51111 1.48337 0
      vertex -4.50943 -1.48236 0
      vertex -4.50943 1.48236 0
    endloop
  endfacet
  facet normal 0 0 1
    outer loop
      vertex -4.51111 1.48337 0
      vertex -4.51111 -1.48337 0
      vertex -4.50943 -1.48236 0
    endloop
  endfacet
  facet normal 0 0 1
    outer loop
      vertex -4.51269 1.48454 0
      vertex -4.51111 -1.48337 0
      vertex -4.51111 1.48337 0
    endloop
  endfacet
  facet normal 0 0 1
    outer loop
      vertex -4.51269 1.48454 0
      vertex -4.51269 -1.48454 0
      vertex -4.51111 -1.48337 0
    endloop
  endfacet
  facet normal 0 0 1
    outer loop
      vertex -4.51414 1.48586 0
      vertex -4.51269 -1.48454 0
      vertex -4.51269 1.48454 0
    endloop
  endfacet
  facet normal 0 0 1
    outer loop
      vertex -4.51414 1.48586 0
      vertex -4.51414 -1.48586 0
      vertex -4.51269 -1.48454 0
    endloop
  endfacet
  facet normal 0 0 1
    outer loop
      vertex -4.51546 1.48731 0
      vertex -4.51414 -1.48586 0
      vertex -4.51414 1.48586 0
    endloop
  endfacet
  facet normal 0 0 1
    outer loop
      vertex -4.51546 1.48731 0
      vertex -4.51546 -1.48731 0
      vertex -4.51414 -1.48586 0
    endloop
  endfacet
  facet normal 0 0 1
    outer loop
      vertex -4.51663 1.48889 0
      vertex -4.51546 -1.48731 0
      vertex -4.51546 1.48731 0
    endloop
  endfacet
  facet normal 0 0 1
    outer loop
      vertex -4.51663 1.48889 0
      vertex -4.51663 -1.48889 0
      vertex -4.51546 -1.48731 0
    endloop
  endfacet
  facet normal 0 0 1
    outer loop
      vertex -4.51764 1.49057 0
      vertex -4.51663 -1.48889 0
      vertex -4.51663 1.48889 0
    endloop
  endfacet
  facet normal 0 0 1
    outer loop
      vertex -4.51764 1.49057 0
      vertex -4.51764 -1.49057 0
      vertex -4.51663 -1.48889 0
    endloop
  endfacet
  facet normal 0 0 1
    outer loop
      vertex -4.51848 1.49235 0
      vertex -4.51764 -1.49057 0
      vertex -4.51764 1.49057 0
    endloop
  endfacet
  facet normal 0 0 1
    outer loop
      vertex -4.51848 1.49235 0
      vertex -4.51848 -1.49235 0
      vertex -4.51764 -1.49057 0
    endloop
  endfacet
  facet normal 0 0 1
    outer loop
      vertex -4.51914 1.49419 0
      vertex -4.51848 -1.49235 0
      vertex -4.51848 1.49235 0
    endloop
  endfacet
  facet normal 0 0 1
    outer loop
      vertex -4.51914 1.49419 0
      vertex -4.51914 -1.49419 0
      vertex -4.51848 -1.49235 0
    endloop
  endfacet
  facet normal 0 0 1
    outer loop
      vertex -4.51962 1.4961 0
      vertex -4.51914 -1.49419 0
      vertex -4.51914 1.49419 0
    endloop
  endfacet
  facet normal 0 0 1
    outer loop
      vertex -4.51962 1.4961 0
      vertex -4.51962 -1.4961 0
      vertex -4.51914 -1.49419 0
    endloop
  endfacet
  facet normal 0 0 1
    outer loop
      vertex -4.5199 1.49804 0
      vertex -4.51962 -1.4961 0
      vertex -4.51962 1.4961 0
    endloop
  endfacet
  facet normal 0 0 1
    outer loop
      vertex -4.5199 1.49804 0
      vertex -4.5199 -1.49804 0
      vertex -4.51962 -1.4961 0
    endloop
  endfacet
  facet normal 0 0 1
    outer loop
      vertex -9 9 0
      vertex -4.5199 1.49804 0
      vertex -4.52 1.5 0
    endloop
  endfacet
  facet normal 0 0 1
    outer loop
      vertex -4.5199 1.49804 0
      vertex -9 9 0
      vertex -4.5199 -1.49804 0
    endloop
  endfacet
  facet normal 0 0 1
    outer loop
      vertex -4.48236 4.49057 0
      vertex -1.51764 4.49057 0
      vertex -4.48152 4.49235 0
    endloop
  endfacet
  facet normal 0 0 1
    outer loop
      vertex -1.51414 4.48586 0
      vertex -4.4801 1.50196 0
      vertex -4.48 1.5 0
    endloop
  endfacet
  facet normal 0 0 1
    outer loop
      vertex -1.51764 4.49057 0
      vertex -4.48236 4.49057 0
      vertex -1.51663 4.48889 0
    endloop
  endfacet
  facet normal 0 0 1
    outer loop
      vertex -1.51414 4.48586 0
      vertex -4.48038 1.5039 0
      vertex -4.4801 1.50196 0
    endloop
  endfacet
  facet normal 0 0 1
    outer loop
      vertex -4.48337 4.48889 0
      vertex -1.51663 4.48889 0
      vertex -4.48236 4.49057 0
    endloop
  endfacet
  facet normal 0 0 1
    outer loop
      vertex -1.51414 4.48586 0
      vertex -4.48086 1.50581 0
      vertex -4.48038 1.5039 0
    endloop
  endfacet
  facet normal 0 0 1
    outer loop
      vertex -1.51663 4.48889 0
      vertex -4.48337 4.48889 0
      vertex -1.51546 4.48731 0
    endloop
  endfacet
  facet normal 0 0 1
    outer loop
      vertex -1.51414 4.48586 0
      vertex -4.48152 1.50765 0
      vertex -4.48086 1.50581 0
    endloop
  endfacet
  facet normal 0 0 1
    outer loop
      vertex -4.48454 4.48731 0
      vertex -1.51546 4.48731 0
      vertex -4.48337 4.48889 0
    endloop
  endfacet
  facet normal 0 0 1
    outer loop
      vertex -1.51414 4.48586 0
      vertex -4.48236 1.50943 0
      vertex -4.48152 1.50765 0
    endloop
  endfacet
  facet normal 0 0 1
    outer loop
      vertex -1.51546 4.48731 0
      vertex -4.48454 4.48731 0
      vertex -1.51414 4.48586 0
    endloop
  endfacet
  facet normal 0 0 1
    outer loop
      vertex -1.51414 4.48586 0
      vertex -4.48337 1.51111 0
      vertex -4.48236 1.50943 0
    endloop
  endfacet
  facet normal 0 0 1
    outer loop
      vertex -4.48586 4.48586 0
      vertex -1.51414 4.48586 0
      vertex -4.48454 4.48731 0
    endloop
  endfacet
  facet normal 0 0 1
    outer loop
      vertex -1.51414 4.48586 0
      vertex -4.48454 1.51269 0
      vertex -4.48337 1.51111 0
    endloop
  endfacet
  facet normal 0 0 1
    outer loop
      vertex -4.48586 1.51414 0
      vertex -1.51414 4.48586 0
      vertex -4.48586 4.48586 0
    endloop
  endfacet
  facet normal 0 0 1
    outer loop
      vertex -1.51414 4.48586 0
      vertex -4.48586 1.51414 0
      vertex -4.48454 1.51269 0
    endloop
  endfacet
  facet normal -0 0 1
    outer loop
      vertex -4.48731 4.48454 0
      vertex -4.48586 1.51414 0
      vertex -4.48586 4.48586 0
    endloop
  endfacet
  facet normal 0 0 1
    outer loop
      vertex -4.48731 4.48454 0
      vertex -4.48731 1.51546 0
      vertex -4.48586 1.51414 0
    endloop
  endfacet
  facet normal -0 0 1
    outer loop
      vertex -4.48889 4.48337 0
      vertex -4.48731 1.51546 0
      vertex -4.48731 4.48454 0
    endloop
  endfacet
  facet normal 0 0 1
    outer loop
      vertex -4.48889 4.48337 0
      vertex -4.48889 1.51663 0
      vertex -4.48731 1.51546 0
    endloop
  endfacet
  facet normal -0 0 1
    outer loop
      vertex -4.49057 4.48236 0
      vertex -4.48889 1.51663 0
      vertex -4.48889 4.48337 0
    endloop
  endfacet
  facet normal 0 0 1
    outer loop
      vertex -4.49057 4.48236 0
      vertex -4.49057 1.51764 0
      vertex -4.48889 1.51663 0
    endloop
  endfacet
  facet normal -0 0 1
    outer loop
      vertex -4.49235 4.48152 0
      vertex -4.49057 1.51764 0
      vertex -4.49057 4.48236 0
    endloop
  endfacet
  facet normal 0 0 1
    outer loop
      vertex -4.49235 4.48152 0
      vertex -4.49235 1.51848 0
      vertex -4.49057 1.51764 0
    endloop
  endfacet
  facet normal -0 0 1
    outer loop
      vertex -4.49419 4.48086 0
      vertex -4.49235 1.51848 0
      vertex -4.49235 4.48152 0
    endloop
  endfacet
  facet normal 0 0 1
    outer loop
      vertex -4.49419 4.48086 0
      vertex -4.49419 1.51914 0
      vertex -4.49235 1.51848 0
    endloop
  endfacet
  facet normal -0 0 1
    outer loop
      vertex -4.4961 4.48038 0
      vertex -4.49419 1.51914 0
      vertex -4.49419 4.48086 0
    endloop
  endfacet
  facet normal 0 0 1
    outer loop
      vertex -4.4961 4.48038 0
      vertex -4.4961 1.51962 0
      vertex -4.49419 1.51914 0
    endloop
  endfacet
  facet normal -0 0 1
    outer loop
      vertex -4.49804 4.4801 0
      vertex -4.4961 1.51962 0
      vertex -4.4961 4.48038 0
    endloop
  endfacet
  facet normal 0 0 1
    outer loop
      vertex -4.49804 4.4801 0
      vertex -4.49804 1.5199 0
      vertex -4.4961 1.51962 0
    endloop
  endfacet
  facet normal -0 0 1
    outer loop
      vertex -4.5 4.48 0
      vertex -4.49804 1.5199 0
      vertex -4.49804 4.4801 0
    endloop
  endfacet
  facet normal 0 0 1
    outer loop
      vertex -4.5 4.48 0
      vertex -4.5 1.52 0
      vertex -4.49804 1.5199 0
    endloop
  endfacet
  facet normal 0 0 1
    outer loop
      vertex -4.50196 4.4801 0
      vertex -4.5 1.52 0
      vertex -4.5 4.48 0
    endloop
  endfacet
  facet normal 0 0 1
    outer loop
      vertex -4.50196 4.4801 0
      vertex -4.50196 1.5199 0
      vertex -4.5 1.52 0
    endloop
  endfacet
  facet normal 0 0 1
    outer loop
      vertex -4.5039 4.48038 0
      vertex -4.50196 1.5199 0
      vertex -4.50196 4.4801 0
    endloop
  endfacet
  facet normal 0 0 1
    outer loop
      vertex -4.5039 4.48038 0
      vertex -4.5039 1.51962 0
      vertex -4.50196 1.5199 0
    endloop
  endfacet
  facet normal 0 0 1
    outer loop
      vertex -4.50581 4.48086 0
      vertex -4.5039 1.51962 0
      vertex -4.5039 4.48038 0
    endloop
  endfacet
  facet normal 0 0 1
    outer loop
      vertex -4.50581 4.48086 0
      vertex -4.50581 1.51914 0
      vertex -4.5039 1.51962 0
    endloop
  endfacet
  facet normal 0 0 1
    outer loop
      vertex -4.50765 4.48152 0
      vertex -4.50581 1.51914 0
      vertex -4.50581 4.48086 0
    endloop
  endfacet
  facet normal 0 0 1
    outer loop
      vertex -4.50765 4.48152 0
      vertex -4.50765 1.51848 0
      vertex -4.50581 1.51914 0
    endloop
  endfacet
  facet normal 0 0 1
    outer loop
      vertex -4.50943 4.48236 0
      vertex -4.50765 1.51848 0
      vertex -4.50765 4.48152 0
    endloop
  endfacet
  facet normal 0 0 1
    outer loop
      vertex -4.50943 4.48236 0
      vertex -4.50943 1.51764 0
      vertex -4.50765 1.51848 0
    endloop
  endfacet
  facet normal 0 0 1
    outer loop
      vertex -4.51111 4.48337 0
      vertex -4.50943 1.51764 0
      vertex -4.50943 4.48236 0
    endloop
  endfacet
  facet normal 0 0 1
    outer loop
      vertex -4.51111 4.48337 0
      vertex -4.51111 1.51663 0
      vertex -4.50943 1.51764 0
    endloop
  endfacet
  facet normal 0 0 1
    outer loop
      vertex -4.51269 4.48454 0
      vertex -4.51111 1.51663 0
      vertex -4.51111 4.48337 0
    endloop
  endfacet
  facet normal 0 0 1
    outer loop
      vertex -4.51269 4.48454 0
      vertex -4.51269 1.51546 0
      vertex -4.51111 1.51663 0
    endloop
  endfacet
  facet normal 0 0 1
    outer loop
      vertex -4.51414 4.48586 0
      vertex -4.51269 1.51546 0
      vertex -4.51269 4.48454 0
    endloop
  endfacet
  facet normal 0 0 1
    outer loop
      vertex -4.51414 4.48586 0
      vertex -4.51414 1.51414 0
      vertex -4.51269 1.51546 0
    endloop
  endfacet
  facet normal 0 0 1
    outer loop
      vertex -4.51546 4.48731 0
      vertex -4.51414 1.51414 0
      vertex -4.51414 4.48586 0
    endloop
  endfacet
  facet normal 0 0 1
    outer loop
      vertex -4.51546 4.48731 0
      vertex -4.51546 1.51269 0
      vertex -4.51414 1.51414 0
    endloop
  endfacet
  facet normal 0 0 1
    outer loop
      vertex -4.51663 4.48889 0
      vertex -4.51546 1.51269 0
      vertex -4.51546 4.48731 0
    endloop
  endfacet
  facet normal 0 0 1
    outer loop
      vertex -4.51663 4.48889 0
      vertex -4.51663 1.51111 0
      vertex -4.51546 1.51269 0
    endloop
  endfacet
  facet normal 0 0 1
    outer loop
      vertex -4.51764 4.49057 0
      vertex -4.51663 1.51111 0
      vertex -4.51663 4.48889 0
    endloop
  endfacet
  facet normal 0 0 1
    outer loop
      vertex -4.51764 4.49057 0
      vertex -4.51764 1.50943 0
      vertex -4.51663 1.51111 0
    endloop
  endfacet
  facet normal 0 0 1
    outer loop
      vertex -4.51848 4.49235 0
      vertex -4.51764 1.50943 0
      vertex -4.51764 4.49057 0
    endloop
  endfacet
  facet normal 0 0 1
    outer loop
      vertex -4.51848 4.49235 0
      vertex -4.51848 1.50765 0
      vertex -4.51764 1.50943 0
    endloop
  endfacet
  facet normal 0 0 1
    outer loop
      vertex -4.51914 4.49419 0
      vertex -4.51848 1.50765 0
      vertex -4.51848 4.49235 0
    endloop
  endfacet
  facet normal 0 0 1
    outer loop
      vertex -4.51914 4.49419 0
      vertex -4.51914 1.50581 0
      vertex -4.51848 1.50765 0
    endloop
  endfacet
  facet normal 0 0 1
    outer loop
      vertex -4.51962 4.4961 0
      vertex -4.51914 1.50581 0
      vertex -4.51914 4.49419 0
    endloop
  endfacet
  facet normal 0 0 1
    outer loop
      vertex -4.51962 4.4961 0
      vertex -4.51962 1.5039 0
      vertex -4.51914 1.50581 0
    endloop
  endfacet
  facet normal 0 0 1
    outer loop
      vertex -9 9 0
      vertex -4.51962 4.4961 0
      vertex -4.5199 4.49804 0
    endloop
  endfacet
  facet normal 0 0 1
    outer loop
      vertex -4.51962 4.4961 0
      vertex -9 9 0
      vertex -4.51962 1.5039 0
    endloop
  endfacet
  facet normal 0 0 1
    outer loop
      vertex -9 9 0
      vertex -4.5199 4.49804 0
      vertex -4.52 4.5 0
    endloop
  endfacet
  facet normal 0 0 1
    outer loop
      vertex -4.51962 1.5039 0
      vertex -9 9 0
      vertex -4.5199 1.50196 0
    endloop
  endfacet
  facet normal 0 0 1
    outer loop
      vertex 1.48236 -1.50943 0
      vertex -1.48236 -1.50943 0
      vertex 1.48337 -1.51111 0
    endloop
  endfacet
  facet normal 0 0 1
    outer loop
      vertex 1.48586 -4.48586 0
      vertex -1.4801 -4.49804 0
      vertex -1.48 -4.5 0
    endloop
  endfacet
  facet normal 0 0 1
    outer loop
      vertex -1.48337 -1.51111 0
      vertex 1.48337 -1.51111 0
      vertex -1.48236 -1.50943 0
    endloop
  endfacet
  facet normal 0 0 1
    outer loop
      vertex 1.48586 -4.48586 0
      vertex -1.48038 -4.4961 0
      vertex -1.4801 -4.49804 0
    endloop
  endfacet
  facet normal 0 0 1
    outer loop
      vertex 1.48337 -1.51111 0
      vertex -1.48337 -1.51111 0
      vertex 1.48454 -1.51269 0
    endloop
  endfacet
  facet normal 0 0 1
    outer loop
      vertex 1.48586 -4.48586 0
      vertex -1.48086 -4.49419 0
      vertex -1.48038 -4.4961 0
    endloop
  endfacet
  facet normal 0 0 1
    outer loop
      vertex -1.48454 -1.51269 0
      vertex 1.48454 -1.51269 0
      vertex -1.48337 -1.51111 0
    endloop
  endfacet
  facet normal 0 0 1
    outer loop
      vertex 1.48586 -4.48586 0
      vertex -1.48152 -4.49235 0
      vertex -1.48086 -4.49419 0
    endloop
  endfacet
  facet normal 0 0 1
    outer loop
      vertex 1.48454 -1.51269 0
      vertex -1.48454 -1.51269 0
      vertex 1.48586 -1.51414 0
    endloop
  endfacet
  facet normal 0 0 1
    outer loop
      vertex 1.48586 -4.48586 0
      vertex -1.48236 -4.49057 0
      vertex -1.48152 -4.49235 0
    endloop
  endfacet
  facet normal 0 0 1
    outer loop
      vertex -1.48586 -1.51414 0
      vertex 1.48586 -1.51414 0
      vertex -1.48454 -1.51269 0
    endloop
  endfacet
  facet normal 0 0 1
    outer loop
      vertex 1.48586 -4.48586 0
      vertex -1.48337 -4.48889 0
      vertex -1.48236 -4.49057 0
    endloop
  endfacet
  facet normal 0 0 1
    outer loop
      vertex 1.48586 -1.51414 0
      vertex -1.48586 -1.51414 0
      vertex 1.48586 -4.48586 0
    endloop
  endfacet
  facet normal 0 0 1
    outer loop
      vertex 1.48586 -4.48586 0
      vertex -1.48454 -4.48731 0
      vertex -1.48337 -4.48889 0
    endloop
  endfacet
  facet normal 0 0 1
    outer loop
      vertex -1.48586 -4.48586 0
      vertex 1.48586 -4.48586 0
      vertex -1.48586 -1.51414 0
    endloop
  endfacet
  facet normal 0 0 1
    outer loop
      vertex 1.48586 -4.48586 0
      vertex -1.48586 -4.48586 0
      vertex -1.48454 -4.48731 0
    endloop
  endfacet
  facet normal -0 0 1
    outer loop
      vertex -1.48731 -1.51546 0
      vertex -1.48586 -4.48586 0
      vertex -1.48586 -1.51414 0
    endloop
  endfacet
  facet normal 0 0 1
    outer loop
      vertex -1.48731 -1.51546 0
      vertex -1.48731 -4.48454 0
      vertex -1.48586 -4.48586 0
    endloop
  endfacet
  facet normal -0 0 1
    outer loop
      vertex -1.48889 -1.51663 0
      vertex -1.48731 -4.48454 0
      vertex -1.48731 -1.51546 0
    endloop
  endfacet
  facet normal 0 0 1
    outer loop
      vertex -1.48889 -1.51663 0
      vertex -1.48889 -4.48337 0
      vertex -1.48731 -4.48454 0
    endloop
  endfacet
  facet normal -0 0 1
    outer loop
      vertex -1.49057 -1.51764 0
      vertex -1.48889 -4.48337 0
      vertex -1.48889 -1.51663 0
    endloop
  endfacet
  facet normal 0 0 1
    outer loop
      vertex -1.49057 -1.51764 0
      vertex -1.49057 -4.48236 0
      vertex -1.48889 -4.48337 0
    endloop
  endfacet
  facet normal -0 0 1
    outer loop
      vertex -1.49235 -1.51848 0
      vertex -1.49057 -4.48236 0
      vertex -1.49057 -1.51764 0
    endloop
  endfacet
  facet normal 0 0 1
    outer loop
      vertex -1.49235 -1.51848 0
      vertex -1.49235 -4.48152 0
      vertex -1.49057 -4.48236 0
    endloop
  endfacet
  facet normal -0 0 1
    outer loop
      vertex -1.49419 -1.51914 0
      vertex -1.49235 -4.48152 0
      vertex -1.49235 -1.51848 0
    endloop
  endfacet
  facet normal 0 0 1
    outer loop
      vertex -1.49419 -1.51914 0
      vertex -1.49419 -4.48086 0
      vertex -1.49235 -4.48152 0
    endloop
  endfacet
  facet normal -0 0 1
    outer loop
      vertex -1.4961 -1.51962 0
      vertex -1.49419 -4.48086 0
      vertex -1.49419 -1.51914 0
    endloop
  endfacet
  facet normal 0 0 1
    outer loop
      vertex -1.4961 -1.51962 0
      vertex -1.4961 -4.48038 0
      vertex -1.49419 -4.48086 0
    endloop
  endfacet
  facet normal -0 0 1
    outer loop
      vertex -1.49804 -1.5199 0
      vertex -1.4961 -4.48038 0
      vertex -1.4961 -1.51962 0
    endloop
  endfacet
  facet normal 0 0 1
    outer loop
      vertex -1.49804 -1.5199 0
      vertex -1.49804 -4.4801 0
      vertex -1.4961 -4.48038 0
    endloop
  endfacet
  facet normal -0 0 1
    outer loop
      vertex -1.5 -1.52 0
      vertex -1.49804 -4.4801 0
      vertex -1.49804 -1.5199 0
    endloop
  endfacet
  facet normal 0 0 1
    outer loop
      vertex -1.5 -1.52 0
      vertex -1.5 -4.48 0
      vertex -1.49804 -4.4801 0
    endloop
  endfacet
  facet normal 0 0 1
    outer loop
      vertex -1.50196 -1.5199 0
      vertex -1.5 -4.48 0
      vertex -1.5 -1.52 0
    endloop
  endfacet
  facet normal 0 0 1
    outer loop
      vertex -1.50196 -1.5199 0
      vertex -1.50196 -4.4801 0
      vertex -1.5 -4.48 0
    endloop
  endfacet
  facet normal 0 0 1
    outer loop
      vertex -1.5039 -1.51962 0
      vertex -1.50196 -4.4801 0
      vertex -1.50196 -1.5199 0
    endloop
  endfacet
  facet normal 0 0 1
    outer loop
      vertex -1.5039 -1.51962 0
      vertex -1.5039 -4.48038 0
      vertex -1.50196 -4.4801 0
    endloop
  endfacet
  facet normal 0 0 1
    outer loop
      vertex -1.50581 -1.51914 0
      vertex -1.5039 -4.48038 0
      vertex -1.5039 -1.51962 0
    endloop
  endfacet
  facet normal 0 0 1
    outer loop
      vertex -1.50581 -1.51914 0
      vertex -1.50581 -4.48086 0
      vertex -1.5039 -4.48038 0
    endloop
  endfacet
  facet normal 0 0 1
    outer loop
      vertex -1.50765 -1.51848 0
      vertex -1.50581 -4.48086 0
      vertex -1.50581 -1.51914 0
    endloop
  endfacet
  facet normal 0 0 1
    outer loop
      vertex -1.50765 -1.51848 0
      vertex -1.50765 -4.48152 0
      vertex -1.50581 -4.48086 0
    endloop
  endfacet
  facet normal 0 0 1
    outer loop
      vertex -1.50943 -1.51764 0
      vertex -1.50765 -4.48152 0
      vertex -1.50765 -1.51848 0
    endloop
  endfacet
  facet normal 0 0 1
    outer loop
      vertex -1.50943 -1.51764 0
      vertex -1.50943 -4.48236 0
      vertex -1.50765 -4.48152 0
    endloop
  endfacet
  facet normal 0 0 1
    outer loop
      vertex -1.51111 -1.51663 0
      vertex -1.50943 -4.48236 0
      vertex -1.50943 -1.51764 0
    endloop
  endfacet
  facet normal 0 0 1
    outer loop
      vertex -1.51111 -1.51663 0
      vertex -1.51111 -4.48337 0
      vertex -1.50943 -4.48236 0
    endloop
  endfacet
  facet normal 0 0 1
    outer loop
      vertex -1.51269 -1.51546 0
      vertex -1.51111 -4.48337 0
      vertex -1.51111 -1.51663 0
    endloop
  endfacet
  facet normal 0 0 1
    outer loop
      vertex -1.51269 -1.51546 0
      vertex -1.51269 -4.48454 0
      vertex -1.51111 -4.48337 0
    endloop
  endfacet
  facet normal 0 0 1
    outer loop
      vertex -1.51414 -1.51414 0
      vertex -1.51269 -4.48454 0
      vertex -1.51269 -1.51546 0
    endloop
  endfacet
  facet normal 0 0 1
    outer loop
      vertex -1.51414 -1.51414 0
      vertex -1.51414 -4.48586 0
      vertex -1.51269 -4.48454 0
    endloop
  endfacet
  facet normal 0 0 1
    outer loop
      vertex -4.48152 -1.50765 0
      vertex -1.51848 -1.50765 0
      vertex -4.48086 -1.50581 0
    endloop
  endfacet
  facet normal 0 0 1
    outer loop
      vertex -1.51848 -1.50765 0
      vertex -4.48152 -1.50765 0
      vertex -1.51764 -1.50943 0
    endloop
  endfacet
  facet normal 0 0 1
    outer loop
      vertex -1.51914 -1.50581 0
      vertex -4.48086 -1.50581 0
      vertex -1.51848 -1.50765 0
    endloop
  endfacet
  facet normal 0 0 1
    outer loop
      vertex -4.48236 -1.50943 0
      vertex -1.51764 -1.50943 0
      vertex -4.48152 -1.50765 0
    endloop
  endfacet
  facet normal 0 0 1
    outer loop
      vertex -4.48086 -1.50581 0
      vertex -1.51914 -1.50581 0
      vertex -4.48038 -1.5039 0
    endloop
  endfacet
  facet normal 0 0 1
    outer loop
      vertex -1.51414 -4.48586 0
      vertex -4.48 -4.5 0
      vertex -1.51546 -4.48731 0
    endloop
  endfacet
  facet normal 0 0 1
    outer loop
      vertex -1.51962 -1.5039 0
      vertex -4.48038 -1.5039 0
      vertex -1.51914 -1.50581 0
    endloop
  endfacet
  facet normal 0 0 1
    outer loop
      vertex -1.51546 -4.48731 0
      vertex -4.48 -4.5 0
      vertex -1.51663 -4.48889 0
    endloop
  endfacet
  facet normal 0 0 1
    outer loop
      vertex -4.48038 -1.5039 0
      vertex -1.51962 -1.5039 0
      vertex -4.4801 -1.50196 0
    endloop
  endfacet
  facet normal 0 0 1
    outer loop
      vertex -1.51663 -4.48889 0
      vertex -4.48 -4.5 0
      vertex -1.51764 -4.49057 0
    endloop
  endfacet
  facet normal 0 0 1
    outer loop
      vertex -1.5199 -1.50196 0
      vertex -4.4801 -1.50196 0
      vertex -1.51962 -1.5039 0
    endloop
  endfacet
  facet normal 0 0 1
    outer loop
      vertex -1.51764 -4.49057 0
      vertex -4.48 -4.5 0
      vertex -1.51848 -4.49235 0
    endloop
  endfacet
  facet normal 0 0 1
    outer loop
      vertex -4.4801 -1.50196 0
      vertex -1.5199 -1.50196 0
      vertex -4.48 -1.5 0
    endloop
  endfacet
  facet normal 0 0 1
    outer loop
      vertex -1.51848 -4.49235 0
      vertex -4.48 -4.5 0
      vertex -1.51914 -4.49419 0
    endloop
  endfacet
  facet normal -0 0 1
    outer loop
      vertex -4.48 -1.5 0
      vertex -1.5199 -1.50196 0
      vertex -1.52 -1.5 0
    endloop
  endfacet
  facet normal 0 0 1
    outer loop
      vertex -1.51914 -4.49419 0
      vertex -4.48 -4.5 0
      vertex -1.51962 -4.4961 0
    endloop
  endfacet
  facet normal 0 0 1
    outer loop
      vertex 1.48236 1.49057 0
      vertex -1.48236 1.49057 0
      vertex 1.48337 1.48889 0
    endloop
  endfacet
  facet normal 0 0 1
    outer loop
      vertex 1.48586 -1.48586 0
      vertex -1.4801 -1.49804 0
      vertex -1.48 -1.5 0
    endloop
  endfacet
  facet normal 0 0 1
    outer loop
      vertex -1.48337 1.48889 0
      vertex 1.48337 1.48889 0
      vertex -1.48236 1.49057 0
    endloop
  endfacet
  facet normal 0 0 1
    outer loop
      vertex 1.48586 -1.48586 0
      vertex -1.48038 -1.4961 0
      vertex -1.4801 -1.49804 0
    endloop
  endfacet
  facet normal 0 0 1
    outer loop
      vertex 1.48337 1.48889 0
      vertex -1.48337 1.48889 0
      vertex 1.48454 1.48731 0
    endloop
  endfacet
  facet normal 0 0 1
    outer loop
      vertex 1.48586 -1.48586 0
      vertex -1.48086 -1.49419 0
      vertex -1.48038 -1.4961 0
    endloop
  endfacet
  facet normal 0 0 1
    outer loop
      vertex -1.48454 1.48731 0
      vertex 1.48454 1.48731 0
      vertex -1.48337 1.48889 0
    endloop
  endfacet
  facet normal 0 0 1
    outer loop
      vertex 1.48586 -1.48586 0
      vertex -1.48152 -1.49235 0
      vertex -1.48086 -1.49419 0
    endloop
  endfacet
  facet normal 0 0 1
    outer loop
      vertex 1.48454 1.48731 0
      vertex -1.48454 1.48731 0
      vertex 1.48586 1.48586 0
    endloop
  endfacet
  facet normal 0 0 1
    outer loop
      vertex 1.48586 -1.48586 0
      vertex -1.48236 -1.49057 0
      vertex -1.48152 -1.49235 0
    endloop
  endfacet
  facet normal 0 0 1
    outer loop
      vertex -1.48586 1.48586 0
      vertex 1.48586 1.48586 0
      vertex -1.48454 1.48731 0
    endloop
  endfacet
  facet normal 0 0 1
    outer loop
      vertex 1.48586 -1.48586 0
      vertex -1.48337 -1.48889 0
      vertex -1.48236 -1.49057 0
    endloop
  endfacet
  facet normal 0 0 1
    outer loop
      vertex 1.48586 1.48586 0
      vertex -1.48586 1.48586 0
      vertex 1.48586 -1.48586 0
    endloop
  endfacet
  facet normal 0 0 1
    outer loop
      vertex 1.48586 -1.48586 0
      vertex -1.48454 -1.48731 0
      vertex -1.48337 -1.48889 0
    endloop
  endfacet
  facet normal 0 0 1
    outer loop
      vertex -1.48586 -1.48586 0
      vertex 1.48586 -1.48586 0
      vertex -1.48586 1.48586 0
    endloop
  endfacet
  facet normal 0 0 1
    outer loop
      vertex 1.48586 -1.48586 0
      vertex -1.48586 -1.48586 0
      vertex -1.48454 -1.48731 0
    endloop
  endfacet
  facet normal -0 0 1
    outer loop
      vertex -1.48731 1.48454 0
      vertex -1.48586 -1.48586 0
      vertex -1.48586 1.48586 0
    endloop
  endfacet
  facet normal 0 0 1
    outer loop
      vertex -1.48731 1.48454 0
      vertex -1.48731 -1.48454 0
      vertex -1.48586 -1.48586 0
    endloop
  endfacet
  facet normal -0 0 1
    outer loop
      vertex -1.48889 1.48337 0
      vertex -1.48731 -1.48454 0
      vertex -1.48731 1.48454 0
    endloop
  endfacet
  facet normal 0 0 1
    outer loop
      vertex -1.48889 1.48337 0
      vertex -1.48889 -1.48337 0
      vertex -1.48731 -1.48454 0
    endloop
  endfacet
  facet normal -0 0 1
    outer loop
      vertex -1.49057 1.48236 0
      vertex -1.48889 -1.48337 0
      vertex -1.48889 1.48337 0
    endloop
  endfacet
  facet normal 0 0 1
    outer loop
      vertex -1.49057 1.48236 0
      vertex -1.49057 -1.48236 0
      vertex -1.48889 -1.48337 0
    endloop
  endfacet
  facet normal -0 0 1
    outer loop
      vertex -1.49235 1.48152 0
      vertex -1.49057 -1.48236 0
      vertex -1.49057 1.48236 0
    endloop
  endfacet
  facet normal 0 0 1
    outer loop
      vertex -1.49235 1.48152 0
      vertex -1.49235 -1.48152 0
      vertex -1.49057 -1.48236 0
    endloop
  endfacet
  facet normal -0 0 1
    outer loop
      vertex -1.49419 1.48086 0
      vertex -1.49235 -1.48152 0
      vertex -1.49235 1.48152 0
    endloop
  endfacet
  facet normal 0 0 1
    outer loop
      vertex -1.49419 1.48086 0
      vertex -1.49419 -1.48086 0
      vertex -1.49235 -1.48152 0
    endloop
  endfacet
  facet normal -0 0 1
    outer loop
      vertex -1.4961 1.48038 0
      vertex -1.49419 -1.48086 0
      vertex -1.49419 1.48086 0
    endloop
  endfacet
  facet normal 0 0 1
    outer loop
      vertex -1.4961 1.48038 0
      vertex -1.4961 -1.48038 0
      vertex -1.49419 -1.48086 0
    endloop
  endfacet
  facet normal -0 0 1
    outer loop
      vertex -1.49804 1.4801 0
      vertex -1.4961 -1.48038 0
      vertex -1.4961 1.48038 0
    endloop
  endfacet
  facet normal 0 0 1
    outer loop
      vertex -1.49804 1.4801 0
      vertex -1.49804 -1.4801 0
      vertex -1.4961 -1.48038 0
    endloop
  endfacet
  facet normal -0 0 1
    outer loop
      vertex -1.5 1.48 0
      vertex -1.49804 -1.4801 0
      vertex -1.49804 1.4801 0
    endloop
  endfacet
  facet normal 0 0 1
    outer loop
      vertex -1.5 1.48 0
      vertex -1.5 -1.48 0
      vertex -1.49804 -1.4801 0
    endloop
  endfacet
  facet normal 0 0 1
    outer loop
      vertex -1.50196 1.4801 0
      vertex -1.5 -1.48 0
      vertex -1.5 1.48 0
    endloop
  endfacet
  facet normal 0 0 1
    outer loop
      vertex -1.50196 1.4801 0
      vertex -1.50196 -1.4801 0
      vertex -1.5 -1.48 0
    endloop
  endfacet
  facet normal 0 0 1
    outer loop
      vertex -1.5039 1.48038 0
      vertex -1.50196 -1.4801 0
      vertex -1.50196 1.4801 0
    endloop
  endfacet
  facet normal 0 0 1
    outer loop
      vertex -1.5039 1.48038 0
      vertex -1.5039 -1.48038 0
      vertex -1.50196 -1.4801 0
    endloop
  endfacet
  facet normal 0 0 1
    outer loop
      vertex -1.50581 1.48086 0
      vertex -1.5039 -1.48038 0
      vertex -1.5039 1.48038 0
    endloop
  endfacet
  facet normal 0 0 1
    outer loop
      vertex -1.50581 1.48086 0
      vertex -1.50581 -1.48086 0
      vertex -1.5039 -1.48038 0
    endloop
  endfacet
  facet normal 0 0 1
    outer loop
      vertex -1.50765 1.48152 0
      vertex -1.50581 -1.48086 0
      vertex -1.50581 1.48086 0
    endloop
  endfacet
  facet normal 0 0 1
    outer loop
      vertex -1.50765 1.48152 0
      vertex -1.50765 -1.48152 0
      vertex -1.50581 -1.48086 0
    endloop
  endfacet
  facet normal 0 0 1
    outer loop
      vertex -1.50943 1.48236 0
      vertex -1.50765 -1.48152 0
      vertex -1.50765 1.48152 0
    endloop
  endfacet
  facet normal 0 0 1
    outer loop
      vertex -1.50943 1.48236 0
      vertex -1.50943 -1.48236 0
      vertex -1.50765 -1.48152 0
    endloop
  endfacet
  facet normal 0 0 1
    outer loop
      vertex -1.51111 1.48337 0
      vertex -1.50943 -1.48236 0
      vertex -1.50943 1.48236 0
    endloop
  endfacet
  facet normal 0 0 1
    outer loop
      vertex -1.51111 1.48337 0
      vertex -1.51111 -1.48337 0
      vertex -1.50943 -1.48236 0
    endloop
  endfacet
  facet normal 0 0 1
    outer loop
      vertex -1.51269 1.48454 0
      vertex -1.51111 -1.48337 0
      vertex -1.51111 1.48337 0
    endloop
  endfacet
  facet normal 0 0 1
    outer loop
      vertex -1.51269 1.48454 0
      vertex -1.51269 -1.48454 0
      vertex -1.51111 -1.48337 0
    endloop
  endfacet
  facet normal 0 0 1
    outer loop
      vertex -1.51414 1.48586 0
      vertex -1.51269 -1.48454 0
      vertex -1.51269 1.48454 0
    endloop
  endfacet
  facet normal 0 0 1
    outer loop
      vertex -1.51414 1.48586 0
      vertex -1.51414 -1.48586 0
      vertex -1.51269 -1.48454 0
    endloop
  endfacet
  facet normal 0 0 1
    outer loop
      vertex -4.48152 1.49235 0
      vertex -1.51848 1.49235 0
      vertex -4.48086 1.49419 0
    endloop
  endfacet
  facet normal 0 0 1
    outer loop
      vertex -1.51848 1.49235 0
      vertex -4.48152 1.49235 0
      vertex -1.51764 1.49057 0
    endloop
  endfacet
  facet normal 0 0 1
    outer loop
      vertex -1.51914 1.49419 0
      vertex -4.48086 1.49419 0
      vertex -1.51848 1.49235 0
    endloop
  endfacet
  facet normal 0 0 1
    outer loop
      vertex -4.48236 1.49057 0
      vertex -1.51764 1.49057 0
      vertex -4.48152 1.49235 0
    endloop
  endfacet
  facet normal 0 0 1
    outer loop
      vertex -4.48086 1.49419 0
      vertex -1.51914 1.49419 0
      vertex -4.48038 1.4961 0
    endloop
  endfacet
  facet normal 0 0 1
    outer loop
      vertex -1.51414 -1.48586 0
      vertex -4.48 -1.5 0
      vertex -1.51546 -1.48731 0
    endloop
  endfacet
  facet normal 0 0 1
    outer loop
      vertex -1.51962 1.4961 0
      vertex -4.48038 1.4961 0
      vertex -1.51914 1.49419 0
    endloop
  endfacet
  facet normal 0 0 1
    outer loop
      vertex -1.51546 -1.48731 0
      vertex -4.48 -1.5 0
      vertex -1.51663 -1.48889 0
    endloop
  endfacet
  facet normal 0 0 1
    outer loop
      vertex -4.48038 1.4961 0
      vertex -1.51962 1.4961 0
      vertex -4.4801 1.49804 0
    endloop
  endfacet
  facet normal 0 0 1
    outer loop
      vertex -1.51663 -1.48889 0
      vertex -4.48 -1.5 0
      vertex -1.51764 -1.49057 0
    endloop
  endfacet
  facet normal 0 0 1
    outer loop
      vertex -1.5199 1.49804 0
      vertex -4.4801 1.49804 0
      vertex -1.51962 1.4961 0
    endloop
  endfacet
  facet normal 0 0 1
    outer loop
      vertex -1.51764 -1.49057 0
      vertex -4.48 -1.5 0
      vertex -1.51848 -1.49235 0
    endloop
  endfacet
  facet normal 0 0 1
    outer loop
      vertex -4.4801 1.49804 0
      vertex -1.5199 1.49804 0
      vertex -4.48 1.5 0
    endloop
  endfacet
  facet normal 0 0 1
    outer loop
      vertex -1.51848 -1.49235 0
      vertex -4.48 -1.5 0
      vertex -1.51914 -1.49419 0
    endloop
  endfacet
  facet normal -0 0 1
    outer loop
      vertex -4.48 1.5 0
      vertex -1.5199 1.49804 0
      vertex -1.52 1.5 0
    endloop
  endfacet
  facet normal 0 0 1
    outer loop
      vertex -1.51914 -1.49419 0
      vertex -4.48 -1.5 0
      vertex -1.51962 -1.4961 0
    endloop
  endfacet
  facet normal 0 0 1
    outer loop
      vertex -1.48236 4.49057 0
      vertex 1.48236 4.49057 0
      vertex -1.48152 4.49235 0
    endloop
  endfacet
  facet normal 0 0 1
    outer loop
      vertex 1.48586 4.48586 0
      vertex -1.4801 1.50196 0
      vertex -1.48 1.5 0
    endloop
  endfacet
  facet normal 0 0 1
    outer loop
      vertex 1.48236 4.49057 0
      vertex -1.48236 4.49057 0
      vertex 1.48337 4.48889 0
    endloop
  endfacet
  facet normal 0 0 1
    outer loop
      vertex 1.48586 4.48586 0
      vertex -1.48038 1.5039 0
      vertex -1.4801 1.50196 0
    endloop
  endfacet
  facet normal 0 0 1
    outer loop
      vertex -1.48337 4.48889 0
      vertex 1.48337 4.48889 0
      vertex -1.48236 4.49057 0
    endloop
  endfacet
  facet normal 0 0 1
    outer loop
      vertex 1.48586 4.48586 0
      vertex -1.48086 1.50581 0
      vertex -1.48038 1.5039 0
    endloop
  endfacet
  facet normal 0 0 1
    outer loop
      vertex 1.48337 4.48889 0
      vertex -1.48337 4.48889 0
      vertex 1.48454 4.48731 0
    endloop
  endfacet
  facet normal 0 0 1
    outer loop
      vertex 1.48586 4.48586 0
      vertex -1.48152 1.50765 0
      vertex -1.48086 1.50581 0
    endloop
  endfacet
  facet normal 0 0 1
    outer loop
      vertex -1.48454 4.48731 0
      vertex 1.48454 4.48731 0
      vertex -1.48337 4.48889 0
    endloop
  endfacet
  facet normal 0 0 1
    outer loop
      vertex 1.48586 4.48586 0
      vertex -1.48236 1.50943 0
      vertex -1.48152 1.50765 0
    endloop
  endfacet
  facet normal 0 0 1
    outer loop
      vertex 1.48454 4.48731 0
      vertex -1.48454 4.48731 0
      vertex 1.48586 4.48586 0
    endloop
  endfacet
  facet normal 0 0 1
    outer loop
      vertex 1.48586 4.48586 0
      vertex -1.48337 1.51111 0
      vertex -1.48236 1.50943 0
    endloop
  endfacet
  facet normal 0 0 1
    outer loop
      vertex -1.48586 4.48586 0
      vertex 1.48586 4.48586 0
      vertex -1.48454 4.48731 0
    endloop
  endfacet
  facet normal 0 0 1
    outer loop
      vertex 1.48586 4.48586 0
      vertex -1.48454 1.51269 0
      vertex -1.48337 1.51111 0
    endloop
  endfacet
  facet normal 0 0 1
    outer loop
      vertex -1.48586 1.51414 0
      vertex 1.48586 4.48586 0
      vertex -1.48586 4.48586 0
    endloop
  endfacet
  facet normal 0 0 1
    outer loop
      vertex 1.48586 4.48586 0
      vertex -1.48586 1.51414 0
      vertex -1.48454 1.51269 0
    endloop
  endfacet
  facet normal -0 0 1
    outer loop
      vertex -1.48731 4.48454 0
      vertex -1.48586 1.51414 0
      vertex -1.48586 4.48586 0
    endloop
  endfacet
  facet normal 0 0 1
    outer loop
      vertex -1.48731 4.48454 0
      vertex -1.48731 1.51546 0
      vertex -1.48586 1.51414 0
    endloop
  endfacet
  facet normal -0 0 1
    outer loop
      vertex -1.48889 4.48337 0
      vertex -1.48731 1.51546 0
      vertex -1.48731 4.48454 0
    endloop
  endfacet
  facet normal 0 0 1
    outer loop
      vertex -1.48889 4.48337 0
      vertex -1.48889 1.51663 0
      vertex -1.48731 1.51546 0
    endloop
  endfacet
  facet normal -0 0 1
    outer loop
      vertex -1.49057 4.48236 0
      vertex -1.48889 1.51663 0
      vertex -1.48889 4.48337 0
    endloop
  endfacet
  facet normal 0 0 1
    outer loop
      vertex -1.49057 4.48236 0
      vertex -1.49057 1.51764 0
      vertex -1.48889 1.51663 0
    endloop
  endfacet
  facet normal -0 0 1
    outer loop
      vertex -1.49235 4.48152 0
      vertex -1.49057 1.51764 0
      vertex -1.49057 4.48236 0
    endloop
  endfacet
  facet normal 0 0 1
    outer loop
      vertex -1.49235 4.48152 0
      vertex -1.49235 1.51848 0
      vertex -1.49057 1.51764 0
    endloop
  endfacet
  facet normal -0 0 1
    outer loop
      vertex -1.49419 4.48086 0
      vertex -1.49235 1.51848 0
      vertex -1.49235 4.48152 0
    endloop
  endfacet
  facet normal 0 0 1
    outer loop
      vertex -1.49419 4.48086 0
      vertex -1.49419 1.51914 0
      vertex -1.49235 1.51848 0
    endloop
  endfacet
  facet normal -0 0 1
    outer loop
      vertex -1.4961 4.48038 0
      vertex -1.49419 1.51914 0
      vertex -1.49419 4.48086 0
    endloop
  endfacet
  facet normal 0 0 1
    outer loop
      vertex -1.4961 4.48038 0
      vertex -1.4961 1.51962 0
      vertex -1.49419 1.51914 0
    endloop
  endfacet
  facet normal -0 0 1
    outer loop
      vertex -1.49804 4.4801 0
      vertex -1.4961 1.51962 0
      vertex -1.4961 4.48038 0
    endloop
  endfacet
  facet normal 0 0 1
    outer loop
      vertex -1.49804 4.4801 0
      vertex -1.49804 1.5199 0
      vertex -1.4961 1.51962 0
    endloop
  endfacet
  facet normal -0 0 1
    outer loop
      vertex -1.5 4.48 0
      vertex -1.49804 1.5199 0
      vertex -1.49804 4.4801 0
    endloop
  endfacet
  facet normal 0 0 1
    outer loop
      vertex -1.5 4.48 0
      vertex -1.5 1.52 0
      vertex -1.49804 1.5199 0
    endloop
  endfacet
  facet normal 0 0 1
    outer loop
      vertex -1.50196 4.4801 0
      vertex -1.5 1.52 0
      vertex -1.5 4.48 0
    endloop
  endfacet
  facet normal 0 0 1
    outer loop
      vertex -1.50196 4.4801 0
      vertex -1.50196 1.5199 0
      vertex -1.5 1.52 0
    endloop
  endfacet
  facet normal 0 0 1
    outer loop
      vertex -1.5039 4.48038 0
      vertex -1.50196 1.5199 0
      vertex -1.50196 4.4801 0
    endloop
  endfacet
  facet normal 0 0 1
    outer loop
      vertex -1.5039 4.48038 0
      vertex -1.5039 1.51962 0
      vertex -1.50196 1.5199 0
    endloop
  endfacet
  facet normal 0 0 1
    outer loop
      vertex -1.50581 4.48086 0
      vertex -1.5039 1.51962 0
      vertex -1.5039 4.48038 0
    endloop
  endfacet
  facet normal 0 0 1
    outer loop
      vertex -1.50581 4.48086 0
      vertex -1.50581 1.51914 0
      vertex -1.5039 1.51962 0
    endloop
  endfacet
  facet normal 0 0 1
    outer loop
      vertex -1.50765 4.48152 0
      vertex -1.50581 1.51914 0
      vertex -1.50581 4.48086 0
    endloop
  endfacet
  facet normal 0 0 1
    outer loop
      vertex -1.50765 4.48152 0
      vertex -1.50765 1.51848 0
      vertex -1.50581 1.51914 0
    endloop
  endfacet
  facet normal 0 0 1
    outer loop
      vertex -1.50943 4.48236 0
      vertex -1.50765 1.51848 0
      vertex -1.50765 4.48152 0
    endloop
  endfacet
  facet normal 0 0 1
    outer loop
      vertex -1.50943 4.48236 0
      vertex -1.50943 1.51764 0
      vertex -1.50765 1.51848 0
    endloop
  endfacet
  facet normal 0 0 1
    outer loop
      vertex -1.51111 4.48337 0
      vertex -1.50943 1.51764 0
      vertex -1.50943 4.48236 0
    endloop
  endfacet
  facet normal 0 0 1
    outer loop
      vertex -1.51111 4.48337 0
      vertex -1.51111 1.51663 0
      vertex -1.50943 1.51764 0
    endloop
  endfacet
  facet normal 0 0 1
    outer loop
      vertex -1.51269 4.48454 0
      vertex -1.51111 1.51663 0
      vertex -1.51111 4.48337 0
    endloop
  endfacet
  facet normal 0 0 1
    outer loop
      vertex -1.51269 4.48454 0
      vertex -1.51269 1.51546 0
      vertex -1.51111 1.51663 0
    endloop
  endfacet
  facet normal 0 0 1
    outer loop
      vertex -1.51414 4.48586 0
      vertex -1.51269 1.51546 0
      vertex -1.51269 4.48454 0
    endloop
  endfacet
  facet normal 0 0 1
    outer loop
      vertex -1.51414 4.48586 0
      vertex -1.51414 1.51414 0
      vertex -1.51269 1.51546 0
    endloop
  endfacet
  facet normal 0 0 1
    outer loop
      vertex -4.48152 4.49235 0
      vertex -1.51848 4.49235 0
      vertex -4.48086 4.49419 0
    endloop
  endfacet
  facet normal 0 0 1
    outer loop
      vertex -1.51414 4.48586 0
      vertex -4.48 1.5 0
      vertex -1.51414 1.51414 0
    endloop
  endfacet
  facet normal 0 0 1
    outer loop
      vertex -1.51914 4.49419 0
      vertex -4.48086 4.49419 0
      vertex -1.51848 4.49235 0
    endloop
  endfacet
  facet normal 0 0 1
    outer loop
      vertex -1.51414 1.51414 0
      vertex -4.48 1.5 0
      vertex -1.51546 1.51269 0
    endloop
  endfacet
  facet normal 0 0 1
    outer loop
      vertex -4.48086 4.49419 0
      vertex -1.51914 4.49419 0
      vertex -4.48038 4.4961 0
    endloop
  endfacet
  facet normal 0 0 1
    outer loop
      vertex -1.51546 1.51269 0
      vertex -4.48 1.5 0
      vertex -1.51663 1.51111 0
    endloop
  endfacet
  facet normal 0 0 1
    outer loop
      vertex -1.51962 4.4961 0
      vertex -4.48038 4.4961 0
      vertex -1.51914 4.49419 0
    endloop
  endfacet
  facet normal 0 0 1
    outer loop
      vertex -1.51663 1.51111 0
      vertex -4.48 1.5 0
      vertex -1.51764 1.50943 0
    endloop
  endfacet
  facet normal 0 0 1
    outer loop
      vertex -4.48038 4.4961 0
      vertex -1.51962 4.4961 0
      vertex -4.4801 4.49804 0
    endloop
  endfacet
  facet normal 0 0 1
    outer loop
      vertex -1.51764 1.50943 0
      vertex -4.48 1.5 0
      vertex -1.51848 1.50765 0
    endloop
  endfacet
  facet normal 0 0 1
    outer loop
      vertex -1.5199 4.49804 0
      vertex -4.4801 4.49804 0
      vertex -1.51962 4.4961 0
    endloop
  endfacet
  facet normal 0 0 1
    outer loop
      vertex -1.51848 1.50765 0
      vertex -4.48 1.5 0
      vertex -1.51914 1.50581 0
    endloop
  endfacet
  facet normal 0 0 1
    outer loop
      vertex -4.4801 4.49804 0
      vertex -1.5199 4.49804 0
      vertex -4.48 4.5 0
    endloop
  endfacet
  facet normal 0 0 1
    outer loop
      vertex -1.51914 1.50581 0
      vertex -4.48 1.5 0
      vertex -1.51962 1.5039 0
    endloop
  endfacet
  facet normal -0 0 1
    outer loop
      vertex -4.48 4.5 0
      vertex -1.5199 4.49804 0
      vertex -1.52 4.5 0
    endloop
  endfacet
  facet normal 0 0 1
    outer loop
      vertex -1.51962 1.5039 0
      vertex -4.48 1.5 0
      vertex -1.5199 1.50196 0
    endloop
  endfacet
  facet normal 0 0 1
    outer loop
      vertex 4.48236 -1.50943 0
      vertex 1.51764 -1.50943 0
      vertex 4.48337 -1.51111 0
    endloop
  endfacet
  facet normal 0 0 1
    outer loop
      vertex 4.48586 -4.48586 0
      vertex 1.5199 -4.49804 0
      vertex 1.52 -4.5 0
    endloop
  endfacet
  facet normal 0 0 1
    outer loop
      vertex 1.51663 -1.51111 0
      vertex 4.48337 -1.51111 0
      vertex 1.51764 -1.50943 0
    endloop
  endfacet
  facet normal 0 0 1
    outer loop
      vertex 4.48586 -4.48586 0
      vertex 1.51962 -4.4961 0
      vertex 1.5199 -4.49804 0
    endloop
  endfacet
  facet normal 0 0 1
    outer loop
      vertex 4.48337 -1.51111 0
      vertex 1.51663 -1.51111 0
      vertex 4.48454 -1.51269 0
    endloop
  endfacet
  facet normal 0 0 1
    outer loop
      vertex 4.48586 -4.48586 0
      vertex 1.51914 -4.49419 0
      vertex 1.51962 -4.4961 0
    endloop
  endfacet
  facet normal 0 0 1
    outer loop
      vertex 1.51546 -1.51269 0
      vertex 4.48454 -1.51269 0
      vertex 1.51663 -1.51111 0
    endloop
  endfacet
  facet normal 0 0 1
    outer loop
      vertex 4.48586 -4.48586 0
      vertex 1.51848 -4.49235 0
      vertex 1.51914 -4.49419 0
    endloop
  endfacet
  facet normal 0 0 1
    outer loop
      vertex 4.48454 -1.51269 0
      vertex 1.51546 -1.51269 0
      vertex 4.48586 -1.51414 0
    endloop
  endfacet
  facet normal 0 0 1
    outer loop
      vertex 4.48586 -4.48586 0
      vertex 1.51764 -4.49057 0
      vertex 1.51848 -4.49235 0
    endloop
  endfacet
  facet normal 0 0 1
    outer loop
      vertex 1.51414 -1.51414 0
      vertex 4.48586 -1.51414 0
      vertex 1.51546 -1.51269 0
    endloop
  endfacet
  facet normal 0 0 1
    outer loop
      vertex 4.48586 -4.48586 0
      vertex 1.51663 -4.48889 0
      vertex 1.51764 -4.49057 0
    endloop
  endfacet
  facet normal 0 0 1
    outer loop
      vertex 4.48586 -1.51414 0
      vertex 1.51414 -1.51414 0
      vertex 4.48586 -4.48586 0
    endloop
  endfacet
  facet normal 0 0 1
    outer loop
      vertex 4.48586 -4.48586 0
      vertex 1.51546 -4.48731 0
      vertex 1.51663 -4.48889 0
    endloop
  endfacet
  facet normal 0 0 1
    outer loop
      vertex 1.51414 -4.48586 0
      vertex 4.48586 -4.48586 0
      vertex 1.51414 -1.51414 0
    endloop
  endfacet
  facet normal 0 0 1
    outer loop
      vertex 4.48586 -4.48586 0
      vertex 1.51414 -4.48586 0
      vertex 1.51546 -4.48731 0
    endloop
  endfacet
  facet normal -0 0 1
    outer loop
      vertex 1.51269 -1.51546 0
      vertex 1.51414 -4.48586 0
      vertex 1.51414 -1.51414 0
    endloop
  endfacet
  facet normal 0 0 1
    outer loop
      vertex 1.51269 -1.51546 0
      vertex 1.51269 -4.48454 0
      vertex 1.51414 -4.48586 0
    endloop
  endfacet
  facet normal -0 0 1
    outer loop
      vertex 1.51111 -1.51663 0
      vertex 1.51269 -4.48454 0
      vertex 1.51269 -1.51546 0
    endloop
  endfacet
  facet normal 0 0 1
    outer loop
      vertex 1.51111 -1.51663 0
      vertex 1.51111 -4.48337 0
      vertex 1.51269 -4.48454 0
    endloop
  endfacet
  facet normal -0 0 1
    outer loop
      vertex 1.50943 -1.51764 0
      vertex 1.51111 -4.48337 0
      vertex 1.51111 -1.51663 0
    endloop
  endfacet
  facet normal 0 0 1
    outer loop
      vertex 1.50943 -1.51764 0
      vertex 1.50943 -4.48236 0
      vertex 1.51111 -4.48337 0
    endloop
  endfacet
  facet normal -0 0 1
    outer loop
      vertex 1.50765 -1.51848 0
      vertex 1.50943 -4.48236 0
      vertex 1.50943 -1.51764 0
    endloop
  endfacet
  facet normal 0 0 1
    outer loop
      vertex 1.50765 -1.51848 0
      vertex 1.50765 -4.48152 0
      vertex 1.50943 -4.48236 0
    endloop
  endfacet
  facet normal -0 0 1
    outer loop
      vertex 1.50581 -1.51914 0
      vertex 1.50765 -4.48152 0
      vertex 1.50765 -1.51848 0
    endloop
  endfacet
  facet normal 0 0 1
    outer loop
      vertex 1.50581 -1.51914 0
      vertex 1.50581 -4.48086 0
      vertex 1.50765 -4.48152 0
    endloop
  endfacet
  facet normal -0 0 1
    outer loop
      vertex 1.5039 -1.51962 0
      vertex 1.50581 -4.48086 0
      vertex 1.50581 -1.51914 0
    endloop
  endfacet
  facet normal 0 0 1
    outer loop
      vertex 1.5039 -1.51962 0
      vertex 1.5039 -4.48038 0
      vertex 1.50581 -4.48086 0
    endloop
  endfacet
  facet normal -0 0 1
    outer loop
      vertex 1.50196 -1.5199 0
      vertex 1.5039 -4.48038 0
      vertex 1.5039 -1.51962 0
    endloop
  endfacet
  facet normal 0 0 1
    outer loop
      vertex 1.50196 -1.5199 0
      vertex 1.50196 -4.4801 0
      vertex 1.5039 -4.48038 0
    endloop
  endfacet
  facet normal -0 0 1
    outer loop
      vertex 1.5 -1.52 0
      vertex 1.50196 -4.4801 0
      vertex 1.50196 -1.5199 0
    endloop
  endfacet
  facet normal 0 0 1
    outer loop
      vertex 1.5 -1.52 0
      vertex 1.5 -4.48 0
      vertex 1.50196 -4.4801 0
    endloop
  endfacet
  facet normal 0 0 1
    outer loop
      vertex 1.49804 -1.5199 0
      vertex 1.5 -4.48 0
      vertex 1.5 -1.52 0
    endloop
  endfacet
  facet normal 0 0 1
    outer loop
      vertex 1.49804 -1.5199 0
      vertex 1.49804 -4.4801 0
      vertex 1.5 -4.48 0
    endloop
  endfacet
  facet normal 0 0 1
    outer loop
      vertex 1.4961 -1.51962 0
      vertex 1.49804 -4.4801 0
      vertex 1.49804 -1.5199 0
    endloop
  endfacet
  facet normal 0 0 1
    outer loop
      vertex 1.4961 -1.51962 0
      vertex 1.4961 -4.48038 0
      vertex 1.49804 -4.4801 0
    endloop
  endfacet
  facet normal 0 0 1
    outer loop
      vertex 1.49419 -1.51914 0
      vertex 1.4961 -4.48038 0
      vertex 1.4961 -1.51962 0
    endloop
  endfacet
  facet normal 0 0 1
    outer loop
      vertex 1.49419 -1.51914 0
      vertex 1.49419 -4.48086 0
      vertex 1.4961 -4.48038 0
    endloop
  endfacet
  facet normal 0 0 1
    outer loop
      vertex 1.49235 -1.51848 0
      vertex 1.49419 -4.48086 0
      vertex 1.49419 -1.51914 0
    endloop
  endfacet
  facet normal 0 0 1
    outer loop
      vertex 1.49235 -1.51848 0
      vertex 1.49235 -4.48152 0
      vertex 1.49419 -4.48086 0
    endloop
  endfacet
  facet normal 0 0 1
    outer loop
      vertex 1.49057 -1.51764 0
      vertex 1.49235 -4.48152 0
      vertex 1.49235 -1.51848 0
    endloop
  endfacet
  facet normal 0 0 1
    outer loop
      vertex 1.49057 -1.51764 0
      vertex 1.49057 -4.48236 0
      vertex 1.49235 -4.48152 0
    endloop
  endfacet
  facet normal 0 0 1
    outer loop
      vertex 1.48889 -1.51663 0
      vertex 1.49057 -4.48236 0
      vertex 1.49057 -1.51764 0
    endloop
  endfacet
  facet normal 0 0 1
    outer loop
      vertex 1.48889 -1.51663 0
      vertex 1.48889 -4.48337 0
      vertex 1.49057 -4.48236 0
    endloop
  endfacet
  facet normal 0 0 1
    outer loop
      vertex 1.48731 -1.51546 0
      vertex 1.48889 -4.48337 0
      vertex 1.48889 -1.51663 0
    endloop
  endfacet
  facet normal 0 0 1
    outer loop
      vertex 1.48731 -1.51546 0
      vertex 1.48731 -4.48454 0
      vertex 1.48889 -4.48337 0
    endloop
  endfacet
  facet normal 0 0 1
    outer loop
      vertex 1.48586 -1.51414 0
      vertex 1.48731 -4.48454 0
      vertex 1.48731 -1.51546 0
    endloop
  endfacet
  facet normal 0 0 1
    outer loop
      vertex 1.48586 -1.51414 0
      vertex 1.48586 -4.48586 0
      vertex 1.48731 -4.48454 0
    endloop
  endfacet
  facet normal 0 0 1
    outer loop
      vertex -1.48152 -1.50765 0
      vertex 1.48152 -1.50765 0
      vertex -1.48086 -1.50581 0
    endloop
  endfacet
  facet normal 0 0 1
    outer loop
      vertex 1.48152 -1.50765 0
      vertex -1.48152 -1.50765 0
      vertex 1.48236 -1.50943 0
    endloop
  endfacet
  facet normal 0 0 1
    outer loop
      vertex 1.48086 -1.50581 0
      vertex -1.48086 -1.50581 0
      vertex 1.48152 -1.50765 0
    endloop
  endfacet
  facet normal 0 0 1
    outer loop
      vertex -1.48236 -1.50943 0
      vertex 1.48236 -1.50943 0
      vertex -1.48152 -1.50765 0
    endloop
  endfacet
  facet normal 0 0 1
    outer loop
      vertex -1.48086 -1.50581 0
      vertex 1.48086 -1.50581 0
      vertex -1.48038 -1.5039 0
    endloop
  endfacet
  facet normal 0 0 1
    outer loop
      vertex 1.48586 -4.48586 0
      vertex -1.48 -4.5 0
      vertex 1.48454 -4.48731 0
    endloop
  endfacet
  facet normal 0 0 1
    outer loop
      vertex 1.48038 -1.5039 0
      vertex -1.48038 -1.5039 0
      vertex 1.48086 -1.50581 0
    endloop
  endfacet
  facet normal 0 0 1
    outer loop
      vertex 1.48454 -4.48731 0
      vertex -1.48 -4.5 0
      vertex 1.48337 -4.48889 0
    endloop
  endfacet
  facet normal 0 0 1
    outer loop
      vertex -1.48038 -1.5039 0
      vertex 1.48038 -1.5039 0
      vertex -1.4801 -1.50196 0
    endloop
  endfacet
  facet normal 0 0 1
    outer loop
      vertex 1.48337 -4.48889 0
      vertex -1.48 -4.5 0
      vertex 1.48236 -4.49057 0
    endloop
  endfacet
  facet normal 0 0 1
    outer loop
      vertex 1.4801 -1.50196 0
      vertex -1.4801 -1.50196 0
      vertex 1.48038 -1.5039 0
    endloop
  endfacet
  facet normal 0 0 1
    outer loop
      vertex 1.48236 -4.49057 0
      vertex -1.48 -4.5 0
      vertex 1.48152 -4.49235 0
    endloop
  endfacet
  facet normal 0 0 1
    outer loop
      vertex -1.4801 -1.50196 0
      vertex 1.4801 -1.50196 0
      vertex -1.48 -1.5 0
    endloop
  endfacet
  facet normal 0 0 1
    outer loop
      vertex 1.48152 -4.49235 0
      vertex -1.48 -4.5 0
      vertex 1.48086 -4.49419 0
    endloop
  endfacet
  facet normal -0 0 1
    outer loop
      vertex -1.48 -1.5 0
      vertex 1.4801 -1.50196 0
      vertex 1.48 -1.5 0
    endloop
  endfacet
  facet normal 0 0 1
    outer loop
      vertex 1.48086 -4.49419 0
      vertex -1.48 -4.5 0
      vertex 1.48038 -4.4961 0
    endloop
  endfacet
  facet normal 0 0 1
    outer loop
      vertex 4.48236 1.49057 0
      vertex 1.51764 1.49057 0
      vertex 4.48337 1.48889 0
    endloop
  endfacet
  facet normal 0 0 1
    outer loop
      vertex 4.48586 -1.48586 0
      vertex 1.5199 -1.49804 0
      vertex 1.52 -1.5 0
    endloop
  endfacet
  facet normal 0 0 1
    outer loop
      vertex 1.51663 1.48889 0
      vertex 4.48337 1.48889 0
      vertex 1.51764 1.49057 0
    endloop
  endfacet
  facet normal 0 0 1
    outer loop
      vertex 4.48586 -1.48586 0
      vertex 1.51962 -1.4961 0
      vertex 1.5199 -1.49804 0
    endloop
  endfacet
  facet normal 0 0 1
    outer loop
      vertex 4.48337 1.48889 0
      vertex 1.51663 1.48889 0
      vertex 4.48454 1.48731 0
    endloop
  endfacet
  facet normal 0 0 1
    outer loop
      vertex 4.48586 -1.48586 0
      vertex 1.51914 -1.49419 0
      vertex 1.51962 -1.4961 0
    endloop
  endfacet
  facet normal 0 0 1
    outer loop
      vertex 1.51546 1.48731 0
      vertex 4.48454 1.48731 0
      vertex 1.51663 1.48889 0
    endloop
  endfacet
  facet normal 0 0 1
    outer loop
      vertex 4.48586 -1.48586 0
      vertex 1.51848 -1.49235 0
      vertex 1.51914 -1.49419 0
    endloop
  endfacet
  facet normal 0 0 1
    outer loop
      vertex 4.48454 1.48731 0
      vertex 1.51546 1.48731 0
      vertex 4.48586 1.48586 0
    endloop
  endfacet
  facet normal 0 0 1
    outer loop
      vertex 4.48586 -1.48586 0
      vertex 1.51764 -1.49057 0
      vertex 1.51848 -1.49235 0
    endloop
  endfacet
  facet normal 0 0 1
    outer loop
      vertex 1.51414 1.48586 0
      vertex 4.48586 1.48586 0
      vertex 1.51546 1.48731 0
    endloop
  endfacet
  facet normal 0 0 1
    outer loop
      vertex 4.48586 -1.48586 0
      vertex 1.51663 -1.48889 0
      vertex 1.51764 -1.49057 0
    endloop
  endfacet
  facet normal 0 0 1
    outer loop
      vertex 4.48586 1.48586 0
      vertex 1.51414 1.48586 0
      vertex 4.48586 -1.48586 0
    endloop
  endfacet
  facet normal 0 0 1
    outer loop
      vertex 4.48586 -1.48586 0
      vertex 1.51546 -1.48731 0
      vertex 1.51663 -1.48889 0
    endloop
  endfacet
  facet normal 0 0 1
    outer loop
      vertex 1.51414 -1.48586 0
      vertex 4.48586 -1.48586 0
      vertex 1.51414 1.48586 0
    endloop
  endfacet
  facet normal 0 0 1
    outer loop
      vertex 4.48586 -1.48586 0
      vertex 1.51414 -1.48586 0
      vertex 1.51546 -1.48731 0
    endloop
  endfacet
  facet normal -0 0 1
    outer loop
      vertex 1.51269 1.48454 0
      vertex 1.51414 -1.48586 0
      vertex 1.51414 1.48586 0
    endloop
  endfacet
  facet normal 0 0 1
    outer loop
      vertex 1.51269 1.48454 0
      vertex 1.51269 -1.48454 0
      vertex 1.51414 -1.48586 0
    endloop
  endfacet
  facet normal -0 0 1
    outer loop
      vertex 1.51111 1.48337 0
      vertex 1.51269 -1.48454 0
      vertex 1.51269 1.48454 0
    endloop
  endfacet
  facet normal 0 0 1
    outer loop
      vertex 1.51111 1.48337 0
      vertex 1.51111 -1.48337 0
      vertex 1.51269 -1.48454 0
    endloop
  endfacet
  facet normal -0 0 1
    outer loop
      vertex 1.50943 1.48236 0
      vertex 1.51111 -1.48337 0
      vertex 1.51111 1.48337 0
    endloop
  endfacet
  facet normal 0 0 1
    outer loop
      vertex 1.50943 1.48236 0
      vertex 1.50943 -1.48236 0
      vertex 1.51111 -1.48337 0
    endloop
  endfacet
  facet normal -0 0 1
    outer loop
      vertex 1.50765 1.48152 0
      vertex 1.50943 -1.48236 0
      vertex 1.50943 1.48236 0
    endloop
  endfacet
  facet normal 0 0 1
    outer loop
      vertex 1.50765 1.48152 0
      vertex 1.50765 -1.48152 0
      vertex 1.50943 -1.48236 0
    endloop
  endfacet
  facet normal -0 0 1
    outer loop
      vertex 1.50581 1.48086 0
      vertex 1.50765 -1.48152 0
      vertex 1.50765 1.48152 0
    endloop
  endfacet
  facet normal 0 0 1
    outer loop
      vertex 1.50581 1.48086 0
      vertex 1.50581 -1.48086 0
      vertex 1.50765 -1.48152 0
    endloop
  endfacet
  facet normal -0 0 1
    outer loop
      vertex 1.5039 1.48038 0
      vertex 1.50581 -1.48086 0
      vertex 1.50581 1.48086 0
    endloop
  endfacet
  facet normal 0 0 1
    outer loop
      vertex 1.5039 1.48038 0
      vertex 1.5039 -1.48038 0
      vertex 1.50581 -1.48086 0
    endloop
  endfacet
  facet normal -0 0 1
    outer loop
      vertex 1.50196 1.4801 0
      vertex 1.5039 -1.48038 0
      vertex 1.5039 1.48038 0
    endloop
  endfacet
  facet normal 0 0 1
    outer loop
      vertex 1.50196 1.4801 0
      vertex 1.50196 -1.4801 0
      vertex 1.5039 -1.48038 0
    endloop
  endfacet
  facet normal -0 0 1
    outer loop
      vertex 1.5 1.48 0
      vertex 1.50196 -1.4801 0
      vertex 1.50196 1.4801 0
    endloop
  endfacet
  facet normal 0 0 1
    outer loop
      vertex 1.5 1.48 0
      vertex 1.5 -1.48 0
      vertex 1.50196 -1.4801 0
    endloop
  endfacet
  facet normal 0 0 1
    outer loop
      vertex 1.49804 1.4801 0
      vertex 1.5 -1.48 0
      vertex 1.5 1.48 0
    endloop
  endfacet
  facet normal 0 0 1
    outer loop
      vertex 1.49804 1.4801 0
      vertex 1.49804 -1.4801 0
      vertex 1.5 -1.48 0
    endloop
  endfacet
  facet normal 0 0 1
    outer loop
      vertex 1.4961 1.48038 0
      vertex 1.49804 -1.4801 0
      vertex 1.49804 1.4801 0
    endloop
  endfacet
  facet normal 0 0 1
    outer loop
      vertex 1.4961 1.48038 0
      vertex 1.4961 -1.48038 0
      vertex 1.49804 -1.4801 0
    endloop
  endfacet
  facet normal 0 0 1
    outer loop
      vertex 1.49419 1.48086 0
      vertex 1.4961 -1.48038 0
      vertex 1.4961 1.48038 0
    endloop
  endfacet
  facet normal 0 0 1
    outer loop
      vertex 1.49419 1.48086 0
      vertex 1.49419 -1.48086 0
      vertex 1.4961 -1.48038 0
    endloop
  endfacet
  facet normal 0 0 1
    outer loop
      vertex 1.49235 1.48152 0
      vertex 1.49419 -1.48086 0
      vertex 1.49419 1.48086 0
    endloop
  endfacet
  facet normal 0 0 1
    outer loop
      vertex 1.49235 1.48152 0
      vertex 1.49235 -1.48152 0
      vertex 1.49419 -1.48086 0
    endloop
  endfacet
  facet normal 0 0 1
    outer loop
      vertex 1.49057 1.48236 0
      vertex 1.49235 -1.48152 0
      vertex 1.49235 1.48152 0
    endloop
  endfacet
  facet normal 0 0 1
    outer loop
      vertex 1.49057 1.48236 0
      vertex 1.49057 -1.48236 0
      vertex 1.49235 -1.48152 0
    endloop
  endfacet
  facet normal 0 0 1
    outer loop
      vertex 1.48889 1.48337 0
      vertex 1.49057 -1.48236 0
      vertex 1.49057 1.48236 0
    endloop
  endfacet
  facet normal 0 0 1
    outer loop
      vertex 1.48889 1.48337 0
      vertex 1.48889 -1.48337 0
      vertex 1.49057 -1.48236 0
    endloop
  endfacet
  facet normal 0 0 1
    outer loop
      vertex 1.48731 1.48454 0
      vertex 1.48889 -1.48337 0
      vertex 1.48889 1.48337 0
    endloop
  endfacet
  facet normal 0 0 1
    outer loop
      vertex 1.48731 1.48454 0
      vertex 1.48731 -1.48454 0
      vertex 1.48889 -1.48337 0
    endloop
  endfacet
  facet normal 0 0 1
    outer loop
      vertex 1.48586 1.48586 0
      vertex 1.48731 -1.48454 0
      vertex 1.48731 1.48454 0
    endloop
  endfacet
  facet normal 0 0 1
    outer loop
      vertex 1.48586 1.48586 0
      vertex 1.48586 -1.48586 0
      vertex 1.48731 -1.48454 0
    endloop
  endfacet
  facet normal 0 0 1
    outer loop
      vertex -1.48152 1.49235 0
      vertex 1.48152 1.49235 0
      vertex -1.48086 1.49419 0
    endloop
  endfacet
  facet normal 0 0 1
    outer loop
      vertex 1.48152 1.49235 0
      vertex -1.48152 1.49235 0
      vertex 1.48236 1.49057 0
    endloop
  endfacet
  facet normal 0 0 1
    outer loop
      vertex 1.48086 1.49419 0
      vertex -1.48086 1.49419 0
      vertex 1.48152 1.49235 0
    endloop
  endfacet
  facet normal 0 0 1
    outer loop
      vertex -1.48236 1.49057 0
      vertex 1.48236 1.49057 0
      vertex -1.48152 1.49235 0
    endloop
  endfacet
  facet normal 0 0 1
    outer loop
      vertex -1.48086 1.49419 0
      vertex 1.48086 1.49419 0
      vertex -1.48038 1.4961 0
    endloop
  endfacet
  facet normal 0 0 1
    outer loop
      vertex 1.48586 -1.48586 0
      vertex -1.48 -1.5 0
      vertex 1.48454 -1.48731 0
    endloop
  endfacet
  facet normal 0 0 1
    outer loop
      vertex 1.48038 1.4961 0
      vertex -1.48038 1.4961 0
      vertex 1.48086 1.49419 0
    endloop
  endfacet
  facet normal 0 0 1
    outer loop
      vertex 1.48454 -1.48731 0
      vertex -1.48 -1.5 0
      vertex 1.48337 -1.48889 0
    endloop
  endfacet
  facet normal 0 0 1
    outer loop
      vertex -1.48038 1.4961 0
      vertex 1.48038 1.4961 0
      vertex -1.4801 1.49804 0
    endloop
  endfacet
  facet normal 0 0 1
    outer loop
      vertex 1.48337 -1.48889 0
      vertex -1.48 -1.5 0
      vertex 1.48236 -1.49057 0
    endloop
  endfacet
  facet normal 0 0 1
    outer loop
      vertex 1.4801 1.49804 0
      vertex -1.4801 1.49804 0
      vertex 1.48038 1.4961 0
    endloop
  endfacet
  facet normal 0 0 1
    outer loop
      vertex 1.48236 -1.49057 0
      vertex -1.48 -1.5 0
      vertex 1.48152 -1.49235 0
    endloop
  endfacet
  facet normal 0 0 1
    outer loop
      vertex -1.4801 1.49804 0
      vertex 1.4801 1.49804 0
      vertex -1.48 1.5 0
    endloop
  endfacet
  facet normal 0 0 1
    outer loop
      vertex 1.48152 -1.49235 0
      vertex -1.48 -1.5 0
      vertex 1.48086 -1.49419 0
    endloop
  endfacet
  facet normal -0 0 1
    outer loop
      vertex -1.48 1.5 0
      vertex 1.4801 1.49804 0
      vertex 1.48 1.5 0
    endloop
  endfacet
  facet normal 0 0 1
    outer loop
      vertex 1.48086 -1.49419 0
      vertex -1.48 -1.5 0
      vertex 1.48038 -1.4961 0
    endloop
  endfacet
  facet normal 0 0 1
    outer loop
      vertex 1.51764 4.49057 0
      vertex 4.48236 4.49057 0
      vertex 1.51848 4.49235 0
    endloop
  endfacet
  facet normal 0 0 1
    outer loop
      vertex 4.48586 4.48586 0
      vertex 1.5199 1.50196 0
      vertex 1.52 1.5 0
    endloop
  endfacet
  facet normal 0 0 1
    outer loop
      vertex 4.48236 4.49057 0
      vertex 1.51764 4.49057 0
      vertex 4.48337 4.48889 0
    endloop
  endfacet
  facet normal 0 0 1
    outer loop
      vertex 4.48586 4.48586 0
      vertex 1.51962 1.5039 0
      vertex 1.5199 1.50196 0
    endloop
  endfacet
  facet normal 0 0 1
    outer loop
      vertex 1.51663 4.48889 0
      vertex 4.48337 4.48889 0
      vertex 1.51764 4.49057 0
    endloop
  endfacet
  facet normal 0 0 1
    outer loop
      vertex 4.48586 4.48586 0
      vertex 1.51914 1.50581 0
      vertex 1.51962 1.5039 0
    endloop
  endfacet
  facet normal 0 0 1
    outer loop
      vertex 4.48337 4.48889 0
      vertex 1.51663 4.48889 0
      vertex 4.48454 4.48731 0
    endloop
  endfacet
  facet normal 0 0 1
    outer loop
      vertex 4.48586 4.48586 0
      vertex 1.51848 1.50765 0
      vertex 1.51914 1.50581 0
    endloop
  endfacet
  facet normal 0 0 1
    outer loop
      vertex 1.51546 4.48731 0
      vertex 4.48454 4.48731 0
      vertex 1.51663 4.48889 0
    endloop
  endfacet
  facet normal 0 0 1
    outer loop
      vertex 4.48586 4.48586 0
      vertex 1.51764 1.50943 0
      vertex 1.51848 1.50765 0
    endloop
  endfacet
  facet normal 0 0 1
    outer loop
      vertex 4.48454 4.48731 0
      vertex 1.51546 4.48731 0
      vertex 4.48586 4.48586 0
    endloop
  endfacet
  facet normal 0 0 1
    outer loop
      vertex 4.48586 4.48586 0
      vertex 1.51663 1.51111 0
      vertex 1.51764 1.50943 0
    endloop
  endfacet
  facet normal 0 0 1
    outer loop
      vertex 1.51414 4.48586 0
      vertex 4.48586 4.48586 0
      vertex 1.51546 4.48731 0
    endloop
  endfacet
  facet normal 0 0 1
    outer loop
      vertex 4.48586 4.48586 0
      vertex 1.51546 1.51269 0
      vertex 1.51663 1.51111 0
    endloop
  endfacet
  facet normal 0 0 1
    outer loop
      vertex 1.51414 1.51414 0
      vertex 4.48586 4.48586 0
      vertex 1.51414 4.48586 0
    endloop
  endfacet
  facet normal 0 0 1
    outer loop
      vertex 4.48586 4.48586 0
      vertex 1.51414 1.51414 0
      vertex 1.51546 1.51269 0
    endloop
  endfacet
  facet normal -0 0 1
    outer loop
      vertex 1.51269 4.48454 0
      vertex 1.51414 1.51414 0
      vertex 1.51414 4.48586 0
    endloop
  endfacet
  facet normal 0 0 1
    outer loop
      vertex 1.51269 4.48454 0
      vertex 1.51269 1.51546 0
      vertex 1.51414 1.51414 0
    endloop
  endfacet
  facet normal -0 0 1
    outer loop
      vertex 1.51111 4.48337 0
      vertex 1.51269 1.51546 0
      vertex 1.51269 4.48454 0
    endloop
  endfacet
  facet normal 0 0 1
    outer loop
      vertex 1.51111 4.48337 0
      vertex 1.51111 1.51663 0
      vertex 1.51269 1.51546 0
    endloop
  endfacet
  facet normal -0 0 1
    outer loop
      vertex 1.50943 4.48236 0
      vertex 1.51111 1.51663 0
      vertex 1.51111 4.48337 0
    endloop
  endfacet
  facet normal 0 0 1
    outer loop
      vertex 1.50943 4.48236 0
      vertex 1.50943 1.51764 0
      vertex 1.51111 1.51663 0
    endloop
  endfacet
  facet normal -0 0 1
    outer loop
      vertex 1.50765 4.48152 0
      vertex 1.50943 1.51764 0
      vertex 1.50943 4.48236 0
    endloop
  endfacet
  facet normal 0 0 1
    outer loop
      vertex 1.50765 4.48152 0
      vertex 1.50765 1.51848 0
      vertex 1.50943 1.51764 0
    endloop
  endfacet
  facet normal -0 0 1
    outer loop
      vertex 1.50581 4.48086 0
      vertex 1.50765 1.51848 0
      vertex 1.50765 4.48152 0
    endloop
  endfacet
  facet normal 0 0 1
    outer loop
      vertex 1.50581 4.48086 0
      vertex 1.50581 1.51914 0
      vertex 1.50765 1.51848 0
    endloop
  endfacet
  facet normal -0 0 1
    outer loop
      vertex 1.5039 4.48038 0
      vertex 1.50581 1.51914 0
      vertex 1.50581 4.48086 0
    endloop
  endfacet
  facet normal 0 0 1
    outer loop
      vertex 1.5039 4.48038 0
      vertex 1.5039 1.51962 0
      vertex 1.50581 1.51914 0
    endloop
  endfacet
  facet normal -0 0 1
    outer loop
      vertex 1.50196 4.4801 0
      vertex 1.5039 1.51962 0
      vertex 1.5039 4.48038 0
    endloop
  endfacet
  facet normal 0 0 1
    outer loop
      vertex 1.50196 4.4801 0
      vertex 1.50196 1.5199 0
      vertex 1.5039 1.51962 0
    endloop
  endfacet
  facet normal -0 0 1
    outer loop
      vertex 1.5 4.48 0
      vertex 1.50196 1.5199 0
      vertex 1.50196 4.4801 0
    endloop
  endfacet
  facet normal 0 0 1
    outer loop
      vertex 1.5 4.48 0
      vertex 1.5 1.52 0
      vertex 1.50196 1.5199 0
    endloop
  endfacet
  facet normal 0 0 1
    outer loop
      vertex 1.49804 4.4801 0
      vertex 1.5 1.52 0
      vertex 1.5 4.48 0
    endloop
  endfacet
  facet normal 0 0 1
    outer loop
      vertex 1.49804 4.4801 0
      vertex 1.49804 1.5199 0
      vertex 1.5 1.52 0
    endloop
  endfacet
  facet normal 0 0 1
    outer loop
      vertex 1.4961 4.48038 0
      vertex 1.49804 1.5199 0
      vertex 1.49804 4.4801 0
    endloop
  endfacet
  facet normal 0 0 1
    outer loop
      vertex 1.4961 4.48038 0
      vertex 1.4961 1.51962 0
      vertex 1.49804 1.5199 0
    endloop
  endfacet
  facet normal 0 0 1
    outer loop
      vertex 1.49419 4.48086 0
      vertex 1.4961 1.51962 0
      vertex 1.4961 4.48038 0
    endloop
  endfacet
  facet normal 0 0 1
    outer loop
      vertex 1.49419 4.48086 0
      vertex 1.49419 1.51914 0
      vertex 1.4961 1.51962 0
    endloop
  endfacet
  facet normal 0 0 1
    outer loop
      vertex 1.49235 4.48152 0
      vertex 1.49419 1.51914 0
      vertex 1.49419 4.48086 0
    endloop
  endfacet
  facet normal 0 0 1
    outer loop
      vertex 1.49235 4.48152 0
      vertex 1.49235 1.51848 0
      vertex 1.49419 1.51914 0
    endloop
  endfacet
  facet normal 0 0 1
    outer loop
      vertex 1.49057 4.48236 0
      vertex 1.49235 1.51848 0
      vertex 1.49235 4.48152 0
    endloop
  endfacet
  facet normal 0 0 1
    outer loop
      vertex 1.49057 4.48236 0
      vertex 1.49057 1.51764 0
      vertex 1.49235 1.51848 0
    endloop
  endfacet
  facet normal 0 0 1
    outer loop
      vertex 1.48889 4.48337 0
      vertex 1.49057 1.51764 0
      vertex 1.49057 4.48236 0
    endloop
  endfacet
  facet normal 0 0 1
    outer loop
      vertex 1.48889 4.48337 0
      vertex 1.48889 1.51663 0
      vertex 1.49057 1.51764 0
    endloop
  endfacet
  facet normal 0 0 1
    outer loop
      vertex 1.48731 4.48454 0
      vertex 1.48889 1.51663 0
      vertex 1.48889 4.48337 0
    endloop
  endfacet
  facet normal 0 0 1
    outer loop
      vertex 1.48731 4.48454 0
      vertex 1.48731 1.51546 0
      vertex 1.48889 1.51663 0
    endloop
  endfacet
  facet normal 0 0 1
    outer loop
      vertex 1.48586 4.48586 0
      vertex 1.48731 1.51546 0
      vertex 1.48731 4.48454 0
    endloop
  endfacet
  facet normal 0 0 1
    outer loop
      vertex 1.48586 4.48586 0
      vertex 1.48586 1.51414 0
      vertex 1.48731 1.51546 0
    endloop
  endfacet
  facet normal 0 0 1
    outer loop
      vertex -1.48152 4.49235 0
      vertex 1.48152 4.49235 0
      vertex -1.48086 4.49419 0
    endloop
  endfacet
  facet normal 0 0 1
    outer loop
      vertex 1.48586 4.48586 0
      vertex -1.48 1.5 0
      vertex 1.48586 1.51414 0
    endloop
  endfacet
  facet normal 0 0 1
    outer loop
      vertex 1.48086 4.49419 0
      vertex -1.48086 4.49419 0
      vertex 1.48152 4.49235 0
    endloop
  endfacet
  facet normal 0 0 1
    outer loop
      vertex 1.48586 1.51414 0
      vertex -1.48 1.5 0
      vertex 1.48454 1.51269 0
    endloop
  endfacet
  facet normal 0 0 1
    outer loop
      vertex -1.48086 4.49419 0
      vertex 1.48086 4.49419 0
      vertex -1.48038 4.4961 0
    endloop
  endfacet
  facet normal 0 0 1
    outer loop
      vertex 1.48454 1.51269 0
      vertex -1.48 1.5 0
      vertex 1.48337 1.51111 0
    endloop
  endfacet
  facet normal 0 0 1
    outer loop
      vertex 1.48038 4.4961 0
      vertex -1.48038 4.4961 0
      vertex 1.48086 4.49419 0
    endloop
  endfacet
  facet normal 0 0 1
    outer loop
      vertex 1.48337 1.51111 0
      vertex -1.48 1.5 0
      vertex 1.48236 1.50943 0
    endloop
  endfacet
  facet normal 0 0 1
    outer loop
      vertex -1.48038 4.4961 0
      vertex 1.48038 4.4961 0
      vertex -1.4801 4.49804 0
    endloop
  endfacet
  facet normal 0 0 1
    outer loop
      vertex 1.48236 1.50943 0
      vertex -1.48 1.5 0
      vertex 1.48152 1.50765 0
    endloop
  endfacet
  facet normal 0 0 1
    outer loop
      vertex 1.4801 4.49804 0
      vertex -1.4801 4.49804 0
      vertex 1.48038 4.4961 0
    endloop
  endfacet
  facet normal 0 0 1
    outer loop
      vertex 1.48152 1.50765 0
      vertex -1.48 1.5 0
      vertex 1.48086 1.50581 0
    endloop
  endfacet
  facet normal 0 0 1
    outer loop
      vertex -1.4801 4.49804 0
      vertex 1.4801 4.49804 0
      vertex -1.48 4.5 0
    endloop
  endfacet
  facet normal 0 0 1
    outer loop
      vertex 1.48086 1.50581 0
      vertex -1.48 1.5 0
      vertex 1.48038 1.5039 0
    endloop
  endfacet
  facet normal -0 0 1
    outer loop
      vertex -1.48 4.5 0
      vertex 1.4801 4.49804 0
      vertex 1.48 4.5 0
    endloop
  endfacet
  facet normal 0 0 1
    outer loop
      vertex 1.48038 1.5039 0
      vertex -1.48 1.5 0
      vertex 1.4801 1.50196 0
    endloop
  endfacet
  facet normal -0 0 1
    outer loop
      vertex 4.51962 -1.5039 0
      vertex 14 -9 0
      vertex 4.5199 -1.50196 0
    endloop
  endfacet
  facet normal 0 0 1
    outer loop
      vertex 14 -9 0
      vertex 4.5199 -4.49804 0
      vertex 4.52 -4.5 0
    endloop
  endfacet
  facet normal -0 0 1
    outer loop
      vertex 4.51962 -4.4961 0
      vertex 14 -9 0
      vertex 4.51962 -1.5039 0
    endloop
  endfacet
  facet normal 0 0 1
    outer loop
      vertex 14 -9 0
      vertex 4.51962 -4.4961 0
      vertex 4.5199 -4.49804 0
    endloop
  endfacet
  facet normal -0 0 1
    outer loop
      vertex 4.51914 -1.50581 0
      vertex 4.51962 -4.4961 0
      vertex 4.51962 -1.5039 0
    endloop
  endfacet
  facet normal 0 0 1
    outer loop
      vertex 4.51914 -1.50581 0
      vertex 4.51914 -4.49419 0
      vertex 4.51962 -4.4961 0
    endloop
  endfacet
  facet normal -0 0 1
    outer loop
      vertex 4.51848 -1.50765 0
      vertex 4.51914 -4.49419 0
      vertex 4.51914 -1.50581 0
    endloop
  endfacet
  facet normal 0 0 1
    outer loop
      vertex 4.51848 -1.50765 0
      vertex 4.51848 -4.49235 0
      vertex 4.51914 -4.49419 0
    endloop
  endfacet
  facet normal -0 0 1
    outer loop
      vertex 4.51764 -1.50943 0
      vertex 4.51848 -4.49235 0
      vertex 4.51848 -1.50765 0
    endloop
  endfacet
  facet normal 0 0 1
    outer loop
      vertex 4.51764 -1.50943 0
      vertex 4.51764 -4.49057 0
      vertex 4.51848 -4.49235 0
    endloop
  endfacet
  facet normal -0 0 1
    outer loop
      vertex 4.51663 -1.51111 0
      vertex 4.51764 -4.49057 0
      vertex 4.51764 -1.50943 0
    endloop
  endfacet
  facet normal 0 0 1
    outer loop
      vertex 4.51663 -1.51111 0
      vertex 4.51663 -4.48889 0
      vertex 4.51764 -4.49057 0
    endloop
  endfacet
  facet normal -0 0 1
    outer loop
      vertex 4.51546 -1.51269 0
      vertex 4.51663 -4.48889 0
      vertex 4.51663 -1.51111 0
    endloop
  endfacet
  facet normal 0 0 1
    outer loop
      vertex 4.51546 -1.51269 0
      vertex 4.51546 -4.48731 0
      vertex 4.51663 -4.48889 0
    endloop
  endfacet
  facet normal -0 0 1
    outer loop
      vertex 4.51414 -1.51414 0
      vertex 4.51546 -4.48731 0
      vertex 4.51546 -1.51269 0
    endloop
  endfacet
  facet normal 0 0 1
    outer loop
      vertex 4.51414 -1.51414 0
      vertex 4.51414 -4.48586 0
      vertex 4.51546 -4.48731 0
    endloop
  endfacet
  facet normal -0 0 1
    outer loop
      vertex 4.51269 -1.51546 0
      vertex 4.51414 -4.48586 0
      vertex 4.51414 -1.51414 0
    endloop
  endfacet
  facet normal 0 0 1
    outer loop
      vertex 4.51269 -1.51546 0
      vertex 4.51269 -4.48454 0
      vertex 4.51414 -4.48586 0
    endloop
  endfacet
  facet normal -0 0 1
    outer loop
      vertex 4.51111 -1.51663 0
      vertex 4.51269 -4.48454 0
      vertex 4.51269 -1.51546 0
    endloop
  endfacet
  facet normal 0 0 1
    outer loop
      vertex 4.51111 -1.51663 0
      vertex 4.51111 -4.48337 0
      vertex 4.51269 -4.48454 0
    endloop
  endfacet
  facet normal -0 0 1
    outer loop
      vertex 4.50943 -1.51764 0
      vertex 4.51111 -4.48337 0
      vertex 4.51111 -1.51663 0
    endloop
  endfacet
  facet normal 0 0 1
    outer loop
      vertex 4.50943 -1.51764 0
      vertex 4.50943 -4.48236 0
      vertex 4.51111 -4.48337 0
    endloop
  endfacet
  facet normal -0 0 1
    outer loop
      vertex 4.50765 -1.51848 0
      vertex 4.50943 -4.48236 0
      vertex 4.50943 -1.51764 0
    endloop
  endfacet
  facet normal 0 0 1
    outer loop
      vertex 4.50765 -1.51848 0
      vertex 4.50765 -4.48152 0
      vertex 4.50943 -4.48236 0
    endloop
  endfacet
  facet normal -0 0 1
    outer loop
      vertex 4.50581 -1.51914 0
      vertex 4.50765 -4.48152 0
      vertex 4.50765 -1.51848 0
    endloop
  endfacet
  facet normal 0 0 1
    outer loop
      vertex 4.50581 -1.51914 0
      vertex 4.50581 -4.48086 0
      vertex 4.50765 -4.48152 0
    endloop
  endfacet
  facet normal -0 0 1
    outer loop
      vertex 4.5039 -1.51962 0
      vertex 4.50581 -4.48086 0
      vertex 4.50581 -1.51914 0
    endloop
  endfacet
  facet normal 0 0 1
    outer loop
      vertex 4.5039 -1.51962 0
      vertex 4.5039 -4.48038 0
      vertex 4.50581 -4.48086 0
    endloop
  endfacet
  facet normal -0 0 1
    outer loop
      vertex 4.50196 -1.5199 0
      vertex 4.5039 -4.48038 0
      vertex 4.5039 -1.51962 0
    endloop
  endfacet
  facet normal 0 0 1
    outer loop
      vertex 4.50196 -1.5199 0
      vertex 4.50196 -4.4801 0
      vertex 4.5039 -4.48038 0
    endloop
  endfacet
  facet normal -0 0 1
    outer loop
      vertex 4.5 -1.52 0
      vertex 4.50196 -4.4801 0
      vertex 4.50196 -1.5199 0
    endloop
  endfacet
  facet normal 0 0 1
    outer loop
      vertex 4.5 -1.52 0
      vertex 4.5 -4.48 0
      vertex 4.50196 -4.4801 0
    endloop
  endfacet
  facet normal 0 0 1
    outer loop
      vertex 4.49804 -1.5199 0
      vertex 4.5 -4.48 0
      vertex 4.5 -1.52 0
    endloop
  endfacet
  facet normal 0 0 1
    outer loop
      vertex 4.49804 -1.5199 0
      vertex 4.49804 -4.4801 0
      vertex 4.5 -4.48 0
    endloop
  endfacet
  facet normal 0 0 1
    outer loop
      vertex 4.4961 -1.51962 0
      vertex 4.49804 -4.4801 0
      vertex 4.49804 -1.5199 0
    endloop
  endfacet
  facet normal 0 0 1
    outer loop
      vertex 4.4961 -1.51962 0
      vertex 4.4961 -4.48038 0
      vertex 4.49804 -4.4801 0
    endloop
  endfacet
  facet normal 0 0 1
    outer loop
      vertex 4.49419 -1.51914 0
      vertex 4.4961 -4.48038 0
      vertex 4.4961 -1.51962 0
    endloop
  endfacet
  facet normal 0 0 1
    outer loop
      vertex 4.49419 -1.51914 0
      vertex 4.49419 -4.48086 0
      vertex 4.4961 -4.48038 0
    endloop
  endfacet
  facet normal 0 0 1
    outer loop
      vertex 4.49235 -1.51848 0
      vertex 4.49419 -4.48086 0
      vertex 4.49419 -1.51914 0
    endloop
  endfacet
  facet normal 0 0 1
    outer loop
      vertex 4.49235 -1.51848 0
      vertex 4.49235 -4.48152 0
      vertex 4.49419 -4.48086 0
    endloop
  endfacet
  facet normal 0 0 1
    outer loop
      vertex 4.49057 -1.51764 0
      vertex 4.49235 -4.48152 0
      vertex 4.49235 -1.51848 0
    endloop
  endfacet
  facet normal 0 0 1
    outer loop
      vertex 4.49057 -1.51764 0
      vertex 4.49057 -4.48236 0
      vertex 4.49235 -4.48152 0
    endloop
  endfacet
  facet normal 0 0 1
    outer loop
      vertex 4.48889 -1.51663 0
      vertex 4.49057 -4.48236 0
      vertex 4.49057 -1.51764 0
    endloop
  endfacet
  facet normal 0 0 1
    outer loop
      vertex 4.48889 -1.51663 0
      vertex 4.48889 -4.48337 0
      vertex 4.49057 -4.48236 0
    endloop
  endfacet
  facet normal 0 0 1
    outer loop
      vertex 4.48731 -1.51546 0
      vertex 4.48889 -4.48337 0
      vertex 4.48889 -1.51663 0
    endloop
  endfacet
  facet normal 0 0 1
    outer loop
      vertex 4.48731 -1.51546 0
      vertex 4.48731 -4.48454 0
      vertex 4.48889 -4.48337 0
    endloop
  endfacet
  facet normal 0 0 1
    outer loop
      vertex 4.48586 -1.51414 0
      vertex 4.48731 -4.48454 0
      vertex 4.48731 -1.51546 0
    endloop
  endfacet
  facet normal 0 0 1
    outer loop
      vertex 4.48586 -1.51414 0
      vertex 4.48586 -4.48586 0
      vertex 4.48731 -4.48454 0
    endloop
  endfacet
  facet normal 0 0 1
    outer loop
      vertex 1.51848 -1.50765 0
      vertex 4.48152 -1.50765 0
      vertex 1.51914 -1.50581 0
    endloop
  endfacet
  facet normal 0 0 1
    outer loop
      vertex 4.48152 -1.50765 0
      vertex 1.51848 -1.50765 0
      vertex 4.48236 -1.50943 0
    endloop
  endfacet
  facet normal 0 0 1
    outer loop
      vertex 4.48086 -1.50581 0
      vertex 1.51914 -1.50581 0
      vertex 4.48152 -1.50765 0
    endloop
  endfacet
  facet normal 0 0 1
    outer loop
      vertex 1.51764 -1.50943 0
      vertex 4.48236 -1.50943 0
      vertex 1.51848 -1.50765 0
    endloop
  endfacet
  facet normal 0 0 1
    outer loop
      vertex 1.51914 -1.50581 0
      vertex 4.48086 -1.50581 0
      vertex 1.51962 -1.5039 0
    endloop
  endfacet
  facet normal 0 0 1
    outer loop
      vertex 4.48586 -4.48586 0
      vertex 1.52 -4.5 0
      vertex 4.48454 -4.48731 0
    endloop
  endfacet
  facet normal 0 0 1
    outer loop
      vertex 4.48038 -1.5039 0
      vertex 1.51962 -1.5039 0
      vertex 4.48086 -1.50581 0
    endloop
  endfacet
  facet normal 0 0 1
    outer loop
      vertex 4.48454 -4.48731 0
      vertex 1.52 -4.5 0
      vertex 4.48337 -4.48889 0
    endloop
  endfacet
  facet normal 0 0 1
    outer loop
      vertex 1.51962 -1.5039 0
      vertex 4.48038 -1.5039 0
      vertex 1.5199 -1.50196 0
    endloop
  endfacet
  facet normal 0 0 1
    outer loop
      vertex 4.48337 -4.48889 0
      vertex 1.52 -4.5 0
      vertex 4.48236 -4.49057 0
    endloop
  endfacet
  facet normal 0 0 1
    outer loop
      vertex 4.4801 -1.50196 0
      vertex 1.5199 -1.50196 0
      vertex 4.48038 -1.5039 0
    endloop
  endfacet
  facet normal 0 0 1
    outer loop
      vertex 4.48236 -4.49057 0
      vertex 1.52 -4.5 0
      vertex 4.48152 -4.49235 0
    endloop
  endfacet
  facet normal 0 0 1
    outer loop
      vertex 1.5199 -1.50196 0
      vertex 4.4801 -1.50196 0
      vertex 1.52 -1.5 0
    endloop
  endfacet
  facet normal 0 0 1
    outer loop
      vertex 4.48152 -4.49235 0
      vertex 1.52 -4.5 0
      vertex 4.48086 -4.49419 0
    endloop
  endfacet
  facet normal -0 0 1
    outer loop
      vertex 1.52 -1.5 0
      vertex 4.4801 -1.50196 0
      vertex 4.48 -1.5 0
    endloop
  endfacet
  facet normal 0 0 1
    outer loop
      vertex 4.48086 -4.49419 0
      vertex 1.52 -4.5 0
      vertex 4.48038 -4.4961 0
    endloop
  endfacet
  facet normal -0 0 1
    outer loop
      vertex 4.51962 1.4961 0
      vertex 14 -9 0
      vertex 4.5199 1.49804 0
    endloop
  endfacet
  facet normal 0 0 1
    outer loop
      vertex 14 -9 0
      vertex 4.5199 -1.49804 0
      vertex 4.52 -1.5 0
    endloop
  endfacet
  facet normal -0 0 1
    outer loop
      vertex 4.51962 -1.4961 0
      vertex 14 -9 0
      vertex 4.51962 1.4961 0
    endloop
  endfacet
  facet normal 0 0 1
    outer loop
      vertex 14 -9 0
      vertex 4.51962 -1.4961 0
      vertex 4.5199 -1.49804 0
    endloop
  endfacet
  facet normal -0 0 1
    outer loop
      vertex 4.51914 1.49419 0
      vertex 4.51962 -1.4961 0
      vertex 4.51962 1.4961 0
    endloop
  endfacet
  facet normal 0 0 1
    outer loop
      vertex 4.51914 1.49419 0
      vertex 4.51914 -1.49419 0
      vertex 4.51962 -1.4961 0
    endloop
  endfacet
  facet normal -0 0 1
    outer loop
      vertex 4.51848 1.49235 0
      vertex 4.51914 -1.49419 0
      vertex 4.51914 1.49419 0
    endloop
  endfacet
  facet normal 0 0 1
    outer loop
      vertex 4.51848 1.49235 0
      vertex 4.51848 -1.49235 0
      vertex 4.51914 -1.49419 0
    endloop
  endfacet
  facet normal -0 0 1
    outer loop
      vertex 4.51764 1.49057 0
      vertex 4.51848 -1.49235 0
      vertex 4.51848 1.49235 0
    endloop
  endfacet
  facet normal 0 0 1
    outer loop
      vertex 4.51764 1.49057 0
      vertex 4.51764 -1.49057 0
      vertex 4.51848 -1.49235 0
    endloop
  endfacet
  facet normal -0 0 1
    outer loop
      vertex 4.51663 1.48889 0
      vertex 4.51764 -1.49057 0
      vertex 4.51764 1.49057 0
    endloop
  endfacet
  facet normal 0 0 1
    outer loop
      vertex 4.51663 1.48889 0
      vertex 4.51663 -1.48889 0
      vertex 4.51764 -1.49057 0
    endloop
  endfacet
  facet normal -0 0 1
    outer loop
      vertex 4.51546 1.48731 0
      vertex 4.51663 -1.48889 0
      vertex 4.51663 1.48889 0
    endloop
  endfacet
  facet normal 0 0 1
    outer loop
      vertex 4.51546 1.48731 0
      vertex 4.51546 -1.48731 0
      vertex 4.51663 -1.48889 0
    endloop
  endfacet
  facet normal -0 0 1
    outer loop
      vertex 4.51414 1.48586 0
      vertex 4.51546 -1.48731 0
      vertex 4.51546 1.48731 0
    endloop
  endfacet
  facet normal 0 0 1
    outer loop
      vertex 4.51414 1.48586 0
      vertex 4.51414 -1.48586 0
      vertex 4.51546 -1.48731 0
    endloop
  endfacet
  facet normal -0 0 1
    outer loop
      vertex 4.51269 1.48454 0
      vertex 4.51414 -1.48586 0
      vertex 4.51414 1.48586 0
    endloop
  endfacet
  facet normal 0 0 1
    outer loop
      vertex 4.51269 1.48454 0
      vertex 4.51269 -1.48454 0
      vertex 4.51414 -1.48586 0
    endloop
  endfacet
  facet normal -0 0 1
    outer loop
      vertex 4.51111 1.48337 0
      vertex 4.51269 -1.48454 0
      vertex 4.51269 1.48454 0
    endloop
  endfacet
  facet normal 0 0 1
    outer loop
      vertex 4.51111 1.48337 0
      vertex 4.51111 -1.48337 0
      vertex 4.51269 -1.48454 0
    endloop
  endfacet
  facet normal -0 0 1
    outer loop
      vertex 4.50943 1.48236 0
      vertex 4.51111 -1.48337 0
      vertex 4.51111 1.48337 0
    endloop
  endfacet
  facet normal 0 0 1
    outer loop
      vertex 4.50943 1.48236 0
      vertex 4.50943 -1.48236 0
      vertex 4.51111 -1.48337 0
    endloop
  endfacet
  facet normal -0 0 1
    outer loop
      vertex 4.50765 1.48152 0
      vertex 4.50943 -1.48236 0
      vertex 4.50943 1.48236 0
    endloop
  endfacet
  facet normal 0 0 1
    outer loop
      vertex 4.50765 1.48152 0
      vertex 4.50765 -1.48152 0
      vertex 4.50943 -1.48236 0
    endloop
  endfacet
  facet normal -0 0 1
    outer loop
      vertex 4.50581 1.48086 0
      vertex 4.50765 -1.48152 0
      vertex 4.50765 1.48152 0
    endloop
  endfacet
  facet normal 0 0 1
    outer loop
      vertex 4.50581 1.48086 0
      vertex 4.50581 -1.48086 0
      vertex 4.50765 -1.48152 0
    endloop
  endfacet
  facet normal -0 0 1
    outer loop
      vertex 4.5039 1.48038 0
      vertex 4.50581 -1.48086 0
      vertex 4.50581 1.48086 0
    endloop
  endfacet
  facet normal 0 0 1
    outer loop
      vertex 4.5039 1.48038 0
      vertex 4.5039 -1.48038 0
      vertex 4.50581 -1.48086 0
    endloop
  endfacet
  facet normal -0 0 1
    outer loop
      vertex 4.50196 1.4801 0
      vertex 4.5039 -1.48038 0
      vertex 4.5039 1.48038 0
    endloop
  endfacet
  facet normal 0 0 1
    outer loop
      vertex 4.50196 1.4801 0
      vertex 4.50196 -1.4801 0
      vertex 4.5039 -1.48038 0
    endloop
  endfacet
  facet normal -0 0 1
    outer loop
      vertex 4.5 1.48 0
      vertex 4.50196 -1.4801 0
      vertex 4.50196 1.4801 0
    endloop
  endfacet
  facet normal 0 0 1
    outer loop
      vertex 4.5 1.48 0
      vertex 4.5 -1.48 0
      vertex 4.50196 -1.4801 0
    endloop
  endfacet
  facet normal 0 0 1
    outer loop
      vertex 4.49804 1.4801 0
      vertex 4.5 -1.48 0
      vertex 4.5 1.48 0
    endloop
  endfacet
  facet normal 0 0 1
    outer loop
      vertex 4.49804 1.4801 0
      vertex 4.49804 -1.4801 0
      vertex 4.5 -1.48 0
    endloop
  endfacet
  facet normal 0 0 1
    outer loop
      vertex 4.4961 1.48038 0
      vertex 4.49804 -1.4801 0
      vertex 4.49804 1.4801 0
    endloop
  endfacet
  facet normal 0 0 1
    outer loop
      vertex 4.4961 1.48038 0
      vertex 4.4961 -1.48038 0
      vertex 4.49804 -1.4801 0
    endloop
  endfacet
  facet normal 0 0 1
    outer loop
      vertex 4.49419 1.48086 0
      vertex 4.4961 -1.48038 0
      vertex 4.4961 1.48038 0
    endloop
  endfacet
  facet normal 0 0 1
    outer loop
      vertex 4.49419 1.48086 0
      vertex 4.49419 -1.48086 0
      vertex 4.4961 -1.48038 0
    endloop
  endfacet
  facet normal 0 0 1
    outer loop
      vertex 4.49235 1.48152 0
      vertex 4.49419 -1.48086 0
      vertex 4.49419 1.48086 0
    endloop
  endfacet
  facet normal 0 0 1
    outer loop
      vertex 4.49235 1.48152 0
      vertex 4.49235 -1.48152 0
      vertex 4.49419 -1.48086 0
    endloop
  endfacet
  facet normal 0 0 1
    outer loop
      vertex 4.49057 1.48236 0
      vertex 4.49235 -1.48152 0
      vertex 4.49235 1.48152 0
    endloop
  endfacet
  facet normal 0 0 1
    outer loop
      vertex 4.49057 1.48236 0
      vertex 4.49057 -1.48236 0
      vertex 4.49235 -1.48152 0
    endloop
  endfacet
  facet normal 0 0 1
    outer loop
      vertex 4.48889 1.48337 0
      vertex 4.49057 -1.48236 0
      vertex 4.49057 1.48236 0
    endloop
  endfacet
  facet normal 0 0 1
    outer loop
      vertex 4.48889 1.48337 0
      vertex 4.48889 -1.48337 0
      vertex 4.49057 -1.48236 0
    endloop
  endfacet
  facet normal 0 0 1
    outer loop
      vertex 4.48731 1.48454 0
      vertex 4.48889 -1.48337 0
      vertex 4.48889 1.48337 0
    endloop
  endfacet
  facet normal 0 0 1
    outer loop
      vertex 4.48731 1.48454 0
      vertex 4.48731 -1.48454 0
      vertex 4.48889 -1.48337 0
    endloop
  endfacet
  facet normal 0 0 1
    outer loop
      vertex 4.48586 1.48586 0
      vertex 4.48731 -1.48454 0
      vertex 4.48731 1.48454 0
    endloop
  endfacet
  facet normal 0 0 1
    outer loop
      vertex 4.48586 1.48586 0
      vertex 4.48586 -1.48586 0
      vertex 4.48731 -1.48454 0
    endloop
  endfacet
  facet normal 0 0 1
    outer loop
      vertex 1.51848 1.49235 0
      vertex 4.48152 1.49235 0
      vertex 1.51914 1.49419 0
    endloop
  endfacet
  facet normal 0 0 1
    outer loop
      vertex 4.48152 1.49235 0
      vertex 1.51848 1.49235 0
      vertex 4.48236 1.49057 0
    endloop
  endfacet
  facet normal 0 0 1
    outer loop
      vertex 4.48086 1.49419 0
      vertex 1.51914 1.49419 0
      vertex 4.48152 1.49235 0
    endloop
  endfacet
  facet normal 0 0 1
    outer loop
      vertex 1.51764 1.49057 0
      vertex 4.48236 1.49057 0
      vertex 1.51848 1.49235 0
    endloop
  endfacet
  facet normal 0 0 1
    outer loop
      vertex 1.51914 1.49419 0
      vertex 4.48086 1.49419 0
      vertex 1.51962 1.4961 0
    endloop
  endfacet
  facet normal 0 0 1
    outer loop
      vertex 4.48586 -1.48586 0
      vertex 1.52 -1.5 0
      vertex 4.48454 -1.48731 0
    endloop
  endfacet
  facet normal 0 0 1
    outer loop
      vertex 4.48038 1.4961 0
      vertex 1.51962 1.4961 0
      vertex 4.48086 1.49419 0
    endloop
  endfacet
  facet normal 0 0 1
    outer loop
      vertex 4.48454 -1.48731 0
      vertex 1.52 -1.5 0
      vertex 4.48337 -1.48889 0
    endloop
  endfacet
  facet normal 0 0 1
    outer loop
      vertex 1.51962 1.4961 0
      vertex 4.48038 1.4961 0
      vertex 1.5199 1.49804 0
    endloop
  endfacet
  facet normal 0 0 1
    outer loop
      vertex 4.48337 -1.48889 0
      vertex 1.52 -1.5 0
      vertex 4.48236 -1.49057 0
    endloop
  endfacet
  facet normal 0 0 1
    outer loop
      vertex 4.4801 1.49804 0
      vertex 1.5199 1.49804 0
      vertex 4.48038 1.4961 0
    endloop
  endfacet
  facet normal 0 0 1
    outer loop
      vertex 4.48236 -1.49057 0
      vertex 1.52 -1.5 0
      vertex 4.48152 -1.49235 0
    endloop
  endfacet
  facet normal 0 0 1
    outer loop
      vertex 1.5199 1.49804 0
      vertex 4.4801 1.49804 0
      vertex 1.52 1.5 0
    endloop
  endfacet
  facet normal 0 0 1
    outer loop
      vertex 4.48152 -1.49235 0
      vertex 1.52 -1.5 0
      vertex 4.48086 -1.49419 0
    endloop
  endfacet
  facet normal -0 0 1
    outer loop
      vertex 1.52 1.5 0
      vertex 4.4801 1.49804 0
      vertex 4.48 1.5 0
    endloop
  endfacet
  facet normal 0 0 1
    outer loop
      vertex 4.48086 -1.49419 0
      vertex 1.52 -1.5 0
      vertex 4.48038 -1.4961 0
    endloop
  endfacet
  facet normal 0 0 1
    outer loop
      vertex 4.51962 4.4961 0
      vertex 9 9 0
      vertex 4.5199 4.49804 0
    endloop
  endfacet
  facet normal 0 0 1
    outer loop
      vertex 9 9 0
      vertex 4.5199 1.50196 0
      vertex 4.52 1.5 0
    endloop
  endfacet
  facet normal 0 0 1
    outer loop
      vertex 4.51962 1.5039 0
      vertex 9 9 0
      vertex 4.51962 4.4961 0
    endloop
  endfacet
  facet normal 0 0 1
    outer loop
      vertex 9 9 0
      vertex 4.51962 1.5039 0
      vertex 4.5199 1.50196 0
    endloop
  endfacet
  facet normal -0 0 1
    outer loop
      vertex 4.51914 4.49419 0
      vertex 4.51962 1.5039 0
      vertex 4.51962 4.4961 0
    endloop
  endfacet
  facet normal 0 0 1
    outer loop
      vertex 4.51914 4.49419 0
      vertex 4.51914 1.50581 0
      vertex 4.51962 1.5039 0
    endloop
  endfacet
  facet normal -0 0 1
    outer loop
      vertex 4.51848 4.49235 0
      vertex 4.51914 1.50581 0
      vertex 4.51914 4.49419 0
    endloop
  endfacet
  facet normal 0 0 1
    outer loop
      vertex 4.51848 4.49235 0
      vertex 4.51848 1.50765 0
      vertex 4.51914 1.50581 0
    endloop
  endfacet
  facet normal -0 0 1
    outer loop
      vertex 4.51764 4.49057 0
      vertex 4.51848 1.50765 0
      vertex 4.51848 4.49235 0
    endloop
  endfacet
  facet normal 0 0 1
    outer loop
      vertex 4.51764 4.49057 0
      vertex 4.51764 1.50943 0
      vertex 4.51848 1.50765 0
    endloop
  endfacet
  facet normal -0 0 1
    outer loop
      vertex 4.51663 4.48889 0
      vertex 4.51764 1.50943 0
      vertex 4.51764 4.49057 0
    endloop
  endfacet
  facet normal 0 0 1
    outer loop
      vertex 4.51663 4.48889 0
      vertex 4.51663 1.51111 0
      vertex 4.51764 1.50943 0
    endloop
  endfacet
  facet normal -0 0 1
    outer loop
      vertex 4.51546 4.48731 0
      vertex 4.51663 1.51111 0
      vertex 4.51663 4.48889 0
    endloop
  endfacet
  facet normal 0 0 1
    outer loop
      vertex 4.51546 4.48731 0
      vertex 4.51546 1.51269 0
      vertex 4.51663 1.51111 0
    endloop
  endfacet
  facet normal -0 0 1
    outer loop
      vertex 4.51414 4.48586 0
      vertex 4.51546 1.51269 0
      vertex 4.51546 4.48731 0
    endloop
  endfacet
  facet normal 0 0 1
    outer loop
      vertex 4.51414 4.48586 0
      vertex 4.51414 1.51414 0
      vertex 4.51546 1.51269 0
    endloop
  endfacet
  facet normal -0 0 1
    outer loop
      vertex 4.51269 4.48454 0
      vertex 4.51414 1.51414 0
      vertex 4.51414 4.48586 0
    endloop
  endfacet
  facet normal 0 0 1
    outer loop
      vertex 4.51269 4.48454 0
      vertex 4.51269 1.51546 0
      vertex 4.51414 1.51414 0
    endloop
  endfacet
  facet normal -0 0 1
    outer loop
      vertex 4.51111 4.48337 0
      vertex 4.51269 1.51546 0
      vertex 4.51269 4.48454 0
    endloop
  endfacet
  facet normal 0 0 1
    outer loop
      vertex 4.51111 4.48337 0
      vertex 4.51111 1.51663 0
      vertex 4.51269 1.51546 0
    endloop
  endfacet
  facet normal -0 0 1
    outer loop
      vertex 4.50943 4.48236 0
      vertex 4.51111 1.51663 0
      vertex 4.51111 4.48337 0
    endloop
  endfacet
  facet normal 0 0 1
    outer loop
      vertex 4.50943 4.48236 0
      vertex 4.50943 1.51764 0
      vertex 4.51111 1.51663 0
    endloop
  endfacet
  facet normal -0 0 1
    outer loop
      vertex 4.50765 4.48152 0
      vertex 4.50943 1.51764 0
      vertex 4.50943 4.48236 0
    endloop
  endfacet
  facet normal 0 0 1
    outer loop
      vertex 4.50765 4.48152 0
      vertex 4.50765 1.51848 0
      vertex 4.50943 1.51764 0
    endloop
  endfacet
  facet normal -0 0 1
    outer loop
      vertex 4.50581 4.48086 0
      vertex 4.50765 1.51848 0
      vertex 4.50765 4.48152 0
    endloop
  endfacet
  facet normal 0 0 1
    outer loop
      vertex 4.50581 4.48086 0
      vertex 4.50581 1.51914 0
      vertex 4.50765 1.51848 0
    endloop
  endfacet
  facet normal -0 0 1
    outer loop
      vertex 4.5039 4.48038 0
      vertex 4.50581 1.51914 0
      vertex 4.50581 4.48086 0
    endloop
  endfacet
  facet normal 0 0 1
    outer loop
      vertex 4.5039 4.48038 0
      vertex 4.5039 1.51962 0
      vertex 4.50581 1.51914 0
    endloop
  endfacet
  facet normal -0 0 1
    outer loop
      vertex 4.50196 4.4801 0
      vertex 4.5039 1.51962 0
      vertex 4.5039 4.48038 0
    endloop
  endfacet
  facet normal 0 0 1
    outer loop
      vertex 4.50196 4.4801 0
      vertex 4.50196 1.5199 0
      vertex 4.5039 1.51962 0
    endloop
  endfacet
  facet normal -0 0 1
    outer loop
      vertex 4.5 4.48 0
      vertex 4.50196 1.5199 0
      vertex 4.50196 4.4801 0
    endloop
  endfacet
  facet normal 0 0 1
    outer loop
      vertex 4.5 4.48 0
      vertex 4.5 1.52 0
      vertex 4.50196 1.5199 0
    endloop
  endfacet
  facet normal 0 0 1
    outer loop
      vertex 4.49804 4.4801 0
      vertex 4.5 1.52 0
      vertex 4.5 4.48 0
    endloop
  endfacet
  facet normal 0 0 1
    outer loop
      vertex 4.49804 4.4801 0
      vertex 4.49804 1.5199 0
      vertex 4.5 1.52 0
    endloop
  endfacet
  facet normal 0 0 1
    outer loop
      vertex 4.4961 4.48038 0
      vertex 4.49804 1.5199 0
      vertex 4.49804 4.4801 0
    endloop
  endfacet
  facet normal 0 0 1
    outer loop
      vertex 4.4961 4.48038 0
      vertex 4.4961 1.51962 0
      vertex 4.49804 1.5199 0
    endloop
  endfacet
  facet normal 0 0 1
    outer loop
      vertex 4.49419 4.48086 0
      vertex 4.4961 1.51962 0
      vertex 4.4961 4.48038 0
    endloop
  endfacet
  facet normal 0 0 1
    outer loop
      vertex 4.49419 4.48086 0
      vertex 4.49419 1.51914 0
      vertex 4.4961 1.51962 0
    endloop
  endfacet
  facet normal 0 0 1
    outer loop
      vertex 4.49235 4.48152 0
      vertex 4.49419 1.51914 0
      vertex 4.49419 4.48086 0
    endloop
  endfacet
  facet normal 0 0 1
    outer loop
      vertex 4.49235 4.48152 0
      vertex 4.49235 1.51848 0
      vertex 4.49419 1.51914 0
    endloop
  endfacet
  facet normal 0 0 1
    outer loop
      vertex 4.49057 4.48236 0
      vertex 4.49235 1.51848 0
      vertex 4.49235 4.48152 0
    endloop
  endfacet
  facet normal 0 0 1
    outer loop
      vertex 4.49057 4.48236 0
      vertex 4.49057 1.51764 0
      vertex 4.49235 1.51848 0
    endloop
  endfacet
  facet normal 0 0 1
    outer loop
      vertex 4.48889 4.48337 0
      vertex 4.49057 1.51764 0
      vertex 4.49057 4.48236 0
    endloop
  endfacet
  facet normal 0 0 1
    outer loop
      vertex 4.48889 4.48337 0
      vertex 4.48889 1.51663 0
      vertex 4.49057 1.51764 0
    endloop
  endfacet
  facet normal 0 0 1
    outer loop
      vertex 4.48731 4.48454 0
      vertex 4.48889 1.51663 0
      vertex 4.48889 4.48337 0
    endloop
  endfacet
  facet normal 0 0 1
    outer loop
      vertex 4.48731 4.48454 0
      vertex 4.48731 1.51546 0
      vertex 4.48889 1.51663 0
    endloop
  endfacet
  facet normal 0 0 1
    outer loop
      vertex 4.48586 4.48586 0
      vertex 4.48731 1.51546 0
      vertex 4.48731 4.48454 0
    endloop
  endfacet
  facet normal 0 0 1
    outer loop
      vertex 4.48586 4.48586 0
      vertex 4.48586 1.51414 0
      vertex 4.48731 1.51546 0
    endloop
  endfacet
  facet normal 0 0 1
    outer loop
      vertex 1.51848 4.49235 0
      vertex 4.48152 4.49235 0
      vertex 1.51914 4.49419 0
    endloop
  endfacet
  facet normal 0 0 1
    outer loop
      vertex 4.48586 4.48586 0
      vertex 1.52 1.5 0
      vertex 4.48586 1.51414 0
    endloop
  endfacet
  facet normal 0 0 1
    outer loop
      vertex 4.48086 4.49419 0
      vertex 1.51914 4.49419 0
      vertex 4.48152 4.49235 0
    endloop
  endfacet
  facet normal 0 0 1
    outer loop
      vertex 4.48586 1.51414 0
      vertex 1.52 1.5 0
      vertex 4.48454 1.51269 0
    endloop
  endfacet
  facet normal 0 0 1
    outer loop
      vertex 1.51914 4.49419 0
      vertex 4.48086 4.49419 0
      vertex 1.51962 4.4961 0
    endloop
  endfacet
  facet normal 0 0 1
    outer loop
      vertex 4.48454 1.51269 0
      vertex 1.52 1.5 0
      vertex 4.48337 1.51111 0
    endloop
  endfacet
  facet normal 0 0 1
    outer loop
      vertex 4.48038 4.4961 0
      vertex 1.51962 4.4961 0
      vertex 4.48086 4.49419 0
    endloop
  endfacet
  facet normal 0 0 1
    outer loop
      vertex 4.48337 1.51111 0
      vertex 1.52 1.5 0
      vertex 4.48236 1.50943 0
    endloop
  endfacet
  facet normal 0 0 1
    outer loop
      vertex 1.51962 4.4961 0
      vertex 4.48038 4.4961 0
      vertex 1.5199 4.49804 0
    endloop
  endfacet
  facet normal 0 0 1
    outer loop
      vertex 4.48236 1.50943 0
      vertex 1.52 1.5 0
      vertex 4.48152 1.50765 0
    endloop
  endfacet
  facet normal 0 0 1
    outer loop
      vertex 4.4801 4.49804 0
      vertex 1.5199 4.49804 0
      vertex 4.48038 4.4961 0
    endloop
  endfacet
  facet normal 0 0 1
    outer loop
      vertex 4.48152 1.50765 0
      vertex 1.52 1.5 0
      vertex 4.48086 1.50581 0
    endloop
  endfacet
  facet normal 0 0 1
    outer loop
      vertex 1.5199 4.49804 0
      vertex 4.4801 4.49804 0
      vertex 1.52 4.5 0
    endloop
  endfacet
  facet normal 0 0 1
    outer loop
      vertex 4.48086 1.50581 0
      vertex 1.52 1.5 0
      vertex 4.48038 1.5039 0
    endloop
  endfacet
  facet normal -0 0 1
    outer loop
      vertex 1.52 4.5 0
      vertex 4.4801 4.49804 0
      vertex 4.48 4.5 0
    endloop
  endfacet
  facet normal 0 0 1
    outer loop
      vertex 4.48038 1.5039 0
      vertex 1.52 1.5 0
      vertex 4.4801 1.50196 0
    endloop
  endfacet
  facet normal 0 0 1
    outer loop
      vertex 9 9 0
      vertex 4.5199 4.50196 0
      vertex 4.52 4.5 0
    endloop
  endfacet
  facet normal 0 0 1
    outer loop
      vertex 9 9 0
      vertex 4.51962 4.5039 0
      vertex 4.5199 4.50196 0
    endloop
  endfacet
  facet normal 0 0 1
    outer loop
      vertex 9 9 0
      vertex 4.51914 4.50581 0
      vertex 4.51962 4.5039 0
    endloop
  endfacet
  facet normal 0 0 1
    outer loop
      vertex 9 9 0
      vertex 4.51848 4.50765 0
      vertex 4.51914 4.50581 0
    endloop
  endfacet
  facet normal 0 0 1
    outer loop
      vertex 9 9 0
      vertex 4.51764 4.50943 0
      vertex 4.51848 4.50765 0
    endloop
  endfacet
  facet normal 0 0 1
    outer loop
      vertex 9 9 0
      vertex 4.51663 4.51111 0
      vertex 4.51764 4.50943 0
    endloop
  endfacet
  facet normal 0 0 1
    outer loop
      vertex 9 9 0
      vertex 4.51546 4.51269 0
      vertex 4.51663 4.51111 0
    endloop
  endfacet
  facet normal 0 0 1
    outer loop
      vertex 9 9 0
      vertex 4.51414 4.51414 0
      vertex 4.51546 4.51269 0
    endloop
  endfacet
  facet normal 0 0 1
    outer loop
      vertex 9 9 0
      vertex 4.51269 4.51546 0
      vertex 4.51414 4.51414 0
    endloop
  endfacet
  facet normal 0 0 1
    outer loop
      vertex 9 9 0
      vertex 4.51111 4.51663 0
      vertex 4.51269 4.51546 0
    endloop
  endfacet
  facet normal 0 0 1
    outer loop
      vertex 9 9 0
      vertex 4.50943 4.51764 0
      vertex 4.51111 4.51663 0
    endloop
  endfacet
  facet normal 0 0 1
    outer loop
      vertex 9 9 0
      vertex 4.50765 4.51848 0
      vertex 4.50943 4.51764 0
    endloop
  endfacet
  facet normal 0 0 1
    outer loop
      vertex 9 9 0
      vertex 4.50581 4.51914 0
      vertex 4.50765 4.51848 0
    endloop
  endfacet
  facet normal 0 0 1
    outer loop
      vertex 9 9 0
      vertex 4.5039 4.51962 0
      vertex 4.50581 4.51914 0
    endloop
  endfacet
  facet normal 0 0 1
    outer loop
      vertex 9 9 0
      vertex 4.50196 4.5199 0
      vertex 4.5039 4.51962 0
    endloop
  endfacet
  facet normal 0 0 1
    outer loop
      vertex 9 9 0
      vertex 4.5 4.52 0
      vertex 4.50196 4.5199 0
    endloop
  endfacet
  facet normal 0 0 1
    outer loop
      vertex 9 9 0
      vertex 4.49804 4.5199 0
      vertex 4.5 4.52 0
    endloop
  endfacet
  facet normal 0 0 1
    outer loop
      vertex 9 9 0
      vertex 4.4961 4.51962 0
      vertex 4.49804 4.5199 0
    endloop
  endfacet
  facet normal 0 0 1
    outer loop
      vertex 9 9 0
      vertex 4.49419 4.51914 0
      vertex 4.4961 4.51962 0
    endloop
  endfacet
  facet normal 0 0 1
    outer loop
      vertex 1.50581 4.51914 0
      vertex 4.49419 4.51914 0
      vertex 9 9 0
    endloop
  endfacet
  facet normal 0 0 1
    outer loop
      vertex 4.49419 4.51914 0
      vertex 1.50581 4.51914 0
      vertex 4.49235 4.51848 0
    endloop
  endfacet
  facet normal 0 -0 1
    outer loop
      vertex 1.50765 4.51848 0
      vertex 4.49235 4.51848 0
      vertex 1.50581 4.51914 0
    endloop
  endfacet
  facet normal 0 0 1
    outer loop
      vertex 4.49235 4.51848 0
      vertex 1.50765 4.51848 0
      vertex 4.49057 4.51764 0
    endloop
  endfacet
  facet normal 0 -0 1
    outer loop
      vertex 1.50943 4.51764 0
      vertex 4.49057 4.51764 0
      vertex 1.50765 4.51848 0
    endloop
  endfacet
  facet normal 0 0 1
    outer loop
      vertex 4.4801 1.50196 0
      vertex 1.52 1.5 0
      vertex 4.48 1.5 0
    endloop
  endfacet
  facet normal 0 0 1
    outer loop
      vertex 4.48038 -1.4961 0
      vertex 1.52 -1.5 0
      vertex 4.4801 -1.49804 0
    endloop
  endfacet
  facet normal 0 0 1
    outer loop
      vertex 4.48152 4.49235 0
      vertex 1.51848 4.49235 0
      vertex 4.48236 4.49057 0
    endloop
  endfacet
  facet normal 0 0 1
    outer loop
      vertex 4.4801 4.50196 0
      vertex 1.52 4.5 0
      vertex 4.48 4.5 0
    endloop
  endfacet
  facet normal 0 0 1
    outer loop
      vertex 1.5199 4.50196 0
      vertex 4.4801 4.50196 0
      vertex 4.48038 4.5039 0
    endloop
  endfacet
  facet normal 0 0 1
    outer loop
      vertex 1.51962 4.5039 0
      vertex 4.48038 4.5039 0
      vertex 4.48086 4.50581 0
    endloop
  endfacet
  facet normal 0 0 1
    outer loop
      vertex 1.51914 4.50581 0
      vertex 4.48086 4.50581 0
      vertex 4.48152 4.50765 0
    endloop
  endfacet
  facet normal 0 0 1
    outer loop
      vertex 1.51848 4.50765 0
      vertex 4.48152 4.50765 0
      vertex 4.48236 4.50943 0
    endloop
  endfacet
  facet normal 0 0 1
    outer loop
      vertex 1.51764 4.50943 0
      vertex 4.48236 4.50943 0
      vertex 4.48337 4.51111 0
    endloop
  endfacet
  facet normal 0 0 1
    outer loop
      vertex 1.51663 4.51111 0
      vertex 4.48337 4.51111 0
      vertex 4.48454 4.51269 0
    endloop
  endfacet
  facet normal 0 0 1
    outer loop
      vertex 1.51546 4.51269 0
      vertex 4.48454 4.51269 0
      vertex 4.48586 4.51414 0
    endloop
  endfacet
  facet normal 0 0 1
    outer loop
      vertex 4.49057 4.51764 0
      vertex 1.50943 4.51764 0
      vertex 4.48889 4.51663 0
    endloop
  endfacet
  facet normal 0 0 1
    outer loop
      vertex 4.4801 4.50196 0
      vertex 1.5199 4.50196 0
      vertex 1.52 4.5 0
    endloop
  endfacet
  facet normal 0 0 1
    outer loop
      vertex 4.48038 4.5039 0
      vertex 1.51962 4.5039 0
      vertex 1.5199 4.50196 0
    endloop
  endfacet
  facet normal 0 0 1
    outer loop
      vertex 4.48086 4.50581 0
      vertex 1.51914 4.50581 0
      vertex 1.51962 4.5039 0
    endloop
  endfacet
  facet normal 0 0 1
    outer loop
      vertex 4.48152 4.50765 0
      vertex 1.51848 4.50765 0
      vertex 1.51914 4.50581 0
    endloop
  endfacet
  facet normal 0 0 1
    outer loop
      vertex 4.48236 4.50943 0
      vertex 1.51764 4.50943 0
      vertex 1.51848 4.50765 0
    endloop
  endfacet
  facet normal 0 0 1
    outer loop
      vertex 4.48337 4.51111 0
      vertex 1.51663 4.51111 0
      vertex 1.51764 4.50943 0
    endloop
  endfacet
  facet normal 0 0 1
    outer loop
      vertex 4.48454 4.51269 0
      vertex 1.51546 4.51269 0
      vertex 1.51663 4.51111 0
    endloop
  endfacet
  facet normal 0 0 1
    outer loop
      vertex 4.48586 4.51414 0
      vertex 1.51414 4.51414 0
      vertex 1.51546 4.51269 0
    endloop
  endfacet
  facet normal 0 0 1
    outer loop
      vertex 4.48586 4.51414 0
      vertex 1.51269 4.51546 0
      vertex 1.51414 4.51414 0
    endloop
  endfacet
  facet normal 0 0 1
    outer loop
      vertex 4.48731 4.51546 0
      vertex 1.51269 4.51546 0
      vertex 4.48586 4.51414 0
    endloop
  endfacet
  facet normal 0 -0 1
    outer loop
      vertex 1.51269 4.51546 0
      vertex 4.48731 4.51546 0
      vertex 1.51111 4.51663 0
    endloop
  endfacet
  facet normal 0 0 1
    outer loop
      vertex 4.48889 4.51663 0
      vertex 1.51111 4.51663 0
      vertex 4.48731 4.51546 0
    endloop
  endfacet
  facet normal 0 -0 1
    outer loop
      vertex 1.51111 4.51663 0
      vertex 4.48889 4.51663 0
      vertex 1.50943 4.51764 0
    endloop
  endfacet
  facet normal 0 0 1
    outer loop
      vertex 9 9 0
      vertex 1.5039 4.51962 0
      vertex 1.50581 4.51914 0
    endloop
  endfacet
  facet normal 0 0 1
    outer loop
      vertex 9 9 0
      vertex 1.50196 4.5199 0
      vertex 1.5039 4.51962 0
    endloop
  endfacet
  facet normal 0 0 1
    outer loop
      vertex 9 9 0
      vertex 1.5 4.52 0
      vertex 1.50196 4.5199 0
    endloop
  endfacet
  facet normal 0 0 1
    outer loop
      vertex 9 9 0
      vertex 1.49804 4.5199 0
      vertex 1.5 4.52 0
    endloop
  endfacet
  facet normal 0 0 1
    outer loop
      vertex -1.49804 4.5199 0
      vertex 1.49804 4.5199 0
      vertex 9 9 0
    endloop
  endfacet
  facet normal 0 0 1
    outer loop
      vertex 1.49804 4.5199 0
      vertex -1.49804 4.5199 0
      vertex 1.4961 4.51962 0
    endloop
  endfacet
  facet normal 0 -0 1
    outer loop
      vertex -1.4961 4.51962 0
      vertex 1.4961 4.51962 0
      vertex -1.49804 4.5199 0
    endloop
  endfacet
  facet normal 0 0 1
    outer loop
      vertex 1.4961 4.51962 0
      vertex -1.4961 4.51962 0
      vertex 1.49419 4.51914 0
    endloop
  endfacet
  facet normal 0 0 1
    outer loop
      vertex 1.4801 1.50196 0
      vertex -1.48 1.5 0
      vertex 1.48 1.5 0
    endloop
  endfacet
  facet normal 0 0 1
    outer loop
      vertex 1.48038 -1.4961 0
      vertex -1.48 -1.5 0
      vertex 1.4801 -1.49804 0
    endloop
  endfacet
  facet normal 0 0 1
    outer loop
      vertex 1.48152 4.49235 0
      vertex -1.48152 4.49235 0
      vertex 1.48236 4.49057 0
    endloop
  endfacet
  facet normal 0 0 1
    outer loop
      vertex 1.4801 4.50196 0
      vertex -1.48 4.5 0
      vertex 1.48 4.5 0
    endloop
  endfacet
  facet normal 0 0 1
    outer loop
      vertex -1.4801 4.50196 0
      vertex 1.4801 4.50196 0
      vertex 1.48038 4.5039 0
    endloop
  endfacet
  facet normal 0 0 1
    outer loop
      vertex -1.48038 4.5039 0
      vertex 1.48038 4.5039 0
      vertex 1.48086 4.50581 0
    endloop
  endfacet
  facet normal 0 0 1
    outer loop
      vertex -1.48086 4.50581 0
      vertex 1.48086 4.50581 0
      vertex 1.48152 4.50765 0
    endloop
  endfacet
  facet normal 0 0 1
    outer loop
      vertex -1.48152 4.50765 0
      vertex 1.48152 4.50765 0
      vertex 1.48236 4.50943 0
    endloop
  endfacet
  facet normal 0 0 1
    outer loop
      vertex -1.48236 4.50943 0
      vertex 1.48236 4.50943 0
      vertex 1.48337 4.51111 0
    endloop
  endfacet
  facet normal 0 0 1
    outer loop
      vertex -1.48337 4.51111 0
      vertex 1.48337 4.51111 0
      vertex 1.48454 4.51269 0
    endloop
  endfacet
  facet normal 0 0 1
    outer loop
      vertex -1.48454 4.51269 0
      vertex 1.48454 4.51269 0
      vertex 1.48586 4.51414 0
    endloop
  endfacet
  facet normal 0 0 1
    outer loop
      vertex -1.48586 4.51414 0
      vertex 1.48586 4.51414 0
      vertex 1.48731 4.51546 0
    endloop
  endfacet
  facet normal 0 0 1
    outer loop
      vertex -1.48731 4.51546 0
      vertex 1.48731 4.51546 0
      vertex 1.48889 4.51663 0
    endloop
  endfacet
  facet normal 0 0 1
    outer loop
      vertex -1.48889 4.51663 0
      vertex 1.48889 4.51663 0
      vertex 1.49057 4.51764 0
    endloop
  endfacet
  facet normal 0 -0 1
    outer loop
      vertex -1.49419 4.51914 0
      vertex 1.49419 4.51914 0
      vertex -1.4961 4.51962 0
    endloop
  endfacet
  facet normal 0 0 1
    outer loop
      vertex 1.4801 4.50196 0
      vertex -1.4801 4.50196 0
      vertex -1.48 4.5 0
    endloop
  endfacet
  facet normal 0 0 1
    outer loop
      vertex 1.48038 4.5039 0
      vertex -1.48038 4.5039 0
      vertex -1.4801 4.50196 0
    endloop
  endfacet
  facet normal 0 0 1
    outer loop
      vertex 1.48086 4.50581 0
      vertex -1.48086 4.50581 0
      vertex -1.48038 4.5039 0
    endloop
  endfacet
  facet normal 0 0 1
    outer loop
      vertex 1.48152 4.50765 0
      vertex -1.48152 4.50765 0
      vertex -1.48086 4.50581 0
    endloop
  endfacet
  facet normal 0 0 1
    outer loop
      vertex 1.48236 4.50943 0
      vertex -1.48236 4.50943 0
      vertex -1.48152 4.50765 0
    endloop
  endfacet
  facet normal 0 0 1
    outer loop
      vertex 1.48337 4.51111 0
      vertex -1.48337 4.51111 0
      vertex -1.48236 4.50943 0
    endloop
  endfacet
  facet normal 0 0 1
    outer loop
      vertex 1.48454 4.51269 0
      vertex -1.48454 4.51269 0
      vertex -1.48337 4.51111 0
    endloop
  endfacet
  facet normal 0 0 1
    outer loop
      vertex 1.48586 4.51414 0
      vertex -1.48586 4.51414 0
      vertex -1.48454 4.51269 0
    endloop
  endfacet
  facet normal 0 0 1
    outer loop
      vertex 1.48731 4.51546 0
      vertex -1.48731 4.51546 0
      vertex -1.48586 4.51414 0
    endloop
  endfacet
  facet normal 0 0 1
    outer loop
      vertex 1.48889 4.51663 0
      vertex -1.48889 4.51663 0
      vertex -1.48731 4.51546 0
    endloop
  endfacet
  facet normal 0 0 1
    outer loop
      vertex 1.49057 4.51764 0
      vertex -1.49057 4.51764 0
      vertex -1.48889 4.51663 0
    endloop
  endfacet
  facet normal 0 0 1
    outer loop
      vertex 1.49057 4.51764 0
      vertex -1.49235 4.51848 0
      vertex -1.49057 4.51764 0
    endloop
  endfacet
  facet normal 0 0 1
    outer loop
      vertex 1.49235 4.51848 0
      vertex -1.49235 4.51848 0
      vertex 1.49057 4.51764 0
    endloop
  endfacet
  facet normal 0 -0 1
    outer loop
      vertex -1.49235 4.51848 0
      vertex 1.49235 4.51848 0
      vertex -1.49419 4.51914 0
    endloop
  endfacet
  facet normal 0 0 1
    outer loop
      vertex 1.49419 4.51914 0
      vertex -1.49419 4.51914 0
      vertex 1.49235 4.51848 0
    endloop
  endfacet
  facet normal -0 0 1
    outer loop
      vertex -9 9 0
      vertex -1.49804 4.5199 0
      vertex 9 9 0
    endloop
  endfacet
  facet normal 0 0 1
    outer loop
      vertex -1.49804 4.5199 0
      vertex -9 9 0
      vertex -1.5 4.52 0
    endloop
  endfacet
  facet normal 0 0 1
    outer loop
      vertex -1.5 4.52 0
      vertex -9 9 0
      vertex -1.50196 4.5199 0
    endloop
  endfacet
  facet normal 0 0 1
    outer loop
      vertex -1.50196 4.5199 0
      vertex -9 9 0
      vertex -1.5039 4.51962 0
    endloop
  endfacet
  facet normal 0 0 1
    outer loop
      vertex -1.5039 4.51962 0
      vertex -9 9 0
      vertex -1.50581 4.51914 0
    endloop
  endfacet
  facet normal 0 0 1
    outer loop
      vertex -1.5199 1.50196 0
      vertex -4.48 1.5 0
      vertex -1.52 1.5 0
    endloop
  endfacet
  facet normal 0 0 1
    outer loop
      vertex -1.51962 -1.4961 0
      vertex -4.48 -1.5 0
      vertex -1.5199 -1.49804 0
    endloop
  endfacet
  facet normal 0 0 1
    outer loop
      vertex -1.51848 4.49235 0
      vertex -4.48152 4.49235 0
      vertex -1.51764 4.49057 0
    endloop
  endfacet
  facet normal 0 0 1
    outer loop
      vertex -1.5199 4.50196 0
      vertex -4.48 4.5 0
      vertex -1.52 4.5 0
    endloop
  endfacet
  facet normal 0 0 1
    outer loop
      vertex -4.4801 4.50196 0
      vertex -1.5199 4.50196 0
      vertex -1.51962 4.5039 0
    endloop
  endfacet
  facet normal 0 0 1
    outer loop
      vertex -4.48038 4.5039 0
      vertex -1.51962 4.5039 0
      vertex -1.51914 4.50581 0
    endloop
  endfacet
  facet normal 0 0 1
    outer loop
      vertex -4.48086 4.50581 0
      vertex -1.51914 4.50581 0
      vertex -1.51848 4.50765 0
    endloop
  endfacet
  facet normal 0 0 1
    outer loop
      vertex -4.48152 4.50765 0
      vertex -1.51848 4.50765 0
      vertex -1.51764 4.50943 0
    endloop
  endfacet
  facet normal 0 0 1
    outer loop
      vertex -4.48236 4.50943 0
      vertex -1.51764 4.50943 0
      vertex -1.51663 4.51111 0
    endloop
  endfacet
  facet normal 0 0 1
    outer loop
      vertex -4.48337 4.51111 0
      vertex -1.51663 4.51111 0
      vertex -1.51546 4.51269 0
    endloop
  endfacet
  facet normal 0 0 1
    outer loop
      vertex -4.48454 4.51269 0
      vertex -1.51546 4.51269 0
      vertex -1.51414 4.51414 0
    endloop
  endfacet
  facet normal 0 0 1
    outer loop
      vertex -4.48586 4.51414 0
      vertex -1.51414 4.51414 0
      vertex -1.51269 4.51546 0
    endloop
  endfacet
  facet normal 0 0 1
    outer loop
      vertex -4.48731 4.51546 0
      vertex -1.51269 4.51546 0
      vertex -1.51111 4.51663 0
    endloop
  endfacet
  facet normal 0 0 1
    outer loop
      vertex -4.48889 4.51663 0
      vertex -1.51111 4.51663 0
      vertex -1.50943 4.51764 0
    endloop
  endfacet
  facet normal 0 0 1
    outer loop
      vertex -4.49057 4.51764 0
      vertex -1.50943 4.51764 0
      vertex -1.50765 4.51848 0
    endloop
  endfacet
  facet normal 0 -0 1
    outer loop
      vertex -4.49419 4.51914 0
      vertex -1.50581 4.51914 0
      vertex -9 9 0
    endloop
  endfacet
  facet normal 0 0 1
    outer loop
      vertex -1.5199 4.50196 0
      vertex -4.4801 4.50196 0
      vertex -4.48 4.5 0
    endloop
  endfacet
  facet normal 0 0 1
    outer loop
      vertex -1.51962 4.5039 0
      vertex -4.48038 4.5039 0
      vertex -4.4801 4.50196 0
    endloop
  endfacet
  facet normal 0 0 1
    outer loop
      vertex -1.51914 4.50581 0
      vertex -4.48086 4.50581 0
      vertex -4.48038 4.5039 0
    endloop
  endfacet
  facet normal 0 0 1
    outer loop
      vertex -1.51848 4.50765 0
      vertex -4.48152 4.50765 0
      vertex -4.48086 4.50581 0
    endloop
  endfacet
  facet normal 0 0 1
    outer loop
      vertex -1.51764 4.50943 0
      vertex -4.48236 4.50943 0
      vertex -4.48152 4.50765 0
    endloop
  endfacet
  facet normal 0 0 1
    outer loop
      vertex -1.51663 4.51111 0
      vertex -4.48337 4.51111 0
      vertex -4.48236 4.50943 0
    endloop
  endfacet
  facet normal 0 0 1
    outer loop
      vertex -1.51546 4.51269 0
      vertex -4.48454 4.51269 0
      vertex -4.48337 4.51111 0
    endloop
  endfacet
  facet normal 0 0 1
    outer loop
      vertex -1.51414 4.51414 0
      vertex -4.48586 4.51414 0
      vertex -4.48454 4.51269 0
    endloop
  endfacet
  facet normal 0 0 1
    outer loop
      vertex -1.51269 4.51546 0
      vertex -4.48731 4.51546 0
      vertex -4.48586 4.51414 0
    endloop
  endfacet
  facet normal 0 0 1
    outer loop
      vertex -1.51111 4.51663 0
      vertex -4.48889 4.51663 0
      vertex -4.48731 4.51546 0
    endloop
  endfacet
  facet normal 0 0 1
    outer loop
      vertex -1.50943 4.51764 0
      vertex -4.49057 4.51764 0
      vertex -4.48889 4.51663 0
    endloop
  endfacet
  facet normal 0 0 1
    outer loop
      vertex -1.50581 4.51914 0
      vertex -4.49419 4.51914 0
      vertex -1.50765 4.51848 0
    endloop
  endfacet
  facet normal 0 0 1
    outer loop
      vertex -1.50765 4.51848 0
      vertex -4.49235 4.51848 0
      vertex -4.49057 4.51764 0
    endloop
  endfacet
  facet normal 0 0 1
    outer loop
      vertex -1.50765 4.51848 0
      vertex -4.49419 4.51914 0
      vertex -4.49235 4.51848 0
    endloop
  endfacet
  facet normal 0 0 1
    outer loop
      vertex -4.49419 4.51914 0
      vertex -9 9 0
      vertex -4.4961 4.51962 0
    endloop
  endfacet
  facet normal 0 0 1
    outer loop
      vertex -4.4961 4.51962 0
      vertex -9 9 0
      vertex -4.49804 4.5199 0
    endloop
  endfacet
  facet normal 0 0 1
    outer loop
      vertex -4.49804 4.5199 0
      vertex -9 9 0
      vertex -4.5 4.52 0
    endloop
  endfacet
  facet normal 0 0 1
    outer loop
      vertex -4.5 4.52 0
      vertex -9 9 0
      vertex -4.50196 4.5199 0
    endloop
  endfacet
  facet normal 0 0 1
    outer loop
      vertex -4.50196 4.5199 0
      vertex -9 9 0
      vertex -4.5039 4.51962 0
    endloop
  endfacet
  facet normal 0 0 1
    outer loop
      vertex -4.5199 1.50196 0
      vertex -9 9 0
      vertex -4.52 1.5 0
    endloop
  endfacet
  facet normal 0 0 1
    outer loop
      vertex -9 -9 0
      vertex -4.5199 -1.49804 0
      vertex -9 9 0
    endloop
  endfacet
  facet normal 0 0 1
    outer loop
      vertex -4.5199 -1.49804 0
      vertex -9 -9 0
      vertex -4.52 -1.5 0
    endloop
  endfacet
  facet normal 0 0 1
    outer loop
      vertex -4.5199 4.50196 0
      vertex -9 9 0
      vertex -4.52 4.5 0
    endloop
  endfacet
  facet normal 0 0 1
    outer loop
      vertex -4.51962 4.5039 0
      vertex -9 9 0
      vertex -4.5199 4.50196 0
    endloop
  endfacet
  facet normal 0 0 1
    outer loop
      vertex -4.51914 4.50581 0
      vertex -9 9 0
      vertex -4.51962 4.5039 0
    endloop
  endfacet
  facet normal 0 0 1
    outer loop
      vertex -4.51848 4.50765 0
      vertex -9 9 0
      vertex -4.51914 4.50581 0
    endloop
  endfacet
  facet normal 0 0 1
    outer loop
      vertex -4.51764 4.50943 0
      vertex -9 9 0
      vertex -4.51848 4.50765 0
    endloop
  endfacet
  facet normal 0 0 1
    outer loop
      vertex -4.51663 4.51111 0
      vertex -9 9 0
      vertex -4.51764 4.50943 0
    endloop
  endfacet
  facet normal 0 0 1
    outer loop
      vertex -4.51546 4.51269 0
      vertex -9 9 0
      vertex -4.51663 4.51111 0
    endloop
  endfacet
  facet normal 0 0 1
    outer loop
      vertex -4.51414 4.51414 0
      vertex -9 9 0
      vertex -4.51546 4.51269 0
    endloop
  endfacet
  facet normal 0 0 1
    outer loop
      vertex -4.51269 4.51546 0
      vertex -9 9 0
      vertex -4.51414 4.51414 0
    endloop
  endfacet
  facet normal 0 0 1
    outer loop
      vertex -4.51111 4.51663 0
      vertex -9 9 0
      vertex -4.51269 4.51546 0
    endloop
  endfacet
  facet normal 0 0 1
    outer loop
      vertex -4.50943 4.51764 0
      vertex -9 9 0
      vertex -4.51111 4.51663 0
    endloop
  endfacet
  facet normal 0 0 1
    outer loop
      vertex -4.50765 4.51848 0
      vertex -9 9 0
      vertex -4.50943 4.51764 0
    endloop
  endfacet
  facet normal 0 0 1
    outer loop
      vertex -4.50581 4.51914 0
      vertex -9 9 0
      vertex -4.50765 4.51848 0
    endloop
  endfacet
  facet normal 0 0 1
    outer loop
      vertex -4.5039 4.51962 0
      vertex -9 9 0
      vertex -4.50581 4.51914 0
    endloop
  endfacet
  facet normal 0 0 1
    outer loop
      vertex 4.5199 4.49804 0
      vertex 9 9 0
      vertex 4.52 4.5 0
    endloop
  endfacet
  facet normal 0 0 1
    outer loop
      vertex 4.5199 1.49804 0
      vertex 9 9 0
      vertex 4.52 1.5 0
    endloop
  endfacet
  facet normal 0 0 1
    outer loop
      vertex 9 9 0
      vertex 4.5199 1.49804 0
      vertex 14 -9 0
    endloop
  endfacet
  facet normal -0 0 1
    outer loop
      vertex 4.5199 -1.50196 0
      vertex 14 -9 0
      vertex 4.52 -1.5 0
    endloop
  endfacet
  facet normal -0 0 1
    outer loop
      vertex 4.5199 -4.50196 0
      vertex 14 -9 0
      vertex 4.52 -4.5 0
    endloop
  endfacet
  facet normal -0 0 1
    outer loop
      vertex 4.51962 -4.5039 0
      vertex 14 -9 0
      vertex 4.5199 -4.50196 0
    endloop
  endfacet
  facet normal -0 0 1
    outer loop
      vertex 4.51914 -4.50581 0
      vertex 14 -9 0
      vertex 4.51962 -4.5039 0
    endloop
  endfacet
  facet normal -0 0 1
    outer loop
      vertex 4.51848 -4.50765 0
      vertex 14 -9 0
      vertex 4.51914 -4.50581 0
    endloop
  endfacet
  facet normal -0 0 1
    outer loop
      vertex 4.51764 -4.50943 0
      vertex 14 -9 0
      vertex 4.51848 -4.50765 0
    endloop
  endfacet
  facet normal -0 0 1
    outer loop
      vertex 4.51663 -4.51111 0
      vertex 14 -9 0
      vertex 4.51764 -4.50943 0
    endloop
  endfacet
  facet normal -0 0 1
    outer loop
      vertex 4.51546 -4.51269 0
      vertex 14 -9 0
      vertex 4.51663 -4.51111 0
    endloop
  endfacet
  facet normal -0 0 1
    outer loop
      vertex 4.51414 -4.51414 0
      vertex 14 -9 0
      vertex 4.51546 -4.51269 0
    endloop
  endfacet
  facet normal -0 0 1
    outer loop
      vertex 4.51269 -4.51546 0
      vertex 14 -9 0
      vertex 4.51414 -4.51414 0
    endloop
  endfacet
  facet normal -0 0 1
    outer loop
      vertex 4.51111 -4.51663 0
      vertex 14 -9 0
      vertex 4.51269 -4.51546 0
    endloop
  endfacet
  facet normal -0 0 1
    outer loop
      vertex 4.50943 -4.51764 0
      vertex 14 -9 0
      vertex 4.51111 -4.51663 0
    endloop
  endfacet
  facet normal -0 0 1
    outer loop
      vertex 4.50765 -4.51848 0
      vertex 14 -9 0
      vertex 4.50943 -4.51764 0
    endloop
  endfacet
  facet normal -0 0 1
    outer loop
      vertex 4.50581 -4.51914 0
      vertex 14 -9 0
      vertex 4.50765 -4.51848 0
    endloop
  endfacet
  facet normal -0 0 1
    outer loop
      vertex 4.5039 -4.51962 0
      vertex 14 -9 0
      vertex 4.50581 -4.51914 0
    endloop
  endfacet
  facet normal -0 0 1
    outer loop
      vertex 4.50196 -4.5199 0
      vertex 14 -9 0
      vertex 4.5039 -4.51962 0
    endloop
  endfacet
  facet normal -0 0 1
    outer loop
      vertex 4.5 -4.52 0
      vertex 14 -9 0
      vertex 4.50196 -4.5199 0
    endloop
  endfacet
  facet normal 0 0 1
    outer loop
      vertex 4.49804 -4.5199 0
      vertex 14 -9 0
      vertex 4.5 -4.52 0
    endloop
  endfacet
  facet normal 0 0 1
    outer loop
      vertex 1.50196 -4.5199 0
      vertex 4.49804 -4.5199 0
      vertex 4.4961 -4.51962 0
    endloop
  endfacet
  facet normal 0 0 1
    outer loop
      vertex 1.5039 -4.51962 0
      vertex 4.4961 -4.51962 0
      vertex 4.49419 -4.51914 0
    endloop
  endfacet
  facet normal 0 0 1
    outer loop
      vertex 1.50581 -4.51914 0
      vertex 4.49419 -4.51914 0
      vertex 4.49235 -4.51848 0
    endloop
  endfacet
  facet normal 0 0 1
    outer loop
      vertex 4.4801 -1.49804 0
      vertex 1.52 -1.5 0
      vertex 4.48 -1.5 0
    endloop
  endfacet
  facet normal 0 0 1
    outer loop
      vertex 4.48038 -4.4961 0
      vertex 1.52 -4.5 0
      vertex 4.4801 -4.49804 0
    endloop
  endfacet
  facet normal 0 0 1
    outer loop
      vertex 4.4801 -4.49804 0
      vertex 1.52 -4.5 0
      vertex 4.48 -4.5 0
    endloop
  endfacet
  facet normal 0 0 1
    outer loop
      vertex 4.48 -4.5 0
      vertex 1.52 -4.5 0
      vertex 4.4801 -4.50196 0
    endloop
  endfacet
  facet normal 0 0 1
    outer loop
      vertex 1.5199 -4.50196 0
      vertex 4.4801 -4.50196 0
      vertex 1.52 -4.5 0
    endloop
  endfacet
  facet normal 0 0 1
    outer loop
      vertex 4.4801 -4.50196 0
      vertex 1.5199 -4.50196 0
      vertex 4.48038 -4.5039 0
    endloop
  endfacet
  facet normal 0 0 1
    outer loop
      vertex 1.51962 -4.5039 0
      vertex 4.48038 -4.5039 0
      vertex 1.5199 -4.50196 0
    endloop
  endfacet
  facet normal 0 0 1
    outer loop
      vertex 4.48038 -4.5039 0
      vertex 1.51962 -4.5039 0
      vertex 4.48086 -4.50581 0
    endloop
  endfacet
  facet normal 0 0 1
    outer loop
      vertex 1.51914 -4.50581 0
      vertex 4.48086 -4.50581 0
      vertex 1.51962 -4.5039 0
    endloop
  endfacet
  facet normal 0 0 1
    outer loop
      vertex 4.48086 -4.50581 0
      vertex 1.51914 -4.50581 0
      vertex 4.48152 -4.50765 0
    endloop
  endfacet
  facet normal 0 0 1
    outer loop
      vertex 1.51848 -4.50765 0
      vertex 4.48152 -4.50765 0
      vertex 1.51914 -4.50581 0
    endloop
  endfacet
  facet normal 0 0 1
    outer loop
      vertex 4.48152 -4.50765 0
      vertex 1.51848 -4.50765 0
      vertex 4.48236 -4.50943 0
    endloop
  endfacet
  facet normal 0 0 1
    outer loop
      vertex 1.51764 -4.50943 0
      vertex 4.48236 -4.50943 0
      vertex 1.51848 -4.50765 0
    endloop
  endfacet
  facet normal 0 0 1
    outer loop
      vertex 4.48236 -4.50943 0
      vertex 1.51764 -4.50943 0
      vertex 4.48337 -4.51111 0
    endloop
  endfacet
  facet normal 0 0 1
    outer loop
      vertex 1.51663 -4.51111 0
      vertex 4.48337 -4.51111 0
      vertex 1.51764 -4.50943 0
    endloop
  endfacet
  facet normal 0 0 1
    outer loop
      vertex 4.48337 -4.51111 0
      vertex 1.51663 -4.51111 0
      vertex 4.48454 -4.51269 0
    endloop
  endfacet
  facet normal 0 0 1
    outer loop
      vertex 1.51546 -4.51269 0
      vertex 4.48454 -4.51269 0
      vertex 1.51663 -4.51111 0
    endloop
  endfacet
  facet normal 0 0 1
    outer loop
      vertex 4.48454 -4.51269 0
      vertex 1.51546 -4.51269 0
      vertex 4.48586 -4.51414 0
    endloop
  endfacet
  facet normal 0 0 1
    outer loop
      vertex 1.51414 -4.51414 0
      vertex 4.48586 -4.51414 0
      vertex 1.51546 -4.51269 0
    endloop
  endfacet
  facet normal 0 0 1
    outer loop
      vertex 4.48586 -4.51414 0
      vertex 1.51414 -4.51414 0
      vertex 4.48731 -4.51546 0
    endloop
  endfacet
  facet normal 0 0 1
    outer loop
      vertex 1.51269 -4.51546 0
      vertex 4.48731 -4.51546 0
      vertex 1.51414 -4.51414 0
    endloop
  endfacet
  facet normal 0 0 1
    outer loop
      vertex 4.48731 -4.51546 0
      vertex 1.51269 -4.51546 0
      vertex 4.48889 -4.51663 0
    endloop
  endfacet
  facet normal 0 0 1
    outer loop
      vertex 1.51111 -4.51663 0
      vertex 4.48889 -4.51663 0
      vertex 1.51269 -4.51546 0
    endloop
  endfacet
  facet normal 0 0 1
    outer loop
      vertex 4.48889 -4.51663 0
      vertex 1.51111 -4.51663 0
      vertex 4.49057 -4.51764 0
    endloop
  endfacet
  facet normal 0 0 1
    outer loop
      vertex 1.50943 -4.51764 0
      vertex 4.49057 -4.51764 0
      vertex 1.51111 -4.51663 0
    endloop
  endfacet
  facet normal 0 0 1
    outer loop
      vertex 4.49057 -4.51764 0
      vertex 1.50943 -4.51764 0
      vertex 4.49235 -4.51848 0
    endloop
  endfacet
  facet normal 0 0 1
    outer loop
      vertex 1.50765 -4.51848 0
      vertex 4.49235 -4.51848 0
      vertex 1.50943 -4.51764 0
    endloop
  endfacet
  facet normal 0 0 1
    outer loop
      vertex 1.50581 -4.51914 0
      vertex 4.49235 -4.51848 0
      vertex 1.50765 -4.51848 0
    endloop
  endfacet
  facet normal 0 0 1
    outer loop
      vertex 4.49419 -4.51914 0
      vertex 1.50581 -4.51914 0
      vertex 1.5039 -4.51962 0
    endloop
  endfacet
  facet normal 0 0 1
    outer loop
      vertex 4.4961 -4.51962 0
      vertex 1.5039 -4.51962 0
      vertex 1.50196 -4.5199 0
    endloop
  endfacet
  facet normal 0 0 1
    outer loop
      vertex 4.49804 -4.5199 0
      vertex 1.50196 -4.5199 0
      vertex 14 -9 0
    endloop
  endfacet
  facet normal -0 0 1
    outer loop
      vertex 1.5 -4.52 0
      vertex 14 -9 0
      vertex 1.50196 -4.5199 0
    endloop
  endfacet
  facet normal 0 0 1
    outer loop
      vertex -9 -9 0
      vertex 1.5 -4.52 0
      vertex 1.49804 -4.5199 0
    endloop
  endfacet
  facet normal 0 0 1
    outer loop
      vertex -1.49804 -4.5199 0
      vertex 1.49804 -4.5199 0
      vertex 1.4961 -4.51962 0
    endloop
  endfacet
  facet normal 0 0 1
    outer loop
      vertex -1.4961 -4.51962 0
      vertex 1.4961 -4.51962 0
      vertex 1.49419 -4.51914 0
    endloop
  endfacet
  facet normal 0 0 1
    outer loop
      vertex -1.49419 -4.51914 0
      vertex 1.49419 -4.51914 0
      vertex 1.49235 -4.51848 0
    endloop
  endfacet
  facet normal 0 0 1
    outer loop
      vertex 1.4801 -1.49804 0
      vertex -1.48 -1.5 0
      vertex 1.48 -1.5 0
    endloop
  endfacet
  facet normal 0 0 1
    outer loop
      vertex 1.48038 -4.4961 0
      vertex -1.48 -4.5 0
      vertex 1.4801 -4.49804 0
    endloop
  endfacet
  facet normal 0 0 1
    outer loop
      vertex 1.4801 -4.49804 0
      vertex -1.48 -4.5 0
      vertex 1.48 -4.5 0
    endloop
  endfacet
  facet normal 0 0 1
    outer loop
      vertex 1.48 -4.5 0
      vertex -1.48 -4.5 0
      vertex 1.4801 -4.50196 0
    endloop
  endfacet
  facet normal 0 0 1
    outer loop
      vertex -1.4801 -4.50196 0
      vertex 1.4801 -4.50196 0
      vertex -1.48 -4.5 0
    endloop
  endfacet
  facet normal 0 0 1
    outer loop
      vertex 1.4801 -4.50196 0
      vertex -1.4801 -4.50196 0
      vertex 1.48038 -4.5039 0
    endloop
  endfacet
  facet normal 0 0 1
    outer loop
      vertex -1.48038 -4.5039 0
      vertex 1.48038 -4.5039 0
      vertex -1.4801 -4.50196 0
    endloop
  endfacet
  facet normal 0 0 1
    outer loop
      vertex 1.48038 -4.5039 0
      vertex -1.48038 -4.5039 0
      vertex 1.48086 -4.50581 0
    endloop
  endfacet
  facet normal 0 0 1
    outer loop
      vertex -1.48086 -4.50581 0
      vertex 1.48086 -4.50581 0
      vertex -1.48038 -4.5039 0
    endloop
  endfacet
  facet normal 0 0 1
    outer loop
      vertex 1.48086 -4.50581 0
      vertex -1.48086 -4.50581 0
      vertex 1.48152 -4.50765 0
    endloop
  endfacet
  facet normal 0 0 1
    outer loop
      vertex -1.48152 -4.50765 0
      vertex 1.48152 -4.50765 0
      vertex -1.48086 -4.50581 0
    endloop
  endfacet
  facet normal 0 0 1
    outer loop
      vertex 1.48152 -4.50765 0
      vertex -1.48152 -4.50765 0
      vertex 1.48236 -4.50943 0
    endloop
  endfacet
  facet normal 0 0 1
    outer loop
      vertex -1.48236 -4.50943 0
      vertex 1.48236 -4.50943 0
      vertex -1.48152 -4.50765 0
    endloop
  endfacet
  facet normal 0 0 1
    outer loop
      vertex 1.48236 -4.50943 0
      vertex -1.48236 -4.50943 0
      vertex 1.48337 -4.51111 0
    endloop
  endfacet
  facet normal 0 0 1
    outer loop
      vertex -1.48337 -4.51111 0
      vertex 1.48337 -4.51111 0
      vertex -1.48236 -4.50943 0
    endloop
  endfacet
  facet normal 0 0 1
    outer loop
      vertex 1.48337 -4.51111 0
      vertex -1.48337 -4.51111 0
      vertex 1.48454 -4.51269 0
    endloop
  endfacet
  facet normal 0 0 1
    outer loop
      vertex -1.48454 -4.51269 0
      vertex 1.48454 -4.51269 0
      vertex -1.48337 -4.51111 0
    endloop
  endfacet
  facet normal 0 0 1
    outer loop
      vertex 1.48454 -4.51269 0
      vertex -1.48454 -4.51269 0
      vertex 1.48586 -4.51414 0
    endloop
  endfacet
  facet normal 0 0 1
    outer loop
      vertex -1.48586 -4.51414 0
      vertex 1.48586 -4.51414 0
      vertex -1.48454 -4.51269 0
    endloop
  endfacet
  facet normal 0 0 1
    outer loop
      vertex 1.48586 -4.51414 0
      vertex -1.48586 -4.51414 0
      vertex 1.48731 -4.51546 0
    endloop
  endfacet
  facet normal 0 0 1
    outer loop
      vertex -1.48731 -4.51546 0
      vertex 1.48731 -4.51546 0
      vertex -1.48586 -4.51414 0
    endloop
  endfacet
  facet normal 0 0 1
    outer loop
      vertex 1.48731 -4.51546 0
      vertex -1.48731 -4.51546 0
      vertex 1.48889 -4.51663 0
    endloop
  endfacet
  facet normal 0 0 1
    outer loop
      vertex -1.48889 -4.51663 0
      vertex 1.48889 -4.51663 0
      vertex -1.48731 -4.51546 0
    endloop
  endfacet
  facet normal 0 0 1
    outer loop
      vertex 1.48889 -4.51663 0
      vertex -1.48889 -4.51663 0
      vertex 1.49057 -4.51764 0
    endloop
  endfacet
  facet normal 0 0 1
    outer loop
      vertex -1.49057 -4.51764 0
      vertex 1.49057 -4.51764 0
      vertex -1.48889 -4.51663 0
    endloop
  endfacet
  facet normal 0 0 1
    outer loop
      vertex 1.49057 -4.51764 0
      vertex -1.49057 -4.51764 0
      vertex 1.49235 -4.51848 0
    endloop
  endfacet
  facet normal 0 0 1
    outer loop
      vertex -1.49235 -4.51848 0
      vertex 1.49235 -4.51848 0
      vertex -1.49057 -4.51764 0
    endloop
  endfacet
  facet normal 0 0 1
    outer loop
      vertex -1.49419 -4.51914 0
      vertex 1.49235 -4.51848 0
      vertex -1.49235 -4.51848 0
    endloop
  endfacet
  facet normal 0 0 1
    outer loop
      vertex 1.49419 -4.51914 0
      vertex -1.49419 -4.51914 0
      vertex -1.4961 -4.51962 0
    endloop
  endfacet
  facet normal 0 0 1
    outer loop
      vertex 1.4961 -4.51962 0
      vertex -1.4961 -4.51962 0
      vertex -1.49804 -4.5199 0
    endloop
  endfacet
  facet normal 0 0 1
    outer loop
      vertex 1.49804 -4.5199 0
      vertex -1.49804 -4.5199 0
      vertex -9 -9 0
    endloop
  endfacet
  facet normal 0 0 1
    outer loop
      vertex -9 -9 0
      vertex -1.49804 -4.5199 0
      vertex -1.5 -4.52 0
    endloop
  endfacet
  facet normal 0 0 1
    outer loop
      vertex -9 -9 0
      vertex -1.5 -4.52 0
      vertex -1.50196 -4.5199 0
    endloop
  endfacet
  facet normal 0 0 1
    outer loop
      vertex -9 -9 0
      vertex -1.50196 -4.5199 0
      vertex -1.5039 -4.51962 0
    endloop
  endfacet
  facet normal 0 0 1
    outer loop
      vertex -9 -9 0
      vertex -1.5039 -4.51962 0
      vertex -1.50581 -4.51914 0
    endloop
  endfacet
  facet normal 0 0 1
    outer loop
      vertex -1.5199 -1.49804 0
      vertex -4.48 -1.5 0
      vertex -1.52 -1.5 0
    endloop
  endfacet
  facet normal 0 0 1
    outer loop
      vertex -1.51962 -4.4961 0
      vertex -4.48 -4.5 0
      vertex -1.5199 -4.49804 0
    endloop
  endfacet
  facet normal 0 0 1
    outer loop
      vertex -1.5199 -4.49804 0
      vertex -4.48 -4.5 0
      vertex -1.52 -4.5 0
    endloop
  endfacet
  facet normal 0 0 1
    outer loop
      vertex -1.52 -4.5 0
      vertex -4.48 -4.5 0
      vertex -1.5199 -4.50196 0
    endloop
  endfacet
  facet normal 0 0 1
    outer loop
      vertex -4.4801 -4.50196 0
      vertex -1.5199 -4.50196 0
      vertex -4.48 -4.5 0
    endloop
  endfacet
  facet normal 0 0 1
    outer loop
      vertex -1.5199 -4.50196 0
      vertex -4.4801 -4.50196 0
      vertex -1.51962 -4.5039 0
    endloop
  endfacet
  facet normal 0 0 1
    outer loop
      vertex -4.48038 -4.5039 0
      vertex -1.51962 -4.5039 0
      vertex -4.4801 -4.50196 0
    endloop
  endfacet
  facet normal 0 0 1
    outer loop
      vertex -1.51962 -4.5039 0
      vertex -4.48038 -4.5039 0
      vertex -1.51914 -4.50581 0
    endloop
  endfacet
  facet normal 0 0 1
    outer loop
      vertex -4.48086 -4.50581 0
      vertex -1.51914 -4.50581 0
      vertex -4.48038 -4.5039 0
    endloop
  endfacet
  facet normal 0 0 1
    outer loop
      vertex -1.51914 -4.50581 0
      vertex -4.48086 -4.50581 0
      vertex -1.51848 -4.50765 0
    endloop
  endfacet
  facet normal 0 0 1
    outer loop
      vertex -4.48152 -4.50765 0
      vertex -1.51848 -4.50765 0
      vertex -4.48086 -4.50581 0
    endloop
  endfacet
  facet normal 0 0 1
    outer loop
      vertex -1.51848 -4.50765 0
      vertex -4.48152 -4.50765 0
      vertex -1.51764 -4.50943 0
    endloop
  endfacet
  facet normal 0 0 1
    outer loop
      vertex -4.48236 -4.50943 0
      vertex -1.51764 -4.50943 0
      vertex -4.48152 -4.50765 0
    endloop
  endfacet
  facet normal 0 0 1
    outer loop
      vertex -1.51764 -4.50943 0
      vertex -4.48236 -4.50943 0
      vertex -1.51663 -4.51111 0
    endloop
  endfacet
  facet normal 0 0 1
    outer loop
      vertex -4.48337 -4.51111 0
      vertex -1.51663 -4.51111 0
      vertex -4.48236 -4.50943 0
    endloop
  endfacet
  facet normal 0 0 1
    outer loop
      vertex -1.51663 -4.51111 0
      vertex -4.48337 -4.51111 0
      vertex -1.51546 -4.51269 0
    endloop
  endfacet
  facet normal 0 0 1
    outer loop
      vertex -4.48454 -4.51269 0
      vertex -1.51546 -4.51269 0
      vertex -4.48337 -4.51111 0
    endloop
  endfacet
  facet normal 0 0 1
    outer loop
      vertex -1.51546 -4.51269 0
      vertex -4.48454 -4.51269 0
      vertex -1.51414 -4.51414 0
    endloop
  endfacet
  facet normal 0 0 1
    outer loop
      vertex -4.48586 -4.51414 0
      vertex -1.51414 -4.51414 0
      vertex -4.48454 -4.51269 0
    endloop
  endfacet
  facet normal 0 0 1
    outer loop
      vertex -1.51414 -4.51414 0
      vertex -4.48586 -4.51414 0
      vertex -1.51269 -4.51546 0
    endloop
  endfacet
  facet normal 0 0 1
    outer loop
      vertex -4.48731 -4.51546 0
      vertex -1.51269 -4.51546 0
      vertex -4.48586 -4.51414 0
    endloop
  endfacet
  facet normal 0 0 1
    outer loop
      vertex -1.51269 -4.51546 0
      vertex -4.48731 -4.51546 0
      vertex -1.51111 -4.51663 0
    endloop
  endfacet
  facet normal 0 0 1
    outer loop
      vertex -4.48889 -4.51663 0
      vertex -1.51111 -4.51663 0
      vertex -4.48731 -4.51546 0
    endloop
  endfacet
  facet normal 0 0 1
    outer loop
      vertex -1.51111 -4.51663 0
      vertex -4.48889 -4.51663 0
      vertex -1.50943 -4.51764 0
    endloop
  endfacet
  facet normal 0 0 1
    outer loop
      vertex -4.49057 -4.51764 0
      vertex -1.50943 -4.51764 0
      vertex -4.48889 -4.51663 0
    endloop
  endfacet
  facet normal 0 0 1
    outer loop
      vertex -1.50943 -4.51764 0
      vertex -4.49057 -4.51764 0
      vertex -1.50765 -4.51848 0
    endloop
  endfacet
  facet normal 0 0 1
    outer loop
      vertex -4.49235 -4.51848 0
      vertex -1.50765 -4.51848 0
      vertex -4.49057 -4.51764 0
    endloop
  endfacet
  facet normal 0 0 1
    outer loop
      vertex -1.50765 -4.51848 0
      vertex -4.49235 -4.51848 0
      vertex -1.50581 -4.51914 0
    endloop
  endfacet
  facet normal 0 0 1
    outer loop
      vertex -4.49419 -4.51914 0
      vertex -1.50581 -4.51914 0
      vertex -4.49235 -4.51848 0
    endloop
  endfacet
  facet normal 0 0 1
    outer loop
      vertex -1.50581 -4.51914 0
      vertex -4.49419 -4.51914 0
      vertex -9 -9 0
    endloop
  endfacet
  facet normal 0 0 1
    outer loop
      vertex -9 -9 0
      vertex -4.49419 -4.51914 0
      vertex -4.4961 -4.51962 0
    endloop
  endfacet
  facet normal 0 0 1
    outer loop
      vertex -9 -9 0
      vertex -4.4961 -4.51962 0
      vertex -4.49804 -4.5199 0
    endloop
  endfacet
  facet normal 0 0 1
    outer loop
      vertex -9 -9 0
      vertex -4.49804 -4.5199 0
      vertex -4.5 -4.52 0
    endloop
  endfacet
  facet normal 0 0 1
    outer loop
      vertex -9 -9 0
      vertex -4.5 -4.52 0
      vertex -4.50196 -4.5199 0
    endloop
  endfacet
  facet normal 0 0 1
    outer loop
      vertex -9 -9 0
      vertex -4.50196 -4.5199 0
      vertex -4.5039 -4.51962 0
    endloop
  endfacet
  facet normal 0 0 1
    outer loop
      vertex -4.5199 -4.49804 0
      vertex -9 -9 0
      vertex -4.52 -4.5 0
    endloop
  endfacet
  facet normal 0 0 1
    outer loop
      vertex -4.52 -4.5 0
      vertex -9 -9 0
      vertex -4.5199 -4.50196 0
    endloop
  endfacet
  facet normal 0 0 1
    outer loop
      vertex -4.5199 -4.50196 0
      vertex -9 -9 0
      vertex -4.51962 -4.5039 0
    endloop
  endfacet
  facet normal 0 0 1
    outer loop
      vertex 1.5 -4.52 0
      vertex -9 -9 0
      vertex 14 -9 0
    endloop
  endfacet
  facet normal 0 0 1
    outer loop
      vertex -4.50581 -4.51914 0
      vertex -9 -9 0
      vertex -4.5039 -4.51962 0
    endloop
  endfacet
  facet normal 0 0 1
    outer loop
      vertex -4.50765 -4.51848 0
      vertex -9 -9 0
      vertex -4.50581 -4.51914 0
    endloop
  endfacet
  facet normal 0 0 1
    outer loop
      vertex -4.50943 -4.51764 0
      vertex -9 -9 0
      vertex -4.50765 -4.51848 0
    endloop
  endfacet
  facet normal 0 0 1
    outer loop
      vertex -4.51111 -4.51663 0
      vertex -9 -9 0
      vertex -4.50943 -4.51764 0
    endloop
  endfacet
  facet normal 0 0 1
    outer loop
      vertex -4.51269 -4.51546 0
      vertex -9 -9 0
      vertex -4.51111 -4.51663 0
    endloop
  endfacet
  facet normal 0 0 1
    outer loop
      vertex -4.51414 -4.51414 0
      vertex -9 -9 0
      vertex -4.51269 -4.51546 0
    endloop
  endfacet
  facet normal 0 0 1
    outer loop
      vertex -4.51546 -4.51269 0
      vertex -9 -9 0
      vertex -4.51414 -4.51414 0
    endloop
  endfacet
  facet normal 0 0 1
    outer loop
      vertex -4.51663 -4.51111 0
      vertex -9 -9 0
      vertex -4.51546 -4.51269 0
    endloop
  endfacet
  facet normal 0 0 1
    outer loop
      vertex -4.51764 -4.50943 0
      vertex -9 -9 0
      vertex -4.51663 -4.51111 0
    endloop
  endfacet
  facet normal 0 0 1
    outer loop
      vertex -4.51848 -4.50765 0
      vertex -9 -9 0
      vertex -4.51764 -4.50943 0
    endloop
  endfacet
  facet normal 0 0 1
    outer loop
      vertex -4.51914 -4.50581 0
      vertex -9 -9 0
      vertex -4.51848 -4.50765 0
    endloop
  endfacet
  facet normal 0 0 1
    outer loop
      vertex -4.51962 -4.5039 0
      vertex -9 -9 0
      vertex -4.51914 -4.50581 0
    endloop
  endfacet
  facet normal 0.989744 0.14285 0
    outer loop
      vertex -4.4801 -4.49804 0.799999
      vertex -4.48038 -4.4961 0
      vertex -4.48038 -4.4961 0.799999
    endloop
  endfacet
  facet normal 0.989744 0.14285 0
    outer loop
      vertex -4.48038 -4.4961 0
      vertex -4.4801 -4.49804 0.799999
      vertex -4.4801 -4.49804 0
    endloop
  endfacet
  facet normal 0.998701 0.0509541 0
    outer loop
      vertex -4.48 -4.5 0.799999
      vertex -4.4801 -4.49804 0
      vertex -4.4801 -4.49804 0.799999
    endloop
  endfacet
  facet normal 0.998701 0.0509541 0
    outer loop
      vertex -4.4801 -4.49804 0
      vertex -4.48 -4.5 0.799999
      vertex -4.48 -4.5 0
    endloop
  endfacet
  facet normal 0.67318 0.739478 -0
    outer loop
      vertex -4.48586 -4.48586 0
      vertex -4.48731 -4.48454 0.799999
      vertex -4.48586 -4.48586 0.799999
    endloop
  endfacet
  facet normal 0.67318 0.739478 0
    outer loop
      vertex -4.48731 -4.48454 0.799999
      vertex -4.48586 -4.48586 0
      vertex -4.48731 -4.48454 0
    endloop
  endfacet
  facet normal -0.14285 0.989744 0
    outer loop
      vertex -4.50196 -4.4801 0
      vertex -4.5039 -4.48038 0.799999
      vertex -4.50196 -4.4801 0.799999
    endloop
  endfacet
  facet normal -0.14285 0.989744 0
    outer loop
      vertex -4.5039 -4.48038 0.799999
      vertex -4.50196 -4.4801 0
      vertex -4.5039 -4.48038 0
    endloop
  endfacet
  facet normal 0.941278 0.337632 0
    outer loop
      vertex -4.48086 -4.49419 0.799999
      vertex -4.48152 -4.49235 0
      vertex -4.48152 -4.49235 0.799999
    endloop
  endfacet
  facet normal 0.941278 0.337632 0
    outer loop
      vertex -4.48152 -4.49235 0
      vertex -4.48086 -4.49419 0.799999
      vertex -4.48086 -4.49419 0
    endloop
  endfacet
  facet normal -0.595106 -0.803647 0
    outer loop
      vertex -4.51269 -4.51546 0
      vertex -4.51111 -4.51663 0.799999
      vertex -4.51269 -4.51546 0.799999
    endloop
  endfacet
  facet normal -0.595106 -0.803647 -0
    outer loop
      vertex -4.51111 -4.51663 0.799999
      vertex -4.51269 -4.51546 0
      vertex -4.51111 -4.51663 0
    endloop
  endfacet
  facet normal 0.426775 0.904358 -0
    outer loop
      vertex -4.49057 -4.48236 0
      vertex -4.49235 -4.48152 0.799999
      vertex -4.49057 -4.48236 0.799999
    endloop
  endfacet
  facet normal 0.426775 0.904358 0
    outer loop
      vertex -4.49235 -4.48152 0.799999
      vertex -4.49057 -4.48236 0
      vertex -4.49235 -4.48152 0
    endloop
  endfacet
  facet normal -0.941278 0.337632 0
    outer loop
      vertex -4.51914 -4.49419 0
      vertex -4.51848 -4.49235 0.799999
      vertex -4.51848 -4.49235 0
    endloop
  endfacet
  facet normal -0.941278 0.337632 0
    outer loop
      vertex -4.51848 -4.49235 0.799999
      vertex -4.51914 -4.49419 0
      vertex -4.51914 -4.49419 0.799999
    endloop
  endfacet
  facet normal 0.998701 -0.0509541 0
    outer loop
      vertex -4.4801 -4.50196 0.799999
      vertex -4.48 -4.5 0
      vertex -4.48 -4.5 0.799999
    endloop
  endfacet
  facet normal 0.998701 -0.0509541 0
    outer loop
      vertex -4.48 -4.5 0
      vertex -4.4801 -4.50196 0.799999
      vertex -4.4801 -4.50196 0
    endloop
  endfacet
  facet normal -0.426775 -0.904358 0
    outer loop
      vertex -4.50943 -4.51764 0
      vertex -4.50765 -4.51848 0.799999
      vertex -4.50943 -4.51764 0.799999
    endloop
  endfacet
  facet normal -0.426775 -0.904358 -0
    outer loop
      vertex -4.50765 -4.51848 0.799999
      vertex -4.50943 -4.51764 0
      vertex -4.50765 -4.51848 0
    endloop
  endfacet
  facet normal 0.803647 0.595106 0
    outer loop
      vertex -4.48337 -4.48889 0.799999
      vertex -4.48454 -4.48731 0
      vertex -4.48454 -4.48731 0.799999
    endloop
  endfacet
  facet normal 0.803647 0.595106 0
    outer loop
      vertex -4.48454 -4.48731 0
      vertex -4.48337 -4.48889 0.799999
      vertex -4.48337 -4.48889 0
    endloop
  endfacet
  facet normal -0.857042 0.515246 0
    outer loop
      vertex -4.51764 -4.49057 0
      vertex -4.51663 -4.48889 0.799999
      vertex -4.51663 -4.48889 0
    endloop
  endfacet
  facet normal -0.857042 0.515246 0
    outer loop
      vertex -4.51663 -4.48889 0.799999
      vertex -4.51764 -4.49057 0
      vertex -4.51764 -4.49057 0.799999
    endloop
  endfacet
  facet normal 0.0509541 0.998701 -0
    outer loop
      vertex -4.49804 -4.4801 0
      vertex -4.5 -4.48 0.799999
      vertex -4.49804 -4.4801 0.799999
    endloop
  endfacet
  facet normal 0.0509541 0.998701 0
    outer loop
      vertex -4.5 -4.48 0.799999
      vertex -4.49804 -4.4801 0
      vertex -4.5 -4.48 0
    endloop
  endfacet
  facet normal -0.515246 0.857042 0
    outer loop
      vertex -4.50943 -4.48236 0
      vertex -4.51111 -4.48337 0.799999
      vertex -4.50943 -4.48236 0.799999
    endloop
  endfacet
  facet normal -0.515246 0.857042 0
    outer loop
      vertex -4.51111 -4.48337 0.799999
      vertex -4.50943 -4.48236 0
      vertex -4.51111 -4.48337 0
    endloop
  endfacet
  facet normal 0.515246 0.857042 -0
    outer loop
      vertex -4.48889 -4.48337 0
      vertex -4.49057 -4.48236 0.799999
      vertex -4.48889 -4.48337 0.799999
    endloop
  endfacet
  facet normal 0.515246 0.857042 0
    outer loop
      vertex -4.49057 -4.48236 0.799999
      vertex -4.48889 -4.48337 0
      vertex -4.49057 -4.48236 0
    endloop
  endfacet
  facet normal 0.904358 0.426775 0
    outer loop
      vertex -4.48152 -4.49235 0.799999
      vertex -4.48236 -4.49057 0
      vertex -4.48236 -4.49057 0.799999
    endloop
  endfacet
  facet normal 0.904358 0.426775 0
    outer loop
      vertex -4.48236 -4.49057 0
      vertex -4.48152 -4.49235 0.799999
      vertex -4.48152 -4.49235 0
    endloop
  endfacet
  facet normal 0.969843 -0.24373 0
    outer loop
      vertex -4.48086 -4.50581 0.799999
      vertex -4.48038 -4.5039 0
      vertex -4.48038 -4.5039 0.799999
    endloop
  endfacet
  facet normal 0.969843 -0.24373 0
    outer loop
      vertex -4.48038 -4.5039 0
      vertex -4.48086 -4.50581 0.799999
      vertex -4.48086 -4.50581 0
    endloop
  endfacet
  facet normal 0 0 1
    outer loop
      vertex -4.4801 -4.49804 0.799999
      vertex -4.4801 -4.50196 0.799999
      vertex -4.48 -4.5 0.799999
    endloop
  endfacet
  facet normal 0 0 1
    outer loop
      vertex -4.48038 -4.4961 0.799999
      vertex -4.4801 -4.50196 0.799999
      vertex -4.4801 -4.49804 0.799999
    endloop
  endfacet
  facet normal 0 0 1
    outer loop
      vertex -4.48038 -4.4961 0.799999
      vertex -4.48038 -4.5039 0.799999
      vertex -4.4801 -4.50196 0.799999
    endloop
  endfacet
  facet normal 0 0 1
    outer loop
      vertex -4.48086 -4.49419 0.799999
      vertex -4.48038 -4.5039 0.799999
      vertex -4.48038 -4.4961 0.799999
    endloop
  endfacet
  facet normal 0 0 1
    outer loop
      vertex -4.48086 -4.49419 0.799999
      vertex -4.48086 -4.50581 0.799999
      vertex -4.48038 -4.5039 0.799999
    endloop
  endfacet
  facet normal 0 0 1
    outer loop
      vertex -4.48152 -4.49235 0.799999
      vertex -4.48086 -4.50581 0.799999
      vertex -4.48086 -4.49419 0.799999
    endloop
  endfacet
  facet normal 0 0 1
    outer loop
      vertex -4.48152 -4.49235 0.799999
      vertex -4.48152 -4.50765 0.799999
      vertex -4.48086 -4.50581 0.799999
    endloop
  endfacet
  facet normal 0 0 1
    outer loop
      vertex -4.48236 -4.49057 0.799999
      vertex -4.48152 -4.50765 0.799999
      vertex -4.48152 -4.49235 0.799999
    endloop
  endfacet
  facet normal 0 0 1
    outer loop
      vertex -4.48236 -4.49057 0.799999
      vertex -4.48236 -4.50943 0.799999
      vertex -4.48152 -4.50765 0.799999
    endloop
  endfacet
  facet normal 0 0 1
    outer loop
      vertex -4.48337 -4.48889 0.799999
      vertex -4.48236 -4.50943 0.799999
      vertex -4.48236 -4.49057 0.799999
    endloop
  endfacet
  facet normal 0 0 1
    outer loop
      vertex -4.48337 -4.48889 0.799999
      vertex -4.48337 -4.51111 0.799999
      vertex -4.48236 -4.50943 0.799999
    endloop
  endfacet
  facet normal 0 0 1
    outer loop
      vertex -4.48454 -4.48731 0.799999
      vertex -4.48337 -4.51111 0.799999
      vertex -4.48337 -4.48889 0.799999
    endloop
  endfacet
  facet normal 0 0 1
    outer loop
      vertex -4.48454 -4.48731 0.799999
      vertex -4.48454 -4.51269 0.799999
      vertex -4.48337 -4.51111 0.799999
    endloop
  endfacet
  facet normal 0 0 1
    outer loop
      vertex -4.48586 -4.48586 0.799999
      vertex -4.48454 -4.51269 0.799999
      vertex -4.48454 -4.48731 0.799999
    endloop
  endfacet
  facet normal 0 0 1
    outer loop
      vertex -4.48586 -4.48586 0.799999
      vertex -4.48586 -4.51414 0.799999
      vertex -4.48454 -4.51269 0.799999
    endloop
  endfacet
  facet normal 0 0 1
    outer loop
      vertex -4.48731 -4.48454 0.799999
      vertex -4.48586 -4.51414 0.799999
      vertex -4.48586 -4.48586 0.799999
    endloop
  endfacet
  facet normal 0 0 1
    outer loop
      vertex -4.48731 -4.48454 0.799999
      vertex -4.48731 -4.51546 0.799999
      vertex -4.48586 -4.51414 0.799999
    endloop
  endfacet
  facet normal 0 0 1
    outer loop
      vertex -4.48889 -4.48337 0.799999
      vertex -4.48731 -4.51546 0.799999
      vertex -4.48731 -4.48454 0.799999
    endloop
  endfacet
  facet normal 0 0 1
    outer loop
      vertex -4.48889 -4.48337 0.799999
      vertex -4.48889 -4.51663 0.799999
      vertex -4.48731 -4.51546 0.799999
    endloop
  endfacet
  facet normal 0 0 1
    outer loop
      vertex -4.49057 -4.48236 0.799999
      vertex -4.48889 -4.51663 0.799999
      vertex -4.48889 -4.48337 0.799999
    endloop
  endfacet
  facet normal 0 0 1
    outer loop
      vertex -4.49057 -4.48236 0.799999
      vertex -4.49057 -4.51764 0.799999
      vertex -4.48889 -4.51663 0.799999
    endloop
  endfacet
  facet normal 0 0 1
    outer loop
      vertex -4.49235 -4.48152 0.799999
      vertex -4.49057 -4.51764 0.799999
      vertex -4.49057 -4.48236 0.799999
    endloop
  endfacet
  facet normal 0 0 1
    outer loop
      vertex -4.49235 -4.48152 0.799999
      vertex -4.49235 -4.51848 0.799999
      vertex -4.49057 -4.51764 0.799999
    endloop
  endfacet
  facet normal 0 0 1
    outer loop
      vertex -4.49419 -4.48086 0.799999
      vertex -4.49235 -4.51848 0.799999
      vertex -4.49235 -4.48152 0.799999
    endloop
  endfacet
  facet normal 0 0 1
    outer loop
      vertex -4.49419 -4.48086 0.799999
      vertex -4.49419 -4.51914 0.799999
      vertex -4.49235 -4.51848 0.799999
    endloop
  endfacet
  facet normal 0 0 1
    outer loop
      vertex -4.4961 -4.48038 0.799999
      vertex -4.49419 -4.51914 0.799999
      vertex -4.49419 -4.48086 0.799999
    endloop
  endfacet
  facet normal 0 0 1
    outer loop
      vertex -4.4961 -4.48038 0.799999
      vertex -4.4961 -4.51962 0.799999
      vertex -4.49419 -4.51914 0.799999
    endloop
  endfacet
  facet normal 0 0 1
    outer loop
      vertex -4.49804 -4.4801 0.799999
      vertex -4.4961 -4.51962 0.799999
      vertex -4.4961 -4.48038 0.799999
    endloop
  endfacet
  facet normal 0 0 1
    outer loop
      vertex -4.49804 -4.4801 0.799999
      vertex -4.49804 -4.5199 0.799999
      vertex -4.4961 -4.51962 0.799999
    endloop
  endfacet
  facet normal 0 0 1
    outer loop
      vertex -4.5 -4.48 0.799999
      vertex -4.49804 -4.5199 0.799999
      vertex -4.49804 -4.4801 0.799999
    endloop
  endfacet
  facet normal 0 0 1
    outer loop
      vertex -4.5 -4.48 0.799999
      vertex -4.5 -4.52 0.799999
      vertex -4.49804 -4.5199 0.799999
    endloop
  endfacet
  facet normal -0 0 1
    outer loop
      vertex -4.50196 -4.4801 0.799999
      vertex -4.5 -4.52 0.799999
      vertex -4.5 -4.48 0.799999
    endloop
  endfacet
  facet normal 0 0 1
    outer loop
      vertex -4.50196 -4.4801 0.799999
      vertex -4.50196 -4.5199 0.799999
      vertex -4.5 -4.52 0.799999
    endloop
  endfacet
  facet normal -0 0 1
    outer loop
      vertex -4.5039 -4.48038 0.799999
      vertex -4.50196 -4.5199 0.799999
      vertex -4.50196 -4.4801 0.799999
    endloop
  endfacet
  facet normal 0 0 1
    outer loop
      vertex -4.5039 -4.48038 0.799999
      vertex -4.5039 -4.51962 0.799999
      vertex -4.50196 -4.5199 0.799999
    endloop
  endfacet
  facet normal -0 0 1
    outer loop
      vertex -4.50581 -4.48086 0.799999
      vertex -4.5039 -4.51962 0.799999
      vertex -4.5039 -4.48038 0.799999
    endloop
  endfacet
  facet normal 0 0 1
    outer loop
      vertex -4.50581 -4.48086 0.799999
      vertex -4.50581 -4.51914 0.799999
      vertex -4.5039 -4.51962 0.799999
    endloop
  endfacet
  facet normal -0 0 1
    outer loop
      vertex -4.50765 -4.48152 0.799999
      vertex -4.50581 -4.51914 0.799999
      vertex -4.50581 -4.48086 0.799999
    endloop
  endfacet
  facet normal 0 0 1
    outer loop
      vertex -4.50765 -4.48152 0.799999
      vertex -4.50765 -4.51848 0.799999
      vertex -4.50581 -4.51914 0.799999
    endloop
  endfacet
  facet normal -0 0 1
    outer loop
      vertex -4.50943 -4.48236 0.799999
      vertex -4.50765 -4.51848 0.799999
      vertex -4.50765 -4.48152 0.799999
    endloop
  endfacet
  facet normal 0 0 1
    outer loop
      vertex -4.50943 -4.48236 0.799999
      vertex -4.50943 -4.51764 0.799999
      vertex -4.50765 -4.51848 0.799999
    endloop
  endfacet
  facet normal -0 0 1
    outer loop
      vertex -4.51111 -4.48337 0.799999
      vertex -4.50943 -4.51764 0.799999
      vertex -4.50943 -4.48236 0.799999
    endloop
  endfacet
  facet normal 0 0 1
    outer loop
      vertex -4.51111 -4.48337 0.799999
      vertex -4.51111 -4.51663 0.799999
      vertex -4.50943 -4.51764 0.799999
    endloop
  endfacet
  facet normal -0 0 1
    outer loop
      vertex -4.51269 -4.48454 0.799999
      vertex -4.51111 -4.51663 0.799999
      vertex -4.51111 -4.48337 0.799999
    endloop
  endfacet
  facet normal 0 0 1
    outer loop
      vertex -4.51269 -4.48454 0.799999
      vertex -4.51269 -4.51546 0.799999
      vertex -4.51111 -4.51663 0.799999
    endloop
  endfacet
  facet normal -0 0 1
    outer loop
      vertex -4.51414 -4.48586 0.799999
      vertex -4.51269 -4.51546 0.799999
      vertex -4.51269 -4.48454 0.799999
    endloop
  endfacet
  facet normal 0 0 1
    outer loop
      vertex -4.51414 -4.48586 0.799999
      vertex -4.51414 -4.51414 0.799999
      vertex -4.51269 -4.51546 0.799999
    endloop
  endfacet
  facet normal -0 0 1
    outer loop
      vertex -4.51546 -4.48731 0.799999
      vertex -4.51414 -4.51414 0.799999
      vertex -4.51414 -4.48586 0.799999
    endloop
  endfacet
  facet normal 0 0 1
    outer loop
      vertex -4.51546 -4.48731 0.799999
      vertex -4.51546 -4.51269 0.799999
      vertex -4.51414 -4.51414 0.799999
    endloop
  endfacet
  facet normal -0 0 1
    outer loop
      vertex -4.51663 -4.48889 0.799999
      vertex -4.51546 -4.51269 0.799999
      vertex -4.51546 -4.48731 0.799999
    endloop
  endfacet
  facet normal 0 0 1
    outer loop
      vertex -4.51663 -4.48889 0.799999
      vertex -4.51663 -4.51111 0.799999
      vertex -4.51546 -4.51269 0.799999
    endloop
  endfacet
  facet normal -0 0 1
    outer loop
      vertex -4.51764 -4.49057 0.799999
      vertex -4.51663 -4.51111 0.799999
      vertex -4.51663 -4.48889 0.799999
    endloop
  endfacet
  facet normal 0 0 1
    outer loop
      vertex -4.51764 -4.49057 0.799999
      vertex -4.51764 -4.50943 0.799999
      vertex -4.51663 -4.51111 0.799999
    endloop
  endfacet
  facet normal -0 0 1
    outer loop
      vertex -4.51848 -4.49235 0.799999
      vertex -4.51764 -4.50943 0.799999
      vertex -4.51764 -4.49057 0.799999
    endloop
  endfacet
  facet normal 0 0 1
    outer loop
      vertex -4.51848 -4.49235 0.799999
      vertex -4.51848 -4.50765 0.799999
      vertex -4.51764 -4.50943 0.799999
    endloop
  endfacet
  facet normal -0 0 1
    outer loop
      vertex -4.51914 -4.49419 0.799999
      vertex -4.51848 -4.50765 0.799999
      vertex -4.51848 -4.49235 0.799999
    endloop
  endfacet
  facet normal 0 0 1
    outer loop
      vertex -4.51914 -4.49419 0.799999
      vertex -4.51914 -4.50581 0.799999
      vertex -4.51848 -4.50765 0.799999
    endloop
  endfacet
  facet normal -0 0 1
    outer loop
      vertex -4.51962 -4.4961 0.799999
      vertex -4.51914 -4.50581 0.799999
      vertex -4.51914 -4.49419 0.799999
    endloop
  endfacet
  facet normal 0 0 1
    outer loop
      vertex -4.51962 -4.4961 0.799999
      vertex -4.51962 -4.5039 0.799999
      vertex -4.51914 -4.50581 0.799999
    endloop
  endfacet
  facet normal -0 0 1
    outer loop
      vertex -4.5199 -4.49804 0.799999
      vertex -4.51962 -4.5039 0.799999
      vertex -4.51962 -4.4961 0.799999
    endloop
  endfacet
  facet normal 0 0 1
    outer loop
      vertex -4.5199 -4.49804 0.799999
      vertex -4.5199 -4.50196 0.799999
      vertex -4.51962 -4.5039 0.799999
    endloop
  endfacet
  facet normal 0 -0 1
    outer loop
      vertex -4.5199 -4.50196 0.799999
      vertex -4.5199 -4.49804 0.799999
      vertex -4.52 -4.5 0.799999
    endloop
  endfacet
  facet normal 0.904358 -0.426775 0
    outer loop
      vertex -4.48236 -4.50943 0.799999
      vertex -4.48152 -4.50765 0
      vertex -4.48152 -4.50765 0.799999
    endloop
  endfacet
  facet normal 0.904358 -0.426775 0
    outer loop
      vertex -4.48152 -4.50765 0
      vertex -4.48236 -4.50943 0.799999
      vertex -4.48236 -4.50943 0
    endloop
  endfacet
  facet normal 0.595106 0.803647 -0
    outer loop
      vertex -4.48731 -4.48454 0
      vertex -4.48889 -4.48337 0.799999
      vertex -4.48731 -4.48454 0.799999
    endloop
  endfacet
  facet normal 0.595106 0.803647 0
    outer loop
      vertex -4.48889 -4.48337 0.799999
      vertex -4.48731 -4.48454 0
      vertex -4.48889 -4.48337 0
    endloop
  endfacet
  facet normal -0.337632 -0.941278 0
    outer loop
      vertex -4.50765 -4.51848 0
      vertex -4.50581 -4.51914 0.799999
      vertex -4.50765 -4.51848 0.799999
    endloop
  endfacet
  facet normal -0.337632 -0.941278 -0
    outer loop
      vertex -4.50581 -4.51914 0.799999
      vertex -4.50765 -4.51848 0
      vertex -4.50581 -4.51914 0
    endloop
  endfacet
  facet normal -0.595106 0.803647 0
    outer loop
      vertex -4.51111 -4.48337 0
      vertex -4.51269 -4.48454 0.799999
      vertex -4.51111 -4.48337 0.799999
    endloop
  endfacet
  facet normal -0.595106 0.803647 0
    outer loop
      vertex -4.51269 -4.48454 0.799999
      vertex -4.51111 -4.48337 0
      vertex -4.51269 -4.48454 0
    endloop
  endfacet
  facet normal -0.426775 0.904358 0
    outer loop
      vertex -4.50765 -4.48152 0
      vertex -4.50943 -4.48236 0.799999
      vertex -4.50765 -4.48152 0.799999
    endloop
  endfacet
  facet normal -0.426775 0.904358 0
    outer loop
      vertex -4.50943 -4.48236 0.799999
      vertex -4.50765 -4.48152 0
      vertex -4.50943 -4.48236 0
    endloop
  endfacet
  facet normal -0.739478 0.67318 0
    outer loop
      vertex -4.51546 -4.48731 0
      vertex -4.51414 -4.48586 0.799999
      vertex -4.51414 -4.48586 0
    endloop
  endfacet
  facet normal -0.739478 0.67318 0
    outer loop
      vertex -4.51414 -4.48586 0.799999
      vertex -4.51546 -4.48731 0
      vertex -4.51546 -4.48731 0.799999
    endloop
  endfacet
  facet normal 0.515246 -0.857042 0
    outer loop
      vertex -4.49057 -4.51764 0
      vertex -4.48889 -4.51663 0.799999
      vertex -4.49057 -4.51764 0.799999
    endloop
  endfacet
  facet normal 0.515246 -0.857042 0
    outer loop
      vertex -4.48889 -4.51663 0.799999
      vertex -4.49057 -4.51764 0
      vertex -4.48889 -4.51663 0
    endloop
  endfacet
  facet normal 0.14285 -0.989744 0
    outer loop
      vertex -4.49804 -4.5199 0
      vertex -4.4961 -4.51962 0.799999
      vertex -4.49804 -4.5199 0.799999
    endloop
  endfacet
  facet normal 0.14285 -0.989744 0
    outer loop
      vertex -4.4961 -4.51962 0.799999
      vertex -4.49804 -4.5199 0
      vertex -4.4961 -4.51962 0
    endloop
  endfacet
  facet normal -0.969843 -0.24373 0
    outer loop
      vertex -4.51914 -4.50581 0
      vertex -4.51962 -4.5039 0.799999
      vertex -4.51962 -4.5039 0
    endloop
  endfacet
  facet normal -0.969843 -0.24373 0
    outer loop
      vertex -4.51962 -4.5039 0.799999
      vertex -4.51914 -4.50581 0
      vertex -4.51914 -4.50581 0.799999
    endloop
  endfacet
  facet normal -0.904358 0.426775 0
    outer loop
      vertex -4.51848 -4.49235 0
      vertex -4.51764 -4.49057 0.799999
      vertex -4.51764 -4.49057 0
    endloop
  endfacet
  facet normal -0.904358 0.426775 0
    outer loop
      vertex -4.51764 -4.49057 0.799999
      vertex -4.51848 -4.49235 0
      vertex -4.51848 -4.49235 0.799999
    endloop
  endfacet
  facet normal 0.426775 -0.904358 0
    outer loop
      vertex -4.49235 -4.51848 0
      vertex -4.49057 -4.51764 0.799999
      vertex -4.49235 -4.51848 0.799999
    endloop
  endfacet
  facet normal 0.426775 -0.904358 0
    outer loop
      vertex -4.49057 -4.51764 0.799999
      vertex -4.49235 -4.51848 0
      vertex -4.49057 -4.51764 0
    endloop
  endfacet
  facet normal 0.803647 -0.595106 0
    outer loop
      vertex -4.48454 -4.51269 0.799999
      vertex -4.48337 -4.51111 0
      vertex -4.48337 -4.51111 0.799999
    endloop
  endfacet
  facet normal 0.803647 -0.595106 0
    outer loop
      vertex -4.48337 -4.51111 0
      vertex -4.48454 -4.51269 0.799999
      vertex -4.48454 -4.51269 0
    endloop
  endfacet
  facet normal -0.515246 -0.857042 0
    outer loop
      vertex -4.51111 -4.51663 0
      vertex -4.50943 -4.51764 0.799999
      vertex -4.51111 -4.51663 0.799999
    endloop
  endfacet
  facet normal -0.515246 -0.857042 -0
    outer loop
      vertex -4.50943 -4.51764 0.799999
      vertex -4.51111 -4.51663 0
      vertex -4.50943 -4.51764 0
    endloop
  endfacet
  facet normal -0.739478 -0.67318 0
    outer loop
      vertex -4.51414 -4.51414 0
      vertex -4.51546 -4.51269 0.799999
      vertex -4.51546 -4.51269 0
    endloop
  endfacet
  facet normal -0.739478 -0.67318 0
    outer loop
      vertex -4.51546 -4.51269 0.799999
      vertex -4.51414 -4.51414 0
      vertex -4.51414 -4.51414 0.799999
    endloop
  endfacet
  facet normal 0.941278 -0.337632 0
    outer loop
      vertex -4.48152 -4.50765 0.799999
      vertex -4.48086 -4.50581 0
      vertex -4.48086 -4.50581 0.799999
    endloop
  endfacet
  facet normal 0.941278 -0.337632 0
    outer loop
      vertex -4.48086 -4.50581 0
      vertex -4.48152 -4.50765 0.799999
      vertex -4.48152 -4.50765 0
    endloop
  endfacet
  facet normal 0.739478 0.67318 0
    outer loop
      vertex -4.48454 -4.48731 0.799999
      vertex -4.48586 -4.48586 0
      vertex -4.48586 -4.48586 0.799999
    endloop
  endfacet
  facet normal 0.739478 0.67318 0
    outer loop
      vertex -4.48586 -4.48586 0
      vertex -4.48454 -4.48731 0.799999
      vertex -4.48454 -4.48731 0
    endloop
  endfacet
  facet normal 0.337632 -0.941278 0
    outer loop
      vertex -4.49419 -4.51914 0
      vertex -4.49235 -4.51848 0.799999
      vertex -4.49419 -4.51914 0.799999
    endloop
  endfacet
  facet normal 0.337632 -0.941278 0
    outer loop
      vertex -4.49235 -4.51848 0.799999
      vertex -4.49419 -4.51914 0
      vertex -4.49235 -4.51848 0
    endloop
  endfacet
  facet normal 0.857042 0.515246 0
    outer loop
      vertex -4.48236 -4.49057 0.799999
      vertex -4.48337 -4.48889 0
      vertex -4.48337 -4.48889 0.799999
    endloop
  endfacet
  facet normal 0.857042 0.515246 0
    outer loop
      vertex -4.48337 -4.48889 0
      vertex -4.48236 -4.49057 0.799999
      vertex -4.48236 -4.49057 0
    endloop
  endfacet
  facet normal 0.989744 -0.14285 0
    outer loop
      vertex -4.48038 -4.5039 0.799999
      vertex -4.4801 -4.50196 0
      vertex -4.4801 -4.50196 0.799999
    endloop
  endfacet
  facet normal 0.989744 -0.14285 0
    outer loop
      vertex -4.4801 -4.50196 0
      vertex -4.48038 -4.5039 0.799999
      vertex -4.48038 -4.5039 0
    endloop
  endfacet
  facet normal -0.998701 0.0509541 0
    outer loop
      vertex -4.52 -4.5 0
      vertex -4.5199 -4.49804 0.799999
      vertex -4.5199 -4.49804 0
    endloop
  endfacet
  facet normal -0.998701 0.0509541 0
    outer loop
      vertex -4.5199 -4.49804 0.799999
      vertex -4.52 -4.5 0
      vertex -4.52 -4.5 0.799999
    endloop
  endfacet
  facet normal -0.24373 0.969843 0
    outer loop
      vertex -4.5039 -4.48038 0
      vertex -4.50581 -4.48086 0.799999
      vertex -4.5039 -4.48038 0.799999
    endloop
  endfacet
  facet normal -0.24373 0.969843 0
    outer loop
      vertex -4.50581 -4.48086 0.799999
      vertex -4.5039 -4.48038 0
      vertex -4.50581 -4.48086 0
    endloop
  endfacet
  facet normal -0.337632 0.941278 0
    outer loop
      vertex -4.50581 -4.48086 0
      vertex -4.50765 -4.48152 0.799999
      vertex -4.50581 -4.48086 0.799999
    endloop
  endfacet
  facet normal -0.337632 0.941278 0
    outer loop
      vertex -4.50765 -4.48152 0.799999
      vertex -4.50581 -4.48086 0
      vertex -4.50765 -4.48152 0
    endloop
  endfacet
  facet normal 0.14285 0.989744 -0
    outer loop
      vertex -4.4961 -4.48038 0
      vertex -4.49804 -4.4801 0.799999
      vertex -4.4961 -4.48038 0.799999
    endloop
  endfacet
  facet normal 0.14285 0.989744 0
    outer loop
      vertex -4.49804 -4.4801 0.799999
      vertex -4.4961 -4.48038 0
      vertex -4.49804 -4.4801 0
    endloop
  endfacet
  facet normal 0.969843 0.24373 0
    outer loop
      vertex -4.48038 -4.4961 0.799999
      vertex -4.48086 -4.49419 0
      vertex -4.48086 -4.49419 0.799999
    endloop
  endfacet
  facet normal 0.969843 0.24373 0
    outer loop
      vertex -4.48086 -4.49419 0
      vertex -4.48038 -4.4961 0.799999
      vertex -4.48038 -4.4961 0
    endloop
  endfacet
  facet normal -0.14285 -0.989744 0
    outer loop
      vertex -4.5039 -4.51962 0
      vertex -4.50196 -4.5199 0.799999
      vertex -4.5039 -4.51962 0.799999
    endloop
  endfacet
  facet normal -0.14285 -0.989744 -0
    outer loop
      vertex -4.50196 -4.5199 0.799999
      vertex -4.5039 -4.51962 0
      vertex -4.50196 -4.5199 0
    endloop
  endfacet
  facet normal -0.989744 -0.14285 0
    outer loop
      vertex -4.51962 -4.5039 0
      vertex -4.5199 -4.50196 0.799999
      vertex -4.5199 -4.50196 0
    endloop
  endfacet
  facet normal -0.989744 -0.14285 0
    outer loop
      vertex -4.5199 -4.50196 0.799999
      vertex -4.51962 -4.5039 0
      vertex -4.51962 -4.5039 0.799999
    endloop
  endfacet
  facet normal -0.0509541 0.998701 0
    outer loop
      vertex -4.5 -4.48 0
      vertex -4.50196 -4.4801 0.799999
      vertex -4.5 -4.48 0.799999
    endloop
  endfacet
  facet normal -0.0509541 0.998701 0
    outer loop
      vertex -4.50196 -4.4801 0.799999
      vertex -4.5 -4.48 0
      vertex -4.50196 -4.4801 0
    endloop
  endfacet
  facet normal -0.24373 -0.969843 0
    outer loop
      vertex -4.50581 -4.51914 0
      vertex -4.5039 -4.51962 0.799999
      vertex -4.50581 -4.51914 0.799999
    endloop
  endfacet
  facet normal -0.24373 -0.969843 -0
    outer loop
      vertex -4.5039 -4.51962 0.799999
      vertex -4.50581 -4.51914 0
      vertex -4.5039 -4.51962 0
    endloop
  endfacet
  facet normal 0.595106 -0.803647 0
    outer loop
      vertex -4.48889 -4.51663 0
      vertex -4.48731 -4.51546 0.799999
      vertex -4.48889 -4.51663 0.799999
    endloop
  endfacet
  facet normal 0.595106 -0.803647 0
    outer loop
      vertex -4.48731 -4.51546 0.799999
      vertex -4.48889 -4.51663 0
      vertex -4.48731 -4.51546 0
    endloop
  endfacet
  facet normal 0.857042 -0.515246 0
    outer loop
      vertex -4.48337 -4.51111 0.799999
      vertex -4.48236 -4.50943 0
      vertex -4.48236 -4.50943 0.799999
    endloop
  endfacet
  facet normal 0.857042 -0.515246 0
    outer loop
      vertex -4.48236 -4.50943 0
      vertex -4.48337 -4.51111 0.799999
      vertex -4.48337 -4.51111 0
    endloop
  endfacet
  facet normal -0.803647 -0.595106 0
    outer loop
      vertex -4.51546 -4.51269 0
      vertex -4.51663 -4.51111 0.799999
      vertex -4.51663 -4.51111 0
    endloop
  endfacet
  facet normal -0.803647 -0.595106 0
    outer loop
      vertex -4.51663 -4.51111 0.799999
      vertex -4.51546 -4.51269 0
      vertex -4.51546 -4.51269 0.799999
    endloop
  endfacet
  facet normal -0.0509541 -0.998701 0
    outer loop
      vertex -4.50196 -4.5199 0
      vertex -4.5 -4.52 0.799999
      vertex -4.50196 -4.5199 0.799999
    endloop
  endfacet
  facet normal -0.0509541 -0.998701 -0
    outer loop
      vertex -4.5 -4.52 0.799999
      vertex -4.50196 -4.5199 0
      vertex -4.5 -4.52 0
    endloop
  endfacet
  facet normal 0.24373 -0.969843 0
    outer loop
      vertex -4.4961 -4.51962 0
      vertex -4.49419 -4.51914 0.799999
      vertex -4.4961 -4.51962 0.799999
    endloop
  endfacet
  facet normal 0.24373 -0.969843 0
    outer loop
      vertex -4.49419 -4.51914 0.799999
      vertex -4.4961 -4.51962 0
      vertex -4.49419 -4.51914 0
    endloop
  endfacet
  facet normal -0.67318 0.739478 0
    outer loop
      vertex -4.51269 -4.48454 0
      vertex -4.51414 -4.48586 0.799999
      vertex -4.51269 -4.48454 0.799999
    endloop
  endfacet
  facet normal -0.67318 0.739478 0
    outer loop
      vertex -4.51414 -4.48586 0.799999
      vertex -4.51269 -4.48454 0
      vertex -4.51414 -4.48586 0
    endloop
  endfacet
  facet normal -0.941278 -0.337632 0
    outer loop
      vertex -4.51848 -4.50765 0
      vertex -4.51914 -4.50581 0.799999
      vertex -4.51914 -4.50581 0
    endloop
  endfacet
  facet normal -0.941278 -0.337632 0
    outer loop
      vertex -4.51914 -4.50581 0.799999
      vertex -4.51848 -4.50765 0
      vertex -4.51848 -4.50765 0.799999
    endloop
  endfacet
  facet normal -0.67318 -0.739478 0
    outer loop
      vertex -4.51414 -4.51414 0
      vertex -4.51269 -4.51546 0.799999
      vertex -4.51414 -4.51414 0.799999
    endloop
  endfacet
  facet normal -0.67318 -0.739478 -0
    outer loop
      vertex -4.51269 -4.51546 0.799999
      vertex -4.51414 -4.51414 0
      vertex -4.51269 -4.51546 0
    endloop
  endfacet
  facet normal -0.998701 -0.0509541 0
    outer loop
      vertex -4.5199 -4.50196 0
      vertex -4.52 -4.5 0.799999
      vertex -4.52 -4.5 0
    endloop
  endfacet
  facet normal -0.998701 -0.0509541 0
    outer loop
      vertex -4.52 -4.5 0.799999
      vertex -4.5199 -4.50196 0
      vertex -4.5199 -4.50196 0.799999
    endloop
  endfacet
  facet normal 0.0509541 -0.998701 0
    outer loop
      vertex -4.5 -4.52 0
      vertex -4.49804 -4.5199 0.799999
      vertex -4.5 -4.52 0.799999
    endloop
  endfacet
  facet normal 0.0509541 -0.998701 0
    outer loop
      vertex -4.49804 -4.5199 0.799999
      vertex -4.5 -4.52 0
      vertex -4.49804 -4.5199 0
    endloop
  endfacet
  facet normal -0.969843 0.24373 0
    outer loop
      vertex -4.51962 -4.4961 0
      vertex -4.51914 -4.49419 0.799999
      vertex -4.51914 -4.49419 0
    endloop
  endfacet
  facet normal -0.969843 0.24373 0
    outer loop
      vertex -4.51914 -4.49419 0.799999
      vertex -4.51962 -4.4961 0
      vertex -4.51962 -4.4961 0.799999
    endloop
  endfacet
  facet normal 0.24373 0.969843 -0
    outer loop
      vertex -4.49419 -4.48086 0
      vertex -4.4961 -4.48038 0.799999
      vertex -4.49419 -4.48086 0.799999
    endloop
  endfacet
  facet normal 0.24373 0.969843 0
    outer loop
      vertex -4.4961 -4.48038 0.799999
      vertex -4.49419 -4.48086 0
      vertex -4.4961 -4.48038 0
    endloop
  endfacet
  facet normal -0.857042 -0.515246 0
    outer loop
      vertex -4.51663 -4.51111 0
      vertex -4.51764 -4.50943 0.799999
      vertex -4.51764 -4.50943 0
    endloop
  endfacet
  facet normal -0.857042 -0.515246 0
    outer loop
      vertex -4.51764 -4.50943 0.799999
      vertex -4.51663 -4.51111 0
      vertex -4.51663 -4.51111 0.799999
    endloop
  endfacet
  facet normal -0.803647 0.595106 0
    outer loop
      vertex -4.51663 -4.48889 0
      vertex -4.51546 -4.48731 0.799999
      vertex -4.51546 -4.48731 0
    endloop
  endfacet
  facet normal -0.803647 0.595106 0
    outer loop
      vertex -4.51546 -4.48731 0.799999
      vertex -4.51663 -4.48889 0
      vertex -4.51663 -4.48889 0.799999
    endloop
  endfacet
  facet normal 0.739478 -0.67318 0
    outer loop
      vertex -4.48586 -4.51414 0.799999
      vertex -4.48454 -4.51269 0
      vertex -4.48454 -4.51269 0.799999
    endloop
  endfacet
  facet normal 0.739478 -0.67318 0
    outer loop
      vertex -4.48454 -4.51269 0
      vertex -4.48586 -4.51414 0.799999
      vertex -4.48586 -4.51414 0
    endloop
  endfacet
  facet normal 0.67318 -0.739478 0
    outer loop
      vertex -4.48731 -4.51546 0
      vertex -4.48586 -4.51414 0.799999
      vertex -4.48731 -4.51546 0.799999
    endloop
  endfacet
  facet normal 0.67318 -0.739478 0
    outer loop
      vertex -4.48586 -4.51414 0.799999
      vertex -4.48731 -4.51546 0
      vertex -4.48586 -4.51414 0
    endloop
  endfacet
  facet normal 0.337632 0.941278 -0
    outer loop
      vertex -4.49235 -4.48152 0
      vertex -4.49419 -4.48086 0.799999
      vertex -4.49235 -4.48152 0.799999
    endloop
  endfacet
  facet normal 0.337632 0.941278 0
    outer loop
      vertex -4.49419 -4.48086 0.799999
      vertex -4.49235 -4.48152 0
      vertex -4.49419 -4.48086 0
    endloop
  endfacet
  facet normal -0.989744 0.14285 0
    outer loop
      vertex -4.5199 -4.49804 0
      vertex -4.51962 -4.4961 0.799999
      vertex -4.51962 -4.4961 0
    endloop
  endfacet
  facet normal -0.989744 0.14285 0
    outer loop
      vertex -4.51962 -4.4961 0.799999
      vertex -4.5199 -4.49804 0
      vertex -4.5199 -4.49804 0.799999
    endloop
  endfacet
  facet normal -0.904358 -0.426775 0
    outer loop
      vertex -4.51764 -4.50943 0
      vertex -4.51848 -4.50765 0.799999
      vertex -4.51848 -4.50765 0
    endloop
  endfacet
  facet normal -0.904358 -0.426775 0
    outer loop
      vertex -4.51848 -4.50765 0.799999
      vertex -4.51764 -4.50943 0
      vertex -4.51764 -4.50943 0.799999
    endloop
  endfacet
  facet normal 0.989744 0.14285 0
    outer loop
      vertex -4.4801 -1.49804 0.799999
      vertex -4.48038 -1.4961 0
      vertex -4.48038 -1.4961 0.799999
    endloop
  endfacet
  facet normal 0.989744 0.14285 0
    outer loop
      vertex -4.48038 -1.4961 0
      vertex -4.4801 -1.49804 0.799999
      vertex -4.4801 -1.49804 0
    endloop
  endfacet
  facet normal 0.998701 0.0509541 0
    outer loop
      vertex -4.48 -1.5 0.799999
      vertex -4.4801 -1.49804 0
      vertex -4.4801 -1.49804 0.799999
    endloop
  endfacet
  facet normal 0.998701 0.0509541 0
    outer loop
      vertex -4.4801 -1.49804 0
      vertex -4.48 -1.5 0.799999
      vertex -4.48 -1.5 0
    endloop
  endfacet
  facet normal 0.67318 0.739478 -0
    outer loop
      vertex -4.48586 -1.48586 0
      vertex -4.48731 -1.48454 0.799999
      vertex -4.48586 -1.48586 0.799999
    endloop
  endfacet
  facet normal 0.67318 0.739478 0
    outer loop
      vertex -4.48731 -1.48454 0.799999
      vertex -4.48586 -1.48586 0
      vertex -4.48731 -1.48454 0
    endloop
  endfacet
  facet normal -0.14285 0.989744 0
    outer loop
      vertex -4.50196 -1.4801 0
      vertex -4.5039 -1.48038 0.799999
      vertex -4.50196 -1.4801 0.799999
    endloop
  endfacet
  facet normal -0.14285 0.989744 0
    outer loop
      vertex -4.5039 -1.48038 0.799999
      vertex -4.50196 -1.4801 0
      vertex -4.5039 -1.48038 0
    endloop
  endfacet
  facet normal 0.941278 0.337632 0
    outer loop
      vertex -4.48086 -1.49419 0.799999
      vertex -4.48152 -1.49235 0
      vertex -4.48152 -1.49235 0.799999
    endloop
  endfacet
  facet normal 0.941278 0.337632 0
    outer loop
      vertex -4.48152 -1.49235 0
      vertex -4.48086 -1.49419 0.799999
      vertex -4.48086 -1.49419 0
    endloop
  endfacet
  facet normal 0.426775 0.904358 -0
    outer loop
      vertex -4.49057 -1.48236 0
      vertex -4.49235 -1.48152 0.799999
      vertex -4.49057 -1.48236 0.799999
    endloop
  endfacet
  facet normal 0.426775 0.904358 0
    outer loop
      vertex -4.49235 -1.48152 0.799999
      vertex -4.49057 -1.48236 0
      vertex -4.49235 -1.48152 0
    endloop
  endfacet
  facet normal -0.941278 0.337632 0
    outer loop
      vertex -4.51914 -1.49419 0
      vertex -4.51848 -1.49235 0.799999
      vertex -4.51848 -1.49235 0
    endloop
  endfacet
  facet normal -0.941278 0.337632 0
    outer loop
      vertex -4.51848 -1.49235 0.799999
      vertex -4.51914 -1.49419 0
      vertex -4.51914 -1.49419 0.799999
    endloop
  endfacet
  facet normal 0.998701 -0.0509541 0
    outer loop
      vertex -4.4801 -1.50196 0.799999
      vertex -4.48 -1.5 0
      vertex -4.48 -1.5 0.799999
    endloop
  endfacet
  facet normal 0.998701 -0.0509541 0
    outer loop
      vertex -4.48 -1.5 0
      vertex -4.4801 -1.50196 0.799999
      vertex -4.4801 -1.50196 0
    endloop
  endfacet
  facet normal -0.426775 -0.904358 0
    outer loop
      vertex -4.50943 -1.51764 0
      vertex -4.50765 -1.51848 0.799999
      vertex -4.50943 -1.51764 0.799999
    endloop
  endfacet
  facet normal -0.426775 -0.904358 -0
    outer loop
      vertex -4.50765 -1.51848 0.799999
      vertex -4.50943 -1.51764 0
      vertex -4.50765 -1.51848 0
    endloop
  endfacet
  facet normal 0.803647 0.595106 0
    outer loop
      vertex -4.48337 -1.48889 0.799999
      vertex -4.48454 -1.48731 0
      vertex -4.48454 -1.48731 0.799999
    endloop
  endfacet
  facet normal 0.803647 0.595106 0
    outer loop
      vertex -4.48454 -1.48731 0
      vertex -4.48337 -1.48889 0.799999
      vertex -4.48337 -1.48889 0
    endloop
  endfacet
  facet normal -0.857042 0.515246 0
    outer loop
      vertex -4.51764 -1.49057 0
      vertex -4.51663 -1.48889 0.799999
      vertex -4.51663 -1.48889 0
    endloop
  endfacet
  facet normal -0.857042 0.515246 0
    outer loop
      vertex -4.51663 -1.48889 0.799999
      vertex -4.51764 -1.49057 0
      vertex -4.51764 -1.49057 0.799999
    endloop
  endfacet
  facet normal 0.0509541 0.998701 -0
    outer loop
      vertex -4.49804 -1.4801 0
      vertex -4.5 -1.48 0.799999
      vertex -4.49804 -1.4801 0.799999
    endloop
  endfacet
  facet normal 0.0509541 0.998701 0
    outer loop
      vertex -4.5 -1.48 0.799999
      vertex -4.49804 -1.4801 0
      vertex -4.5 -1.48 0
    endloop
  endfacet
  facet normal -0.515246 0.857042 0
    outer loop
      vertex -4.50943 -1.48236 0
      vertex -4.51111 -1.48337 0.799999
      vertex -4.50943 -1.48236 0.799999
    endloop
  endfacet
  facet normal -0.515246 0.857042 0
    outer loop
      vertex -4.51111 -1.48337 0.799999
      vertex -4.50943 -1.48236 0
      vertex -4.51111 -1.48337 0
    endloop
  endfacet
  facet normal 0.515246 0.857042 -0
    outer loop
      vertex -4.48889 -1.48337 0
      vertex -4.49057 -1.48236 0.799999
      vertex -4.48889 -1.48337 0.799999
    endloop
  endfacet
  facet normal 0.515246 0.857042 0
    outer loop
      vertex -4.49057 -1.48236 0.799999
      vertex -4.48889 -1.48337 0
      vertex -4.49057 -1.48236 0
    endloop
  endfacet
  facet normal 0.904358 0.426775 0
    outer loop
      vertex -4.48152 -1.49235 0.799999
      vertex -4.48236 -1.49057 0
      vertex -4.48236 -1.49057 0.799999
    endloop
  endfacet
  facet normal 0.904358 0.426775 0
    outer loop
      vertex -4.48236 -1.49057 0
      vertex -4.48152 -1.49235 0.799999
      vertex -4.48152 -1.49235 0
    endloop
  endfacet
  facet normal 0.969843 -0.24373 0
    outer loop
      vertex -4.48086 -1.50581 0.799999
      vertex -4.48038 -1.5039 0
      vertex -4.48038 -1.5039 0.799999
    endloop
  endfacet
  facet normal 0.969843 -0.24373 0
    outer loop
      vertex -4.48038 -1.5039 0
      vertex -4.48086 -1.50581 0.799999
      vertex -4.48086 -1.50581 0
    endloop
  endfacet
  facet normal 0 0 1
    outer loop
      vertex -4.4801 -1.49804 0.799999
      vertex -4.4801 -1.50196 0.799999
      vertex -4.48 -1.5 0.799999
    endloop
  endfacet
  facet normal 0 0 1
    outer loop
      vertex -4.48038 -1.4961 0.799999
      vertex -4.4801 -1.50196 0.799999
      vertex -4.4801 -1.49804 0.799999
    endloop
  endfacet
  facet normal 0 0 1
    outer loop
      vertex -4.48038 -1.4961 0.799999
      vertex -4.48038 -1.5039 0.799999
      vertex -4.4801 -1.50196 0.799999
    endloop
  endfacet
  facet normal 0 0 1
    outer loop
      vertex -4.48086 -1.49419 0.799999
      vertex -4.48038 -1.5039 0.799999
      vertex -4.48038 -1.4961 0.799999
    endloop
  endfacet
  facet normal 0 0 1
    outer loop
      vertex -4.48086 -1.49419 0.799999
      vertex -4.48086 -1.50581 0.799999
      vertex -4.48038 -1.5039 0.799999
    endloop
  endfacet
  facet normal 0 0 1
    outer loop
      vertex -4.48152 -1.49235 0.799999
      vertex -4.48086 -1.50581 0.799999
      vertex -4.48086 -1.49419 0.799999
    endloop
  endfacet
  facet normal 0 0 1
    outer loop
      vertex -4.48152 -1.49235 0.799999
      vertex -4.48152 -1.50765 0.799999
      vertex -4.48086 -1.50581 0.799999
    endloop
  endfacet
  facet normal 0 0 1
    outer loop
      vertex -4.48236 -1.49057 0.799999
      vertex -4.48152 -1.50765 0.799999
      vertex -4.48152 -1.49235 0.799999
    endloop
  endfacet
  facet normal 0 0 1
    outer loop
      vertex -4.48236 -1.49057 0.799999
      vertex -4.48236 -1.50943 0.799999
      vertex -4.48152 -1.50765 0.799999
    endloop
  endfacet
  facet normal 0 0 1
    outer loop
      vertex -4.48337 -1.48889 0.799999
      vertex -4.48236 -1.50943 0.799999
      vertex -4.48236 -1.49057 0.799999
    endloop
  endfacet
  facet normal 0 0 1
    outer loop
      vertex -4.48337 -1.48889 0.799999
      vertex -4.48337 -1.51111 0.799999
      vertex -4.48236 -1.50943 0.799999
    endloop
  endfacet
  facet normal 0 0 1
    outer loop
      vertex -4.48454 -1.48731 0.799999
      vertex -4.48337 -1.51111 0.799999
      vertex -4.48337 -1.48889 0.799999
    endloop
  endfacet
  facet normal 0 0 1
    outer loop
      vertex -4.48454 -1.48731 0.799999
      vertex -4.48454 -1.51269 0.799999
      vertex -4.48337 -1.51111 0.799999
    endloop
  endfacet
  facet normal 0 0 1
    outer loop
      vertex -4.48586 -1.48586 0.799999
      vertex -4.48454 -1.51269 0.799999
      vertex -4.48454 -1.48731 0.799999
    endloop
  endfacet
  facet normal 0 0 1
    outer loop
      vertex -4.48586 -1.48586 0.799999
      vertex -4.48586 -1.51414 0.799999
      vertex -4.48454 -1.51269 0.799999
    endloop
  endfacet
  facet normal 0 0 1
    outer loop
      vertex -4.48731 -1.48454 0.799999
      vertex -4.48586 -1.51414 0.799999
      vertex -4.48586 -1.48586 0.799999
    endloop
  endfacet
  facet normal 0 0 1
    outer loop
      vertex -4.48731 -1.48454 0.799999
      vertex -4.48731 -1.51546 0.799999
      vertex -4.48586 -1.51414 0.799999
    endloop
  endfacet
  facet normal 0 0 1
    outer loop
      vertex -4.48889 -1.48337 0.799999
      vertex -4.48731 -1.51546 0.799999
      vertex -4.48731 -1.48454 0.799999
    endloop
  endfacet
  facet normal 0 0 1
    outer loop
      vertex -4.48889 -1.48337 0.799999
      vertex -4.48889 -1.51663 0.799999
      vertex -4.48731 -1.51546 0.799999
    endloop
  endfacet
  facet normal 0 0 1
    outer loop
      vertex -4.49057 -1.48236 0.799999
      vertex -4.48889 -1.51663 0.799999
      vertex -4.48889 -1.48337 0.799999
    endloop
  endfacet
  facet normal 0 0 1
    outer loop
      vertex -4.49057 -1.48236 0.799999
      vertex -4.49057 -1.51764 0.799999
      vertex -4.48889 -1.51663 0.799999
    endloop
  endfacet
  facet normal 0 0 1
    outer loop
      vertex -4.49235 -1.48152 0.799999
      vertex -4.49057 -1.51764 0.799999
      vertex -4.49057 -1.48236 0.799999
    endloop
  endfacet
  facet normal 0 0 1
    outer loop
      vertex -4.49235 -1.48152 0.799999
      vertex -4.49235 -1.51848 0.799999
      vertex -4.49057 -1.51764 0.799999
    endloop
  endfacet
  facet normal 0 0 1
    outer loop
      vertex -4.49419 -1.48086 0.799999
      vertex -4.49235 -1.51848 0.799999
      vertex -4.49235 -1.48152 0.799999
    endloop
  endfacet
  facet normal 0 0 1
    outer loop
      vertex -4.49419 -1.48086 0.799999
      vertex -4.49419 -1.51914 0.799999
      vertex -4.49235 -1.51848 0.799999
    endloop
  endfacet
  facet normal 0 0 1
    outer loop
      vertex -4.4961 -1.48038 0.799999
      vertex -4.49419 -1.51914 0.799999
      vertex -4.49419 -1.48086 0.799999
    endloop
  endfacet
  facet normal 0 0 1
    outer loop
      vertex -4.4961 -1.48038 0.799999
      vertex -4.4961 -1.51962 0.799999
      vertex -4.49419 -1.51914 0.799999
    endloop
  endfacet
  facet normal 0 0 1
    outer loop
      vertex -4.49804 -1.4801 0.799999
      vertex -4.4961 -1.51962 0.799999
      vertex -4.4961 -1.48038 0.799999
    endloop
  endfacet
  facet normal 0 0 1
    outer loop
      vertex -4.49804 -1.4801 0.799999
      vertex -4.49804 -1.5199 0.799999
      vertex -4.4961 -1.51962 0.799999
    endloop
  endfacet
  facet normal 0 0 1
    outer loop
      vertex -4.5 -1.48 0.799999
      vertex -4.49804 -1.5199 0.799999
      vertex -4.49804 -1.4801 0.799999
    endloop
  endfacet
  facet normal 0 0 1
    outer loop
      vertex -4.5 -1.48 0.799999
      vertex -4.5 -1.52 0.799999
      vertex -4.49804 -1.5199 0.799999
    endloop
  endfacet
  facet normal -0 0 1
    outer loop
      vertex -4.50196 -1.4801 0.799999
      vertex -4.5 -1.52 0.799999
      vertex -4.5 -1.48 0.799999
    endloop
  endfacet
  facet normal 0 0 1
    outer loop
      vertex -4.50196 -1.4801 0.799999
      vertex -4.50196 -1.5199 0.799999
      vertex -4.5 -1.52 0.799999
    endloop
  endfacet
  facet normal -0 0 1
    outer loop
      vertex -4.5039 -1.48038 0.799999
      vertex -4.50196 -1.5199 0.799999
      vertex -4.50196 -1.4801 0.799999
    endloop
  endfacet
  facet normal 0 0 1
    outer loop
      vertex -4.5039 -1.48038 0.799999
      vertex -4.5039 -1.51962 0.799999
      vertex -4.50196 -1.5199 0.799999
    endloop
  endfacet
  facet normal -0 0 1
    outer loop
      vertex -4.50581 -1.48086 0.799999
      vertex -4.5039 -1.51962 0.799999
      vertex -4.5039 -1.48038 0.799999
    endloop
  endfacet
  facet normal 0 0 1
    outer loop
      vertex -4.50581 -1.48086 0.799999
      vertex -4.50581 -1.51914 0.799999
      vertex -4.5039 -1.51962 0.799999
    endloop
  endfacet
  facet normal -0 0 1
    outer loop
      vertex -4.50765 -1.48152 0.799999
      vertex -4.50581 -1.51914 0.799999
      vertex -4.50581 -1.48086 0.799999
    endloop
  endfacet
  facet normal 0 0 1
    outer loop
      vertex -4.50765 -1.48152 0.799999
      vertex -4.50765 -1.51848 0.799999
      vertex -4.50581 -1.51914 0.799999
    endloop
  endfacet
  facet normal -0 0 1
    outer loop
      vertex -4.50943 -1.48236 0.799999
      vertex -4.50765 -1.51848 0.799999
      vertex -4.50765 -1.48152 0.799999
    endloop
  endfacet
  facet normal 0 0 1
    outer loop
      vertex -4.50943 -1.48236 0.799999
      vertex -4.50943 -1.51764 0.799999
      vertex -4.50765 -1.51848 0.799999
    endloop
  endfacet
  facet normal -0 0 1
    outer loop
      vertex -4.51111 -1.48337 0.799999
      vertex -4.50943 -1.51764 0.799999
      vertex -4.50943 -1.48236 0.799999
    endloop
  endfacet
  facet normal 0 0 1
    outer loop
      vertex -4.51111 -1.48337 0.799999
      vertex -4.51111 -1.51663 0.799999
      vertex -4.50943 -1.51764 0.799999
    endloop
  endfacet
  facet normal -0 0 1
    outer loop
      vertex -4.51269 -1.48454 0.799999
      vertex -4.51111 -1.51663 0.799999
      vertex -4.51111 -1.48337 0.799999
    endloop
  endfacet
  facet normal 0 0 1
    outer loop
      vertex -4.51269 -1.48454 0.799999
      vertex -4.51269 -1.51546 0.799999
      vertex -4.51111 -1.51663 0.799999
    endloop
  endfacet
  facet normal -0 0 1
    outer loop
      vertex -4.51414 -1.48586 0.799999
      vertex -4.51269 -1.51546 0.799999
      vertex -4.51269 -1.48454 0.799999
    endloop
  endfacet
  facet normal 0 0 1
    outer loop
      vertex -4.51414 -1.48586 0.799999
      vertex -4.51414 -1.51414 0.799999
      vertex -4.51269 -1.51546 0.799999
    endloop
  endfacet
  facet normal -0 0 1
    outer loop
      vertex -4.51546 -1.48731 0.799999
      vertex -4.51414 -1.51414 0.799999
      vertex -4.51414 -1.48586 0.799999
    endloop
  endfacet
  facet normal 0 0 1
    outer loop
      vertex -4.51546 -1.48731 0.799999
      vertex -4.51546 -1.51269 0.799999
      vertex -4.51414 -1.51414 0.799999
    endloop
  endfacet
  facet normal -0 0 1
    outer loop
      vertex -4.51663 -1.48889 0.799999
      vertex -4.51546 -1.51269 0.799999
      vertex -4.51546 -1.48731 0.799999
    endloop
  endfacet
  facet normal 0 0 1
    outer loop
      vertex -4.51663 -1.48889 0.799999
      vertex -4.51663 -1.51111 0.799999
      vertex -4.51546 -1.51269 0.799999
    endloop
  endfacet
  facet normal -0 0 1
    outer loop
      vertex -4.51764 -1.49057 0.799999
      vertex -4.51663 -1.51111 0.799999
      vertex -4.51663 -1.48889 0.799999
    endloop
  endfacet
  facet normal 0 0 1
    outer loop
      vertex -4.51764 -1.49057 0.799999
      vertex -4.51764 -1.50943 0.799999
      vertex -4.51663 -1.51111 0.799999
    endloop
  endfacet
  facet normal -0 0 1
    outer loop
      vertex -4.51848 -1.49235 0.799999
      vertex -4.51764 -1.50943 0.799999
      vertex -4.51764 -1.49057 0.799999
    endloop
  endfacet
  facet normal 0 0 1
    outer loop
      vertex -4.51848 -1.49235 0.799999
      vertex -4.51848 -1.50765 0.799999
      vertex -4.51764 -1.50943 0.799999
    endloop
  endfacet
  facet normal -0 0 1
    outer loop
      vertex -4.51914 -1.49419 0.799999
      vertex -4.51848 -1.50765 0.799999
      vertex -4.51848 -1.49235 0.799999
    endloop
  endfacet
  facet normal 0 0 1
    outer loop
      vertex -4.51914 -1.49419 0.799999
      vertex -4.51914 -1.50581 0.799999
      vertex -4.51848 -1.50765 0.799999
    endloop
  endfacet
  facet normal -0 0 1
    outer loop
      vertex -4.51962 -1.4961 0.799999
      vertex -4.51914 -1.50581 0.799999
      vertex -4.51914 -1.49419 0.799999
    endloop
  endfacet
  facet normal 0 0 1
    outer loop
      vertex -4.51962 -1.4961 0.799999
      vertex -4.51962 -1.5039 0.799999
      vertex -4.51914 -1.50581 0.799999
    endloop
  endfacet
  facet normal -0 0 1
    outer loop
      vertex -4.5199 -1.49804 0.799999
      vertex -4.51962 -1.5039 0.799999
      vertex -4.51962 -1.4961 0.799999
    endloop
  endfacet
  facet normal 0 0 1
    outer loop
      vertex -4.5199 -1.49804 0.799999
      vertex -4.5199 -1.50196 0.799999
      vertex -4.51962 -1.5039 0.799999
    endloop
  endfacet
  facet normal 0 -0 1
    outer loop
      vertex -4.5199 -1.50196 0.799999
      vertex -4.5199 -1.49804 0.799999
      vertex -4.52 -1.5 0.799999
    endloop
  endfacet
  facet normal 0.904358 -0.426775 0
    outer loop
      vertex -4.48236 -1.50943 0.799999
      vertex -4.48152 -1.50765 0
      vertex -4.48152 -1.50765 0.799999
    endloop
  endfacet
  facet normal 0.904358 -0.426775 0
    outer loop
      vertex -4.48152 -1.50765 0
      vertex -4.48236 -1.50943 0.799999
      vertex -4.48236 -1.50943 0
    endloop
  endfacet
  facet normal 0.595106 0.803647 -0
    outer loop
      vertex -4.48731 -1.48454 0
      vertex -4.48889 -1.48337 0.799999
      vertex -4.48731 -1.48454 0.799999
    endloop
  endfacet
  facet normal 0.595106 0.803647 0
    outer loop
      vertex -4.48889 -1.48337 0.799999
      vertex -4.48731 -1.48454 0
      vertex -4.48889 -1.48337 0
    endloop
  endfacet
  facet normal -0.337632 -0.941278 0
    outer loop
      vertex -4.50765 -1.51848 0
      vertex -4.50581 -1.51914 0.799999
      vertex -4.50765 -1.51848 0.799999
    endloop
  endfacet
  facet normal -0.337632 -0.941278 -0
    outer loop
      vertex -4.50581 -1.51914 0.799999
      vertex -4.50765 -1.51848 0
      vertex -4.50581 -1.51914 0
    endloop
  endfacet
  facet normal -0.595106 0.803647 0
    outer loop
      vertex -4.51111 -1.48337 0
      vertex -4.51269 -1.48454 0.799999
      vertex -4.51111 -1.48337 0.799999
    endloop
  endfacet
  facet normal -0.595106 0.803647 0
    outer loop
      vertex -4.51269 -1.48454 0.799999
      vertex -4.51111 -1.48337 0
      vertex -4.51269 -1.48454 0
    endloop
  endfacet
  facet normal -0.426775 0.904358 0
    outer loop
      vertex -4.50765 -1.48152 0
      vertex -4.50943 -1.48236 0.799999
      vertex -4.50765 -1.48152 0.799999
    endloop
  endfacet
  facet normal -0.426775 0.904358 0
    outer loop
      vertex -4.50943 -1.48236 0.799999
      vertex -4.50765 -1.48152 0
      vertex -4.50943 -1.48236 0
    endloop
  endfacet
  facet normal -0.739478 0.67318 0
    outer loop
      vertex -4.51546 -1.48731 0
      vertex -4.51414 -1.48586 0.799999
      vertex -4.51414 -1.48586 0
    endloop
  endfacet
  facet normal -0.739478 0.67318 0
    outer loop
      vertex -4.51414 -1.48586 0.799999
      vertex -4.51546 -1.48731 0
      vertex -4.51546 -1.48731 0.799999
    endloop
  endfacet
  facet normal 0.515246 -0.857042 0
    outer loop
      vertex -4.49057 -1.51764 0
      vertex -4.48889 -1.51663 0.799999
      vertex -4.49057 -1.51764 0.799999
    endloop
  endfacet
  facet normal 0.515246 -0.857042 0
    outer loop
      vertex -4.48889 -1.51663 0.799999
      vertex -4.49057 -1.51764 0
      vertex -4.48889 -1.51663 0
    endloop
  endfacet
  facet normal 0.14285 -0.989744 0
    outer loop
      vertex -4.49804 -1.5199 0
      vertex -4.4961 -1.51962 0.799999
      vertex -4.49804 -1.5199 0.799999
    endloop
  endfacet
  facet normal 0.14285 -0.989744 0
    outer loop
      vertex -4.4961 -1.51962 0.799999
      vertex -4.49804 -1.5199 0
      vertex -4.4961 -1.51962 0
    endloop
  endfacet
  facet normal -0.969843 -0.24373 0
    outer loop
      vertex -4.51914 -1.50581 0
      vertex -4.51962 -1.5039 0.799999
      vertex -4.51962 -1.5039 0
    endloop
  endfacet
  facet normal -0.969843 -0.24373 0
    outer loop
      vertex -4.51962 -1.5039 0.799999
      vertex -4.51914 -1.50581 0
      vertex -4.51914 -1.50581 0.799999
    endloop
  endfacet
  facet normal -0.904358 0.426775 0
    outer loop
      vertex -4.51848 -1.49235 0
      vertex -4.51764 -1.49057 0.799999
      vertex -4.51764 -1.49057 0
    endloop
  endfacet
  facet normal -0.904358 0.426775 0
    outer loop
      vertex -4.51764 -1.49057 0.799999
      vertex -4.51848 -1.49235 0
      vertex -4.51848 -1.49235 0.799999
    endloop
  endfacet
  facet normal 0.426775 -0.904358 0
    outer loop
      vertex -4.49235 -1.51848 0
      vertex -4.49057 -1.51764 0.799999
      vertex -4.49235 -1.51848 0.799999
    endloop
  endfacet
  facet normal 0.426775 -0.904358 0
    outer loop
      vertex -4.49057 -1.51764 0.799999
      vertex -4.49235 -1.51848 0
      vertex -4.49057 -1.51764 0
    endloop
  endfacet
  facet normal 0.803647 -0.595106 0
    outer loop
      vertex -4.48454 -1.51269 0.799999
      vertex -4.48337 -1.51111 0
      vertex -4.48337 -1.51111 0.799999
    endloop
  endfacet
  facet normal 0.803647 -0.595106 0
    outer loop
      vertex -4.48337 -1.51111 0
      vertex -4.48454 -1.51269 0.799999
      vertex -4.48454 -1.51269 0
    endloop
  endfacet
  facet normal -0.515246 -0.857042 0
    outer loop
      vertex -4.51111 -1.51663 0
      vertex -4.50943 -1.51764 0.799999
      vertex -4.51111 -1.51663 0.799999
    endloop
  endfacet
  facet normal -0.515246 -0.857042 -0
    outer loop
      vertex -4.50943 -1.51764 0.799999
      vertex -4.51111 -1.51663 0
      vertex -4.50943 -1.51764 0
    endloop
  endfacet
  facet normal -0.739478 -0.67318 0
    outer loop
      vertex -4.51414 -1.51414 0
      vertex -4.51546 -1.51269 0.799999
      vertex -4.51546 -1.51269 0
    endloop
  endfacet
  facet normal -0.739478 -0.67318 0
    outer loop
      vertex -4.51546 -1.51269 0.799999
      vertex -4.51414 -1.51414 0
      vertex -4.51414 -1.51414 0.799999
    endloop
  endfacet
  facet normal 0.941278 -0.337632 0
    outer loop
      vertex -4.48152 -1.50765 0.799999
      vertex -4.48086 -1.50581 0
      vertex -4.48086 -1.50581 0.799999
    endloop
  endfacet
  facet normal 0.941278 -0.337632 0
    outer loop
      vertex -4.48086 -1.50581 0
      vertex -4.48152 -1.50765 0.799999
      vertex -4.48152 -1.50765 0
    endloop
  endfacet
  facet normal 0.739478 0.67318 0
    outer loop
      vertex -4.48454 -1.48731 0.799999
      vertex -4.48586 -1.48586 0
      vertex -4.48586 -1.48586 0.799999
    endloop
  endfacet
  facet normal 0.739478 0.67318 0
    outer loop
      vertex -4.48586 -1.48586 0
      vertex -4.48454 -1.48731 0.799999
      vertex -4.48454 -1.48731 0
    endloop
  endfacet
  facet normal 0.337632 -0.941278 0
    outer loop
      vertex -4.49419 -1.51914 0
      vertex -4.49235 -1.51848 0.799999
      vertex -4.49419 -1.51914 0.799999
    endloop
  endfacet
  facet normal 0.337632 -0.941278 0
    outer loop
      vertex -4.49235 -1.51848 0.799999
      vertex -4.49419 -1.51914 0
      vertex -4.49235 -1.51848 0
    endloop
  endfacet
  facet normal 0.857042 0.515246 0
    outer loop
      vertex -4.48236 -1.49057 0.799999
      vertex -4.48337 -1.48889 0
      vertex -4.48337 -1.48889 0.799999
    endloop
  endfacet
  facet normal 0.857042 0.515246 0
    outer loop
      vertex -4.48337 -1.48889 0
      vertex -4.48236 -1.49057 0.799999
      vertex -4.48236 -1.49057 0
    endloop
  endfacet
  facet normal 0.989744 -0.14285 0
    outer loop
      vertex -4.48038 -1.5039 0.799999
      vertex -4.4801 -1.50196 0
      vertex -4.4801 -1.50196 0.799999
    endloop
  endfacet
  facet normal 0.989744 -0.14285 0
    outer loop
      vertex -4.4801 -1.50196 0
      vertex -4.48038 -1.5039 0.799999
      vertex -4.48038 -1.5039 0
    endloop
  endfacet
  facet normal -0.998701 0.0509541 0
    outer loop
      vertex -4.52 -1.5 0
      vertex -4.5199 -1.49804 0.799999
      vertex -4.5199 -1.49804 0
    endloop
  endfacet
  facet normal -0.998701 0.0509541 0
    outer loop
      vertex -4.5199 -1.49804 0.799999
      vertex -4.52 -1.5 0
      vertex -4.52 -1.5 0.799999
    endloop
  endfacet
  facet normal -0.24373 0.969843 0
    outer loop
      vertex -4.5039 -1.48038 0
      vertex -4.50581 -1.48086 0.799999
      vertex -4.5039 -1.48038 0.799999
    endloop
  endfacet
  facet normal -0.24373 0.969843 0
    outer loop
      vertex -4.50581 -1.48086 0.799999
      vertex -4.5039 -1.48038 0
      vertex -4.50581 -1.48086 0
    endloop
  endfacet
  facet normal -0.337632 0.941278 0
    outer loop
      vertex -4.50581 -1.48086 0
      vertex -4.50765 -1.48152 0.799999
      vertex -4.50581 -1.48086 0.799999
    endloop
  endfacet
  facet normal -0.337632 0.941278 0
    outer loop
      vertex -4.50765 -1.48152 0.799999
      vertex -4.50581 -1.48086 0
      vertex -4.50765 -1.48152 0
    endloop
  endfacet
  facet normal 0.14285 0.989744 -0
    outer loop
      vertex -4.4961 -1.48038 0
      vertex -4.49804 -1.4801 0.799999
      vertex -4.4961 -1.48038 0.799999
    endloop
  endfacet
  facet normal 0.14285 0.989744 0
    outer loop
      vertex -4.49804 -1.4801 0.799999
      vertex -4.4961 -1.48038 0
      vertex -4.49804 -1.4801 0
    endloop
  endfacet
  facet normal 0.969843 0.24373 0
    outer loop
      vertex -4.48038 -1.4961 0.799999
      vertex -4.48086 -1.49419 0
      vertex -4.48086 -1.49419 0.799999
    endloop
  endfacet
  facet normal 0.969843 0.24373 0
    outer loop
      vertex -4.48086 -1.49419 0
      vertex -4.48038 -1.4961 0.799999
      vertex -4.48038 -1.4961 0
    endloop
  endfacet
  facet normal -0.14285 -0.989744 0
    outer loop
      vertex -4.5039 -1.51962 0
      vertex -4.50196 -1.5199 0.799999
      vertex -4.5039 -1.51962 0.799999
    endloop
  endfacet
  facet normal -0.14285 -0.989744 -0
    outer loop
      vertex -4.50196 -1.5199 0.799999
      vertex -4.5039 -1.51962 0
      vertex -4.50196 -1.5199 0
    endloop
  endfacet
  facet normal -0.989744 -0.14285 0
    outer loop
      vertex -4.51962 -1.5039 0
      vertex -4.5199 -1.50196 0.799999
      vertex -4.5199 -1.50196 0
    endloop
  endfacet
  facet normal -0.989744 -0.14285 0
    outer loop
      vertex -4.5199 -1.50196 0.799999
      vertex -4.51962 -1.5039 0
      vertex -4.51962 -1.5039 0.799999
    endloop
  endfacet
  facet normal -0.0509541 0.998701 0
    outer loop
      vertex -4.5 -1.48 0
      vertex -4.50196 -1.4801 0.799999
      vertex -4.5 -1.48 0.799999
    endloop
  endfacet
  facet normal -0.0509541 0.998701 0
    outer loop
      vertex -4.50196 -1.4801 0.799999
      vertex -4.5 -1.48 0
      vertex -4.50196 -1.4801 0
    endloop
  endfacet
  facet normal -0.24373 -0.969843 0
    outer loop
      vertex -4.50581 -1.51914 0
      vertex -4.5039 -1.51962 0.799999
      vertex -4.50581 -1.51914 0.799999
    endloop
  endfacet
  facet normal -0.24373 -0.969843 -0
    outer loop
      vertex -4.5039 -1.51962 0.799999
      vertex -4.50581 -1.51914 0
      vertex -4.5039 -1.51962 0
    endloop
  endfacet
  facet normal 0.595106 -0.803647 0
    outer loop
      vertex -4.48889 -1.51663 0
      vertex -4.48731 -1.51546 0.799999
      vertex -4.48889 -1.51663 0.799999
    endloop
  endfacet
  facet normal 0.595106 -0.803647 0
    outer loop
      vertex -4.48731 -1.51546 0.799999
      vertex -4.48889 -1.51663 0
      vertex -4.48731 -1.51546 0
    endloop
  endfacet
  facet normal 0.857042 -0.515246 0
    outer loop
      vertex -4.48337 -1.51111 0.799999
      vertex -4.48236 -1.50943 0
      vertex -4.48236 -1.50943 0.799999
    endloop
  endfacet
  facet normal 0.857042 -0.515246 0
    outer loop
      vertex -4.48236 -1.50943 0
      vertex -4.48337 -1.51111 0.799999
      vertex -4.48337 -1.51111 0
    endloop
  endfacet
  facet normal -0.803647 -0.595106 0
    outer loop
      vertex -4.51546 -1.51269 0
      vertex -4.51663 -1.51111 0.799999
      vertex -4.51663 -1.51111 0
    endloop
  endfacet
  facet normal -0.803647 -0.595106 0
    outer loop
      vertex -4.51663 -1.51111 0.799999
      vertex -4.51546 -1.51269 0
      vertex -4.51546 -1.51269 0.799999
    endloop
  endfacet
  facet normal -0.0509541 -0.998701 0
    outer loop
      vertex -4.50196 -1.5199 0
      vertex -4.5 -1.52 0.799999
      vertex -4.50196 -1.5199 0.799999
    endloop
  endfacet
  facet normal -0.0509541 -0.998701 -0
    outer loop
      vertex -4.5 -1.52 0.799999
      vertex -4.50196 -1.5199 0
      vertex -4.5 -1.52 0
    endloop
  endfacet
  facet normal 0.24373 -0.969843 0
    outer loop
      vertex -4.4961 -1.51962 0
      vertex -4.49419 -1.51914 0.799999
      vertex -4.4961 -1.51962 0.799999
    endloop
  endfacet
  facet normal 0.24373 -0.969843 0
    outer loop
      vertex -4.49419 -1.51914 0.799999
      vertex -4.4961 -1.51962 0
      vertex -4.49419 -1.51914 0
    endloop
  endfacet
  facet normal -0.67318 0.739478 0
    outer loop
      vertex -4.51269 -1.48454 0
      vertex -4.51414 -1.48586 0.799999
      vertex -4.51269 -1.48454 0.799999
    endloop
  endfacet
  facet normal -0.67318 0.739478 0
    outer loop
      vertex -4.51414 -1.48586 0.799999
      vertex -4.51269 -1.48454 0
      vertex -4.51414 -1.48586 0
    endloop
  endfacet
  facet normal -0.595106 -0.803647 0
    outer loop
      vertex -4.51269 -1.51546 0
      vertex -4.51111 -1.51663 0.799999
      vertex -4.51269 -1.51546 0.799999
    endloop
  endfacet
  facet normal -0.595106 -0.803647 -0
    outer loop
      vertex -4.51111 -1.51663 0.799999
      vertex -4.51269 -1.51546 0
      vertex -4.51111 -1.51663 0
    endloop
  endfacet
  facet normal -0.941278 -0.337632 0
    outer loop
      vertex -4.51848 -1.50765 0
      vertex -4.51914 -1.50581 0.799999
      vertex -4.51914 -1.50581 0
    endloop
  endfacet
  facet normal -0.941278 -0.337632 0
    outer loop
      vertex -4.51914 -1.50581 0.799999
      vertex -4.51848 -1.50765 0
      vertex -4.51848 -1.50765 0.799999
    endloop
  endfacet
  facet normal -0.67318 -0.739478 0
    outer loop
      vertex -4.51414 -1.51414 0
      vertex -4.51269 -1.51546 0.799999
      vertex -4.51414 -1.51414 0.799999
    endloop
  endfacet
  facet normal -0.67318 -0.739478 -0
    outer loop
      vertex -4.51269 -1.51546 0.799999
      vertex -4.51414 -1.51414 0
      vertex -4.51269 -1.51546 0
    endloop
  endfacet
  facet normal -0.998701 -0.0509541 0
    outer loop
      vertex -4.5199 -1.50196 0
      vertex -4.52 -1.5 0.799999
      vertex -4.52 -1.5 0
    endloop
  endfacet
  facet normal -0.998701 -0.0509541 0
    outer loop
      vertex -4.52 -1.5 0.799999
      vertex -4.5199 -1.50196 0
      vertex -4.5199 -1.50196 0.799999
    endloop
  endfacet
  facet normal 0.0509541 -0.998701 0
    outer loop
      vertex -4.5 -1.52 0
      vertex -4.49804 -1.5199 0.799999
      vertex -4.5 -1.52 0.799999
    endloop
  endfacet
  facet normal 0.0509541 -0.998701 0
    outer loop
      vertex -4.49804 -1.5199 0.799999
      vertex -4.5 -1.52 0
      vertex -4.49804 -1.5199 0
    endloop
  endfacet
  facet normal -0.969843 0.24373 0
    outer loop
      vertex -4.51962 -1.4961 0
      vertex -4.51914 -1.49419 0.799999
      vertex -4.51914 -1.49419 0
    endloop
  endfacet
  facet normal -0.969843 0.24373 0
    outer loop
      vertex -4.51914 -1.49419 0.799999
      vertex -4.51962 -1.4961 0
      vertex -4.51962 -1.4961 0.799999
    endloop
  endfacet
  facet normal 0.24373 0.969843 -0
    outer loop
      vertex -4.49419 -1.48086 0
      vertex -4.4961 -1.48038 0.799999
      vertex -4.49419 -1.48086 0.799999
    endloop
  endfacet
  facet normal 0.24373 0.969843 0
    outer loop
      vertex -4.4961 -1.48038 0.799999
      vertex -4.49419 -1.48086 0
      vertex -4.4961 -1.48038 0
    endloop
  endfacet
  facet normal -0.857042 -0.515246 0
    outer loop
      vertex -4.51663 -1.51111 0
      vertex -4.51764 -1.50943 0.799999
      vertex -4.51764 -1.50943 0
    endloop
  endfacet
  facet normal -0.857042 -0.515246 0
    outer loop
      vertex -4.51764 -1.50943 0.799999
      vertex -4.51663 -1.51111 0
      vertex -4.51663 -1.51111 0.799999
    endloop
  endfacet
  facet normal -0.803647 0.595106 0
    outer loop
      vertex -4.51663 -1.48889 0
      vertex -4.51546 -1.48731 0.799999
      vertex -4.51546 -1.48731 0
    endloop
  endfacet
  facet normal -0.803647 0.595106 0
    outer loop
      vertex -4.51546 -1.48731 0.799999
      vertex -4.51663 -1.48889 0
      vertex -4.51663 -1.48889 0.799999
    endloop
  endfacet
  facet normal 0.739478 -0.67318 0
    outer loop
      vertex -4.48586 -1.51414 0.799999
      vertex -4.48454 -1.51269 0
      vertex -4.48454 -1.51269 0.799999
    endloop
  endfacet
  facet normal 0.739478 -0.67318 0
    outer loop
      vertex -4.48454 -1.51269 0
      vertex -4.48586 -1.51414 0.799999
      vertex -4.48586 -1.51414 0
    endloop
  endfacet
  facet normal 0.67318 -0.739478 0
    outer loop
      vertex -4.48731 -1.51546 0
      vertex -4.48586 -1.51414 0.799999
      vertex -4.48731 -1.51546 0.799999
    endloop
  endfacet
  facet normal 0.67318 -0.739478 0
    outer loop
      vertex -4.48586 -1.51414 0.799999
      vertex -4.48731 -1.51546 0
      vertex -4.48586 -1.51414 0
    endloop
  endfacet
  facet normal 0.337632 0.941278 -0
    outer loop
      vertex -4.49235 -1.48152 0
      vertex -4.49419 -1.48086 0.799999
      vertex -4.49235 -1.48152 0.799999
    endloop
  endfacet
  facet normal 0.337632 0.941278 0
    outer loop
      vertex -4.49419 -1.48086 0.799999
      vertex -4.49235 -1.48152 0
      vertex -4.49419 -1.48086 0
    endloop
  endfacet
  facet normal -0.989744 0.14285 0
    outer loop
      vertex -4.5199 -1.49804 0
      vertex -4.51962 -1.4961 0.799999
      vertex -4.51962 -1.4961 0
    endloop
  endfacet
  facet normal -0.989744 0.14285 0
    outer loop
      vertex -4.51962 -1.4961 0.799999
      vertex -4.5199 -1.49804 0
      vertex -4.5199 -1.49804 0.799999
    endloop
  endfacet
  facet normal -0.904358 -0.426775 0
    outer loop
      vertex -4.51764 -1.50943 0
      vertex -4.51848 -1.50765 0.799999
      vertex -4.51848 -1.50765 0
    endloop
  endfacet
  facet normal -0.904358 -0.426775 0
    outer loop
      vertex -4.51848 -1.50765 0.799999
      vertex -4.51764 -1.50943 0
      vertex -4.51764 -1.50943 0.799999
    endloop
  endfacet
  facet normal 0.989744 0.14285 0
    outer loop
      vertex -4.4801 1.50196 0.799999
      vertex -4.48038 1.5039 0
      vertex -4.48038 1.5039 0.799999
    endloop
  endfacet
  facet normal 0.989744 0.14285 0
    outer loop
      vertex -4.48038 1.5039 0
      vertex -4.4801 1.50196 0.799999
      vertex -4.4801 1.50196 0
    endloop
  endfacet
  facet normal 0.998701 0.0509541 0
    outer loop
      vertex -4.48 1.5 0.799999
      vertex -4.4801 1.50196 0
      vertex -4.4801 1.50196 0.799999
    endloop
  endfacet
  facet normal 0.998701 0.0509541 0
    outer loop
      vertex -4.4801 1.50196 0
      vertex -4.48 1.5 0.799999
      vertex -4.48 1.5 0
    endloop
  endfacet
  facet normal 0.969843 0.24373 0
    outer loop
      vertex -4.48038 1.5039 0.799999
      vertex -4.48086 1.50581 0
      vertex -4.48086 1.50581 0.799999
    endloop
  endfacet
  facet normal 0.969843 0.24373 0
    outer loop
      vertex -4.48086 1.50581 0
      vertex -4.48038 1.5039 0.799999
      vertex -4.48038 1.5039 0
    endloop
  endfacet
  facet normal -0.24373 0.969843 0
    outer loop
      vertex -4.5039 1.51962 0
      vertex -4.50581 1.51914 0.799999
      vertex -4.5039 1.51962 0.799999
    endloop
  endfacet
  facet normal -0.24373 0.969843 0
    outer loop
      vertex -4.50581 1.51914 0.799999
      vertex -4.5039 1.51962 0
      vertex -4.50581 1.51914 0
    endloop
  endfacet
  facet normal -0.904358 -0.426775 0
    outer loop
      vertex -4.51764 1.49057 0
      vertex -4.51848 1.49235 0.799999
      vertex -4.51848 1.49235 0
    endloop
  endfacet
  facet normal -0.904358 -0.426775 0
    outer loop
      vertex -4.51848 1.49235 0.799999
      vertex -4.51764 1.49057 0
      vertex -4.51764 1.49057 0.799999
    endloop
  endfacet
  facet normal 0.426775 -0.904358 0
    outer loop
      vertex -4.49235 1.48152 0
      vertex -4.49057 1.48236 0.799999
      vertex -4.49235 1.48152 0.799999
    endloop
  endfacet
  facet normal 0.426775 -0.904358 0
    outer loop
      vertex -4.49057 1.48236 0.799999
      vertex -4.49235 1.48152 0
      vertex -4.49057 1.48236 0
    endloop
  endfacet
  facet normal -0.24373 -0.969843 0
    outer loop
      vertex -4.50581 1.48086 0
      vertex -4.5039 1.48038 0.799999
      vertex -4.50581 1.48086 0.799999
    endloop
  endfacet
  facet normal -0.24373 -0.969843 -0
    outer loop
      vertex -4.5039 1.48038 0.799999
      vertex -4.50581 1.48086 0
      vertex -4.5039 1.48038 0
    endloop
  endfacet
  facet normal 0.515246 -0.857042 0
    outer loop
      vertex -4.49057 1.48236 0
      vertex -4.48889 1.48337 0.799999
      vertex -4.49057 1.48236 0.799999
    endloop
  endfacet
  facet normal 0.515246 -0.857042 0
    outer loop
      vertex -4.48889 1.48337 0.799999
      vertex -4.49057 1.48236 0
      vertex -4.48889 1.48337 0
    endloop
  endfacet
  facet normal -0.337632 -0.941278 0
    outer loop
      vertex -4.50765 1.48152 0
      vertex -4.50581 1.48086 0.799999
      vertex -4.50765 1.48152 0.799999
    endloop
  endfacet
  facet normal -0.337632 -0.941278 -0
    outer loop
      vertex -4.50581 1.48086 0.799999
      vertex -4.50765 1.48152 0
      vertex -4.50581 1.48086 0
    endloop
  endfacet
  facet normal 0.337632 -0.941278 0
    outer loop
      vertex -4.49419 1.48086 0
      vertex -4.49235 1.48152 0.799999
      vertex -4.49419 1.48086 0.799999
    endloop
  endfacet
  facet normal 0.337632 -0.941278 0
    outer loop
      vertex -4.49235 1.48152 0.799999
      vertex -4.49419 1.48086 0
      vertex -4.49235 1.48152 0
    endloop
  endfacet
  facet normal -0.67318 0.739478 0
    outer loop
      vertex -4.51269 1.51546 0
      vertex -4.51414 1.51414 0.799999
      vertex -4.51269 1.51546 0.799999
    endloop
  endfacet
  facet normal -0.67318 0.739478 0
    outer loop
      vertex -4.51414 1.51414 0.799999
      vertex -4.51269 1.51546 0
      vertex -4.51414 1.51414 0
    endloop
  endfacet
  facet normal 0.24373 -0.969843 0
    outer loop
      vertex -4.4961 1.48038 0
      vertex -4.49419 1.48086 0.799999
      vertex -4.4961 1.48038 0.799999
    endloop
  endfacet
  facet normal 0.24373 -0.969843 0
    outer loop
      vertex -4.49419 1.48086 0.799999
      vertex -4.4961 1.48038 0
      vertex -4.49419 1.48086 0
    endloop
  endfacet
  facet normal -0.857042 0.515246 0
    outer loop
      vertex -4.51764 1.50943 0
      vertex -4.51663 1.51111 0.799999
      vertex -4.51663 1.51111 0
    endloop
  endfacet
  facet normal -0.857042 0.515246 0
    outer loop
      vertex -4.51663 1.51111 0.799999
      vertex -4.51764 1.50943 0
      vertex -4.51764 1.50943 0.799999
    endloop
  endfacet
  facet normal -0.989744 0.14285 0
    outer loop
      vertex -4.5199 1.50196 0
      vertex -4.51962 1.5039 0.799999
      vertex -4.51962 1.5039 0
    endloop
  endfacet
  facet normal -0.989744 0.14285 0
    outer loop
      vertex -4.51962 1.5039 0.799999
      vertex -4.5199 1.50196 0
      vertex -4.5199 1.50196 0.799999
    endloop
  endfacet
  facet normal 0.904358 0.426775 0
    outer loop
      vertex -4.48152 1.50765 0.799999
      vertex -4.48236 1.50943 0
      vertex -4.48236 1.50943 0.799999
    endloop
  endfacet
  facet normal 0.904358 0.426775 0
    outer loop
      vertex -4.48236 1.50943 0
      vertex -4.48152 1.50765 0.799999
      vertex -4.48152 1.50765 0
    endloop
  endfacet
  facet normal 0.803647 -0.595106 0
    outer loop
      vertex -4.48454 1.48731 0.799999
      vertex -4.48337 1.48889 0
      vertex -4.48337 1.48889 0.799999
    endloop
  endfacet
  facet normal 0.803647 -0.595106 0
    outer loop
      vertex -4.48337 1.48889 0
      vertex -4.48454 1.48731 0.799999
      vertex -4.48454 1.48731 0
    endloop
  endfacet
  facet normal -0.595106 0.803647 0
    outer loop
      vertex -4.51111 1.51663 0
      vertex -4.51269 1.51546 0.799999
      vertex -4.51111 1.51663 0.799999
    endloop
  endfacet
  facet normal -0.595106 0.803647 0
    outer loop
      vertex -4.51269 1.51546 0.799999
      vertex -4.51111 1.51663 0
      vertex -4.51269 1.51546 0
    endloop
  endfacet
  facet normal 0.595106 0.803647 -0
    outer loop
      vertex -4.48731 1.51546 0
      vertex -4.48889 1.51663 0.799999
      vertex -4.48731 1.51546 0.799999
    endloop
  endfacet
  facet normal 0.595106 0.803647 0
    outer loop
      vertex -4.48889 1.51663 0.799999
      vertex -4.48731 1.51546 0
      vertex -4.48889 1.51663 0
    endloop
  endfacet
  facet normal 0.14285 0.989744 -0
    outer loop
      vertex -4.4961 1.51962 0
      vertex -4.49804 1.5199 0.799999
      vertex -4.4961 1.51962 0.799999
    endloop
  endfacet
  facet normal 0.14285 0.989744 0
    outer loop
      vertex -4.49804 1.5199 0.799999
      vertex -4.4961 1.51962 0
      vertex -4.49804 1.5199 0
    endloop
  endfacet
  facet normal 0.803647 0.595106 0
    outer loop
      vertex -4.48337 1.51111 0.799999
      vertex -4.48454 1.51269 0
      vertex -4.48454 1.51269 0.799999
    endloop
  endfacet
  facet normal 0.803647 0.595106 0
    outer loop
      vertex -4.48454 1.51269 0
      vertex -4.48337 1.51111 0.799999
      vertex -4.48337 1.51111 0
    endloop
  endfacet
  facet normal -0.515246 0.857042 0
    outer loop
      vertex -4.50943 1.51764 0
      vertex -4.51111 1.51663 0.799999
      vertex -4.50943 1.51764 0.799999
    endloop
  endfacet
  facet normal -0.515246 0.857042 0
    outer loop
      vertex -4.51111 1.51663 0.799999
      vertex -4.50943 1.51764 0
      vertex -4.51111 1.51663 0
    endloop
  endfacet
  facet normal -0.14285 0.989744 0
    outer loop
      vertex -4.50196 1.5199 0
      vertex -4.5039 1.51962 0.799999
      vertex -4.50196 1.5199 0.799999
    endloop
  endfacet
  facet normal -0.14285 0.989744 0
    outer loop
      vertex -4.5039 1.51962 0.799999
      vertex -4.50196 1.5199 0
      vertex -4.5039 1.51962 0
    endloop
  endfacet
  facet normal 0.515246 0.857042 -0
    outer loop
      vertex -4.48889 1.51663 0
      vertex -4.49057 1.51764 0.799999
      vertex -4.48889 1.51663 0.799999
    endloop
  endfacet
  facet normal 0.515246 0.857042 0
    outer loop
      vertex -4.49057 1.51764 0.799999
      vertex -4.48889 1.51663 0
      vertex -4.49057 1.51764 0
    endloop
  endfacet
  facet normal 0.67318 0.739478 -0
    outer loop
      vertex -4.48586 1.51414 0
      vertex -4.48731 1.51546 0.799999
      vertex -4.48586 1.51414 0.799999
    endloop
  endfacet
  facet normal 0.67318 0.739478 0
    outer loop
      vertex -4.48731 1.51546 0.799999
      vertex -4.48586 1.51414 0
      vertex -4.48731 1.51546 0
    endloop
  endfacet
  facet normal -0.941278 -0.337632 0
    outer loop
      vertex -4.51848 1.49235 0
      vertex -4.51914 1.49419 0.799999
      vertex -4.51914 1.49419 0
    endloop
  endfacet
  facet normal -0.941278 -0.337632 0
    outer loop
      vertex -4.51914 1.49419 0.799999
      vertex -4.51848 1.49235 0
      vertex -4.51848 1.49235 0.799999
    endloop
  endfacet
  facet normal 0.998701 -0.0509541 0
    outer loop
      vertex -4.4801 1.49804 0.799999
      vertex -4.48 1.5 0
      vertex -4.48 1.5 0.799999
    endloop
  endfacet
  facet normal 0.998701 -0.0509541 0
    outer loop
      vertex -4.48 1.5 0
      vertex -4.4801 1.49804 0.799999
      vertex -4.4801 1.49804 0
    endloop
  endfacet
  facet normal -0.426775 0.904358 0
    outer loop
      vertex -4.50765 1.51848 0
      vertex -4.50943 1.51764 0.799999
      vertex -4.50765 1.51848 0.799999
    endloop
  endfacet
  facet normal -0.426775 0.904358 0
    outer loop
      vertex -4.50943 1.51764 0.799999
      vertex -4.50765 1.51848 0
      vertex -4.50943 1.51764 0
    endloop
  endfacet
  facet normal 0.904358 -0.426775 0
    outer loop
      vertex -4.48236 1.49057 0.799999
      vertex -4.48152 1.49235 0
      vertex -4.48152 1.49235 0.799999
    endloop
  endfacet
  facet normal 0.904358 -0.426775 0
    outer loop
      vertex -4.48152 1.49235 0
      vertex -4.48236 1.49057 0.799999
      vertex -4.48236 1.49057 0
    endloop
  endfacet
  facet normal -0.595106 -0.803647 0
    outer loop
      vertex -4.51269 1.48454 0
      vertex -4.51111 1.48337 0.799999
      vertex -4.51269 1.48454 0.799999
    endloop
  endfacet
  facet normal -0.595106 -0.803647 -0
    outer loop
      vertex -4.51111 1.48337 0.799999
      vertex -4.51269 1.48454 0
      vertex -4.51111 1.48337 0
    endloop
  endfacet
  facet normal -0.803647 0.595106 0
    outer loop
      vertex -4.51663 1.51111 0
      vertex -4.51546 1.51269 0.799999
      vertex -4.51546 1.51269 0
    endloop
  endfacet
  facet normal -0.803647 0.595106 0
    outer loop
      vertex -4.51546 1.51269 0.799999
      vertex -4.51663 1.51111 0
      vertex -4.51663 1.51111 0.799999
    endloop
  endfacet
  facet normal -0.941278 0.337632 0
    outer loop
      vertex -4.51914 1.50581 0
      vertex -4.51848 1.50765 0.799999
      vertex -4.51848 1.50765 0
    endloop
  endfacet
  facet normal -0.941278 0.337632 0
    outer loop
      vertex -4.51848 1.50765 0.799999
      vertex -4.51914 1.50581 0
      vertex -4.51914 1.50581 0.799999
    endloop
  endfacet
  facet normal 0.941278 0.337632 0
    outer loop
      vertex -4.48086 1.50581 0.799999
      vertex -4.48152 1.50765 0
      vertex -4.48152 1.50765 0.799999
    endloop
  endfacet
  facet normal 0.941278 0.337632 0
    outer loop
      vertex -4.48152 1.50765 0
      vertex -4.48086 1.50581 0.799999
      vertex -4.48086 1.50581 0
    endloop
  endfacet
  facet normal 0 0 1
    outer loop
      vertex -4.4801 1.50196 0.799999
      vertex -4.4801 1.49804 0.799999
      vertex -4.48 1.5 0.799999
    endloop
  endfacet
  facet normal 0 0 1
    outer loop
      vertex -4.48038 1.5039 0.799999
      vertex -4.4801 1.49804 0.799999
      vertex -4.4801 1.50196 0.799999
    endloop
  endfacet
  facet normal 0 0 1
    outer loop
      vertex -4.48038 1.5039 0.799999
      vertex -4.48038 1.4961 0.799999
      vertex -4.4801 1.49804 0.799999
    endloop
  endfacet
  facet normal 0 0 1
    outer loop
      vertex -4.48086 1.50581 0.799999
      vertex -4.48038 1.4961 0.799999
      vertex -4.48038 1.5039 0.799999
    endloop
  endfacet
  facet normal 0 0 1
    outer loop
      vertex -4.48086 1.50581 0.799999
      vertex -4.48086 1.49419 0.799999
      vertex -4.48038 1.4961 0.799999
    endloop
  endfacet
  facet normal 0 0 1
    outer loop
      vertex -4.48152 1.50765 0.799999
      vertex -4.48086 1.49419 0.799999
      vertex -4.48086 1.50581 0.799999
    endloop
  endfacet
  facet normal 0 0 1
    outer loop
      vertex -4.48152 1.50765 0.799999
      vertex -4.48152 1.49235 0.799999
      vertex -4.48086 1.49419 0.799999
    endloop
  endfacet
  facet normal 0 0 1
    outer loop
      vertex -4.48236 1.50943 0.799999
      vertex -4.48152 1.49235 0.799999
      vertex -4.48152 1.50765 0.799999
    endloop
  endfacet
  facet normal 0 0 1
    outer loop
      vertex -4.48236 1.50943 0.799999
      vertex -4.48236 1.49057 0.799999
      vertex -4.48152 1.49235 0.799999
    endloop
  endfacet
  facet normal 0 0 1
    outer loop
      vertex -4.48337 1.51111 0.799999
      vertex -4.48236 1.49057 0.799999
      vertex -4.48236 1.50943 0.799999
    endloop
  endfacet
  facet normal 0 0 1
    outer loop
      vertex -4.48337 1.51111 0.799999
      vertex -4.48337 1.48889 0.799999
      vertex -4.48236 1.49057 0.799999
    endloop
  endfacet
  facet normal 0 0 1
    outer loop
      vertex -4.48454 1.51269 0.799999
      vertex -4.48337 1.48889 0.799999
      vertex -4.48337 1.51111 0.799999
    endloop
  endfacet
  facet normal 0 0 1
    outer loop
      vertex -4.48454 1.51269 0.799999
      vertex -4.48454 1.48731 0.799999
      vertex -4.48337 1.48889 0.799999
    endloop
  endfacet
  facet normal 0 0 1
    outer loop
      vertex -4.48586 1.51414 0.799999
      vertex -4.48454 1.48731 0.799999
      vertex -4.48454 1.51269 0.799999
    endloop
  endfacet
  facet normal 0 0 1
    outer loop
      vertex -4.48586 1.51414 0.799999
      vertex -4.48586 1.48586 0.799999
      vertex -4.48454 1.48731 0.799999
    endloop
  endfacet
  facet normal 0 0 1
    outer loop
      vertex -4.48731 1.51546 0.799999
      vertex -4.48586 1.48586 0.799999
      vertex -4.48586 1.51414 0.799999
    endloop
  endfacet
  facet normal 0 0 1
    outer loop
      vertex -4.48731 1.51546 0.799999
      vertex -4.48731 1.48454 0.799999
      vertex -4.48586 1.48586 0.799999
    endloop
  endfacet
  facet normal 0 0 1
    outer loop
      vertex -4.48889 1.51663 0.799999
      vertex -4.48731 1.48454 0.799999
      vertex -4.48731 1.51546 0.799999
    endloop
  endfacet
  facet normal 0 0 1
    outer loop
      vertex -4.48889 1.51663 0.799999
      vertex -4.48889 1.48337 0.799999
      vertex -4.48731 1.48454 0.799999
    endloop
  endfacet
  facet normal 0 0 1
    outer loop
      vertex -4.49057 1.51764 0.799999
      vertex -4.48889 1.48337 0.799999
      vertex -4.48889 1.51663 0.799999
    endloop
  endfacet
  facet normal 0 0 1
    outer loop
      vertex -4.49057 1.51764 0.799999
      vertex -4.49057 1.48236 0.799999
      vertex -4.48889 1.48337 0.799999
    endloop
  endfacet
  facet normal 0 0 1
    outer loop
      vertex -4.49235 1.51848 0.799999
      vertex -4.49057 1.48236 0.799999
      vertex -4.49057 1.51764 0.799999
    endloop
  endfacet
  facet normal 0 0 1
    outer loop
      vertex -4.49235 1.51848 0.799999
      vertex -4.49235 1.48152 0.799999
      vertex -4.49057 1.48236 0.799999
    endloop
  endfacet
  facet normal 0 0 1
    outer loop
      vertex -4.49419 1.51914 0.799999
      vertex -4.49235 1.48152 0.799999
      vertex -4.49235 1.51848 0.799999
    endloop
  endfacet
  facet normal 0 0 1
    outer loop
      vertex -4.49419 1.51914 0.799999
      vertex -4.49419 1.48086 0.799999
      vertex -4.49235 1.48152 0.799999
    endloop
  endfacet
  facet normal 0 0 1
    outer loop
      vertex -4.4961 1.51962 0.799999
      vertex -4.49419 1.48086 0.799999
      vertex -4.49419 1.51914 0.799999
    endloop
  endfacet
  facet normal 0 0 1
    outer loop
      vertex -4.4961 1.51962 0.799999
      vertex -4.4961 1.48038 0.799999
      vertex -4.49419 1.48086 0.799999
    endloop
  endfacet
  facet normal 0 0 1
    outer loop
      vertex -4.49804 1.5199 0.799999
      vertex -4.4961 1.48038 0.799999
      vertex -4.4961 1.51962 0.799999
    endloop
  endfacet
  facet normal 0 0 1
    outer loop
      vertex -4.49804 1.5199 0.799999
      vertex -4.49804 1.4801 0.799999
      vertex -4.4961 1.48038 0.799999
    endloop
  endfacet
  facet normal 0 0 1
    outer loop
      vertex -4.5 1.52 0.799999
      vertex -4.49804 1.4801 0.799999
      vertex -4.49804 1.5199 0.799999
    endloop
  endfacet
  facet normal 0 0 1
    outer loop
      vertex -4.5 1.52 0.799999
      vertex -4.5 1.48 0.799999
      vertex -4.49804 1.4801 0.799999
    endloop
  endfacet
  facet normal -0 0 1
    outer loop
      vertex -4.50196 1.5199 0.799999
      vertex -4.5 1.48 0.799999
      vertex -4.5 1.52 0.799999
    endloop
  endfacet
  facet normal 0 0 1
    outer loop
      vertex -4.50196 1.5199 0.799999
      vertex -4.50196 1.4801 0.799999
      vertex -4.5 1.48 0.799999
    endloop
  endfacet
  facet normal -0 0 1
    outer loop
      vertex -4.5039 1.51962 0.799999
      vertex -4.50196 1.4801 0.799999
      vertex -4.50196 1.5199 0.799999
    endloop
  endfacet
  facet normal 0 0 1
    outer loop
      vertex -4.5039 1.51962 0.799999
      vertex -4.5039 1.48038 0.799999
      vertex -4.50196 1.4801 0.799999
    endloop
  endfacet
  facet normal -0 0 1
    outer loop
      vertex -4.50581 1.51914 0.799999
      vertex -4.5039 1.48038 0.799999
      vertex -4.5039 1.51962 0.799999
    endloop
  endfacet
  facet normal 0 0 1
    outer loop
      vertex -4.50581 1.51914 0.799999
      vertex -4.50581 1.48086 0.799999
      vertex -4.5039 1.48038 0.799999
    endloop
  endfacet
  facet normal -0 0 1
    outer loop
      vertex -4.50765 1.51848 0.799999
      vertex -4.50581 1.48086 0.799999
      vertex -4.50581 1.51914 0.799999
    endloop
  endfacet
  facet normal 0 0 1
    outer loop
      vertex -4.50765 1.51848 0.799999
      vertex -4.50765 1.48152 0.799999
      vertex -4.50581 1.48086 0.799999
    endloop
  endfacet
  facet normal -0 0 1
    outer loop
      vertex -4.50943 1.51764 0.799999
      vertex -4.50765 1.48152 0.799999
      vertex -4.50765 1.51848 0.799999
    endloop
  endfacet
  facet normal 0 0 1
    outer loop
      vertex -4.50943 1.51764 0.799999
      vertex -4.50943 1.48236 0.799999
      vertex -4.50765 1.48152 0.799999
    endloop
  endfacet
  facet normal -0 0 1
    outer loop
      vertex -4.51111 1.51663 0.799999
      vertex -4.50943 1.48236 0.799999
      vertex -4.50943 1.51764 0.799999
    endloop
  endfacet
  facet normal 0 0 1
    outer loop
      vertex -4.51111 1.51663 0.799999
      vertex -4.51111 1.48337 0.799999
      vertex -4.50943 1.48236 0.799999
    endloop
  endfacet
  facet normal -0 0 1
    outer loop
      vertex -4.51269 1.51546 0.799999
      vertex -4.51111 1.48337 0.799999
      vertex -4.51111 1.51663 0.799999
    endloop
  endfacet
  facet normal 0 0 1
    outer loop
      vertex -4.51269 1.51546 0.799999
      vertex -4.51269 1.48454 0.799999
      vertex -4.51111 1.48337 0.799999
    endloop
  endfacet
  facet normal -0 0 1
    outer loop
      vertex -4.51414 1.51414 0.799999
      vertex -4.51269 1.48454 0.799999
      vertex -4.51269 1.51546 0.799999
    endloop
  endfacet
  facet normal 0 0 1
    outer loop
      vertex -4.51414 1.51414 0.799999
      vertex -4.51414 1.48586 0.799999
      vertex -4.51269 1.48454 0.799999
    endloop
  endfacet
  facet normal -0 0 1
    outer loop
      vertex -4.51546 1.51269 0.799999
      vertex -4.51414 1.48586 0.799999
      vertex -4.51414 1.51414 0.799999
    endloop
  endfacet
  facet normal 0 0 1
    outer loop
      vertex -4.51546 1.51269 0.799999
      vertex -4.51546 1.48731 0.799999
      vertex -4.51414 1.48586 0.799999
    endloop
  endfacet
  facet normal -0 0 1
    outer loop
      vertex -4.51663 1.51111 0.799999
      vertex -4.51546 1.48731 0.799999
      vertex -4.51546 1.51269 0.799999
    endloop
  endfacet
  facet normal 0 0 1
    outer loop
      vertex -4.51663 1.51111 0.799999
      vertex -4.51663 1.48889 0.799999
      vertex -4.51546 1.48731 0.799999
    endloop
  endfacet
  facet normal -0 0 1
    outer loop
      vertex -4.51764 1.50943 0.799999
      vertex -4.51663 1.48889 0.799999
      vertex -4.51663 1.51111 0.799999
    endloop
  endfacet
  facet normal 0 0 1
    outer loop
      vertex -4.51764 1.50943 0.799999
      vertex -4.51764 1.49057 0.799999
      vertex -4.51663 1.48889 0.799999
    endloop
  endfacet
  facet normal -0 0 1
    outer loop
      vertex -4.51848 1.50765 0.799999
      vertex -4.51764 1.49057 0.799999
      vertex -4.51764 1.50943 0.799999
    endloop
  endfacet
  facet normal 0 0 1
    outer loop
      vertex -4.51848 1.50765 0.799999
      vertex -4.51848 1.49235 0.799999
      vertex -4.51764 1.49057 0.799999
    endloop
  endfacet
  facet normal -0 0 1
    outer loop
      vertex -4.51914 1.50581 0.799999
      vertex -4.51848 1.49235 0.799999
      vertex -4.51848 1.50765 0.799999
    endloop
  endfacet
  facet normal 0 0 1
    outer loop
      vertex -4.51914 1.50581 0.799999
      vertex -4.51914 1.49419 0.799999
      vertex -4.51848 1.49235 0.799999
    endloop
  endfacet
  facet normal -0 0 1
    outer loop
      vertex -4.51962 1.5039 0.799999
      vertex -4.51914 1.49419 0.799999
      vertex -4.51914 1.50581 0.799999
    endloop
  endfacet
  facet normal 0 0 1
    outer loop
      vertex -4.51962 1.5039 0.799999
      vertex -4.51962 1.4961 0.799999
      vertex -4.51914 1.49419 0.799999
    endloop
  endfacet
  facet normal -0 0 1
    outer loop
      vertex -4.5199 1.50196 0.799999
      vertex -4.51962 1.4961 0.799999
      vertex -4.51962 1.5039 0.799999
    endloop
  endfacet
  facet normal 0 0 1
    outer loop
      vertex -4.5199 1.50196 0.799999
      vertex -4.5199 1.49804 0.799999
      vertex -4.51962 1.4961 0.799999
    endloop
  endfacet
  facet normal 0 -0 1
    outer loop
      vertex -4.5199 1.49804 0.799999
      vertex -4.5199 1.50196 0.799999
      vertex -4.52 1.5 0.799999
    endloop
  endfacet
  facet normal -0.67318 -0.739478 0
    outer loop
      vertex -4.51414 1.48586 0
      vertex -4.51269 1.48454 0.799999
      vertex -4.51414 1.48586 0.799999
    endloop
  endfacet
  facet normal -0.67318 -0.739478 -0
    outer loop
      vertex -4.51269 1.48454 0.799999
      vertex -4.51414 1.48586 0
      vertex -4.51269 1.48454 0
    endloop
  endfacet
  facet normal 0.969843 -0.24373 0
    outer loop
      vertex -4.48086 1.49419 0.799999
      vertex -4.48038 1.4961 0
      vertex -4.48038 1.4961 0.799999
    endloop
  endfacet
  facet normal 0.969843 -0.24373 0
    outer loop
      vertex -4.48038 1.4961 0
      vertex -4.48086 1.49419 0.799999
      vertex -4.48086 1.49419 0
    endloop
  endfacet
  facet normal 0.989744 -0.14285 0
    outer loop
      vertex -4.48038 1.4961 0.799999
      vertex -4.4801 1.49804 0
      vertex -4.4801 1.49804 0.799999
    endloop
  endfacet
  facet normal 0.989744 -0.14285 0
    outer loop
      vertex -4.4801 1.49804 0
      vertex -4.48038 1.4961 0.799999
      vertex -4.48038 1.4961 0
    endloop
  endfacet
  facet normal -0.515246 -0.857042 0
    outer loop
      vertex -4.51111 1.48337 0
      vertex -4.50943 1.48236 0.799999
      vertex -4.51111 1.48337 0.799999
    endloop
  endfacet
  facet normal -0.515246 -0.857042 -0
    outer loop
      vertex -4.50943 1.48236 0.799999
      vertex -4.51111 1.48337 0
      vertex -4.50943 1.48236 0
    endloop
  endfacet
  facet normal 0.337632 0.941278 -0
    outer loop
      vertex -4.49235 1.51848 0
      vertex -4.49419 1.51914 0.799999
      vertex -4.49235 1.51848 0.799999
    endloop
  endfacet
  facet normal 0.337632 0.941278 0
    outer loop
      vertex -4.49419 1.51914 0.799999
      vertex -4.49235 1.51848 0
      vertex -4.49419 1.51914 0
    endloop
  endfacet
  facet normal -0.337632 0.941278 0
    outer loop
      vertex -4.50581 1.51914 0
      vertex -4.50765 1.51848 0.799999
      vertex -4.50581 1.51914 0.799999
    endloop
  endfacet
  facet normal -0.337632 0.941278 0
    outer loop
      vertex -4.50765 1.51848 0.799999
      vertex -4.50581 1.51914 0
      vertex -4.50765 1.51848 0
    endloop
  endfacet
  facet normal 0.14285 -0.989744 0
    outer loop
      vertex -4.49804 1.4801 0
      vertex -4.4961 1.48038 0.799999
      vertex -4.49804 1.4801 0.799999
    endloop
  endfacet
  facet normal 0.14285 -0.989744 0
    outer loop
      vertex -4.4961 1.48038 0.799999
      vertex -4.49804 1.4801 0
      vertex -4.4961 1.48038 0
    endloop
  endfacet
  facet normal 0.857042 -0.515246 0
    outer loop
      vertex -4.48337 1.48889 0.799999
      vertex -4.48236 1.49057 0
      vertex -4.48236 1.49057 0.799999
    endloop
  endfacet
  facet normal 0.857042 -0.515246 0
    outer loop
      vertex -4.48236 1.49057 0
      vertex -4.48337 1.48889 0.799999
      vertex -4.48337 1.48889 0
    endloop
  endfacet
  facet normal -0.0509541 0.998701 0
    outer loop
      vertex -4.5 1.52 0
      vertex -4.50196 1.5199 0.799999
      vertex -4.5 1.52 0.799999
    endloop
  endfacet
  facet normal -0.0509541 0.998701 0
    outer loop
      vertex -4.50196 1.5199 0.799999
      vertex -4.5 1.52 0
      vertex -4.50196 1.5199 0
    endloop
  endfacet
  facet normal -0.998701 -0.0509541 0
    outer loop
      vertex -4.5199 1.49804 0
      vertex -4.52 1.5 0.799999
      vertex -4.52 1.5 0
    endloop
  endfacet
  facet normal -0.998701 -0.0509541 0
    outer loop
      vertex -4.52 1.5 0.799999
      vertex -4.5199 1.49804 0
      vertex -4.5199 1.49804 0.799999
    endloop
  endfacet
  facet normal 0.941278 -0.337632 0
    outer loop
      vertex -4.48152 1.49235 0.799999
      vertex -4.48086 1.49419 0
      vertex -4.48086 1.49419 0.799999
    endloop
  endfacet
  facet normal 0.941278 -0.337632 0
    outer loop
      vertex -4.48086 1.49419 0
      vertex -4.48152 1.49235 0.799999
      vertex -4.48152 1.49235 0
    endloop
  endfacet
  facet normal 0.426775 0.904358 -0
    outer loop
      vertex -4.49057 1.51764 0
      vertex -4.49235 1.51848 0.799999
      vertex -4.49057 1.51764 0.799999
    endloop
  endfacet
  facet normal 0.426775 0.904358 0
    outer loop
      vertex -4.49235 1.51848 0.799999
      vertex -4.49057 1.51764 0
      vertex -4.49235 1.51848 0
    endloop
  endfacet
  facet normal 0.739478 0.67318 0
    outer loop
      vertex -4.48454 1.51269 0.799999
      vertex -4.48586 1.51414 0
      vertex -4.48586 1.51414 0.799999
    endloop
  endfacet
  facet normal 0.739478 0.67318 0
    outer loop
      vertex -4.48586 1.51414 0
      vertex -4.48454 1.51269 0.799999
      vertex -4.48454 1.51269 0
    endloop
  endfacet
  facet normal 0.0509541 0.998701 -0
    outer loop
      vertex -4.49804 1.5199 0
      vertex -4.5 1.52 0.799999
      vertex -4.49804 1.5199 0.799999
    endloop
  endfacet
  facet normal 0.0509541 0.998701 0
    outer loop
      vertex -4.5 1.52 0.799999
      vertex -4.49804 1.5199 0
      vertex -4.5 1.52 0
    endloop
  endfacet
  facet normal -0.857042 -0.515246 0
    outer loop
      vertex -4.51663 1.48889 0
      vertex -4.51764 1.49057 0.799999
      vertex -4.51764 1.49057 0
    endloop
  endfacet
  facet normal -0.857042 -0.515246 0
    outer loop
      vertex -4.51764 1.49057 0.799999
      vertex -4.51663 1.48889 0
      vertex -4.51663 1.48889 0.799999
    endloop
  endfacet
  facet normal 0.857042 0.515246 0
    outer loop
      vertex -4.48236 1.50943 0.799999
      vertex -4.48337 1.51111 0
      vertex -4.48337 1.51111 0.799999
    endloop
  endfacet
  facet normal 0.857042 0.515246 0
    outer loop
      vertex -4.48337 1.51111 0
      vertex -4.48236 1.50943 0.799999
      vertex -4.48236 1.50943 0
    endloop
  endfacet
  facet normal -0.14285 -0.989744 0
    outer loop
      vertex -4.5039 1.48038 0
      vertex -4.50196 1.4801 0.799999
      vertex -4.5039 1.48038 0.799999
    endloop
  endfacet
  facet normal -0.14285 -0.989744 -0
    outer loop
      vertex -4.50196 1.4801 0.799999
      vertex -4.5039 1.48038 0
      vertex -4.50196 1.4801 0
    endloop
  endfacet
  facet normal 0.67318 -0.739478 0
    outer loop
      vertex -4.48731 1.48454 0
      vertex -4.48586 1.48586 0.799999
      vertex -4.48731 1.48454 0.799999
    endloop
  endfacet
  facet normal 0.67318 -0.739478 0
    outer loop
      vertex -4.48586 1.48586 0.799999
      vertex -4.48731 1.48454 0
      vertex -4.48586 1.48586 0
    endloop
  endfacet
  facet normal -0.0509541 -0.998701 0
    outer loop
      vertex -4.50196 1.4801 0
      vertex -4.5 1.48 0.799999
      vertex -4.50196 1.4801 0.799999
    endloop
  endfacet
  facet normal -0.0509541 -0.998701 -0
    outer loop
      vertex -4.5 1.48 0.799999
      vertex -4.50196 1.4801 0
      vertex -4.5 1.48 0
    endloop
  endfacet
  facet normal -0.739478 0.67318 0
    outer loop
      vertex -4.51546 1.51269 0
      vertex -4.51414 1.51414 0.799999
      vertex -4.51414 1.51414 0
    endloop
  endfacet
  facet normal -0.739478 0.67318 0
    outer loop
      vertex -4.51414 1.51414 0.799999
      vertex -4.51546 1.51269 0
      vertex -4.51546 1.51269 0.799999
    endloop
  endfacet
  facet normal -0.904358 0.426775 0
    outer loop
      vertex -4.51848 1.50765 0
      vertex -4.51764 1.50943 0.799999
      vertex -4.51764 1.50943 0
    endloop
  endfacet
  facet normal -0.904358 0.426775 0
    outer loop
      vertex -4.51764 1.50943 0.799999
      vertex -4.51848 1.50765 0
      vertex -4.51848 1.50765 0.799999
    endloop
  endfacet
  facet normal -0.969843 0.24373 0
    outer loop
      vertex -4.51962 1.5039 0
      vertex -4.51914 1.50581 0.799999
      vertex -4.51914 1.50581 0
    endloop
  endfacet
  facet normal -0.969843 0.24373 0
    outer loop
      vertex -4.51914 1.50581 0.799999
      vertex -4.51962 1.5039 0
      vertex -4.51962 1.5039 0.799999
    endloop
  endfacet
  facet normal 0.24373 0.969843 -0
    outer loop
      vertex -4.49419 1.51914 0
      vertex -4.4961 1.51962 0.799999
      vertex -4.49419 1.51914 0.799999
    endloop
  endfacet
  facet normal 0.24373 0.969843 0
    outer loop
      vertex -4.4961 1.51962 0.799999
      vertex -4.49419 1.51914 0
      vertex -4.4961 1.51962 0
    endloop
  endfacet
  facet normal -0.969843 -0.24373 0
    outer loop
      vertex -4.51914 1.49419 0
      vertex -4.51962 1.4961 0.799999
      vertex -4.51962 1.4961 0
    endloop
  endfacet
  facet normal -0.969843 -0.24373 0
    outer loop
      vertex -4.51962 1.4961 0.799999
      vertex -4.51914 1.49419 0
      vertex -4.51914 1.49419 0.799999
    endloop
  endfacet
  facet normal -0.426775 -0.904358 0
    outer loop
      vertex -4.50943 1.48236 0
      vertex -4.50765 1.48152 0.799999
      vertex -4.50943 1.48236 0.799999
    endloop
  endfacet
  facet normal -0.426775 -0.904358 -0
    outer loop
      vertex -4.50765 1.48152 0.799999
      vertex -4.50943 1.48236 0
      vertex -4.50765 1.48152 0
    endloop
  endfacet
  facet normal -0.739478 -0.67318 0
    outer loop
      vertex -4.51414 1.48586 0
      vertex -4.51546 1.48731 0.799999
      vertex -4.51546 1.48731 0
    endloop
  endfacet
  facet normal -0.739478 -0.67318 0
    outer loop
      vertex -4.51546 1.48731 0.799999
      vertex -4.51414 1.48586 0
      vertex -4.51414 1.48586 0.799999
    endloop
  endfacet
  facet normal 0.0509541 -0.998701 0
    outer loop
      vertex -4.5 1.48 0
      vertex -4.49804 1.4801 0.799999
      vertex -4.5 1.48 0.799999
    endloop
  endfacet
  facet normal 0.0509541 -0.998701 0
    outer loop
      vertex -4.49804 1.4801 0.799999
      vertex -4.5 1.48 0
      vertex -4.49804 1.4801 0
    endloop
  endfacet
  facet normal -0.989744 -0.14285 0
    outer loop
      vertex -4.51962 1.4961 0
      vertex -4.5199 1.49804 0.799999
      vertex -4.5199 1.49804 0
    endloop
  endfacet
  facet normal -0.989744 -0.14285 0
    outer loop
      vertex -4.5199 1.49804 0.799999
      vertex -4.51962 1.4961 0
      vertex -4.51962 1.4961 0.799999
    endloop
  endfacet
  facet normal 0.595106 -0.803647 0
    outer loop
      vertex -4.48889 1.48337 0
      vertex -4.48731 1.48454 0.799999
      vertex -4.48889 1.48337 0.799999
    endloop
  endfacet
  facet normal 0.595106 -0.803647 0
    outer loop
      vertex -4.48731 1.48454 0.799999
      vertex -4.48889 1.48337 0
      vertex -4.48731 1.48454 0
    endloop
  endfacet
  facet normal -0.803647 -0.595106 0
    outer loop
      vertex -4.51546 1.48731 0
      vertex -4.51663 1.48889 0.799999
      vertex -4.51663 1.48889 0
    endloop
  endfacet
  facet normal -0.803647 -0.595106 0
    outer loop
      vertex -4.51663 1.48889 0.799999
      vertex -4.51546 1.48731 0
      vertex -4.51546 1.48731 0.799999
    endloop
  endfacet
  facet normal -0.998701 0.0509541 0
    outer loop
      vertex -4.52 1.5 0
      vertex -4.5199 1.50196 0.799999
      vertex -4.5199 1.50196 0
    endloop
  endfacet
  facet normal -0.998701 0.0509541 0
    outer loop
      vertex -4.5199 1.50196 0.799999
      vertex -4.52 1.5 0
      vertex -4.52 1.5 0.799999
    endloop
  endfacet
  facet normal 0.739478 -0.67318 0
    outer loop
      vertex -4.48586 1.48586 0.799999
      vertex -4.48454 1.48731 0
      vertex -4.48454 1.48731 0.799999
    endloop
  endfacet
  facet normal 0.739478 -0.67318 0
    outer loop
      vertex -4.48454 1.48731 0
      vertex -4.48586 1.48586 0.799999
      vertex -4.48586 1.48586 0
    endloop
  endfacet
  facet normal 0.989744 0.14285 0
    outer loop
      vertex -4.4801 4.50196 0.799999
      vertex -4.48038 4.5039 0
      vertex -4.48038 4.5039 0.799999
    endloop
  endfacet
  facet normal 0.989744 0.14285 0
    outer loop
      vertex -4.48038 4.5039 0
      vertex -4.4801 4.50196 0.799999
      vertex -4.4801 4.50196 0
    endloop
  endfacet
  facet normal 0.998701 0.0509541 0
    outer loop
      vertex -4.48 4.5 0.799999
      vertex -4.4801 4.50196 0
      vertex -4.4801 4.50196 0.799999
    endloop
  endfacet
  facet normal 0.998701 0.0509541 0
    outer loop
      vertex -4.4801 4.50196 0
      vertex -4.48 4.5 0.799999
      vertex -4.48 4.5 0
    endloop
  endfacet
  facet normal 0.969843 0.24373 0
    outer loop
      vertex -4.48038 4.5039 0.799999
      vertex -4.48086 4.50581 0
      vertex -4.48086 4.50581 0.799999
    endloop
  endfacet
  facet normal 0.969843 0.24373 0
    outer loop
      vertex -4.48086 4.50581 0
      vertex -4.48038 4.5039 0.799999
      vertex -4.48038 4.5039 0
    endloop
  endfacet
  facet normal -0.24373 0.969843 0
    outer loop
      vertex -4.5039 4.51962 0
      vertex -4.50581 4.51914 0.799999
      vertex -4.5039 4.51962 0.799999
    endloop
  endfacet
  facet normal -0.24373 0.969843 0
    outer loop
      vertex -4.50581 4.51914 0.799999
      vertex -4.5039 4.51962 0
      vertex -4.50581 4.51914 0
    endloop
  endfacet
  facet normal -0.904358 -0.426775 0
    outer loop
      vertex -4.51764 4.49057 0
      vertex -4.51848 4.49235 0.799999
      vertex -4.51848 4.49235 0
    endloop
  endfacet
  facet normal -0.904358 -0.426775 0
    outer loop
      vertex -4.51848 4.49235 0.799999
      vertex -4.51764 4.49057 0
      vertex -4.51764 4.49057 0.799999
    endloop
  endfacet
  facet normal -0.24373 -0.969843 0
    outer loop
      vertex -4.50581 4.48086 0
      vertex -4.5039 4.48038 0.799999
      vertex -4.50581 4.48086 0.799999
    endloop
  endfacet
  facet normal -0.24373 -0.969843 -0
    outer loop
      vertex -4.5039 4.48038 0.799999
      vertex -4.50581 4.48086 0
      vertex -4.5039 4.48038 0
    endloop
  endfacet
  facet normal 0.515246 -0.857042 0
    outer loop
      vertex -4.49057 4.48236 0
      vertex -4.48889 4.48337 0.799999
      vertex -4.49057 4.48236 0.799999
    endloop
  endfacet
  facet normal 0.515246 -0.857042 0
    outer loop
      vertex -4.48889 4.48337 0.799999
      vertex -4.49057 4.48236 0
      vertex -4.48889 4.48337 0
    endloop
  endfacet
  facet normal -0.337632 -0.941278 0
    outer loop
      vertex -4.50765 4.48152 0
      vertex -4.50581 4.48086 0.799999
      vertex -4.50765 4.48152 0.799999
    endloop
  endfacet
  facet normal -0.337632 -0.941278 -0
    outer loop
      vertex -4.50581 4.48086 0.799999
      vertex -4.50765 4.48152 0
      vertex -4.50581 4.48086 0
    endloop
  endfacet
  facet normal 0.337632 -0.941278 0
    outer loop
      vertex -4.49419 4.48086 0
      vertex -4.49235 4.48152 0.799999
      vertex -4.49419 4.48086 0.799999
    endloop
  endfacet
  facet normal 0.337632 -0.941278 0
    outer loop
      vertex -4.49235 4.48152 0.799999
      vertex -4.49419 4.48086 0
      vertex -4.49235 4.48152 0
    endloop
  endfacet
  facet normal -0.67318 0.739478 0
    outer loop
      vertex -4.51269 4.51546 0
      vertex -4.51414 4.51414 0.799999
      vertex -4.51269 4.51546 0.799999
    endloop
  endfacet
  facet normal -0.67318 0.739478 0
    outer loop
      vertex -4.51414 4.51414 0.799999
      vertex -4.51269 4.51546 0
      vertex -4.51414 4.51414 0
    endloop
  endfacet
  facet normal 0.24373 -0.969843 0
    outer loop
      vertex -4.4961 4.48038 0
      vertex -4.49419 4.48086 0.799999
      vertex -4.4961 4.48038 0.799999
    endloop
  endfacet
  facet normal 0.24373 -0.969843 0
    outer loop
      vertex -4.49419 4.48086 0.799999
      vertex -4.4961 4.48038 0
      vertex -4.49419 4.48086 0
    endloop
  endfacet
  facet normal -0.857042 0.515246 0
    outer loop
      vertex -4.51764 4.50943 0
      vertex -4.51663 4.51111 0.799999
      vertex -4.51663 4.51111 0
    endloop
  endfacet
  facet normal -0.857042 0.515246 0
    outer loop
      vertex -4.51663 4.51111 0.799999
      vertex -4.51764 4.50943 0
      vertex -4.51764 4.50943 0.799999
    endloop
  endfacet
  facet normal -0.989744 0.14285 0
    outer loop
      vertex -4.5199 4.50196 0
      vertex -4.51962 4.5039 0.799999
      vertex -4.51962 4.5039 0
    endloop
  endfacet
  facet normal -0.989744 0.14285 0
    outer loop
      vertex -4.51962 4.5039 0.799999
      vertex -4.5199 4.50196 0
      vertex -4.5199 4.50196 0.799999
    endloop
  endfacet
  facet normal 0.904358 0.426775 0
    outer loop
      vertex -4.48152 4.50765 0.799999
      vertex -4.48236 4.50943 0
      vertex -4.48236 4.50943 0.799999
    endloop
  endfacet
  facet normal 0.904358 0.426775 0
    outer loop
      vertex -4.48236 4.50943 0
      vertex -4.48152 4.50765 0.799999
      vertex -4.48152 4.50765 0
    endloop
  endfacet
  facet normal 0.803647 -0.595106 0
    outer loop
      vertex -4.48454 4.48731 0.799999
      vertex -4.48337 4.48889 0
      vertex -4.48337 4.48889 0.799999
    endloop
  endfacet
  facet normal 0.803647 -0.595106 0
    outer loop
      vertex -4.48337 4.48889 0
      vertex -4.48454 4.48731 0.799999
      vertex -4.48454 4.48731 0
    endloop
  endfacet
  facet normal -0.595106 0.803647 0
    outer loop
      vertex -4.51111 4.51663 0
      vertex -4.51269 4.51546 0.799999
      vertex -4.51111 4.51663 0.799999
    endloop
  endfacet
  facet normal -0.595106 0.803647 0
    outer loop
      vertex -4.51269 4.51546 0.799999
      vertex -4.51111 4.51663 0
      vertex -4.51269 4.51546 0
    endloop
  endfacet
  facet normal 0.595106 0.803647 -0
    outer loop
      vertex -4.48731 4.51546 0
      vertex -4.48889 4.51663 0.799999
      vertex -4.48731 4.51546 0.799999
    endloop
  endfacet
  facet normal 0.595106 0.803647 0
    outer loop
      vertex -4.48889 4.51663 0.799999
      vertex -4.48731 4.51546 0
      vertex -4.48889 4.51663 0
    endloop
  endfacet
  facet normal 0.14285 0.989744 -0
    outer loop
      vertex -4.4961 4.51962 0
      vertex -4.49804 4.5199 0.799999
      vertex -4.4961 4.51962 0.799999
    endloop
  endfacet
  facet normal 0.14285 0.989744 0
    outer loop
      vertex -4.49804 4.5199 0.799999
      vertex -4.4961 4.51962 0
      vertex -4.49804 4.5199 0
    endloop
  endfacet
  facet normal 0.803647 0.595106 0
    outer loop
      vertex -4.48337 4.51111 0.799999
      vertex -4.48454 4.51269 0
      vertex -4.48454 4.51269 0.799999
    endloop
  endfacet
  facet normal 0.803647 0.595106 0
    outer loop
      vertex -4.48454 4.51269 0
      vertex -4.48337 4.51111 0.799999
      vertex -4.48337 4.51111 0
    endloop
  endfacet
  facet normal -0.515246 0.857042 0
    outer loop
      vertex -4.50943 4.51764 0
      vertex -4.51111 4.51663 0.799999
      vertex -4.50943 4.51764 0.799999
    endloop
  endfacet
  facet normal -0.515246 0.857042 0
    outer loop
      vertex -4.51111 4.51663 0.799999
      vertex -4.50943 4.51764 0
      vertex -4.51111 4.51663 0
    endloop
  endfacet
  facet normal -0.14285 0.989744 0
    outer loop
      vertex -4.50196 4.5199 0
      vertex -4.5039 4.51962 0.799999
      vertex -4.50196 4.5199 0.799999
    endloop
  endfacet
  facet normal -0.14285 0.989744 0
    outer loop
      vertex -4.5039 4.51962 0.799999
      vertex -4.50196 4.5199 0
      vertex -4.5039 4.51962 0
    endloop
  endfacet
  facet normal 0.515246 0.857042 -0
    outer loop
      vertex -4.48889 4.51663 0
      vertex -4.49057 4.51764 0.799999
      vertex -4.48889 4.51663 0.799999
    endloop
  endfacet
  facet normal 0.515246 0.857042 0
    outer loop
      vertex -4.49057 4.51764 0.799999
      vertex -4.48889 4.51663 0
      vertex -4.49057 4.51764 0
    endloop
  endfacet
  facet normal -0.941278 -0.337632 0
    outer loop
      vertex -4.51848 4.49235 0
      vertex -4.51914 4.49419 0.799999
      vertex -4.51914 4.49419 0
    endloop
  endfacet
  facet normal -0.941278 -0.337632 0
    outer loop
      vertex -4.51914 4.49419 0.799999
      vertex -4.51848 4.49235 0
      vertex -4.51848 4.49235 0.799999
    endloop
  endfacet
  facet normal 0.998701 -0.0509541 0
    outer loop
      vertex -4.4801 4.49804 0.799999
      vertex -4.48 4.5 0
      vertex -4.48 4.5 0.799999
    endloop
  endfacet
  facet normal 0.998701 -0.0509541 0
    outer loop
      vertex -4.48 4.5 0
      vertex -4.4801 4.49804 0.799999
      vertex -4.4801 4.49804 0
    endloop
  endfacet
  facet normal -0.426775 0.904358 0
    outer loop
      vertex -4.50765 4.51848 0
      vertex -4.50943 4.51764 0.799999
      vertex -4.50765 4.51848 0.799999
    endloop
  endfacet
  facet normal -0.426775 0.904358 0
    outer loop
      vertex -4.50943 4.51764 0.799999
      vertex -4.50765 4.51848 0
      vertex -4.50943 4.51764 0
    endloop
  endfacet
  facet normal 0.904358 -0.426775 0
    outer loop
      vertex -4.48236 4.49057 0.799999
      vertex -4.48152 4.49235 0
      vertex -4.48152 4.49235 0.799999
    endloop
  endfacet
  facet normal 0.904358 -0.426775 0
    outer loop
      vertex -4.48152 4.49235 0
      vertex -4.48236 4.49057 0.799999
      vertex -4.48236 4.49057 0
    endloop
  endfacet
  facet normal -0.595106 -0.803647 0
    outer loop
      vertex -4.51269 4.48454 0
      vertex -4.51111 4.48337 0.799999
      vertex -4.51269 4.48454 0.799999
    endloop
  endfacet
  facet normal -0.595106 -0.803647 -0
    outer loop
      vertex -4.51111 4.48337 0.799999
      vertex -4.51269 4.48454 0
      vertex -4.51111 4.48337 0
    endloop
  endfacet
  facet normal -0.803647 0.595106 0
    outer loop
      vertex -4.51663 4.51111 0
      vertex -4.51546 4.51269 0.799999
      vertex -4.51546 4.51269 0
    endloop
  endfacet
  facet normal -0.803647 0.595106 0
    outer loop
      vertex -4.51546 4.51269 0.799999
      vertex -4.51663 4.51111 0
      vertex -4.51663 4.51111 0.799999
    endloop
  endfacet
  facet normal -0.941278 0.337632 0
    outer loop
      vertex -4.51914 4.50581 0
      vertex -4.51848 4.50765 0.799999
      vertex -4.51848 4.50765 0
    endloop
  endfacet
  facet normal -0.941278 0.337632 0
    outer loop
      vertex -4.51848 4.50765 0.799999
      vertex -4.51914 4.50581 0
      vertex -4.51914 4.50581 0.799999
    endloop
  endfacet
  facet normal 0.941278 0.337632 0
    outer loop
      vertex -4.48086 4.50581 0.799999
      vertex -4.48152 4.50765 0
      vertex -4.48152 4.50765 0.799999
    endloop
  endfacet
  facet normal 0.941278 0.337632 0
    outer loop
      vertex -4.48152 4.50765 0
      vertex -4.48086 4.50581 0.799999
      vertex -4.48086 4.50581 0
    endloop
  endfacet
  facet normal 0 0 1
    outer loop
      vertex -4.4801 4.50196 0.799999
      vertex -4.4801 4.49804 0.799999
      vertex -4.48 4.5 0.799999
    endloop
  endfacet
  facet normal 0 0 1
    outer loop
      vertex -4.48038 4.5039 0.799999
      vertex -4.4801 4.49804 0.799999
      vertex -4.4801 4.50196 0.799999
    endloop
  endfacet
  facet normal 0 0 1
    outer loop
      vertex -4.48038 4.5039 0.799999
      vertex -4.48038 4.4961 0.799999
      vertex -4.4801 4.49804 0.799999
    endloop
  endfacet
  facet normal 0 0 1
    outer loop
      vertex -4.48086 4.50581 0.799999
      vertex -4.48038 4.4961 0.799999
      vertex -4.48038 4.5039 0.799999
    endloop
  endfacet
  facet normal 0 0 1
    outer loop
      vertex -4.48086 4.50581 0.799999
      vertex -4.48086 4.49419 0.799999
      vertex -4.48038 4.4961 0.799999
    endloop
  endfacet
  facet normal 0 0 1
    outer loop
      vertex -4.48152 4.50765 0.799999
      vertex -4.48086 4.49419 0.799999
      vertex -4.48086 4.50581 0.799999
    endloop
  endfacet
  facet normal 0 0 1
    outer loop
      vertex -4.48152 4.50765 0.799999
      vertex -4.48152 4.49235 0.799999
      vertex -4.48086 4.49419 0.799999
    endloop
  endfacet
  facet normal 0 0 1
    outer loop
      vertex -4.48236 4.50943 0.799999
      vertex -4.48152 4.49235 0.799999
      vertex -4.48152 4.50765 0.799999
    endloop
  endfacet
  facet normal 0 0 1
    outer loop
      vertex -4.48236 4.50943 0.799999
      vertex -4.48236 4.49057 0.799999
      vertex -4.48152 4.49235 0.799999
    endloop
  endfacet
  facet normal 0 0 1
    outer loop
      vertex -4.48337 4.51111 0.799999
      vertex -4.48236 4.49057 0.799999
      vertex -4.48236 4.50943 0.799999
    endloop
  endfacet
  facet normal 0 0 1
    outer loop
      vertex -4.48337 4.51111 0.799999
      vertex -4.48337 4.48889 0.799999
      vertex -4.48236 4.49057 0.799999
    endloop
  endfacet
  facet normal 0 0 1
    outer loop
      vertex -4.48454 4.51269 0.799999
      vertex -4.48337 4.48889 0.799999
      vertex -4.48337 4.51111 0.799999
    endloop
  endfacet
  facet normal 0 0 1
    outer loop
      vertex -4.48454 4.51269 0.799999
      vertex -4.48454 4.48731 0.799999
      vertex -4.48337 4.48889 0.799999
    endloop
  endfacet
  facet normal 0 0 1
    outer loop
      vertex -4.48586 4.51414 0.799999
      vertex -4.48454 4.48731 0.799999
      vertex -4.48454 4.51269 0.799999
    endloop
  endfacet
  facet normal 0 0 1
    outer loop
      vertex -4.48586 4.51414 0.799999
      vertex -4.48586 4.48586 0.799999
      vertex -4.48454 4.48731 0.799999
    endloop
  endfacet
  facet normal 0 0 1
    outer loop
      vertex -4.48731 4.51546 0.799999
      vertex -4.48586 4.48586 0.799999
      vertex -4.48586 4.51414 0.799999
    endloop
  endfacet
  facet normal 0 0 1
    outer loop
      vertex -4.48731 4.51546 0.799999
      vertex -4.48731 4.48454 0.799999
      vertex -4.48586 4.48586 0.799999
    endloop
  endfacet
  facet normal 0 0 1
    outer loop
      vertex -4.48889 4.51663 0.799999
      vertex -4.48731 4.48454 0.799999
      vertex -4.48731 4.51546 0.799999
    endloop
  endfacet
  facet normal 0 0 1
    outer loop
      vertex -4.48889 4.51663 0.799999
      vertex -4.48889 4.48337 0.799999
      vertex -4.48731 4.48454 0.799999
    endloop
  endfacet
  facet normal 0 0 1
    outer loop
      vertex -4.49057 4.51764 0.799999
      vertex -4.48889 4.48337 0.799999
      vertex -4.48889 4.51663 0.799999
    endloop
  endfacet
  facet normal 0 0 1
    outer loop
      vertex -4.49057 4.51764 0.799999
      vertex -4.49057 4.48236 0.799999
      vertex -4.48889 4.48337 0.799999
    endloop
  endfacet
  facet normal 0 0 1
    outer loop
      vertex -4.49235 4.51848 0.799999
      vertex -4.49057 4.48236 0.799999
      vertex -4.49057 4.51764 0.799999
    endloop
  endfacet
  facet normal 0 0 1
    outer loop
      vertex -4.49235 4.51848 0.799999
      vertex -4.49235 4.48152 0.799999
      vertex -4.49057 4.48236 0.799999
    endloop
  endfacet
  facet normal 0 0 1
    outer loop
      vertex -4.49419 4.51914 0.799999
      vertex -4.49235 4.48152 0.799999
      vertex -4.49235 4.51848 0.799999
    endloop
  endfacet
  facet normal 0 0 1
    outer loop
      vertex -4.49419 4.51914 0.799999
      vertex -4.49419 4.48086 0.799999
      vertex -4.49235 4.48152 0.799999
    endloop
  endfacet
  facet normal 0 0 1
    outer loop
      vertex -4.4961 4.51962 0.799999
      vertex -4.49419 4.48086 0.799999
      vertex -4.49419 4.51914 0.799999
    endloop
  endfacet
  facet normal 0 0 1
    outer loop
      vertex -4.4961 4.51962 0.799999
      vertex -4.4961 4.48038 0.799999
      vertex -4.49419 4.48086 0.799999
    endloop
  endfacet
  facet normal 0 0 1
    outer loop
      vertex -4.49804 4.5199 0.799999
      vertex -4.4961 4.48038 0.799999
      vertex -4.4961 4.51962 0.799999
    endloop
  endfacet
  facet normal 0 0 1
    outer loop
      vertex -4.49804 4.5199 0.799999
      vertex -4.49804 4.4801 0.799999
      vertex -4.4961 4.48038 0.799999
    endloop
  endfacet
  facet normal 0 0 1
    outer loop
      vertex -4.5 4.52 0.799999
      vertex -4.49804 4.4801 0.799999
      vertex -4.49804 4.5199 0.799999
    endloop
  endfacet
  facet normal 0 0 1
    outer loop
      vertex -4.5 4.52 0.799999
      vertex -4.5 4.48 0.799999
      vertex -4.49804 4.4801 0.799999
    endloop
  endfacet
  facet normal -0 0 1
    outer loop
      vertex -4.50196 4.5199 0.799999
      vertex -4.5 4.48 0.799999
      vertex -4.5 4.52 0.799999
    endloop
  endfacet
  facet normal 0 0 1
    outer loop
      vertex -4.50196 4.5199 0.799999
      vertex -4.50196 4.4801 0.799999
      vertex -4.5 4.48 0.799999
    endloop
  endfacet
  facet normal -0 0 1
    outer loop
      vertex -4.5039 4.51962 0.799999
      vertex -4.50196 4.4801 0.799999
      vertex -4.50196 4.5199 0.799999
    endloop
  endfacet
  facet normal 0 0 1
    outer loop
      vertex -4.5039 4.51962 0.799999
      vertex -4.5039 4.48038 0.799999
      vertex -4.50196 4.4801 0.799999
    endloop
  endfacet
  facet normal -0 0 1
    outer loop
      vertex -4.50581 4.51914 0.799999
      vertex -4.5039 4.48038 0.799999
      vertex -4.5039 4.51962 0.799999
    endloop
  endfacet
  facet normal 0 0 1
    outer loop
      vertex -4.50581 4.51914 0.799999
      vertex -4.50581 4.48086 0.799999
      vertex -4.5039 4.48038 0.799999
    endloop
  endfacet
  facet normal -0 0 1
    outer loop
      vertex -4.50765 4.51848 0.799999
      vertex -4.50581 4.48086 0.799999
      vertex -4.50581 4.51914 0.799999
    endloop
  endfacet
  facet normal 0 0 1
    outer loop
      vertex -4.50765 4.51848 0.799999
      vertex -4.50765 4.48152 0.799999
      vertex -4.50581 4.48086 0.799999
    endloop
  endfacet
  facet normal -0 0 1
    outer loop
      vertex -4.50943 4.51764 0.799999
      vertex -4.50765 4.48152 0.799999
      vertex -4.50765 4.51848 0.799999
    endloop
  endfacet
  facet normal 0 0 1
    outer loop
      vertex -4.50943 4.51764 0.799999
      vertex -4.50943 4.48236 0.799999
      vertex -4.50765 4.48152 0.799999
    endloop
  endfacet
  facet normal -0 0 1
    outer loop
      vertex -4.51111 4.51663 0.799999
      vertex -4.50943 4.48236 0.799999
      vertex -4.50943 4.51764 0.799999
    endloop
  endfacet
  facet normal 0 0 1
    outer loop
      vertex -4.51111 4.51663 0.799999
      vertex -4.51111 4.48337 0.799999
      vertex -4.50943 4.48236 0.799999
    endloop
  endfacet
  facet normal -0 0 1
    outer loop
      vertex -4.51269 4.51546 0.799999
      vertex -4.51111 4.48337 0.799999
      vertex -4.51111 4.51663 0.799999
    endloop
  endfacet
  facet normal 0 0 1
    outer loop
      vertex -4.51269 4.51546 0.799999
      vertex -4.51269 4.48454 0.799999
      vertex -4.51111 4.48337 0.799999
    endloop
  endfacet
  facet normal -0 0 1
    outer loop
      vertex -4.51414 4.51414 0.799999
      vertex -4.51269 4.48454 0.799999
      vertex -4.51269 4.51546 0.799999
    endloop
  endfacet
  facet normal 0 0 1
    outer loop
      vertex -4.51414 4.51414 0.799999
      vertex -4.51414 4.48586 0.799999
      vertex -4.51269 4.48454 0.799999
    endloop
  endfacet
  facet normal -0 0 1
    outer loop
      vertex -4.51546 4.51269 0.799999
      vertex -4.51414 4.48586 0.799999
      vertex -4.51414 4.51414 0.799999
    endloop
  endfacet
  facet normal 0 0 1
    outer loop
      vertex -4.51546 4.51269 0.799999
      vertex -4.51546 4.48731 0.799999
      vertex -4.51414 4.48586 0.799999
    endloop
  endfacet
  facet normal -0 0 1
    outer loop
      vertex -4.51663 4.51111 0.799999
      vertex -4.51546 4.48731 0.799999
      vertex -4.51546 4.51269 0.799999
    endloop
  endfacet
  facet normal 0 0 1
    outer loop
      vertex -4.51663 4.51111 0.799999
      vertex -4.51663 4.48889 0.799999
      vertex -4.51546 4.48731 0.799999
    endloop
  endfacet
  facet normal -0 0 1
    outer loop
      vertex -4.51764 4.50943 0.799999
      vertex -4.51663 4.48889 0.799999
      vertex -4.51663 4.51111 0.799999
    endloop
  endfacet
  facet normal 0 0 1
    outer loop
      vertex -4.51764 4.50943 0.799999
      vertex -4.51764 4.49057 0.799999
      vertex -4.51663 4.48889 0.799999
    endloop
  endfacet
  facet normal -0 0 1
    outer loop
      vertex -4.51848 4.50765 0.799999
      vertex -4.51764 4.49057 0.799999
      vertex -4.51764 4.50943 0.799999
    endloop
  endfacet
  facet normal 0 0 1
    outer loop
      vertex -4.51848 4.50765 0.799999
      vertex -4.51848 4.49235 0.799999
      vertex -4.51764 4.49057 0.799999
    endloop
  endfacet
  facet normal -0 0 1
    outer loop
      vertex -4.51914 4.50581 0.799999
      vertex -4.51848 4.49235 0.799999
      vertex -4.51848 4.50765 0.799999
    endloop
  endfacet
  facet normal 0 0 1
    outer loop
      vertex -4.51914 4.50581 0.799999
      vertex -4.51914 4.49419 0.799999
      vertex -4.51848 4.49235 0.799999
    endloop
  endfacet
  facet normal -0 0 1
    outer loop
      vertex -4.51962 4.5039 0.799999
      vertex -4.51914 4.49419 0.799999
      vertex -4.51914 4.50581 0.799999
    endloop
  endfacet
  facet normal 0 0 1
    outer loop
      vertex -4.51962 4.5039 0.799999
      vertex -4.51962 4.4961 0.799999
      vertex -4.51914 4.49419 0.799999
    endloop
  endfacet
  facet normal -0 0 1
    outer loop
      vertex -4.5199 4.50196 0.799999
      vertex -4.51962 4.4961 0.799999
      vertex -4.51962 4.5039 0.799999
    endloop
  endfacet
  facet normal 0 0 1
    outer loop
      vertex -4.5199 4.50196 0.799999
      vertex -4.5199 4.49804 0.799999
      vertex -4.51962 4.4961 0.799999
    endloop
  endfacet
  facet normal 0 -0 1
    outer loop
      vertex -4.5199 4.49804 0.799999
      vertex -4.5199 4.50196 0.799999
      vertex -4.52 4.5 0.799999
    endloop
  endfacet
  facet normal 0.969843 -0.24373 0
    outer loop
      vertex -4.48086 4.49419 0.799999
      vertex -4.48038 4.4961 0
      vertex -4.48038 4.4961 0.799999
    endloop
  endfacet
  facet normal 0.969843 -0.24373 0
    outer loop
      vertex -4.48038 4.4961 0
      vertex -4.48086 4.49419 0.799999
      vertex -4.48086 4.49419 0
    endloop
  endfacet
  facet normal 0.989744 -0.14285 0
    outer loop
      vertex -4.48038 4.4961 0.799999
      vertex -4.4801 4.49804 0
      vertex -4.4801 4.49804 0.799999
    endloop
  endfacet
  facet normal 0.989744 -0.14285 0
    outer loop
      vertex -4.4801 4.49804 0
      vertex -4.48038 4.4961 0.799999
      vertex -4.48038 4.4961 0
    endloop
  endfacet
  facet normal -0.515246 -0.857042 0
    outer loop
      vertex -4.51111 4.48337 0
      vertex -4.50943 4.48236 0.799999
      vertex -4.51111 4.48337 0.799999
    endloop
  endfacet
  facet normal -0.515246 -0.857042 -0
    outer loop
      vertex -4.50943 4.48236 0.799999
      vertex -4.51111 4.48337 0
      vertex -4.50943 4.48236 0
    endloop
  endfacet
  facet normal 0.337632 0.941278 -0
    outer loop
      vertex -4.49235 4.51848 0
      vertex -4.49419 4.51914 0.799999
      vertex -4.49235 4.51848 0.799999
    endloop
  endfacet
  facet normal 0.337632 0.941278 0
    outer loop
      vertex -4.49419 4.51914 0.799999
      vertex -4.49235 4.51848 0
      vertex -4.49419 4.51914 0
    endloop
  endfacet
  facet normal -0.337632 0.941278 0
    outer loop
      vertex -4.50581 4.51914 0
      vertex -4.50765 4.51848 0.799999
      vertex -4.50581 4.51914 0.799999
    endloop
  endfacet
  facet normal -0.337632 0.941278 0
    outer loop
      vertex -4.50765 4.51848 0.799999
      vertex -4.50581 4.51914 0
      vertex -4.50765 4.51848 0
    endloop
  endfacet
  facet normal 0.14285 -0.989744 0
    outer loop
      vertex -4.49804 4.4801 0
      vertex -4.4961 4.48038 0.799999
      vertex -4.49804 4.4801 0.799999
    endloop
  endfacet
  facet normal 0.14285 -0.989744 0
    outer loop
      vertex -4.4961 4.48038 0.799999
      vertex -4.49804 4.4801 0
      vertex -4.4961 4.48038 0
    endloop
  endfacet
  facet normal 0.857042 -0.515246 0
    outer loop
      vertex -4.48337 4.48889 0.799999
      vertex -4.48236 4.49057 0
      vertex -4.48236 4.49057 0.799999
    endloop
  endfacet
  facet normal 0.857042 -0.515246 0
    outer loop
      vertex -4.48236 4.49057 0
      vertex -4.48337 4.48889 0.799999
      vertex -4.48337 4.48889 0
    endloop
  endfacet
  facet normal -0.0509541 0.998701 0
    outer loop
      vertex -4.5 4.52 0
      vertex -4.50196 4.5199 0.799999
      vertex -4.5 4.52 0.799999
    endloop
  endfacet
  facet normal -0.0509541 0.998701 0
    outer loop
      vertex -4.50196 4.5199 0.799999
      vertex -4.5 4.52 0
      vertex -4.50196 4.5199 0
    endloop
  endfacet
  facet normal -0.998701 -0.0509541 0
    outer loop
      vertex -4.5199 4.49804 0
      vertex -4.52 4.5 0.799999
      vertex -4.52 4.5 0
    endloop
  endfacet
  facet normal -0.998701 -0.0509541 0
    outer loop
      vertex -4.52 4.5 0.799999
      vertex -4.5199 4.49804 0
      vertex -4.5199 4.49804 0.799999
    endloop
  endfacet
  facet normal 0.941278 -0.337632 0
    outer loop
      vertex -4.48152 4.49235 0.799999
      vertex -4.48086 4.49419 0
      vertex -4.48086 4.49419 0.799999
    endloop
  endfacet
  facet normal 0.941278 -0.337632 0
    outer loop
      vertex -4.48086 4.49419 0
      vertex -4.48152 4.49235 0.799999
      vertex -4.48152 4.49235 0
    endloop
  endfacet
  facet normal 0.426775 0.904358 -0
    outer loop
      vertex -4.49057 4.51764 0
      vertex -4.49235 4.51848 0.799999
      vertex -4.49057 4.51764 0.799999
    endloop
  endfacet
  facet normal 0.426775 0.904358 0
    outer loop
      vertex -4.49235 4.51848 0.799999
      vertex -4.49057 4.51764 0
      vertex -4.49235 4.51848 0
    endloop
  endfacet
  facet normal 0.739478 0.67318 0
    outer loop
      vertex -4.48454 4.51269 0.799999
      vertex -4.48586 4.51414 0
      vertex -4.48586 4.51414 0.799999
    endloop
  endfacet
  facet normal 0.739478 0.67318 0
    outer loop
      vertex -4.48586 4.51414 0
      vertex -4.48454 4.51269 0.799999
      vertex -4.48454 4.51269 0
    endloop
  endfacet
  facet normal 0.0509541 0.998701 -0
    outer loop
      vertex -4.49804 4.5199 0
      vertex -4.5 4.52 0.799999
      vertex -4.49804 4.5199 0.799999
    endloop
  endfacet
  facet normal 0.0509541 0.998701 0
    outer loop
      vertex -4.5 4.52 0.799999
      vertex -4.49804 4.5199 0
      vertex -4.5 4.52 0
    endloop
  endfacet
  facet normal -0.857042 -0.515246 0
    outer loop
      vertex -4.51663 4.48889 0
      vertex -4.51764 4.49057 0.799999
      vertex -4.51764 4.49057 0
    endloop
  endfacet
  facet normal -0.857042 -0.515246 0
    outer loop
      vertex -4.51764 4.49057 0.799999
      vertex -4.51663 4.48889 0
      vertex -4.51663 4.48889 0.799999
    endloop
  endfacet
  facet normal 0.857042 0.515246 0
    outer loop
      vertex -4.48236 4.50943 0.799999
      vertex -4.48337 4.51111 0
      vertex -4.48337 4.51111 0.799999
    endloop
  endfacet
  facet normal 0.857042 0.515246 0
    outer loop
      vertex -4.48337 4.51111 0
      vertex -4.48236 4.50943 0.799999
      vertex -4.48236 4.50943 0
    endloop
  endfacet
  facet normal -0.14285 -0.989744 0
    outer loop
      vertex -4.5039 4.48038 0
      vertex -4.50196 4.4801 0.799999
      vertex -4.5039 4.48038 0.799999
    endloop
  endfacet
  facet normal -0.14285 -0.989744 -0
    outer loop
      vertex -4.50196 4.4801 0.799999
      vertex -4.5039 4.48038 0
      vertex -4.50196 4.4801 0
    endloop
  endfacet
  facet normal 0.67318 -0.739478 0
    outer loop
      vertex -4.48731 4.48454 0
      vertex -4.48586 4.48586 0.799999
      vertex -4.48731 4.48454 0.799999
    endloop
  endfacet
  facet normal 0.67318 -0.739478 0
    outer loop
      vertex -4.48586 4.48586 0.799999
      vertex -4.48731 4.48454 0
      vertex -4.48586 4.48586 0
    endloop
  endfacet
  facet normal -0.0509541 -0.998701 0
    outer loop
      vertex -4.50196 4.4801 0
      vertex -4.5 4.48 0.799999
      vertex -4.50196 4.4801 0.799999
    endloop
  endfacet
  facet normal -0.0509541 -0.998701 -0
    outer loop
      vertex -4.5 4.48 0.799999
      vertex -4.50196 4.4801 0
      vertex -4.5 4.48 0
    endloop
  endfacet
  facet normal -0.739478 0.67318 0
    outer loop
      vertex -4.51546 4.51269 0
      vertex -4.51414 4.51414 0.799999
      vertex -4.51414 4.51414 0
    endloop
  endfacet
  facet normal -0.739478 0.67318 0
    outer loop
      vertex -4.51414 4.51414 0.799999
      vertex -4.51546 4.51269 0
      vertex -4.51546 4.51269 0.799999
    endloop
  endfacet
  facet normal 0.67318 0.739478 -0
    outer loop
      vertex -4.48586 4.51414 0
      vertex -4.48731 4.51546 0.799999
      vertex -4.48586 4.51414 0.799999
    endloop
  endfacet
  facet normal 0.67318 0.739478 0
    outer loop
      vertex -4.48731 4.51546 0.799999
      vertex -4.48586 4.51414 0
      vertex -4.48731 4.51546 0
    endloop
  endfacet
  facet normal -0.904358 0.426775 0
    outer loop
      vertex -4.51848 4.50765 0
      vertex -4.51764 4.50943 0.799999
      vertex -4.51764 4.50943 0
    endloop
  endfacet
  facet normal -0.904358 0.426775 0
    outer loop
      vertex -4.51764 4.50943 0.799999
      vertex -4.51848 4.50765 0
      vertex -4.51848 4.50765 0.799999
    endloop
  endfacet
  facet normal -0.67318 -0.739478 0
    outer loop
      vertex -4.51414 4.48586 0
      vertex -4.51269 4.48454 0.799999
      vertex -4.51414 4.48586 0.799999
    endloop
  endfacet
  facet normal -0.67318 -0.739478 -0
    outer loop
      vertex -4.51269 4.48454 0.799999
      vertex -4.51414 4.48586 0
      vertex -4.51269 4.48454 0
    endloop
  endfacet
  facet normal -0.969843 0.24373 0
    outer loop
      vertex -4.51962 4.5039 0
      vertex -4.51914 4.50581 0.799999
      vertex -4.51914 4.50581 0
    endloop
  endfacet
  facet normal -0.969843 0.24373 0
    outer loop
      vertex -4.51914 4.50581 0.799999
      vertex -4.51962 4.5039 0
      vertex -4.51962 4.5039 0.799999
    endloop
  endfacet
  facet normal 0.24373 0.969843 -0
    outer loop
      vertex -4.49419 4.51914 0
      vertex -4.4961 4.51962 0.799999
      vertex -4.49419 4.51914 0.799999
    endloop
  endfacet
  facet normal 0.24373 0.969843 0
    outer loop
      vertex -4.4961 4.51962 0.799999
      vertex -4.49419 4.51914 0
      vertex -4.4961 4.51962 0
    endloop
  endfacet
  facet normal -0.969843 -0.24373 0
    outer loop
      vertex -4.51914 4.49419 0
      vertex -4.51962 4.4961 0.799999
      vertex -4.51962 4.4961 0
    endloop
  endfacet
  facet normal -0.969843 -0.24373 0
    outer loop
      vertex -4.51962 4.4961 0.799999
      vertex -4.51914 4.49419 0
      vertex -4.51914 4.49419 0.799999
    endloop
  endfacet
  facet normal -0.426775 -0.904358 0
    outer loop
      vertex -4.50943 4.48236 0
      vertex -4.50765 4.48152 0.799999
      vertex -4.50943 4.48236 0.799999
    endloop
  endfacet
  facet normal -0.426775 -0.904358 -0
    outer loop
      vertex -4.50765 4.48152 0.799999
      vertex -4.50943 4.48236 0
      vertex -4.50765 4.48152 0
    endloop
  endfacet
  facet normal -0.739478 -0.67318 0
    outer loop
      vertex -4.51414 4.48586 0
      vertex -4.51546 4.48731 0.799999
      vertex -4.51546 4.48731 0
    endloop
  endfacet
  facet normal -0.739478 -0.67318 0
    outer loop
      vertex -4.51546 4.48731 0.799999
      vertex -4.51414 4.48586 0
      vertex -4.51414 4.48586 0.799999
    endloop
  endfacet
  facet normal 0.426775 -0.904358 0
    outer loop
      vertex -4.49235 4.48152 0
      vertex -4.49057 4.48236 0.799999
      vertex -4.49235 4.48152 0.799999
    endloop
  endfacet
  facet normal 0.426775 -0.904358 0
    outer loop
      vertex -4.49057 4.48236 0.799999
      vertex -4.49235 4.48152 0
      vertex -4.49057 4.48236 0
    endloop
  endfacet
  facet normal 0.0509541 -0.998701 0
    outer loop
      vertex -4.5 4.48 0
      vertex -4.49804 4.4801 0.799999
      vertex -4.5 4.48 0.799999
    endloop
  endfacet
  facet normal 0.0509541 -0.998701 0
    outer loop
      vertex -4.49804 4.4801 0.799999
      vertex -4.5 4.48 0
      vertex -4.49804 4.4801 0
    endloop
  endfacet
  facet normal -0.989744 -0.14285 0
    outer loop
      vertex -4.51962 4.4961 0
      vertex -4.5199 4.49804 0.799999
      vertex -4.5199 4.49804 0
    endloop
  endfacet
  facet normal -0.989744 -0.14285 0
    outer loop
      vertex -4.5199 4.49804 0.799999
      vertex -4.51962 4.4961 0
      vertex -4.51962 4.4961 0.799999
    endloop
  endfacet
  facet normal 0.595106 -0.803647 0
    outer loop
      vertex -4.48889 4.48337 0
      vertex -4.48731 4.48454 0.799999
      vertex -4.48889 4.48337 0.799999
    endloop
  endfacet
  facet normal 0.595106 -0.803647 0
    outer loop
      vertex -4.48731 4.48454 0.799999
      vertex -4.48889 4.48337 0
      vertex -4.48731 4.48454 0
    endloop
  endfacet
  facet normal -0.803647 -0.595106 0
    outer loop
      vertex -4.51546 4.48731 0
      vertex -4.51663 4.48889 0.799999
      vertex -4.51663 4.48889 0
    endloop
  endfacet
  facet normal -0.803647 -0.595106 0
    outer loop
      vertex -4.51663 4.48889 0.799999
      vertex -4.51546 4.48731 0
      vertex -4.51546 4.48731 0.799999
    endloop
  endfacet
  facet normal -0.998701 0.0509541 0
    outer loop
      vertex -4.52 4.5 0
      vertex -4.5199 4.50196 0.799999
      vertex -4.5199 4.50196 0
    endloop
  endfacet
  facet normal -0.998701 0.0509541 0
    outer loop
      vertex -4.5199 4.50196 0.799999
      vertex -4.52 4.5 0
      vertex -4.52 4.5 0.799999
    endloop
  endfacet
  facet normal 0.739478 -0.67318 0
    outer loop
      vertex -4.48586 4.48586 0.799999
      vertex -4.48454 4.48731 0
      vertex -4.48454 4.48731 0.799999
    endloop
  endfacet
  facet normal 0.739478 -0.67318 0
    outer loop
      vertex -4.48454 4.48731 0
      vertex -4.48586 4.48586 0.799999
      vertex -4.48586 4.48586 0
    endloop
  endfacet
  facet normal 0.989744 0.14285 0
    outer loop
      vertex -1.4801 -4.49804 0.799999
      vertex -1.48038 -4.4961 0
      vertex -1.48038 -4.4961 0.799999
    endloop
  endfacet
  facet normal 0.989744 0.14285 0
    outer loop
      vertex -1.48038 -4.4961 0
      vertex -1.4801 -4.49804 0.799999
      vertex -1.4801 -4.49804 0
    endloop
  endfacet
  facet normal 0.998701 0.0509541 0
    outer loop
      vertex -1.48 -4.5 0.799999
      vertex -1.4801 -4.49804 0
      vertex -1.4801 -4.49804 0.799999
    endloop
  endfacet
  facet normal 0.998701 0.0509541 0
    outer loop
      vertex -1.4801 -4.49804 0
      vertex -1.48 -4.5 0.799999
      vertex -1.48 -4.5 0
    endloop
  endfacet
  facet normal 0.67318 0.739478 -0
    outer loop
      vertex -1.48586 -4.48586 0
      vertex -1.48731 -4.48454 0.799999
      vertex -1.48586 -4.48586 0.799999
    endloop
  endfacet
  facet normal 0.67318 0.739478 0
    outer loop
      vertex -1.48731 -4.48454 0.799999
      vertex -1.48586 -4.48586 0
      vertex -1.48731 -4.48454 0
    endloop
  endfacet
  facet normal -0.14285 0.989744 0
    outer loop
      vertex -1.50196 -4.4801 0
      vertex -1.5039 -4.48038 0.799999
      vertex -1.50196 -4.4801 0.799999
    endloop
  endfacet
  facet normal -0.14285 0.989744 0
    outer loop
      vertex -1.5039 -4.48038 0.799999
      vertex -1.50196 -4.4801 0
      vertex -1.5039 -4.48038 0
    endloop
  endfacet
  facet normal 0.941278 0.337632 0
    outer loop
      vertex -1.48086 -4.49419 0.799999
      vertex -1.48152 -4.49235 0
      vertex -1.48152 -4.49235 0.799999
    endloop
  endfacet
  facet normal 0.941278 0.337632 0
    outer loop
      vertex -1.48152 -4.49235 0
      vertex -1.48086 -4.49419 0.799999
      vertex -1.48086 -4.49419 0
    endloop
  endfacet
  facet normal 0.426775 0.904358 -0
    outer loop
      vertex -1.49057 -4.48236 0
      vertex -1.49235 -4.48152 0.799999
      vertex -1.49057 -4.48236 0.799999
    endloop
  endfacet
  facet normal 0.426775 0.904358 0
    outer loop
      vertex -1.49235 -4.48152 0.799999
      vertex -1.49057 -4.48236 0
      vertex -1.49235 -4.48152 0
    endloop
  endfacet
  facet normal -0.941278 0.337632 0
    outer loop
      vertex -1.51914 -4.49419 0
      vertex -1.51848 -4.49235 0.799999
      vertex -1.51848 -4.49235 0
    endloop
  endfacet
  facet normal -0.941278 0.337632 0
    outer loop
      vertex -1.51848 -4.49235 0.799999
      vertex -1.51914 -4.49419 0
      vertex -1.51914 -4.49419 0.799999
    endloop
  endfacet
  facet normal 0.998701 -0.0509541 0
    outer loop
      vertex -1.4801 -4.50196 0.799999
      vertex -1.48 -4.5 0
      vertex -1.48 -4.5 0.799999
    endloop
  endfacet
  facet normal 0.998701 -0.0509541 0
    outer loop
      vertex -1.48 -4.5 0
      vertex -1.4801 -4.50196 0.799999
      vertex -1.4801 -4.50196 0
    endloop
  endfacet
  facet normal -0.426775 -0.904358 0
    outer loop
      vertex -1.50943 -4.51764 0
      vertex -1.50765 -4.51848 0.799999
      vertex -1.50943 -4.51764 0.799999
    endloop
  endfacet
  facet normal -0.426775 -0.904358 -0
    outer loop
      vertex -1.50765 -4.51848 0.799999
      vertex -1.50943 -4.51764 0
      vertex -1.50765 -4.51848 0
    endloop
  endfacet
  facet normal 0.803647 0.595106 0
    outer loop
      vertex -1.48337 -4.48889 0.799999
      vertex -1.48454 -4.48731 0
      vertex -1.48454 -4.48731 0.799999
    endloop
  endfacet
  facet normal 0.803647 0.595106 0
    outer loop
      vertex -1.48454 -4.48731 0
      vertex -1.48337 -4.48889 0.799999
      vertex -1.48337 -4.48889 0
    endloop
  endfacet
  facet normal -0.857042 0.515246 0
    outer loop
      vertex -1.51764 -4.49057 0
      vertex -1.51663 -4.48889 0.799999
      vertex -1.51663 -4.48889 0
    endloop
  endfacet
  facet normal -0.857042 0.515246 0
    outer loop
      vertex -1.51663 -4.48889 0.799999
      vertex -1.51764 -4.49057 0
      vertex -1.51764 -4.49057 0.799999
    endloop
  endfacet
  facet normal -0.0509541 0.998701 0
    outer loop
      vertex -1.5 -4.48 0
      vertex -1.50196 -4.4801 0.799999
      vertex -1.5 -4.48 0.799999
    endloop
  endfacet
  facet normal -0.0509541 0.998701 0
    outer loop
      vertex -1.50196 -4.4801 0.799999
      vertex -1.5 -4.48 0
      vertex -1.50196 -4.4801 0
    endloop
  endfacet
  facet normal 0.0509541 0.998701 -0
    outer loop
      vertex -1.49804 -4.4801 0
      vertex -1.5 -4.48 0.799999
      vertex -1.49804 -4.4801 0.799999
    endloop
  endfacet
  facet normal 0.0509541 0.998701 0
    outer loop
      vertex -1.5 -4.48 0.799999
      vertex -1.49804 -4.4801 0
      vertex -1.5 -4.48 0
    endloop
  endfacet
  facet normal -0.515246 0.857042 0
    outer loop
      vertex -1.50943 -4.48236 0
      vertex -1.51111 -4.48337 0.799999
      vertex -1.50943 -4.48236 0.799999
    endloop
  endfacet
  facet normal -0.515246 0.857042 0
    outer loop
      vertex -1.51111 -4.48337 0.799999
      vertex -1.50943 -4.48236 0
      vertex -1.51111 -4.48337 0
    endloop
  endfacet
  facet normal 0.515246 0.857042 -0
    outer loop
      vertex -1.48889 -4.48337 0
      vertex -1.49057 -4.48236 0.799999
      vertex -1.48889 -4.48337 0.799999
    endloop
  endfacet
  facet normal 0.515246 0.857042 0
    outer loop
      vertex -1.49057 -4.48236 0.799999
      vertex -1.48889 -4.48337 0
      vertex -1.49057 -4.48236 0
    endloop
  endfacet
  facet normal 0.904358 0.426775 0
    outer loop
      vertex -1.48152 -4.49235 0.799999
      vertex -1.48236 -4.49057 0
      vertex -1.48236 -4.49057 0.799999
    endloop
  endfacet
  facet normal 0.904358 0.426775 0
    outer loop
      vertex -1.48236 -4.49057 0
      vertex -1.48152 -4.49235 0.799999
      vertex -1.48152 -4.49235 0
    endloop
  endfacet
  facet normal 0.969843 -0.24373 0
    outer loop
      vertex -1.48086 -4.50581 0.799999
      vertex -1.48038 -4.5039 0
      vertex -1.48038 -4.5039 0.799999
    endloop
  endfacet
  facet normal 0.969843 -0.24373 0
    outer loop
      vertex -1.48038 -4.5039 0
      vertex -1.48086 -4.50581 0.799999
      vertex -1.48086 -4.50581 0
    endloop
  endfacet
  facet normal 0 0 1
    outer loop
      vertex -1.4801 -4.49804 0.799999
      vertex -1.4801 -4.50196 0.799999
      vertex -1.48 -4.5 0.799999
    endloop
  endfacet
  facet normal 0 0 1
    outer loop
      vertex -1.48038 -4.4961 0.799999
      vertex -1.4801 -4.50196 0.799999
      vertex -1.4801 -4.49804 0.799999
    endloop
  endfacet
  facet normal 0 0 1
    outer loop
      vertex -1.48038 -4.4961 0.799999
      vertex -1.48038 -4.5039 0.799999
      vertex -1.4801 -4.50196 0.799999
    endloop
  endfacet
  facet normal 0 0 1
    outer loop
      vertex -1.48086 -4.49419 0.799999
      vertex -1.48038 -4.5039 0.799999
      vertex -1.48038 -4.4961 0.799999
    endloop
  endfacet
  facet normal 0 0 1
    outer loop
      vertex -1.48086 -4.49419 0.799999
      vertex -1.48086 -4.50581 0.799999
      vertex -1.48038 -4.5039 0.799999
    endloop
  endfacet
  facet normal 0 0 1
    outer loop
      vertex -1.48152 -4.49235 0.799999
      vertex -1.48086 -4.50581 0.799999
      vertex -1.48086 -4.49419 0.799999
    endloop
  endfacet
  facet normal 0 0 1
    outer loop
      vertex -1.48152 -4.49235 0.799999
      vertex -1.48152 -4.50765 0.799999
      vertex -1.48086 -4.50581 0.799999
    endloop
  endfacet
  facet normal 0 0 1
    outer loop
      vertex -1.48236 -4.49057 0.799999
      vertex -1.48152 -4.50765 0.799999
      vertex -1.48152 -4.49235 0.799999
    endloop
  endfacet
  facet normal 0 0 1
    outer loop
      vertex -1.48236 -4.49057 0.799999
      vertex -1.48236 -4.50943 0.799999
      vertex -1.48152 -4.50765 0.799999
    endloop
  endfacet
  facet normal 0 0 1
    outer loop
      vertex -1.48337 -4.48889 0.799999
      vertex -1.48236 -4.50943 0.799999
      vertex -1.48236 -4.49057 0.799999
    endloop
  endfacet
  facet normal 0 0 1
    outer loop
      vertex -1.48337 -4.48889 0.799999
      vertex -1.48337 -4.51111 0.799999
      vertex -1.48236 -4.50943 0.799999
    endloop
  endfacet
  facet normal 0 0 1
    outer loop
      vertex -1.48454 -4.48731 0.799999
      vertex -1.48337 -4.51111 0.799999
      vertex -1.48337 -4.48889 0.799999
    endloop
  endfacet
  facet normal 0 0 1
    outer loop
      vertex -1.48454 -4.48731 0.799999
      vertex -1.48454 -4.51269 0.799999
      vertex -1.48337 -4.51111 0.799999
    endloop
  endfacet
  facet normal 0 0 1
    outer loop
      vertex -1.48586 -4.48586 0.799999
      vertex -1.48454 -4.51269 0.799999
      vertex -1.48454 -4.48731 0.799999
    endloop
  endfacet
  facet normal 0 0 1
    outer loop
      vertex -1.48586 -4.48586 0.799999
      vertex -1.48586 -4.51414 0.799999
      vertex -1.48454 -4.51269 0.799999
    endloop
  endfacet
  facet normal 0 0 1
    outer loop
      vertex -1.48731 -4.48454 0.799999
      vertex -1.48586 -4.51414 0.799999
      vertex -1.48586 -4.48586 0.799999
    endloop
  endfacet
  facet normal 0 0 1
    outer loop
      vertex -1.48731 -4.48454 0.799999
      vertex -1.48731 -4.51546 0.799999
      vertex -1.48586 -4.51414 0.799999
    endloop
  endfacet
  facet normal 0 0 1
    outer loop
      vertex -1.48889 -4.48337 0.799999
      vertex -1.48731 -4.51546 0.799999
      vertex -1.48731 -4.48454 0.799999
    endloop
  endfacet
  facet normal 0 0 1
    outer loop
      vertex -1.48889 -4.48337 0.799999
      vertex -1.48889 -4.51663 0.799999
      vertex -1.48731 -4.51546 0.799999
    endloop
  endfacet
  facet normal 0 0 1
    outer loop
      vertex -1.49057 -4.48236 0.799999
      vertex -1.48889 -4.51663 0.799999
      vertex -1.48889 -4.48337 0.799999
    endloop
  endfacet
  facet normal 0 0 1
    outer loop
      vertex -1.49057 -4.48236 0.799999
      vertex -1.49057 -4.51764 0.799999
      vertex -1.48889 -4.51663 0.799999
    endloop
  endfacet
  facet normal 0 0 1
    outer loop
      vertex -1.49235 -4.48152 0.799999
      vertex -1.49057 -4.51764 0.799999
      vertex -1.49057 -4.48236 0.799999
    endloop
  endfacet
  facet normal 0 0 1
    outer loop
      vertex -1.49235 -4.48152 0.799999
      vertex -1.49235 -4.51848 0.799999
      vertex -1.49057 -4.51764 0.799999
    endloop
  endfacet
  facet normal 0 0 1
    outer loop
      vertex -1.49419 -4.48086 0.799999
      vertex -1.49235 -4.51848 0.799999
      vertex -1.49235 -4.48152 0.799999
    endloop
  endfacet
  facet normal 0 0 1
    outer loop
      vertex -1.49419 -4.48086 0.799999
      vertex -1.49419 -4.51914 0.799999
      vertex -1.49235 -4.51848 0.799999
    endloop
  endfacet
  facet normal 0 0 1
    outer loop
      vertex -1.4961 -4.48038 0.799999
      vertex -1.49419 -4.51914 0.799999
      vertex -1.49419 -4.48086 0.799999
    endloop
  endfacet
  facet normal 0 0 1
    outer loop
      vertex -1.4961 -4.48038 0.799999
      vertex -1.4961 -4.51962 0.799999
      vertex -1.49419 -4.51914 0.799999
    endloop
  endfacet
  facet normal 0 0 1
    outer loop
      vertex -1.49804 -4.4801 0.799999
      vertex -1.4961 -4.51962 0.799999
      vertex -1.4961 -4.48038 0.799999
    endloop
  endfacet
  facet normal 0 0 1
    outer loop
      vertex -1.49804 -4.4801 0.799999
      vertex -1.49804 -4.5199 0.799999
      vertex -1.4961 -4.51962 0.799999
    endloop
  endfacet
  facet normal 0 0 1
    outer loop
      vertex -1.5 -4.48 0.799999
      vertex -1.49804 -4.5199 0.799999
      vertex -1.49804 -4.4801 0.799999
    endloop
  endfacet
  facet normal 0 0 1
    outer loop
      vertex -1.5 -4.48 0.799999
      vertex -1.5 -4.52 0.799999
      vertex -1.49804 -4.5199 0.799999
    endloop
  endfacet
  facet normal -0 0 1
    outer loop
      vertex -1.50196 -4.4801 0.799999
      vertex -1.5 -4.52 0.799999
      vertex -1.5 -4.48 0.799999
    endloop
  endfacet
  facet normal 0 0 1
    outer loop
      vertex -1.50196 -4.4801 0.799999
      vertex -1.50196 -4.5199 0.799999
      vertex -1.5 -4.52 0.799999
    endloop
  endfacet
  facet normal -0 0 1
    outer loop
      vertex -1.5039 -4.48038 0.799999
      vertex -1.50196 -4.5199 0.799999
      vertex -1.50196 -4.4801 0.799999
    endloop
  endfacet
  facet normal 0 0 1
    outer loop
      vertex -1.5039 -4.48038 0.799999
      vertex -1.5039 -4.51962 0.799999
      vertex -1.50196 -4.5199 0.799999
    endloop
  endfacet
  facet normal -0 0 1
    outer loop
      vertex -1.50581 -4.48086 0.799999
      vertex -1.5039 -4.51962 0.799999
      vertex -1.5039 -4.48038 0.799999
    endloop
  endfacet
  facet normal 0 0 1
    outer loop
      vertex -1.50581 -4.48086 0.799999
      vertex -1.50581 -4.51914 0.799999
      vertex -1.5039 -4.51962 0.799999
    endloop
  endfacet
  facet normal -0 0 1
    outer loop
      vertex -1.50765 -4.48152 0.799999
      vertex -1.50581 -4.51914 0.799999
      vertex -1.50581 -4.48086 0.799999
    endloop
  endfacet
  facet normal 0 0 1
    outer loop
      vertex -1.50765 -4.48152 0.799999
      vertex -1.50765 -4.51848 0.799999
      vertex -1.50581 -4.51914 0.799999
    endloop
  endfacet
  facet normal -0 0 1
    outer loop
      vertex -1.50943 -4.48236 0.799999
      vertex -1.50765 -4.51848 0.799999
      vertex -1.50765 -4.48152 0.799999
    endloop
  endfacet
  facet normal 0 0 1
    outer loop
      vertex -1.50943 -4.48236 0.799999
      vertex -1.50943 -4.51764 0.799999
      vertex -1.50765 -4.51848 0.799999
    endloop
  endfacet
  facet normal -0 0 1
    outer loop
      vertex -1.51111 -4.48337 0.799999
      vertex -1.50943 -4.51764 0.799999
      vertex -1.50943 -4.48236 0.799999
    endloop
  endfacet
  facet normal 0 0 1
    outer loop
      vertex -1.51111 -4.48337 0.799999
      vertex -1.51111 -4.51663 0.799999
      vertex -1.50943 -4.51764 0.799999
    endloop
  endfacet
  facet normal -0 0 1
    outer loop
      vertex -1.51269 -4.48454 0.799999
      vertex -1.51111 -4.51663 0.799999
      vertex -1.51111 -4.48337 0.799999
    endloop
  endfacet
  facet normal 0 0 1
    outer loop
      vertex -1.51269 -4.48454 0.799999
      vertex -1.51269 -4.51546 0.799999
      vertex -1.51111 -4.51663 0.799999
    endloop
  endfacet
  facet normal -0 0 1
    outer loop
      vertex -1.51414 -4.48586 0.799999
      vertex -1.51269 -4.51546 0.799999
      vertex -1.51269 -4.48454 0.799999
    endloop
  endfacet
  facet normal 0 0 1
    outer loop
      vertex -1.51414 -4.48586 0.799999
      vertex -1.51414 -4.51414 0.799999
      vertex -1.51269 -4.51546 0.799999
    endloop
  endfacet
  facet normal -0 0 1
    outer loop
      vertex -1.51546 -4.48731 0.799999
      vertex -1.51414 -4.51414 0.799999
      vertex -1.51414 -4.48586 0.799999
    endloop
  endfacet
  facet normal 0 0 1
    outer loop
      vertex -1.51546 -4.48731 0.799999
      vertex -1.51546 -4.51269 0.799999
      vertex -1.51414 -4.51414 0.799999
    endloop
  endfacet
  facet normal -0 0 1
    outer loop
      vertex -1.51663 -4.48889 0.799999
      vertex -1.51546 -4.51269 0.799999
      vertex -1.51546 -4.48731 0.799999
    endloop
  endfacet
  facet normal 0 0 1
    outer loop
      vertex -1.51663 -4.48889 0.799999
      vertex -1.51663 -4.51111 0.799999
      vertex -1.51546 -4.51269 0.799999
    endloop
  endfacet
  facet normal -0 0 1
    outer loop
      vertex -1.51764 -4.49057 0.799999
      vertex -1.51663 -4.51111 0.799999
      vertex -1.51663 -4.48889 0.799999
    endloop
  endfacet
  facet normal 0 0 1
    outer loop
      vertex -1.51764 -4.49057 0.799999
      vertex -1.51764 -4.50943 0.799999
      vertex -1.51663 -4.51111 0.799999
    endloop
  endfacet
  facet normal -0 0 1
    outer loop
      vertex -1.51848 -4.49235 0.799999
      vertex -1.51764 -4.50943 0.799999
      vertex -1.51764 -4.49057 0.799999
    endloop
  endfacet
  facet normal 0 0 1
    outer loop
      vertex -1.51848 -4.49235 0.799999
      vertex -1.51848 -4.50765 0.799999
      vertex -1.51764 -4.50943 0.799999
    endloop
  endfacet
  facet normal -0 0 1
    outer loop
      vertex -1.51914 -4.49419 0.799999
      vertex -1.51848 -4.50765 0.799999
      vertex -1.51848 -4.49235 0.799999
    endloop
  endfacet
  facet normal 0 0 1
    outer loop
      vertex -1.51914 -4.49419 0.799999
      vertex -1.51914 -4.50581 0.799999
      vertex -1.51848 -4.50765 0.799999
    endloop
  endfacet
  facet normal -0 0 1
    outer loop
      vertex -1.51962 -4.4961 0.799999
      vertex -1.51914 -4.50581 0.799999
      vertex -1.51914 -4.49419 0.799999
    endloop
  endfacet
  facet normal 0 0 1
    outer loop
      vertex -1.51962 -4.4961 0.799999
      vertex -1.51962 -4.5039 0.799999
      vertex -1.51914 -4.50581 0.799999
    endloop
  endfacet
  facet normal -0 0 1
    outer loop
      vertex -1.5199 -4.49804 0.799999
      vertex -1.51962 -4.5039 0.799999
      vertex -1.51962 -4.4961 0.799999
    endloop
  endfacet
  facet normal 0 0 1
    outer loop
      vertex -1.5199 -4.49804 0.799999
      vertex -1.5199 -4.50196 0.799999
      vertex -1.51962 -4.5039 0.799999
    endloop
  endfacet
  facet normal 0 -0 1
    outer loop
      vertex -1.5199 -4.50196 0.799999
      vertex -1.5199 -4.49804 0.799999
      vertex -1.52 -4.5 0.799999
    endloop
  endfacet
  facet normal 0.904358 -0.426775 0
    outer loop
      vertex -1.48236 -4.50943 0.799999
      vertex -1.48152 -4.50765 0
      vertex -1.48152 -4.50765 0.799999
    endloop
  endfacet
  facet normal 0.904358 -0.426775 0
    outer loop
      vertex -1.48152 -4.50765 0
      vertex -1.48236 -4.50943 0.799999
      vertex -1.48236 -4.50943 0
    endloop
  endfacet
  facet normal 0.595106 0.803647 -0
    outer loop
      vertex -1.48731 -4.48454 0
      vertex -1.48889 -4.48337 0.799999
      vertex -1.48731 -4.48454 0.799999
    endloop
  endfacet
  facet normal 0.595106 0.803647 0
    outer loop
      vertex -1.48889 -4.48337 0.799999
      vertex -1.48731 -4.48454 0
      vertex -1.48889 -4.48337 0
    endloop
  endfacet
  facet normal -0.337632 -0.941278 0
    outer loop
      vertex -1.50765 -4.51848 0
      vertex -1.50581 -4.51914 0.799999
      vertex -1.50765 -4.51848 0.799999
    endloop
  endfacet
  facet normal -0.337632 -0.941278 -0
    outer loop
      vertex -1.50581 -4.51914 0.799999
      vertex -1.50765 -4.51848 0
      vertex -1.50581 -4.51914 0
    endloop
  endfacet
  facet normal -0.595106 0.803647 0
    outer loop
      vertex -1.51111 -4.48337 0
      vertex -1.51269 -4.48454 0.799999
      vertex -1.51111 -4.48337 0.799999
    endloop
  endfacet
  facet normal -0.595106 0.803647 0
    outer loop
      vertex -1.51269 -4.48454 0.799999
      vertex -1.51111 -4.48337 0
      vertex -1.51269 -4.48454 0
    endloop
  endfacet
  facet normal -0.426775 0.904358 0
    outer loop
      vertex -1.50765 -4.48152 0
      vertex -1.50943 -4.48236 0.799999
      vertex -1.50765 -4.48152 0.799999
    endloop
  endfacet
  facet normal -0.426775 0.904358 0
    outer loop
      vertex -1.50943 -4.48236 0.799999
      vertex -1.50765 -4.48152 0
      vertex -1.50943 -4.48236 0
    endloop
  endfacet
  facet normal -0.739478 0.67318 0
    outer loop
      vertex -1.51546 -4.48731 0
      vertex -1.51414 -4.48586 0.799999
      vertex -1.51414 -4.48586 0
    endloop
  endfacet
  facet normal -0.739478 0.67318 0
    outer loop
      vertex -1.51414 -4.48586 0.799999
      vertex -1.51546 -4.48731 0
      vertex -1.51546 -4.48731 0.799999
    endloop
  endfacet
  facet normal 0.515246 -0.857042 0
    outer loop
      vertex -1.49057 -4.51764 0
      vertex -1.48889 -4.51663 0.799999
      vertex -1.49057 -4.51764 0.799999
    endloop
  endfacet
  facet normal 0.515246 -0.857042 0
    outer loop
      vertex -1.48889 -4.51663 0.799999
      vertex -1.49057 -4.51764 0
      vertex -1.48889 -4.51663 0
    endloop
  endfacet
  facet normal 0.14285 -0.989744 0
    outer loop
      vertex -1.49804 -4.5199 0
      vertex -1.4961 -4.51962 0.799999
      vertex -1.49804 -4.5199 0.799999
    endloop
  endfacet
  facet normal 0.14285 -0.989744 0
    outer loop
      vertex -1.4961 -4.51962 0.799999
      vertex -1.49804 -4.5199 0
      vertex -1.4961 -4.51962 0
    endloop
  endfacet
  facet normal -0.969843 -0.24373 0
    outer loop
      vertex -1.51914 -4.50581 0
      vertex -1.51962 -4.5039 0.799999
      vertex -1.51962 -4.5039 0
    endloop
  endfacet
  facet normal -0.969843 -0.24373 0
    outer loop
      vertex -1.51962 -4.5039 0.799999
      vertex -1.51914 -4.50581 0
      vertex -1.51914 -4.50581 0.799999
    endloop
  endfacet
  facet normal -0.904358 0.426775 0
    outer loop
      vertex -1.51848 -4.49235 0
      vertex -1.51764 -4.49057 0.799999
      vertex -1.51764 -4.49057 0
    endloop
  endfacet
  facet normal -0.904358 0.426775 0
    outer loop
      vertex -1.51764 -4.49057 0.799999
      vertex -1.51848 -4.49235 0
      vertex -1.51848 -4.49235 0.799999
    endloop
  endfacet
  facet normal 0.426775 -0.904358 0
    outer loop
      vertex -1.49235 -4.51848 0
      vertex -1.49057 -4.51764 0.799999
      vertex -1.49235 -4.51848 0.799999
    endloop
  endfacet
  facet normal 0.426775 -0.904358 0
    outer loop
      vertex -1.49057 -4.51764 0.799999
      vertex -1.49235 -4.51848 0
      vertex -1.49057 -4.51764 0
    endloop
  endfacet
  facet normal 0.803647 -0.595106 0
    outer loop
      vertex -1.48454 -4.51269 0.799999
      vertex -1.48337 -4.51111 0
      vertex -1.48337 -4.51111 0.799999
    endloop
  endfacet
  facet normal 0.803647 -0.595106 0
    outer loop
      vertex -1.48337 -4.51111 0
      vertex -1.48454 -4.51269 0.799999
      vertex -1.48454 -4.51269 0
    endloop
  endfacet
  facet normal -0.515246 -0.857042 0
    outer loop
      vertex -1.51111 -4.51663 0
      vertex -1.50943 -4.51764 0.799999
      vertex -1.51111 -4.51663 0.799999
    endloop
  endfacet
  facet normal -0.515246 -0.857042 -0
    outer loop
      vertex -1.50943 -4.51764 0.799999
      vertex -1.51111 -4.51663 0
      vertex -1.50943 -4.51764 0
    endloop
  endfacet
  facet normal -0.739478 -0.67318 0
    outer loop
      vertex -1.51414 -4.51414 0
      vertex -1.51546 -4.51269 0.799999
      vertex -1.51546 -4.51269 0
    endloop
  endfacet
  facet normal -0.739478 -0.67318 0
    outer loop
      vertex -1.51546 -4.51269 0.799999
      vertex -1.51414 -4.51414 0
      vertex -1.51414 -4.51414 0.799999
    endloop
  endfacet
  facet normal 0.941278 -0.337632 0
    outer loop
      vertex -1.48152 -4.50765 0.799999
      vertex -1.48086 -4.50581 0
      vertex -1.48086 -4.50581 0.799999
    endloop
  endfacet
  facet normal 0.941278 -0.337632 0
    outer loop
      vertex -1.48086 -4.50581 0
      vertex -1.48152 -4.50765 0.799999
      vertex -1.48152 -4.50765 0
    endloop
  endfacet
  facet normal 0.739478 0.67318 0
    outer loop
      vertex -1.48454 -4.48731 0.799999
      vertex -1.48586 -4.48586 0
      vertex -1.48586 -4.48586 0.799999
    endloop
  endfacet
  facet normal 0.739478 0.67318 0
    outer loop
      vertex -1.48586 -4.48586 0
      vertex -1.48454 -4.48731 0.799999
      vertex -1.48454 -4.48731 0
    endloop
  endfacet
  facet normal 0.337632 -0.941278 0
    outer loop
      vertex -1.49419 -4.51914 0
      vertex -1.49235 -4.51848 0.799999
      vertex -1.49419 -4.51914 0.799999
    endloop
  endfacet
  facet normal 0.337632 -0.941278 0
    outer loop
      vertex -1.49235 -4.51848 0.799999
      vertex -1.49419 -4.51914 0
      vertex -1.49235 -4.51848 0
    endloop
  endfacet
  facet normal 0.857042 0.515246 0
    outer loop
      vertex -1.48236 -4.49057 0.799999
      vertex -1.48337 -4.48889 0
      vertex -1.48337 -4.48889 0.799999
    endloop
  endfacet
  facet normal 0.857042 0.515246 0
    outer loop
      vertex -1.48337 -4.48889 0
      vertex -1.48236 -4.49057 0.799999
      vertex -1.48236 -4.49057 0
    endloop
  endfacet
  facet normal 0.989744 -0.14285 0
    outer loop
      vertex -1.48038 -4.5039 0.799999
      vertex -1.4801 -4.50196 0
      vertex -1.4801 -4.50196 0.799999
    endloop
  endfacet
  facet normal 0.989744 -0.14285 0
    outer loop
      vertex -1.4801 -4.50196 0
      vertex -1.48038 -4.5039 0.799999
      vertex -1.48038 -4.5039 0
    endloop
  endfacet
  facet normal -0.998701 0.0509541 0
    outer loop
      vertex -1.52 -4.5 0
      vertex -1.5199 -4.49804 0.799999
      vertex -1.5199 -4.49804 0
    endloop
  endfacet
  facet normal -0.998701 0.0509541 0
    outer loop
      vertex -1.5199 -4.49804 0.799999
      vertex -1.52 -4.5 0
      vertex -1.52 -4.5 0.799999
    endloop
  endfacet
  facet normal -0.24373 0.969843 0
    outer loop
      vertex -1.5039 -4.48038 0
      vertex -1.50581 -4.48086 0.799999
      vertex -1.5039 -4.48038 0.799999
    endloop
  endfacet
  facet normal -0.24373 0.969843 0
    outer loop
      vertex -1.50581 -4.48086 0.799999
      vertex -1.5039 -4.48038 0
      vertex -1.50581 -4.48086 0
    endloop
  endfacet
  facet normal -0.337632 0.941278 0
    outer loop
      vertex -1.50581 -4.48086 0
      vertex -1.50765 -4.48152 0.799999
      vertex -1.50581 -4.48086 0.799999
    endloop
  endfacet
  facet normal -0.337632 0.941278 0
    outer loop
      vertex -1.50765 -4.48152 0.799999
      vertex -1.50581 -4.48086 0
      vertex -1.50765 -4.48152 0
    endloop
  endfacet
  facet normal 0.14285 0.989744 -0
    outer loop
      vertex -1.4961 -4.48038 0
      vertex -1.49804 -4.4801 0.799999
      vertex -1.4961 -4.48038 0.799999
    endloop
  endfacet
  facet normal 0.14285 0.989744 0
    outer loop
      vertex -1.49804 -4.4801 0.799999
      vertex -1.4961 -4.48038 0
      vertex -1.49804 -4.4801 0
    endloop
  endfacet
  facet normal 0.969843 0.24373 0
    outer loop
      vertex -1.48038 -4.4961 0.799999
      vertex -1.48086 -4.49419 0
      vertex -1.48086 -4.49419 0.799999
    endloop
  endfacet
  facet normal 0.969843 0.24373 0
    outer loop
      vertex -1.48086 -4.49419 0
      vertex -1.48038 -4.4961 0.799999
      vertex -1.48038 -4.4961 0
    endloop
  endfacet
  facet normal -0.14285 -0.989744 0
    outer loop
      vertex -1.5039 -4.51962 0
      vertex -1.50196 -4.5199 0.799999
      vertex -1.5039 -4.51962 0.799999
    endloop
  endfacet
  facet normal -0.14285 -0.989744 -0
    outer loop
      vertex -1.50196 -4.5199 0.799999
      vertex -1.5039 -4.51962 0
      vertex -1.50196 -4.5199 0
    endloop
  endfacet
  facet normal -0.989744 -0.14285 0
    outer loop
      vertex -1.51962 -4.5039 0
      vertex -1.5199 -4.50196 0.799999
      vertex -1.5199 -4.50196 0
    endloop
  endfacet
  facet normal -0.989744 -0.14285 0
    outer loop
      vertex -1.5199 -4.50196 0.799999
      vertex -1.51962 -4.5039 0
      vertex -1.51962 -4.5039 0.799999
    endloop
  endfacet
  facet normal -0.24373 -0.969843 0
    outer loop
      vertex -1.50581 -4.51914 0
      vertex -1.5039 -4.51962 0.799999
      vertex -1.50581 -4.51914 0.799999
    endloop
  endfacet
  facet normal -0.24373 -0.969843 -0
    outer loop
      vertex -1.5039 -4.51962 0.799999
      vertex -1.50581 -4.51914 0
      vertex -1.5039 -4.51962 0
    endloop
  endfacet
  facet normal 0.595106 -0.803647 0
    outer loop
      vertex -1.48889 -4.51663 0
      vertex -1.48731 -4.51546 0.799999
      vertex -1.48889 -4.51663 0.799999
    endloop
  endfacet
  facet normal 0.595106 -0.803647 0
    outer loop
      vertex -1.48731 -4.51546 0.799999
      vertex -1.48889 -4.51663 0
      vertex -1.48731 -4.51546 0
    endloop
  endfacet
  facet normal 0.857042 -0.515246 0
    outer loop
      vertex -1.48337 -4.51111 0.799999
      vertex -1.48236 -4.50943 0
      vertex -1.48236 -4.50943 0.799999
    endloop
  endfacet
  facet normal 0.857042 -0.515246 0
    outer loop
      vertex -1.48236 -4.50943 0
      vertex -1.48337 -4.51111 0.799999
      vertex -1.48337 -4.51111 0
    endloop
  endfacet
  facet normal -0.803647 -0.595106 0
    outer loop
      vertex -1.51546 -4.51269 0
      vertex -1.51663 -4.51111 0.799999
      vertex -1.51663 -4.51111 0
    endloop
  endfacet
  facet normal -0.803647 -0.595106 0
    outer loop
      vertex -1.51663 -4.51111 0.799999
      vertex -1.51546 -4.51269 0
      vertex -1.51546 -4.51269 0.799999
    endloop
  endfacet
  facet normal -0.0509541 -0.998701 0
    outer loop
      vertex -1.50196 -4.5199 0
      vertex -1.5 -4.52 0.799999
      vertex -1.50196 -4.5199 0.799999
    endloop
  endfacet
  facet normal -0.0509541 -0.998701 -0
    outer loop
      vertex -1.5 -4.52 0.799999
      vertex -1.50196 -4.5199 0
      vertex -1.5 -4.52 0
    endloop
  endfacet
  facet normal 0.24373 -0.969843 0
    outer loop
      vertex -1.4961 -4.51962 0
      vertex -1.49419 -4.51914 0.799999
      vertex -1.4961 -4.51962 0.799999
    endloop
  endfacet
  facet normal 0.24373 -0.969843 0
    outer loop
      vertex -1.49419 -4.51914 0.799999
      vertex -1.4961 -4.51962 0
      vertex -1.49419 -4.51914 0
    endloop
  endfacet
  facet normal -0.67318 0.739478 0
    outer loop
      vertex -1.51269 -4.48454 0
      vertex -1.51414 -4.48586 0.799999
      vertex -1.51269 -4.48454 0.799999
    endloop
  endfacet
  facet normal -0.67318 0.739478 0
    outer loop
      vertex -1.51414 -4.48586 0.799999
      vertex -1.51269 -4.48454 0
      vertex -1.51414 -4.48586 0
    endloop
  endfacet
  facet normal -0.595106 -0.803647 0
    outer loop
      vertex -1.51269 -4.51546 0
      vertex -1.51111 -4.51663 0.799999
      vertex -1.51269 -4.51546 0.799999
    endloop
  endfacet
  facet normal -0.595106 -0.803647 -0
    outer loop
      vertex -1.51111 -4.51663 0.799999
      vertex -1.51269 -4.51546 0
      vertex -1.51111 -4.51663 0
    endloop
  endfacet
  facet normal -0.941278 -0.337632 0
    outer loop
      vertex -1.51848 -4.50765 0
      vertex -1.51914 -4.50581 0.799999
      vertex -1.51914 -4.50581 0
    endloop
  endfacet
  facet normal -0.941278 -0.337632 0
    outer loop
      vertex -1.51914 -4.50581 0.799999
      vertex -1.51848 -4.50765 0
      vertex -1.51848 -4.50765 0.799999
    endloop
  endfacet
  facet normal -0.67318 -0.739478 0
    outer loop
      vertex -1.51414 -4.51414 0
      vertex -1.51269 -4.51546 0.799999
      vertex -1.51414 -4.51414 0.799999
    endloop
  endfacet
  facet normal -0.67318 -0.739478 -0
    outer loop
      vertex -1.51269 -4.51546 0.799999
      vertex -1.51414 -4.51414 0
      vertex -1.51269 -4.51546 0
    endloop
  endfacet
  facet normal -0.998701 -0.0509541 0
    outer loop
      vertex -1.5199 -4.50196 0
      vertex -1.52 -4.5 0.799999
      vertex -1.52 -4.5 0
    endloop
  endfacet
  facet normal -0.998701 -0.0509541 0
    outer loop
      vertex -1.52 -4.5 0.799999
      vertex -1.5199 -4.50196 0
      vertex -1.5199 -4.50196 0.799999
    endloop
  endfacet
  facet normal 0.0509541 -0.998701 0
    outer loop
      vertex -1.5 -4.52 0
      vertex -1.49804 -4.5199 0.799999
      vertex -1.5 -4.52 0.799999
    endloop
  endfacet
  facet normal 0.0509541 -0.998701 0
    outer loop
      vertex -1.49804 -4.5199 0.799999
      vertex -1.5 -4.52 0
      vertex -1.49804 -4.5199 0
    endloop
  endfacet
  facet normal -0.969843 0.24373 0
    outer loop
      vertex -1.51962 -4.4961 0
      vertex -1.51914 -4.49419 0.799999
      vertex -1.51914 -4.49419 0
    endloop
  endfacet
  facet normal -0.969843 0.24373 0
    outer loop
      vertex -1.51914 -4.49419 0.799999
      vertex -1.51962 -4.4961 0
      vertex -1.51962 -4.4961 0.799999
    endloop
  endfacet
  facet normal 0.24373 0.969843 -0
    outer loop
      vertex -1.49419 -4.48086 0
      vertex -1.4961 -4.48038 0.799999
      vertex -1.49419 -4.48086 0.799999
    endloop
  endfacet
  facet normal 0.24373 0.969843 0
    outer loop
      vertex -1.4961 -4.48038 0.799999
      vertex -1.49419 -4.48086 0
      vertex -1.4961 -4.48038 0
    endloop
  endfacet
  facet normal -0.857042 -0.515246 0
    outer loop
      vertex -1.51663 -4.51111 0
      vertex -1.51764 -4.50943 0.799999
      vertex -1.51764 -4.50943 0
    endloop
  endfacet
  facet normal -0.857042 -0.515246 0
    outer loop
      vertex -1.51764 -4.50943 0.799999
      vertex -1.51663 -4.51111 0
      vertex -1.51663 -4.51111 0.799999
    endloop
  endfacet
  facet normal -0.803647 0.595106 0
    outer loop
      vertex -1.51663 -4.48889 0
      vertex -1.51546 -4.48731 0.799999
      vertex -1.51546 -4.48731 0
    endloop
  endfacet
  facet normal -0.803647 0.595106 0
    outer loop
      vertex -1.51546 -4.48731 0.799999
      vertex -1.51663 -4.48889 0
      vertex -1.51663 -4.48889 0.799999
    endloop
  endfacet
  facet normal 0.739478 -0.67318 0
    outer loop
      vertex -1.48586 -4.51414 0.799999
      vertex -1.48454 -4.51269 0
      vertex -1.48454 -4.51269 0.799999
    endloop
  endfacet
  facet normal 0.739478 -0.67318 0
    outer loop
      vertex -1.48454 -4.51269 0
      vertex -1.48586 -4.51414 0.799999
      vertex -1.48586 -4.51414 0
    endloop
  endfacet
  facet normal 0.67318 -0.739478 0
    outer loop
      vertex -1.48731 -4.51546 0
      vertex -1.48586 -4.51414 0.799999
      vertex -1.48731 -4.51546 0.799999
    endloop
  endfacet
  facet normal 0.67318 -0.739478 0
    outer loop
      vertex -1.48586 -4.51414 0.799999
      vertex -1.48731 -4.51546 0
      vertex -1.48586 -4.51414 0
    endloop
  endfacet
  facet normal 0.337632 0.941278 -0
    outer loop
      vertex -1.49235 -4.48152 0
      vertex -1.49419 -4.48086 0.799999
      vertex -1.49235 -4.48152 0.799999
    endloop
  endfacet
  facet normal 0.337632 0.941278 0
    outer loop
      vertex -1.49419 -4.48086 0.799999
      vertex -1.49235 -4.48152 0
      vertex -1.49419 -4.48086 0
    endloop
  endfacet
  facet normal -0.989744 0.14285 0
    outer loop
      vertex -1.5199 -4.49804 0
      vertex -1.51962 -4.4961 0.799999
      vertex -1.51962 -4.4961 0
    endloop
  endfacet
  facet normal -0.989744 0.14285 0
    outer loop
      vertex -1.51962 -4.4961 0.799999
      vertex -1.5199 -4.49804 0
      vertex -1.5199 -4.49804 0.799999
    endloop
  endfacet
  facet normal -0.904358 -0.426775 0
    outer loop
      vertex -1.51764 -4.50943 0
      vertex -1.51848 -4.50765 0.799999
      vertex -1.51848 -4.50765 0
    endloop
  endfacet
  facet normal -0.904358 -0.426775 0
    outer loop
      vertex -1.51848 -4.50765 0.799999
      vertex -1.51764 -4.50943 0
      vertex -1.51764 -4.50943 0.799999
    endloop
  endfacet
  facet normal 0.989744 0.14285 0
    outer loop
      vertex -1.4801 -1.49804 0.799999
      vertex -1.48038 -1.4961 0
      vertex -1.48038 -1.4961 0.799999
    endloop
  endfacet
  facet normal 0.989744 0.14285 0
    outer loop
      vertex -1.48038 -1.4961 0
      vertex -1.4801 -1.49804 0.799999
      vertex -1.4801 -1.49804 0
    endloop
  endfacet
  facet normal 0.998701 0.0509541 0
    outer loop
      vertex -1.48 -1.5 0.799999
      vertex -1.4801 -1.49804 0
      vertex -1.4801 -1.49804 0.799999
    endloop
  endfacet
  facet normal 0.998701 0.0509541 0
    outer loop
      vertex -1.4801 -1.49804 0
      vertex -1.48 -1.5 0.799999
      vertex -1.48 -1.5 0
    endloop
  endfacet
  facet normal 0.67318 0.739478 -0
    outer loop
      vertex -1.48586 -1.48586 0
      vertex -1.48731 -1.48454 0.799999
      vertex -1.48586 -1.48586 0.799999
    endloop
  endfacet
  facet normal 0.67318 0.739478 0
    outer loop
      vertex -1.48731 -1.48454 0.799999
      vertex -1.48586 -1.48586 0
      vertex -1.48731 -1.48454 0
    endloop
  endfacet
  facet normal -0.14285 0.989744 0
    outer loop
      vertex -1.50196 -1.4801 0
      vertex -1.5039 -1.48038 0.799999
      vertex -1.50196 -1.4801 0.799999
    endloop
  endfacet
  facet normal -0.14285 0.989744 0
    outer loop
      vertex -1.5039 -1.48038 0.799999
      vertex -1.50196 -1.4801 0
      vertex -1.5039 -1.48038 0
    endloop
  endfacet
  facet normal 0.941278 0.337632 0
    outer loop
      vertex -1.48086 -1.49419 0.799999
      vertex -1.48152 -1.49235 0
      vertex -1.48152 -1.49235 0.799999
    endloop
  endfacet
  facet normal 0.941278 0.337632 0
    outer loop
      vertex -1.48152 -1.49235 0
      vertex -1.48086 -1.49419 0.799999
      vertex -1.48086 -1.49419 0
    endloop
  endfacet
  facet normal 0.426775 0.904358 -0
    outer loop
      vertex -1.49057 -1.48236 0
      vertex -1.49235 -1.48152 0.799999
      vertex -1.49057 -1.48236 0.799999
    endloop
  endfacet
  facet normal 0.426775 0.904358 0
    outer loop
      vertex -1.49235 -1.48152 0.799999
      vertex -1.49057 -1.48236 0
      vertex -1.49235 -1.48152 0
    endloop
  endfacet
  facet normal -0.941278 0.337632 0
    outer loop
      vertex -1.51914 -1.49419 0
      vertex -1.51848 -1.49235 0.799999
      vertex -1.51848 -1.49235 0
    endloop
  endfacet
  facet normal -0.941278 0.337632 0
    outer loop
      vertex -1.51848 -1.49235 0.799999
      vertex -1.51914 -1.49419 0
      vertex -1.51914 -1.49419 0.799999
    endloop
  endfacet
  facet normal 0.998701 -0.0509541 0
    outer loop
      vertex -1.4801 -1.50196 0.799999
      vertex -1.48 -1.5 0
      vertex -1.48 -1.5 0.799999
    endloop
  endfacet
  facet normal 0.998701 -0.0509541 0
    outer loop
      vertex -1.48 -1.5 0
      vertex -1.4801 -1.50196 0.799999
      vertex -1.4801 -1.50196 0
    endloop
  endfacet
  facet normal -0.426775 -0.904358 0
    outer loop
      vertex -1.50943 -1.51764 0
      vertex -1.50765 -1.51848 0.799999
      vertex -1.50943 -1.51764 0.799999
    endloop
  endfacet
  facet normal -0.426775 -0.904358 -0
    outer loop
      vertex -1.50765 -1.51848 0.799999
      vertex -1.50943 -1.51764 0
      vertex -1.50765 -1.51848 0
    endloop
  endfacet
  facet normal 0.803647 0.595106 0
    outer loop
      vertex -1.48337 -1.48889 0.799999
      vertex -1.48454 -1.48731 0
      vertex -1.48454 -1.48731 0.799999
    endloop
  endfacet
  facet normal 0.803647 0.595106 0
    outer loop
      vertex -1.48454 -1.48731 0
      vertex -1.48337 -1.48889 0.799999
      vertex -1.48337 -1.48889 0
    endloop
  endfacet
  facet normal -0.857042 0.515246 0
    outer loop
      vertex -1.51764 -1.49057 0
      vertex -1.51663 -1.48889 0.799999
      vertex -1.51663 -1.48889 0
    endloop
  endfacet
  facet normal -0.857042 0.515246 0
    outer loop
      vertex -1.51663 -1.48889 0.799999
      vertex -1.51764 -1.49057 0
      vertex -1.51764 -1.49057 0.799999
    endloop
  endfacet
  facet normal 0.0509541 0.998701 -0
    outer loop
      vertex -1.49804 -1.4801 0
      vertex -1.5 -1.48 0.799999
      vertex -1.49804 -1.4801 0.799999
    endloop
  endfacet
  facet normal 0.0509541 0.998701 0
    outer loop
      vertex -1.5 -1.48 0.799999
      vertex -1.49804 -1.4801 0
      vertex -1.5 -1.48 0
    endloop
  endfacet
  facet normal -0.515246 0.857042 0
    outer loop
      vertex -1.50943 -1.48236 0
      vertex -1.51111 -1.48337 0.799999
      vertex -1.50943 -1.48236 0.799999
    endloop
  endfacet
  facet normal -0.515246 0.857042 0
    outer loop
      vertex -1.51111 -1.48337 0.799999
      vertex -1.50943 -1.48236 0
      vertex -1.51111 -1.48337 0
    endloop
  endfacet
  facet normal 0.515246 0.857042 -0
    outer loop
      vertex -1.48889 -1.48337 0
      vertex -1.49057 -1.48236 0.799999
      vertex -1.48889 -1.48337 0.799999
    endloop
  endfacet
  facet normal 0.515246 0.857042 0
    outer loop
      vertex -1.49057 -1.48236 0.799999
      vertex -1.48889 -1.48337 0
      vertex -1.49057 -1.48236 0
    endloop
  endfacet
  facet normal 0.969843 -0.24373 0
    outer loop
      vertex -1.48086 -1.50581 0.799999
      vertex -1.48038 -1.5039 0
      vertex -1.48038 -1.5039 0.799999
    endloop
  endfacet
  facet normal 0.969843 -0.24373 0
    outer loop
      vertex -1.48038 -1.5039 0
      vertex -1.48086 -1.50581 0.799999
      vertex -1.48086 -1.50581 0
    endloop
  endfacet
  facet normal 0 0 1
    outer loop
      vertex -1.4801 -1.49804 0.799999
      vertex -1.4801 -1.50196 0.799999
      vertex -1.48 -1.5 0.799999
    endloop
  endfacet
  facet normal 0 0 1
    outer loop
      vertex -1.48038 -1.4961 0.799999
      vertex -1.4801 -1.50196 0.799999
      vertex -1.4801 -1.49804 0.799999
    endloop
  endfacet
  facet normal 0 0 1
    outer loop
      vertex -1.48038 -1.4961 0.799999
      vertex -1.48038 -1.5039 0.799999
      vertex -1.4801 -1.50196 0.799999
    endloop
  endfacet
  facet normal 0 0 1
    outer loop
      vertex -1.48086 -1.49419 0.799999
      vertex -1.48038 -1.5039 0.799999
      vertex -1.48038 -1.4961 0.799999
    endloop
  endfacet
  facet normal 0 0 1
    outer loop
      vertex -1.48086 -1.49419 0.799999
      vertex -1.48086 -1.50581 0.799999
      vertex -1.48038 -1.5039 0.799999
    endloop
  endfacet
  facet normal 0 0 1
    outer loop
      vertex -1.48152 -1.49235 0.799999
      vertex -1.48086 -1.50581 0.799999
      vertex -1.48086 -1.49419 0.799999
    endloop
  endfacet
  facet normal 0 0 1
    outer loop
      vertex -1.48152 -1.49235 0.799999
      vertex -1.48152 -1.50765 0.799999
      vertex -1.48086 -1.50581 0.799999
    endloop
  endfacet
  facet normal 0 0 1
    outer loop
      vertex -1.48236 -1.49057 0.799999
      vertex -1.48152 -1.50765 0.799999
      vertex -1.48152 -1.49235 0.799999
    endloop
  endfacet
  facet normal 0 0 1
    outer loop
      vertex -1.48236 -1.49057 0.799999
      vertex -1.48236 -1.50943 0.799999
      vertex -1.48152 -1.50765 0.799999
    endloop
  endfacet
  facet normal 0 0 1
    outer loop
      vertex -1.48337 -1.48889 0.799999
      vertex -1.48236 -1.50943 0.799999
      vertex -1.48236 -1.49057 0.799999
    endloop
  endfacet
  facet normal 0 0 1
    outer loop
      vertex -1.48337 -1.48889 0.799999
      vertex -1.48337 -1.51111 0.799999
      vertex -1.48236 -1.50943 0.799999
    endloop
  endfacet
  facet normal 0 0 1
    outer loop
      vertex -1.48454 -1.48731 0.799999
      vertex -1.48337 -1.51111 0.799999
      vertex -1.48337 -1.48889 0.799999
    endloop
  endfacet
  facet normal 0 0 1
    outer loop
      vertex -1.48454 -1.48731 0.799999
      vertex -1.48454 -1.51269 0.799999
      vertex -1.48337 -1.51111 0.799999
    endloop
  endfacet
  facet normal 0 0 1
    outer loop
      vertex -1.48586 -1.48586 0.799999
      vertex -1.48454 -1.51269 0.799999
      vertex -1.48454 -1.48731 0.799999
    endloop
  endfacet
  facet normal 0 0 1
    outer loop
      vertex -1.48586 -1.48586 0.799999
      vertex -1.48586 -1.51414 0.799999
      vertex -1.48454 -1.51269 0.799999
    endloop
  endfacet
  facet normal 0 0 1
    outer loop
      vertex -1.48731 -1.48454 0.799999
      vertex -1.48586 -1.51414 0.799999
      vertex -1.48586 -1.48586 0.799999
    endloop
  endfacet
  facet normal 0 0 1
    outer loop
      vertex -1.48731 -1.48454 0.799999
      vertex -1.48731 -1.51546 0.799999
      vertex -1.48586 -1.51414 0.799999
    endloop
  endfacet
  facet normal 0 0 1
    outer loop
      vertex -1.48889 -1.48337 0.799999
      vertex -1.48731 -1.51546 0.799999
      vertex -1.48731 -1.48454 0.799999
    endloop
  endfacet
  facet normal 0 0 1
    outer loop
      vertex -1.48889 -1.48337 0.799999
      vertex -1.48889 -1.51663 0.799999
      vertex -1.48731 -1.51546 0.799999
    endloop
  endfacet
  facet normal 0 0 1
    outer loop
      vertex -1.49057 -1.48236 0.799999
      vertex -1.48889 -1.51663 0.799999
      vertex -1.48889 -1.48337 0.799999
    endloop
  endfacet
  facet normal 0 0 1
    outer loop
      vertex -1.49057 -1.48236 0.799999
      vertex -1.49057 -1.51764 0.799999
      vertex -1.48889 -1.51663 0.799999
    endloop
  endfacet
  facet normal 0 0 1
    outer loop
      vertex -1.49235 -1.48152 0.799999
      vertex -1.49057 -1.51764 0.799999
      vertex -1.49057 -1.48236 0.799999
    endloop
  endfacet
  facet normal 0 0 1
    outer loop
      vertex -1.49235 -1.48152 0.799999
      vertex -1.49235 -1.51848 0.799999
      vertex -1.49057 -1.51764 0.799999
    endloop
  endfacet
  facet normal 0 0 1
    outer loop
      vertex -1.49419 -1.48086 0.799999
      vertex -1.49235 -1.51848 0.799999
      vertex -1.49235 -1.48152 0.799999
    endloop
  endfacet
  facet normal 0 0 1
    outer loop
      vertex -1.49419 -1.48086 0.799999
      vertex -1.49419 -1.51914 0.799999
      vertex -1.49235 -1.51848 0.799999
    endloop
  endfacet
  facet normal 0 0 1
    outer loop
      vertex -1.4961 -1.48038 0.799999
      vertex -1.49419 -1.51914 0.799999
      vertex -1.49419 -1.48086 0.799999
    endloop
  endfacet
  facet normal 0 0 1
    outer loop
      vertex -1.4961 -1.48038 0.799999
      vertex -1.4961 -1.51962 0.799999
      vertex -1.49419 -1.51914 0.799999
    endloop
  endfacet
  facet normal 0 0 1
    outer loop
      vertex -1.49804 -1.4801 0.799999
      vertex -1.4961 -1.51962 0.799999
      vertex -1.4961 -1.48038 0.799999
    endloop
  endfacet
  facet normal 0 0 1
    outer loop
      vertex -1.49804 -1.4801 0.799999
      vertex -1.49804 -1.5199 0.799999
      vertex -1.4961 -1.51962 0.799999
    endloop
  endfacet
  facet normal 0 0 1
    outer loop
      vertex -1.5 -1.48 0.799999
      vertex -1.49804 -1.5199 0.799999
      vertex -1.49804 -1.4801 0.799999
    endloop
  endfacet
  facet normal 0 0 1
    outer loop
      vertex -1.5 -1.48 0.799999
      vertex -1.5 -1.52 0.799999
      vertex -1.49804 -1.5199 0.799999
    endloop
  endfacet
  facet normal -0 0 1
    outer loop
      vertex -1.50196 -1.4801 0.799999
      vertex -1.5 -1.52 0.799999
      vertex -1.5 -1.48 0.799999
    endloop
  endfacet
  facet normal 0 0 1
    outer loop
      vertex -1.50196 -1.4801 0.799999
      vertex -1.50196 -1.5199 0.799999
      vertex -1.5 -1.52 0.799999
    endloop
  endfacet
  facet normal -0 0 1
    outer loop
      vertex -1.5039 -1.48038 0.799999
      vertex -1.50196 -1.5199 0.799999
      vertex -1.50196 -1.4801 0.799999
    endloop
  endfacet
  facet normal 0 0 1
    outer loop
      vertex -1.5039 -1.48038 0.799999
      vertex -1.5039 -1.51962 0.799999
      vertex -1.50196 -1.5199 0.799999
    endloop
  endfacet
  facet normal -0 0 1
    outer loop
      vertex -1.50581 -1.48086 0.799999
      vertex -1.5039 -1.51962 0.799999
      vertex -1.5039 -1.48038 0.799999
    endloop
  endfacet
  facet normal 0 0 1
    outer loop
      vertex -1.50581 -1.48086 0.799999
      vertex -1.50581 -1.51914 0.799999
      vertex -1.5039 -1.51962 0.799999
    endloop
  endfacet
  facet normal -0 0 1
    outer loop
      vertex -1.50765 -1.48152 0.799999
      vertex -1.50581 -1.51914 0.799999
      vertex -1.50581 -1.48086 0.799999
    endloop
  endfacet
  facet normal 0 0 1
    outer loop
      vertex -1.50765 -1.48152 0.799999
      vertex -1.50765 -1.51848 0.799999
      vertex -1.50581 -1.51914 0.799999
    endloop
  endfacet
  facet normal -0 0 1
    outer loop
      vertex -1.50943 -1.48236 0.799999
      vertex -1.50765 -1.51848 0.799999
      vertex -1.50765 -1.48152 0.799999
    endloop
  endfacet
  facet normal 0 0 1
    outer loop
      vertex -1.50943 -1.48236 0.799999
      vertex -1.50943 -1.51764 0.799999
      vertex -1.50765 -1.51848 0.799999
    endloop
  endfacet
  facet normal -0 0 1
    outer loop
      vertex -1.51111 -1.48337 0.799999
      vertex -1.50943 -1.51764 0.799999
      vertex -1.50943 -1.48236 0.799999
    endloop
  endfacet
  facet normal 0 0 1
    outer loop
      vertex -1.51111 -1.48337 0.799999
      vertex -1.51111 -1.51663 0.799999
      vertex -1.50943 -1.51764 0.799999
    endloop
  endfacet
  facet normal -0 0 1
    outer loop
      vertex -1.51269 -1.48454 0.799999
      vertex -1.51111 -1.51663 0.799999
      vertex -1.51111 -1.48337 0.799999
    endloop
  endfacet
  facet normal 0 0 1
    outer loop
      vertex -1.51269 -1.48454 0.799999
      vertex -1.51269 -1.51546 0.799999
      vertex -1.51111 -1.51663 0.799999
    endloop
  endfacet
  facet normal -0 0 1
    outer loop
      vertex -1.51414 -1.48586 0.799999
      vertex -1.51269 -1.51546 0.799999
      vertex -1.51269 -1.48454 0.799999
    endloop
  endfacet
  facet normal 0 0 1
    outer loop
      vertex -1.51414 -1.48586 0.799999
      vertex -1.51414 -1.51414 0.799999
      vertex -1.51269 -1.51546 0.799999
    endloop
  endfacet
  facet normal -0 0 1
    outer loop
      vertex -1.51546 -1.48731 0.799999
      vertex -1.51414 -1.51414 0.799999
      vertex -1.51414 -1.48586 0.799999
    endloop
  endfacet
  facet normal 0 0 1
    outer loop
      vertex -1.51546 -1.48731 0.799999
      vertex -1.51546 -1.51269 0.799999
      vertex -1.51414 -1.51414 0.799999
    endloop
  endfacet
  facet normal -0 0 1
    outer loop
      vertex -1.51663 -1.48889 0.799999
      vertex -1.51546 -1.51269 0.799999
      vertex -1.51546 -1.48731 0.799999
    endloop
  endfacet
  facet normal 0 0 1
    outer loop
      vertex -1.51663 -1.48889 0.799999
      vertex -1.51663 -1.51111 0.799999
      vertex -1.51546 -1.51269 0.799999
    endloop
  endfacet
  facet normal -0 0 1
    outer loop
      vertex -1.51764 -1.49057 0.799999
      vertex -1.51663 -1.51111 0.799999
      vertex -1.51663 -1.48889 0.799999
    endloop
  endfacet
  facet normal 0 0 1
    outer loop
      vertex -1.51764 -1.49057 0.799999
      vertex -1.51764 -1.50943 0.799999
      vertex -1.51663 -1.51111 0.799999
    endloop
  endfacet
  facet normal -0 0 1
    outer loop
      vertex -1.51848 -1.49235 0.799999
      vertex -1.51764 -1.50943 0.799999
      vertex -1.51764 -1.49057 0.799999
    endloop
  endfacet
  facet normal 0 0 1
    outer loop
      vertex -1.51848 -1.49235 0.799999
      vertex -1.51848 -1.50765 0.799999
      vertex -1.51764 -1.50943 0.799999
    endloop
  endfacet
  facet normal -0 0 1
    outer loop
      vertex -1.51914 -1.49419 0.799999
      vertex -1.51848 -1.50765 0.799999
      vertex -1.51848 -1.49235 0.799999
    endloop
  endfacet
  facet normal 0 0 1
    outer loop
      vertex -1.51914 -1.49419 0.799999
      vertex -1.51914 -1.50581 0.799999
      vertex -1.51848 -1.50765 0.799999
    endloop
  endfacet
  facet normal -0 0 1
    outer loop
      vertex -1.51962 -1.4961 0.799999
      vertex -1.51914 -1.50581 0.799999
      vertex -1.51914 -1.49419 0.799999
    endloop
  endfacet
  facet normal 0 0 1
    outer loop
      vertex -1.51962 -1.4961 0.799999
      vertex -1.51962 -1.5039 0.799999
      vertex -1.51914 -1.50581 0.799999
    endloop
  endfacet
  facet normal -0 0 1
    outer loop
      vertex -1.5199 -1.49804 0.799999
      vertex -1.51962 -1.5039 0.799999
      vertex -1.51962 -1.4961 0.799999
    endloop
  endfacet
  facet normal 0 0 1
    outer loop
      vertex -1.5199 -1.49804 0.799999
      vertex -1.5199 -1.50196 0.799999
      vertex -1.51962 -1.5039 0.799999
    endloop
  endfacet
  facet normal 0 -0 1
    outer loop
      vertex -1.5199 -1.50196 0.799999
      vertex -1.5199 -1.49804 0.799999
      vertex -1.52 -1.5 0.799999
    endloop
  endfacet
  facet normal 0.904358 -0.426775 0
    outer loop
      vertex -1.48236 -1.50943 0.799999
      vertex -1.48152 -1.50765 0
      vertex -1.48152 -1.50765 0.799999
    endloop
  endfacet
  facet normal 0.904358 -0.426775 0
    outer loop
      vertex -1.48152 -1.50765 0
      vertex -1.48236 -1.50943 0.799999
      vertex -1.48236 -1.50943 0
    endloop
  endfacet
  facet normal 0.595106 0.803647 -0
    outer loop
      vertex -1.48731 -1.48454 0
      vertex -1.48889 -1.48337 0.799999
      vertex -1.48731 -1.48454 0.799999
    endloop
  endfacet
  facet normal 0.595106 0.803647 0
    outer loop
      vertex -1.48889 -1.48337 0.799999
      vertex -1.48731 -1.48454 0
      vertex -1.48889 -1.48337 0
    endloop
  endfacet
  facet normal -0.337632 -0.941278 0
    outer loop
      vertex -1.50765 -1.51848 0
      vertex -1.50581 -1.51914 0.799999
      vertex -1.50765 -1.51848 0.799999
    endloop
  endfacet
  facet normal -0.337632 -0.941278 -0
    outer loop
      vertex -1.50581 -1.51914 0.799999
      vertex -1.50765 -1.51848 0
      vertex -1.50581 -1.51914 0
    endloop
  endfacet
  facet normal -0.595106 0.803647 0
    outer loop
      vertex -1.51111 -1.48337 0
      vertex -1.51269 -1.48454 0.799999
      vertex -1.51111 -1.48337 0.799999
    endloop
  endfacet
  facet normal -0.595106 0.803647 0
    outer loop
      vertex -1.51269 -1.48454 0.799999
      vertex -1.51111 -1.48337 0
      vertex -1.51269 -1.48454 0
    endloop
  endfacet
  facet normal -0.426775 0.904358 0
    outer loop
      vertex -1.50765 -1.48152 0
      vertex -1.50943 -1.48236 0.799999
      vertex -1.50765 -1.48152 0.799999
    endloop
  endfacet
  facet normal -0.426775 0.904358 0
    outer loop
      vertex -1.50943 -1.48236 0.799999
      vertex -1.50765 -1.48152 0
      vertex -1.50943 -1.48236 0
    endloop
  endfacet
  facet normal -0.739478 0.67318 0
    outer loop
      vertex -1.51546 -1.48731 0
      vertex -1.51414 -1.48586 0.799999
      vertex -1.51414 -1.48586 0
    endloop
  endfacet
  facet normal -0.739478 0.67318 0
    outer loop
      vertex -1.51414 -1.48586 0.799999
      vertex -1.51546 -1.48731 0
      vertex -1.51546 -1.48731 0.799999
    endloop
  endfacet
  facet normal 0.515246 -0.857042 0
    outer loop
      vertex -1.49057 -1.51764 0
      vertex -1.48889 -1.51663 0.799999
      vertex -1.49057 -1.51764 0.799999
    endloop
  endfacet
  facet normal 0.515246 -0.857042 0
    outer loop
      vertex -1.48889 -1.51663 0.799999
      vertex -1.49057 -1.51764 0
      vertex -1.48889 -1.51663 0
    endloop
  endfacet
  facet normal 0.14285 -0.989744 0
    outer loop
      vertex -1.49804 -1.5199 0
      vertex -1.4961 -1.51962 0.799999
      vertex -1.49804 -1.5199 0.799999
    endloop
  endfacet
  facet normal 0.14285 -0.989744 0
    outer loop
      vertex -1.4961 -1.51962 0.799999
      vertex -1.49804 -1.5199 0
      vertex -1.4961 -1.51962 0
    endloop
  endfacet
  facet normal -0.969843 -0.24373 0
    outer loop
      vertex -1.51914 -1.50581 0
      vertex -1.51962 -1.5039 0.799999
      vertex -1.51962 -1.5039 0
    endloop
  endfacet
  facet normal -0.969843 -0.24373 0
    outer loop
      vertex -1.51962 -1.5039 0.799999
      vertex -1.51914 -1.50581 0
      vertex -1.51914 -1.50581 0.799999
    endloop
  endfacet
  facet normal -0.904358 0.426775 0
    outer loop
      vertex -1.51848 -1.49235 0
      vertex -1.51764 -1.49057 0.799999
      vertex -1.51764 -1.49057 0
    endloop
  endfacet
  facet normal -0.904358 0.426775 0
    outer loop
      vertex -1.51764 -1.49057 0.799999
      vertex -1.51848 -1.49235 0
      vertex -1.51848 -1.49235 0.799999
    endloop
  endfacet
  facet normal 0.426775 -0.904358 0
    outer loop
      vertex -1.49235 -1.51848 0
      vertex -1.49057 -1.51764 0.799999
      vertex -1.49235 -1.51848 0.799999
    endloop
  endfacet
  facet normal 0.426775 -0.904358 0
    outer loop
      vertex -1.49057 -1.51764 0.799999
      vertex -1.49235 -1.51848 0
      vertex -1.49057 -1.51764 0
    endloop
  endfacet
  facet normal 0.803647 -0.595106 0
    outer loop
      vertex -1.48454 -1.51269 0.799999
      vertex -1.48337 -1.51111 0
      vertex -1.48337 -1.51111 0.799999
    endloop
  endfacet
  facet normal 0.803647 -0.595106 0
    outer loop
      vertex -1.48337 -1.51111 0
      vertex -1.48454 -1.51269 0.799999
      vertex -1.48454 -1.51269 0
    endloop
  endfacet
  facet normal -0.515246 -0.857042 0
    outer loop
      vertex -1.51111 -1.51663 0
      vertex -1.50943 -1.51764 0.799999
      vertex -1.51111 -1.51663 0.799999
    endloop
  endfacet
  facet normal -0.515246 -0.857042 -0
    outer loop
      vertex -1.50943 -1.51764 0.799999
      vertex -1.51111 -1.51663 0
      vertex -1.50943 -1.51764 0
    endloop
  endfacet
  facet normal -0.739478 -0.67318 0
    outer loop
      vertex -1.51414 -1.51414 0
      vertex -1.51546 -1.51269 0.799999
      vertex -1.51546 -1.51269 0
    endloop
  endfacet
  facet normal -0.739478 -0.67318 0
    outer loop
      vertex -1.51546 -1.51269 0.799999
      vertex -1.51414 -1.51414 0
      vertex -1.51414 -1.51414 0.799999
    endloop
  endfacet
  facet normal 0.941278 -0.337632 0
    outer loop
      vertex -1.48152 -1.50765 0.799999
      vertex -1.48086 -1.50581 0
      vertex -1.48086 -1.50581 0.799999
    endloop
  endfacet
  facet normal 0.941278 -0.337632 0
    outer loop
      vertex -1.48086 -1.50581 0
      vertex -1.48152 -1.50765 0.799999
      vertex -1.48152 -1.50765 0
    endloop
  endfacet
  facet normal 0.739478 0.67318 0
    outer loop
      vertex -1.48454 -1.48731 0.799999
      vertex -1.48586 -1.48586 0
      vertex -1.48586 -1.48586 0.799999
    endloop
  endfacet
  facet normal 0.739478 0.67318 0
    outer loop
      vertex -1.48586 -1.48586 0
      vertex -1.48454 -1.48731 0.799999
      vertex -1.48454 -1.48731 0
    endloop
  endfacet
  facet normal 0.337632 -0.941278 0
    outer loop
      vertex -1.49419 -1.51914 0
      vertex -1.49235 -1.51848 0.799999
      vertex -1.49419 -1.51914 0.799999
    endloop
  endfacet
  facet normal 0.337632 -0.941278 0
    outer loop
      vertex -1.49235 -1.51848 0.799999
      vertex -1.49419 -1.51914 0
      vertex -1.49235 -1.51848 0
    endloop
  endfacet
  facet normal 0.857042 0.515246 0
    outer loop
      vertex -1.48236 -1.49057 0.799999
      vertex -1.48337 -1.48889 0
      vertex -1.48337 -1.48889 0.799999
    endloop
  endfacet
  facet normal 0.857042 0.515246 0
    outer loop
      vertex -1.48337 -1.48889 0
      vertex -1.48236 -1.49057 0.799999
      vertex -1.48236 -1.49057 0
    endloop
  endfacet
  facet normal 0.989744 -0.14285 0
    outer loop
      vertex -1.48038 -1.5039 0.799999
      vertex -1.4801 -1.50196 0
      vertex -1.4801 -1.50196 0.799999
    endloop
  endfacet
  facet normal 0.989744 -0.14285 0
    outer loop
      vertex -1.4801 -1.50196 0
      vertex -1.48038 -1.5039 0.799999
      vertex -1.48038 -1.5039 0
    endloop
  endfacet
  facet normal -0.998701 0.0509541 0
    outer loop
      vertex -1.52 -1.5 0
      vertex -1.5199 -1.49804 0.799999
      vertex -1.5199 -1.49804 0
    endloop
  endfacet
  facet normal -0.998701 0.0509541 0
    outer loop
      vertex -1.5199 -1.49804 0.799999
      vertex -1.52 -1.5 0
      vertex -1.52 -1.5 0.799999
    endloop
  endfacet
  facet normal 0.904358 0.426775 0
    outer loop
      vertex -1.48152 -1.49235 0.799999
      vertex -1.48236 -1.49057 0
      vertex -1.48236 -1.49057 0.799999
    endloop
  endfacet
  facet normal 0.904358 0.426775 0
    outer loop
      vertex -1.48236 -1.49057 0
      vertex -1.48152 -1.49235 0.799999
      vertex -1.48152 -1.49235 0
    endloop
  endfacet
  facet normal -0.24373 0.969843 0
    outer loop
      vertex -1.5039 -1.48038 0
      vertex -1.50581 -1.48086 0.799999
      vertex -1.5039 -1.48038 0.799999
    endloop
  endfacet
  facet normal -0.24373 0.969843 0
    outer loop
      vertex -1.50581 -1.48086 0.799999
      vertex -1.5039 -1.48038 0
      vertex -1.50581 -1.48086 0
    endloop
  endfacet
  facet normal -0.337632 0.941278 0
    outer loop
      vertex -1.50581 -1.48086 0
      vertex -1.50765 -1.48152 0.799999
      vertex -1.50581 -1.48086 0.799999
    endloop
  endfacet
  facet normal -0.337632 0.941278 0
    outer loop
      vertex -1.50765 -1.48152 0.799999
      vertex -1.50581 -1.48086 0
      vertex -1.50765 -1.48152 0
    endloop
  endfacet
  facet normal 0.14285 0.989744 -0
    outer loop
      vertex -1.4961 -1.48038 0
      vertex -1.49804 -1.4801 0.799999
      vertex -1.4961 -1.48038 0.799999
    endloop
  endfacet
  facet normal 0.14285 0.989744 0
    outer loop
      vertex -1.49804 -1.4801 0.799999
      vertex -1.4961 -1.48038 0
      vertex -1.49804 -1.4801 0
    endloop
  endfacet
  facet normal 0.969843 0.24373 0
    outer loop
      vertex -1.48038 -1.4961 0.799999
      vertex -1.48086 -1.49419 0
      vertex -1.48086 -1.49419 0.799999
    endloop
  endfacet
  facet normal 0.969843 0.24373 0
    outer loop
      vertex -1.48086 -1.49419 0
      vertex -1.48038 -1.4961 0.799999
      vertex -1.48038 -1.4961 0
    endloop
  endfacet
  facet normal -0.989744 -0.14285 0
    outer loop
      vertex -1.51962 -1.5039 0
      vertex -1.5199 -1.50196 0.799999
      vertex -1.5199 -1.50196 0
    endloop
  endfacet
  facet normal -0.989744 -0.14285 0
    outer loop
      vertex -1.5199 -1.50196 0.799999
      vertex -1.51962 -1.5039 0
      vertex -1.51962 -1.5039 0.799999
    endloop
  endfacet
  facet normal -0.0509541 0.998701 0
    outer loop
      vertex -1.5 -1.48 0
      vertex -1.50196 -1.4801 0.799999
      vertex -1.5 -1.48 0.799999
    endloop
  endfacet
  facet normal -0.0509541 0.998701 0
    outer loop
      vertex -1.50196 -1.4801 0.799999
      vertex -1.5 -1.48 0
      vertex -1.50196 -1.4801 0
    endloop
  endfacet
  facet normal -0.24373 -0.969843 0
    outer loop
      vertex -1.50581 -1.51914 0
      vertex -1.5039 -1.51962 0.799999
      vertex -1.50581 -1.51914 0.799999
    endloop
  endfacet
  facet normal -0.24373 -0.969843 -0
    outer loop
      vertex -1.5039 -1.51962 0.799999
      vertex -1.50581 -1.51914 0
      vertex -1.5039 -1.51962 0
    endloop
  endfacet
  facet normal 0.595106 -0.803647 0
    outer loop
      vertex -1.48889 -1.51663 0
      vertex -1.48731 -1.51546 0.799999
      vertex -1.48889 -1.51663 0.799999
    endloop
  endfacet
  facet normal 0.595106 -0.803647 0
    outer loop
      vertex -1.48731 -1.51546 0.799999
      vertex -1.48889 -1.51663 0
      vertex -1.48731 -1.51546 0
    endloop
  endfacet
  facet normal 0.857042 -0.515246 0
    outer loop
      vertex -1.48337 -1.51111 0.799999
      vertex -1.48236 -1.50943 0
      vertex -1.48236 -1.50943 0.799999
    endloop
  endfacet
  facet normal 0.857042 -0.515246 0
    outer loop
      vertex -1.48236 -1.50943 0
      vertex -1.48337 -1.51111 0.799999
      vertex -1.48337 -1.51111 0
    endloop
  endfacet
  facet normal -0.803647 -0.595106 0
    outer loop
      vertex -1.51546 -1.51269 0
      vertex -1.51663 -1.51111 0.799999
      vertex -1.51663 -1.51111 0
    endloop
  endfacet
  facet normal -0.803647 -0.595106 0
    outer loop
      vertex -1.51663 -1.51111 0.799999
      vertex -1.51546 -1.51269 0
      vertex -1.51546 -1.51269 0.799999
    endloop
  endfacet
  facet normal -0.0509541 -0.998701 0
    outer loop
      vertex -1.50196 -1.5199 0
      vertex -1.5 -1.52 0.799999
      vertex -1.50196 -1.5199 0.799999
    endloop
  endfacet
  facet normal -0.0509541 -0.998701 -0
    outer loop
      vertex -1.5 -1.52 0.799999
      vertex -1.50196 -1.5199 0
      vertex -1.5 -1.52 0
    endloop
  endfacet
  facet normal 0.24373 -0.969843 0
    outer loop
      vertex -1.4961 -1.51962 0
      vertex -1.49419 -1.51914 0.799999
      vertex -1.4961 -1.51962 0.799999
    endloop
  endfacet
  facet normal 0.24373 -0.969843 0
    outer loop
      vertex -1.49419 -1.51914 0.799999
      vertex -1.4961 -1.51962 0
      vertex -1.49419 -1.51914 0
    endloop
  endfacet
  facet normal -0.67318 0.739478 0
    outer loop
      vertex -1.51269 -1.48454 0
      vertex -1.51414 -1.48586 0.799999
      vertex -1.51269 -1.48454 0.799999
    endloop
  endfacet
  facet normal -0.67318 0.739478 0
    outer loop
      vertex -1.51414 -1.48586 0.799999
      vertex -1.51269 -1.48454 0
      vertex -1.51414 -1.48586 0
    endloop
  endfacet
  facet normal -0.595106 -0.803647 0
    outer loop
      vertex -1.51269 -1.51546 0
      vertex -1.51111 -1.51663 0.799999
      vertex -1.51269 -1.51546 0.799999
    endloop
  endfacet
  facet normal -0.595106 -0.803647 -0
    outer loop
      vertex -1.51111 -1.51663 0.799999
      vertex -1.51269 -1.51546 0
      vertex -1.51111 -1.51663 0
    endloop
  endfacet
  facet normal -0.941278 -0.337632 0
    outer loop
      vertex -1.51848 -1.50765 0
      vertex -1.51914 -1.50581 0.799999
      vertex -1.51914 -1.50581 0
    endloop
  endfacet
  facet normal -0.941278 -0.337632 0
    outer loop
      vertex -1.51914 -1.50581 0.799999
      vertex -1.51848 -1.50765 0
      vertex -1.51848 -1.50765 0.799999
    endloop
  endfacet
  facet normal -0.67318 -0.739478 0
    outer loop
      vertex -1.51414 -1.51414 0
      vertex -1.51269 -1.51546 0.799999
      vertex -1.51414 -1.51414 0.799999
    endloop
  endfacet
  facet normal -0.67318 -0.739478 -0
    outer loop
      vertex -1.51269 -1.51546 0.799999
      vertex -1.51414 -1.51414 0
      vertex -1.51269 -1.51546 0
    endloop
  endfacet
  facet normal -0.998701 -0.0509541 0
    outer loop
      vertex -1.5199 -1.50196 0
      vertex -1.52 -1.5 0.799999
      vertex -1.52 -1.5 0
    endloop
  endfacet
  facet normal -0.998701 -0.0509541 0
    outer loop
      vertex -1.52 -1.5 0.799999
      vertex -1.5199 -1.50196 0
      vertex -1.5199 -1.50196 0.799999
    endloop
  endfacet
  facet normal 0.0509541 -0.998701 0
    outer loop
      vertex -1.5 -1.52 0
      vertex -1.49804 -1.5199 0.799999
      vertex -1.5 -1.52 0.799999
    endloop
  endfacet
  facet normal 0.0509541 -0.998701 0
    outer loop
      vertex -1.49804 -1.5199 0.799999
      vertex -1.5 -1.52 0
      vertex -1.49804 -1.5199 0
    endloop
  endfacet
  facet normal -0.969843 0.24373 0
    outer loop
      vertex -1.51962 -1.4961 0
      vertex -1.51914 -1.49419 0.799999
      vertex -1.51914 -1.49419 0
    endloop
  endfacet
  facet normal -0.969843 0.24373 0
    outer loop
      vertex -1.51914 -1.49419 0.799999
      vertex -1.51962 -1.4961 0
      vertex -1.51962 -1.4961 0.799999
    endloop
  endfacet
  facet normal 0.24373 0.969843 -0
    outer loop
      vertex -1.49419 -1.48086 0
      vertex -1.4961 -1.48038 0.799999
      vertex -1.49419 -1.48086 0.799999
    endloop
  endfacet
  facet normal 0.24373 0.969843 0
    outer loop
      vertex -1.4961 -1.48038 0.799999
      vertex -1.49419 -1.48086 0
      vertex -1.4961 -1.48038 0
    endloop
  endfacet
  facet normal -0.857042 -0.515246 0
    outer loop
      vertex -1.51663 -1.51111 0
      vertex -1.51764 -1.50943 0.799999
      vertex -1.51764 -1.50943 0
    endloop
  endfacet
  facet normal -0.857042 -0.515246 0
    outer loop
      vertex -1.51764 -1.50943 0.799999
      vertex -1.51663 -1.51111 0
      vertex -1.51663 -1.51111 0.799999
    endloop
  endfacet
  facet normal -0.803647 0.595106 0
    outer loop
      vertex -1.51663 -1.48889 0
      vertex -1.51546 -1.48731 0.799999
      vertex -1.51546 -1.48731 0
    endloop
  endfacet
  facet normal -0.803647 0.595106 0
    outer loop
      vertex -1.51546 -1.48731 0.799999
      vertex -1.51663 -1.48889 0
      vertex -1.51663 -1.48889 0.799999
    endloop
  endfacet
  facet normal 0.67318 -0.739478 0
    outer loop
      vertex -1.48731 -1.51546 0
      vertex -1.48586 -1.51414 0.799999
      vertex -1.48731 -1.51546 0.799999
    endloop
  endfacet
  facet normal 0.67318 -0.739478 0
    outer loop
      vertex -1.48586 -1.51414 0.799999
      vertex -1.48731 -1.51546 0
      vertex -1.48586 -1.51414 0
    endloop
  endfacet
  facet normal 0.337632 0.941278 -0
    outer loop
      vertex -1.49235 -1.48152 0
      vertex -1.49419 -1.48086 0.799999
      vertex -1.49235 -1.48152 0.799999
    endloop
  endfacet
  facet normal 0.337632 0.941278 0
    outer loop
      vertex -1.49419 -1.48086 0.799999
      vertex -1.49235 -1.48152 0
      vertex -1.49419 -1.48086 0
    endloop
  endfacet
  facet normal -0.989744 0.14285 0
    outer loop
      vertex -1.5199 -1.49804 0
      vertex -1.51962 -1.4961 0.799999
      vertex -1.51962 -1.4961 0
    endloop
  endfacet
  facet normal -0.989744 0.14285 0
    outer loop
      vertex -1.51962 -1.4961 0.799999
      vertex -1.5199 -1.49804 0
      vertex -1.5199 -1.49804 0.799999
    endloop
  endfacet
  facet normal 0.739478 -0.67318 0
    outer loop
      vertex -1.48586 -1.51414 0.799999
      vertex -1.48454 -1.51269 0
      vertex -1.48454 -1.51269 0.799999
    endloop
  endfacet
  facet normal 0.739478 -0.67318 0
    outer loop
      vertex -1.48454 -1.51269 0
      vertex -1.48586 -1.51414 0.799999
      vertex -1.48586 -1.51414 0
    endloop
  endfacet
  facet normal -0.904358 -0.426775 0
    outer loop
      vertex -1.51764 -1.50943 0
      vertex -1.51848 -1.50765 0.799999
      vertex -1.51848 -1.50765 0
    endloop
  endfacet
  facet normal -0.904358 -0.426775 0
    outer loop
      vertex -1.51848 -1.50765 0.799999
      vertex -1.51764 -1.50943 0
      vertex -1.51764 -1.50943 0.799999
    endloop
  endfacet
  facet normal -0.14285 -0.989744 0
    outer loop
      vertex -1.5039 -1.51962 0
      vertex -1.50196 -1.5199 0.799999
      vertex -1.5039 -1.51962 0.799999
    endloop
  endfacet
  facet normal -0.14285 -0.989744 -0
    outer loop
      vertex -1.50196 -1.5199 0.799999
      vertex -1.5039 -1.51962 0
      vertex -1.50196 -1.5199 0
    endloop
  endfacet
  facet normal 0.989744 0.14285 0
    outer loop
      vertex -1.4801 1.50196 0.799999
      vertex -1.48038 1.5039 0
      vertex -1.48038 1.5039 0.799999
    endloop
  endfacet
  facet normal 0.989744 0.14285 0
    outer loop
      vertex -1.48038 1.5039 0
      vertex -1.4801 1.50196 0.799999
      vertex -1.4801 1.50196 0
    endloop
  endfacet
  facet normal 0.998701 0.0509541 0
    outer loop
      vertex -1.48 1.5 0.799999
      vertex -1.4801 1.50196 0
      vertex -1.4801 1.50196 0.799999
    endloop
  endfacet
  facet normal 0.998701 0.0509541 0
    outer loop
      vertex -1.4801 1.50196 0
      vertex -1.48 1.5 0.799999
      vertex -1.48 1.5 0
    endloop
  endfacet
  facet normal 0.969843 0.24373 0
    outer loop
      vertex -1.48038 1.5039 0.799999
      vertex -1.48086 1.50581 0
      vertex -1.48086 1.50581 0.799999
    endloop
  endfacet
  facet normal 0.969843 0.24373 0
    outer loop
      vertex -1.48086 1.50581 0
      vertex -1.48038 1.5039 0.799999
      vertex -1.48038 1.5039 0
    endloop
  endfacet
  facet normal -0.24373 0.969843 0
    outer loop
      vertex -1.5039 1.51962 0
      vertex -1.50581 1.51914 0.799999
      vertex -1.5039 1.51962 0.799999
    endloop
  endfacet
  facet normal -0.24373 0.969843 0
    outer loop
      vertex -1.50581 1.51914 0.799999
      vertex -1.5039 1.51962 0
      vertex -1.50581 1.51914 0
    endloop
  endfacet
  facet normal -0.904358 -0.426775 0
    outer loop
      vertex -1.51764 1.49057 0
      vertex -1.51848 1.49235 0.799999
      vertex -1.51848 1.49235 0
    endloop
  endfacet
  facet normal -0.904358 -0.426775 0
    outer loop
      vertex -1.51848 1.49235 0.799999
      vertex -1.51764 1.49057 0
      vertex -1.51764 1.49057 0.799999
    endloop
  endfacet
  facet normal -0.24373 -0.969843 0
    outer loop
      vertex -1.50581 1.48086 0
      vertex -1.5039 1.48038 0.799999
      vertex -1.50581 1.48086 0.799999
    endloop
  endfacet
  facet normal -0.24373 -0.969843 -0
    outer loop
      vertex -1.5039 1.48038 0.799999
      vertex -1.50581 1.48086 0
      vertex -1.5039 1.48038 0
    endloop
  endfacet
  facet normal 0.515246 -0.857042 0
    outer loop
      vertex -1.49057 1.48236 0
      vertex -1.48889 1.48337 0.799999
      vertex -1.49057 1.48236 0.799999
    endloop
  endfacet
  facet normal 0.515246 -0.857042 0
    outer loop
      vertex -1.48889 1.48337 0.799999
      vertex -1.49057 1.48236 0
      vertex -1.48889 1.48337 0
    endloop
  endfacet
  facet normal -0.337632 -0.941278 0
    outer loop
      vertex -1.50765 1.48152 0
      vertex -1.50581 1.48086 0.799999
      vertex -1.50765 1.48152 0.799999
    endloop
  endfacet
  facet normal -0.337632 -0.941278 -0
    outer loop
      vertex -1.50581 1.48086 0.799999
      vertex -1.50765 1.48152 0
      vertex -1.50581 1.48086 0
    endloop
  endfacet
  facet normal 0.337632 -0.941278 0
    outer loop
      vertex -1.49419 1.48086 0
      vertex -1.49235 1.48152 0.799999
      vertex -1.49419 1.48086 0.799999
    endloop
  endfacet
  facet normal 0.337632 -0.941278 0
    outer loop
      vertex -1.49235 1.48152 0.799999
      vertex -1.49419 1.48086 0
      vertex -1.49235 1.48152 0
    endloop
  endfacet
  facet normal -0.67318 0.739478 0
    outer loop
      vertex -1.51269 1.51546 0
      vertex -1.51414 1.51414 0.799999
      vertex -1.51269 1.51546 0.799999
    endloop
  endfacet
  facet normal -0.67318 0.739478 0
    outer loop
      vertex -1.51414 1.51414 0.799999
      vertex -1.51269 1.51546 0
      vertex -1.51414 1.51414 0
    endloop
  endfacet
  facet normal 0.24373 -0.969843 0
    outer loop
      vertex -1.4961 1.48038 0
      vertex -1.49419 1.48086 0.799999
      vertex -1.4961 1.48038 0.799999
    endloop
  endfacet
  facet normal 0.24373 -0.969843 0
    outer loop
      vertex -1.49419 1.48086 0.799999
      vertex -1.4961 1.48038 0
      vertex -1.49419 1.48086 0
    endloop
  endfacet
  facet normal -0.857042 0.515246 0
    outer loop
      vertex -1.51764 1.50943 0
      vertex -1.51663 1.51111 0.799999
      vertex -1.51663 1.51111 0
    endloop
  endfacet
  facet normal -0.857042 0.515246 0
    outer loop
      vertex -1.51663 1.51111 0.799999
      vertex -1.51764 1.50943 0
      vertex -1.51764 1.50943 0.799999
    endloop
  endfacet
  facet normal -0.989744 0.14285 0
    outer loop
      vertex -1.5199 1.50196 0
      vertex -1.51962 1.5039 0.799999
      vertex -1.51962 1.5039 0
    endloop
  endfacet
  facet normal -0.989744 0.14285 0
    outer loop
      vertex -1.51962 1.5039 0.799999
      vertex -1.5199 1.50196 0
      vertex -1.5199 1.50196 0.799999
    endloop
  endfacet
  facet normal 0.904358 0.426775 0
    outer loop
      vertex -1.48152 1.50765 0.799999
      vertex -1.48236 1.50943 0
      vertex -1.48236 1.50943 0.799999
    endloop
  endfacet
  facet normal 0.904358 0.426775 0
    outer loop
      vertex -1.48236 1.50943 0
      vertex -1.48152 1.50765 0.799999
      vertex -1.48152 1.50765 0
    endloop
  endfacet
  facet normal 0.803647 -0.595106 0
    outer loop
      vertex -1.48454 1.48731 0.799999
      vertex -1.48337 1.48889 0
      vertex -1.48337 1.48889 0.799999
    endloop
  endfacet
  facet normal 0.803647 -0.595106 0
    outer loop
      vertex -1.48337 1.48889 0
      vertex -1.48454 1.48731 0.799999
      vertex -1.48454 1.48731 0
    endloop
  endfacet
  facet normal -0.595106 0.803647 0
    outer loop
      vertex -1.51111 1.51663 0
      vertex -1.51269 1.51546 0.799999
      vertex -1.51111 1.51663 0.799999
    endloop
  endfacet
  facet normal -0.595106 0.803647 0
    outer loop
      vertex -1.51269 1.51546 0.799999
      vertex -1.51111 1.51663 0
      vertex -1.51269 1.51546 0
    endloop
  endfacet
  facet normal 0.595106 0.803647 -0
    outer loop
      vertex -1.48731 1.51546 0
      vertex -1.48889 1.51663 0.799999
      vertex -1.48731 1.51546 0.799999
    endloop
  endfacet
  facet normal 0.595106 0.803647 0
    outer loop
      vertex -1.48889 1.51663 0.799999
      vertex -1.48731 1.51546 0
      vertex -1.48889 1.51663 0
    endloop
  endfacet
  facet normal 0.14285 0.989744 -0
    outer loop
      vertex -1.4961 1.51962 0
      vertex -1.49804 1.5199 0.799999
      vertex -1.4961 1.51962 0.799999
    endloop
  endfacet
  facet normal 0.14285 0.989744 0
    outer loop
      vertex -1.49804 1.5199 0.799999
      vertex -1.4961 1.51962 0
      vertex -1.49804 1.5199 0
    endloop
  endfacet
  facet normal 0.803647 0.595106 0
    outer loop
      vertex -1.48337 1.51111 0.799999
      vertex -1.48454 1.51269 0
      vertex -1.48454 1.51269 0.799999
    endloop
  endfacet
  facet normal 0.803647 0.595106 0
    outer loop
      vertex -1.48454 1.51269 0
      vertex -1.48337 1.51111 0.799999
      vertex -1.48337 1.51111 0
    endloop
  endfacet
  facet normal -0.515246 0.857042 0
    outer loop
      vertex -1.50943 1.51764 0
      vertex -1.51111 1.51663 0.799999
      vertex -1.50943 1.51764 0.799999
    endloop
  endfacet
  facet normal -0.515246 0.857042 0
    outer loop
      vertex -1.51111 1.51663 0.799999
      vertex -1.50943 1.51764 0
      vertex -1.51111 1.51663 0
    endloop
  endfacet
  facet normal 0.515246 0.857042 -0
    outer loop
      vertex -1.48889 1.51663 0
      vertex -1.49057 1.51764 0.799999
      vertex -1.48889 1.51663 0.799999
    endloop
  endfacet
  facet normal 0.515246 0.857042 0
    outer loop
      vertex -1.49057 1.51764 0.799999
      vertex -1.48889 1.51663 0
      vertex -1.49057 1.51764 0
    endloop
  endfacet
  facet normal 0.67318 0.739478 -0
    outer loop
      vertex -1.48586 1.51414 0
      vertex -1.48731 1.51546 0.799999
      vertex -1.48586 1.51414 0.799999
    endloop
  endfacet
  facet normal 0.67318 0.739478 0
    outer loop
      vertex -1.48731 1.51546 0.799999
      vertex -1.48586 1.51414 0
      vertex -1.48731 1.51546 0
    endloop
  endfacet
  facet normal -0.941278 -0.337632 0
    outer loop
      vertex -1.51848 1.49235 0
      vertex -1.51914 1.49419 0.799999
      vertex -1.51914 1.49419 0
    endloop
  endfacet
  facet normal -0.941278 -0.337632 0
    outer loop
      vertex -1.51914 1.49419 0.799999
      vertex -1.51848 1.49235 0
      vertex -1.51848 1.49235 0.799999
    endloop
  endfacet
  facet normal 0.998701 -0.0509541 0
    outer loop
      vertex -1.4801 1.49804 0.799999
      vertex -1.48 1.5 0
      vertex -1.48 1.5 0.799999
    endloop
  endfacet
  facet normal 0.998701 -0.0509541 0
    outer loop
      vertex -1.48 1.5 0
      vertex -1.4801 1.49804 0.799999
      vertex -1.4801 1.49804 0
    endloop
  endfacet
  facet normal -0.426775 0.904358 0
    outer loop
      vertex -1.50765 1.51848 0
      vertex -1.50943 1.51764 0.799999
      vertex -1.50765 1.51848 0.799999
    endloop
  endfacet
  facet normal -0.426775 0.904358 0
    outer loop
      vertex -1.50943 1.51764 0.799999
      vertex -1.50765 1.51848 0
      vertex -1.50943 1.51764 0
    endloop
  endfacet
  facet normal 0.904358 -0.426775 0
    outer loop
      vertex -1.48236 1.49057 0.799999
      vertex -1.48152 1.49235 0
      vertex -1.48152 1.49235 0.799999
    endloop
  endfacet
  facet normal 0.904358 -0.426775 0
    outer loop
      vertex -1.48152 1.49235 0
      vertex -1.48236 1.49057 0.799999
      vertex -1.48236 1.49057 0
    endloop
  endfacet
  facet normal -0.595106 -0.803647 0
    outer loop
      vertex -1.51269 1.48454 0
      vertex -1.51111 1.48337 0.799999
      vertex -1.51269 1.48454 0.799999
    endloop
  endfacet
  facet normal -0.595106 -0.803647 -0
    outer loop
      vertex -1.51111 1.48337 0.799999
      vertex -1.51269 1.48454 0
      vertex -1.51111 1.48337 0
    endloop
  endfacet
  facet normal -0.803647 0.595106 0
    outer loop
      vertex -1.51663 1.51111 0
      vertex -1.51546 1.51269 0.799999
      vertex -1.51546 1.51269 0
    endloop
  endfacet
  facet normal -0.803647 0.595106 0
    outer loop
      vertex -1.51546 1.51269 0.799999
      vertex -1.51663 1.51111 0
      vertex -1.51663 1.51111 0.799999
    endloop
  endfacet
  facet normal -0.941278 0.337632 0
    outer loop
      vertex -1.51914 1.50581 0
      vertex -1.51848 1.50765 0.799999
      vertex -1.51848 1.50765 0
    endloop
  endfacet
  facet normal -0.941278 0.337632 0
    outer loop
      vertex -1.51848 1.50765 0.799999
      vertex -1.51914 1.50581 0
      vertex -1.51914 1.50581 0.799999
    endloop
  endfacet
  facet normal 0.941278 0.337632 0
    outer loop
      vertex -1.48086 1.50581 0.799999
      vertex -1.48152 1.50765 0
      vertex -1.48152 1.50765 0.799999
    endloop
  endfacet
  facet normal 0.941278 0.337632 0
    outer loop
      vertex -1.48152 1.50765 0
      vertex -1.48086 1.50581 0.799999
      vertex -1.48086 1.50581 0
    endloop
  endfacet
  facet normal 0.857042 0.515246 0
    outer loop
      vertex -1.48236 1.50943 0.799999
      vertex -1.48337 1.51111 0
      vertex -1.48337 1.51111 0.799999
    endloop
  endfacet
  facet normal 0.857042 0.515246 0
    outer loop
      vertex -1.48337 1.51111 0
      vertex -1.48236 1.50943 0.799999
      vertex -1.48236 1.50943 0
    endloop
  endfacet
  facet normal 0 0 1
    outer loop
      vertex -1.4801 1.50196 0.799999
      vertex -1.4801 1.49804 0.799999
      vertex -1.48 1.5 0.799999
    endloop
  endfacet
  facet normal 0 0 1
    outer loop
      vertex -1.48038 1.5039 0.799999
      vertex -1.4801 1.49804 0.799999
      vertex -1.4801 1.50196 0.799999
    endloop
  endfacet
  facet normal 0 0 1
    outer loop
      vertex -1.48038 1.5039 0.799999
      vertex -1.48038 1.4961 0.799999
      vertex -1.4801 1.49804 0.799999
    endloop
  endfacet
  facet normal 0 0 1
    outer loop
      vertex -1.48086 1.50581 0.799999
      vertex -1.48038 1.4961 0.799999
      vertex -1.48038 1.5039 0.799999
    endloop
  endfacet
  facet normal 0 0 1
    outer loop
      vertex -1.48086 1.50581 0.799999
      vertex -1.48086 1.49419 0.799999
      vertex -1.48038 1.4961 0.799999
    endloop
  endfacet
  facet normal 0 0 1
    outer loop
      vertex -1.48152 1.50765 0.799999
      vertex -1.48086 1.49419 0.799999
      vertex -1.48086 1.50581 0.799999
    endloop
  endfacet
  facet normal 0 0 1
    outer loop
      vertex -1.48152 1.50765 0.799999
      vertex -1.48152 1.49235 0.799999
      vertex -1.48086 1.49419 0.799999
    endloop
  endfacet
  facet normal 0 0 1
    outer loop
      vertex -1.48236 1.50943 0.799999
      vertex -1.48152 1.49235 0.799999
      vertex -1.48152 1.50765 0.799999
    endloop
  endfacet
  facet normal 0 0 1
    outer loop
      vertex -1.48236 1.50943 0.799999
      vertex -1.48236 1.49057 0.799999
      vertex -1.48152 1.49235 0.799999
    endloop
  endfacet
  facet normal 0 0 1
    outer loop
      vertex -1.48337 1.51111 0.799999
      vertex -1.48236 1.49057 0.799999
      vertex -1.48236 1.50943 0.799999
    endloop
  endfacet
  facet normal 0 0 1
    outer loop
      vertex -1.48337 1.51111 0.799999
      vertex -1.48337 1.48889 0.799999
      vertex -1.48236 1.49057 0.799999
    endloop
  endfacet
  facet normal 0 0 1
    outer loop
      vertex -1.48454 1.51269 0.799999
      vertex -1.48337 1.48889 0.799999
      vertex -1.48337 1.51111 0.799999
    endloop
  endfacet
  facet normal 0 0 1
    outer loop
      vertex -1.48454 1.51269 0.799999
      vertex -1.48454 1.48731 0.799999
      vertex -1.48337 1.48889 0.799999
    endloop
  endfacet
  facet normal 0 0 1
    outer loop
      vertex -1.48586 1.51414 0.799999
      vertex -1.48454 1.48731 0.799999
      vertex -1.48454 1.51269 0.799999
    endloop
  endfacet
  facet normal 0 0 1
    outer loop
      vertex -1.48586 1.51414 0.799999
      vertex -1.48586 1.48586 0.799999
      vertex -1.48454 1.48731 0.799999
    endloop
  endfacet
  facet normal 0 0 1
    outer loop
      vertex -1.48731 1.51546 0.799999
      vertex -1.48586 1.48586 0.799999
      vertex -1.48586 1.51414 0.799999
    endloop
  endfacet
  facet normal 0 0 1
    outer loop
      vertex -1.48731 1.51546 0.799999
      vertex -1.48731 1.48454 0.799999
      vertex -1.48586 1.48586 0.799999
    endloop
  endfacet
  facet normal 0 0 1
    outer loop
      vertex -1.48889 1.51663 0.799999
      vertex -1.48731 1.48454 0.799999
      vertex -1.48731 1.51546 0.799999
    endloop
  endfacet
  facet normal 0 0 1
    outer loop
      vertex -1.48889 1.51663 0.799999
      vertex -1.48889 1.48337 0.799999
      vertex -1.48731 1.48454 0.799999
    endloop
  endfacet
  facet normal 0 0 1
    outer loop
      vertex -1.49057 1.51764 0.799999
      vertex -1.48889 1.48337 0.799999
      vertex -1.48889 1.51663 0.799999
    endloop
  endfacet
  facet normal 0 0 1
    outer loop
      vertex -1.49057 1.51764 0.799999
      vertex -1.49057 1.48236 0.799999
      vertex -1.48889 1.48337 0.799999
    endloop
  endfacet
  facet normal 0 0 1
    outer loop
      vertex -1.49235 1.51848 0.799999
      vertex -1.49057 1.48236 0.799999
      vertex -1.49057 1.51764 0.799999
    endloop
  endfacet
  facet normal 0 0 1
    outer loop
      vertex -1.49235 1.51848 0.799999
      vertex -1.49235 1.48152 0.799999
      vertex -1.49057 1.48236 0.799999
    endloop
  endfacet
  facet normal 0 0 1
    outer loop
      vertex -1.49419 1.51914 0.799999
      vertex -1.49235 1.48152 0.799999
      vertex -1.49235 1.51848 0.799999
    endloop
  endfacet
  facet normal 0 0 1
    outer loop
      vertex -1.49419 1.51914 0.799999
      vertex -1.49419 1.48086 0.799999
      vertex -1.49235 1.48152 0.799999
    endloop
  endfacet
  facet normal 0 0 1
    outer loop
      vertex -1.4961 1.51962 0.799999
      vertex -1.49419 1.48086 0.799999
      vertex -1.49419 1.51914 0.799999
    endloop
  endfacet
  facet normal 0 0 1
    outer loop
      vertex -1.4961 1.51962 0.799999
      vertex -1.4961 1.48038 0.799999
      vertex -1.49419 1.48086 0.799999
    endloop
  endfacet
  facet normal 0 0 1
    outer loop
      vertex -1.49804 1.5199 0.799999
      vertex -1.4961 1.48038 0.799999
      vertex -1.4961 1.51962 0.799999
    endloop
  endfacet
  facet normal 0 0 1
    outer loop
      vertex -1.49804 1.5199 0.799999
      vertex -1.49804 1.4801 0.799999
      vertex -1.4961 1.48038 0.799999
    endloop
  endfacet
  facet normal 0 0 1
    outer loop
      vertex -1.5 1.52 0.799999
      vertex -1.49804 1.4801 0.799999
      vertex -1.49804 1.5199 0.799999
    endloop
  endfacet
  facet normal 0 0 1
    outer loop
      vertex -1.5 1.52 0.799999
      vertex -1.5 1.48 0.799999
      vertex -1.49804 1.4801 0.799999
    endloop
  endfacet
  facet normal -0 0 1
    outer loop
      vertex -1.50196 1.5199 0.799999
      vertex -1.5 1.48 0.799999
      vertex -1.5 1.52 0.799999
    endloop
  endfacet
  facet normal 0 0 1
    outer loop
      vertex -1.50196 1.5199 0.799999
      vertex -1.50196 1.4801 0.799999
      vertex -1.5 1.48 0.799999
    endloop
  endfacet
  facet normal -0 0 1
    outer loop
      vertex -1.5039 1.51962 0.799999
      vertex -1.50196 1.4801 0.799999
      vertex -1.50196 1.5199 0.799999
    endloop
  endfacet
  facet normal 0 0 1
    outer loop
      vertex -1.5039 1.51962 0.799999
      vertex -1.5039 1.48038 0.799999
      vertex -1.50196 1.4801 0.799999
    endloop
  endfacet
  facet normal -0 0 1
    outer loop
      vertex -1.50581 1.51914 0.799999
      vertex -1.5039 1.48038 0.799999
      vertex -1.5039 1.51962 0.799999
    endloop
  endfacet
  facet normal 0 0 1
    outer loop
      vertex -1.50581 1.51914 0.799999
      vertex -1.50581 1.48086 0.799999
      vertex -1.5039 1.48038 0.799999
    endloop
  endfacet
  facet normal -0 0 1
    outer loop
      vertex -1.50765 1.51848 0.799999
      vertex -1.50581 1.48086 0.799999
      vertex -1.50581 1.51914 0.799999
    endloop
  endfacet
  facet normal 0 0 1
    outer loop
      vertex -1.50765 1.51848 0.799999
      vertex -1.50765 1.48152 0.799999
      vertex -1.50581 1.48086 0.799999
    endloop
  endfacet
  facet normal -0 0 1
    outer loop
      vertex -1.50943 1.51764 0.799999
      vertex -1.50765 1.48152 0.799999
      vertex -1.50765 1.51848 0.799999
    endloop
  endfacet
  facet normal 0 0 1
    outer loop
      vertex -1.50943 1.51764 0.799999
      vertex -1.50943 1.48236 0.799999
      vertex -1.50765 1.48152 0.799999
    endloop
  endfacet
  facet normal -0 0 1
    outer loop
      vertex -1.51111 1.51663 0.799999
      vertex -1.50943 1.48236 0.799999
      vertex -1.50943 1.51764 0.799999
    endloop
  endfacet
  facet normal 0 0 1
    outer loop
      vertex -1.51111 1.51663 0.799999
      vertex -1.51111 1.48337 0.799999
      vertex -1.50943 1.48236 0.799999
    endloop
  endfacet
  facet normal -0 0 1
    outer loop
      vertex -1.51269 1.51546 0.799999
      vertex -1.51111 1.48337 0.799999
      vertex -1.51111 1.51663 0.799999
    endloop
  endfacet
  facet normal 0 0 1
    outer loop
      vertex -1.51269 1.51546 0.799999
      vertex -1.51269 1.48454 0.799999
      vertex -1.51111 1.48337 0.799999
    endloop
  endfacet
  facet normal -0 0 1
    outer loop
      vertex -1.51414 1.51414 0.799999
      vertex -1.51269 1.48454 0.799999
      vertex -1.51269 1.51546 0.799999
    endloop
  endfacet
  facet normal 0 0 1
    outer loop
      vertex -1.51414 1.51414 0.799999
      vertex -1.51414 1.48586 0.799999
      vertex -1.51269 1.48454 0.799999
    endloop
  endfacet
  facet normal -0 0 1
    outer loop
      vertex -1.51546 1.51269 0.799999
      vertex -1.51414 1.48586 0.799999
      vertex -1.51414 1.51414 0.799999
    endloop
  endfacet
  facet normal 0 0 1
    outer loop
      vertex -1.51546 1.51269 0.799999
      vertex -1.51546 1.48731 0.799999
      vertex -1.51414 1.48586 0.799999
    endloop
  endfacet
  facet normal -0 0 1
    outer loop
      vertex -1.51663 1.51111 0.799999
      vertex -1.51546 1.48731 0.799999
      vertex -1.51546 1.51269 0.799999
    endloop
  endfacet
  facet normal 0 0 1
    outer loop
      vertex -1.51663 1.51111 0.799999
      vertex -1.51663 1.48889 0.799999
      vertex -1.51546 1.48731 0.799999
    endloop
  endfacet
  facet normal -0 0 1
    outer loop
      vertex -1.51764 1.50943 0.799999
      vertex -1.51663 1.48889 0.799999
      vertex -1.51663 1.51111 0.799999
    endloop
  endfacet
  facet normal 0 0 1
    outer loop
      vertex -1.51764 1.50943 0.799999
      vertex -1.51764 1.49057 0.799999
      vertex -1.51663 1.48889 0.799999
    endloop
  endfacet
  facet normal -0 0 1
    outer loop
      vertex -1.51848 1.50765 0.799999
      vertex -1.51764 1.49057 0.799999
      vertex -1.51764 1.50943 0.799999
    endloop
  endfacet
  facet normal 0 0 1
    outer loop
      vertex -1.51848 1.50765 0.799999
      vertex -1.51848 1.49235 0.799999
      vertex -1.51764 1.49057 0.799999
    endloop
  endfacet
  facet normal -0 0 1
    outer loop
      vertex -1.51914 1.50581 0.799999
      vertex -1.51848 1.49235 0.799999
      vertex -1.51848 1.50765 0.799999
    endloop
  endfacet
  facet normal 0 0 1
    outer loop
      vertex -1.51914 1.50581 0.799999
      vertex -1.51914 1.49419 0.799999
      vertex -1.51848 1.49235 0.799999
    endloop
  endfacet
  facet normal -0 0 1
    outer loop
      vertex -1.51962 1.5039 0.799999
      vertex -1.51914 1.49419 0.799999
      vertex -1.51914 1.50581 0.799999
    endloop
  endfacet
  facet normal 0 0 1
    outer loop
      vertex -1.51962 1.5039 0.799999
      vertex -1.51962 1.4961 0.799999
      vertex -1.51914 1.49419 0.799999
    endloop
  endfacet
  facet normal -0 0 1
    outer loop
      vertex -1.5199 1.50196 0.799999
      vertex -1.51962 1.4961 0.799999
      vertex -1.51962 1.5039 0.799999
    endloop
  endfacet
  facet normal 0 0 1
    outer loop
      vertex -1.5199 1.50196 0.799999
      vertex -1.5199 1.49804 0.799999
      vertex -1.51962 1.4961 0.799999
    endloop
  endfacet
  facet normal 0 -0 1
    outer loop
      vertex -1.5199 1.49804 0.799999
      vertex -1.5199 1.50196 0.799999
      vertex -1.52 1.5 0.799999
    endloop
  endfacet
  facet normal -0.67318 -0.739478 0
    outer loop
      vertex -1.51414 1.48586 0
      vertex -1.51269 1.48454 0.799999
      vertex -1.51414 1.48586 0.799999
    endloop
  endfacet
  facet normal -0.67318 -0.739478 -0
    outer loop
      vertex -1.51269 1.48454 0.799999
      vertex -1.51414 1.48586 0
      vertex -1.51269 1.48454 0
    endloop
  endfacet
  facet normal 0.969843 -0.24373 0
    outer loop
      vertex -1.48086 1.49419 0.799999
      vertex -1.48038 1.4961 0
      vertex -1.48038 1.4961 0.799999
    endloop
  endfacet
  facet normal 0.969843 -0.24373 0
    outer loop
      vertex -1.48038 1.4961 0
      vertex -1.48086 1.49419 0.799999
      vertex -1.48086 1.49419 0
    endloop
  endfacet
  facet normal 0.989744 -0.14285 0
    outer loop
      vertex -1.48038 1.4961 0.799999
      vertex -1.4801 1.49804 0
      vertex -1.4801 1.49804 0.799999
    endloop
  endfacet
  facet normal 0.989744 -0.14285 0
    outer loop
      vertex -1.4801 1.49804 0
      vertex -1.48038 1.4961 0.799999
      vertex -1.48038 1.4961 0
    endloop
  endfacet
  facet normal -0.515246 -0.857042 0
    outer loop
      vertex -1.51111 1.48337 0
      vertex -1.50943 1.48236 0.799999
      vertex -1.51111 1.48337 0.799999
    endloop
  endfacet
  facet normal -0.515246 -0.857042 -0
    outer loop
      vertex -1.50943 1.48236 0.799999
      vertex -1.51111 1.48337 0
      vertex -1.50943 1.48236 0
    endloop
  endfacet
  facet normal 0.337632 0.941278 -0
    outer loop
      vertex -1.49235 1.51848 0
      vertex -1.49419 1.51914 0.799999
      vertex -1.49235 1.51848 0.799999
    endloop
  endfacet
  facet normal 0.337632 0.941278 0
    outer loop
      vertex -1.49419 1.51914 0.799999
      vertex -1.49235 1.51848 0
      vertex -1.49419 1.51914 0
    endloop
  endfacet
  facet normal -0.337632 0.941278 0
    outer loop
      vertex -1.50581 1.51914 0
      vertex -1.50765 1.51848 0.799999
      vertex -1.50581 1.51914 0.799999
    endloop
  endfacet
  facet normal -0.337632 0.941278 0
    outer loop
      vertex -1.50765 1.51848 0.799999
      vertex -1.50581 1.51914 0
      vertex -1.50765 1.51848 0
    endloop
  endfacet
  facet normal 0.14285 -0.989744 0
    outer loop
      vertex -1.49804 1.4801 0
      vertex -1.4961 1.48038 0.799999
      vertex -1.49804 1.4801 0.799999
    endloop
  endfacet
  facet normal 0.14285 -0.989744 0
    outer loop
      vertex -1.4961 1.48038 0.799999
      vertex -1.49804 1.4801 0
      vertex -1.4961 1.48038 0
    endloop
  endfacet
  facet normal 0.857042 -0.515246 0
    outer loop
      vertex -1.48337 1.48889 0.799999
      vertex -1.48236 1.49057 0
      vertex -1.48236 1.49057 0.799999
    endloop
  endfacet
  facet normal 0.857042 -0.515246 0
    outer loop
      vertex -1.48236 1.49057 0
      vertex -1.48337 1.48889 0.799999
      vertex -1.48337 1.48889 0
    endloop
  endfacet
  facet normal -0.0509541 0.998701 0
    outer loop
      vertex -1.5 1.52 0
      vertex -1.50196 1.5199 0.799999
      vertex -1.5 1.52 0.799999
    endloop
  endfacet
  facet normal -0.0509541 0.998701 0
    outer loop
      vertex -1.50196 1.5199 0.799999
      vertex -1.5 1.52 0
      vertex -1.50196 1.5199 0
    endloop
  endfacet
  facet normal -0.998701 -0.0509541 0
    outer loop
      vertex -1.5199 1.49804 0
      vertex -1.52 1.5 0.799999
      vertex -1.52 1.5 0
    endloop
  endfacet
  facet normal -0.998701 -0.0509541 0
    outer loop
      vertex -1.52 1.5 0.799999
      vertex -1.5199 1.49804 0
      vertex -1.5199 1.49804 0.799999
    endloop
  endfacet
  facet normal 0.941278 -0.337632 0
    outer loop
      vertex -1.48152 1.49235 0.799999
      vertex -1.48086 1.49419 0
      vertex -1.48086 1.49419 0.799999
    endloop
  endfacet
  facet normal 0.941278 -0.337632 0
    outer loop
      vertex -1.48086 1.49419 0
      vertex -1.48152 1.49235 0.799999
      vertex -1.48152 1.49235 0
    endloop
  endfacet
  facet normal 0.426775 0.904358 -0
    outer loop
      vertex -1.49057 1.51764 0
      vertex -1.49235 1.51848 0.799999
      vertex -1.49057 1.51764 0.799999
    endloop
  endfacet
  facet normal 0.426775 0.904358 0
    outer loop
      vertex -1.49235 1.51848 0.799999
      vertex -1.49057 1.51764 0
      vertex -1.49235 1.51848 0
    endloop
  endfacet
  facet normal 0.739478 0.67318 0
    outer loop
      vertex -1.48454 1.51269 0.799999
      vertex -1.48586 1.51414 0
      vertex -1.48586 1.51414 0.799999
    endloop
  endfacet
  facet normal 0.739478 0.67318 0
    outer loop
      vertex -1.48586 1.51414 0
      vertex -1.48454 1.51269 0.799999
      vertex -1.48454 1.51269 0
    endloop
  endfacet
  facet normal 0.0509541 0.998701 -0
    outer loop
      vertex -1.49804 1.5199 0
      vertex -1.5 1.52 0.799999
      vertex -1.49804 1.5199 0.799999
    endloop
  endfacet
  facet normal 0.0509541 0.998701 0
    outer loop
      vertex -1.5 1.52 0.799999
      vertex -1.49804 1.5199 0
      vertex -1.5 1.52 0
    endloop
  endfacet
  facet normal -0.857042 -0.515246 0
    outer loop
      vertex -1.51663 1.48889 0
      vertex -1.51764 1.49057 0.799999
      vertex -1.51764 1.49057 0
    endloop
  endfacet
  facet normal -0.857042 -0.515246 0
    outer loop
      vertex -1.51764 1.49057 0.799999
      vertex -1.51663 1.48889 0
      vertex -1.51663 1.48889 0.799999
    endloop
  endfacet
  facet normal -0.14285 -0.989744 0
    outer loop
      vertex -1.5039 1.48038 0
      vertex -1.50196 1.4801 0.799999
      vertex -1.5039 1.48038 0.799999
    endloop
  endfacet
  facet normal -0.14285 -0.989744 -0
    outer loop
      vertex -1.50196 1.4801 0.799999
      vertex -1.5039 1.48038 0
      vertex -1.50196 1.4801 0
    endloop
  endfacet
  facet normal 0.67318 -0.739478 0
    outer loop
      vertex -1.48731 1.48454 0
      vertex -1.48586 1.48586 0.799999
      vertex -1.48731 1.48454 0.799999
    endloop
  endfacet
  facet normal 0.67318 -0.739478 0
    outer loop
      vertex -1.48586 1.48586 0.799999
      vertex -1.48731 1.48454 0
      vertex -1.48586 1.48586 0
    endloop
  endfacet
  facet normal -0.0509541 -0.998701 0
    outer loop
      vertex -1.50196 1.4801 0
      vertex -1.5 1.48 0.799999
      vertex -1.50196 1.4801 0.799999
    endloop
  endfacet
  facet normal -0.0509541 -0.998701 -0
    outer loop
      vertex -1.5 1.48 0.799999
      vertex -1.50196 1.4801 0
      vertex -1.5 1.48 0
    endloop
  endfacet
  facet normal -0.739478 0.67318 0
    outer loop
      vertex -1.51546 1.51269 0
      vertex -1.51414 1.51414 0.799999
      vertex -1.51414 1.51414 0
    endloop
  endfacet
  facet normal -0.739478 0.67318 0
    outer loop
      vertex -1.51414 1.51414 0.799999
      vertex -1.51546 1.51269 0
      vertex -1.51546 1.51269 0.799999
    endloop
  endfacet
  facet normal -0.14285 0.989744 0
    outer loop
      vertex -1.50196 1.5199 0
      vertex -1.5039 1.51962 0.799999
      vertex -1.50196 1.5199 0.799999
    endloop
  endfacet
  facet normal -0.14285 0.989744 0
    outer loop
      vertex -1.5039 1.51962 0.799999
      vertex -1.50196 1.5199 0
      vertex -1.5039 1.51962 0
    endloop
  endfacet
  facet normal -0.904358 0.426775 0
    outer loop
      vertex -1.51848 1.50765 0
      vertex -1.51764 1.50943 0.799999
      vertex -1.51764 1.50943 0
    endloop
  endfacet
  facet normal -0.904358 0.426775 0
    outer loop
      vertex -1.51764 1.50943 0.799999
      vertex -1.51848 1.50765 0
      vertex -1.51848 1.50765 0.799999
    endloop
  endfacet
  facet normal -0.969843 0.24373 0
    outer loop
      vertex -1.51962 1.5039 0
      vertex -1.51914 1.50581 0.799999
      vertex -1.51914 1.50581 0
    endloop
  endfacet
  facet normal -0.969843 0.24373 0
    outer loop
      vertex -1.51914 1.50581 0.799999
      vertex -1.51962 1.5039 0
      vertex -1.51962 1.5039 0.799999
    endloop
  endfacet
  facet normal 0.24373 0.969843 -0
    outer loop
      vertex -1.49419 1.51914 0
      vertex -1.4961 1.51962 0.799999
      vertex -1.49419 1.51914 0.799999
    endloop
  endfacet
  facet normal 0.24373 0.969843 0
    outer loop
      vertex -1.4961 1.51962 0.799999
      vertex -1.49419 1.51914 0
      vertex -1.4961 1.51962 0
    endloop
  endfacet
  facet normal -0.969843 -0.24373 0
    outer loop
      vertex -1.51914 1.49419 0
      vertex -1.51962 1.4961 0.799999
      vertex -1.51962 1.4961 0
    endloop
  endfacet
  facet normal -0.969843 -0.24373 0
    outer loop
      vertex -1.51962 1.4961 0.799999
      vertex -1.51914 1.49419 0
      vertex -1.51914 1.49419 0.799999
    endloop
  endfacet
  facet normal -0.426775 -0.904358 0
    outer loop
      vertex -1.50943 1.48236 0
      vertex -1.50765 1.48152 0.799999
      vertex -1.50943 1.48236 0.799999
    endloop
  endfacet
  facet normal -0.426775 -0.904358 -0
    outer loop
      vertex -1.50765 1.48152 0.799999
      vertex -1.50943 1.48236 0
      vertex -1.50765 1.48152 0
    endloop
  endfacet
  facet normal -0.739478 -0.67318 0
    outer loop
      vertex -1.51414 1.48586 0
      vertex -1.51546 1.48731 0.799999
      vertex -1.51546 1.48731 0
    endloop
  endfacet
  facet normal -0.739478 -0.67318 0
    outer loop
      vertex -1.51546 1.48731 0.799999
      vertex -1.51414 1.48586 0
      vertex -1.51414 1.48586 0.799999
    endloop
  endfacet
  facet normal 0.426775 -0.904358 0
    outer loop
      vertex -1.49235 1.48152 0
      vertex -1.49057 1.48236 0.799999
      vertex -1.49235 1.48152 0.799999
    endloop
  endfacet
  facet normal 0.426775 -0.904358 0
    outer loop
      vertex -1.49057 1.48236 0.799999
      vertex -1.49235 1.48152 0
      vertex -1.49057 1.48236 0
    endloop
  endfacet
  facet normal 0.0509541 -0.998701 0
    outer loop
      vertex -1.5 1.48 0
      vertex -1.49804 1.4801 0.799999
      vertex -1.5 1.48 0.799999
    endloop
  endfacet
  facet normal 0.0509541 -0.998701 0
    outer loop
      vertex -1.49804 1.4801 0.799999
      vertex -1.5 1.48 0
      vertex -1.49804 1.4801 0
    endloop
  endfacet
  facet normal -0.989744 -0.14285 0
    outer loop
      vertex -1.51962 1.4961 0
      vertex -1.5199 1.49804 0.799999
      vertex -1.5199 1.49804 0
    endloop
  endfacet
  facet normal -0.989744 -0.14285 0
    outer loop
      vertex -1.5199 1.49804 0.799999
      vertex -1.51962 1.4961 0
      vertex -1.51962 1.4961 0.799999
    endloop
  endfacet
  facet normal 0.595106 -0.803647 0
    outer loop
      vertex -1.48889 1.48337 0
      vertex -1.48731 1.48454 0.799999
      vertex -1.48889 1.48337 0.799999
    endloop
  endfacet
  facet normal 0.595106 -0.803647 0
    outer loop
      vertex -1.48731 1.48454 0.799999
      vertex -1.48889 1.48337 0
      vertex -1.48731 1.48454 0
    endloop
  endfacet
  facet normal -0.803647 -0.595106 0
    outer loop
      vertex -1.51546 1.48731 0
      vertex -1.51663 1.48889 0.799999
      vertex -1.51663 1.48889 0
    endloop
  endfacet
  facet normal -0.803647 -0.595106 0
    outer loop
      vertex -1.51663 1.48889 0.799999
      vertex -1.51546 1.48731 0
      vertex -1.51546 1.48731 0.799999
    endloop
  endfacet
  facet normal -0.998701 0.0509541 0
    outer loop
      vertex -1.52 1.5 0
      vertex -1.5199 1.50196 0.799999
      vertex -1.5199 1.50196 0
    endloop
  endfacet
  facet normal -0.998701 0.0509541 0
    outer loop
      vertex -1.5199 1.50196 0.799999
      vertex -1.52 1.5 0
      vertex -1.52 1.5 0.799999
    endloop
  endfacet
  facet normal 0.739478 -0.67318 0
    outer loop
      vertex -1.48586 1.48586 0.799999
      vertex -1.48454 1.48731 0
      vertex -1.48454 1.48731 0.799999
    endloop
  endfacet
  facet normal 0.739478 -0.67318 0
    outer loop
      vertex -1.48454 1.48731 0
      vertex -1.48586 1.48586 0.799999
      vertex -1.48586 1.48586 0
    endloop
  endfacet
  facet normal 0.989744 0.14285 0
    outer loop
      vertex -1.4801 4.50196 0.799999
      vertex -1.48038 4.5039 0
      vertex -1.48038 4.5039 0.799999
    endloop
  endfacet
  facet normal 0.989744 0.14285 0
    outer loop
      vertex -1.48038 4.5039 0
      vertex -1.4801 4.50196 0.799999
      vertex -1.4801 4.50196 0
    endloop
  endfacet
  facet normal 0.998701 0.0509541 0
    outer loop
      vertex -1.48 4.5 0.799999
      vertex -1.4801 4.50196 0
      vertex -1.4801 4.50196 0.799999
    endloop
  endfacet
  facet normal 0.998701 0.0509541 0
    outer loop
      vertex -1.4801 4.50196 0
      vertex -1.48 4.5 0.799999
      vertex -1.48 4.5 0
    endloop
  endfacet
  facet normal 0.969843 0.24373 0
    outer loop
      vertex -1.48038 4.5039 0.799999
      vertex -1.48086 4.50581 0
      vertex -1.48086 4.50581 0.799999
    endloop
  endfacet
  facet normal 0.969843 0.24373 0
    outer loop
      vertex -1.48086 4.50581 0
      vertex -1.48038 4.5039 0.799999
      vertex -1.48038 4.5039 0
    endloop
  endfacet
  facet normal -0.24373 0.969843 0
    outer loop
      vertex -1.5039 4.51962 0
      vertex -1.50581 4.51914 0.799999
      vertex -1.5039 4.51962 0.799999
    endloop
  endfacet
  facet normal -0.24373 0.969843 0
    outer loop
      vertex -1.50581 4.51914 0.799999
      vertex -1.5039 4.51962 0
      vertex -1.50581 4.51914 0
    endloop
  endfacet
  facet normal -0.904358 -0.426775 0
    outer loop
      vertex -1.51764 4.49057 0
      vertex -1.51848 4.49235 0.799999
      vertex -1.51848 4.49235 0
    endloop
  endfacet
  facet normal -0.904358 -0.426775 0
    outer loop
      vertex -1.51848 4.49235 0.799999
      vertex -1.51764 4.49057 0
      vertex -1.51764 4.49057 0.799999
    endloop
  endfacet
  facet normal -0.24373 -0.969843 0
    outer loop
      vertex -1.50581 4.48086 0
      vertex -1.5039 4.48038 0.799999
      vertex -1.50581 4.48086 0.799999
    endloop
  endfacet
  facet normal -0.24373 -0.969843 -0
    outer loop
      vertex -1.5039 4.48038 0.799999
      vertex -1.50581 4.48086 0
      vertex -1.5039 4.48038 0
    endloop
  endfacet
  facet normal 0.515246 -0.857042 0
    outer loop
      vertex -1.49057 4.48236 0
      vertex -1.48889 4.48337 0.799999
      vertex -1.49057 4.48236 0.799999
    endloop
  endfacet
  facet normal 0.515246 -0.857042 0
    outer loop
      vertex -1.48889 4.48337 0.799999
      vertex -1.49057 4.48236 0
      vertex -1.48889 4.48337 0
    endloop
  endfacet
  facet normal -0.337632 -0.941278 0
    outer loop
      vertex -1.50765 4.48152 0
      vertex -1.50581 4.48086 0.799999
      vertex -1.50765 4.48152 0.799999
    endloop
  endfacet
  facet normal -0.337632 -0.941278 -0
    outer loop
      vertex -1.50581 4.48086 0.799999
      vertex -1.50765 4.48152 0
      vertex -1.50581 4.48086 0
    endloop
  endfacet
  facet normal 0.337632 -0.941278 0
    outer loop
      vertex -1.49419 4.48086 0
      vertex -1.49235 4.48152 0.799999
      vertex -1.49419 4.48086 0.799999
    endloop
  endfacet
  facet normal 0.337632 -0.941278 0
    outer loop
      vertex -1.49235 4.48152 0.799999
      vertex -1.49419 4.48086 0
      vertex -1.49235 4.48152 0
    endloop
  endfacet
  facet normal -0.67318 0.739478 0
    outer loop
      vertex -1.51269 4.51546 0
      vertex -1.51414 4.51414 0.799999
      vertex -1.51269 4.51546 0.799999
    endloop
  endfacet
  facet normal -0.67318 0.739478 0
    outer loop
      vertex -1.51414 4.51414 0.799999
      vertex -1.51269 4.51546 0
      vertex -1.51414 4.51414 0
    endloop
  endfacet
  facet normal 0.24373 -0.969843 0
    outer loop
      vertex -1.4961 4.48038 0
      vertex -1.49419 4.48086 0.799999
      vertex -1.4961 4.48038 0.799999
    endloop
  endfacet
  facet normal 0.24373 -0.969843 0
    outer loop
      vertex -1.49419 4.48086 0.799999
      vertex -1.4961 4.48038 0
      vertex -1.49419 4.48086 0
    endloop
  endfacet
  facet normal -0.857042 0.515246 0
    outer loop
      vertex -1.51764 4.50943 0
      vertex -1.51663 4.51111 0.799999
      vertex -1.51663 4.51111 0
    endloop
  endfacet
  facet normal -0.857042 0.515246 0
    outer loop
      vertex -1.51663 4.51111 0.799999
      vertex -1.51764 4.50943 0
      vertex -1.51764 4.50943 0.799999
    endloop
  endfacet
  facet normal -0.989744 0.14285 0
    outer loop
      vertex -1.5199 4.50196 0
      vertex -1.51962 4.5039 0.799999
      vertex -1.51962 4.5039 0
    endloop
  endfacet
  facet normal -0.989744 0.14285 0
    outer loop
      vertex -1.51962 4.5039 0.799999
      vertex -1.5199 4.50196 0
      vertex -1.5199 4.50196 0.799999
    endloop
  endfacet
  facet normal 0.904358 0.426775 0
    outer loop
      vertex -1.48152 4.50765 0.799999
      vertex -1.48236 4.50943 0
      vertex -1.48236 4.50943 0.799999
    endloop
  endfacet
  facet normal 0.904358 0.426775 0
    outer loop
      vertex -1.48236 4.50943 0
      vertex -1.48152 4.50765 0.799999
      vertex -1.48152 4.50765 0
    endloop
  endfacet
  facet normal 0.803647 -0.595106 0
    outer loop
      vertex -1.48454 4.48731 0.799999
      vertex -1.48337 4.48889 0
      vertex -1.48337 4.48889 0.799999
    endloop
  endfacet
  facet normal 0.803647 -0.595106 0
    outer loop
      vertex -1.48337 4.48889 0
      vertex -1.48454 4.48731 0.799999
      vertex -1.48454 4.48731 0
    endloop
  endfacet
  facet normal -0.595106 0.803647 0
    outer loop
      vertex -1.51111 4.51663 0
      vertex -1.51269 4.51546 0.799999
      vertex -1.51111 4.51663 0.799999
    endloop
  endfacet
  facet normal -0.595106 0.803647 0
    outer loop
      vertex -1.51269 4.51546 0.799999
      vertex -1.51111 4.51663 0
      vertex -1.51269 4.51546 0
    endloop
  endfacet
  facet normal 0.595106 0.803647 -0
    outer loop
      vertex -1.48731 4.51546 0
      vertex -1.48889 4.51663 0.799999
      vertex -1.48731 4.51546 0.799999
    endloop
  endfacet
  facet normal 0.595106 0.803647 0
    outer loop
      vertex -1.48889 4.51663 0.799999
      vertex -1.48731 4.51546 0
      vertex -1.48889 4.51663 0
    endloop
  endfacet
  facet normal 0.14285 0.989744 -0
    outer loop
      vertex -1.4961 4.51962 0
      vertex -1.49804 4.5199 0.799999
      vertex -1.4961 4.51962 0.799999
    endloop
  endfacet
  facet normal 0.14285 0.989744 0
    outer loop
      vertex -1.49804 4.5199 0.799999
      vertex -1.4961 4.51962 0
      vertex -1.49804 4.5199 0
    endloop
  endfacet
  facet normal 0.803647 0.595106 0
    outer loop
      vertex -1.48337 4.51111 0.799999
      vertex -1.48454 4.51269 0
      vertex -1.48454 4.51269 0.799999
    endloop
  endfacet
  facet normal 0.803647 0.595106 0
    outer loop
      vertex -1.48454 4.51269 0
      vertex -1.48337 4.51111 0.799999
      vertex -1.48337 4.51111 0
    endloop
  endfacet
  facet normal -0.515246 0.857042 0
    outer loop
      vertex -1.50943 4.51764 0
      vertex -1.51111 4.51663 0.799999
      vertex -1.50943 4.51764 0.799999
    endloop
  endfacet
  facet normal -0.515246 0.857042 0
    outer loop
      vertex -1.51111 4.51663 0.799999
      vertex -1.50943 4.51764 0
      vertex -1.51111 4.51663 0
    endloop
  endfacet
  facet normal 0.515246 0.857042 -0
    outer loop
      vertex -1.48889 4.51663 0
      vertex -1.49057 4.51764 0.799999
      vertex -1.48889 4.51663 0.799999
    endloop
  endfacet
  facet normal 0.515246 0.857042 0
    outer loop
      vertex -1.49057 4.51764 0.799999
      vertex -1.48889 4.51663 0
      vertex -1.49057 4.51764 0
    endloop
  endfacet
  facet normal 0.67318 0.739478 -0
    outer loop
      vertex -1.48586 4.51414 0
      vertex -1.48731 4.51546 0.799999
      vertex -1.48586 4.51414 0.799999
    endloop
  endfacet
  facet normal 0.67318 0.739478 0
    outer loop
      vertex -1.48731 4.51546 0.799999
      vertex -1.48586 4.51414 0
      vertex -1.48731 4.51546 0
    endloop
  endfacet
  facet normal -0.941278 -0.337632 0
    outer loop
      vertex -1.51848 4.49235 0
      vertex -1.51914 4.49419 0.799999
      vertex -1.51914 4.49419 0
    endloop
  endfacet
  facet normal -0.941278 -0.337632 0
    outer loop
      vertex -1.51914 4.49419 0.799999
      vertex -1.51848 4.49235 0
      vertex -1.51848 4.49235 0.799999
    endloop
  endfacet
  facet normal 0.998701 -0.0509541 0
    outer loop
      vertex -1.4801 4.49804 0.799999
      vertex -1.48 4.5 0
      vertex -1.48 4.5 0.799999
    endloop
  endfacet
  facet normal 0.998701 -0.0509541 0
    outer loop
      vertex -1.48 4.5 0
      vertex -1.4801 4.49804 0.799999
      vertex -1.4801 4.49804 0
    endloop
  endfacet
  facet normal -0.426775 0.904358 0
    outer loop
      vertex -1.50765 4.51848 0
      vertex -1.50943 4.51764 0.799999
      vertex -1.50765 4.51848 0.799999
    endloop
  endfacet
  facet normal -0.426775 0.904358 0
    outer loop
      vertex -1.50943 4.51764 0.799999
      vertex -1.50765 4.51848 0
      vertex -1.50943 4.51764 0
    endloop
  endfacet
  facet normal 0.904358 -0.426775 0
    outer loop
      vertex -1.48236 4.49057 0.799999
      vertex -1.48152 4.49235 0
      vertex -1.48152 4.49235 0.799999
    endloop
  endfacet
  facet normal 0.904358 -0.426775 0
    outer loop
      vertex -1.48152 4.49235 0
      vertex -1.48236 4.49057 0.799999
      vertex -1.48236 4.49057 0
    endloop
  endfacet
  facet normal -0.595106 -0.803647 0
    outer loop
      vertex -1.51269 4.48454 0
      vertex -1.51111 4.48337 0.799999
      vertex -1.51269 4.48454 0.799999
    endloop
  endfacet
  facet normal -0.595106 -0.803647 -0
    outer loop
      vertex -1.51111 4.48337 0.799999
      vertex -1.51269 4.48454 0
      vertex -1.51111 4.48337 0
    endloop
  endfacet
  facet normal -0.803647 0.595106 0
    outer loop
      vertex -1.51663 4.51111 0
      vertex -1.51546 4.51269 0.799999
      vertex -1.51546 4.51269 0
    endloop
  endfacet
  facet normal -0.803647 0.595106 0
    outer loop
      vertex -1.51546 4.51269 0.799999
      vertex -1.51663 4.51111 0
      vertex -1.51663 4.51111 0.799999
    endloop
  endfacet
  facet normal -0.941278 0.337632 0
    outer loop
      vertex -1.51914 4.50581 0
      vertex -1.51848 4.50765 0.799999
      vertex -1.51848 4.50765 0
    endloop
  endfacet
  facet normal -0.941278 0.337632 0
    outer loop
      vertex -1.51848 4.50765 0.799999
      vertex -1.51914 4.50581 0
      vertex -1.51914 4.50581 0.799999
    endloop
  endfacet
  facet normal 0.857042 0.515246 0
    outer loop
      vertex -1.48236 4.50943 0.799999
      vertex -1.48337 4.51111 0
      vertex -1.48337 4.51111 0.799999
    endloop
  endfacet
  facet normal 0.857042 0.515246 0
    outer loop
      vertex -1.48337 4.51111 0
      vertex -1.48236 4.50943 0.799999
      vertex -1.48236 4.50943 0
    endloop
  endfacet
  facet normal 0.941278 0.337632 0
    outer loop
      vertex -1.48086 4.50581 0.799999
      vertex -1.48152 4.50765 0
      vertex -1.48152 4.50765 0.799999
    endloop
  endfacet
  facet normal 0.941278 0.337632 0
    outer loop
      vertex -1.48152 4.50765 0
      vertex -1.48086 4.50581 0.799999
      vertex -1.48086 4.50581 0
    endloop
  endfacet
  facet normal 0 0 1
    outer loop
      vertex -1.4801 4.50196 0.799999
      vertex -1.4801 4.49804 0.799999
      vertex -1.48 4.5 0.799999
    endloop
  endfacet
  facet normal 0 0 1
    outer loop
      vertex -1.48038 4.5039 0.799999
      vertex -1.4801 4.49804 0.799999
      vertex -1.4801 4.50196 0.799999
    endloop
  endfacet
  facet normal 0 0 1
    outer loop
      vertex -1.48038 4.5039 0.799999
      vertex -1.48038 4.4961 0.799999
      vertex -1.4801 4.49804 0.799999
    endloop
  endfacet
  facet normal 0 0 1
    outer loop
      vertex -1.48086 4.50581 0.799999
      vertex -1.48038 4.4961 0.799999
      vertex -1.48038 4.5039 0.799999
    endloop
  endfacet
  facet normal 0 0 1
    outer loop
      vertex -1.48086 4.50581 0.799999
      vertex -1.48086 4.49419 0.799999
      vertex -1.48038 4.4961 0.799999
    endloop
  endfacet
  facet normal 0 0 1
    outer loop
      vertex -1.48152 4.50765 0.799999
      vertex -1.48086 4.49419 0.799999
      vertex -1.48086 4.50581 0.799999
    endloop
  endfacet
  facet normal 0 0 1
    outer loop
      vertex -1.48152 4.50765 0.799999
      vertex -1.48152 4.49235 0.799999
      vertex -1.48086 4.49419 0.799999
    endloop
  endfacet
  facet normal 0 0 1
    outer loop
      vertex -1.48236 4.50943 0.799999
      vertex -1.48152 4.49235 0.799999
      vertex -1.48152 4.50765 0.799999
    endloop
  endfacet
  facet normal 0 0 1
    outer loop
      vertex -1.48236 4.50943 0.799999
      vertex -1.48236 4.49057 0.799999
      vertex -1.48152 4.49235 0.799999
    endloop
  endfacet
  facet normal 0 0 1
    outer loop
      vertex -1.48337 4.51111 0.799999
      vertex -1.48236 4.49057 0.799999
      vertex -1.48236 4.50943 0.799999
    endloop
  endfacet
  facet normal 0 0 1
    outer loop
      vertex -1.48337 4.51111 0.799999
      vertex -1.48337 4.48889 0.799999
      vertex -1.48236 4.49057 0.799999
    endloop
  endfacet
  facet normal 0 0 1
    outer loop
      vertex -1.48454 4.51269 0.799999
      vertex -1.48337 4.48889 0.799999
      vertex -1.48337 4.51111 0.799999
    endloop
  endfacet
  facet normal 0 0 1
    outer loop
      vertex -1.48454 4.51269 0.799999
      vertex -1.48454 4.48731 0.799999
      vertex -1.48337 4.48889 0.799999
    endloop
  endfacet
  facet normal 0 0 1
    outer loop
      vertex -1.48586 4.51414 0.799999
      vertex -1.48454 4.48731 0.799999
      vertex -1.48454 4.51269 0.799999
    endloop
  endfacet
  facet normal 0 0 1
    outer loop
      vertex -1.48586 4.51414 0.799999
      vertex -1.48586 4.48586 0.799999
      vertex -1.48454 4.48731 0.799999
    endloop
  endfacet
  facet normal 0 0 1
    outer loop
      vertex -1.48731 4.51546 0.799999
      vertex -1.48586 4.48586 0.799999
      vertex -1.48586 4.51414 0.799999
    endloop
  endfacet
  facet normal 0 0 1
    outer loop
      vertex -1.48731 4.51546 0.799999
      vertex -1.48731 4.48454 0.799999
      vertex -1.48586 4.48586 0.799999
    endloop
  endfacet
  facet normal 0 0 1
    outer loop
      vertex -1.48889 4.51663 0.799999
      vertex -1.48731 4.48454 0.799999
      vertex -1.48731 4.51546 0.799999
    endloop
  endfacet
  facet normal 0 0 1
    outer loop
      vertex -1.48889 4.51663 0.799999
      vertex -1.48889 4.48337 0.799999
      vertex -1.48731 4.48454 0.799999
    endloop
  endfacet
  facet normal 0 0 1
    outer loop
      vertex -1.49057 4.51764 0.799999
      vertex -1.48889 4.48337 0.799999
      vertex -1.48889 4.51663 0.799999
    endloop
  endfacet
  facet normal 0 0 1
    outer loop
      vertex -1.49057 4.51764 0.799999
      vertex -1.49057 4.48236 0.799999
      vertex -1.48889 4.48337 0.799999
    endloop
  endfacet
  facet normal 0 0 1
    outer loop
      vertex -1.49235 4.51848 0.799999
      vertex -1.49057 4.48236 0.799999
      vertex -1.49057 4.51764 0.799999
    endloop
  endfacet
  facet normal 0 0 1
    outer loop
      vertex -1.49235 4.51848 0.799999
      vertex -1.49235 4.48152 0.799999
      vertex -1.49057 4.48236 0.799999
    endloop
  endfacet
  facet normal 0 0 1
    outer loop
      vertex -1.49419 4.51914 0.799999
      vertex -1.49235 4.48152 0.799999
      vertex -1.49235 4.51848 0.799999
    endloop
  endfacet
  facet normal 0 0 1
    outer loop
      vertex -1.49419 4.51914 0.799999
      vertex -1.49419 4.48086 0.799999
      vertex -1.49235 4.48152 0.799999
    endloop
  endfacet
  facet normal 0 0 1
    outer loop
      vertex -1.4961 4.51962 0.799999
      vertex -1.49419 4.48086 0.799999
      vertex -1.49419 4.51914 0.799999
    endloop
  endfacet
  facet normal 0 0 1
    outer loop
      vertex -1.4961 4.51962 0.799999
      vertex -1.4961 4.48038 0.799999
      vertex -1.49419 4.48086 0.799999
    endloop
  endfacet
  facet normal 0 0 1
    outer loop
      vertex -1.49804 4.5199 0.799999
      vertex -1.4961 4.48038 0.799999
      vertex -1.4961 4.51962 0.799999
    endloop
  endfacet
  facet normal 0 0 1
    outer loop
      vertex -1.49804 4.5199 0.799999
      vertex -1.49804 4.4801 0.799999
      vertex -1.4961 4.48038 0.799999
    endloop
  endfacet
  facet normal 0 0 1
    outer loop
      vertex -1.5 4.52 0.799999
      vertex -1.49804 4.4801 0.799999
      vertex -1.49804 4.5199 0.799999
    endloop
  endfacet
  facet normal 0 0 1
    outer loop
      vertex -1.5 4.52 0.799999
      vertex -1.5 4.48 0.799999
      vertex -1.49804 4.4801 0.799999
    endloop
  endfacet
  facet normal -0 0 1
    outer loop
      vertex -1.50196 4.5199 0.799999
      vertex -1.5 4.48 0.799999
      vertex -1.5 4.52 0.799999
    endloop
  endfacet
  facet normal 0 0 1
    outer loop
      vertex -1.50196 4.5199 0.799999
      vertex -1.50196 4.4801 0.799999
      vertex -1.5 4.48 0.799999
    endloop
  endfacet
  facet normal -0 0 1
    outer loop
      vertex -1.5039 4.51962 0.799999
      vertex -1.50196 4.4801 0.799999
      vertex -1.50196 4.5199 0.799999
    endloop
  endfacet
  facet normal 0 0 1
    outer loop
      vertex -1.5039 4.51962 0.799999
      vertex -1.5039 4.48038 0.799999
      vertex -1.50196 4.4801 0.799999
    endloop
  endfacet
  facet normal -0 0 1
    outer loop
      vertex -1.50581 4.51914 0.799999
      vertex -1.5039 4.48038 0.799999
      vertex -1.5039 4.51962 0.799999
    endloop
  endfacet
  facet normal 0 0 1
    outer loop
      vertex -1.50581 4.51914 0.799999
      vertex -1.50581 4.48086 0.799999
      vertex -1.5039 4.48038 0.799999
    endloop
  endfacet
  facet normal -0 0 1
    outer loop
      vertex -1.50765 4.51848 0.799999
      vertex -1.50581 4.48086 0.799999
      vertex -1.50581 4.51914 0.799999
    endloop
  endfacet
  facet normal 0 0 1
    outer loop
      vertex -1.50765 4.51848 0.799999
      vertex -1.50765 4.48152 0.799999
      vertex -1.50581 4.48086 0.799999
    endloop
  endfacet
  facet normal -0 0 1
    outer loop
      vertex -1.50943 4.51764 0.799999
      vertex -1.50765 4.48152 0.799999
      vertex -1.50765 4.51848 0.799999
    endloop
  endfacet
  facet normal 0 0 1
    outer loop
      vertex -1.50943 4.51764 0.799999
      vertex -1.50943 4.48236 0.799999
      vertex -1.50765 4.48152 0.799999
    endloop
  endfacet
  facet normal -0 0 1
    outer loop
      vertex -1.51111 4.51663 0.799999
      vertex -1.50943 4.48236 0.799999
      vertex -1.50943 4.51764 0.799999
    endloop
  endfacet
  facet normal 0 0 1
    outer loop
      vertex -1.51111 4.51663 0.799999
      vertex -1.51111 4.48337 0.799999
      vertex -1.50943 4.48236 0.799999
    endloop
  endfacet
  facet normal -0 0 1
    outer loop
      vertex -1.51269 4.51546 0.799999
      vertex -1.51111 4.48337 0.799999
      vertex -1.51111 4.51663 0.799999
    endloop
  endfacet
  facet normal 0 0 1
    outer loop
      vertex -1.51269 4.51546 0.799999
      vertex -1.51269 4.48454 0.799999
      vertex -1.51111 4.48337 0.799999
    endloop
  endfacet
  facet normal -0 0 1
    outer loop
      vertex -1.51414 4.51414 0.799999
      vertex -1.51269 4.48454 0.799999
      vertex -1.51269 4.51546 0.799999
    endloop
  endfacet
  facet normal 0 0 1
    outer loop
      vertex -1.51414 4.51414 0.799999
      vertex -1.51414 4.48586 0.799999
      vertex -1.51269 4.48454 0.799999
    endloop
  endfacet
  facet normal -0 0 1
    outer loop
      vertex -1.51546 4.51269 0.799999
      vertex -1.51414 4.48586 0.799999
      vertex -1.51414 4.51414 0.799999
    endloop
  endfacet
  facet normal 0 0 1
    outer loop
      vertex -1.51546 4.51269 0.799999
      vertex -1.51546 4.48731 0.799999
      vertex -1.51414 4.48586 0.799999
    endloop
  endfacet
  facet normal -0 0 1
    outer loop
      vertex -1.51663 4.51111 0.799999
      vertex -1.51546 4.48731 0.799999
      vertex -1.51546 4.51269 0.799999
    endloop
  endfacet
  facet normal 0 0 1
    outer loop
      vertex -1.51663 4.51111 0.799999
      vertex -1.51663 4.48889 0.799999
      vertex -1.51546 4.48731 0.799999
    endloop
  endfacet
  facet normal -0 0 1
    outer loop
      vertex -1.51764 4.50943 0.799999
      vertex -1.51663 4.48889 0.799999
      vertex -1.51663 4.51111 0.799999
    endloop
  endfacet
  facet normal 0 0 1
    outer loop
      vertex -1.51764 4.50943 0.799999
      vertex -1.51764 4.49057 0.799999
      vertex -1.51663 4.48889 0.799999
    endloop
  endfacet
  facet normal -0 0 1
    outer loop
      vertex -1.51848 4.50765 0.799999
      vertex -1.51764 4.49057 0.799999
      vertex -1.51764 4.50943 0.799999
    endloop
  endfacet
  facet normal 0 0 1
    outer loop
      vertex -1.51848 4.50765 0.799999
      vertex -1.51848 4.49235 0.799999
      vertex -1.51764 4.49057 0.799999
    endloop
  endfacet
  facet normal -0 0 1
    outer loop
      vertex -1.51914 4.50581 0.799999
      vertex -1.51848 4.49235 0.799999
      vertex -1.51848 4.50765 0.799999
    endloop
  endfacet
  facet normal 0 0 1
    outer loop
      vertex -1.51914 4.50581 0.799999
      vertex -1.51914 4.49419 0.799999
      vertex -1.51848 4.49235 0.799999
    endloop
  endfacet
  facet normal -0 0 1
    outer loop
      vertex -1.51962 4.5039 0.799999
      vertex -1.51914 4.49419 0.799999
      vertex -1.51914 4.50581 0.799999
    endloop
  endfacet
  facet normal 0 0 1
    outer loop
      vertex -1.51962 4.5039 0.799999
      vertex -1.51962 4.4961 0.799999
      vertex -1.51914 4.49419 0.799999
    endloop
  endfacet
  facet normal -0 0 1
    outer loop
      vertex -1.5199 4.50196 0.799999
      vertex -1.51962 4.4961 0.799999
      vertex -1.51962 4.5039 0.799999
    endloop
  endfacet
  facet normal 0 0 1
    outer loop
      vertex -1.5199 4.50196 0.799999
      vertex -1.5199 4.49804 0.799999
      vertex -1.51962 4.4961 0.799999
    endloop
  endfacet
  facet normal 0 -0 1
    outer loop
      vertex -1.5199 4.49804 0.799999
      vertex -1.5199 4.50196 0.799999
      vertex -1.52 4.5 0.799999
    endloop
  endfacet
  facet normal -0.67318 -0.739478 0
    outer loop
      vertex -1.51414 4.48586 0
      vertex -1.51269 4.48454 0.799999
      vertex -1.51414 4.48586 0.799999
    endloop
  endfacet
  facet normal -0.67318 -0.739478 -0
    outer loop
      vertex -1.51269 4.48454 0.799999
      vertex -1.51414 4.48586 0
      vertex -1.51269 4.48454 0
    endloop
  endfacet
  facet normal 0.969843 -0.24373 0
    outer loop
      vertex -1.48086 4.49419 0.799999
      vertex -1.48038 4.4961 0
      vertex -1.48038 4.4961 0.799999
    endloop
  endfacet
  facet normal 0.969843 -0.24373 0
    outer loop
      vertex -1.48038 4.4961 0
      vertex -1.48086 4.49419 0.799999
      vertex -1.48086 4.49419 0
    endloop
  endfacet
  facet normal 0.989744 -0.14285 0
    outer loop
      vertex -1.48038 4.4961 0.799999
      vertex -1.4801 4.49804 0
      vertex -1.4801 4.49804 0.799999
    endloop
  endfacet
  facet normal 0.989744 -0.14285 0
    outer loop
      vertex -1.4801 4.49804 0
      vertex -1.48038 4.4961 0.799999
      vertex -1.48038 4.4961 0
    endloop
  endfacet
  facet normal -0.515246 -0.857042 0
    outer loop
      vertex -1.51111 4.48337 0
      vertex -1.50943 4.48236 0.799999
      vertex -1.51111 4.48337 0.799999
    endloop
  endfacet
  facet normal -0.515246 -0.857042 -0
    outer loop
      vertex -1.50943 4.48236 0.799999
      vertex -1.51111 4.48337 0
      vertex -1.50943 4.48236 0
    endloop
  endfacet
  facet normal 0.337632 0.941278 -0
    outer loop
      vertex -1.49235 4.51848 0
      vertex -1.49419 4.51914 0.799999
      vertex -1.49235 4.51848 0.799999
    endloop
  endfacet
  facet normal 0.337632 0.941278 0
    outer loop
      vertex -1.49419 4.51914 0.799999
      vertex -1.49235 4.51848 0
      vertex -1.49419 4.51914 0
    endloop
  endfacet
  facet normal -0.337632 0.941278 0
    outer loop
      vertex -1.50581 4.51914 0
      vertex -1.50765 4.51848 0.799999
      vertex -1.50581 4.51914 0.799999
    endloop
  endfacet
  facet normal -0.337632 0.941278 0
    outer loop
      vertex -1.50765 4.51848 0.799999
      vertex -1.50581 4.51914 0
      vertex -1.50765 4.51848 0
    endloop
  endfacet
  facet normal 0.14285 -0.989744 0
    outer loop
      vertex -1.49804 4.4801 0
      vertex -1.4961 4.48038 0.799999
      vertex -1.49804 4.4801 0.799999
    endloop
  endfacet
  facet normal 0.14285 -0.989744 0
    outer loop
      vertex -1.4961 4.48038 0.799999
      vertex -1.49804 4.4801 0
      vertex -1.4961 4.48038 0
    endloop
  endfacet
  facet normal 0.857042 -0.515246 0
    outer loop
      vertex -1.48337 4.48889 0.799999
      vertex -1.48236 4.49057 0
      vertex -1.48236 4.49057 0.799999
    endloop
  endfacet
  facet normal 0.857042 -0.515246 0
    outer loop
      vertex -1.48236 4.49057 0
      vertex -1.48337 4.48889 0.799999
      vertex -1.48337 4.48889 0
    endloop
  endfacet
  facet normal -0.0509541 0.998701 0
    outer loop
      vertex -1.5 4.52 0
      vertex -1.50196 4.5199 0.799999
      vertex -1.5 4.52 0.799999
    endloop
  endfacet
  facet normal -0.0509541 0.998701 0
    outer loop
      vertex -1.50196 4.5199 0.799999
      vertex -1.5 4.52 0
      vertex -1.50196 4.5199 0
    endloop
  endfacet
  facet normal -0.998701 -0.0509541 0
    outer loop
      vertex -1.5199 4.49804 0
      vertex -1.52 4.5 0.799999
      vertex -1.52 4.5 0
    endloop
  endfacet
  facet normal -0.998701 -0.0509541 0
    outer loop
      vertex -1.52 4.5 0.799999
      vertex -1.5199 4.49804 0
      vertex -1.5199 4.49804 0.799999
    endloop
  endfacet
  facet normal 0.941278 -0.337632 0
    outer loop
      vertex -1.48152 4.49235 0.799999
      vertex -1.48086 4.49419 0
      vertex -1.48086 4.49419 0.799999
    endloop
  endfacet
  facet normal 0.941278 -0.337632 0
    outer loop
      vertex -1.48086 4.49419 0
      vertex -1.48152 4.49235 0.799999
      vertex -1.48152 4.49235 0
    endloop
  endfacet
  facet normal 0.426775 0.904358 -0
    outer loop
      vertex -1.49057 4.51764 0
      vertex -1.49235 4.51848 0.799999
      vertex -1.49057 4.51764 0.799999
    endloop
  endfacet
  facet normal 0.426775 0.904358 0
    outer loop
      vertex -1.49235 4.51848 0.799999
      vertex -1.49057 4.51764 0
      vertex -1.49235 4.51848 0
    endloop
  endfacet
  facet normal 0.739478 0.67318 0
    outer loop
      vertex -1.48454 4.51269 0.799999
      vertex -1.48586 4.51414 0
      vertex -1.48586 4.51414 0.799999
    endloop
  endfacet
  facet normal 0.739478 0.67318 0
    outer loop
      vertex -1.48586 4.51414 0
      vertex -1.48454 4.51269 0.799999
      vertex -1.48454 4.51269 0
    endloop
  endfacet
  facet normal 0.0509541 0.998701 -0
    outer loop
      vertex -1.49804 4.5199 0
      vertex -1.5 4.52 0.799999
      vertex -1.49804 4.5199 0.799999
    endloop
  endfacet
  facet normal 0.0509541 0.998701 0
    outer loop
      vertex -1.5 4.52 0.799999
      vertex -1.49804 4.5199 0
      vertex -1.5 4.52 0
    endloop
  endfacet
  facet normal -0.857042 -0.515246 0
    outer loop
      vertex -1.51663 4.48889 0
      vertex -1.51764 4.49057 0.799999
      vertex -1.51764 4.49057 0
    endloop
  endfacet
  facet normal -0.857042 -0.515246 0
    outer loop
      vertex -1.51764 4.49057 0.799999
      vertex -1.51663 4.48889 0
      vertex -1.51663 4.48889 0.799999
    endloop
  endfacet
  facet normal -0.14285 -0.989744 0
    outer loop
      vertex -1.5039 4.48038 0
      vertex -1.50196 4.4801 0.799999
      vertex -1.5039 4.48038 0.799999
    endloop
  endfacet
  facet normal -0.14285 -0.989744 -0
    outer loop
      vertex -1.50196 4.4801 0.799999
      vertex -1.5039 4.48038 0
      vertex -1.50196 4.4801 0
    endloop
  endfacet
  facet normal 0.67318 -0.739478 0
    outer loop
      vertex -1.48731 4.48454 0
      vertex -1.48586 4.48586 0.799999
      vertex -1.48731 4.48454 0.799999
    endloop
  endfacet
  facet normal 0.67318 -0.739478 0
    outer loop
      vertex -1.48586 4.48586 0.799999
      vertex -1.48731 4.48454 0
      vertex -1.48586 4.48586 0
    endloop
  endfacet
  facet normal -0.0509541 -0.998701 0
    outer loop
      vertex -1.50196 4.4801 0
      vertex -1.5 4.48 0.799999
      vertex -1.50196 4.4801 0.799999
    endloop
  endfacet
  facet normal -0.0509541 -0.998701 -0
    outer loop
      vertex -1.5 4.48 0.799999
      vertex -1.50196 4.4801 0
      vertex -1.5 4.48 0
    endloop
  endfacet
  facet normal -0.739478 0.67318 0
    outer loop
      vertex -1.51546 4.51269 0
      vertex -1.51414 4.51414 0.799999
      vertex -1.51414 4.51414 0
    endloop
  endfacet
  facet normal -0.739478 0.67318 0
    outer loop
      vertex -1.51414 4.51414 0.799999
      vertex -1.51546 4.51269 0
      vertex -1.51546 4.51269 0.799999
    endloop
  endfacet
  facet normal -0.14285 0.989744 0
    outer loop
      vertex -1.50196 4.5199 0
      vertex -1.5039 4.51962 0.799999
      vertex -1.50196 4.5199 0.799999
    endloop
  endfacet
  facet normal -0.14285 0.989744 0
    outer loop
      vertex -1.5039 4.51962 0.799999
      vertex -1.50196 4.5199 0
      vertex -1.5039 4.51962 0
    endloop
  endfacet
  facet normal -0.904358 0.426775 0
    outer loop
      vertex -1.51848 4.50765 0
      vertex -1.51764 4.50943 0.799999
      vertex -1.51764 4.50943 0
    endloop
  endfacet
  facet normal -0.904358 0.426775 0
    outer loop
      vertex -1.51764 4.50943 0.799999
      vertex -1.51848 4.50765 0
      vertex -1.51848 4.50765 0.799999
    endloop
  endfacet
  facet normal -0.969843 0.24373 0
    outer loop
      vertex -1.51962 4.5039 0
      vertex -1.51914 4.50581 0.799999
      vertex -1.51914 4.50581 0
    endloop
  endfacet
  facet normal -0.969843 0.24373 0
    outer loop
      vertex -1.51914 4.50581 0.799999
      vertex -1.51962 4.5039 0
      vertex -1.51962 4.5039 0.799999
    endloop
  endfacet
  facet normal 0.24373 0.969843 -0
    outer loop
      vertex -1.49419 4.51914 0
      vertex -1.4961 4.51962 0.799999
      vertex -1.49419 4.51914 0.799999
    endloop
  endfacet
  facet normal 0.24373 0.969843 0
    outer loop
      vertex -1.4961 4.51962 0.799999
      vertex -1.49419 4.51914 0
      vertex -1.4961 4.51962 0
    endloop
  endfacet
  facet normal -0.969843 -0.24373 0
    outer loop
      vertex -1.51914 4.49419 0
      vertex -1.51962 4.4961 0.799999
      vertex -1.51962 4.4961 0
    endloop
  endfacet
  facet normal -0.969843 -0.24373 0
    outer loop
      vertex -1.51962 4.4961 0.799999
      vertex -1.51914 4.49419 0
      vertex -1.51914 4.49419 0.799999
    endloop
  endfacet
  facet normal -0.426775 -0.904358 0
    outer loop
      vertex -1.50943 4.48236 0
      vertex -1.50765 4.48152 0.799999
      vertex -1.50943 4.48236 0.799999
    endloop
  endfacet
  facet normal -0.426775 -0.904358 -0
    outer loop
      vertex -1.50765 4.48152 0.799999
      vertex -1.50943 4.48236 0
      vertex -1.50765 4.48152 0
    endloop
  endfacet
  facet normal -0.739478 -0.67318 0
    outer loop
      vertex -1.51414 4.48586 0
      vertex -1.51546 4.48731 0.799999
      vertex -1.51546 4.48731 0
    endloop
  endfacet
  facet normal -0.739478 -0.67318 0
    outer loop
      vertex -1.51546 4.48731 0.799999
      vertex -1.51414 4.48586 0
      vertex -1.51414 4.48586 0.799999
    endloop
  endfacet
  facet normal 0.426775 -0.904358 0
    outer loop
      vertex -1.49235 4.48152 0
      vertex -1.49057 4.48236 0.799999
      vertex -1.49235 4.48152 0.799999
    endloop
  endfacet
  facet normal 0.426775 -0.904358 0
    outer loop
      vertex -1.49057 4.48236 0.799999
      vertex -1.49235 4.48152 0
      vertex -1.49057 4.48236 0
    endloop
  endfacet
  facet normal 0.0509541 -0.998701 0
    outer loop
      vertex -1.5 4.48 0
      vertex -1.49804 4.4801 0.799999
      vertex -1.5 4.48 0.799999
    endloop
  endfacet
  facet normal 0.0509541 -0.998701 0
    outer loop
      vertex -1.49804 4.4801 0.799999
      vertex -1.5 4.48 0
      vertex -1.49804 4.4801 0
    endloop
  endfacet
  facet normal -0.989744 -0.14285 0
    outer loop
      vertex -1.51962 4.4961 0
      vertex -1.5199 4.49804 0.799999
      vertex -1.5199 4.49804 0
    endloop
  endfacet
  facet normal -0.989744 -0.14285 0
    outer loop
      vertex -1.5199 4.49804 0.799999
      vertex -1.51962 4.4961 0
      vertex -1.51962 4.4961 0.799999
    endloop
  endfacet
  facet normal 0.595106 -0.803647 0
    outer loop
      vertex -1.48889 4.48337 0
      vertex -1.48731 4.48454 0.799999
      vertex -1.48889 4.48337 0.799999
    endloop
  endfacet
  facet normal 0.595106 -0.803647 0
    outer loop
      vertex -1.48731 4.48454 0.799999
      vertex -1.48889 4.48337 0
      vertex -1.48731 4.48454 0
    endloop
  endfacet
  facet normal -0.803647 -0.595106 0
    outer loop
      vertex -1.51546 4.48731 0
      vertex -1.51663 4.48889 0.799999
      vertex -1.51663 4.48889 0
    endloop
  endfacet
  facet normal -0.803647 -0.595106 0
    outer loop
      vertex -1.51663 4.48889 0.799999
      vertex -1.51546 4.48731 0
      vertex -1.51546 4.48731 0.799999
    endloop
  endfacet
  facet normal -0.998701 0.0509541 0
    outer loop
      vertex -1.52 4.5 0
      vertex -1.5199 4.50196 0.799999
      vertex -1.5199 4.50196 0
    endloop
  endfacet
  facet normal -0.998701 0.0509541 0
    outer loop
      vertex -1.5199 4.50196 0.799999
      vertex -1.52 4.5 0
      vertex -1.52 4.5 0.799999
    endloop
  endfacet
  facet normal 0.739478 -0.67318 0
    outer loop
      vertex -1.48586 4.48586 0.799999
      vertex -1.48454 4.48731 0
      vertex -1.48454 4.48731 0.799999
    endloop
  endfacet
  facet normal 0.739478 -0.67318 0
    outer loop
      vertex -1.48454 4.48731 0
      vertex -1.48586 4.48586 0.799999
      vertex -1.48586 4.48586 0
    endloop
  endfacet
  facet normal 0.989744 0.14285 0
    outer loop
      vertex 1.5199 -4.49804 0.799999
      vertex 1.51962 -4.4961 0
      vertex 1.51962 -4.4961 0.799999
    endloop
  endfacet
  facet normal 0.989744 0.14285 0
    outer loop
      vertex 1.51962 -4.4961 0
      vertex 1.5199 -4.49804 0.799999
      vertex 1.5199 -4.49804 0
    endloop
  endfacet
  facet normal 0.998701 0.0509541 0
    outer loop
      vertex 1.52 -4.5 0.799999
      vertex 1.5199 -4.49804 0
      vertex 1.5199 -4.49804 0.799999
    endloop
  endfacet
  facet normal 0.998701 0.0509541 0
    outer loop
      vertex 1.5199 -4.49804 0
      vertex 1.52 -4.5 0.799999
      vertex 1.52 -4.5 0
    endloop
  endfacet
  facet normal 0.969843 0.24373 0
    outer loop
      vertex 1.51962 -4.4961 0.799999
      vertex 1.51914 -4.49419 0
      vertex 1.51914 -4.49419 0.799999
    endloop
  endfacet
  facet normal 0.969843 0.24373 0
    outer loop
      vertex 1.51914 -4.49419 0
      vertex 1.51962 -4.4961 0.799999
      vertex 1.51962 -4.4961 0
    endloop
  endfacet
  facet normal -0.515246 -0.857042 0
    outer loop
      vertex 1.48889 -4.51663 0
      vertex 1.49057 -4.51764 0.799999
      vertex 1.48889 -4.51663 0.799999
    endloop
  endfacet
  facet normal -0.515246 -0.857042 -0
    outer loop
      vertex 1.49057 -4.51764 0.799999
      vertex 1.48889 -4.51663 0
      vertex 1.49057 -4.51764 0
    endloop
  endfacet
  facet normal 0.14285 0.989744 -0
    outer loop
      vertex 1.5039 -4.48038 0
      vertex 1.50196 -4.4801 0.799999
      vertex 1.5039 -4.48038 0.799999
    endloop
  endfacet
  facet normal 0.14285 0.989744 0
    outer loop
      vertex 1.50196 -4.4801 0.799999
      vertex 1.5039 -4.48038 0
      vertex 1.50196 -4.4801 0
    endloop
  endfacet
  facet normal -0.426775 -0.904358 0
    outer loop
      vertex 1.49057 -4.51764 0
      vertex 1.49235 -4.51848 0.799999
      vertex 1.49057 -4.51764 0.799999
    endloop
  endfacet
  facet normal -0.426775 -0.904358 -0
    outer loop
      vertex 1.49235 -4.51848 0.799999
      vertex 1.49057 -4.51764 0
      vertex 1.49235 -4.51848 0
    endloop
  endfacet
  facet normal 0.426775 -0.904358 0
    outer loop
      vertex 1.50765 -4.51848 0
      vertex 1.50943 -4.51764 0.799999
      vertex 1.50765 -4.51848 0.799999
    endloop
  endfacet
  facet normal 0.426775 -0.904358 0
    outer loop
      vertex 1.50943 -4.51764 0.799999
      vertex 1.50765 -4.51848 0
      vertex 1.50943 -4.51764 0
    endloop
  endfacet
  facet normal 0.0509541 0.998701 -0
    outer loop
      vertex 1.50196 -4.4801 0
      vertex 1.5 -4.48 0.799999
      vertex 1.50196 -4.4801 0.799999
    endloop
  endfacet
  facet normal 0.0509541 0.998701 0
    outer loop
      vertex 1.5 -4.48 0.799999
      vertex 1.50196 -4.4801 0
      vertex 1.5 -4.48 0
    endloop
  endfacet
  facet normal 0.989744 -0.14285 0
    outer loop
      vertex 1.51962 -4.5039 0.799999
      vertex 1.5199 -4.50196 0
      vertex 1.5199 -4.50196 0.799999
    endloop
  endfacet
  facet normal 0.989744 -0.14285 0
    outer loop
      vertex 1.5199 -4.50196 0
      vertex 1.51962 -4.5039 0.799999
      vertex 1.51962 -4.5039 0
    endloop
  endfacet
  facet normal -0.941278 -0.337632 0
    outer loop
      vertex 1.48152 -4.50765 0
      vertex 1.48086 -4.50581 0.799999
      vertex 1.48086 -4.50581 0
    endloop
  endfacet
  facet normal -0.941278 -0.337632 0
    outer loop
      vertex 1.48086 -4.50581 0.799999
      vertex 1.48152 -4.50765 0
      vertex 1.48152 -4.50765 0.799999
    endloop
  endfacet
  facet normal -0.904358 -0.426775 0
    outer loop
      vertex 1.48236 -4.50943 0
      vertex 1.48152 -4.50765 0.799999
      vertex 1.48152 -4.50765 0
    endloop
  endfacet
  facet normal -0.904358 -0.426775 0
    outer loop
      vertex 1.48152 -4.50765 0.799999
      vertex 1.48236 -4.50943 0
      vertex 1.48236 -4.50943 0.799999
    endloop
  endfacet
  facet normal -0.941278 0.337632 0
    outer loop
      vertex 1.48086 -4.49419 0
      vertex 1.48152 -4.49235 0.799999
      vertex 1.48152 -4.49235 0
    endloop
  endfacet
  facet normal -0.941278 0.337632 0
    outer loop
      vertex 1.48152 -4.49235 0.799999
      vertex 1.48086 -4.49419 0
      vertex 1.48086 -4.49419 0.799999
    endloop
  endfacet
  facet normal -0.595106 0.803647 0
    outer loop
      vertex 1.48889 -4.48337 0
      vertex 1.48731 -4.48454 0.799999
      vertex 1.48889 -4.48337 0.799999
    endloop
  endfacet
  facet normal -0.595106 0.803647 0
    outer loop
      vertex 1.48731 -4.48454 0.799999
      vertex 1.48889 -4.48337 0
      vertex 1.48731 -4.48454 0
    endloop
  endfacet
  facet normal -0.426775 0.904358 0
    outer loop
      vertex 1.49235 -4.48152 0
      vertex 1.49057 -4.48236 0.799999
      vertex 1.49235 -4.48152 0.799999
    endloop
  endfacet
  facet normal -0.426775 0.904358 0
    outer loop
      vertex 1.49057 -4.48236 0.799999
      vertex 1.49235 -4.48152 0
      vertex 1.49057 -4.48236 0
    endloop
  endfacet
  facet normal 0.515246 -0.857042 0
    outer loop
      vertex 1.50943 -4.51764 0
      vertex 1.51111 -4.51663 0.799999
      vertex 1.50943 -4.51764 0.799999
    endloop
  endfacet
  facet normal 0.515246 -0.857042 0
    outer loop
      vertex 1.51111 -4.51663 0.799999
      vertex 1.50943 -4.51764 0
      vertex 1.51111 -4.51663 0
    endloop
  endfacet
  facet normal -0.739478 -0.67318 0
    outer loop
      vertex 1.48586 -4.51414 0
      vertex 1.48454 -4.51269 0.799999
      vertex 1.48454 -4.51269 0
    endloop
  endfacet
  facet normal -0.739478 -0.67318 0
    outer loop
      vertex 1.48454 -4.51269 0.799999
      vertex 1.48586 -4.51414 0
      vertex 1.48586 -4.51414 0.799999
    endloop
  endfacet
  facet normal 0.904358 0.426775 0
    outer loop
      vertex 1.51848 -4.49235 0.799999
      vertex 1.51764 -4.49057 0
      vertex 1.51764 -4.49057 0.799999
    endloop
  endfacet
  facet normal 0.904358 0.426775 0
    outer loop
      vertex 1.51764 -4.49057 0
      vertex 1.51848 -4.49235 0.799999
      vertex 1.51848 -4.49235 0
    endloop
  endfacet
  facet normal 0.998701 -0.0509541 0
    outer loop
      vertex 1.5199 -4.50196 0.799999
      vertex 1.52 -4.5 0
      vertex 1.52 -4.5 0.799999
    endloop
  endfacet
  facet normal 0.998701 -0.0509541 0
    outer loop
      vertex 1.52 -4.5 0
      vertex 1.5199 -4.50196 0.799999
      vertex 1.5199 -4.50196 0
    endloop
  endfacet
  facet normal 0.595106 -0.803647 0
    outer loop
      vertex 1.51111 -4.51663 0
      vertex 1.51269 -4.51546 0.799999
      vertex 1.51111 -4.51663 0.799999
    endloop
  endfacet
  facet normal 0.595106 -0.803647 0
    outer loop
      vertex 1.51269 -4.51546 0.799999
      vertex 1.51111 -4.51663 0
      vertex 1.51269 -4.51546 0
    endloop
  endfacet
  facet normal 0.14285 -0.989744 0
    outer loop
      vertex 1.50196 -4.5199 0
      vertex 1.5039 -4.51962 0.799999
      vertex 1.50196 -4.5199 0.799999
    endloop
  endfacet
  facet normal 0.14285 -0.989744 0
    outer loop
      vertex 1.5039 -4.51962 0.799999
      vertex 1.50196 -4.5199 0
      vertex 1.5039 -4.51962 0
    endloop
  endfacet
  facet normal 0.337632 -0.941278 0
    outer loop
      vertex 1.50581 -4.51914 0
      vertex 1.50765 -4.51848 0.799999
      vertex 1.50581 -4.51914 0.799999
    endloop
  endfacet
  facet normal 0.337632 -0.941278 0
    outer loop
      vertex 1.50765 -4.51848 0.799999
      vertex 1.50581 -4.51914 0
      vertex 1.50765 -4.51848 0
    endloop
  endfacet
  facet normal -0.857042 0.515246 0
    outer loop
      vertex 1.48236 -4.49057 0
      vertex 1.48337 -4.48889 0.799999
      vertex 1.48337 -4.48889 0
    endloop
  endfacet
  facet normal -0.857042 0.515246 0
    outer loop
      vertex 1.48337 -4.48889 0.799999
      vertex 1.48236 -4.49057 0
      vertex 1.48236 -4.49057 0.799999
    endloop
  endfacet
  facet normal 0.515246 0.857042 -0
    outer loop
      vertex 1.51111 -4.48337 0
      vertex 1.50943 -4.48236 0.799999
      vertex 1.51111 -4.48337 0.799999
    endloop
  endfacet
  facet normal 0.515246 0.857042 0
    outer loop
      vertex 1.50943 -4.48236 0.799999
      vertex 1.51111 -4.48337 0
      vertex 1.50943 -4.48236 0
    endloop
  endfacet
  facet normal 0.803647 0.595106 0
    outer loop
      vertex 1.51663 -4.48889 0.799999
      vertex 1.51546 -4.48731 0
      vertex 1.51546 -4.48731 0.799999
    endloop
  endfacet
  facet normal 0.803647 0.595106 0
    outer loop
      vertex 1.51546 -4.48731 0
      vertex 1.51663 -4.48889 0.799999
      vertex 1.51663 -4.48889 0
    endloop
  endfacet
  facet normal -0.515246 0.857042 0
    outer loop
      vertex 1.49057 -4.48236 0
      vertex 1.48889 -4.48337 0.799999
      vertex 1.49057 -4.48236 0.799999
    endloop
  endfacet
  facet normal -0.515246 0.857042 0
    outer loop
      vertex 1.48889 -4.48337 0.799999
      vertex 1.49057 -4.48236 0
      vertex 1.48889 -4.48337 0
    endloop
  endfacet
  facet normal -0.14285 0.989744 0
    outer loop
      vertex 1.49804 -4.4801 0
      vertex 1.4961 -4.48038 0.799999
      vertex 1.49804 -4.4801 0.799999
    endloop
  endfacet
  facet normal -0.14285 0.989744 0
    outer loop
      vertex 1.4961 -4.48038 0.799999
      vertex 1.49804 -4.4801 0
      vertex 1.4961 -4.48038 0
    endloop
  endfacet
  facet normal 0.969843 -0.24373 0
    outer loop
      vertex 1.51914 -4.50581 0.799999
      vertex 1.51962 -4.5039 0
      vertex 1.51962 -4.5039 0.799999
    endloop
  endfacet
  facet normal 0.969843 -0.24373 0
    outer loop
      vertex 1.51962 -4.5039 0
      vertex 1.51914 -4.50581 0.799999
      vertex 1.51914 -4.50581 0
    endloop
  endfacet
  facet normal -0.998701 -0.0509541 0
    outer loop
      vertex 1.4801 -4.50196 0
      vertex 1.48 -4.5 0.799999
      vertex 1.48 -4.5 0
    endloop
  endfacet
  facet normal -0.998701 -0.0509541 0
    outer loop
      vertex 1.48 -4.5 0.799999
      vertex 1.4801 -4.50196 0
      vertex 1.4801 -4.50196 0.799999
    endloop
  endfacet
  facet normal -0.337632 0.941278 0
    outer loop
      vertex 1.49419 -4.48086 0
      vertex 1.49235 -4.48152 0.799999
      vertex 1.49419 -4.48086 0.799999
    endloop
  endfacet
  facet normal -0.337632 0.941278 0
    outer loop
      vertex 1.49235 -4.48152 0.799999
      vertex 1.49419 -4.48086 0
      vertex 1.49235 -4.48152 0
    endloop
  endfacet
  facet normal 0.857042 -0.515246 0
    outer loop
      vertex 1.51663 -4.51111 0.799999
      vertex 1.51764 -4.50943 0
      vertex 1.51764 -4.50943 0.799999
    endloop
  endfacet
  facet normal 0.857042 -0.515246 0
    outer loop
      vertex 1.51764 -4.50943 0
      vertex 1.51663 -4.51111 0.799999
      vertex 1.51663 -4.51111 0
    endloop
  endfacet
  facet normal -0.595106 -0.803647 0
    outer loop
      vertex 1.48731 -4.51546 0
      vertex 1.48889 -4.51663 0.799999
      vertex 1.48731 -4.51546 0.799999
    endloop
  endfacet
  facet normal -0.595106 -0.803647 -0
    outer loop
      vertex 1.48889 -4.51663 0.799999
      vertex 1.48731 -4.51546 0
      vertex 1.48889 -4.51663 0
    endloop
  endfacet
  facet normal 0.24373 0.969843 -0
    outer loop
      vertex 1.50581 -4.48086 0
      vertex 1.5039 -4.48038 0.799999
      vertex 1.50581 -4.48086 0.799999
    endloop
  endfacet
  facet normal 0.24373 0.969843 0
    outer loop
      vertex 1.5039 -4.48038 0.799999
      vertex 1.50581 -4.48086 0
      vertex 1.5039 -4.48038 0
    endloop
  endfacet
  facet normal 0.941278 0.337632 0
    outer loop
      vertex 1.51914 -4.49419 0.799999
      vertex 1.51848 -4.49235 0
      vertex 1.51848 -4.49235 0.799999
    endloop
  endfacet
  facet normal 0.941278 0.337632 0
    outer loop
      vertex 1.51848 -4.49235 0
      vertex 1.51914 -4.49419 0.799999
      vertex 1.51914 -4.49419 0
    endloop
  endfacet
  facet normal 0.857042 0.515246 0
    outer loop
      vertex 1.51764 -4.49057 0.799999
      vertex 1.51663 -4.48889 0
      vertex 1.51663 -4.48889 0.799999
    endloop
  endfacet
  facet normal 0.857042 0.515246 0
    outer loop
      vertex 1.51663 -4.48889 0
      vertex 1.51764 -4.49057 0.799999
      vertex 1.51764 -4.49057 0
    endloop
  endfacet
  facet normal -0.739478 0.67318 0
    outer loop
      vertex 1.48454 -4.48731 0
      vertex 1.48586 -4.48586 0.799999
      vertex 1.48586 -4.48586 0
    endloop
  endfacet
  facet normal -0.739478 0.67318 0
    outer loop
      vertex 1.48586 -4.48586 0.799999
      vertex 1.48454 -4.48731 0
      vertex 1.48454 -4.48731 0.799999
    endloop
  endfacet
  facet normal 0.67318 0.739478 -0
    outer loop
      vertex 1.51414 -4.48586 0
      vertex 1.51269 -4.48454 0.799999
      vertex 1.51414 -4.48586 0.799999
    endloop
  endfacet
  facet normal 0.67318 0.739478 0
    outer loop
      vertex 1.51269 -4.48454 0.799999
      vertex 1.51414 -4.48586 0
      vertex 1.51269 -4.48454 0
    endloop
  endfacet
  facet normal -0.989744 0.14285 0
    outer loop
      vertex 1.4801 -4.49804 0
      vertex 1.48038 -4.4961 0.799999
      vertex 1.48038 -4.4961 0
    endloop
  endfacet
  facet normal -0.989744 0.14285 0
    outer loop
      vertex 1.48038 -4.4961 0.799999
      vertex 1.4801 -4.49804 0
      vertex 1.4801 -4.49804 0.799999
    endloop
  endfacet
  facet normal 0.337632 0.941278 -0
    outer loop
      vertex 1.50765 -4.48152 0
      vertex 1.50581 -4.48086 0.799999
      vertex 1.50765 -4.48152 0.799999
    endloop
  endfacet
  facet normal 0.337632 0.941278 0
    outer loop
      vertex 1.50581 -4.48086 0.799999
      vertex 1.50765 -4.48152 0
      vertex 1.50581 -4.48086 0
    endloop
  endfacet
  facet normal -0.24373 0.969843 0
    outer loop
      vertex 1.4961 -4.48038 0
      vertex 1.49419 -4.48086 0.799999
      vertex 1.4961 -4.48038 0.799999
    endloop
  endfacet
  facet normal -0.24373 0.969843 0
    outer loop
      vertex 1.49419 -4.48086 0.799999
      vertex 1.4961 -4.48038 0
      vertex 1.49419 -4.48086 0
    endloop
  endfacet
  facet normal 0.0509541 -0.998701 0
    outer loop
      vertex 1.5 -4.52 0
      vertex 1.50196 -4.5199 0.799999
      vertex 1.5 -4.52 0.799999
    endloop
  endfacet
  facet normal 0.0509541 -0.998701 0
    outer loop
      vertex 1.50196 -4.5199 0.799999
      vertex 1.5 -4.52 0
      vertex 1.50196 -4.5199 0
    endloop
  endfacet
  facet normal 0.595106 0.803647 -0
    outer loop
      vertex 1.51269 -4.48454 0
      vertex 1.51111 -4.48337 0.799999
      vertex 1.51269 -4.48454 0.799999
    endloop
  endfacet
  facet normal 0.595106 0.803647 0
    outer loop
      vertex 1.51111 -4.48337 0.799999
      vertex 1.51269 -4.48454 0
      vertex 1.51111 -4.48337 0
    endloop
  endfacet
  facet normal 0.739478 -0.67318 0
    outer loop
      vertex 1.51414 -4.51414 0.799999
      vertex 1.51546 -4.51269 0
      vertex 1.51546 -4.51269 0.799999
    endloop
  endfacet
  facet normal 0.739478 -0.67318 0
    outer loop
      vertex 1.51546 -4.51269 0
      vertex 1.51414 -4.51414 0.799999
      vertex 1.51414 -4.51414 0
    endloop
  endfacet
  facet normal -0.67318 -0.739478 0
    outer loop
      vertex 1.48586 -4.51414 0
      vertex 1.48731 -4.51546 0.799999
      vertex 1.48586 -4.51414 0.799999
    endloop
  endfacet
  facet normal -0.67318 -0.739478 -0
    outer loop
      vertex 1.48731 -4.51546 0.799999
      vertex 1.48586 -4.51414 0
      vertex 1.48731 -4.51546 0
    endloop
  endfacet
  facet normal 0.941278 -0.337632 0
    outer loop
      vertex 1.51848 -4.50765 0.799999
      vertex 1.51914 -4.50581 0
      vertex 1.51914 -4.50581 0.799999
    endloop
  endfacet
  facet normal 0.941278 -0.337632 0
    outer loop
      vertex 1.51914 -4.50581 0
      vertex 1.51848 -4.50765 0.799999
      vertex 1.51848 -4.50765 0
    endloop
  endfacet
  facet normal 0.803647 -0.595106 0
    outer loop
      vertex 1.51546 -4.51269 0.799999
      vertex 1.51663 -4.51111 0
      vertex 1.51663 -4.51111 0.799999
    endloop
  endfacet
  facet normal 0.803647 -0.595106 0
    outer loop
      vertex 1.51663 -4.51111 0
      vertex 1.51546 -4.51269 0.799999
      vertex 1.51546 -4.51269 0
    endloop
  endfacet
  facet normal 0.426775 0.904358 -0
    outer loop
      vertex 1.50943 -4.48236 0
      vertex 1.50765 -4.48152 0.799999
      vertex 1.50943 -4.48236 0.799999
    endloop
  endfacet
  facet normal 0.426775 0.904358 0
    outer loop
      vertex 1.50765 -4.48152 0.799999
      vertex 1.50943 -4.48236 0
      vertex 1.50765 -4.48152 0
    endloop
  endfacet
  facet normal -0.14285 -0.989744 0
    outer loop
      vertex 1.4961 -4.51962 0
      vertex 1.49804 -4.5199 0.799999
      vertex 1.4961 -4.51962 0.799999
    endloop
  endfacet
  facet normal -0.14285 -0.989744 -0
    outer loop
      vertex 1.49804 -4.5199 0.799999
      vertex 1.4961 -4.51962 0
      vertex 1.49804 -4.5199 0
    endloop
  endfacet
  facet normal -0.0509541 0.998701 0
    outer loop
      vertex 1.5 -4.48 0
      vertex 1.49804 -4.4801 0.799999
      vertex 1.5 -4.48 0.799999
    endloop
  endfacet
  facet normal -0.0509541 0.998701 0
    outer loop
      vertex 1.49804 -4.4801 0.799999
      vertex 1.5 -4.48 0
      vertex 1.49804 -4.4801 0
    endloop
  endfacet
  facet normal -0.67318 0.739478 0
    outer loop
      vertex 1.48731 -4.48454 0
      vertex 1.48586 -4.48586 0.799999
      vertex 1.48731 -4.48454 0.799999
    endloop
  endfacet
  facet normal -0.67318 0.739478 0
    outer loop
      vertex 1.48586 -4.48586 0.799999
      vertex 1.48731 -4.48454 0
      vertex 1.48586 -4.48586 0
    endloop
  endfacet
  facet normal -0.969843 0.24373 0
    outer loop
      vertex 1.48038 -4.4961 0
      vertex 1.48086 -4.49419 0.799999
      vertex 1.48086 -4.49419 0
    endloop
  endfacet
  facet normal -0.969843 0.24373 0
    outer loop
      vertex 1.48086 -4.49419 0.799999
      vertex 1.48038 -4.4961 0
      vertex 1.48038 -4.4961 0.799999
    endloop
  endfacet
  facet normal -0.857042 -0.515246 0
    outer loop
      vertex 1.48337 -4.51111 0
      vertex 1.48236 -4.50943 0.799999
      vertex 1.48236 -4.50943 0
    endloop
  endfacet
  facet normal -0.857042 -0.515246 0
    outer loop
      vertex 1.48236 -4.50943 0.799999
      vertex 1.48337 -4.51111 0
      vertex 1.48337 -4.51111 0.799999
    endloop
  endfacet
  facet normal 0.24373 -0.969843 0
    outer loop
      vertex 1.5039 -4.51962 0
      vertex 1.50581 -4.51914 0.799999
      vertex 1.5039 -4.51962 0.799999
    endloop
  endfacet
  facet normal 0.24373 -0.969843 0
    outer loop
      vertex 1.50581 -4.51914 0.799999
      vertex 1.5039 -4.51962 0
      vertex 1.50581 -4.51914 0
    endloop
  endfacet
  facet normal -0.904358 0.426775 0
    outer loop
      vertex 1.48152 -4.49235 0
      vertex 1.48236 -4.49057 0.799999
      vertex 1.48236 -4.49057 0
    endloop
  endfacet
  facet normal -0.904358 0.426775 0
    outer loop
      vertex 1.48236 -4.49057 0.799999
      vertex 1.48152 -4.49235 0
      vertex 1.48152 -4.49235 0.799999
    endloop
  endfacet
  facet normal -0.969843 -0.24373 0
    outer loop
      vertex 1.48086 -4.50581 0
      vertex 1.48038 -4.5039 0.799999
      vertex 1.48038 -4.5039 0
    endloop
  endfacet
  facet normal -0.969843 -0.24373 0
    outer loop
      vertex 1.48038 -4.5039 0.799999
      vertex 1.48086 -4.50581 0
      vertex 1.48086 -4.50581 0.799999
    endloop
  endfacet
  facet normal -0.803647 0.595106 0
    outer loop
      vertex 1.48337 -4.48889 0
      vertex 1.48454 -4.48731 0.799999
      vertex 1.48454 -4.48731 0
    endloop
  endfacet
  facet normal -0.803647 0.595106 0
    outer loop
      vertex 1.48454 -4.48731 0.799999
      vertex 1.48337 -4.48889 0
      vertex 1.48337 -4.48889 0.799999
    endloop
  endfacet
  facet normal -0.803647 -0.595106 0
    outer loop
      vertex 1.48454 -4.51269 0
      vertex 1.48337 -4.51111 0.799999
      vertex 1.48337 -4.51111 0
    endloop
  endfacet
  facet normal -0.803647 -0.595106 0
    outer loop
      vertex 1.48337 -4.51111 0.799999
      vertex 1.48454 -4.51269 0
      vertex 1.48454 -4.51269 0.799999
    endloop
  endfacet
  facet normal -0.989744 -0.14285 0
    outer loop
      vertex 1.48038 -4.5039 0
      vertex 1.4801 -4.50196 0.799999
      vertex 1.4801 -4.50196 0
    endloop
  endfacet
  facet normal -0.989744 -0.14285 0
    outer loop
      vertex 1.4801 -4.50196 0.799999
      vertex 1.48038 -4.5039 0
      vertex 1.48038 -4.5039 0.799999
    endloop
  endfacet
  facet normal 0.904358 -0.426775 0
    outer loop
      vertex 1.51764 -4.50943 0.799999
      vertex 1.51848 -4.50765 0
      vertex 1.51848 -4.50765 0.799999
    endloop
  endfacet
  facet normal 0.904358 -0.426775 0
    outer loop
      vertex 1.51848 -4.50765 0
      vertex 1.51764 -4.50943 0.799999
      vertex 1.51764 -4.50943 0
    endloop
  endfacet
  facet normal -0.24373 -0.969843 0
    outer loop
      vertex 1.49419 -4.51914 0
      vertex 1.4961 -4.51962 0.799999
      vertex 1.49419 -4.51914 0.799999
    endloop
  endfacet
  facet normal -0.24373 -0.969843 -0
    outer loop
      vertex 1.4961 -4.51962 0.799999
      vertex 1.49419 -4.51914 0
      vertex 1.4961 -4.51962 0
    endloop
  endfacet
  facet normal 0.739478 0.67318 0
    outer loop
      vertex 1.51546 -4.48731 0.799999
      vertex 1.51414 -4.48586 0
      vertex 1.51414 -4.48586 0.799999
    endloop
  endfacet
  facet normal 0.739478 0.67318 0
    outer loop
      vertex 1.51414 -4.48586 0
      vertex 1.51546 -4.48731 0.799999
      vertex 1.51546 -4.48731 0
    endloop
  endfacet
  facet normal -0.0509541 -0.998701 0
    outer loop
      vertex 1.49804 -4.5199 0
      vertex 1.5 -4.52 0.799999
      vertex 1.49804 -4.5199 0.799999
    endloop
  endfacet
  facet normal -0.0509541 -0.998701 -0
    outer loop
      vertex 1.5 -4.52 0.799999
      vertex 1.49804 -4.5199 0
      vertex 1.5 -4.52 0
    endloop
  endfacet
  facet normal 0 0 1
    outer loop
      vertex 1.5199 -4.49804 0.799999
      vertex 1.5199 -4.50196 0.799999
      vertex 1.52 -4.5 0.799999
    endloop
  endfacet
  facet normal 0 0 1
    outer loop
      vertex 1.51962 -4.4961 0.799999
      vertex 1.5199 -4.50196 0.799999
      vertex 1.5199 -4.49804 0.799999
    endloop
  endfacet
  facet normal 0 0 1
    outer loop
      vertex 1.51962 -4.4961 0.799999
      vertex 1.51962 -4.5039 0.799999
      vertex 1.5199 -4.50196 0.799999
    endloop
  endfacet
  facet normal 0 0 1
    outer loop
      vertex 1.51914 -4.49419 0.799999
      vertex 1.51962 -4.5039 0.799999
      vertex 1.51962 -4.4961 0.799999
    endloop
  endfacet
  facet normal 0 0 1
    outer loop
      vertex 1.51914 -4.49419 0.799999
      vertex 1.51914 -4.50581 0.799999
      vertex 1.51962 -4.5039 0.799999
    endloop
  endfacet
  facet normal 0 0 1
    outer loop
      vertex 1.51848 -4.49235 0.799999
      vertex 1.51914 -4.50581 0.799999
      vertex 1.51914 -4.49419 0.799999
    endloop
  endfacet
  facet normal 0 0 1
    outer loop
      vertex 1.51848 -4.49235 0.799999
      vertex 1.51848 -4.50765 0.799999
      vertex 1.51914 -4.50581 0.799999
    endloop
  endfacet
  facet normal 0 0 1
    outer loop
      vertex 1.51764 -4.49057 0.799999
      vertex 1.51848 -4.50765 0.799999
      vertex 1.51848 -4.49235 0.799999
    endloop
  endfacet
  facet normal 0 0 1
    outer loop
      vertex 1.51764 -4.49057 0.799999
      vertex 1.51764 -4.50943 0.799999
      vertex 1.51848 -4.50765 0.799999
    endloop
  endfacet
  facet normal 0 0 1
    outer loop
      vertex 1.51663 -4.48889 0.799999
      vertex 1.51764 -4.50943 0.799999
      vertex 1.51764 -4.49057 0.799999
    endloop
  endfacet
  facet normal 0 0 1
    outer loop
      vertex 1.51663 -4.48889 0.799999
      vertex 1.51663 -4.51111 0.799999
      vertex 1.51764 -4.50943 0.799999
    endloop
  endfacet
  facet normal 0 0 1
    outer loop
      vertex 1.51546 -4.48731 0.799999
      vertex 1.51663 -4.51111 0.799999
      vertex 1.51663 -4.48889 0.799999
    endloop
  endfacet
  facet normal 0 0 1
    outer loop
      vertex 1.51546 -4.48731 0.799999
      vertex 1.51546 -4.51269 0.799999
      vertex 1.51663 -4.51111 0.799999
    endloop
  endfacet
  facet normal 0 0 1
    outer loop
      vertex 1.51414 -4.48586 0.799999
      vertex 1.51546 -4.51269 0.799999
      vertex 1.51546 -4.48731 0.799999
    endloop
  endfacet
  facet normal 0 0 1
    outer loop
      vertex 1.51414 -4.48586 0.799999
      vertex 1.51414 -4.51414 0.799999
      vertex 1.51546 -4.51269 0.799999
    endloop
  endfacet
  facet normal 0 0 1
    outer loop
      vertex 1.51269 -4.48454 0.799999
      vertex 1.51414 -4.51414 0.799999
      vertex 1.51414 -4.48586 0.799999
    endloop
  endfacet
  facet normal 0 0 1
    outer loop
      vertex 1.51269 -4.48454 0.799999
      vertex 1.51269 -4.51546 0.799999
      vertex 1.51414 -4.51414 0.799999
    endloop
  endfacet
  facet normal 0 0 1
    outer loop
      vertex 1.51111 -4.48337 0.799999
      vertex 1.51269 -4.51546 0.799999
      vertex 1.51269 -4.48454 0.799999
    endloop
  endfacet
  facet normal 0 0 1
    outer loop
      vertex 1.51111 -4.48337 0.799999
      vertex 1.51111 -4.51663 0.799999
      vertex 1.51269 -4.51546 0.799999
    endloop
  endfacet
  facet normal 0 0 1
    outer loop
      vertex 1.50943 -4.48236 0.799999
      vertex 1.51111 -4.51663 0.799999
      vertex 1.51111 -4.48337 0.799999
    endloop
  endfacet
  facet normal 0 0 1
    outer loop
      vertex 1.50943 -4.48236 0.799999
      vertex 1.50943 -4.51764 0.799999
      vertex 1.51111 -4.51663 0.799999
    endloop
  endfacet
  facet normal 0 0 1
    outer loop
      vertex 1.50765 -4.48152 0.799999
      vertex 1.50943 -4.51764 0.799999
      vertex 1.50943 -4.48236 0.799999
    endloop
  endfacet
  facet normal 0 0 1
    outer loop
      vertex 1.50765 -4.48152 0.799999
      vertex 1.50765 -4.51848 0.799999
      vertex 1.50943 -4.51764 0.799999
    endloop
  endfacet
  facet normal 0 0 1
    outer loop
      vertex 1.50581 -4.48086 0.799999
      vertex 1.50765 -4.51848 0.799999
      vertex 1.50765 -4.48152 0.799999
    endloop
  endfacet
  facet normal 0 0 1
    outer loop
      vertex 1.50581 -4.48086 0.799999
      vertex 1.50581 -4.51914 0.799999
      vertex 1.50765 -4.51848 0.799999
    endloop
  endfacet
  facet normal 0 0 1
    outer loop
      vertex 1.5039 -4.48038 0.799999
      vertex 1.50581 -4.51914 0.799999
      vertex 1.50581 -4.48086 0.799999
    endloop
  endfacet
  facet normal 0 0 1
    outer loop
      vertex 1.5039 -4.48038 0.799999
      vertex 1.5039 -4.51962 0.799999
      vertex 1.50581 -4.51914 0.799999
    endloop
  endfacet
  facet normal 0 0 1
    outer loop
      vertex 1.50196 -4.4801 0.799999
      vertex 1.5039 -4.51962 0.799999
      vertex 1.5039 -4.48038 0.799999
    endloop
  endfacet
  facet normal 0 0 1
    outer loop
      vertex 1.50196 -4.4801 0.799999
      vertex 1.50196 -4.5199 0.799999
      vertex 1.5039 -4.51962 0.799999
    endloop
  endfacet
  facet normal 0 0 1
    outer loop
      vertex 1.5 -4.48 0.799999
      vertex 1.50196 -4.5199 0.799999
      vertex 1.50196 -4.4801 0.799999
    endloop
  endfacet
  facet normal 0 0 1
    outer loop
      vertex 1.5 -4.48 0.799999
      vertex 1.5 -4.52 0.799999
      vertex 1.50196 -4.5199 0.799999
    endloop
  endfacet
  facet normal -0 0 1
    outer loop
      vertex 1.49804 -4.4801 0.799999
      vertex 1.5 -4.52 0.799999
      vertex 1.5 -4.48 0.799999
    endloop
  endfacet
  facet normal 0 0 1
    outer loop
      vertex 1.49804 -4.4801 0.799999
      vertex 1.49804 -4.5199 0.799999
      vertex 1.5 -4.52 0.799999
    endloop
  endfacet
  facet normal -0 0 1
    outer loop
      vertex 1.4961 -4.48038 0.799999
      vertex 1.49804 -4.5199 0.799999
      vertex 1.49804 -4.4801 0.799999
    endloop
  endfacet
  facet normal 0 0 1
    outer loop
      vertex 1.4961 -4.48038 0.799999
      vertex 1.4961 -4.51962 0.799999
      vertex 1.49804 -4.5199 0.799999
    endloop
  endfacet
  facet normal -0 0 1
    outer loop
      vertex 1.49419 -4.48086 0.799999
      vertex 1.4961 -4.51962 0.799999
      vertex 1.4961 -4.48038 0.799999
    endloop
  endfacet
  facet normal 0 0 1
    outer loop
      vertex 1.49419 -4.48086 0.799999
      vertex 1.49419 -4.51914 0.799999
      vertex 1.4961 -4.51962 0.799999
    endloop
  endfacet
  facet normal -0 0 1
    outer loop
      vertex 1.49235 -4.48152 0.799999
      vertex 1.49419 -4.51914 0.799999
      vertex 1.49419 -4.48086 0.799999
    endloop
  endfacet
  facet normal 0 0 1
    outer loop
      vertex 1.49235 -4.48152 0.799999
      vertex 1.49235 -4.51848 0.799999
      vertex 1.49419 -4.51914 0.799999
    endloop
  endfacet
  facet normal -0 0 1
    outer loop
      vertex 1.49057 -4.48236 0.799999
      vertex 1.49235 -4.51848 0.799999
      vertex 1.49235 -4.48152 0.799999
    endloop
  endfacet
  facet normal 0 0 1
    outer loop
      vertex 1.49057 -4.48236 0.799999
      vertex 1.49057 -4.51764 0.799999
      vertex 1.49235 -4.51848 0.799999
    endloop
  endfacet
  facet normal -0 0 1
    outer loop
      vertex 1.48889 -4.48337 0.799999
      vertex 1.49057 -4.51764 0.799999
      vertex 1.49057 -4.48236 0.799999
    endloop
  endfacet
  facet normal 0 0 1
    outer loop
      vertex 1.48889 -4.48337 0.799999
      vertex 1.48889 -4.51663 0.799999
      vertex 1.49057 -4.51764 0.799999
    endloop
  endfacet
  facet normal -0 0 1
    outer loop
      vertex 1.48731 -4.48454 0.799999
      vertex 1.48889 -4.51663 0.799999
      vertex 1.48889 -4.48337 0.799999
    endloop
  endfacet
  facet normal 0 0 1
    outer loop
      vertex 1.48731 -4.48454 0.799999
      vertex 1.48731 -4.51546 0.799999
      vertex 1.48889 -4.51663 0.799999
    endloop
  endfacet
  facet normal -0 0 1
    outer loop
      vertex 1.48586 -4.48586 0.799999
      vertex 1.48731 -4.51546 0.799999
      vertex 1.48731 -4.48454 0.799999
    endloop
  endfacet
  facet normal 0 0 1
    outer loop
      vertex 1.48586 -4.48586 0.799999
      vertex 1.48586 -4.51414 0.799999
      vertex 1.48731 -4.51546 0.799999
    endloop
  endfacet
  facet normal -0 0 1
    outer loop
      vertex 1.48454 -4.48731 0.799999
      vertex 1.48586 -4.51414 0.799999
      vertex 1.48586 -4.48586 0.799999
    endloop
  endfacet
  facet normal 0 0 1
    outer loop
      vertex 1.48454 -4.48731 0.799999
      vertex 1.48454 -4.51269 0.799999
      vertex 1.48586 -4.51414 0.799999
    endloop
  endfacet
  facet normal -0 0 1
    outer loop
      vertex 1.48337 -4.48889 0.799999
      vertex 1.48454 -4.51269 0.799999
      vertex 1.48454 -4.48731 0.799999
    endloop
  endfacet
  facet normal 0 0 1
    outer loop
      vertex 1.48337 -4.48889 0.799999
      vertex 1.48337 -4.51111 0.799999
      vertex 1.48454 -4.51269 0.799999
    endloop
  endfacet
  facet normal -0 0 1
    outer loop
      vertex 1.48236 -4.49057 0.799999
      vertex 1.48337 -4.51111 0.799999
      vertex 1.48337 -4.48889 0.799999
    endloop
  endfacet
  facet normal 0 0 1
    outer loop
      vertex 1.48236 -4.49057 0.799999
      vertex 1.48236 -4.50943 0.799999
      vertex 1.48337 -4.51111 0.799999
    endloop
  endfacet
  facet normal -0 0 1
    outer loop
      vertex 1.48152 -4.49235 0.799999
      vertex 1.48236 -4.50943 0.799999
      vertex 1.48236 -4.49057 0.799999
    endloop
  endfacet
  facet normal 0 0 1
    outer loop
      vertex 1.48152 -4.49235 0.799999
      vertex 1.48152 -4.50765 0.799999
      vertex 1.48236 -4.50943 0.799999
    endloop
  endfacet
  facet normal -0 0 1
    outer loop
      vertex 1.48086 -4.49419 0.799999
      vertex 1.48152 -4.50765 0.799999
      vertex 1.48152 -4.49235 0.799999
    endloop
  endfacet
  facet normal 0 0 1
    outer loop
      vertex 1.48086 -4.49419 0.799999
      vertex 1.48086 -4.50581 0.799999
      vertex 1.48152 -4.50765 0.799999
    endloop
  endfacet
  facet normal -0 0 1
    outer loop
      vertex 1.48038 -4.4961 0.799999
      vertex 1.48086 -4.50581 0.799999
      vertex 1.48086 -4.49419 0.799999
    endloop
  endfacet
  facet normal 0 0 1
    outer loop
      vertex 1.48038 -4.4961 0.799999
      vertex 1.48038 -4.5039 0.799999
      vertex 1.48086 -4.50581 0.799999
    endloop
  endfacet
  facet normal -0 0 1
    outer loop
      vertex 1.4801 -4.49804 0.799999
      vertex 1.48038 -4.5039 0.799999
      vertex 1.48038 -4.4961 0.799999
    endloop
  endfacet
  facet normal 0 0 1
    outer loop
      vertex 1.4801 -4.49804 0.799999
      vertex 1.4801 -4.50196 0.799999
      vertex 1.48038 -4.5039 0.799999
    endloop
  endfacet
  facet normal 0 -0 1
    outer loop
      vertex 1.4801 -4.50196 0.799999
      vertex 1.4801 -4.49804 0.799999
      vertex 1.48 -4.5 0.799999
    endloop
  endfacet
  facet normal -0.998701 0.0509541 0
    outer loop
      vertex 1.48 -4.5 0
      vertex 1.4801 -4.49804 0.799999
      vertex 1.4801 -4.49804 0
    endloop
  endfacet
  facet normal -0.998701 0.0509541 0
    outer loop
      vertex 1.4801 -4.49804 0.799999
      vertex 1.48 -4.5 0
      vertex 1.48 -4.5 0.799999
    endloop
  endfacet
  facet normal -0.337632 -0.941278 0
    outer loop
      vertex 1.49235 -4.51848 0
      vertex 1.49419 -4.51914 0.799999
      vertex 1.49235 -4.51848 0.799999
    endloop
  endfacet
  facet normal -0.337632 -0.941278 -0
    outer loop
      vertex 1.49419 -4.51914 0.799999
      vertex 1.49235 -4.51848 0
      vertex 1.49419 -4.51914 0
    endloop
  endfacet
  facet normal 0.67318 -0.739478 0
    outer loop
      vertex 1.51269 -4.51546 0
      vertex 1.51414 -4.51414 0.799999
      vertex 1.51269 -4.51546 0.799999
    endloop
  endfacet
  facet normal 0.67318 -0.739478 0
    outer loop
      vertex 1.51414 -4.51414 0.799999
      vertex 1.51269 -4.51546 0
      vertex 1.51414 -4.51414 0
    endloop
  endfacet
  facet normal 0.989744 0.14285 0
    outer loop
      vertex 1.5199 -1.49804 0.799999
      vertex 1.51962 -1.4961 0
      vertex 1.51962 -1.4961 0.799999
    endloop
  endfacet
  facet normal 0.989744 0.14285 0
    outer loop
      vertex 1.51962 -1.4961 0
      vertex 1.5199 -1.49804 0.799999
      vertex 1.5199 -1.49804 0
    endloop
  endfacet
  facet normal 0.998701 0.0509541 0
    outer loop
      vertex 1.52 -1.5 0.799999
      vertex 1.5199 -1.49804 0
      vertex 1.5199 -1.49804 0.799999
    endloop
  endfacet
  facet normal 0.998701 0.0509541 0
    outer loop
      vertex 1.5199 -1.49804 0
      vertex 1.52 -1.5 0.799999
      vertex 1.52 -1.5 0
    endloop
  endfacet
  facet normal 0.969843 0.24373 0
    outer loop
      vertex 1.51962 -1.4961 0.799999
      vertex 1.51914 -1.49419 0
      vertex 1.51914 -1.49419 0.799999
    endloop
  endfacet
  facet normal 0.969843 0.24373 0
    outer loop
      vertex 1.51914 -1.49419 0
      vertex 1.51962 -1.4961 0.799999
      vertex 1.51962 -1.4961 0
    endloop
  endfacet
  facet normal -0.515246 -0.857042 0
    outer loop
      vertex 1.48889 -1.51663 0
      vertex 1.49057 -1.51764 0.799999
      vertex 1.48889 -1.51663 0.799999
    endloop
  endfacet
  facet normal -0.515246 -0.857042 -0
    outer loop
      vertex 1.49057 -1.51764 0.799999
      vertex 1.48889 -1.51663 0
      vertex 1.49057 -1.51764 0
    endloop
  endfacet
  facet normal 0.14285 0.989744 -0
    outer loop
      vertex 1.5039 -1.48038 0
      vertex 1.50196 -1.4801 0.799999
      vertex 1.5039 -1.48038 0.799999
    endloop
  endfacet
  facet normal 0.14285 0.989744 0
    outer loop
      vertex 1.50196 -1.4801 0.799999
      vertex 1.5039 -1.48038 0
      vertex 1.50196 -1.4801 0
    endloop
  endfacet
  facet normal -0.426775 -0.904358 0
    outer loop
      vertex 1.49057 -1.51764 0
      vertex 1.49235 -1.51848 0.799999
      vertex 1.49057 -1.51764 0.799999
    endloop
  endfacet
  facet normal -0.426775 -0.904358 -0
    outer loop
      vertex 1.49235 -1.51848 0.799999
      vertex 1.49057 -1.51764 0
      vertex 1.49235 -1.51848 0
    endloop
  endfacet
  facet normal 0.426775 -0.904358 0
    outer loop
      vertex 1.50765 -1.51848 0
      vertex 1.50943 -1.51764 0.799999
      vertex 1.50765 -1.51848 0.799999
    endloop
  endfacet
  facet normal 0.426775 -0.904358 0
    outer loop
      vertex 1.50943 -1.51764 0.799999
      vertex 1.50765 -1.51848 0
      vertex 1.50943 -1.51764 0
    endloop
  endfacet
  facet normal 0.0509541 0.998701 -0
    outer loop
      vertex 1.50196 -1.4801 0
      vertex 1.5 -1.48 0.799999
      vertex 1.50196 -1.4801 0.799999
    endloop
  endfacet
  facet normal 0.0509541 0.998701 0
    outer loop
      vertex 1.5 -1.48 0.799999
      vertex 1.50196 -1.4801 0
      vertex 1.5 -1.48 0
    endloop
  endfacet
  facet normal 0.989744 -0.14285 0
    outer loop
      vertex 1.51962 -1.5039 0.799999
      vertex 1.5199 -1.50196 0
      vertex 1.5199 -1.50196 0.799999
    endloop
  endfacet
  facet normal 0.989744 -0.14285 0
    outer loop
      vertex 1.5199 -1.50196 0
      vertex 1.51962 -1.5039 0.799999
      vertex 1.51962 -1.5039 0
    endloop
  endfacet
  facet normal -0.941278 -0.337632 0
    outer loop
      vertex 1.48152 -1.50765 0
      vertex 1.48086 -1.50581 0.799999
      vertex 1.48086 -1.50581 0
    endloop
  endfacet
  facet normal -0.941278 -0.337632 0
    outer loop
      vertex 1.48086 -1.50581 0.799999
      vertex 1.48152 -1.50765 0
      vertex 1.48152 -1.50765 0.799999
    endloop
  endfacet
  facet normal -0.904358 -0.426775 0
    outer loop
      vertex 1.48236 -1.50943 0
      vertex 1.48152 -1.50765 0.799999
      vertex 1.48152 -1.50765 0
    endloop
  endfacet
  facet normal -0.904358 -0.426775 0
    outer loop
      vertex 1.48152 -1.50765 0.799999
      vertex 1.48236 -1.50943 0
      vertex 1.48236 -1.50943 0.799999
    endloop
  endfacet
  facet normal -0.941278 0.337632 0
    outer loop
      vertex 1.48086 -1.49419 0
      vertex 1.48152 -1.49235 0.799999
      vertex 1.48152 -1.49235 0
    endloop
  endfacet
  facet normal -0.941278 0.337632 0
    outer loop
      vertex 1.48152 -1.49235 0.799999
      vertex 1.48086 -1.49419 0
      vertex 1.48086 -1.49419 0.799999
    endloop
  endfacet
  facet normal -0.595106 0.803647 0
    outer loop
      vertex 1.48889 -1.48337 0
      vertex 1.48731 -1.48454 0.799999
      vertex 1.48889 -1.48337 0.799999
    endloop
  endfacet
  facet normal -0.595106 0.803647 0
    outer loop
      vertex 1.48731 -1.48454 0.799999
      vertex 1.48889 -1.48337 0
      vertex 1.48731 -1.48454 0
    endloop
  endfacet
  facet normal -0.426775 0.904358 0
    outer loop
      vertex 1.49235 -1.48152 0
      vertex 1.49057 -1.48236 0.799999
      vertex 1.49235 -1.48152 0.799999
    endloop
  endfacet
  facet normal -0.426775 0.904358 0
    outer loop
      vertex 1.49057 -1.48236 0.799999
      vertex 1.49235 -1.48152 0
      vertex 1.49057 -1.48236 0
    endloop
  endfacet
  facet normal 0.515246 -0.857042 0
    outer loop
      vertex 1.50943 -1.51764 0
      vertex 1.51111 -1.51663 0.799999
      vertex 1.50943 -1.51764 0.799999
    endloop
  endfacet
  facet normal 0.515246 -0.857042 0
    outer loop
      vertex 1.51111 -1.51663 0.799999
      vertex 1.50943 -1.51764 0
      vertex 1.51111 -1.51663 0
    endloop
  endfacet
  facet normal -0.739478 -0.67318 0
    outer loop
      vertex 1.48586 -1.51414 0
      vertex 1.48454 -1.51269 0.799999
      vertex 1.48454 -1.51269 0
    endloop
  endfacet
  facet normal -0.739478 -0.67318 0
    outer loop
      vertex 1.48454 -1.51269 0.799999
      vertex 1.48586 -1.51414 0
      vertex 1.48586 -1.51414 0.799999
    endloop
  endfacet
  facet normal 0.904358 0.426775 0
    outer loop
      vertex 1.51848 -1.49235 0.799999
      vertex 1.51764 -1.49057 0
      vertex 1.51764 -1.49057 0.799999
    endloop
  endfacet
  facet normal 0.904358 0.426775 0
    outer loop
      vertex 1.51764 -1.49057 0
      vertex 1.51848 -1.49235 0.799999
      vertex 1.51848 -1.49235 0
    endloop
  endfacet
  facet normal 0.998701 -0.0509541 0
    outer loop
      vertex 1.5199 -1.50196 0.799999
      vertex 1.52 -1.5 0
      vertex 1.52 -1.5 0.799999
    endloop
  endfacet
  facet normal 0.998701 -0.0509541 0
    outer loop
      vertex 1.52 -1.5 0
      vertex 1.5199 -1.50196 0.799999
      vertex 1.5199 -1.50196 0
    endloop
  endfacet
  facet normal 0.595106 -0.803647 0
    outer loop
      vertex 1.51111 -1.51663 0
      vertex 1.51269 -1.51546 0.799999
      vertex 1.51111 -1.51663 0.799999
    endloop
  endfacet
  facet normal 0.595106 -0.803647 0
    outer loop
      vertex 1.51269 -1.51546 0.799999
      vertex 1.51111 -1.51663 0
      vertex 1.51269 -1.51546 0
    endloop
  endfacet
  facet normal 0.14285 -0.989744 0
    outer loop
      vertex 1.50196 -1.5199 0
      vertex 1.5039 -1.51962 0.799999
      vertex 1.50196 -1.5199 0.799999
    endloop
  endfacet
  facet normal 0.14285 -0.989744 0
    outer loop
      vertex 1.5039 -1.51962 0.799999
      vertex 1.50196 -1.5199 0
      vertex 1.5039 -1.51962 0
    endloop
  endfacet
  facet normal 0.595106 0.803647 -0
    outer loop
      vertex 1.51269 -1.48454 0
      vertex 1.51111 -1.48337 0.799999
      vertex 1.51269 -1.48454 0.799999
    endloop
  endfacet
  facet normal 0.595106 0.803647 0
    outer loop
      vertex 1.51111 -1.48337 0.799999
      vertex 1.51269 -1.48454 0
      vertex 1.51111 -1.48337 0
    endloop
  endfacet
  facet normal 0.337632 -0.941278 0
    outer loop
      vertex 1.50581 -1.51914 0
      vertex 1.50765 -1.51848 0.799999
      vertex 1.50581 -1.51914 0.799999
    endloop
  endfacet
  facet normal 0.337632 -0.941278 0
    outer loop
      vertex 1.50765 -1.51848 0.799999
      vertex 1.50581 -1.51914 0
      vertex 1.50765 -1.51848 0
    endloop
  endfacet
  facet normal -0.857042 0.515246 0
    outer loop
      vertex 1.48236 -1.49057 0
      vertex 1.48337 -1.48889 0.799999
      vertex 1.48337 -1.48889 0
    endloop
  endfacet
  facet normal -0.857042 0.515246 0
    outer loop
      vertex 1.48337 -1.48889 0.799999
      vertex 1.48236 -1.49057 0
      vertex 1.48236 -1.49057 0.799999
    endloop
  endfacet
  facet normal 0.515246 0.857042 -0
    outer loop
      vertex 1.51111 -1.48337 0
      vertex 1.50943 -1.48236 0.799999
      vertex 1.51111 -1.48337 0.799999
    endloop
  endfacet
  facet normal 0.515246 0.857042 0
    outer loop
      vertex 1.50943 -1.48236 0.799999
      vertex 1.51111 -1.48337 0
      vertex 1.50943 -1.48236 0
    endloop
  endfacet
  facet normal 0.803647 0.595106 0
    outer loop
      vertex 1.51663 -1.48889 0.799999
      vertex 1.51546 -1.48731 0
      vertex 1.51546 -1.48731 0.799999
    endloop
  endfacet
  facet normal 0.803647 0.595106 0
    outer loop
      vertex 1.51546 -1.48731 0
      vertex 1.51663 -1.48889 0.799999
      vertex 1.51663 -1.48889 0
    endloop
  endfacet
  facet normal -0.515246 0.857042 0
    outer loop
      vertex 1.49057 -1.48236 0
      vertex 1.48889 -1.48337 0.799999
      vertex 1.49057 -1.48236 0.799999
    endloop
  endfacet
  facet normal -0.515246 0.857042 0
    outer loop
      vertex 1.48889 -1.48337 0.799999
      vertex 1.49057 -1.48236 0
      vertex 1.48889 -1.48337 0
    endloop
  endfacet
  facet normal -0.14285 0.989744 0
    outer loop
      vertex 1.49804 -1.4801 0
      vertex 1.4961 -1.48038 0.799999
      vertex 1.49804 -1.4801 0.799999
    endloop
  endfacet
  facet normal -0.14285 0.989744 0
    outer loop
      vertex 1.4961 -1.48038 0.799999
      vertex 1.49804 -1.4801 0
      vertex 1.4961 -1.48038 0
    endloop
  endfacet
  facet normal 0.969843 -0.24373 0
    outer loop
      vertex 1.51914 -1.50581 0.799999
      vertex 1.51962 -1.5039 0
      vertex 1.51962 -1.5039 0.799999
    endloop
  endfacet
  facet normal 0.969843 -0.24373 0
    outer loop
      vertex 1.51962 -1.5039 0
      vertex 1.51914 -1.50581 0.799999
      vertex 1.51914 -1.50581 0
    endloop
  endfacet
  facet normal -0.998701 -0.0509541 0
    outer loop
      vertex 1.4801 -1.50196 0
      vertex 1.48 -1.5 0.799999
      vertex 1.48 -1.5 0
    endloop
  endfacet
  facet normal -0.998701 -0.0509541 0
    outer loop
      vertex 1.48 -1.5 0.799999
      vertex 1.4801 -1.50196 0
      vertex 1.4801 -1.50196 0.799999
    endloop
  endfacet
  facet normal -0.337632 0.941278 0
    outer loop
      vertex 1.49419 -1.48086 0
      vertex 1.49235 -1.48152 0.799999
      vertex 1.49419 -1.48086 0.799999
    endloop
  endfacet
  facet normal -0.337632 0.941278 0
    outer loop
      vertex 1.49235 -1.48152 0.799999
      vertex 1.49419 -1.48086 0
      vertex 1.49235 -1.48152 0
    endloop
  endfacet
  facet normal 0.857042 -0.515246 0
    outer loop
      vertex 1.51663 -1.51111 0.799999
      vertex 1.51764 -1.50943 0
      vertex 1.51764 -1.50943 0.799999
    endloop
  endfacet
  facet normal 0.857042 -0.515246 0
    outer loop
      vertex 1.51764 -1.50943 0
      vertex 1.51663 -1.51111 0.799999
      vertex 1.51663 -1.51111 0
    endloop
  endfacet
  facet normal -0.595106 -0.803647 0
    outer loop
      vertex 1.48731 -1.51546 0
      vertex 1.48889 -1.51663 0.799999
      vertex 1.48731 -1.51546 0.799999
    endloop
  endfacet
  facet normal -0.595106 -0.803647 -0
    outer loop
      vertex 1.48889 -1.51663 0.799999
      vertex 1.48731 -1.51546 0
      vertex 1.48889 -1.51663 0
    endloop
  endfacet
  facet normal 0.24373 0.969843 -0
    outer loop
      vertex 1.50581 -1.48086 0
      vertex 1.5039 -1.48038 0.799999
      vertex 1.50581 -1.48086 0.799999
    endloop
  endfacet
  facet normal 0.24373 0.969843 0
    outer loop
      vertex 1.5039 -1.48038 0.799999
      vertex 1.50581 -1.48086 0
      vertex 1.5039 -1.48038 0
    endloop
  endfacet
  facet normal 0.941278 0.337632 0
    outer loop
      vertex 1.51914 -1.49419 0.799999
      vertex 1.51848 -1.49235 0
      vertex 1.51848 -1.49235 0.799999
    endloop
  endfacet
  facet normal 0.941278 0.337632 0
    outer loop
      vertex 1.51848 -1.49235 0
      vertex 1.51914 -1.49419 0.799999
      vertex 1.51914 -1.49419 0
    endloop
  endfacet
  facet normal -0.739478 0.67318 0
    outer loop
      vertex 1.48454 -1.48731 0
      vertex 1.48586 -1.48586 0.799999
      vertex 1.48586 -1.48586 0
    endloop
  endfacet
  facet normal -0.739478 0.67318 0
    outer loop
      vertex 1.48586 -1.48586 0.799999
      vertex 1.48454 -1.48731 0
      vertex 1.48454 -1.48731 0.799999
    endloop
  endfacet
  facet normal 0.67318 0.739478 -0
    outer loop
      vertex 1.51414 -1.48586 0
      vertex 1.51269 -1.48454 0.799999
      vertex 1.51414 -1.48586 0.799999
    endloop
  endfacet
  facet normal 0.67318 0.739478 0
    outer loop
      vertex 1.51269 -1.48454 0.799999
      vertex 1.51414 -1.48586 0
      vertex 1.51269 -1.48454 0
    endloop
  endfacet
  facet normal -0.989744 0.14285 0
    outer loop
      vertex 1.4801 -1.49804 0
      vertex 1.48038 -1.4961 0.799999
      vertex 1.48038 -1.4961 0
    endloop
  endfacet
  facet normal -0.989744 0.14285 0
    outer loop
      vertex 1.48038 -1.4961 0.799999
      vertex 1.4801 -1.49804 0
      vertex 1.4801 -1.49804 0.799999
    endloop
  endfacet
  facet normal 0.337632 0.941278 -0
    outer loop
      vertex 1.50765 -1.48152 0
      vertex 1.50581 -1.48086 0.799999
      vertex 1.50765 -1.48152 0.799999
    endloop
  endfacet
  facet normal 0.337632 0.941278 0
    outer loop
      vertex 1.50581 -1.48086 0.799999
      vertex 1.50765 -1.48152 0
      vertex 1.50581 -1.48086 0
    endloop
  endfacet
  facet normal -0.24373 0.969843 0
    outer loop
      vertex 1.4961 -1.48038 0
      vertex 1.49419 -1.48086 0.799999
      vertex 1.4961 -1.48038 0.799999
    endloop
  endfacet
  facet normal -0.24373 0.969843 0
    outer loop
      vertex 1.49419 -1.48086 0.799999
      vertex 1.4961 -1.48038 0
      vertex 1.49419 -1.48086 0
    endloop
  endfacet
  facet normal 0.0509541 -0.998701 0
    outer loop
      vertex 1.5 -1.52 0
      vertex 1.50196 -1.5199 0.799999
      vertex 1.5 -1.52 0.799999
    endloop
  endfacet
  facet normal 0.0509541 -0.998701 0
    outer loop
      vertex 1.50196 -1.5199 0.799999
      vertex 1.5 -1.52 0
      vertex 1.50196 -1.5199 0
    endloop
  endfacet
  facet normal 0.739478 -0.67318 0
    outer loop
      vertex 1.51414 -1.51414 0.799999
      vertex 1.51546 -1.51269 0
      vertex 1.51546 -1.51269 0.799999
    endloop
  endfacet
  facet normal 0.739478 -0.67318 0
    outer loop
      vertex 1.51546 -1.51269 0
      vertex 1.51414 -1.51414 0.799999
      vertex 1.51414 -1.51414 0
    endloop
  endfacet
  facet normal -0.67318 -0.739478 0
    outer loop
      vertex 1.48586 -1.51414 0
      vertex 1.48731 -1.51546 0.799999
      vertex 1.48586 -1.51414 0.799999
    endloop
  endfacet
  facet normal -0.67318 -0.739478 -0
    outer loop
      vertex 1.48731 -1.51546 0.799999
      vertex 1.48586 -1.51414 0
      vertex 1.48731 -1.51546 0
    endloop
  endfacet
  facet normal 0.941278 -0.337632 0
    outer loop
      vertex 1.51848 -1.50765 0.799999
      vertex 1.51914 -1.50581 0
      vertex 1.51914 -1.50581 0.799999
    endloop
  endfacet
  facet normal 0.941278 -0.337632 0
    outer loop
      vertex 1.51914 -1.50581 0
      vertex 1.51848 -1.50765 0.799999
      vertex 1.51848 -1.50765 0
    endloop
  endfacet
  facet normal 0.803647 -0.595106 0
    outer loop
      vertex 1.51546 -1.51269 0.799999
      vertex 1.51663 -1.51111 0
      vertex 1.51663 -1.51111 0.799999
    endloop
  endfacet
  facet normal 0.803647 -0.595106 0
    outer loop
      vertex 1.51663 -1.51111 0
      vertex 1.51546 -1.51269 0.799999
      vertex 1.51546 -1.51269 0
    endloop
  endfacet
  facet normal 0.426775 0.904358 -0
    outer loop
      vertex 1.50943 -1.48236 0
      vertex 1.50765 -1.48152 0.799999
      vertex 1.50943 -1.48236 0.799999
    endloop
  endfacet
  facet normal 0.426775 0.904358 0
    outer loop
      vertex 1.50765 -1.48152 0.799999
      vertex 1.50943 -1.48236 0
      vertex 1.50765 -1.48152 0
    endloop
  endfacet
  facet normal -0.14285 -0.989744 0
    outer loop
      vertex 1.4961 -1.51962 0
      vertex 1.49804 -1.5199 0.799999
      vertex 1.4961 -1.51962 0.799999
    endloop
  endfacet
  facet normal -0.14285 -0.989744 -0
    outer loop
      vertex 1.49804 -1.5199 0.799999
      vertex 1.4961 -1.51962 0
      vertex 1.49804 -1.5199 0
    endloop
  endfacet
  facet normal -0.969843 0.24373 0
    outer loop
      vertex 1.48038 -1.4961 0
      vertex 1.48086 -1.49419 0.799999
      vertex 1.48086 -1.49419 0
    endloop
  endfacet
  facet normal -0.969843 0.24373 0
    outer loop
      vertex 1.48086 -1.49419 0.799999
      vertex 1.48038 -1.4961 0
      vertex 1.48038 -1.4961 0.799999
    endloop
  endfacet
  facet normal 0.857042 0.515246 0
    outer loop
      vertex 1.51764 -1.49057 0.799999
      vertex 1.51663 -1.48889 0
      vertex 1.51663 -1.48889 0.799999
    endloop
  endfacet
  facet normal 0.857042 0.515246 0
    outer loop
      vertex 1.51663 -1.48889 0
      vertex 1.51764 -1.49057 0.799999
      vertex 1.51764 -1.49057 0
    endloop
  endfacet
  facet normal -0.0509541 0.998701 0
    outer loop
      vertex 1.5 -1.48 0
      vertex 1.49804 -1.4801 0.799999
      vertex 1.5 -1.48 0.799999
    endloop
  endfacet
  facet normal -0.0509541 0.998701 0
    outer loop
      vertex 1.49804 -1.4801 0.799999
      vertex 1.5 -1.48 0
      vertex 1.49804 -1.4801 0
    endloop
  endfacet
  facet normal -0.67318 0.739478 0
    outer loop
      vertex 1.48731 -1.48454 0
      vertex 1.48586 -1.48586 0.799999
      vertex 1.48731 -1.48454 0.799999
    endloop
  endfacet
  facet normal -0.67318 0.739478 0
    outer loop
      vertex 1.48586 -1.48586 0.799999
      vertex 1.48731 -1.48454 0
      vertex 1.48586 -1.48586 0
    endloop
  endfacet
  facet normal -0.857042 -0.515246 0
    outer loop
      vertex 1.48337 -1.51111 0
      vertex 1.48236 -1.50943 0.799999
      vertex 1.48236 -1.50943 0
    endloop
  endfacet
  facet normal -0.857042 -0.515246 0
    outer loop
      vertex 1.48236 -1.50943 0.799999
      vertex 1.48337 -1.51111 0
      vertex 1.48337 -1.51111 0.799999
    endloop
  endfacet
  facet normal 0.24373 -0.969843 0
    outer loop
      vertex 1.5039 -1.51962 0
      vertex 1.50581 -1.51914 0.799999
      vertex 1.5039 -1.51962 0.799999
    endloop
  endfacet
  facet normal 0.24373 -0.969843 0
    outer loop
      vertex 1.50581 -1.51914 0.799999
      vertex 1.5039 -1.51962 0
      vertex 1.50581 -1.51914 0
    endloop
  endfacet
  facet normal -0.904358 0.426775 0
    outer loop
      vertex 1.48152 -1.49235 0
      vertex 1.48236 -1.49057 0.799999
      vertex 1.48236 -1.49057 0
    endloop
  endfacet
  facet normal -0.904358 0.426775 0
    outer loop
      vertex 1.48236 -1.49057 0.799999
      vertex 1.48152 -1.49235 0
      vertex 1.48152 -1.49235 0.799999
    endloop
  endfacet
  facet normal -0.969843 -0.24373 0
    outer loop
      vertex 1.48086 -1.50581 0
      vertex 1.48038 -1.5039 0.799999
      vertex 1.48038 -1.5039 0
    endloop
  endfacet
  facet normal -0.969843 -0.24373 0
    outer loop
      vertex 1.48038 -1.5039 0.799999
      vertex 1.48086 -1.50581 0
      vertex 1.48086 -1.50581 0.799999
    endloop
  endfacet
  facet normal -0.803647 0.595106 0
    outer loop
      vertex 1.48337 -1.48889 0
      vertex 1.48454 -1.48731 0.799999
      vertex 1.48454 -1.48731 0
    endloop
  endfacet
  facet normal -0.803647 0.595106 0
    outer loop
      vertex 1.48454 -1.48731 0.799999
      vertex 1.48337 -1.48889 0
      vertex 1.48337 -1.48889 0.799999
    endloop
  endfacet
  facet normal -0.803647 -0.595106 0
    outer loop
      vertex 1.48454 -1.51269 0
      vertex 1.48337 -1.51111 0.799999
      vertex 1.48337 -1.51111 0
    endloop
  endfacet
  facet normal -0.803647 -0.595106 0
    outer loop
      vertex 1.48337 -1.51111 0.799999
      vertex 1.48454 -1.51269 0
      vertex 1.48454 -1.51269 0.799999
    endloop
  endfacet
  facet normal -0.989744 -0.14285 0
    outer loop
      vertex 1.48038 -1.5039 0
      vertex 1.4801 -1.50196 0.799999
      vertex 1.4801 -1.50196 0
    endloop
  endfacet
  facet normal -0.989744 -0.14285 0
    outer loop
      vertex 1.4801 -1.50196 0.799999
      vertex 1.48038 -1.5039 0
      vertex 1.48038 -1.5039 0.799999
    endloop
  endfacet
  facet normal 0.904358 -0.426775 0
    outer loop
      vertex 1.51764 -1.50943 0.799999
      vertex 1.51848 -1.50765 0
      vertex 1.51848 -1.50765 0.799999
    endloop
  endfacet
  facet normal 0.904358 -0.426775 0
    outer loop
      vertex 1.51848 -1.50765 0
      vertex 1.51764 -1.50943 0.799999
      vertex 1.51764 -1.50943 0
    endloop
  endfacet
  facet normal -0.24373 -0.969843 0
    outer loop
      vertex 1.49419 -1.51914 0
      vertex 1.4961 -1.51962 0.799999
      vertex 1.49419 -1.51914 0.799999
    endloop
  endfacet
  facet normal -0.24373 -0.969843 -0
    outer loop
      vertex 1.4961 -1.51962 0.799999
      vertex 1.49419 -1.51914 0
      vertex 1.4961 -1.51962 0
    endloop
  endfacet
  facet normal 0.739478 0.67318 0
    outer loop
      vertex 1.51546 -1.48731 0.799999
      vertex 1.51414 -1.48586 0
      vertex 1.51414 -1.48586 0.799999
    endloop
  endfacet
  facet normal 0.739478 0.67318 0
    outer loop
      vertex 1.51414 -1.48586 0
      vertex 1.51546 -1.48731 0.799999
      vertex 1.51546 -1.48731 0
    endloop
  endfacet
  facet normal -0.0509541 -0.998701 0
    outer loop
      vertex 1.49804 -1.5199 0
      vertex 1.5 -1.52 0.799999
      vertex 1.49804 -1.5199 0.799999
    endloop
  endfacet
  facet normal -0.0509541 -0.998701 -0
    outer loop
      vertex 1.5 -1.52 0.799999
      vertex 1.49804 -1.5199 0
      vertex 1.5 -1.52 0
    endloop
  endfacet
  facet normal 0 0 1
    outer loop
      vertex 1.5199 -1.49804 0.799999
      vertex 1.5199 -1.50196 0.799999
      vertex 1.52 -1.5 0.799999
    endloop
  endfacet
  facet normal 0 0 1
    outer loop
      vertex 1.51962 -1.4961 0.799999
      vertex 1.5199 -1.50196 0.799999
      vertex 1.5199 -1.49804 0.799999
    endloop
  endfacet
  facet normal 0 0 1
    outer loop
      vertex 1.51962 -1.4961 0.799999
      vertex 1.51962 -1.5039 0.799999
      vertex 1.5199 -1.50196 0.799999
    endloop
  endfacet
  facet normal 0 0 1
    outer loop
      vertex 1.51914 -1.49419 0.799999
      vertex 1.51962 -1.5039 0.799999
      vertex 1.51962 -1.4961 0.799999
    endloop
  endfacet
  facet normal 0 0 1
    outer loop
      vertex 1.51914 -1.49419 0.799999
      vertex 1.51914 -1.50581 0.799999
      vertex 1.51962 -1.5039 0.799999
    endloop
  endfacet
  facet normal 0 0 1
    outer loop
      vertex 1.51848 -1.49235 0.799999
      vertex 1.51914 -1.50581 0.799999
      vertex 1.51914 -1.49419 0.799999
    endloop
  endfacet
  facet normal 0 0 1
    outer loop
      vertex 1.51848 -1.49235 0.799999
      vertex 1.51848 -1.50765 0.799999
      vertex 1.51914 -1.50581 0.799999
    endloop
  endfacet
  facet normal 0 0 1
    outer loop
      vertex 1.51764 -1.49057 0.799999
      vertex 1.51848 -1.50765 0.799999
      vertex 1.51848 -1.49235 0.799999
    endloop
  endfacet
  facet normal 0 0 1
    outer loop
      vertex 1.51764 -1.49057 0.799999
      vertex 1.51764 -1.50943 0.799999
      vertex 1.51848 -1.50765 0.799999
    endloop
  endfacet
  facet normal 0 0 1
    outer loop
      vertex 1.51663 -1.48889 0.799999
      vertex 1.51764 -1.50943 0.799999
      vertex 1.51764 -1.49057 0.799999
    endloop
  endfacet
  facet normal 0 0 1
    outer loop
      vertex 1.51663 -1.48889 0.799999
      vertex 1.51663 -1.51111 0.799999
      vertex 1.51764 -1.50943 0.799999
    endloop
  endfacet
  facet normal 0 0 1
    outer loop
      vertex 1.51546 -1.48731 0.799999
      vertex 1.51663 -1.51111 0.799999
      vertex 1.51663 -1.48889 0.799999
    endloop
  endfacet
  facet normal 0 0 1
    outer loop
      vertex 1.51546 -1.48731 0.799999
      vertex 1.51546 -1.51269 0.799999
      vertex 1.51663 -1.51111 0.799999
    endloop
  endfacet
  facet normal 0 0 1
    outer loop
      vertex 1.51414 -1.48586 0.799999
      vertex 1.51546 -1.51269 0.799999
      vertex 1.51546 -1.48731 0.799999
    endloop
  endfacet
  facet normal 0 0 1
    outer loop
      vertex 1.51414 -1.48586 0.799999
      vertex 1.51414 -1.51414 0.799999
      vertex 1.51546 -1.51269 0.799999
    endloop
  endfacet
  facet normal 0 0 1
    outer loop
      vertex 1.51269 -1.48454 0.799999
      vertex 1.51414 -1.51414 0.799999
      vertex 1.51414 -1.48586 0.799999
    endloop
  endfacet
  facet normal 0 0 1
    outer loop
      vertex 1.51269 -1.48454 0.799999
      vertex 1.51269 -1.51546 0.799999
      vertex 1.51414 -1.51414 0.799999
    endloop
  endfacet
  facet normal 0 0 1
    outer loop
      vertex 1.51111 -1.48337 0.799999
      vertex 1.51269 -1.51546 0.799999
      vertex 1.51269 -1.48454 0.799999
    endloop
  endfacet
  facet normal 0 0 1
    outer loop
      vertex 1.51111 -1.48337 0.799999
      vertex 1.51111 -1.51663 0.799999
      vertex 1.51269 -1.51546 0.799999
    endloop
  endfacet
  facet normal 0 0 1
    outer loop
      vertex 1.50943 -1.48236 0.799999
      vertex 1.51111 -1.51663 0.799999
      vertex 1.51111 -1.48337 0.799999
    endloop
  endfacet
  facet normal 0 0 1
    outer loop
      vertex 1.50943 -1.48236 0.799999
      vertex 1.50943 -1.51764 0.799999
      vertex 1.51111 -1.51663 0.799999
    endloop
  endfacet
  facet normal 0 0 1
    outer loop
      vertex 1.50765 -1.48152 0.799999
      vertex 1.50943 -1.51764 0.799999
      vertex 1.50943 -1.48236 0.799999
    endloop
  endfacet
  facet normal 0 0 1
    outer loop
      vertex 1.50765 -1.48152 0.799999
      vertex 1.50765 -1.51848 0.799999
      vertex 1.50943 -1.51764 0.799999
    endloop
  endfacet
  facet normal 0 0 1
    outer loop
      vertex 1.50581 -1.48086 0.799999
      vertex 1.50765 -1.51848 0.799999
      vertex 1.50765 -1.48152 0.799999
    endloop
  endfacet
  facet normal 0 0 1
    outer loop
      vertex 1.50581 -1.48086 0.799999
      vertex 1.50581 -1.51914 0.799999
      vertex 1.50765 -1.51848 0.799999
    endloop
  endfacet
  facet normal 0 0 1
    outer loop
      vertex 1.5039 -1.48038 0.799999
      vertex 1.50581 -1.51914 0.799999
      vertex 1.50581 -1.48086 0.799999
    endloop
  endfacet
  facet normal 0 0 1
    outer loop
      vertex 1.5039 -1.48038 0.799999
      vertex 1.5039 -1.51962 0.799999
      vertex 1.50581 -1.51914 0.799999
    endloop
  endfacet
  facet normal 0 0 1
    outer loop
      vertex 1.50196 -1.4801 0.799999
      vertex 1.5039 -1.51962 0.799999
      vertex 1.5039 -1.48038 0.799999
    endloop
  endfacet
  facet normal 0 0 1
    outer loop
      vertex 1.50196 -1.4801 0.799999
      vertex 1.50196 -1.5199 0.799999
      vertex 1.5039 -1.51962 0.799999
    endloop
  endfacet
  facet normal 0 0 1
    outer loop
      vertex 1.5 -1.48 0.799999
      vertex 1.50196 -1.5199 0.799999
      vertex 1.50196 -1.4801 0.799999
    endloop
  endfacet
  facet normal 0 0 1
    outer loop
      vertex 1.5 -1.48 0.799999
      vertex 1.5 -1.52 0.799999
      vertex 1.50196 -1.5199 0.799999
    endloop
  endfacet
  facet normal -0 0 1
    outer loop
      vertex 1.49804 -1.4801 0.799999
      vertex 1.5 -1.52 0.799999
      vertex 1.5 -1.48 0.799999
    endloop
  endfacet
  facet normal 0 0 1
    outer loop
      vertex 1.49804 -1.4801 0.799999
      vertex 1.49804 -1.5199 0.799999
      vertex 1.5 -1.52 0.799999
    endloop
  endfacet
  facet normal -0 0 1
    outer loop
      vertex 1.4961 -1.48038 0.799999
      vertex 1.49804 -1.5199 0.799999
      vertex 1.49804 -1.4801 0.799999
    endloop
  endfacet
  facet normal 0 0 1
    outer loop
      vertex 1.4961 -1.48038 0.799999
      vertex 1.4961 -1.51962 0.799999
      vertex 1.49804 -1.5199 0.799999
    endloop
  endfacet
  facet normal -0 0 1
    outer loop
      vertex 1.49419 -1.48086 0.799999
      vertex 1.4961 -1.51962 0.799999
      vertex 1.4961 -1.48038 0.799999
    endloop
  endfacet
  facet normal 0 0 1
    outer loop
      vertex 1.49419 -1.48086 0.799999
      vertex 1.49419 -1.51914 0.799999
      vertex 1.4961 -1.51962 0.799999
    endloop
  endfacet
  facet normal -0 0 1
    outer loop
      vertex 1.49235 -1.48152 0.799999
      vertex 1.49419 -1.51914 0.799999
      vertex 1.49419 -1.48086 0.799999
    endloop
  endfacet
  facet normal 0 0 1
    outer loop
      vertex 1.49235 -1.48152 0.799999
      vertex 1.49235 -1.51848 0.799999
      vertex 1.49419 -1.51914 0.799999
    endloop
  endfacet
  facet normal -0 0 1
    outer loop
      vertex 1.49057 -1.48236 0.799999
      vertex 1.49235 -1.51848 0.799999
      vertex 1.49235 -1.48152 0.799999
    endloop
  endfacet
  facet normal 0 0 1
    outer loop
      vertex 1.49057 -1.48236 0.799999
      vertex 1.49057 -1.51764 0.799999
      vertex 1.49235 -1.51848 0.799999
    endloop
  endfacet
  facet normal -0 0 1
    outer loop
      vertex 1.48889 -1.48337 0.799999
      vertex 1.49057 -1.51764 0.799999
      vertex 1.49057 -1.48236 0.799999
    endloop
  endfacet
  facet normal 0 0 1
    outer loop
      vertex 1.48889 -1.48337 0.799999
      vertex 1.48889 -1.51663 0.799999
      vertex 1.49057 -1.51764 0.799999
    endloop
  endfacet
  facet normal -0 0 1
    outer loop
      vertex 1.48731 -1.48454 0.799999
      vertex 1.48889 -1.51663 0.799999
      vertex 1.48889 -1.48337 0.799999
    endloop
  endfacet
  facet normal 0 0 1
    outer loop
      vertex 1.48731 -1.48454 0.799999
      vertex 1.48731 -1.51546 0.799999
      vertex 1.48889 -1.51663 0.799999
    endloop
  endfacet
  facet normal -0 0 1
    outer loop
      vertex 1.48586 -1.48586 0.799999
      vertex 1.48731 -1.51546 0.799999
      vertex 1.48731 -1.48454 0.799999
    endloop
  endfacet
  facet normal 0 0 1
    outer loop
      vertex 1.48586 -1.48586 0.799999
      vertex 1.48586 -1.51414 0.799999
      vertex 1.48731 -1.51546 0.799999
    endloop
  endfacet
  facet normal -0 0 1
    outer loop
      vertex 1.48454 -1.48731 0.799999
      vertex 1.48586 -1.51414 0.799999
      vertex 1.48586 -1.48586 0.799999
    endloop
  endfacet
  facet normal 0 0 1
    outer loop
      vertex 1.48454 -1.48731 0.799999
      vertex 1.48454 -1.51269 0.799999
      vertex 1.48586 -1.51414 0.799999
    endloop
  endfacet
  facet normal -0 0 1
    outer loop
      vertex 1.48337 -1.48889 0.799999
      vertex 1.48454 -1.51269 0.799999
      vertex 1.48454 -1.48731 0.799999
    endloop
  endfacet
  facet normal 0 0 1
    outer loop
      vertex 1.48337 -1.48889 0.799999
      vertex 1.48337 -1.51111 0.799999
      vertex 1.48454 -1.51269 0.799999
    endloop
  endfacet
  facet normal -0 0 1
    outer loop
      vertex 1.48236 -1.49057 0.799999
      vertex 1.48337 -1.51111 0.799999
      vertex 1.48337 -1.48889 0.799999
    endloop
  endfacet
  facet normal 0 0 1
    outer loop
      vertex 1.48236 -1.49057 0.799999
      vertex 1.48236 -1.50943 0.799999
      vertex 1.48337 -1.51111 0.799999
    endloop
  endfacet
  facet normal -0 0 1
    outer loop
      vertex 1.48152 -1.49235 0.799999
      vertex 1.48236 -1.50943 0.799999
      vertex 1.48236 -1.49057 0.799999
    endloop
  endfacet
  facet normal 0 0 1
    outer loop
      vertex 1.48152 -1.49235 0.799999
      vertex 1.48152 -1.50765 0.799999
      vertex 1.48236 -1.50943 0.799999
    endloop
  endfacet
  facet normal -0 0 1
    outer loop
      vertex 1.48086 -1.49419 0.799999
      vertex 1.48152 -1.50765 0.799999
      vertex 1.48152 -1.49235 0.799999
    endloop
  endfacet
  facet normal 0 0 1
    outer loop
      vertex 1.48086 -1.49419 0.799999
      vertex 1.48086 -1.50581 0.799999
      vertex 1.48152 -1.50765 0.799999
    endloop
  endfacet
  facet normal -0 0 1
    outer loop
      vertex 1.48038 -1.4961 0.799999
      vertex 1.48086 -1.50581 0.799999
      vertex 1.48086 -1.49419 0.799999
    endloop
  endfacet
  facet normal 0 0 1
    outer loop
      vertex 1.48038 -1.4961 0.799999
      vertex 1.48038 -1.5039 0.799999
      vertex 1.48086 -1.50581 0.799999
    endloop
  endfacet
  facet normal -0 0 1
    outer loop
      vertex 1.4801 -1.49804 0.799999
      vertex 1.48038 -1.5039 0.799999
      vertex 1.48038 -1.4961 0.799999
    endloop
  endfacet
  facet normal 0 0 1
    outer loop
      vertex 1.4801 -1.49804 0.799999
      vertex 1.4801 -1.50196 0.799999
      vertex 1.48038 -1.5039 0.799999
    endloop
  endfacet
  facet normal 0 -0 1
    outer loop
      vertex 1.4801 -1.50196 0.799999
      vertex 1.4801 -1.49804 0.799999
      vertex 1.48 -1.5 0.799999
    endloop
  endfacet
  facet normal -0.998701 0.0509541 0
    outer loop
      vertex 1.48 -1.5 0
      vertex 1.4801 -1.49804 0.799999
      vertex 1.4801 -1.49804 0
    endloop
  endfacet
  facet normal -0.998701 0.0509541 0
    outer loop
      vertex 1.4801 -1.49804 0.799999
      vertex 1.48 -1.5 0
      vertex 1.48 -1.5 0.799999
    endloop
  endfacet
  facet normal -0.337632 -0.941278 0
    outer loop
      vertex 1.49235 -1.51848 0
      vertex 1.49419 -1.51914 0.799999
      vertex 1.49235 -1.51848 0.799999
    endloop
  endfacet
  facet normal -0.337632 -0.941278 -0
    outer loop
      vertex 1.49419 -1.51914 0.799999
      vertex 1.49235 -1.51848 0
      vertex 1.49419 -1.51914 0
    endloop
  endfacet
  facet normal 0.67318 -0.739478 0
    outer loop
      vertex 1.51269 -1.51546 0
      vertex 1.51414 -1.51414 0.799999
      vertex 1.51269 -1.51546 0.799999
    endloop
  endfacet
  facet normal 0.67318 -0.739478 0
    outer loop
      vertex 1.51414 -1.51414 0.799999
      vertex 1.51269 -1.51546 0
      vertex 1.51414 -1.51414 0
    endloop
  endfacet
  facet normal -0.14285 0.989744 0
    outer loop
      vertex 1.49804 1.5199 0
      vertex 1.4961 1.51962 0.799999
      vertex 1.49804 1.5199 0.799999
    endloop
  endfacet
  facet normal -0.14285 0.989744 0
    outer loop
      vertex 1.4961 1.51962 0.799999
      vertex 1.49804 1.5199 0
      vertex 1.4961 1.51962 0
    endloop
  endfacet
  facet normal 0.989744 0.14285 0
    outer loop
      vertex 1.5199 1.50196 0.799999
      vertex 1.51962 1.5039 0
      vertex 1.51962 1.5039 0.799999
    endloop
  endfacet
  facet normal 0.989744 0.14285 0
    outer loop
      vertex 1.51962 1.5039 0
      vertex 1.5199 1.50196 0.799999
      vertex 1.5199 1.50196 0
    endloop
  endfacet
  facet normal 0.998701 0.0509541 0
    outer loop
      vertex 1.52 1.5 0.799999
      vertex 1.5199 1.50196 0
      vertex 1.5199 1.50196 0.799999
    endloop
  endfacet
  facet normal 0.998701 0.0509541 0
    outer loop
      vertex 1.5199 1.50196 0
      vertex 1.52 1.5 0.799999
      vertex 1.52 1.5 0
    endloop
  endfacet
  facet normal 0.969843 0.24373 0
    outer loop
      vertex 1.51962 1.5039 0.799999
      vertex 1.51914 1.50581 0
      vertex 1.51914 1.50581 0.799999
    endloop
  endfacet
  facet normal 0.969843 0.24373 0
    outer loop
      vertex 1.51914 1.50581 0
      vertex 1.51962 1.5039 0.799999
      vertex 1.51962 1.5039 0
    endloop
  endfacet
  facet normal 0.998701 -0.0509541 0
    outer loop
      vertex 1.5199 1.49804 0.799999
      vertex 1.52 1.5 0
      vertex 1.52 1.5 0.799999
    endloop
  endfacet
  facet normal 0.998701 -0.0509541 0
    outer loop
      vertex 1.52 1.5 0
      vertex 1.5199 1.49804 0.799999
      vertex 1.5199 1.49804 0
    endloop
  endfacet
  facet normal 0.595106 0.803647 -0
    outer loop
      vertex 1.51269 1.51546 0
      vertex 1.51111 1.51663 0.799999
      vertex 1.51269 1.51546 0.799999
    endloop
  endfacet
  facet normal 0.595106 0.803647 0
    outer loop
      vertex 1.51111 1.51663 0.799999
      vertex 1.51269 1.51546 0
      vertex 1.51111 1.51663 0
    endloop
  endfacet
  facet normal 0.337632 0.941278 -0
    outer loop
      vertex 1.50765 1.51848 0
      vertex 1.50581 1.51914 0.799999
      vertex 1.50765 1.51848 0.799999
    endloop
  endfacet
  facet normal 0.337632 0.941278 0
    outer loop
      vertex 1.50581 1.51914 0.799999
      vertex 1.50765 1.51848 0
      vertex 1.50581 1.51914 0
    endloop
  endfacet
  facet normal 0.803647 0.595106 0
    outer loop
      vertex 1.51663 1.51111 0.799999
      vertex 1.51546 1.51269 0
      vertex 1.51546 1.51269 0.799999
    endloop
  endfacet
  facet normal 0.803647 0.595106 0
    outer loop
      vertex 1.51546 1.51269 0
      vertex 1.51663 1.51111 0.799999
      vertex 1.51663 1.51111 0
    endloop
  endfacet
  facet normal 0.515246 0.857042 -0
    outer loop
      vertex 1.51111 1.51663 0
      vertex 1.50943 1.51764 0.799999
      vertex 1.51111 1.51663 0.799999
    endloop
  endfacet
  facet normal 0.515246 0.857042 0
    outer loop
      vertex 1.50943 1.51764 0.799999
      vertex 1.51111 1.51663 0
      vertex 1.50943 1.51764 0
    endloop
  endfacet
  facet normal 0.941278 -0.337632 0
    outer loop
      vertex 1.51848 1.49235 0.799999
      vertex 1.51914 1.49419 0
      vertex 1.51914 1.49419 0.799999
    endloop
  endfacet
  facet normal 0.941278 -0.337632 0
    outer loop
      vertex 1.51914 1.49419 0
      vertex 1.51848 1.49235 0.799999
      vertex 1.51848 1.49235 0
    endloop
  endfacet
  facet normal -0.595106 0.803647 0
    outer loop
      vertex 1.48889 1.51663 0
      vertex 1.48731 1.51546 0.799999
      vertex 1.48889 1.51663 0.799999
    endloop
  endfacet
  facet normal -0.595106 0.803647 0
    outer loop
      vertex 1.48731 1.51546 0.799999
      vertex 1.48889 1.51663 0
      vertex 1.48731 1.51546 0
    endloop
  endfacet
  facet normal 0.67318 -0.739478 0
    outer loop
      vertex 1.51269 1.48454 0
      vertex 1.51414 1.48586 0.799999
      vertex 1.51269 1.48454 0.799999
    endloop
  endfacet
  facet normal 0.67318 -0.739478 0
    outer loop
      vertex 1.51414 1.48586 0.799999
      vertex 1.51269 1.48454 0
      vertex 1.51414 1.48586 0
    endloop
  endfacet
  facet normal -0.24373 0.969843 0
    outer loop
      vertex 1.4961 1.51962 0
      vertex 1.49419 1.51914 0.799999
      vertex 1.4961 1.51962 0.799999
    endloop
  endfacet
  facet normal -0.24373 0.969843 0
    outer loop
      vertex 1.49419 1.51914 0.799999
      vertex 1.4961 1.51962 0
      vertex 1.49419 1.51914 0
    endloop
  endfacet
  facet normal 0.595106 -0.803647 0
    outer loop
      vertex 1.51111 1.48337 0
      vertex 1.51269 1.48454 0.799999
      vertex 1.51111 1.48337 0.799999
    endloop
  endfacet
  facet normal 0.595106 -0.803647 0
    outer loop
      vertex 1.51269 1.48454 0.799999
      vertex 1.51111 1.48337 0
      vertex 1.51269 1.48454 0
    endloop
  endfacet
  facet normal -0.515246 0.857042 0
    outer loop
      vertex 1.49057 1.51764 0
      vertex 1.48889 1.51663 0.799999
      vertex 1.49057 1.51764 0.799999
    endloop
  endfacet
  facet normal -0.515246 0.857042 0
    outer loop
      vertex 1.48889 1.51663 0.799999
      vertex 1.49057 1.51764 0
      vertex 1.48889 1.51663 0
    endloop
  endfacet
  facet normal -0.67318 -0.739478 0
    outer loop
      vertex 1.48586 1.48586 0
      vertex 1.48731 1.48454 0.799999
      vertex 1.48586 1.48586 0.799999
    endloop
  endfacet
  facet normal -0.67318 -0.739478 -0
    outer loop
      vertex 1.48731 1.48454 0.799999
      vertex 1.48586 1.48586 0
      vertex 1.48731 1.48454 0
    endloop
  endfacet
  facet normal -0.426775 0.904358 0
    outer loop
      vertex 1.49235 1.51848 0
      vertex 1.49057 1.51764 0.799999
      vertex 1.49235 1.51848 0.799999
    endloop
  endfacet
  facet normal -0.426775 0.904358 0
    outer loop
      vertex 1.49057 1.51764 0.799999
      vertex 1.49235 1.51848 0
      vertex 1.49057 1.51764 0
    endloop
  endfacet
  facet normal 0.904358 -0.426775 0
    outer loop
      vertex 1.51764 1.49057 0.799999
      vertex 1.51848 1.49235 0
      vertex 1.51848 1.49235 0.799999
    endloop
  endfacet
  facet normal 0.904358 -0.426775 0
    outer loop
      vertex 1.51848 1.49235 0
      vertex 1.51764 1.49057 0.799999
      vertex 1.51764 1.49057 0
    endloop
  endfacet
  facet normal 0.989744 -0.14285 0
    outer loop
      vertex 1.51962 1.4961 0.799999
      vertex 1.5199 1.49804 0
      vertex 1.5199 1.49804 0.799999
    endloop
  endfacet
  facet normal 0.989744 -0.14285 0
    outer loop
      vertex 1.5199 1.49804 0
      vertex 1.51962 1.4961 0.799999
      vertex 1.51962 1.4961 0
    endloop
  endfacet
  facet normal -0.904358 0.426775 0
    outer loop
      vertex 1.48152 1.50765 0
      vertex 1.48236 1.50943 0.799999
      vertex 1.48236 1.50943 0
    endloop
  endfacet
  facet normal -0.904358 0.426775 0
    outer loop
      vertex 1.48236 1.50943 0.799999
      vertex 1.48152 1.50765 0
      vertex 1.48152 1.50765 0.799999
    endloop
  endfacet
  facet normal -0.426775 -0.904358 0
    outer loop
      vertex 1.49057 1.48236 0
      vertex 1.49235 1.48152 0.799999
      vertex 1.49057 1.48236 0.799999
    endloop
  endfacet
  facet normal -0.426775 -0.904358 -0
    outer loop
      vertex 1.49235 1.48152 0.799999
      vertex 1.49057 1.48236 0
      vertex 1.49235 1.48152 0
    endloop
  endfacet
  facet normal 0.67318 0.739478 -0
    outer loop
      vertex 1.51414 1.51414 0
      vertex 1.51269 1.51546 0.799999
      vertex 1.51414 1.51414 0.799999
    endloop
  endfacet
  facet normal 0.67318 0.739478 0
    outer loop
      vertex 1.51269 1.51546 0.799999
      vertex 1.51414 1.51414 0
      vertex 1.51269 1.51546 0
    endloop
  endfacet
  facet normal 0.14285 -0.989744 0
    outer loop
      vertex 1.50196 1.4801 0
      vertex 1.5039 1.48038 0.799999
      vertex 1.50196 1.4801 0.799999
    endloop
  endfacet
  facet normal 0.14285 -0.989744 0
    outer loop
      vertex 1.5039 1.48038 0.799999
      vertex 1.50196 1.4801 0
      vertex 1.5039 1.48038 0
    endloop
  endfacet
  facet normal -0.595106 -0.803647 0
    outer loop
      vertex 1.48731 1.48454 0
      vertex 1.48889 1.48337 0.799999
      vertex 1.48731 1.48454 0.799999
    endloop
  endfacet
  facet normal -0.595106 -0.803647 -0
    outer loop
      vertex 1.48889 1.48337 0.799999
      vertex 1.48731 1.48454 0
      vertex 1.48889 1.48337 0
    endloop
  endfacet
  facet normal 0.426775 -0.904358 0
    outer loop
      vertex 1.50765 1.48152 0
      vertex 1.50943 1.48236 0.799999
      vertex 1.50765 1.48152 0.799999
    endloop
  endfacet
  facet normal 0.426775 -0.904358 0
    outer loop
      vertex 1.50943 1.48236 0.799999
      vertex 1.50765 1.48152 0
      vertex 1.50943 1.48236 0
    endloop
  endfacet
  facet normal 0.426775 0.904358 -0
    outer loop
      vertex 1.50943 1.51764 0
      vertex 1.50765 1.51848 0.799999
      vertex 1.50943 1.51764 0.799999
    endloop
  endfacet
  facet normal 0.426775 0.904358 0
    outer loop
      vertex 1.50765 1.51848 0.799999
      vertex 1.50943 1.51764 0
      vertex 1.50765 1.51848 0
    endloop
  endfacet
  facet normal -0.337632 0.941278 0
    outer loop
      vertex 1.49419 1.51914 0
      vertex 1.49235 1.51848 0.799999
      vertex 1.49419 1.51914 0.799999
    endloop
  endfacet
  facet normal -0.337632 0.941278 0
    outer loop
      vertex 1.49235 1.51848 0.799999
      vertex 1.49419 1.51914 0
      vertex 1.49235 1.51848 0
    endloop
  endfacet
  facet normal -0.337632 -0.941278 0
    outer loop
      vertex 1.49235 1.48152 0
      vertex 1.49419 1.48086 0.799999
      vertex 1.49235 1.48152 0.799999
    endloop
  endfacet
  facet normal -0.337632 -0.941278 -0
    outer loop
      vertex 1.49419 1.48086 0.799999
      vertex 1.49235 1.48152 0
      vertex 1.49419 1.48086 0
    endloop
  endfacet
  facet normal 0.515246 -0.857042 0
    outer loop
      vertex 1.50943 1.48236 0
      vertex 1.51111 1.48337 0.799999
      vertex 1.50943 1.48236 0.799999
    endloop
  endfacet
  facet normal 0.515246 -0.857042 0
    outer loop
      vertex 1.51111 1.48337 0.799999
      vertex 1.50943 1.48236 0
      vertex 1.51111 1.48337 0
    endloop
  endfacet
  facet normal -0.0509541 0.998701 0
    outer loop
      vertex 1.5 1.52 0
      vertex 1.49804 1.5199 0.799999
      vertex 1.5 1.52 0.799999
    endloop
  endfacet
  facet normal -0.0509541 0.998701 0
    outer loop
      vertex 1.49804 1.5199 0.799999
      vertex 1.5 1.52 0
      vertex 1.49804 1.5199 0
    endloop
  endfacet
  facet normal -0.24373 -0.969843 0
    outer loop
      vertex 1.49419 1.48086 0
      vertex 1.4961 1.48038 0.799999
      vertex 1.49419 1.48086 0.799999
    endloop
  endfacet
  facet normal -0.24373 -0.969843 -0
    outer loop
      vertex 1.4961 1.48038 0.799999
      vertex 1.49419 1.48086 0
      vertex 1.4961 1.48038 0
    endloop
  endfacet
  facet normal -0.998701 -0.0509541 0
    outer loop
      vertex 1.4801 1.49804 0
      vertex 1.48 1.5 0.799999
      vertex 1.48 1.5 0
    endloop
  endfacet
  facet normal -0.998701 -0.0509541 0
    outer loop
      vertex 1.48 1.5 0.799999
      vertex 1.4801 1.49804 0
      vertex 1.4801 1.49804 0.799999
    endloop
  endfacet
  facet normal 0.0509541 0.998701 -0
    outer loop
      vertex 1.50196 1.5199 0
      vertex 1.5 1.52 0.799999
      vertex 1.50196 1.5199 0.799999
    endloop
  endfacet
  facet normal 0.0509541 0.998701 0
    outer loop
      vertex 1.5 1.52 0.799999
      vertex 1.50196 1.5199 0
      vertex 1.5 1.52 0
    endloop
  endfacet
  facet normal 0 0 1
    outer loop
      vertex 1.5199 1.50196 0.799999
      vertex 1.5199 1.49804 0.799999
      vertex 1.52 1.5 0.799999
    endloop
  endfacet
  facet normal 0 0 1
    outer loop
      vertex 1.51962 1.5039 0.799999
      vertex 1.5199 1.49804 0.799999
      vertex 1.5199 1.50196 0.799999
    endloop
  endfacet
  facet normal 0 0 1
    outer loop
      vertex 1.51962 1.5039 0.799999
      vertex 1.51962 1.4961 0.799999
      vertex 1.5199 1.49804 0.799999
    endloop
  endfacet
  facet normal 0 0 1
    outer loop
      vertex 1.51914 1.50581 0.799999
      vertex 1.51962 1.4961 0.799999
      vertex 1.51962 1.5039 0.799999
    endloop
  endfacet
  facet normal 0 0 1
    outer loop
      vertex 1.51914 1.50581 0.799999
      vertex 1.51914 1.49419 0.799999
      vertex 1.51962 1.4961 0.799999
    endloop
  endfacet
  facet normal 0 0 1
    outer loop
      vertex 1.51848 1.50765 0.799999
      vertex 1.51914 1.49419 0.799999
      vertex 1.51914 1.50581 0.799999
    endloop
  endfacet
  facet normal 0 0 1
    outer loop
      vertex 1.51848 1.50765 0.799999
      vertex 1.51848 1.49235 0.799999
      vertex 1.51914 1.49419 0.799999
    endloop
  endfacet
  facet normal 0 0 1
    outer loop
      vertex 1.51764 1.50943 0.799999
      vertex 1.51848 1.49235 0.799999
      vertex 1.51848 1.50765 0.799999
    endloop
  endfacet
  facet normal 0 0 1
    outer loop
      vertex 1.51764 1.50943 0.799999
      vertex 1.51764 1.49057 0.799999
      vertex 1.51848 1.49235 0.799999
    endloop
  endfacet
  facet normal 0 0 1
    outer loop
      vertex 1.51663 1.51111 0.799999
      vertex 1.51764 1.49057 0.799999
      vertex 1.51764 1.50943 0.799999
    endloop
  endfacet
  facet normal 0 0 1
    outer loop
      vertex 1.51663 1.51111 0.799999
      vertex 1.51663 1.48889 0.799999
      vertex 1.51764 1.49057 0.799999
    endloop
  endfacet
  facet normal 0 0 1
    outer loop
      vertex 1.51546 1.51269 0.799999
      vertex 1.51663 1.48889 0.799999
      vertex 1.51663 1.51111 0.799999
    endloop
  endfacet
  facet normal 0 0 1
    outer loop
      vertex 1.51546 1.51269 0.799999
      vertex 1.51546 1.48731 0.799999
      vertex 1.51663 1.48889 0.799999
    endloop
  endfacet
  facet normal 0 0 1
    outer loop
      vertex 1.51414 1.51414 0.799999
      vertex 1.51546 1.48731 0.799999
      vertex 1.51546 1.51269 0.799999
    endloop
  endfacet
  facet normal 0 0 1
    outer loop
      vertex 1.51414 1.51414 0.799999
      vertex 1.51414 1.48586 0.799999
      vertex 1.51546 1.48731 0.799999
    endloop
  endfacet
  facet normal 0 0 1
    outer loop
      vertex 1.51269 1.51546 0.799999
      vertex 1.51414 1.48586 0.799999
      vertex 1.51414 1.51414 0.799999
    endloop
  endfacet
  facet normal 0 0 1
    outer loop
      vertex 1.51269 1.51546 0.799999
      vertex 1.51269 1.48454 0.799999
      vertex 1.51414 1.48586 0.799999
    endloop
  endfacet
  facet normal 0 0 1
    outer loop
      vertex 1.51111 1.51663 0.799999
      vertex 1.51269 1.48454 0.799999
      vertex 1.51269 1.51546 0.799999
    endloop
  endfacet
  facet normal 0 0 1
    outer loop
      vertex 1.51111 1.51663 0.799999
      vertex 1.51111 1.48337 0.799999
      vertex 1.51269 1.48454 0.799999
    endloop
  endfacet
  facet normal 0 0 1
    outer loop
      vertex 1.50943 1.51764 0.799999
      vertex 1.51111 1.48337 0.799999
      vertex 1.51111 1.51663 0.799999
    endloop
  endfacet
  facet normal 0 0 1
    outer loop
      vertex 1.50943 1.51764 0.799999
      vertex 1.50943 1.48236 0.799999
      vertex 1.51111 1.48337 0.799999
    endloop
  endfacet
  facet normal 0 0 1
    outer loop
      vertex 1.50765 1.51848 0.799999
      vertex 1.50943 1.48236 0.799999
      vertex 1.50943 1.51764 0.799999
    endloop
  endfacet
  facet normal 0 0 1
    outer loop
      vertex 1.50765 1.51848 0.799999
      vertex 1.50765 1.48152 0.799999
      vertex 1.50943 1.48236 0.799999
    endloop
  endfacet
  facet normal 0 0 1
    outer loop
      vertex 1.50581 1.51914 0.799999
      vertex 1.50765 1.48152 0.799999
      vertex 1.50765 1.51848 0.799999
    endloop
  endfacet
  facet normal 0 0 1
    outer loop
      vertex 1.50581 1.51914 0.799999
      vertex 1.50581 1.48086 0.799999
      vertex 1.50765 1.48152 0.799999
    endloop
  endfacet
  facet normal 0 0 1
    outer loop
      vertex 1.5039 1.51962 0.799999
      vertex 1.50581 1.48086 0.799999
      vertex 1.50581 1.51914 0.799999
    endloop
  endfacet
  facet normal 0 0 1
    outer loop
      vertex 1.5039 1.51962 0.799999
      vertex 1.5039 1.48038 0.799999
      vertex 1.50581 1.48086 0.799999
    endloop
  endfacet
  facet normal 0 0 1
    outer loop
      vertex 1.50196 1.5199 0.799999
      vertex 1.5039 1.48038 0.799999
      vertex 1.5039 1.51962 0.799999
    endloop
  endfacet
  facet normal 0 0 1
    outer loop
      vertex 1.50196 1.5199 0.799999
      vertex 1.50196 1.4801 0.799999
      vertex 1.5039 1.48038 0.799999
    endloop
  endfacet
  facet normal 0 0 1
    outer loop
      vertex 1.5 1.52 0.799999
      vertex 1.50196 1.4801 0.799999
      vertex 1.50196 1.5199 0.799999
    endloop
  endfacet
  facet normal 0 0 1
    outer loop
      vertex 1.5 1.52 0.799999
      vertex 1.5 1.48 0.799999
      vertex 1.50196 1.4801 0.799999
    endloop
  endfacet
  facet normal -0 0 1
    outer loop
      vertex 1.49804 1.5199 0.799999
      vertex 1.5 1.48 0.799999
      vertex 1.5 1.52 0.799999
    endloop
  endfacet
  facet normal 0 0 1
    outer loop
      vertex 1.49804 1.5199 0.799999
      vertex 1.49804 1.4801 0.799999
      vertex 1.5 1.48 0.799999
    endloop
  endfacet
  facet normal -0 0 1
    outer loop
      vertex 1.4961 1.51962 0.799999
      vertex 1.49804 1.4801 0.799999
      vertex 1.49804 1.5199 0.799999
    endloop
  endfacet
  facet normal 0 0 1
    outer loop
      vertex 1.4961 1.51962 0.799999
      vertex 1.4961 1.48038 0.799999
      vertex 1.49804 1.4801 0.799999
    endloop
  endfacet
  facet normal -0 0 1
    outer loop
      vertex 1.49419 1.51914 0.799999
      vertex 1.4961 1.48038 0.799999
      vertex 1.4961 1.51962 0.799999
    endloop
  endfacet
  facet normal 0 0 1
    outer loop
      vertex 1.49419 1.51914 0.799999
      vertex 1.49419 1.48086 0.799999
      vertex 1.4961 1.48038 0.799999
    endloop
  endfacet
  facet normal -0 0 1
    outer loop
      vertex 1.49235 1.51848 0.799999
      vertex 1.49419 1.48086 0.799999
      vertex 1.49419 1.51914 0.799999
    endloop
  endfacet
  facet normal 0 0 1
    outer loop
      vertex 1.49235 1.51848 0.799999
      vertex 1.49235 1.48152 0.799999
      vertex 1.49419 1.48086 0.799999
    endloop
  endfacet
  facet normal -0 0 1
    outer loop
      vertex 1.49057 1.51764 0.799999
      vertex 1.49235 1.48152 0.799999
      vertex 1.49235 1.51848 0.799999
    endloop
  endfacet
  facet normal 0 0 1
    outer loop
      vertex 1.49057 1.51764 0.799999
      vertex 1.49057 1.48236 0.799999
      vertex 1.49235 1.48152 0.799999
    endloop
  endfacet
  facet normal -0 0 1
    outer loop
      vertex 1.48889 1.51663 0.799999
      vertex 1.49057 1.48236 0.799999
      vertex 1.49057 1.51764 0.799999
    endloop
  endfacet
  facet normal 0 0 1
    outer loop
      vertex 1.48889 1.51663 0.799999
      vertex 1.48889 1.48337 0.799999
      vertex 1.49057 1.48236 0.799999
    endloop
  endfacet
  facet normal -0 0 1
    outer loop
      vertex 1.48731 1.51546 0.799999
      vertex 1.48889 1.48337 0.799999
      vertex 1.48889 1.51663 0.799999
    endloop
  endfacet
  facet normal 0 0 1
    outer loop
      vertex 1.48731 1.51546 0.799999
      vertex 1.48731 1.48454 0.799999
      vertex 1.48889 1.48337 0.799999
    endloop
  endfacet
  facet normal -0 0 1
    outer loop
      vertex 1.48586 1.51414 0.799999
      vertex 1.48731 1.48454 0.799999
      vertex 1.48731 1.51546 0.799999
    endloop
  endfacet
  facet normal 0 0 1
    outer loop
      vertex 1.48586 1.51414 0.799999
      vertex 1.48586 1.48586 0.799999
      vertex 1.48731 1.48454 0.799999
    endloop
  endfacet
  facet normal -0 0 1
    outer loop
      vertex 1.48454 1.51269 0.799999
      vertex 1.48586 1.48586 0.799999
      vertex 1.48586 1.51414 0.799999
    endloop
  endfacet
  facet normal 0 0 1
    outer loop
      vertex 1.48454 1.51269 0.799999
      vertex 1.48454 1.48731 0.799999
      vertex 1.48586 1.48586 0.799999
    endloop
  endfacet
  facet normal -0 0 1
    outer loop
      vertex 1.48337 1.51111 0.799999
      vertex 1.48454 1.48731 0.799999
      vertex 1.48454 1.51269 0.799999
    endloop
  endfacet
  facet normal 0 0 1
    outer loop
      vertex 1.48337 1.51111 0.799999
      vertex 1.48337 1.48889 0.799999
      vertex 1.48454 1.48731 0.799999
    endloop
  endfacet
  facet normal -0 0 1
    outer loop
      vertex 1.48236 1.50943 0.799999
      vertex 1.48337 1.48889 0.799999
      vertex 1.48337 1.51111 0.799999
    endloop
  endfacet
  facet normal 0 0 1
    outer loop
      vertex 1.48236 1.50943 0.799999
      vertex 1.48236 1.49057 0.799999
      vertex 1.48337 1.48889 0.799999
    endloop
  endfacet
  facet normal -0 0 1
    outer loop
      vertex 1.48152 1.50765 0.799999
      vertex 1.48236 1.49057 0.799999
      vertex 1.48236 1.50943 0.799999
    endloop
  endfacet
  facet normal 0 0 1
    outer loop
      vertex 1.48152 1.50765 0.799999
      vertex 1.48152 1.49235 0.799999
      vertex 1.48236 1.49057 0.799999
    endloop
  endfacet
  facet normal -0 0 1
    outer loop
      vertex 1.48086 1.50581 0.799999
      vertex 1.48152 1.49235 0.799999
      vertex 1.48152 1.50765 0.799999
    endloop
  endfacet
  facet normal 0 0 1
    outer loop
      vertex 1.48086 1.50581 0.799999
      vertex 1.48086 1.49419 0.799999
      vertex 1.48152 1.49235 0.799999
    endloop
  endfacet
  facet normal -0 0 1
    outer loop
      vertex 1.48038 1.5039 0.799999
      vertex 1.48086 1.49419 0.799999
      vertex 1.48086 1.50581 0.799999
    endloop
  endfacet
  facet normal 0 0 1
    outer loop
      vertex 1.48038 1.5039 0.799999
      vertex 1.48038 1.4961 0.799999
      vertex 1.48086 1.49419 0.799999
    endloop
  endfacet
  facet normal -0 0 1
    outer loop
      vertex 1.4801 1.50196 0.799999
      vertex 1.48038 1.4961 0.799999
      vertex 1.48038 1.5039 0.799999
    endloop
  endfacet
  facet normal 0 0 1
    outer loop
      vertex 1.4801 1.50196 0.799999
      vertex 1.4801 1.49804 0.799999
      vertex 1.48038 1.4961 0.799999
    endloop
  endfacet
  facet normal 0 -0 1
    outer loop
      vertex 1.4801 1.49804 0.799999
      vertex 1.4801 1.50196 0.799999
      vertex 1.48 1.5 0.799999
    endloop
  endfacet
  facet normal 0.739478 -0.67318 0
    outer loop
      vertex 1.51414 1.48586 0.799999
      vertex 1.51546 1.48731 0
      vertex 1.51546 1.48731 0.799999
    endloop
  endfacet
  facet normal 0.739478 -0.67318 0
    outer loop
      vertex 1.51546 1.48731 0
      vertex 1.51414 1.48586 0.799999
      vertex 1.51414 1.48586 0
    endloop
  endfacet
  facet normal 0.739478 0.67318 0
    outer loop
      vertex 1.51546 1.51269 0.799999
      vertex 1.51414 1.51414 0
      vertex 1.51414 1.51414 0.799999
    endloop
  endfacet
  facet normal 0.739478 0.67318 0
    outer loop
      vertex 1.51414 1.51414 0
      vertex 1.51546 1.51269 0.799999
      vertex 1.51546 1.51269 0
    endloop
  endfacet
  facet normal 0.803647 -0.595106 0
    outer loop
      vertex 1.51546 1.48731 0.799999
      vertex 1.51663 1.48889 0
      vertex 1.51663 1.48889 0.799999
    endloop
  endfacet
  facet normal 0.803647 -0.595106 0
    outer loop
      vertex 1.51663 1.48889 0
      vertex 1.51546 1.48731 0.799999
      vertex 1.51546 1.48731 0
    endloop
  endfacet
  facet normal 0.857042 -0.515246 0
    outer loop
      vertex 1.51663 1.48889 0.799999
      vertex 1.51764 1.49057 0
      vertex 1.51764 1.49057 0.799999
    endloop
  endfacet
  facet normal 0.857042 -0.515246 0
    outer loop
      vertex 1.51764 1.49057 0
      vertex 1.51663 1.48889 0.799999
      vertex 1.51663 1.48889 0
    endloop
  endfacet
  facet normal -0.989744 0.14285 0
    outer loop
      vertex 1.4801 1.50196 0
      vertex 1.48038 1.5039 0.799999
      vertex 1.48038 1.5039 0
    endloop
  endfacet
  facet normal -0.989744 0.14285 0
    outer loop
      vertex 1.48038 1.5039 0.799999
      vertex 1.4801 1.50196 0
      vertex 1.4801 1.50196 0.799999
    endloop
  endfacet
  facet normal -0.969843 0.24373 0
    outer loop
      vertex 1.48038 1.5039 0
      vertex 1.48086 1.50581 0.799999
      vertex 1.48086 1.50581 0
    endloop
  endfacet
  facet normal -0.969843 0.24373 0
    outer loop
      vertex 1.48086 1.50581 0.799999
      vertex 1.48038 1.5039 0
      vertex 1.48038 1.5039 0.799999
    endloop
  endfacet
  facet normal 0.941278 0.337632 0
    outer loop
      vertex 1.51914 1.50581 0.799999
      vertex 1.51848 1.50765 0
      vertex 1.51848 1.50765 0.799999
    endloop
  endfacet
  facet normal 0.941278 0.337632 0
    outer loop
      vertex 1.51848 1.50765 0
      vertex 1.51914 1.50581 0.799999
      vertex 1.51914 1.50581 0
    endloop
  endfacet
  facet normal -0.67318 0.739478 0
    outer loop
      vertex 1.48731 1.51546 0
      vertex 1.48586 1.51414 0.799999
      vertex 1.48731 1.51546 0.799999
    endloop
  endfacet
  facet normal -0.67318 0.739478 0
    outer loop
      vertex 1.48586 1.51414 0.799999
      vertex 1.48731 1.51546 0
      vertex 1.48586 1.51414 0
    endloop
  endfacet
  facet normal 0.969843 -0.24373 0
    outer loop
      vertex 1.51914 1.49419 0.799999
      vertex 1.51962 1.4961 0
      vertex 1.51962 1.4961 0.799999
    endloop
  endfacet
  facet normal 0.969843 -0.24373 0
    outer loop
      vertex 1.51962 1.4961 0
      vertex 1.51914 1.49419 0.799999
      vertex 1.51914 1.49419 0
    endloop
  endfacet
  facet normal 0.904358 0.426775 0
    outer loop
      vertex 1.51848 1.50765 0.799999
      vertex 1.51764 1.50943 0
      vertex 1.51764 1.50943 0.799999
    endloop
  endfacet
  facet normal 0.904358 0.426775 0
    outer loop
      vertex 1.51764 1.50943 0
      vertex 1.51848 1.50765 0.799999
      vertex 1.51848 1.50765 0
    endloop
  endfacet
  facet normal 0.857042 0.515246 0
    outer loop
      vertex 1.51764 1.50943 0.799999
      vertex 1.51663 1.51111 0
      vertex 1.51663 1.51111 0.799999
    endloop
  endfacet
  facet normal 0.857042 0.515246 0
    outer loop
      vertex 1.51663 1.51111 0
      vertex 1.51764 1.50943 0.799999
      vertex 1.51764 1.50943 0
    endloop
  endfacet
  facet normal -0.0509541 -0.998701 0
    outer loop
      vertex 1.49804 1.4801 0
      vertex 1.5 1.48 0.799999
      vertex 1.49804 1.4801 0.799999
    endloop
  endfacet
  facet normal -0.0509541 -0.998701 -0
    outer loop
      vertex 1.5 1.48 0.799999
      vertex 1.49804 1.4801 0
      vertex 1.5 1.48 0
    endloop
  endfacet
  facet normal 0.337632 -0.941278 0
    outer loop
      vertex 1.50581 1.48086 0
      vertex 1.50765 1.48152 0.799999
      vertex 1.50581 1.48086 0.799999
    endloop
  endfacet
  facet normal 0.337632 -0.941278 0
    outer loop
      vertex 1.50765 1.48152 0.799999
      vertex 1.50581 1.48086 0
      vertex 1.50765 1.48152 0
    endloop
  endfacet
  facet normal 0.14285 0.989744 -0
    outer loop
      vertex 1.5039 1.51962 0
      vertex 1.50196 1.5199 0.799999
      vertex 1.5039 1.51962 0.799999
    endloop
  endfacet
  facet normal 0.14285 0.989744 0
    outer loop
      vertex 1.50196 1.5199 0.799999
      vertex 1.5039 1.51962 0
      vertex 1.50196 1.5199 0
    endloop
  endfacet
  facet normal 0.24373 -0.969843 0
    outer loop
      vertex 1.5039 1.48038 0
      vertex 1.50581 1.48086 0.799999
      vertex 1.5039 1.48038 0.799999
    endloop
  endfacet
  facet normal 0.24373 -0.969843 0
    outer loop
      vertex 1.50581 1.48086 0.799999
      vertex 1.5039 1.48038 0
      vertex 1.50581 1.48086 0
    endloop
  endfacet
  facet normal -0.941278 -0.337632 0
    outer loop
      vertex 1.48152 1.49235 0
      vertex 1.48086 1.49419 0.799999
      vertex 1.48086 1.49419 0
    endloop
  endfacet
  facet normal -0.941278 -0.337632 0
    outer loop
      vertex 1.48086 1.49419 0.799999
      vertex 1.48152 1.49235 0
      vertex 1.48152 1.49235 0.799999
    endloop
  endfacet
  facet normal -0.998701 0.0509541 0
    outer loop
      vertex 1.48 1.5 0
      vertex 1.4801 1.50196 0.799999
      vertex 1.4801 1.50196 0
    endloop
  endfacet
  facet normal -0.998701 0.0509541 0
    outer loop
      vertex 1.4801 1.50196 0.799999
      vertex 1.48 1.5 0
      vertex 1.48 1.5 0.799999
    endloop
  endfacet
  facet normal -0.739478 0.67318 0
    outer loop
      vertex 1.48454 1.51269 0
      vertex 1.48586 1.51414 0.799999
      vertex 1.48586 1.51414 0
    endloop
  endfacet
  facet normal -0.739478 0.67318 0
    outer loop
      vertex 1.48586 1.51414 0.799999
      vertex 1.48454 1.51269 0
      vertex 1.48454 1.51269 0.799999
    endloop
  endfacet
  facet normal -0.857042 0.515246 0
    outer loop
      vertex 1.48236 1.50943 0
      vertex 1.48337 1.51111 0.799999
      vertex 1.48337 1.51111 0
    endloop
  endfacet
  facet normal -0.857042 0.515246 0
    outer loop
      vertex 1.48337 1.51111 0.799999
      vertex 1.48236 1.50943 0
      vertex 1.48236 1.50943 0.799999
    endloop
  endfacet
  facet normal -0.969843 -0.24373 0
    outer loop
      vertex 1.48086 1.49419 0
      vertex 1.48038 1.4961 0.799999
      vertex 1.48038 1.4961 0
    endloop
  endfacet
  facet normal -0.969843 -0.24373 0
    outer loop
      vertex 1.48038 1.4961 0.799999
      vertex 1.48086 1.49419 0
      vertex 1.48086 1.49419 0.799999
    endloop
  endfacet
  facet normal 0.0509541 -0.998701 0
    outer loop
      vertex 1.5 1.48 0
      vertex 1.50196 1.4801 0.799999
      vertex 1.5 1.48 0.799999
    endloop
  endfacet
  facet normal 0.0509541 -0.998701 0
    outer loop
      vertex 1.50196 1.4801 0.799999
      vertex 1.5 1.48 0
      vertex 1.50196 1.4801 0
    endloop
  endfacet
  facet normal -0.803647 -0.595106 0
    outer loop
      vertex 1.48454 1.48731 0
      vertex 1.48337 1.48889 0.799999
      vertex 1.48337 1.48889 0
    endloop
  endfacet
  facet normal -0.803647 -0.595106 0
    outer loop
      vertex 1.48337 1.48889 0.799999
      vertex 1.48454 1.48731 0
      vertex 1.48454 1.48731 0.799999
    endloop
  endfacet
  facet normal -0.989744 -0.14285 0
    outer loop
      vertex 1.48038 1.4961 0
      vertex 1.4801 1.49804 0.799999
      vertex 1.4801 1.49804 0
    endloop
  endfacet
  facet normal -0.989744 -0.14285 0
    outer loop
      vertex 1.4801 1.49804 0.799999
      vertex 1.48038 1.4961 0
      vertex 1.48038 1.4961 0.799999
    endloop
  endfacet
  facet normal 0.24373 0.969843 -0
    outer loop
      vertex 1.50581 1.51914 0
      vertex 1.5039 1.51962 0.799999
      vertex 1.50581 1.51914 0.799999
    endloop
  endfacet
  facet normal 0.24373 0.969843 0
    outer loop
      vertex 1.5039 1.51962 0.799999
      vertex 1.50581 1.51914 0
      vertex 1.5039 1.51962 0
    endloop
  endfacet
  facet normal -0.515246 -0.857042 0
    outer loop
      vertex 1.48889 1.48337 0
      vertex 1.49057 1.48236 0.799999
      vertex 1.48889 1.48337 0.799999
    endloop
  endfacet
  facet normal -0.515246 -0.857042 -0
    outer loop
      vertex 1.49057 1.48236 0.799999
      vertex 1.48889 1.48337 0
      vertex 1.49057 1.48236 0
    endloop
  endfacet
  facet normal -0.857042 -0.515246 0
    outer loop
      vertex 1.48337 1.48889 0
      vertex 1.48236 1.49057 0.799999
      vertex 1.48236 1.49057 0
    endloop
  endfacet
  facet normal -0.857042 -0.515246 0
    outer loop
      vertex 1.48236 1.49057 0.799999
      vertex 1.48337 1.48889 0
      vertex 1.48337 1.48889 0.799999
    endloop
  endfacet
  facet normal -0.14285 -0.989744 0
    outer loop
      vertex 1.4961 1.48038 0
      vertex 1.49804 1.4801 0.799999
      vertex 1.4961 1.48038 0.799999
    endloop
  endfacet
  facet normal -0.14285 -0.989744 -0
    outer loop
      vertex 1.49804 1.4801 0.799999
      vertex 1.4961 1.48038 0
      vertex 1.49804 1.4801 0
    endloop
  endfacet
  facet normal -0.803647 0.595106 0
    outer loop
      vertex 1.48337 1.51111 0
      vertex 1.48454 1.51269 0.799999
      vertex 1.48454 1.51269 0
    endloop
  endfacet
  facet normal -0.803647 0.595106 0
    outer loop
      vertex 1.48454 1.51269 0.799999
      vertex 1.48337 1.51111 0
      vertex 1.48337 1.51111 0.799999
    endloop
  endfacet
  facet normal -0.904358 -0.426775 0
    outer loop
      vertex 1.48236 1.49057 0
      vertex 1.48152 1.49235 0.799999
      vertex 1.48152 1.49235 0
    endloop
  endfacet
  facet normal -0.904358 -0.426775 0
    outer loop
      vertex 1.48152 1.49235 0.799999
      vertex 1.48236 1.49057 0
      vertex 1.48236 1.49057 0.799999
    endloop
  endfacet
  facet normal -0.739478 -0.67318 0
    outer loop
      vertex 1.48586 1.48586 0
      vertex 1.48454 1.48731 0.799999
      vertex 1.48454 1.48731 0
    endloop
  endfacet
  facet normal -0.739478 -0.67318 0
    outer loop
      vertex 1.48454 1.48731 0.799999
      vertex 1.48586 1.48586 0
      vertex 1.48586 1.48586 0.799999
    endloop
  endfacet
  facet normal -0.941278 0.337632 0
    outer loop
      vertex 1.48086 1.50581 0
      vertex 1.48152 1.50765 0.799999
      vertex 1.48152 1.50765 0
    endloop
  endfacet
  facet normal -0.941278 0.337632 0
    outer loop
      vertex 1.48152 1.50765 0.799999
      vertex 1.48086 1.50581 0
      vertex 1.48086 1.50581 0.799999
    endloop
  endfacet
  facet normal -0.14285 0.989744 0
    outer loop
      vertex 1.49804 4.5199 0
      vertex 1.4961 4.51962 0.799999
      vertex 1.49804 4.5199 0.799999
    endloop
  endfacet
  facet normal -0.14285 0.989744 0
    outer loop
      vertex 1.4961 4.51962 0.799999
      vertex 1.49804 4.5199 0
      vertex 1.4961 4.51962 0
    endloop
  endfacet
  facet normal 0.989744 0.14285 0
    outer loop
      vertex 1.5199 4.50196 0.799999
      vertex 1.51962 4.5039 0
      vertex 1.51962 4.5039 0.799999
    endloop
  endfacet
  facet normal 0.989744 0.14285 0
    outer loop
      vertex 1.51962 4.5039 0
      vertex 1.5199 4.50196 0.799999
      vertex 1.5199 4.50196 0
    endloop
  endfacet
  facet normal 0.998701 0.0509541 0
    outer loop
      vertex 1.52 4.5 0.799999
      vertex 1.5199 4.50196 0
      vertex 1.5199 4.50196 0.799999
    endloop
  endfacet
  facet normal 0.998701 0.0509541 0
    outer loop
      vertex 1.5199 4.50196 0
      vertex 1.52 4.5 0.799999
      vertex 1.52 4.5 0
    endloop
  endfacet
  facet normal 0.969843 0.24373 0
    outer loop
      vertex 1.51962 4.5039 0.799999
      vertex 1.51914 4.50581 0
      vertex 1.51914 4.50581 0.799999
    endloop
  endfacet
  facet normal 0.969843 0.24373 0
    outer loop
      vertex 1.51914 4.50581 0
      vertex 1.51962 4.5039 0.799999
      vertex 1.51962 4.5039 0
    endloop
  endfacet
  facet normal 0.998701 -0.0509541 0
    outer loop
      vertex 1.5199 4.49804 0.799999
      vertex 1.52 4.5 0
      vertex 1.52 4.5 0.799999
    endloop
  endfacet
  facet normal 0.998701 -0.0509541 0
    outer loop
      vertex 1.52 4.5 0
      vertex 1.5199 4.49804 0.799999
      vertex 1.5199 4.49804 0
    endloop
  endfacet
  facet normal 0.595106 0.803647 -0
    outer loop
      vertex 1.51269 4.51546 0
      vertex 1.51111 4.51663 0.799999
      vertex 1.51269 4.51546 0.799999
    endloop
  endfacet
  facet normal 0.595106 0.803647 0
    outer loop
      vertex 1.51111 4.51663 0.799999
      vertex 1.51269 4.51546 0
      vertex 1.51111 4.51663 0
    endloop
  endfacet
  facet normal 0.337632 0.941278 -0
    outer loop
      vertex 1.50765 4.51848 0
      vertex 1.50581 4.51914 0.799999
      vertex 1.50765 4.51848 0.799999
    endloop
  endfacet
  facet normal 0.337632 0.941278 0
    outer loop
      vertex 1.50581 4.51914 0.799999
      vertex 1.50765 4.51848 0
      vertex 1.50581 4.51914 0
    endloop
  endfacet
  facet normal 0.803647 0.595106 0
    outer loop
      vertex 1.51663 4.51111 0.799999
      vertex 1.51546 4.51269 0
      vertex 1.51546 4.51269 0.799999
    endloop
  endfacet
  facet normal 0.803647 0.595106 0
    outer loop
      vertex 1.51546 4.51269 0
      vertex 1.51663 4.51111 0.799999
      vertex 1.51663 4.51111 0
    endloop
  endfacet
  facet normal 0.515246 0.857042 -0
    outer loop
      vertex 1.51111 4.51663 0
      vertex 1.50943 4.51764 0.799999
      vertex 1.51111 4.51663 0.799999
    endloop
  endfacet
  facet normal 0.515246 0.857042 0
    outer loop
      vertex 1.50943 4.51764 0.799999
      vertex 1.51111 4.51663 0
      vertex 1.50943 4.51764 0
    endloop
  endfacet
  facet normal 0.941278 -0.337632 0
    outer loop
      vertex 1.51848 4.49235 0.799999
      vertex 1.51914 4.49419 0
      vertex 1.51914 4.49419 0.799999
    endloop
  endfacet
  facet normal 0.941278 -0.337632 0
    outer loop
      vertex 1.51914 4.49419 0
      vertex 1.51848 4.49235 0.799999
      vertex 1.51848 4.49235 0
    endloop
  endfacet
  facet normal -0.595106 0.803647 0
    outer loop
      vertex 1.48889 4.51663 0
      vertex 1.48731 4.51546 0.799999
      vertex 1.48889 4.51663 0.799999
    endloop
  endfacet
  facet normal -0.595106 0.803647 0
    outer loop
      vertex 1.48731 4.51546 0.799999
      vertex 1.48889 4.51663 0
      vertex 1.48731 4.51546 0
    endloop
  endfacet
  facet normal 0.67318 -0.739478 0
    outer loop
      vertex 1.51269 4.48454 0
      vertex 1.51414 4.48586 0.799999
      vertex 1.51269 4.48454 0.799999
    endloop
  endfacet
  facet normal 0.67318 -0.739478 0
    outer loop
      vertex 1.51414 4.48586 0.799999
      vertex 1.51269 4.48454 0
      vertex 1.51414 4.48586 0
    endloop
  endfacet
  facet normal -0.24373 0.969843 0
    outer loop
      vertex 1.4961 4.51962 0
      vertex 1.49419 4.51914 0.799999
      vertex 1.4961 4.51962 0.799999
    endloop
  endfacet
  facet normal -0.24373 0.969843 0
    outer loop
      vertex 1.49419 4.51914 0.799999
      vertex 1.4961 4.51962 0
      vertex 1.49419 4.51914 0
    endloop
  endfacet
  facet normal 0.595106 -0.803647 0
    outer loop
      vertex 1.51111 4.48337 0
      vertex 1.51269 4.48454 0.799999
      vertex 1.51111 4.48337 0.799999
    endloop
  endfacet
  facet normal 0.595106 -0.803647 0
    outer loop
      vertex 1.51269 4.48454 0.799999
      vertex 1.51111 4.48337 0
      vertex 1.51269 4.48454 0
    endloop
  endfacet
  facet normal -0.515246 0.857042 0
    outer loop
      vertex 1.49057 4.51764 0
      vertex 1.48889 4.51663 0.799999
      vertex 1.49057 4.51764 0.799999
    endloop
  endfacet
  facet normal -0.515246 0.857042 0
    outer loop
      vertex 1.48889 4.51663 0.799999
      vertex 1.49057 4.51764 0
      vertex 1.48889 4.51663 0
    endloop
  endfacet
  facet normal -0.67318 -0.739478 0
    outer loop
      vertex 1.48586 4.48586 0
      vertex 1.48731 4.48454 0.799999
      vertex 1.48586 4.48586 0.799999
    endloop
  endfacet
  facet normal -0.67318 -0.739478 -0
    outer loop
      vertex 1.48731 4.48454 0.799999
      vertex 1.48586 4.48586 0
      vertex 1.48731 4.48454 0
    endloop
  endfacet
  facet normal -0.426775 0.904358 0
    outer loop
      vertex 1.49235 4.51848 0
      vertex 1.49057 4.51764 0.799999
      vertex 1.49235 4.51848 0.799999
    endloop
  endfacet
  facet normal -0.426775 0.904358 0
    outer loop
      vertex 1.49057 4.51764 0.799999
      vertex 1.49235 4.51848 0
      vertex 1.49057 4.51764 0
    endloop
  endfacet
  facet normal 0.904358 -0.426775 0
    outer loop
      vertex 1.51764 4.49057 0.799999
      vertex 1.51848 4.49235 0
      vertex 1.51848 4.49235 0.799999
    endloop
  endfacet
  facet normal 0.904358 -0.426775 0
    outer loop
      vertex 1.51848 4.49235 0
      vertex 1.51764 4.49057 0.799999
      vertex 1.51764 4.49057 0
    endloop
  endfacet
  facet normal 0.989744 -0.14285 0
    outer loop
      vertex 1.51962 4.4961 0.799999
      vertex 1.5199 4.49804 0
      vertex 1.5199 4.49804 0.799999
    endloop
  endfacet
  facet normal 0.989744 -0.14285 0
    outer loop
      vertex 1.5199 4.49804 0
      vertex 1.51962 4.4961 0.799999
      vertex 1.51962 4.4961 0
    endloop
  endfacet
  facet normal -0.904358 0.426775 0
    outer loop
      vertex 1.48152 4.50765 0
      vertex 1.48236 4.50943 0.799999
      vertex 1.48236 4.50943 0
    endloop
  endfacet
  facet normal -0.904358 0.426775 0
    outer loop
      vertex 1.48236 4.50943 0.799999
      vertex 1.48152 4.50765 0
      vertex 1.48152 4.50765 0.799999
    endloop
  endfacet
  facet normal -0.426775 -0.904358 0
    outer loop
      vertex 1.49057 4.48236 0
      vertex 1.49235 4.48152 0.799999
      vertex 1.49057 4.48236 0.799999
    endloop
  endfacet
  facet normal -0.426775 -0.904358 -0
    outer loop
      vertex 1.49235 4.48152 0.799999
      vertex 1.49057 4.48236 0
      vertex 1.49235 4.48152 0
    endloop
  endfacet
  facet normal 0.67318 0.739478 -0
    outer loop
      vertex 1.51414 4.51414 0
      vertex 1.51269 4.51546 0.799999
      vertex 1.51414 4.51414 0.799999
    endloop
  endfacet
  facet normal 0.67318 0.739478 0
    outer loop
      vertex 1.51269 4.51546 0.799999
      vertex 1.51414 4.51414 0
      vertex 1.51269 4.51546 0
    endloop
  endfacet
  facet normal 0.14285 -0.989744 0
    outer loop
      vertex 1.50196 4.4801 0
      vertex 1.5039 4.48038 0.799999
      vertex 1.50196 4.4801 0.799999
    endloop
  endfacet
  facet normal 0.14285 -0.989744 0
    outer loop
      vertex 1.5039 4.48038 0.799999
      vertex 1.50196 4.4801 0
      vertex 1.5039 4.48038 0
    endloop
  endfacet
  facet normal -0.595106 -0.803647 0
    outer loop
      vertex 1.48731 4.48454 0
      vertex 1.48889 4.48337 0.799999
      vertex 1.48731 4.48454 0.799999
    endloop
  endfacet
  facet normal -0.595106 -0.803647 -0
    outer loop
      vertex 1.48889 4.48337 0.799999
      vertex 1.48731 4.48454 0
      vertex 1.48889 4.48337 0
    endloop
  endfacet
  facet normal 0.426775 -0.904358 0
    outer loop
      vertex 1.50765 4.48152 0
      vertex 1.50943 4.48236 0.799999
      vertex 1.50765 4.48152 0.799999
    endloop
  endfacet
  facet normal 0.426775 -0.904358 0
    outer loop
      vertex 1.50943 4.48236 0.799999
      vertex 1.50765 4.48152 0
      vertex 1.50943 4.48236 0
    endloop
  endfacet
  facet normal 0.426775 0.904358 -0
    outer loop
      vertex 1.50943 4.51764 0
      vertex 1.50765 4.51848 0.799999
      vertex 1.50943 4.51764 0.799999
    endloop
  endfacet
  facet normal 0.426775 0.904358 0
    outer loop
      vertex 1.50765 4.51848 0.799999
      vertex 1.50943 4.51764 0
      vertex 1.50765 4.51848 0
    endloop
  endfacet
  facet normal -0.337632 0.941278 0
    outer loop
      vertex 1.49419 4.51914 0
      vertex 1.49235 4.51848 0.799999
      vertex 1.49419 4.51914 0.799999
    endloop
  endfacet
  facet normal -0.337632 0.941278 0
    outer loop
      vertex 1.49235 4.51848 0.799999
      vertex 1.49419 4.51914 0
      vertex 1.49235 4.51848 0
    endloop
  endfacet
  facet normal -0.739478 -0.67318 0
    outer loop
      vertex 1.48586 4.48586 0
      vertex 1.48454 4.48731 0.799999
      vertex 1.48454 4.48731 0
    endloop
  endfacet
  facet normal -0.739478 -0.67318 0
    outer loop
      vertex 1.48454 4.48731 0.799999
      vertex 1.48586 4.48586 0
      vertex 1.48586 4.48586 0.799999
    endloop
  endfacet
  facet normal -0.337632 -0.941278 0
    outer loop
      vertex 1.49235 4.48152 0
      vertex 1.49419 4.48086 0.799999
      vertex 1.49235 4.48152 0.799999
    endloop
  endfacet
  facet normal -0.337632 -0.941278 -0
    outer loop
      vertex 1.49419 4.48086 0.799999
      vertex 1.49235 4.48152 0
      vertex 1.49419 4.48086 0
    endloop
  endfacet
  facet normal 0.515246 -0.857042 0
    outer loop
      vertex 1.50943 4.48236 0
      vertex 1.51111 4.48337 0.799999
      vertex 1.50943 4.48236 0.799999
    endloop
  endfacet
  facet normal 0.515246 -0.857042 0
    outer loop
      vertex 1.51111 4.48337 0.799999
      vertex 1.50943 4.48236 0
      vertex 1.51111 4.48337 0
    endloop
  endfacet
  facet normal -0.0509541 0.998701 0
    outer loop
      vertex 1.5 4.52 0
      vertex 1.49804 4.5199 0.799999
      vertex 1.5 4.52 0.799999
    endloop
  endfacet
  facet normal -0.0509541 0.998701 0
    outer loop
      vertex 1.49804 4.5199 0.799999
      vertex 1.5 4.52 0
      vertex 1.49804 4.5199 0
    endloop
  endfacet
  facet normal -0.24373 -0.969843 0
    outer loop
      vertex 1.49419 4.48086 0
      vertex 1.4961 4.48038 0.799999
      vertex 1.49419 4.48086 0.799999
    endloop
  endfacet
  facet normal -0.24373 -0.969843 -0
    outer loop
      vertex 1.4961 4.48038 0.799999
      vertex 1.49419 4.48086 0
      vertex 1.4961 4.48038 0
    endloop
  endfacet
  facet normal -0.998701 -0.0509541 0
    outer loop
      vertex 1.4801 4.49804 0
      vertex 1.48 4.5 0.799999
      vertex 1.48 4.5 0
    endloop
  endfacet
  facet normal -0.998701 -0.0509541 0
    outer loop
      vertex 1.48 4.5 0.799999
      vertex 1.4801 4.49804 0
      vertex 1.4801 4.49804 0.799999
    endloop
  endfacet
  facet normal -0.515246 -0.857042 0
    outer loop
      vertex 1.48889 4.48337 0
      vertex 1.49057 4.48236 0.799999
      vertex 1.48889 4.48337 0.799999
    endloop
  endfacet
  facet normal -0.515246 -0.857042 -0
    outer loop
      vertex 1.49057 4.48236 0.799999
      vertex 1.48889 4.48337 0
      vertex 1.49057 4.48236 0
    endloop
  endfacet
  facet normal 0.0509541 0.998701 -0
    outer loop
      vertex 1.50196 4.5199 0
      vertex 1.5 4.52 0.799999
      vertex 1.50196 4.5199 0.799999
    endloop
  endfacet
  facet normal 0.0509541 0.998701 0
    outer loop
      vertex 1.5 4.52 0.799999
      vertex 1.50196 4.5199 0
      vertex 1.5 4.52 0
    endloop
  endfacet
  facet normal 0 0 1
    outer loop
      vertex 1.5199 4.50196 0.799999
      vertex 1.5199 4.49804 0.799999
      vertex 1.52 4.5 0.799999
    endloop
  endfacet
  facet normal 0 0 1
    outer loop
      vertex 1.51962 4.5039 0.799999
      vertex 1.5199 4.49804 0.799999
      vertex 1.5199 4.50196 0.799999
    endloop
  endfacet
  facet normal 0 0 1
    outer loop
      vertex 1.51962 4.5039 0.799999
      vertex 1.51962 4.4961 0.799999
      vertex 1.5199 4.49804 0.799999
    endloop
  endfacet
  facet normal 0 0 1
    outer loop
      vertex 1.51914 4.50581 0.799999
      vertex 1.51962 4.4961 0.799999
      vertex 1.51962 4.5039 0.799999
    endloop
  endfacet
  facet normal 0 0 1
    outer loop
      vertex 1.51914 4.50581 0.799999
      vertex 1.51914 4.49419 0.799999
      vertex 1.51962 4.4961 0.799999
    endloop
  endfacet
  facet normal 0 0 1
    outer loop
      vertex 1.51848 4.50765 0.799999
      vertex 1.51914 4.49419 0.799999
      vertex 1.51914 4.50581 0.799999
    endloop
  endfacet
  facet normal 0 0 1
    outer loop
      vertex 1.51848 4.50765 0.799999
      vertex 1.51848 4.49235 0.799999
      vertex 1.51914 4.49419 0.799999
    endloop
  endfacet
  facet normal 0 0 1
    outer loop
      vertex 1.51764 4.50943 0.799999
      vertex 1.51848 4.49235 0.799999
      vertex 1.51848 4.50765 0.799999
    endloop
  endfacet
  facet normal 0 0 1
    outer loop
      vertex 1.51764 4.50943 0.799999
      vertex 1.51764 4.49057 0.799999
      vertex 1.51848 4.49235 0.799999
    endloop
  endfacet
  facet normal 0 0 1
    outer loop
      vertex 1.51663 4.51111 0.799999
      vertex 1.51764 4.49057 0.799999
      vertex 1.51764 4.50943 0.799999
    endloop
  endfacet
  facet normal 0 0 1
    outer loop
      vertex 1.51663 4.51111 0.799999
      vertex 1.51663 4.48889 0.799999
      vertex 1.51764 4.49057 0.799999
    endloop
  endfacet
  facet normal 0 0 1
    outer loop
      vertex 1.51546 4.51269 0.799999
      vertex 1.51663 4.48889 0.799999
      vertex 1.51663 4.51111 0.799999
    endloop
  endfacet
  facet normal 0 0 1
    outer loop
      vertex 1.51546 4.51269 0.799999
      vertex 1.51546 4.48731 0.799999
      vertex 1.51663 4.48889 0.799999
    endloop
  endfacet
  facet normal 0 0 1
    outer loop
      vertex 1.51414 4.51414 0.799999
      vertex 1.51546 4.48731 0.799999
      vertex 1.51546 4.51269 0.799999
    endloop
  endfacet
  facet normal 0 0 1
    outer loop
      vertex 1.51414 4.51414 0.799999
      vertex 1.51414 4.48586 0.799999
      vertex 1.51546 4.48731 0.799999
    endloop
  endfacet
  facet normal 0 0 1
    outer loop
      vertex 1.51269 4.51546 0.799999
      vertex 1.51414 4.48586 0.799999
      vertex 1.51414 4.51414 0.799999
    endloop
  endfacet
  facet normal 0 0 1
    outer loop
      vertex 1.51269 4.51546 0.799999
      vertex 1.51269 4.48454 0.799999
      vertex 1.51414 4.48586 0.799999
    endloop
  endfacet
  facet normal 0 0 1
    outer loop
      vertex 1.51111 4.51663 0.799999
      vertex 1.51269 4.48454 0.799999
      vertex 1.51269 4.51546 0.799999
    endloop
  endfacet
  facet normal 0 0 1
    outer loop
      vertex 1.51111 4.51663 0.799999
      vertex 1.51111 4.48337 0.799999
      vertex 1.51269 4.48454 0.799999
    endloop
  endfacet
  facet normal 0 0 1
    outer loop
      vertex 1.50943 4.51764 0.799999
      vertex 1.51111 4.48337 0.799999
      vertex 1.51111 4.51663 0.799999
    endloop
  endfacet
  facet normal 0 0 1
    outer loop
      vertex 1.50943 4.51764 0.799999
      vertex 1.50943 4.48236 0.799999
      vertex 1.51111 4.48337 0.799999
    endloop
  endfacet
  facet normal 0 0 1
    outer loop
      vertex 1.50765 4.51848 0.799999
      vertex 1.50943 4.48236 0.799999
      vertex 1.50943 4.51764 0.799999
    endloop
  endfacet
  facet normal 0 0 1
    outer loop
      vertex 1.50765 4.51848 0.799999
      vertex 1.50765 4.48152 0.799999
      vertex 1.50943 4.48236 0.799999
    endloop
  endfacet
  facet normal 0 0 1
    outer loop
      vertex 1.50581 4.51914 0.799999
      vertex 1.50765 4.48152 0.799999
      vertex 1.50765 4.51848 0.799999
    endloop
  endfacet
  facet normal 0 0 1
    outer loop
      vertex 1.50581 4.51914 0.799999
      vertex 1.50581 4.48086 0.799999
      vertex 1.50765 4.48152 0.799999
    endloop
  endfacet
  facet normal 0 0 1
    outer loop
      vertex 1.5039 4.51962 0.799999
      vertex 1.50581 4.48086 0.799999
      vertex 1.50581 4.51914 0.799999
    endloop
  endfacet
  facet normal 0 0 1
    outer loop
      vertex 1.5039 4.51962 0.799999
      vertex 1.5039 4.48038 0.799999
      vertex 1.50581 4.48086 0.799999
    endloop
  endfacet
  facet normal 0 0 1
    outer loop
      vertex 1.50196 4.5199 0.799999
      vertex 1.5039 4.48038 0.799999
      vertex 1.5039 4.51962 0.799999
    endloop
  endfacet
  facet normal 0 0 1
    outer loop
      vertex 1.50196 4.5199 0.799999
      vertex 1.50196 4.4801 0.799999
      vertex 1.5039 4.48038 0.799999
    endloop
  endfacet
  facet normal 0 0 1
    outer loop
      vertex 1.5 4.52 0.799999
      vertex 1.50196 4.4801 0.799999
      vertex 1.50196 4.5199 0.799999
    endloop
  endfacet
  facet normal 0 0 1
    outer loop
      vertex 1.5 4.52 0.799999
      vertex 1.5 4.48 0.799999
      vertex 1.50196 4.4801 0.799999
    endloop
  endfacet
  facet normal -0 0 1
    outer loop
      vertex 1.49804 4.5199 0.799999
      vertex 1.5 4.48 0.799999
      vertex 1.5 4.52 0.799999
    endloop
  endfacet
  facet normal 0 0 1
    outer loop
      vertex 1.49804 4.5199 0.799999
      vertex 1.49804 4.4801 0.799999
      vertex 1.5 4.48 0.799999
    endloop
  endfacet
  facet normal -0 0 1
    outer loop
      vertex 1.4961 4.51962 0.799999
      vertex 1.49804 4.4801 0.799999
      vertex 1.49804 4.5199 0.799999
    endloop
  endfacet
  facet normal 0 0 1
    outer loop
      vertex 1.4961 4.51962 0.799999
      vertex 1.4961 4.48038 0.799999
      vertex 1.49804 4.4801 0.799999
    endloop
  endfacet
  facet normal -0 0 1
    outer loop
      vertex 1.49419 4.51914 0.799999
      vertex 1.4961 4.48038 0.799999
      vertex 1.4961 4.51962 0.799999
    endloop
  endfacet
  facet normal 0 0 1
    outer loop
      vertex 1.49419 4.51914 0.799999
      vertex 1.49419 4.48086 0.799999
      vertex 1.4961 4.48038 0.799999
    endloop
  endfacet
  facet normal -0 0 1
    outer loop
      vertex 1.49235 4.51848 0.799999
      vertex 1.49419 4.48086 0.799999
      vertex 1.49419 4.51914 0.799999
    endloop
  endfacet
  facet normal 0 0 1
    outer loop
      vertex 1.49235 4.51848 0.799999
      vertex 1.49235 4.48152 0.799999
      vertex 1.49419 4.48086 0.799999
    endloop
  endfacet
  facet normal -0 0 1
    outer loop
      vertex 1.49057 4.51764 0.799999
      vertex 1.49235 4.48152 0.799999
      vertex 1.49235 4.51848 0.799999
    endloop
  endfacet
  facet normal 0 0 1
    outer loop
      vertex 1.49057 4.51764 0.799999
      vertex 1.49057 4.48236 0.799999
      vertex 1.49235 4.48152 0.799999
    endloop
  endfacet
  facet normal -0 0 1
    outer loop
      vertex 1.48889 4.51663 0.799999
      vertex 1.49057 4.48236 0.799999
      vertex 1.49057 4.51764 0.799999
    endloop
  endfacet
  facet normal 0 0 1
    outer loop
      vertex 1.48889 4.51663 0.799999
      vertex 1.48889 4.48337 0.799999
      vertex 1.49057 4.48236 0.799999
    endloop
  endfacet
  facet normal -0 0 1
    outer loop
      vertex 1.48731 4.51546 0.799999
      vertex 1.48889 4.48337 0.799999
      vertex 1.48889 4.51663 0.799999
    endloop
  endfacet
  facet normal 0 0 1
    outer loop
      vertex 1.48731 4.51546 0.799999
      vertex 1.48731 4.48454 0.799999
      vertex 1.48889 4.48337 0.799999
    endloop
  endfacet
  facet normal -0 0 1
    outer loop
      vertex 1.48586 4.51414 0.799999
      vertex 1.48731 4.48454 0.799999
      vertex 1.48731 4.51546 0.799999
    endloop
  endfacet
  facet normal 0 0 1
    outer loop
      vertex 1.48586 4.51414 0.799999
      vertex 1.48586 4.48586 0.799999
      vertex 1.48731 4.48454 0.799999
    endloop
  endfacet
  facet normal -0 0 1
    outer loop
      vertex 1.48454 4.51269 0.799999
      vertex 1.48586 4.48586 0.799999
      vertex 1.48586 4.51414 0.799999
    endloop
  endfacet
  facet normal 0 0 1
    outer loop
      vertex 1.48454 4.51269 0.799999
      vertex 1.48454 4.48731 0.799999
      vertex 1.48586 4.48586 0.799999
    endloop
  endfacet
  facet normal -0 0 1
    outer loop
      vertex 1.48337 4.51111 0.799999
      vertex 1.48454 4.48731 0.799999
      vertex 1.48454 4.51269 0.799999
    endloop
  endfacet
  facet normal 0 0 1
    outer loop
      vertex 1.48337 4.51111 0.799999
      vertex 1.48337 4.48889 0.799999
      vertex 1.48454 4.48731 0.799999
    endloop
  endfacet
  facet normal -0 0 1
    outer loop
      vertex 1.48236 4.50943 0.799999
      vertex 1.48337 4.48889 0.799999
      vertex 1.48337 4.51111 0.799999
    endloop
  endfacet
  facet normal 0 0 1
    outer loop
      vertex 1.48236 4.50943 0.799999
      vertex 1.48236 4.49057 0.799999
      vertex 1.48337 4.48889 0.799999
    endloop
  endfacet
  facet normal -0 0 1
    outer loop
      vertex 1.48152 4.50765 0.799999
      vertex 1.48236 4.49057 0.799999
      vertex 1.48236 4.50943 0.799999
    endloop
  endfacet
  facet normal 0 0 1
    outer loop
      vertex 1.48152 4.50765 0.799999
      vertex 1.48152 4.49235 0.799999
      vertex 1.48236 4.49057 0.799999
    endloop
  endfacet
  facet normal -0 0 1
    outer loop
      vertex 1.48086 4.50581 0.799999
      vertex 1.48152 4.49235 0.799999
      vertex 1.48152 4.50765 0.799999
    endloop
  endfacet
  facet normal 0 0 1
    outer loop
      vertex 1.48086 4.50581 0.799999
      vertex 1.48086 4.49419 0.799999
      vertex 1.48152 4.49235 0.799999
    endloop
  endfacet
  facet normal -0 0 1
    outer loop
      vertex 1.48038 4.5039 0.799999
      vertex 1.48086 4.49419 0.799999
      vertex 1.48086 4.50581 0.799999
    endloop
  endfacet
  facet normal 0 0 1
    outer loop
      vertex 1.48038 4.5039 0.799999
      vertex 1.48038 4.4961 0.799999
      vertex 1.48086 4.49419 0.799999
    endloop
  endfacet
  facet normal -0 0 1
    outer loop
      vertex 1.4801 4.50196 0.799999
      vertex 1.48038 4.4961 0.799999
      vertex 1.48038 4.5039 0.799999
    endloop
  endfacet
  facet normal 0 0 1
    outer loop
      vertex 1.4801 4.50196 0.799999
      vertex 1.4801 4.49804 0.799999
      vertex 1.48038 4.4961 0.799999
    endloop
  endfacet
  facet normal 0 -0 1
    outer loop
      vertex 1.4801 4.49804 0.799999
      vertex 1.4801 4.50196 0.799999
      vertex 1.48 4.5 0.799999
    endloop
  endfacet
  facet normal 0.739478 -0.67318 0
    outer loop
      vertex 1.51414 4.48586 0.799999
      vertex 1.51546 4.48731 0
      vertex 1.51546 4.48731 0.799999
    endloop
  endfacet
  facet normal 0.739478 -0.67318 0
    outer loop
      vertex 1.51546 4.48731 0
      vertex 1.51414 4.48586 0.799999
      vertex 1.51414 4.48586 0
    endloop
  endfacet
  facet normal 0.739478 0.67318 0
    outer loop
      vertex 1.51546 4.51269 0.799999
      vertex 1.51414 4.51414 0
      vertex 1.51414 4.51414 0.799999
    endloop
  endfacet
  facet normal 0.739478 0.67318 0
    outer loop
      vertex 1.51414 4.51414 0
      vertex 1.51546 4.51269 0.799999
      vertex 1.51546 4.51269 0
    endloop
  endfacet
  facet normal 0.803647 -0.595106 0
    outer loop
      vertex 1.51546 4.48731 0.799999
      vertex 1.51663 4.48889 0
      vertex 1.51663 4.48889 0.799999
    endloop
  endfacet
  facet normal 0.803647 -0.595106 0
    outer loop
      vertex 1.51663 4.48889 0
      vertex 1.51546 4.48731 0.799999
      vertex 1.51546 4.48731 0
    endloop
  endfacet
  facet normal 0.857042 -0.515246 0
    outer loop
      vertex 1.51663 4.48889 0.799999
      vertex 1.51764 4.49057 0
      vertex 1.51764 4.49057 0.799999
    endloop
  endfacet
  facet normal 0.857042 -0.515246 0
    outer loop
      vertex 1.51764 4.49057 0
      vertex 1.51663 4.48889 0.799999
      vertex 1.51663 4.48889 0
    endloop
  endfacet
  facet normal -0.989744 0.14285 0
    outer loop
      vertex 1.4801 4.50196 0
      vertex 1.48038 4.5039 0.799999
      vertex 1.48038 4.5039 0
    endloop
  endfacet
  facet normal -0.989744 0.14285 0
    outer loop
      vertex 1.48038 4.5039 0.799999
      vertex 1.4801 4.50196 0
      vertex 1.4801 4.50196 0.799999
    endloop
  endfacet
  facet normal -0.969843 0.24373 0
    outer loop
      vertex 1.48038 4.5039 0
      vertex 1.48086 4.50581 0.799999
      vertex 1.48086 4.50581 0
    endloop
  endfacet
  facet normal -0.969843 0.24373 0
    outer loop
      vertex 1.48086 4.50581 0.799999
      vertex 1.48038 4.5039 0
      vertex 1.48038 4.5039 0.799999
    endloop
  endfacet
  facet normal 0.941278 0.337632 0
    outer loop
      vertex 1.51914 4.50581 0.799999
      vertex 1.51848 4.50765 0
      vertex 1.51848 4.50765 0.799999
    endloop
  endfacet
  facet normal 0.941278 0.337632 0
    outer loop
      vertex 1.51848 4.50765 0
      vertex 1.51914 4.50581 0.799999
      vertex 1.51914 4.50581 0
    endloop
  endfacet
  facet normal -0.67318 0.739478 0
    outer loop
      vertex 1.48731 4.51546 0
      vertex 1.48586 4.51414 0.799999
      vertex 1.48731 4.51546 0.799999
    endloop
  endfacet
  facet normal -0.67318 0.739478 0
    outer loop
      vertex 1.48586 4.51414 0.799999
      vertex 1.48731 4.51546 0
      vertex 1.48586 4.51414 0
    endloop
  endfacet
  facet normal 0.969843 -0.24373 0
    outer loop
      vertex 1.51914 4.49419 0.799999
      vertex 1.51962 4.4961 0
      vertex 1.51962 4.4961 0.799999
    endloop
  endfacet
  facet normal 0.969843 -0.24373 0
    outer loop
      vertex 1.51962 4.4961 0
      vertex 1.51914 4.49419 0.799999
      vertex 1.51914 4.49419 0
    endloop
  endfacet
  facet normal 0.904358 0.426775 0
    outer loop
      vertex 1.51848 4.50765 0.799999
      vertex 1.51764 4.50943 0
      vertex 1.51764 4.50943 0.799999
    endloop
  endfacet
  facet normal 0.904358 0.426775 0
    outer loop
      vertex 1.51764 4.50943 0
      vertex 1.51848 4.50765 0.799999
      vertex 1.51848 4.50765 0
    endloop
  endfacet
  facet normal 0.857042 0.515246 0
    outer loop
      vertex 1.51764 4.50943 0.799999
      vertex 1.51663 4.51111 0
      vertex 1.51663 4.51111 0.799999
    endloop
  endfacet
  facet normal 0.857042 0.515246 0
    outer loop
      vertex 1.51663 4.51111 0
      vertex 1.51764 4.50943 0.799999
      vertex 1.51764 4.50943 0
    endloop
  endfacet
  facet normal -0.0509541 -0.998701 0
    outer loop
      vertex 1.49804 4.4801 0
      vertex 1.5 4.48 0.799999
      vertex 1.49804 4.4801 0.799999
    endloop
  endfacet
  facet normal -0.0509541 -0.998701 -0
    outer loop
      vertex 1.5 4.48 0.799999
      vertex 1.49804 4.4801 0
      vertex 1.5 4.48 0
    endloop
  endfacet
  facet normal 0.337632 -0.941278 0
    outer loop
      vertex 1.50581 4.48086 0
      vertex 1.50765 4.48152 0.799999
      vertex 1.50581 4.48086 0.799999
    endloop
  endfacet
  facet normal 0.337632 -0.941278 0
    outer loop
      vertex 1.50765 4.48152 0.799999
      vertex 1.50581 4.48086 0
      vertex 1.50765 4.48152 0
    endloop
  endfacet
  facet normal 0.14285 0.989744 -0
    outer loop
      vertex 1.5039 4.51962 0
      vertex 1.50196 4.5199 0.799999
      vertex 1.5039 4.51962 0.799999
    endloop
  endfacet
  facet normal 0.14285 0.989744 0
    outer loop
      vertex 1.50196 4.5199 0.799999
      vertex 1.5039 4.51962 0
      vertex 1.50196 4.5199 0
    endloop
  endfacet
  facet normal 0.24373 -0.969843 0
    outer loop
      vertex 1.5039 4.48038 0
      vertex 1.50581 4.48086 0.799999
      vertex 1.5039 4.48038 0.799999
    endloop
  endfacet
  facet normal 0.24373 -0.969843 0
    outer loop
      vertex 1.50581 4.48086 0.799999
      vertex 1.5039 4.48038 0
      vertex 1.50581 4.48086 0
    endloop
  endfacet
  facet normal -0.941278 -0.337632 0
    outer loop
      vertex 1.48152 4.49235 0
      vertex 1.48086 4.49419 0.799999
      vertex 1.48086 4.49419 0
    endloop
  endfacet
  facet normal -0.941278 -0.337632 0
    outer loop
      vertex 1.48086 4.49419 0.799999
      vertex 1.48152 4.49235 0
      vertex 1.48152 4.49235 0.799999
    endloop
  endfacet
  facet normal -0.998701 0.0509541 0
    outer loop
      vertex 1.48 4.5 0
      vertex 1.4801 4.50196 0.799999
      vertex 1.4801 4.50196 0
    endloop
  endfacet
  facet normal -0.998701 0.0509541 0
    outer loop
      vertex 1.4801 4.50196 0.799999
      vertex 1.48 4.5 0
      vertex 1.48 4.5 0.799999
    endloop
  endfacet
  facet normal -0.739478 0.67318 0
    outer loop
      vertex 1.48454 4.51269 0
      vertex 1.48586 4.51414 0.799999
      vertex 1.48586 4.51414 0
    endloop
  endfacet
  facet normal -0.739478 0.67318 0
    outer loop
      vertex 1.48586 4.51414 0.799999
      vertex 1.48454 4.51269 0
      vertex 1.48454 4.51269 0.799999
    endloop
  endfacet
  facet normal -0.857042 0.515246 0
    outer loop
      vertex 1.48236 4.50943 0
      vertex 1.48337 4.51111 0.799999
      vertex 1.48337 4.51111 0
    endloop
  endfacet
  facet normal -0.857042 0.515246 0
    outer loop
      vertex 1.48337 4.51111 0.799999
      vertex 1.48236 4.50943 0
      vertex 1.48236 4.50943 0.799999
    endloop
  endfacet
  facet normal -0.969843 -0.24373 0
    outer loop
      vertex 1.48086 4.49419 0
      vertex 1.48038 4.4961 0.799999
      vertex 1.48038 4.4961 0
    endloop
  endfacet
  facet normal -0.969843 -0.24373 0
    outer loop
      vertex 1.48038 4.4961 0.799999
      vertex 1.48086 4.49419 0
      vertex 1.48086 4.49419 0.799999
    endloop
  endfacet
  facet normal 0.0509541 -0.998701 0
    outer loop
      vertex 1.5 4.48 0
      vertex 1.50196 4.4801 0.799999
      vertex 1.5 4.48 0.799999
    endloop
  endfacet
  facet normal 0.0509541 -0.998701 0
    outer loop
      vertex 1.50196 4.4801 0.799999
      vertex 1.5 4.48 0
      vertex 1.50196 4.4801 0
    endloop
  endfacet
  facet normal -0.803647 -0.595106 0
    outer loop
      vertex 1.48454 4.48731 0
      vertex 1.48337 4.48889 0.799999
      vertex 1.48337 4.48889 0
    endloop
  endfacet
  facet normal -0.803647 -0.595106 0
    outer loop
      vertex 1.48337 4.48889 0.799999
      vertex 1.48454 4.48731 0
      vertex 1.48454 4.48731 0.799999
    endloop
  endfacet
  facet normal -0.989744 -0.14285 0
    outer loop
      vertex 1.48038 4.4961 0
      vertex 1.4801 4.49804 0.799999
      vertex 1.4801 4.49804 0
    endloop
  endfacet
  facet normal -0.989744 -0.14285 0
    outer loop
      vertex 1.4801 4.49804 0.799999
      vertex 1.48038 4.4961 0
      vertex 1.48038 4.4961 0.799999
    endloop
  endfacet
  facet normal 0.24373 0.969843 -0
    outer loop
      vertex 1.50581 4.51914 0
      vertex 1.5039 4.51962 0.799999
      vertex 1.50581 4.51914 0.799999
    endloop
  endfacet
  facet normal 0.24373 0.969843 0
    outer loop
      vertex 1.5039 4.51962 0.799999
      vertex 1.50581 4.51914 0
      vertex 1.5039 4.51962 0
    endloop
  endfacet
  facet normal -0.857042 -0.515246 0
    outer loop
      vertex 1.48337 4.48889 0
      vertex 1.48236 4.49057 0.799999
      vertex 1.48236 4.49057 0
    endloop
  endfacet
  facet normal -0.857042 -0.515246 0
    outer loop
      vertex 1.48236 4.49057 0.799999
      vertex 1.48337 4.48889 0
      vertex 1.48337 4.48889 0.799999
    endloop
  endfacet
  facet normal -0.14285 -0.989744 0
    outer loop
      vertex 1.4961 4.48038 0
      vertex 1.49804 4.4801 0.799999
      vertex 1.4961 4.48038 0.799999
    endloop
  endfacet
  facet normal -0.14285 -0.989744 -0
    outer loop
      vertex 1.49804 4.4801 0.799999
      vertex 1.4961 4.48038 0
      vertex 1.49804 4.4801 0
    endloop
  endfacet
  facet normal -0.904358 -0.426775 0
    outer loop
      vertex 1.48236 4.49057 0
      vertex 1.48152 4.49235 0.799999
      vertex 1.48152 4.49235 0
    endloop
  endfacet
  facet normal -0.904358 -0.426775 0
    outer loop
      vertex 1.48152 4.49235 0.799999
      vertex 1.48236 4.49057 0
      vertex 1.48236 4.49057 0.799999
    endloop
  endfacet
  facet normal -0.803647 0.595106 0
    outer loop
      vertex 1.48337 4.51111 0
      vertex 1.48454 4.51269 0.799999
      vertex 1.48454 4.51269 0
    endloop
  endfacet
  facet normal -0.803647 0.595106 0
    outer loop
      vertex 1.48454 4.51269 0.799999
      vertex 1.48337 4.51111 0
      vertex 1.48337 4.51111 0.799999
    endloop
  endfacet
  facet normal -0.941278 0.337632 0
    outer loop
      vertex 1.48086 4.50581 0
      vertex 1.48152 4.50765 0.799999
      vertex 1.48152 4.50765 0
    endloop
  endfacet
  facet normal -0.941278 0.337632 0
    outer loop
      vertex 1.48152 4.50765 0.799999
      vertex 1.48086 4.50581 0
      vertex 1.48086 4.50581 0.799999
    endloop
  endfacet
  facet normal 0.989744 0.14285 0
    outer loop
      vertex 4.5199 -4.49804 0.799999
      vertex 4.51962 -4.4961 0
      vertex 4.51962 -4.4961 0.799999
    endloop
  endfacet
  facet normal 0.989744 0.14285 0
    outer loop
      vertex 4.51962 -4.4961 0
      vertex 4.5199 -4.49804 0.799999
      vertex 4.5199 -4.49804 0
    endloop
  endfacet
  facet normal 0.998701 0.0509541 0
    outer loop
      vertex 4.52 -4.5 0.799999
      vertex 4.5199 -4.49804 0
      vertex 4.5199 -4.49804 0.799999
    endloop
  endfacet
  facet normal 0.998701 0.0509541 0
    outer loop
      vertex 4.5199 -4.49804 0
      vertex 4.52 -4.5 0.799999
      vertex 4.52 -4.5 0
    endloop
  endfacet
  facet normal 0.969843 0.24373 0
    outer loop
      vertex 4.51962 -4.4961 0.799999
      vertex 4.51914 -4.49419 0
      vertex 4.51914 -4.49419 0.799999
    endloop
  endfacet
  facet normal 0.969843 0.24373 0
    outer loop
      vertex 4.51914 -4.49419 0
      vertex 4.51962 -4.4961 0.799999
      vertex 4.51962 -4.4961 0
    endloop
  endfacet
  facet normal -0.515246 -0.857042 0
    outer loop
      vertex 4.48889 -4.51663 0
      vertex 4.49057 -4.51764 0.799999
      vertex 4.48889 -4.51663 0.799999
    endloop
  endfacet
  facet normal -0.515246 -0.857042 -0
    outer loop
      vertex 4.49057 -4.51764 0.799999
      vertex 4.48889 -4.51663 0
      vertex 4.49057 -4.51764 0
    endloop
  endfacet
  facet normal 0.14285 0.989744 -0
    outer loop
      vertex 4.5039 -4.48038 0
      vertex 4.50196 -4.4801 0.799999
      vertex 4.5039 -4.48038 0.799999
    endloop
  endfacet
  facet normal 0.14285 0.989744 0
    outer loop
      vertex 4.50196 -4.4801 0.799999
      vertex 4.5039 -4.48038 0
      vertex 4.50196 -4.4801 0
    endloop
  endfacet
  facet normal -0.426775 -0.904358 0
    outer loop
      vertex 4.49057 -4.51764 0
      vertex 4.49235 -4.51848 0.799999
      vertex 4.49057 -4.51764 0.799999
    endloop
  endfacet
  facet normal -0.426775 -0.904358 -0
    outer loop
      vertex 4.49235 -4.51848 0.799999
      vertex 4.49057 -4.51764 0
      vertex 4.49235 -4.51848 0
    endloop
  endfacet
  facet normal 0.426775 -0.904358 0
    outer loop
      vertex 4.50765 -4.51848 0
      vertex 4.50943 -4.51764 0.799999
      vertex 4.50765 -4.51848 0.799999
    endloop
  endfacet
  facet normal 0.426775 -0.904358 0
    outer loop
      vertex 4.50943 -4.51764 0.799999
      vertex 4.50765 -4.51848 0
      vertex 4.50943 -4.51764 0
    endloop
  endfacet
  facet normal 0.0509541 0.998701 -0
    outer loop
      vertex 4.50196 -4.4801 0
      vertex 4.5 -4.48 0.799999
      vertex 4.50196 -4.4801 0.799999
    endloop
  endfacet
  facet normal 0.0509541 0.998701 0
    outer loop
      vertex 4.5 -4.48 0.799999
      vertex 4.50196 -4.4801 0
      vertex 4.5 -4.48 0
    endloop
  endfacet
  facet normal 0.989744 -0.14285 0
    outer loop
      vertex 4.51962 -4.5039 0.799999
      vertex 4.5199 -4.50196 0
      vertex 4.5199 -4.50196 0.799999
    endloop
  endfacet
  facet normal 0.989744 -0.14285 0
    outer loop
      vertex 4.5199 -4.50196 0
      vertex 4.51962 -4.5039 0.799999
      vertex 4.51962 -4.5039 0
    endloop
  endfacet
  facet normal -0.941278 -0.337632 0
    outer loop
      vertex 4.48152 -4.50765 0
      vertex 4.48086 -4.50581 0.799999
      vertex 4.48086 -4.50581 0
    endloop
  endfacet
  facet normal -0.941278 -0.337632 0
    outer loop
      vertex 4.48086 -4.50581 0.799999
      vertex 4.48152 -4.50765 0
      vertex 4.48152 -4.50765 0.799999
    endloop
  endfacet
  facet normal -0.904358 -0.426775 0
    outer loop
      vertex 4.48236 -4.50943 0
      vertex 4.48152 -4.50765 0.799999
      vertex 4.48152 -4.50765 0
    endloop
  endfacet
  facet normal -0.904358 -0.426775 0
    outer loop
      vertex 4.48152 -4.50765 0.799999
      vertex 4.48236 -4.50943 0
      vertex 4.48236 -4.50943 0.799999
    endloop
  endfacet
  facet normal -0.941278 0.337632 0
    outer loop
      vertex 4.48086 -4.49419 0
      vertex 4.48152 -4.49235 0.799999
      vertex 4.48152 -4.49235 0
    endloop
  endfacet
  facet normal -0.941278 0.337632 0
    outer loop
      vertex 4.48152 -4.49235 0.799999
      vertex 4.48086 -4.49419 0
      vertex 4.48086 -4.49419 0.799999
    endloop
  endfacet
  facet normal -0.595106 0.803647 0
    outer loop
      vertex 4.48889 -4.48337 0
      vertex 4.48731 -4.48454 0.799999
      vertex 4.48889 -4.48337 0.799999
    endloop
  endfacet
  facet normal -0.595106 0.803647 0
    outer loop
      vertex 4.48731 -4.48454 0.799999
      vertex 4.48889 -4.48337 0
      vertex 4.48731 -4.48454 0
    endloop
  endfacet
  facet normal -0.426775 0.904358 0
    outer loop
      vertex 4.49235 -4.48152 0
      vertex 4.49057 -4.48236 0.799999
      vertex 4.49235 -4.48152 0.799999
    endloop
  endfacet
  facet normal -0.426775 0.904358 0
    outer loop
      vertex 4.49057 -4.48236 0.799999
      vertex 4.49235 -4.48152 0
      vertex 4.49057 -4.48236 0
    endloop
  endfacet
  facet normal 0.515246 -0.857042 0
    outer loop
      vertex 4.50943 -4.51764 0
      vertex 4.51111 -4.51663 0.799999
      vertex 4.50943 -4.51764 0.799999
    endloop
  endfacet
  facet normal 0.515246 -0.857042 0
    outer loop
      vertex 4.51111 -4.51663 0.799999
      vertex 4.50943 -4.51764 0
      vertex 4.51111 -4.51663 0
    endloop
  endfacet
  facet normal -0.739478 -0.67318 0
    outer loop
      vertex 4.48586 -4.51414 0
      vertex 4.48454 -4.51269 0.799999
      vertex 4.48454 -4.51269 0
    endloop
  endfacet
  facet normal -0.739478 -0.67318 0
    outer loop
      vertex 4.48454 -4.51269 0.799999
      vertex 4.48586 -4.51414 0
      vertex 4.48586 -4.51414 0.799999
    endloop
  endfacet
  facet normal 0.904358 0.426775 0
    outer loop
      vertex 4.51848 -4.49235 0.799999
      vertex 4.51764 -4.49057 0
      vertex 4.51764 -4.49057 0.799999
    endloop
  endfacet
  facet normal 0.904358 0.426775 0
    outer loop
      vertex 4.51764 -4.49057 0
      vertex 4.51848 -4.49235 0.799999
      vertex 4.51848 -4.49235 0
    endloop
  endfacet
  facet normal 0.998701 -0.0509541 0
    outer loop
      vertex 4.5199 -4.50196 0.799999
      vertex 4.52 -4.5 0
      vertex 4.52 -4.5 0.799999
    endloop
  endfacet
  facet normal 0.998701 -0.0509541 0
    outer loop
      vertex 4.52 -4.5 0
      vertex 4.5199 -4.50196 0.799999
      vertex 4.5199 -4.50196 0
    endloop
  endfacet
  facet normal 0.595106 -0.803647 0
    outer loop
      vertex 4.51111 -4.51663 0
      vertex 4.51269 -4.51546 0.799999
      vertex 4.51111 -4.51663 0.799999
    endloop
  endfacet
  facet normal 0.595106 -0.803647 0
    outer loop
      vertex 4.51269 -4.51546 0.799999
      vertex 4.51111 -4.51663 0
      vertex 4.51269 -4.51546 0
    endloop
  endfacet
  facet normal 0.14285 -0.989744 0
    outer loop
      vertex 4.50196 -4.5199 0
      vertex 4.5039 -4.51962 0.799999
      vertex 4.50196 -4.5199 0.799999
    endloop
  endfacet
  facet normal 0.14285 -0.989744 0
    outer loop
      vertex 4.5039 -4.51962 0.799999
      vertex 4.50196 -4.5199 0
      vertex 4.5039 -4.51962 0
    endloop
  endfacet
  facet normal 0.595106 0.803647 -0
    outer loop
      vertex 4.51269 -4.48454 0
      vertex 4.51111 -4.48337 0.799999
      vertex 4.51269 -4.48454 0.799999
    endloop
  endfacet
  facet normal 0.595106 0.803647 0
    outer loop
      vertex 4.51111 -4.48337 0.799999
      vertex 4.51269 -4.48454 0
      vertex 4.51111 -4.48337 0
    endloop
  endfacet
  facet normal 0.337632 -0.941278 0
    outer loop
      vertex 4.50581 -4.51914 0
      vertex 4.50765 -4.51848 0.799999
      vertex 4.50581 -4.51914 0.799999
    endloop
  endfacet
  facet normal 0.337632 -0.941278 0
    outer loop
      vertex 4.50765 -4.51848 0.799999
      vertex 4.50581 -4.51914 0
      vertex 4.50765 -4.51848 0
    endloop
  endfacet
  facet normal -0.857042 0.515246 0
    outer loop
      vertex 4.48236 -4.49057 0
      vertex 4.48337 -4.48889 0.799999
      vertex 4.48337 -4.48889 0
    endloop
  endfacet
  facet normal -0.857042 0.515246 0
    outer loop
      vertex 4.48337 -4.48889 0.799999
      vertex 4.48236 -4.49057 0
      vertex 4.48236 -4.49057 0.799999
    endloop
  endfacet
  facet normal 0.515246 0.857042 -0
    outer loop
      vertex 4.51111 -4.48337 0
      vertex 4.50943 -4.48236 0.799999
      vertex 4.51111 -4.48337 0.799999
    endloop
  endfacet
  facet normal 0.515246 0.857042 0
    outer loop
      vertex 4.50943 -4.48236 0.799999
      vertex 4.51111 -4.48337 0
      vertex 4.50943 -4.48236 0
    endloop
  endfacet
  facet normal 0.803647 0.595106 0
    outer loop
      vertex 4.51663 -4.48889 0.799999
      vertex 4.51546 -4.48731 0
      vertex 4.51546 -4.48731 0.799999
    endloop
  endfacet
  facet normal 0.803647 0.595106 0
    outer loop
      vertex 4.51546 -4.48731 0
      vertex 4.51663 -4.48889 0.799999
      vertex 4.51663 -4.48889 0
    endloop
  endfacet
  facet normal -0.515246 0.857042 0
    outer loop
      vertex 4.49057 -4.48236 0
      vertex 4.48889 -4.48337 0.799999
      vertex 4.49057 -4.48236 0.799999
    endloop
  endfacet
  facet normal -0.515246 0.857042 0
    outer loop
      vertex 4.48889 -4.48337 0.799999
      vertex 4.49057 -4.48236 0
      vertex 4.48889 -4.48337 0
    endloop
  endfacet
  facet normal -0.14285 0.989744 0
    outer loop
      vertex 4.49804 -4.4801 0
      vertex 4.4961 -4.48038 0.799999
      vertex 4.49804 -4.4801 0.799999
    endloop
  endfacet
  facet normal -0.14285 0.989744 0
    outer loop
      vertex 4.4961 -4.48038 0.799999
      vertex 4.49804 -4.4801 0
      vertex 4.4961 -4.48038 0
    endloop
  endfacet
  facet normal 0.969843 -0.24373 0
    outer loop
      vertex 4.51914 -4.50581 0.799999
      vertex 4.51962 -4.5039 0
      vertex 4.51962 -4.5039 0.799999
    endloop
  endfacet
  facet normal 0.969843 -0.24373 0
    outer loop
      vertex 4.51962 -4.5039 0
      vertex 4.51914 -4.50581 0.799999
      vertex 4.51914 -4.50581 0
    endloop
  endfacet
  facet normal -0.998701 -0.0509541 0
    outer loop
      vertex 4.4801 -4.50196 0
      vertex 4.48 -4.5 0.799999
      vertex 4.48 -4.5 0
    endloop
  endfacet
  facet normal -0.998701 -0.0509541 0
    outer loop
      vertex 4.48 -4.5 0.799999
      vertex 4.4801 -4.50196 0
      vertex 4.4801 -4.50196 0.799999
    endloop
  endfacet
  facet normal -0.337632 0.941278 0
    outer loop
      vertex 4.49419 -4.48086 0
      vertex 4.49235 -4.48152 0.799999
      vertex 4.49419 -4.48086 0.799999
    endloop
  endfacet
  facet normal -0.337632 0.941278 0
    outer loop
      vertex 4.49235 -4.48152 0.799999
      vertex 4.49419 -4.48086 0
      vertex 4.49235 -4.48152 0
    endloop
  endfacet
  facet normal 0.857042 -0.515246 0
    outer loop
      vertex 4.51663 -4.51111 0.799999
      vertex 4.51764 -4.50943 0
      vertex 4.51764 -4.50943 0.799999
    endloop
  endfacet
  facet normal 0.857042 -0.515246 0
    outer loop
      vertex 4.51764 -4.50943 0
      vertex 4.51663 -4.51111 0.799999
      vertex 4.51663 -4.51111 0
    endloop
  endfacet
  facet normal -0.595106 -0.803647 0
    outer loop
      vertex 4.48731 -4.51546 0
      vertex 4.48889 -4.51663 0.799999
      vertex 4.48731 -4.51546 0.799999
    endloop
  endfacet
  facet normal -0.595106 -0.803647 -0
    outer loop
      vertex 4.48889 -4.51663 0.799999
      vertex 4.48731 -4.51546 0
      vertex 4.48889 -4.51663 0
    endloop
  endfacet
  facet normal 0.24373 0.969843 -0
    outer loop
      vertex 4.50581 -4.48086 0
      vertex 4.5039 -4.48038 0.799999
      vertex 4.50581 -4.48086 0.799999
    endloop
  endfacet
  facet normal 0.24373 0.969843 0
    outer loop
      vertex 4.5039 -4.48038 0.799999
      vertex 4.50581 -4.48086 0
      vertex 4.5039 -4.48038 0
    endloop
  endfacet
  facet normal 0.941278 0.337632 0
    outer loop
      vertex 4.51914 -4.49419 0.799999
      vertex 4.51848 -4.49235 0
      vertex 4.51848 -4.49235 0.799999
    endloop
  endfacet
  facet normal 0.941278 0.337632 0
    outer loop
      vertex 4.51848 -4.49235 0
      vertex 4.51914 -4.49419 0.799999
      vertex 4.51914 -4.49419 0
    endloop
  endfacet
  facet normal 0.857042 0.515246 0
    outer loop
      vertex 4.51764 -4.49057 0.799999
      vertex 4.51663 -4.48889 0
      vertex 4.51663 -4.48889 0.799999
    endloop
  endfacet
  facet normal 0.857042 0.515246 0
    outer loop
      vertex 4.51663 -4.48889 0
      vertex 4.51764 -4.49057 0.799999
      vertex 4.51764 -4.49057 0
    endloop
  endfacet
  facet normal -0.739478 0.67318 0
    outer loop
      vertex 4.48454 -4.48731 0
      vertex 4.48586 -4.48586 0.799999
      vertex 4.48586 -4.48586 0
    endloop
  endfacet
  facet normal -0.739478 0.67318 0
    outer loop
      vertex 4.48586 -4.48586 0.799999
      vertex 4.48454 -4.48731 0
      vertex 4.48454 -4.48731 0.799999
    endloop
  endfacet
  facet normal 0.67318 0.739478 -0
    outer loop
      vertex 4.51414 -4.48586 0
      vertex 4.51269 -4.48454 0.799999
      vertex 4.51414 -4.48586 0.799999
    endloop
  endfacet
  facet normal 0.67318 0.739478 0
    outer loop
      vertex 4.51269 -4.48454 0.799999
      vertex 4.51414 -4.48586 0
      vertex 4.51269 -4.48454 0
    endloop
  endfacet
  facet normal -0.989744 0.14285 0
    outer loop
      vertex 4.4801 -4.49804 0
      vertex 4.48038 -4.4961 0.799999
      vertex 4.48038 -4.4961 0
    endloop
  endfacet
  facet normal -0.989744 0.14285 0
    outer loop
      vertex 4.48038 -4.4961 0.799999
      vertex 4.4801 -4.49804 0
      vertex 4.4801 -4.49804 0.799999
    endloop
  endfacet
  facet normal 0.337632 0.941278 -0
    outer loop
      vertex 4.50765 -4.48152 0
      vertex 4.50581 -4.48086 0.799999
      vertex 4.50765 -4.48152 0.799999
    endloop
  endfacet
  facet normal 0.337632 0.941278 0
    outer loop
      vertex 4.50581 -4.48086 0.799999
      vertex 4.50765 -4.48152 0
      vertex 4.50581 -4.48086 0
    endloop
  endfacet
  facet normal -0.24373 0.969843 0
    outer loop
      vertex 4.4961 -4.48038 0
      vertex 4.49419 -4.48086 0.799999
      vertex 4.4961 -4.48038 0.799999
    endloop
  endfacet
  facet normal -0.24373 0.969843 0
    outer loop
      vertex 4.49419 -4.48086 0.799999
      vertex 4.4961 -4.48038 0
      vertex 4.49419 -4.48086 0
    endloop
  endfacet
  facet normal 0.0509541 -0.998701 0
    outer loop
      vertex 4.5 -4.52 0
      vertex 4.50196 -4.5199 0.799999
      vertex 4.5 -4.52 0.799999
    endloop
  endfacet
  facet normal 0.0509541 -0.998701 0
    outer loop
      vertex 4.50196 -4.5199 0.799999
      vertex 4.5 -4.52 0
      vertex 4.50196 -4.5199 0
    endloop
  endfacet
  facet normal 0.739478 -0.67318 0
    outer loop
      vertex 4.51414 -4.51414 0.799999
      vertex 4.51546 -4.51269 0
      vertex 4.51546 -4.51269 0.799999
    endloop
  endfacet
  facet normal 0.739478 -0.67318 0
    outer loop
      vertex 4.51546 -4.51269 0
      vertex 4.51414 -4.51414 0.799999
      vertex 4.51414 -4.51414 0
    endloop
  endfacet
  facet normal -0.67318 -0.739478 0
    outer loop
      vertex 4.48586 -4.51414 0
      vertex 4.48731 -4.51546 0.799999
      vertex 4.48586 -4.51414 0.799999
    endloop
  endfacet
  facet normal -0.67318 -0.739478 -0
    outer loop
      vertex 4.48731 -4.51546 0.799999
      vertex 4.48586 -4.51414 0
      vertex 4.48731 -4.51546 0
    endloop
  endfacet
  facet normal 0.941278 -0.337632 0
    outer loop
      vertex 4.51848 -4.50765 0.799999
      vertex 4.51914 -4.50581 0
      vertex 4.51914 -4.50581 0.799999
    endloop
  endfacet
  facet normal 0.941278 -0.337632 0
    outer loop
      vertex 4.51914 -4.50581 0
      vertex 4.51848 -4.50765 0.799999
      vertex 4.51848 -4.50765 0
    endloop
  endfacet
  facet normal 0.803647 -0.595106 0
    outer loop
      vertex 4.51546 -4.51269 0.799999
      vertex 4.51663 -4.51111 0
      vertex 4.51663 -4.51111 0.799999
    endloop
  endfacet
  facet normal 0.803647 -0.595106 0
    outer loop
      vertex 4.51663 -4.51111 0
      vertex 4.51546 -4.51269 0.799999
      vertex 4.51546 -4.51269 0
    endloop
  endfacet
  facet normal 0.426775 0.904358 -0
    outer loop
      vertex 4.50943 -4.48236 0
      vertex 4.50765 -4.48152 0.799999
      vertex 4.50943 -4.48236 0.799999
    endloop
  endfacet
  facet normal 0.426775 0.904358 0
    outer loop
      vertex 4.50765 -4.48152 0.799999
      vertex 4.50943 -4.48236 0
      vertex 4.50765 -4.48152 0
    endloop
  endfacet
  facet normal -0.14285 -0.989744 0
    outer loop
      vertex 4.4961 -4.51962 0
      vertex 4.49804 -4.5199 0.799999
      vertex 4.4961 -4.51962 0.799999
    endloop
  endfacet
  facet normal -0.14285 -0.989744 -0
    outer loop
      vertex 4.49804 -4.5199 0.799999
      vertex 4.4961 -4.51962 0
      vertex 4.49804 -4.5199 0
    endloop
  endfacet
  facet normal -0.0509541 0.998701 0
    outer loop
      vertex 4.5 -4.48 0
      vertex 4.49804 -4.4801 0.799999
      vertex 4.5 -4.48 0.799999
    endloop
  endfacet
  facet normal -0.0509541 0.998701 0
    outer loop
      vertex 4.49804 -4.4801 0.799999
      vertex 4.5 -4.48 0
      vertex 4.49804 -4.4801 0
    endloop
  endfacet
  facet normal -0.67318 0.739478 0
    outer loop
      vertex 4.48731 -4.48454 0
      vertex 4.48586 -4.48586 0.799999
      vertex 4.48731 -4.48454 0.799999
    endloop
  endfacet
  facet normal -0.67318 0.739478 0
    outer loop
      vertex 4.48586 -4.48586 0.799999
      vertex 4.48731 -4.48454 0
      vertex 4.48586 -4.48586 0
    endloop
  endfacet
  facet normal -0.969843 0.24373 0
    outer loop
      vertex 4.48038 -4.4961 0
      vertex 4.48086 -4.49419 0.799999
      vertex 4.48086 -4.49419 0
    endloop
  endfacet
  facet normal -0.969843 0.24373 0
    outer loop
      vertex 4.48086 -4.49419 0.799999
      vertex 4.48038 -4.4961 0
      vertex 4.48038 -4.4961 0.799999
    endloop
  endfacet
  facet normal -0.857042 -0.515246 0
    outer loop
      vertex 4.48337 -4.51111 0
      vertex 4.48236 -4.50943 0.799999
      vertex 4.48236 -4.50943 0
    endloop
  endfacet
  facet normal -0.857042 -0.515246 0
    outer loop
      vertex 4.48236 -4.50943 0.799999
      vertex 4.48337 -4.51111 0
      vertex 4.48337 -4.51111 0.799999
    endloop
  endfacet
  facet normal 0.24373 -0.969843 0
    outer loop
      vertex 4.5039 -4.51962 0
      vertex 4.50581 -4.51914 0.799999
      vertex 4.5039 -4.51962 0.799999
    endloop
  endfacet
  facet normal 0.24373 -0.969843 0
    outer loop
      vertex 4.50581 -4.51914 0.799999
      vertex 4.5039 -4.51962 0
      vertex 4.50581 -4.51914 0
    endloop
  endfacet
  facet normal -0.904358 0.426775 0
    outer loop
      vertex 4.48152 -4.49235 0
      vertex 4.48236 -4.49057 0.799999
      vertex 4.48236 -4.49057 0
    endloop
  endfacet
  facet normal -0.904358 0.426775 0
    outer loop
      vertex 4.48236 -4.49057 0.799999
      vertex 4.48152 -4.49235 0
      vertex 4.48152 -4.49235 0.799999
    endloop
  endfacet
  facet normal -0.969843 -0.24373 0
    outer loop
      vertex 4.48086 -4.50581 0
      vertex 4.48038 -4.5039 0.799999
      vertex 4.48038 -4.5039 0
    endloop
  endfacet
  facet normal -0.969843 -0.24373 0
    outer loop
      vertex 4.48038 -4.5039 0.799999
      vertex 4.48086 -4.50581 0
      vertex 4.48086 -4.50581 0.799999
    endloop
  endfacet
  facet normal -0.803647 0.595106 0
    outer loop
      vertex 4.48337 -4.48889 0
      vertex 4.48454 -4.48731 0.799999
      vertex 4.48454 -4.48731 0
    endloop
  endfacet
  facet normal -0.803647 0.595106 0
    outer loop
      vertex 4.48454 -4.48731 0.799999
      vertex 4.48337 -4.48889 0
      vertex 4.48337 -4.48889 0.799999
    endloop
  endfacet
  facet normal -0.803647 -0.595106 0
    outer loop
      vertex 4.48454 -4.51269 0
      vertex 4.48337 -4.51111 0.799999
      vertex 4.48337 -4.51111 0
    endloop
  endfacet
  facet normal -0.803647 -0.595106 0
    outer loop
      vertex 4.48337 -4.51111 0.799999
      vertex 4.48454 -4.51269 0
      vertex 4.48454 -4.51269 0.799999
    endloop
  endfacet
  facet normal -0.989744 -0.14285 0
    outer loop
      vertex 4.48038 -4.5039 0
      vertex 4.4801 -4.50196 0.799999
      vertex 4.4801 -4.50196 0
    endloop
  endfacet
  facet normal -0.989744 -0.14285 0
    outer loop
      vertex 4.4801 -4.50196 0.799999
      vertex 4.48038 -4.5039 0
      vertex 4.48038 -4.5039 0.799999
    endloop
  endfacet
  facet normal 0.904358 -0.426775 0
    outer loop
      vertex 4.51764 -4.50943 0.799999
      vertex 4.51848 -4.50765 0
      vertex 4.51848 -4.50765 0.799999
    endloop
  endfacet
  facet normal 0.904358 -0.426775 0
    outer loop
      vertex 4.51848 -4.50765 0
      vertex 4.51764 -4.50943 0.799999
      vertex 4.51764 -4.50943 0
    endloop
  endfacet
  facet normal -0.24373 -0.969843 0
    outer loop
      vertex 4.49419 -4.51914 0
      vertex 4.4961 -4.51962 0.799999
      vertex 4.49419 -4.51914 0.799999
    endloop
  endfacet
  facet normal -0.24373 -0.969843 -0
    outer loop
      vertex 4.4961 -4.51962 0.799999
      vertex 4.49419 -4.51914 0
      vertex 4.4961 -4.51962 0
    endloop
  endfacet
  facet normal 0.739478 0.67318 0
    outer loop
      vertex 4.51546 -4.48731 0.799999
      vertex 4.51414 -4.48586 0
      vertex 4.51414 -4.48586 0.799999
    endloop
  endfacet
  facet normal 0.739478 0.67318 0
    outer loop
      vertex 4.51414 -4.48586 0
      vertex 4.51546 -4.48731 0.799999
      vertex 4.51546 -4.48731 0
    endloop
  endfacet
  facet normal -0.0509541 -0.998701 0
    outer loop
      vertex 4.49804 -4.5199 0
      vertex 4.5 -4.52 0.799999
      vertex 4.49804 -4.5199 0.799999
    endloop
  endfacet
  facet normal -0.0509541 -0.998701 -0
    outer loop
      vertex 4.5 -4.52 0.799999
      vertex 4.49804 -4.5199 0
      vertex 4.5 -4.52 0
    endloop
  endfacet
  facet normal 0 0 1
    outer loop
      vertex 4.5199 -4.49804 0.799999
      vertex 4.5199 -4.50196 0.799999
      vertex 4.52 -4.5 0.799999
    endloop
  endfacet
  facet normal 0 0 1
    outer loop
      vertex 4.51962 -4.4961 0.799999
      vertex 4.5199 -4.50196 0.799999
      vertex 4.5199 -4.49804 0.799999
    endloop
  endfacet
  facet normal 0 0 1
    outer loop
      vertex 4.51962 -4.4961 0.799999
      vertex 4.51962 -4.5039 0.799999
      vertex 4.5199 -4.50196 0.799999
    endloop
  endfacet
  facet normal 0 0 1
    outer loop
      vertex 4.51914 -4.49419 0.799999
      vertex 4.51962 -4.5039 0.799999
      vertex 4.51962 -4.4961 0.799999
    endloop
  endfacet
  facet normal 0 0 1
    outer loop
      vertex 4.51914 -4.49419 0.799999
      vertex 4.51914 -4.50581 0.799999
      vertex 4.51962 -4.5039 0.799999
    endloop
  endfacet
  facet normal 0 0 1
    outer loop
      vertex 4.51848 -4.49235 0.799999
      vertex 4.51914 -4.50581 0.799999
      vertex 4.51914 -4.49419 0.799999
    endloop
  endfacet
  facet normal 0 0 1
    outer loop
      vertex 4.51848 -4.49235 0.799999
      vertex 4.51848 -4.50765 0.799999
      vertex 4.51914 -4.50581 0.799999
    endloop
  endfacet
  facet normal 0 0 1
    outer loop
      vertex 4.51764 -4.49057 0.799999
      vertex 4.51848 -4.50765 0.799999
      vertex 4.51848 -4.49235 0.799999
    endloop
  endfacet
  facet normal 0 0 1
    outer loop
      vertex 4.51764 -4.49057 0.799999
      vertex 4.51764 -4.50943 0.799999
      vertex 4.51848 -4.50765 0.799999
    endloop
  endfacet
  facet normal 0 0 1
    outer loop
      vertex 4.51663 -4.48889 0.799999
      vertex 4.51764 -4.50943 0.799999
      vertex 4.51764 -4.49057 0.799999
    endloop
  endfacet
  facet normal 0 0 1
    outer loop
      vertex 4.51663 -4.48889 0.799999
      vertex 4.51663 -4.51111 0.799999
      vertex 4.51764 -4.50943 0.799999
    endloop
  endfacet
  facet normal 0 0 1
    outer loop
      vertex 4.51546 -4.48731 0.799999
      vertex 4.51663 -4.51111 0.799999
      vertex 4.51663 -4.48889 0.799999
    endloop
  endfacet
  facet normal 0 0 1
    outer loop
      vertex 4.51546 -4.48731 0.799999
      vertex 4.51546 -4.51269 0.799999
      vertex 4.51663 -4.51111 0.799999
    endloop
  endfacet
  facet normal 0 0 1
    outer loop
      vertex 4.51414 -4.48586 0.799999
      vertex 4.51546 -4.51269 0.799999
      vertex 4.51546 -4.48731 0.799999
    endloop
  endfacet
  facet normal 0 0 1
    outer loop
      vertex 4.51414 -4.48586 0.799999
      vertex 4.51414 -4.51414 0.799999
      vertex 4.51546 -4.51269 0.799999
    endloop
  endfacet
  facet normal 0 0 1
    outer loop
      vertex 4.51269 -4.48454 0.799999
      vertex 4.51414 -4.51414 0.799999
      vertex 4.51414 -4.48586 0.799999
    endloop
  endfacet
  facet normal 0 0 1
    outer loop
      vertex 4.51269 -4.48454 0.799999
      vertex 4.51269 -4.51546 0.799999
      vertex 4.51414 -4.51414 0.799999
    endloop
  endfacet
  facet normal 0 0 1
    outer loop
      vertex 4.51111 -4.48337 0.799999
      vertex 4.51269 -4.51546 0.799999
      vertex 4.51269 -4.48454 0.799999
    endloop
  endfacet
  facet normal 0 0 1
    outer loop
      vertex 4.51111 -4.48337 0.799999
      vertex 4.51111 -4.51663 0.799999
      vertex 4.51269 -4.51546 0.799999
    endloop
  endfacet
  facet normal 0 0 1
    outer loop
      vertex 4.50943 -4.48236 0.799999
      vertex 4.51111 -4.51663 0.799999
      vertex 4.51111 -4.48337 0.799999
    endloop
  endfacet
  facet normal 0 0 1
    outer loop
      vertex 4.50943 -4.48236 0.799999
      vertex 4.50943 -4.51764 0.799999
      vertex 4.51111 -4.51663 0.799999
    endloop
  endfacet
  facet normal 0 0 1
    outer loop
      vertex 4.50765 -4.48152 0.799999
      vertex 4.50943 -4.51764 0.799999
      vertex 4.50943 -4.48236 0.799999
    endloop
  endfacet
  facet normal 0 0 1
    outer loop
      vertex 4.50765 -4.48152 0.799999
      vertex 4.50765 -4.51848 0.799999
      vertex 4.50943 -4.51764 0.799999
    endloop
  endfacet
  facet normal 0 0 1
    outer loop
      vertex 4.50581 -4.48086 0.799999
      vertex 4.50765 -4.51848 0.799999
      vertex 4.50765 -4.48152 0.799999
    endloop
  endfacet
  facet normal 0 0 1
    outer loop
      vertex 4.50581 -4.48086 0.799999
      vertex 4.50581 -4.51914 0.799999
      vertex 4.50765 -4.51848 0.799999
    endloop
  endfacet
  facet normal 0 0 1
    outer loop
      vertex 4.5039 -4.48038 0.799999
      vertex 4.50581 -4.51914 0.799999
      vertex 4.50581 -4.48086 0.799999
    endloop
  endfacet
  facet normal 0 0 1
    outer loop
      vertex 4.5039 -4.48038 0.799999
      vertex 4.5039 -4.51962 0.799999
      vertex 4.50581 -4.51914 0.799999
    endloop
  endfacet
  facet normal 0 0 1
    outer loop
      vertex 4.50196 -4.4801 0.799999
      vertex 4.5039 -4.51962 0.799999
      vertex 4.5039 -4.48038 0.799999
    endloop
  endfacet
  facet normal 0 0 1
    outer loop
      vertex 4.50196 -4.4801 0.799999
      vertex 4.50196 -4.5199 0.799999
      vertex 4.5039 -4.51962 0.799999
    endloop
  endfacet
  facet normal 0 0 1
    outer loop
      vertex 4.5 -4.48 0.799999
      vertex 4.50196 -4.5199 0.799999
      vertex 4.50196 -4.4801 0.799999
    endloop
  endfacet
  facet normal 0 0 1
    outer loop
      vertex 4.5 -4.48 0.799999
      vertex 4.5 -4.52 0.799999
      vertex 4.50196 -4.5199 0.799999
    endloop
  endfacet
  facet normal -0 0 1
    outer loop
      vertex 4.49804 -4.4801 0.799999
      vertex 4.5 -4.52 0.799999
      vertex 4.5 -4.48 0.799999
    endloop
  endfacet
  facet normal 0 0 1
    outer loop
      vertex 4.49804 -4.4801 0.799999
      vertex 4.49804 -4.5199 0.799999
      vertex 4.5 -4.52 0.799999
    endloop
  endfacet
  facet normal -0 0 1
    outer loop
      vertex 4.4961 -4.48038 0.799999
      vertex 4.49804 -4.5199 0.799999
      vertex 4.49804 -4.4801 0.799999
    endloop
  endfacet
  facet normal 0 0 1
    outer loop
      vertex 4.4961 -4.48038 0.799999
      vertex 4.4961 -4.51962 0.799999
      vertex 4.49804 -4.5199 0.799999
    endloop
  endfacet
  facet normal -0 0 1
    outer loop
      vertex 4.49419 -4.48086 0.799999
      vertex 4.4961 -4.51962 0.799999
      vertex 4.4961 -4.48038 0.799999
    endloop
  endfacet
  facet normal 0 0 1
    outer loop
      vertex 4.49419 -4.48086 0.799999
      vertex 4.49419 -4.51914 0.799999
      vertex 4.4961 -4.51962 0.799999
    endloop
  endfacet
  facet normal -0 0 1
    outer loop
      vertex 4.49235 -4.48152 0.799999
      vertex 4.49419 -4.51914 0.799999
      vertex 4.49419 -4.48086 0.799999
    endloop
  endfacet
  facet normal 0 0 1
    outer loop
      vertex 4.49235 -4.48152 0.799999
      vertex 4.49235 -4.51848 0.799999
      vertex 4.49419 -4.51914 0.799999
    endloop
  endfacet
  facet normal -0 0 1
    outer loop
      vertex 4.49057 -4.48236 0.799999
      vertex 4.49235 -4.51848 0.799999
      vertex 4.49235 -4.48152 0.799999
    endloop
  endfacet
  facet normal 0 0 1
    outer loop
      vertex 4.49057 -4.48236 0.799999
      vertex 4.49057 -4.51764 0.799999
      vertex 4.49235 -4.51848 0.799999
    endloop
  endfacet
  facet normal -0 0 1
    outer loop
      vertex 4.48889 -4.48337 0.799999
      vertex 4.49057 -4.51764 0.799999
      vertex 4.49057 -4.48236 0.799999
    endloop
  endfacet
  facet normal 0 0 1
    outer loop
      vertex 4.48889 -4.48337 0.799999
      vertex 4.48889 -4.51663 0.799999
      vertex 4.49057 -4.51764 0.799999
    endloop
  endfacet
  facet normal -0 0 1
    outer loop
      vertex 4.48731 -4.48454 0.799999
      vertex 4.48889 -4.51663 0.799999
      vertex 4.48889 -4.48337 0.799999
    endloop
  endfacet
  facet normal 0 0 1
    outer loop
      vertex 4.48731 -4.48454 0.799999
      vertex 4.48731 -4.51546 0.799999
      vertex 4.48889 -4.51663 0.799999
    endloop
  endfacet
  facet normal -0 0 1
    outer loop
      vertex 4.48586 -4.48586 0.799999
      vertex 4.48731 -4.51546 0.799999
      vertex 4.48731 -4.48454 0.799999
    endloop
  endfacet
  facet normal 0 0 1
    outer loop
      vertex 4.48586 -4.48586 0.799999
      vertex 4.48586 -4.51414 0.799999
      vertex 4.48731 -4.51546 0.799999
    endloop
  endfacet
  facet normal -0 0 1
    outer loop
      vertex 4.48454 -4.48731 0.799999
      vertex 4.48586 -4.51414 0.799999
      vertex 4.48586 -4.48586 0.799999
    endloop
  endfacet
  facet normal 0 0 1
    outer loop
      vertex 4.48454 -4.48731 0.799999
      vertex 4.48454 -4.51269 0.799999
      vertex 4.48586 -4.51414 0.799999
    endloop
  endfacet
  facet normal -0 0 1
    outer loop
      vertex 4.48337 -4.48889 0.799999
      vertex 4.48454 -4.51269 0.799999
      vertex 4.48454 -4.48731 0.799999
    endloop
  endfacet
  facet normal 0 0 1
    outer loop
      vertex 4.48337 -4.48889 0.799999
      vertex 4.48337 -4.51111 0.799999
      vertex 4.48454 -4.51269 0.799999
    endloop
  endfacet
  facet normal -0 0 1
    outer loop
      vertex 4.48236 -4.49057 0.799999
      vertex 4.48337 -4.51111 0.799999
      vertex 4.48337 -4.48889 0.799999
    endloop
  endfacet
  facet normal 0 0 1
    outer loop
      vertex 4.48236 -4.49057 0.799999
      vertex 4.48236 -4.50943 0.799999
      vertex 4.48337 -4.51111 0.799999
    endloop
  endfacet
  facet normal -0 0 1
    outer loop
      vertex 4.48152 -4.49235 0.799999
      vertex 4.48236 -4.50943 0.799999
      vertex 4.48236 -4.49057 0.799999
    endloop
  endfacet
  facet normal 0 0 1
    outer loop
      vertex 4.48152 -4.49235 0.799999
      vertex 4.48152 -4.50765 0.799999
      vertex 4.48236 -4.50943 0.799999
    endloop
  endfacet
  facet normal -0 0 1
    outer loop
      vertex 4.48086 -4.49419 0.799999
      vertex 4.48152 -4.50765 0.799999
      vertex 4.48152 -4.49235 0.799999
    endloop
  endfacet
  facet normal 0 0 1
    outer loop
      vertex 4.48086 -4.49419 0.799999
      vertex 4.48086 -4.50581 0.799999
      vertex 4.48152 -4.50765 0.799999
    endloop
  endfacet
  facet normal -0 0 1
    outer loop
      vertex 4.48038 -4.4961 0.799999
      vertex 4.48086 -4.50581 0.799999
      vertex 4.48086 -4.49419 0.799999
    endloop
  endfacet
  facet normal 0 0 1
    outer loop
      vertex 4.48038 -4.4961 0.799999
      vertex 4.48038 -4.5039 0.799999
      vertex 4.48086 -4.50581 0.799999
    endloop
  endfacet
  facet normal -0 0 1
    outer loop
      vertex 4.4801 -4.49804 0.799999
      vertex 4.48038 -4.5039 0.799999
      vertex 4.48038 -4.4961 0.799999
    endloop
  endfacet
  facet normal 0 0 1
    outer loop
      vertex 4.4801 -4.49804 0.799999
      vertex 4.4801 -4.50196 0.799999
      vertex 4.48038 -4.5039 0.799999
    endloop
  endfacet
  facet normal 0 -0 1
    outer loop
      vertex 4.4801 -4.50196 0.799999
      vertex 4.4801 -4.49804 0.799999
      vertex 4.48 -4.5 0.799999
    endloop
  endfacet
  facet normal -0.998701 0.0509541 0
    outer loop
      vertex 4.48 -4.5 0
      vertex 4.4801 -4.49804 0.799999
      vertex 4.4801 -4.49804 0
    endloop
  endfacet
  facet normal -0.998701 0.0509541 0
    outer loop
      vertex 4.4801 -4.49804 0.799999
      vertex 4.48 -4.5 0
      vertex 4.48 -4.5 0.799999
    endloop
  endfacet
  facet normal -0.337632 -0.941278 0
    outer loop
      vertex 4.49235 -4.51848 0
      vertex 4.49419 -4.51914 0.799999
      vertex 4.49235 -4.51848 0.799999
    endloop
  endfacet
  facet normal -0.337632 -0.941278 -0
    outer loop
      vertex 4.49419 -4.51914 0.799999
      vertex 4.49235 -4.51848 0
      vertex 4.49419 -4.51914 0
    endloop
  endfacet
  facet normal 0.67318 -0.739478 0
    outer loop
      vertex 4.51269 -4.51546 0
      vertex 4.51414 -4.51414 0.799999
      vertex 4.51269 -4.51546 0.799999
    endloop
  endfacet
  facet normal 0.67318 -0.739478 0
    outer loop
      vertex 4.51414 -4.51414 0.799999
      vertex 4.51269 -4.51546 0
      vertex 4.51414 -4.51414 0
    endloop
  endfacet
  facet normal 0.989744 0.14285 0
    outer loop
      vertex 4.5199 -1.49804 0.799999
      vertex 4.51962 -1.4961 0
      vertex 4.51962 -1.4961 0.799999
    endloop
  endfacet
  facet normal 0.989744 0.14285 0
    outer loop
      vertex 4.51962 -1.4961 0
      vertex 4.5199 -1.49804 0.799999
      vertex 4.5199 -1.49804 0
    endloop
  endfacet
  facet normal 0.998701 0.0509541 0
    outer loop
      vertex 4.52 -1.5 0.799999
      vertex 4.5199 -1.49804 0
      vertex 4.5199 -1.49804 0.799999
    endloop
  endfacet
  facet normal 0.998701 0.0509541 0
    outer loop
      vertex 4.5199 -1.49804 0
      vertex 4.52 -1.5 0.799999
      vertex 4.52 -1.5 0
    endloop
  endfacet
  facet normal 0.969843 0.24373 0
    outer loop
      vertex 4.51962 -1.4961 0.799999
      vertex 4.51914 -1.49419 0
      vertex 4.51914 -1.49419 0.799999
    endloop
  endfacet
  facet normal 0.969843 0.24373 0
    outer loop
      vertex 4.51914 -1.49419 0
      vertex 4.51962 -1.4961 0.799999
      vertex 4.51962 -1.4961 0
    endloop
  endfacet
  facet normal -0.515246 -0.857042 0
    outer loop
      vertex 4.48889 -1.51663 0
      vertex 4.49057 -1.51764 0.799999
      vertex 4.48889 -1.51663 0.799999
    endloop
  endfacet
  facet normal -0.515246 -0.857042 -0
    outer loop
      vertex 4.49057 -1.51764 0.799999
      vertex 4.48889 -1.51663 0
      vertex 4.49057 -1.51764 0
    endloop
  endfacet
  facet normal 0.14285 0.989744 -0
    outer loop
      vertex 4.5039 -1.48038 0
      vertex 4.50196 -1.4801 0.799999
      vertex 4.5039 -1.48038 0.799999
    endloop
  endfacet
  facet normal 0.14285 0.989744 0
    outer loop
      vertex 4.50196 -1.4801 0.799999
      vertex 4.5039 -1.48038 0
      vertex 4.50196 -1.4801 0
    endloop
  endfacet
  facet normal -0.426775 -0.904358 0
    outer loop
      vertex 4.49057 -1.51764 0
      vertex 4.49235 -1.51848 0.799999
      vertex 4.49057 -1.51764 0.799999
    endloop
  endfacet
  facet normal -0.426775 -0.904358 -0
    outer loop
      vertex 4.49235 -1.51848 0.799999
      vertex 4.49057 -1.51764 0
      vertex 4.49235 -1.51848 0
    endloop
  endfacet
  facet normal 0.426775 -0.904358 0
    outer loop
      vertex 4.50765 -1.51848 0
      vertex 4.50943 -1.51764 0.799999
      vertex 4.50765 -1.51848 0.799999
    endloop
  endfacet
  facet normal 0.426775 -0.904358 0
    outer loop
      vertex 4.50943 -1.51764 0.799999
      vertex 4.50765 -1.51848 0
      vertex 4.50943 -1.51764 0
    endloop
  endfacet
  facet normal 0.0509541 0.998701 -0
    outer loop
      vertex 4.50196 -1.4801 0
      vertex 4.5 -1.48 0.799999
      vertex 4.50196 -1.4801 0.799999
    endloop
  endfacet
  facet normal 0.0509541 0.998701 0
    outer loop
      vertex 4.5 -1.48 0.799999
      vertex 4.50196 -1.4801 0
      vertex 4.5 -1.48 0
    endloop
  endfacet
  facet normal 0.989744 -0.14285 0
    outer loop
      vertex 4.51962 -1.5039 0.799999
      vertex 4.5199 -1.50196 0
      vertex 4.5199 -1.50196 0.799999
    endloop
  endfacet
  facet normal 0.989744 -0.14285 0
    outer loop
      vertex 4.5199 -1.50196 0
      vertex 4.51962 -1.5039 0.799999
      vertex 4.51962 -1.5039 0
    endloop
  endfacet
  facet normal -0.941278 -0.337632 0
    outer loop
      vertex 4.48152 -1.50765 0
      vertex 4.48086 -1.50581 0.799999
      vertex 4.48086 -1.50581 0
    endloop
  endfacet
  facet normal -0.941278 -0.337632 0
    outer loop
      vertex 4.48086 -1.50581 0.799999
      vertex 4.48152 -1.50765 0
      vertex 4.48152 -1.50765 0.799999
    endloop
  endfacet
  facet normal -0.904358 -0.426775 0
    outer loop
      vertex 4.48236 -1.50943 0
      vertex 4.48152 -1.50765 0.799999
      vertex 4.48152 -1.50765 0
    endloop
  endfacet
  facet normal -0.904358 -0.426775 0
    outer loop
      vertex 4.48152 -1.50765 0.799999
      vertex 4.48236 -1.50943 0
      vertex 4.48236 -1.50943 0.799999
    endloop
  endfacet
  facet normal -0.941278 0.337632 0
    outer loop
      vertex 4.48086 -1.49419 0
      vertex 4.48152 -1.49235 0.799999
      vertex 4.48152 -1.49235 0
    endloop
  endfacet
  facet normal -0.941278 0.337632 0
    outer loop
      vertex 4.48152 -1.49235 0.799999
      vertex 4.48086 -1.49419 0
      vertex 4.48086 -1.49419 0.799999
    endloop
  endfacet
  facet normal -0.595106 0.803647 0
    outer loop
      vertex 4.48889 -1.48337 0
      vertex 4.48731 -1.48454 0.799999
      vertex 4.48889 -1.48337 0.799999
    endloop
  endfacet
  facet normal -0.595106 0.803647 0
    outer loop
      vertex 4.48731 -1.48454 0.799999
      vertex 4.48889 -1.48337 0
      vertex 4.48731 -1.48454 0
    endloop
  endfacet
  facet normal -0.426775 0.904358 0
    outer loop
      vertex 4.49235 -1.48152 0
      vertex 4.49057 -1.48236 0.799999
      vertex 4.49235 -1.48152 0.799999
    endloop
  endfacet
  facet normal -0.426775 0.904358 0
    outer loop
      vertex 4.49057 -1.48236 0.799999
      vertex 4.49235 -1.48152 0
      vertex 4.49057 -1.48236 0
    endloop
  endfacet
  facet normal 0.515246 -0.857042 0
    outer loop
      vertex 4.50943 -1.51764 0
      vertex 4.51111 -1.51663 0.799999
      vertex 4.50943 -1.51764 0.799999
    endloop
  endfacet
  facet normal 0.515246 -0.857042 0
    outer loop
      vertex 4.51111 -1.51663 0.799999
      vertex 4.50943 -1.51764 0
      vertex 4.51111 -1.51663 0
    endloop
  endfacet
  facet normal -0.739478 -0.67318 0
    outer loop
      vertex 4.48586 -1.51414 0
      vertex 4.48454 -1.51269 0.799999
      vertex 4.48454 -1.51269 0
    endloop
  endfacet
  facet normal -0.739478 -0.67318 0
    outer loop
      vertex 4.48454 -1.51269 0.799999
      vertex 4.48586 -1.51414 0
      vertex 4.48586 -1.51414 0.799999
    endloop
  endfacet
  facet normal 0.904358 0.426775 0
    outer loop
      vertex 4.51848 -1.49235 0.799999
      vertex 4.51764 -1.49057 0
      vertex 4.51764 -1.49057 0.799999
    endloop
  endfacet
  facet normal 0.904358 0.426775 0
    outer loop
      vertex 4.51764 -1.49057 0
      vertex 4.51848 -1.49235 0.799999
      vertex 4.51848 -1.49235 0
    endloop
  endfacet
  facet normal 0.998701 -0.0509541 0
    outer loop
      vertex 4.5199 -1.50196 0.799999
      vertex 4.52 -1.5 0
      vertex 4.52 -1.5 0.799999
    endloop
  endfacet
  facet normal 0.998701 -0.0509541 0
    outer loop
      vertex 4.52 -1.5 0
      vertex 4.5199 -1.50196 0.799999
      vertex 4.5199 -1.50196 0
    endloop
  endfacet
  facet normal 0.595106 -0.803647 0
    outer loop
      vertex 4.51111 -1.51663 0
      vertex 4.51269 -1.51546 0.799999
      vertex 4.51111 -1.51663 0.799999
    endloop
  endfacet
  facet normal 0.595106 -0.803647 0
    outer loop
      vertex 4.51269 -1.51546 0.799999
      vertex 4.51111 -1.51663 0
      vertex 4.51269 -1.51546 0
    endloop
  endfacet
  facet normal 0.14285 -0.989744 0
    outer loop
      vertex 4.50196 -1.5199 0
      vertex 4.5039 -1.51962 0.799999
      vertex 4.50196 -1.5199 0.799999
    endloop
  endfacet
  facet normal 0.14285 -0.989744 0
    outer loop
      vertex 4.5039 -1.51962 0.799999
      vertex 4.50196 -1.5199 0
      vertex 4.5039 -1.51962 0
    endloop
  endfacet
  facet normal 0.595106 0.803647 -0
    outer loop
      vertex 4.51269 -1.48454 0
      vertex 4.51111 -1.48337 0.799999
      vertex 4.51269 -1.48454 0.799999
    endloop
  endfacet
  facet normal 0.595106 0.803647 0
    outer loop
      vertex 4.51111 -1.48337 0.799999
      vertex 4.51269 -1.48454 0
      vertex 4.51111 -1.48337 0
    endloop
  endfacet
  facet normal 0.337632 -0.941278 0
    outer loop
      vertex 4.50581 -1.51914 0
      vertex 4.50765 -1.51848 0.799999
      vertex 4.50581 -1.51914 0.799999
    endloop
  endfacet
  facet normal 0.337632 -0.941278 0
    outer loop
      vertex 4.50765 -1.51848 0.799999
      vertex 4.50581 -1.51914 0
      vertex 4.50765 -1.51848 0
    endloop
  endfacet
  facet normal -0.857042 0.515246 0
    outer loop
      vertex 4.48236 -1.49057 0
      vertex 4.48337 -1.48889 0.799999
      vertex 4.48337 -1.48889 0
    endloop
  endfacet
  facet normal -0.857042 0.515246 0
    outer loop
      vertex 4.48337 -1.48889 0.799999
      vertex 4.48236 -1.49057 0
      vertex 4.48236 -1.49057 0.799999
    endloop
  endfacet
  facet normal 0.515246 0.857042 -0
    outer loop
      vertex 4.51111 -1.48337 0
      vertex 4.50943 -1.48236 0.799999
      vertex 4.51111 -1.48337 0.799999
    endloop
  endfacet
  facet normal 0.515246 0.857042 0
    outer loop
      vertex 4.50943 -1.48236 0.799999
      vertex 4.51111 -1.48337 0
      vertex 4.50943 -1.48236 0
    endloop
  endfacet
  facet normal 0.803647 0.595106 0
    outer loop
      vertex 4.51663 -1.48889 0.799999
      vertex 4.51546 -1.48731 0
      vertex 4.51546 -1.48731 0.799999
    endloop
  endfacet
  facet normal 0.803647 0.595106 0
    outer loop
      vertex 4.51546 -1.48731 0
      vertex 4.51663 -1.48889 0.799999
      vertex 4.51663 -1.48889 0
    endloop
  endfacet
  facet normal -0.515246 0.857042 0
    outer loop
      vertex 4.49057 -1.48236 0
      vertex 4.48889 -1.48337 0.799999
      vertex 4.49057 -1.48236 0.799999
    endloop
  endfacet
  facet normal -0.515246 0.857042 0
    outer loop
      vertex 4.48889 -1.48337 0.799999
      vertex 4.49057 -1.48236 0
      vertex 4.48889 -1.48337 0
    endloop
  endfacet
  facet normal -0.14285 0.989744 0
    outer loop
      vertex 4.49804 -1.4801 0
      vertex 4.4961 -1.48038 0.799999
      vertex 4.49804 -1.4801 0.799999
    endloop
  endfacet
  facet normal -0.14285 0.989744 0
    outer loop
      vertex 4.4961 -1.48038 0.799999
      vertex 4.49804 -1.4801 0
      vertex 4.4961 -1.48038 0
    endloop
  endfacet
  facet normal 0.969843 -0.24373 0
    outer loop
      vertex 4.51914 -1.50581 0.799999
      vertex 4.51962 -1.5039 0
      vertex 4.51962 -1.5039 0.799999
    endloop
  endfacet
  facet normal 0.969843 -0.24373 0
    outer loop
      vertex 4.51962 -1.5039 0
      vertex 4.51914 -1.50581 0.799999
      vertex 4.51914 -1.50581 0
    endloop
  endfacet
  facet normal -0.998701 -0.0509541 0
    outer loop
      vertex 4.4801 -1.50196 0
      vertex 4.48 -1.5 0.799999
      vertex 4.48 -1.5 0
    endloop
  endfacet
  facet normal -0.998701 -0.0509541 0
    outer loop
      vertex 4.48 -1.5 0.799999
      vertex 4.4801 -1.50196 0
      vertex 4.4801 -1.50196 0.799999
    endloop
  endfacet
  facet normal -0.337632 0.941278 0
    outer loop
      vertex 4.49419 -1.48086 0
      vertex 4.49235 -1.48152 0.799999
      vertex 4.49419 -1.48086 0.799999
    endloop
  endfacet
  facet normal -0.337632 0.941278 0
    outer loop
      vertex 4.49235 -1.48152 0.799999
      vertex 4.49419 -1.48086 0
      vertex 4.49235 -1.48152 0
    endloop
  endfacet
  facet normal 0.857042 -0.515246 0
    outer loop
      vertex 4.51663 -1.51111 0.799999
      vertex 4.51764 -1.50943 0
      vertex 4.51764 -1.50943 0.799999
    endloop
  endfacet
  facet normal 0.857042 -0.515246 0
    outer loop
      vertex 4.51764 -1.50943 0
      vertex 4.51663 -1.51111 0.799999
      vertex 4.51663 -1.51111 0
    endloop
  endfacet
  facet normal 0.24373 0.969843 -0
    outer loop
      vertex 4.50581 -1.48086 0
      vertex 4.5039 -1.48038 0.799999
      vertex 4.50581 -1.48086 0.799999
    endloop
  endfacet
  facet normal 0.24373 0.969843 0
    outer loop
      vertex 4.5039 -1.48038 0.799999
      vertex 4.50581 -1.48086 0
      vertex 4.5039 -1.48038 0
    endloop
  endfacet
  facet normal 0.941278 0.337632 0
    outer loop
      vertex 4.51914 -1.49419 0.799999
      vertex 4.51848 -1.49235 0
      vertex 4.51848 -1.49235 0.799999
    endloop
  endfacet
  facet normal 0.941278 0.337632 0
    outer loop
      vertex 4.51848 -1.49235 0
      vertex 4.51914 -1.49419 0.799999
      vertex 4.51914 -1.49419 0
    endloop
  endfacet
  facet normal 0.857042 0.515246 0
    outer loop
      vertex 4.51764 -1.49057 0.799999
      vertex 4.51663 -1.48889 0
      vertex 4.51663 -1.48889 0.799999
    endloop
  endfacet
  facet normal 0.857042 0.515246 0
    outer loop
      vertex 4.51663 -1.48889 0
      vertex 4.51764 -1.49057 0.799999
      vertex 4.51764 -1.49057 0
    endloop
  endfacet
  facet normal -0.739478 0.67318 0
    outer loop
      vertex 4.48454 -1.48731 0
      vertex 4.48586 -1.48586 0.799999
      vertex 4.48586 -1.48586 0
    endloop
  endfacet
  facet normal -0.739478 0.67318 0
    outer loop
      vertex 4.48586 -1.48586 0.799999
      vertex 4.48454 -1.48731 0
      vertex 4.48454 -1.48731 0.799999
    endloop
  endfacet
  facet normal 0.67318 0.739478 -0
    outer loop
      vertex 4.51414 -1.48586 0
      vertex 4.51269 -1.48454 0.799999
      vertex 4.51414 -1.48586 0.799999
    endloop
  endfacet
  facet normal 0.67318 0.739478 0
    outer loop
      vertex 4.51269 -1.48454 0.799999
      vertex 4.51414 -1.48586 0
      vertex 4.51269 -1.48454 0
    endloop
  endfacet
  facet normal -0.989744 0.14285 0
    outer loop
      vertex 4.4801 -1.49804 0
      vertex 4.48038 -1.4961 0.799999
      vertex 4.48038 -1.4961 0
    endloop
  endfacet
  facet normal -0.989744 0.14285 0
    outer loop
      vertex 4.48038 -1.4961 0.799999
      vertex 4.4801 -1.49804 0
      vertex 4.4801 -1.49804 0.799999
    endloop
  endfacet
  facet normal 0.337632 0.941278 -0
    outer loop
      vertex 4.50765 -1.48152 0
      vertex 4.50581 -1.48086 0.799999
      vertex 4.50765 -1.48152 0.799999
    endloop
  endfacet
  facet normal 0.337632 0.941278 0
    outer loop
      vertex 4.50581 -1.48086 0.799999
      vertex 4.50765 -1.48152 0
      vertex 4.50581 -1.48086 0
    endloop
  endfacet
  facet normal -0.24373 0.969843 0
    outer loop
      vertex 4.4961 -1.48038 0
      vertex 4.49419 -1.48086 0.799999
      vertex 4.4961 -1.48038 0.799999
    endloop
  endfacet
  facet normal -0.24373 0.969843 0
    outer loop
      vertex 4.49419 -1.48086 0.799999
      vertex 4.4961 -1.48038 0
      vertex 4.49419 -1.48086 0
    endloop
  endfacet
  facet normal 0.0509541 -0.998701 0
    outer loop
      vertex 4.5 -1.52 0
      vertex 4.50196 -1.5199 0.799999
      vertex 4.5 -1.52 0.799999
    endloop
  endfacet
  facet normal 0.0509541 -0.998701 0
    outer loop
      vertex 4.50196 -1.5199 0.799999
      vertex 4.5 -1.52 0
      vertex 4.50196 -1.5199 0
    endloop
  endfacet
  facet normal 0.739478 -0.67318 0
    outer loop
      vertex 4.51414 -1.51414 0.799999
      vertex 4.51546 -1.51269 0
      vertex 4.51546 -1.51269 0.799999
    endloop
  endfacet
  facet normal 0.739478 -0.67318 0
    outer loop
      vertex 4.51546 -1.51269 0
      vertex 4.51414 -1.51414 0.799999
      vertex 4.51414 -1.51414 0
    endloop
  endfacet
  facet normal -0.67318 -0.739478 0
    outer loop
      vertex 4.48586 -1.51414 0
      vertex 4.48731 -1.51546 0.799999
      vertex 4.48586 -1.51414 0.799999
    endloop
  endfacet
  facet normal -0.67318 -0.739478 -0
    outer loop
      vertex 4.48731 -1.51546 0.799999
      vertex 4.48586 -1.51414 0
      vertex 4.48731 -1.51546 0
    endloop
  endfacet
  facet normal 0.941278 -0.337632 0
    outer loop
      vertex 4.51848 -1.50765 0.799999
      vertex 4.51914 -1.50581 0
      vertex 4.51914 -1.50581 0.799999
    endloop
  endfacet
  facet normal 0.941278 -0.337632 0
    outer loop
      vertex 4.51914 -1.50581 0
      vertex 4.51848 -1.50765 0.799999
      vertex 4.51848 -1.50765 0
    endloop
  endfacet
  facet normal 0.803647 -0.595106 0
    outer loop
      vertex 4.51546 -1.51269 0.799999
      vertex 4.51663 -1.51111 0
      vertex 4.51663 -1.51111 0.799999
    endloop
  endfacet
  facet normal 0.803647 -0.595106 0
    outer loop
      vertex 4.51663 -1.51111 0
      vertex 4.51546 -1.51269 0.799999
      vertex 4.51546 -1.51269 0
    endloop
  endfacet
  facet normal 0.426775 0.904358 -0
    outer loop
      vertex 4.50943 -1.48236 0
      vertex 4.50765 -1.48152 0.799999
      vertex 4.50943 -1.48236 0.799999
    endloop
  endfacet
  facet normal 0.426775 0.904358 0
    outer loop
      vertex 4.50765 -1.48152 0.799999
      vertex 4.50943 -1.48236 0
      vertex 4.50765 -1.48152 0
    endloop
  endfacet
  facet normal -0.14285 -0.989744 0
    outer loop
      vertex 4.4961 -1.51962 0
      vertex 4.49804 -1.5199 0.799999
      vertex 4.4961 -1.51962 0.799999
    endloop
  endfacet
  facet normal -0.14285 -0.989744 -0
    outer loop
      vertex 4.49804 -1.5199 0.799999
      vertex 4.4961 -1.51962 0
      vertex 4.49804 -1.5199 0
    endloop
  endfacet
  facet normal -0.0509541 0.998701 0
    outer loop
      vertex 4.5 -1.48 0
      vertex 4.49804 -1.4801 0.799999
      vertex 4.5 -1.48 0.799999
    endloop
  endfacet
  facet normal -0.0509541 0.998701 0
    outer loop
      vertex 4.49804 -1.4801 0.799999
      vertex 4.5 -1.48 0
      vertex 4.49804 -1.4801 0
    endloop
  endfacet
  facet normal -0.67318 0.739478 0
    outer loop
      vertex 4.48731 -1.48454 0
      vertex 4.48586 -1.48586 0.799999
      vertex 4.48731 -1.48454 0.799999
    endloop
  endfacet
  facet normal -0.67318 0.739478 0
    outer loop
      vertex 4.48586 -1.48586 0.799999
      vertex 4.48731 -1.48454 0
      vertex 4.48586 -1.48586 0
    endloop
  endfacet
  facet normal -0.969843 0.24373 0
    outer loop
      vertex 4.48038 -1.4961 0
      vertex 4.48086 -1.49419 0.799999
      vertex 4.48086 -1.49419 0
    endloop
  endfacet
  facet normal -0.969843 0.24373 0
    outer loop
      vertex 4.48086 -1.49419 0.799999
      vertex 4.48038 -1.4961 0
      vertex 4.48038 -1.4961 0.799999
    endloop
  endfacet
  facet normal -0.857042 -0.515246 0
    outer loop
      vertex 4.48337 -1.51111 0
      vertex 4.48236 -1.50943 0.799999
      vertex 4.48236 -1.50943 0
    endloop
  endfacet
  facet normal -0.857042 -0.515246 0
    outer loop
      vertex 4.48236 -1.50943 0.799999
      vertex 4.48337 -1.51111 0
      vertex 4.48337 -1.51111 0.799999
    endloop
  endfacet
  facet normal 0.24373 -0.969843 0
    outer loop
      vertex 4.5039 -1.51962 0
      vertex 4.50581 -1.51914 0.799999
      vertex 4.5039 -1.51962 0.799999
    endloop
  endfacet
  facet normal 0.24373 -0.969843 0
    outer loop
      vertex 4.50581 -1.51914 0.799999
      vertex 4.5039 -1.51962 0
      vertex 4.50581 -1.51914 0
    endloop
  endfacet
  facet normal -0.904358 0.426775 0
    outer loop
      vertex 4.48152 -1.49235 0
      vertex 4.48236 -1.49057 0.799999
      vertex 4.48236 -1.49057 0
    endloop
  endfacet
  facet normal -0.904358 0.426775 0
    outer loop
      vertex 4.48236 -1.49057 0.799999
      vertex 4.48152 -1.49235 0
      vertex 4.48152 -1.49235 0.799999
    endloop
  endfacet
  facet normal -0.969843 -0.24373 0
    outer loop
      vertex 4.48086 -1.50581 0
      vertex 4.48038 -1.5039 0.799999
      vertex 4.48038 -1.5039 0
    endloop
  endfacet
  facet normal -0.969843 -0.24373 0
    outer loop
      vertex 4.48038 -1.5039 0.799999
      vertex 4.48086 -1.50581 0
      vertex 4.48086 -1.50581 0.799999
    endloop
  endfacet
  facet normal -0.803647 0.595106 0
    outer loop
      vertex 4.48337 -1.48889 0
      vertex 4.48454 -1.48731 0.799999
      vertex 4.48454 -1.48731 0
    endloop
  endfacet
  facet normal -0.803647 0.595106 0
    outer loop
      vertex 4.48454 -1.48731 0.799999
      vertex 4.48337 -1.48889 0
      vertex 4.48337 -1.48889 0.799999
    endloop
  endfacet
  facet normal -0.803647 -0.595106 0
    outer loop
      vertex 4.48454 -1.51269 0
      vertex 4.48337 -1.51111 0.799999
      vertex 4.48337 -1.51111 0
    endloop
  endfacet
  facet normal -0.803647 -0.595106 0
    outer loop
      vertex 4.48337 -1.51111 0.799999
      vertex 4.48454 -1.51269 0
      vertex 4.48454 -1.51269 0.799999
    endloop
  endfacet
  facet normal -0.989744 -0.14285 0
    outer loop
      vertex 4.48038 -1.5039 0
      vertex 4.4801 -1.50196 0.799999
      vertex 4.4801 -1.50196 0
    endloop
  endfacet
  facet normal -0.989744 -0.14285 0
    outer loop
      vertex 4.4801 -1.50196 0.799999
      vertex 4.48038 -1.5039 0
      vertex 4.48038 -1.5039 0.799999
    endloop
  endfacet
  facet normal -0.595106 -0.803647 0
    outer loop
      vertex 4.48731 -1.51546 0
      vertex 4.48889 -1.51663 0.799999
      vertex 4.48731 -1.51546 0.799999
    endloop
  endfacet
  facet normal -0.595106 -0.803647 -0
    outer loop
      vertex 4.48889 -1.51663 0.799999
      vertex 4.48731 -1.51546 0
      vertex 4.48889 -1.51663 0
    endloop
  endfacet
  facet normal 0.904358 -0.426775 0
    outer loop
      vertex 4.51764 -1.50943 0.799999
      vertex 4.51848 -1.50765 0
      vertex 4.51848 -1.50765 0.799999
    endloop
  endfacet
  facet normal 0.904358 -0.426775 0
    outer loop
      vertex 4.51848 -1.50765 0
      vertex 4.51764 -1.50943 0.799999
      vertex 4.51764 -1.50943 0
    endloop
  endfacet
  facet normal -0.24373 -0.969843 0
    outer loop
      vertex 4.49419 -1.51914 0
      vertex 4.4961 -1.51962 0.799999
      vertex 4.49419 -1.51914 0.799999
    endloop
  endfacet
  facet normal -0.24373 -0.969843 -0
    outer loop
      vertex 4.4961 -1.51962 0.799999
      vertex 4.49419 -1.51914 0
      vertex 4.4961 -1.51962 0
    endloop
  endfacet
  facet normal 0.739478 0.67318 0
    outer loop
      vertex 4.51546 -1.48731 0.799999
      vertex 4.51414 -1.48586 0
      vertex 4.51414 -1.48586 0.799999
    endloop
  endfacet
  facet normal 0.739478 0.67318 0
    outer loop
      vertex 4.51414 -1.48586 0
      vertex 4.51546 -1.48731 0.799999
      vertex 4.51546 -1.48731 0
    endloop
  endfacet
  facet normal -0.0509541 -0.998701 0
    outer loop
      vertex 4.49804 -1.5199 0
      vertex 4.5 -1.52 0.799999
      vertex 4.49804 -1.5199 0.799999
    endloop
  endfacet
  facet normal -0.0509541 -0.998701 -0
    outer loop
      vertex 4.5 -1.52 0.799999
      vertex 4.49804 -1.5199 0
      vertex 4.5 -1.52 0
    endloop
  endfacet
  facet normal 0 0 1
    outer loop
      vertex 4.5199 -1.49804 0.799999
      vertex 4.5199 -1.50196 0.799999
      vertex 4.52 -1.5 0.799999
    endloop
  endfacet
  facet normal 0 0 1
    outer loop
      vertex 4.51962 -1.4961 0.799999
      vertex 4.5199 -1.50196 0.799999
      vertex 4.5199 -1.49804 0.799999
    endloop
  endfacet
  facet normal 0 0 1
    outer loop
      vertex 4.51962 -1.4961 0.799999
      vertex 4.51962 -1.5039 0.799999
      vertex 4.5199 -1.50196 0.799999
    endloop
  endfacet
  facet normal 0 0 1
    outer loop
      vertex 4.51914 -1.49419 0.799999
      vertex 4.51962 -1.5039 0.799999
      vertex 4.51962 -1.4961 0.799999
    endloop
  endfacet
  facet normal 0 0 1
    outer loop
      vertex 4.51914 -1.49419 0.799999
      vertex 4.51914 -1.50581 0.799999
      vertex 4.51962 -1.5039 0.799999
    endloop
  endfacet
  facet normal 0 0 1
    outer loop
      vertex 4.51848 -1.49235 0.799999
      vertex 4.51914 -1.50581 0.799999
      vertex 4.51914 -1.49419 0.799999
    endloop
  endfacet
  facet normal 0 0 1
    outer loop
      vertex 4.51848 -1.49235 0.799999
      vertex 4.51848 -1.50765 0.799999
      vertex 4.51914 -1.50581 0.799999
    endloop
  endfacet
  facet normal 0 0 1
    outer loop
      vertex 4.51764 -1.49057 0.799999
      vertex 4.51848 -1.50765 0.799999
      vertex 4.51848 -1.49235 0.799999
    endloop
  endfacet
  facet normal 0 0 1
    outer loop
      vertex 4.51764 -1.49057 0.799999
      vertex 4.51764 -1.50943 0.799999
      vertex 4.51848 -1.50765 0.799999
    endloop
  endfacet
  facet normal 0 0 1
    outer loop
      vertex 4.51663 -1.48889 0.799999
      vertex 4.51764 -1.50943 0.799999
      vertex 4.51764 -1.49057 0.799999
    endloop
  endfacet
  facet normal 0 0 1
    outer loop
      vertex 4.51663 -1.48889 0.799999
      vertex 4.51663 -1.51111 0.799999
      vertex 4.51764 -1.50943 0.799999
    endloop
  endfacet
  facet normal 0 0 1
    outer loop
      vertex 4.51546 -1.48731 0.799999
      vertex 4.51663 -1.51111 0.799999
      vertex 4.51663 -1.48889 0.799999
    endloop
  endfacet
  facet normal 0 0 1
    outer loop
      vertex 4.51546 -1.48731 0.799999
      vertex 4.51546 -1.51269 0.799999
      vertex 4.51663 -1.51111 0.799999
    endloop
  endfacet
  facet normal 0 0 1
    outer loop
      vertex 4.51414 -1.48586 0.799999
      vertex 4.51546 -1.51269 0.799999
      vertex 4.51546 -1.48731 0.799999
    endloop
  endfacet
  facet normal 0 0 1
    outer loop
      vertex 4.51414 -1.48586 0.799999
      vertex 4.51414 -1.51414 0.799999
      vertex 4.51546 -1.51269 0.799999
    endloop
  endfacet
  facet normal 0 0 1
    outer loop
      vertex 4.51269 -1.48454 0.799999
      vertex 4.51414 -1.51414 0.799999
      vertex 4.51414 -1.48586 0.799999
    endloop
  endfacet
  facet normal 0 0 1
    outer loop
      vertex 4.51269 -1.48454 0.799999
      vertex 4.51269 -1.51546 0.799999
      vertex 4.51414 -1.51414 0.799999
    endloop
  endfacet
  facet normal 0 0 1
    outer loop
      vertex 4.51111 -1.48337 0.799999
      vertex 4.51269 -1.51546 0.799999
      vertex 4.51269 -1.48454 0.799999
    endloop
  endfacet
  facet normal 0 0 1
    outer loop
      vertex 4.51111 -1.48337 0.799999
      vertex 4.51111 -1.51663 0.799999
      vertex 4.51269 -1.51546 0.799999
    endloop
  endfacet
  facet normal 0 0 1
    outer loop
      vertex 4.50943 -1.48236 0.799999
      vertex 4.51111 -1.51663 0.799999
      vertex 4.51111 -1.48337 0.799999
    endloop
  endfacet
  facet normal 0 0 1
    outer loop
      vertex 4.50943 -1.48236 0.799999
      vertex 4.50943 -1.51764 0.799999
      vertex 4.51111 -1.51663 0.799999
    endloop
  endfacet
  facet normal 0 0 1
    outer loop
      vertex 4.50765 -1.48152 0.799999
      vertex 4.50943 -1.51764 0.799999
      vertex 4.50943 -1.48236 0.799999
    endloop
  endfacet
  facet normal 0 0 1
    outer loop
      vertex 4.50765 -1.48152 0.799999
      vertex 4.50765 -1.51848 0.799999
      vertex 4.50943 -1.51764 0.799999
    endloop
  endfacet
  facet normal 0 0 1
    outer loop
      vertex 4.50581 -1.48086 0.799999
      vertex 4.50765 -1.51848 0.799999
      vertex 4.50765 -1.48152 0.799999
    endloop
  endfacet
  facet normal 0 0 1
    outer loop
      vertex 4.50581 -1.48086 0.799999
      vertex 4.50581 -1.51914 0.799999
      vertex 4.50765 -1.51848 0.799999
    endloop
  endfacet
  facet normal 0 0 1
    outer loop
      vertex 4.5039 -1.48038 0.799999
      vertex 4.50581 -1.51914 0.799999
      vertex 4.50581 -1.48086 0.799999
    endloop
  endfacet
  facet normal 0 0 1
    outer loop
      vertex 4.5039 -1.48038 0.799999
      vertex 4.5039 -1.51962 0.799999
      vertex 4.50581 -1.51914 0.799999
    endloop
  endfacet
  facet normal 0 0 1
    outer loop
      vertex 4.50196 -1.4801 0.799999
      vertex 4.5039 -1.51962 0.799999
      vertex 4.5039 -1.48038 0.799999
    endloop
  endfacet
  facet normal 0 0 1
    outer loop
      vertex 4.50196 -1.4801 0.799999
      vertex 4.50196 -1.5199 0.799999
      vertex 4.5039 -1.51962 0.799999
    endloop
  endfacet
  facet normal 0 0 1
    outer loop
      vertex 4.5 -1.48 0.799999
      vertex 4.50196 -1.5199 0.799999
      vertex 4.50196 -1.4801 0.799999
    endloop
  endfacet
  facet normal 0 0 1
    outer loop
      vertex 4.5 -1.48 0.799999
      vertex 4.5 -1.52 0.799999
      vertex 4.50196 -1.5199 0.799999
    endloop
  endfacet
  facet normal -0 0 1
    outer loop
      vertex 4.49804 -1.4801 0.799999
      vertex 4.5 -1.52 0.799999
      vertex 4.5 -1.48 0.799999
    endloop
  endfacet
  facet normal 0 0 1
    outer loop
      vertex 4.49804 -1.4801 0.799999
      vertex 4.49804 -1.5199 0.799999
      vertex 4.5 -1.52 0.799999
    endloop
  endfacet
  facet normal -0 0 1
    outer loop
      vertex 4.4961 -1.48038 0.799999
      vertex 4.49804 -1.5199 0.799999
      vertex 4.49804 -1.4801 0.799999
    endloop
  endfacet
  facet normal 0 0 1
    outer loop
      vertex 4.4961 -1.48038 0.799999
      vertex 4.4961 -1.51962 0.799999
      vertex 4.49804 -1.5199 0.799999
    endloop
  endfacet
  facet normal -0 0 1
    outer loop
      vertex 4.49419 -1.48086 0.799999
      vertex 4.4961 -1.51962 0.799999
      vertex 4.4961 -1.48038 0.799999
    endloop
  endfacet
  facet normal 0 0 1
    outer loop
      vertex 4.49419 -1.48086 0.799999
      vertex 4.49419 -1.51914 0.799999
      vertex 4.4961 -1.51962 0.799999
    endloop
  endfacet
  facet normal -0 0 1
    outer loop
      vertex 4.49235 -1.48152 0.799999
      vertex 4.49419 -1.51914 0.799999
      vertex 4.49419 -1.48086 0.799999
    endloop
  endfacet
  facet normal 0 0 1
    outer loop
      vertex 4.49235 -1.48152 0.799999
      vertex 4.49235 -1.51848 0.799999
      vertex 4.49419 -1.51914 0.799999
    endloop
  endfacet
  facet normal -0 0 1
    outer loop
      vertex 4.49057 -1.48236 0.799999
      vertex 4.49235 -1.51848 0.799999
      vertex 4.49235 -1.48152 0.799999
    endloop
  endfacet
  facet normal 0 0 1
    outer loop
      vertex 4.49057 -1.48236 0.799999
      vertex 4.49057 -1.51764 0.799999
      vertex 4.49235 -1.51848 0.799999
    endloop
  endfacet
  facet normal -0 0 1
    outer loop
      vertex 4.48889 -1.48337 0.799999
      vertex 4.49057 -1.51764 0.799999
      vertex 4.49057 -1.48236 0.799999
    endloop
  endfacet
  facet normal 0 0 1
    outer loop
      vertex 4.48889 -1.48337 0.799999
      vertex 4.48889 -1.51663 0.799999
      vertex 4.49057 -1.51764 0.799999
    endloop
  endfacet
  facet normal -0 0 1
    outer loop
      vertex 4.48731 -1.48454 0.799999
      vertex 4.48889 -1.51663 0.799999
      vertex 4.48889 -1.48337 0.799999
    endloop
  endfacet
  facet normal 0 0 1
    outer loop
      vertex 4.48731 -1.48454 0.799999
      vertex 4.48731 -1.51546 0.799999
      vertex 4.48889 -1.51663 0.799999
    endloop
  endfacet
  facet normal -0 0 1
    outer loop
      vertex 4.48586 -1.48586 0.799999
      vertex 4.48731 -1.51546 0.799999
      vertex 4.48731 -1.48454 0.799999
    endloop
  endfacet
  facet normal 0 0 1
    outer loop
      vertex 4.48586 -1.48586 0.799999
      vertex 4.48586 -1.51414 0.799999
      vertex 4.48731 -1.51546 0.799999
    endloop
  endfacet
  facet normal -0 0 1
    outer loop
      vertex 4.48454 -1.48731 0.799999
      vertex 4.48586 -1.51414 0.799999
      vertex 4.48586 -1.48586 0.799999
    endloop
  endfacet
  facet normal 0 0 1
    outer loop
      vertex 4.48454 -1.48731 0.799999
      vertex 4.48454 -1.51269 0.799999
      vertex 4.48586 -1.51414 0.799999
    endloop
  endfacet
  facet normal -0 0 1
    outer loop
      vertex 4.48337 -1.48889 0.799999
      vertex 4.48454 -1.51269 0.799999
      vertex 4.48454 -1.48731 0.799999
    endloop
  endfacet
  facet normal 0 0 1
    outer loop
      vertex 4.48337 -1.48889 0.799999
      vertex 4.48337 -1.51111 0.799999
      vertex 4.48454 -1.51269 0.799999
    endloop
  endfacet
  facet normal -0 0 1
    outer loop
      vertex 4.48236 -1.49057 0.799999
      vertex 4.48337 -1.51111 0.799999
      vertex 4.48337 -1.48889 0.799999
    endloop
  endfacet
  facet normal 0 0 1
    outer loop
      vertex 4.48236 -1.49057 0.799999
      vertex 4.48236 -1.50943 0.799999
      vertex 4.48337 -1.51111 0.799999
    endloop
  endfacet
  facet normal -0 0 1
    outer loop
      vertex 4.48152 -1.49235 0.799999
      vertex 4.48236 -1.50943 0.799999
      vertex 4.48236 -1.49057 0.799999
    endloop
  endfacet
  facet normal 0 0 1
    outer loop
      vertex 4.48152 -1.49235 0.799999
      vertex 4.48152 -1.50765 0.799999
      vertex 4.48236 -1.50943 0.799999
    endloop
  endfacet
  facet normal -0 0 1
    outer loop
      vertex 4.48086 -1.49419 0.799999
      vertex 4.48152 -1.50765 0.799999
      vertex 4.48152 -1.49235 0.799999
    endloop
  endfacet
  facet normal 0 0 1
    outer loop
      vertex 4.48086 -1.49419 0.799999
      vertex 4.48086 -1.50581 0.799999
      vertex 4.48152 -1.50765 0.799999
    endloop
  endfacet
  facet normal -0 0 1
    outer loop
      vertex 4.48038 -1.4961 0.799999
      vertex 4.48086 -1.50581 0.799999
      vertex 4.48086 -1.49419 0.799999
    endloop
  endfacet
  facet normal 0 0 1
    outer loop
      vertex 4.48038 -1.4961 0.799999
      vertex 4.48038 -1.5039 0.799999
      vertex 4.48086 -1.50581 0.799999
    endloop
  endfacet
  facet normal -0 0 1
    outer loop
      vertex 4.4801 -1.49804 0.799999
      vertex 4.48038 -1.5039 0.799999
      vertex 4.48038 -1.4961 0.799999
    endloop
  endfacet
  facet normal 0 0 1
    outer loop
      vertex 4.4801 -1.49804 0.799999
      vertex 4.4801 -1.50196 0.799999
      vertex 4.48038 -1.5039 0.799999
    endloop
  endfacet
  facet normal 0 -0 1
    outer loop
      vertex 4.4801 -1.50196 0.799999
      vertex 4.4801 -1.49804 0.799999
      vertex 4.48 -1.5 0.799999
    endloop
  endfacet
  facet normal -0.998701 0.0509541 0
    outer loop
      vertex 4.48 -1.5 0
      vertex 4.4801 -1.49804 0.799999
      vertex 4.4801 -1.49804 0
    endloop
  endfacet
  facet normal -0.998701 0.0509541 0
    outer loop
      vertex 4.4801 -1.49804 0.799999
      vertex 4.48 -1.5 0
      vertex 4.48 -1.5 0.799999
    endloop
  endfacet
  facet normal -0.337632 -0.941278 0
    outer loop
      vertex 4.49235 -1.51848 0
      vertex 4.49419 -1.51914 0.799999
      vertex 4.49235 -1.51848 0.799999
    endloop
  endfacet
  facet normal -0.337632 -0.941278 -0
    outer loop
      vertex 4.49419 -1.51914 0.799999
      vertex 4.49235 -1.51848 0
      vertex 4.49419 -1.51914 0
    endloop
  endfacet
  facet normal 0.67318 -0.739478 0
    outer loop
      vertex 4.51269 -1.51546 0
      vertex 4.51414 -1.51414 0.799999
      vertex 4.51269 -1.51546 0.799999
    endloop
  endfacet
  facet normal 0.67318 -0.739478 0
    outer loop
      vertex 4.51414 -1.51414 0.799999
      vertex 4.51269 -1.51546 0
      vertex 4.51414 -1.51414 0
    endloop
  endfacet
  facet normal -0.14285 0.989744 0
    outer loop
      vertex 4.49804 1.5199 0
      vertex 4.4961 1.51962 0.799999
      vertex 4.49804 1.5199 0.799999
    endloop
  endfacet
  facet normal -0.14285 0.989744 0
    outer loop
      vertex 4.4961 1.51962 0.799999
      vertex 4.49804 1.5199 0
      vertex 4.4961 1.51962 0
    endloop
  endfacet
  facet normal 0.989744 0.14285 0
    outer loop
      vertex 4.5199 1.50196 0.799999
      vertex 4.51962 1.5039 0
      vertex 4.51962 1.5039 0.799999
    endloop
  endfacet
  facet normal 0.989744 0.14285 0
    outer loop
      vertex 4.51962 1.5039 0
      vertex 4.5199 1.50196 0.799999
      vertex 4.5199 1.50196 0
    endloop
  endfacet
  facet normal 0.998701 0.0509541 0
    outer loop
      vertex 4.52 1.5 0.799999
      vertex 4.5199 1.50196 0
      vertex 4.5199 1.50196 0.799999
    endloop
  endfacet
  facet normal 0.998701 0.0509541 0
    outer loop
      vertex 4.5199 1.50196 0
      vertex 4.52 1.5 0.799999
      vertex 4.52 1.5 0
    endloop
  endfacet
  facet normal 0.969843 0.24373 0
    outer loop
      vertex 4.51962 1.5039 0.799999
      vertex 4.51914 1.50581 0
      vertex 4.51914 1.50581 0.799999
    endloop
  endfacet
  facet normal 0.969843 0.24373 0
    outer loop
      vertex 4.51914 1.50581 0
      vertex 4.51962 1.5039 0.799999
      vertex 4.51962 1.5039 0
    endloop
  endfacet
  facet normal 0.998701 -0.0509541 0
    outer loop
      vertex 4.5199 1.49804 0.799999
      vertex 4.52 1.5 0
      vertex 4.52 1.5 0.799999
    endloop
  endfacet
  facet normal 0.998701 -0.0509541 0
    outer loop
      vertex 4.52 1.5 0
      vertex 4.5199 1.49804 0.799999
      vertex 4.5199 1.49804 0
    endloop
  endfacet
  facet normal 0.595106 0.803647 -0
    outer loop
      vertex 4.51269 1.51546 0
      vertex 4.51111 1.51663 0.799999
      vertex 4.51269 1.51546 0.799999
    endloop
  endfacet
  facet normal 0.595106 0.803647 0
    outer loop
      vertex 4.51111 1.51663 0.799999
      vertex 4.51269 1.51546 0
      vertex 4.51111 1.51663 0
    endloop
  endfacet
  facet normal 0.337632 0.941278 -0
    outer loop
      vertex 4.50765 1.51848 0
      vertex 4.50581 1.51914 0.799999
      vertex 4.50765 1.51848 0.799999
    endloop
  endfacet
  facet normal 0.337632 0.941278 0
    outer loop
      vertex 4.50581 1.51914 0.799999
      vertex 4.50765 1.51848 0
      vertex 4.50581 1.51914 0
    endloop
  endfacet
  facet normal 0.803647 0.595106 0
    outer loop
      vertex 4.51663 1.51111 0.799999
      vertex 4.51546 1.51269 0
      vertex 4.51546 1.51269 0.799999
    endloop
  endfacet
  facet normal 0.803647 0.595106 0
    outer loop
      vertex 4.51546 1.51269 0
      vertex 4.51663 1.51111 0.799999
      vertex 4.51663 1.51111 0
    endloop
  endfacet
  facet normal 0.515246 0.857042 -0
    outer loop
      vertex 4.51111 1.51663 0
      vertex 4.50943 1.51764 0.799999
      vertex 4.51111 1.51663 0.799999
    endloop
  endfacet
  facet normal 0.515246 0.857042 0
    outer loop
      vertex 4.50943 1.51764 0.799999
      vertex 4.51111 1.51663 0
      vertex 4.50943 1.51764 0
    endloop
  endfacet
  facet normal 0.941278 -0.337632 0
    outer loop
      vertex 4.51848 1.49235 0.799999
      vertex 4.51914 1.49419 0
      vertex 4.51914 1.49419 0.799999
    endloop
  endfacet
  facet normal 0.941278 -0.337632 0
    outer loop
      vertex 4.51914 1.49419 0
      vertex 4.51848 1.49235 0.799999
      vertex 4.51848 1.49235 0
    endloop
  endfacet
  facet normal 0.67318 -0.739478 0
    outer loop
      vertex 4.51269 1.48454 0
      vertex 4.51414 1.48586 0.799999
      vertex 4.51269 1.48454 0.799999
    endloop
  endfacet
  facet normal 0.67318 -0.739478 0
    outer loop
      vertex 4.51414 1.48586 0.799999
      vertex 4.51269 1.48454 0
      vertex 4.51414 1.48586 0
    endloop
  endfacet
  facet normal -0.24373 0.969843 0
    outer loop
      vertex 4.4961 1.51962 0
      vertex 4.49419 1.51914 0.799999
      vertex 4.4961 1.51962 0.799999
    endloop
  endfacet
  facet normal -0.24373 0.969843 0
    outer loop
      vertex 4.49419 1.51914 0.799999
      vertex 4.4961 1.51962 0
      vertex 4.49419 1.51914 0
    endloop
  endfacet
  facet normal 0.595106 -0.803647 0
    outer loop
      vertex 4.51111 1.48337 0
      vertex 4.51269 1.48454 0.799999
      vertex 4.51111 1.48337 0.799999
    endloop
  endfacet
  facet normal 0.595106 -0.803647 0
    outer loop
      vertex 4.51269 1.48454 0.799999
      vertex 4.51111 1.48337 0
      vertex 4.51269 1.48454 0
    endloop
  endfacet
  facet normal -0.515246 0.857042 0
    outer loop
      vertex 4.49057 1.51764 0
      vertex 4.48889 1.51663 0.799999
      vertex 4.49057 1.51764 0.799999
    endloop
  endfacet
  facet normal -0.515246 0.857042 0
    outer loop
      vertex 4.48889 1.51663 0.799999
      vertex 4.49057 1.51764 0
      vertex 4.48889 1.51663 0
    endloop
  endfacet
  facet normal -0.67318 -0.739478 0
    outer loop
      vertex 4.48586 1.48586 0
      vertex 4.48731 1.48454 0.799999
      vertex 4.48586 1.48586 0.799999
    endloop
  endfacet
  facet normal -0.67318 -0.739478 -0
    outer loop
      vertex 4.48731 1.48454 0.799999
      vertex 4.48586 1.48586 0
      vertex 4.48731 1.48454 0
    endloop
  endfacet
  facet normal -0.426775 0.904358 0
    outer loop
      vertex 4.49235 1.51848 0
      vertex 4.49057 1.51764 0.799999
      vertex 4.49235 1.51848 0.799999
    endloop
  endfacet
  facet normal -0.426775 0.904358 0
    outer loop
      vertex 4.49057 1.51764 0.799999
      vertex 4.49235 1.51848 0
      vertex 4.49057 1.51764 0
    endloop
  endfacet
  facet normal 0.904358 -0.426775 0
    outer loop
      vertex 4.51764 1.49057 0.799999
      vertex 4.51848 1.49235 0
      vertex 4.51848 1.49235 0.799999
    endloop
  endfacet
  facet normal 0.904358 -0.426775 0
    outer loop
      vertex 4.51848 1.49235 0
      vertex 4.51764 1.49057 0.799999
      vertex 4.51764 1.49057 0
    endloop
  endfacet
  facet normal 0.989744 -0.14285 0
    outer loop
      vertex 4.51962 1.4961 0.799999
      vertex 4.5199 1.49804 0
      vertex 4.5199 1.49804 0.799999
    endloop
  endfacet
  facet normal 0.989744 -0.14285 0
    outer loop
      vertex 4.5199 1.49804 0
      vertex 4.51962 1.4961 0.799999
      vertex 4.51962 1.4961 0
    endloop
  endfacet
  facet normal -0.904358 0.426775 0
    outer loop
      vertex 4.48152 1.50765 0
      vertex 4.48236 1.50943 0.799999
      vertex 4.48236 1.50943 0
    endloop
  endfacet
  facet normal -0.904358 0.426775 0
    outer loop
      vertex 4.48236 1.50943 0.799999
      vertex 4.48152 1.50765 0
      vertex 4.48152 1.50765 0.799999
    endloop
  endfacet
  facet normal -0.426775 -0.904358 0
    outer loop
      vertex 4.49057 1.48236 0
      vertex 4.49235 1.48152 0.799999
      vertex 4.49057 1.48236 0.799999
    endloop
  endfacet
  facet normal -0.426775 -0.904358 -0
    outer loop
      vertex 4.49235 1.48152 0.799999
      vertex 4.49057 1.48236 0
      vertex 4.49235 1.48152 0
    endloop
  endfacet
  facet normal 0.67318 0.739478 -0
    outer loop
      vertex 4.51414 1.51414 0
      vertex 4.51269 1.51546 0.799999
      vertex 4.51414 1.51414 0.799999
    endloop
  endfacet
  facet normal 0.67318 0.739478 0
    outer loop
      vertex 4.51269 1.51546 0.799999
      vertex 4.51414 1.51414 0
      vertex 4.51269 1.51546 0
    endloop
  endfacet
  facet normal 0.14285 -0.989744 0
    outer loop
      vertex 4.50196 1.4801 0
      vertex 4.5039 1.48038 0.799999
      vertex 4.50196 1.4801 0.799999
    endloop
  endfacet
  facet normal 0.14285 -0.989744 0
    outer loop
      vertex 4.5039 1.48038 0.799999
      vertex 4.50196 1.4801 0
      vertex 4.5039 1.48038 0
    endloop
  endfacet
  facet normal -0.595106 -0.803647 0
    outer loop
      vertex 4.48731 1.48454 0
      vertex 4.48889 1.48337 0.799999
      vertex 4.48731 1.48454 0.799999
    endloop
  endfacet
  facet normal -0.595106 -0.803647 -0
    outer loop
      vertex 4.48889 1.48337 0.799999
      vertex 4.48731 1.48454 0
      vertex 4.48889 1.48337 0
    endloop
  endfacet
  facet normal 0.426775 -0.904358 0
    outer loop
      vertex 4.50765 1.48152 0
      vertex 4.50943 1.48236 0.799999
      vertex 4.50765 1.48152 0.799999
    endloop
  endfacet
  facet normal 0.426775 -0.904358 0
    outer loop
      vertex 4.50943 1.48236 0.799999
      vertex 4.50765 1.48152 0
      vertex 4.50943 1.48236 0
    endloop
  endfacet
  facet normal 0.426775 0.904358 -0
    outer loop
      vertex 4.50943 1.51764 0
      vertex 4.50765 1.51848 0.799999
      vertex 4.50943 1.51764 0.799999
    endloop
  endfacet
  facet normal 0.426775 0.904358 0
    outer loop
      vertex 4.50765 1.51848 0.799999
      vertex 4.50943 1.51764 0
      vertex 4.50765 1.51848 0
    endloop
  endfacet
  facet normal -0.337632 0.941278 0
    outer loop
      vertex 4.49419 1.51914 0
      vertex 4.49235 1.51848 0.799999
      vertex 4.49419 1.51914 0.799999
    endloop
  endfacet
  facet normal -0.337632 0.941278 0
    outer loop
      vertex 4.49235 1.51848 0.799999
      vertex 4.49419 1.51914 0
      vertex 4.49235 1.51848 0
    endloop
  endfacet
  facet normal -0.739478 -0.67318 0
    outer loop
      vertex 4.48586 1.48586 0
      vertex 4.48454 1.48731 0.799999
      vertex 4.48454 1.48731 0
    endloop
  endfacet
  facet normal -0.739478 -0.67318 0
    outer loop
      vertex 4.48454 1.48731 0.799999
      vertex 4.48586 1.48586 0
      vertex 4.48586 1.48586 0.799999
    endloop
  endfacet
  facet normal -0.337632 -0.941278 0
    outer loop
      vertex 4.49235 1.48152 0
      vertex 4.49419 1.48086 0.799999
      vertex 4.49235 1.48152 0.799999
    endloop
  endfacet
  facet normal -0.337632 -0.941278 -0
    outer loop
      vertex 4.49419 1.48086 0.799999
      vertex 4.49235 1.48152 0
      vertex 4.49419 1.48086 0
    endloop
  endfacet
  facet normal 0.515246 -0.857042 0
    outer loop
      vertex 4.50943 1.48236 0
      vertex 4.51111 1.48337 0.799999
      vertex 4.50943 1.48236 0.799999
    endloop
  endfacet
  facet normal 0.515246 -0.857042 0
    outer loop
      vertex 4.51111 1.48337 0.799999
      vertex 4.50943 1.48236 0
      vertex 4.51111 1.48337 0
    endloop
  endfacet
  facet normal -0.0509541 0.998701 0
    outer loop
      vertex 4.5 1.52 0
      vertex 4.49804 1.5199 0.799999
      vertex 4.5 1.52 0.799999
    endloop
  endfacet
  facet normal -0.0509541 0.998701 0
    outer loop
      vertex 4.49804 1.5199 0.799999
      vertex 4.5 1.52 0
      vertex 4.49804 1.5199 0
    endloop
  endfacet
  facet normal -0.24373 -0.969843 0
    outer loop
      vertex 4.49419 1.48086 0
      vertex 4.4961 1.48038 0.799999
      vertex 4.49419 1.48086 0.799999
    endloop
  endfacet
  facet normal -0.24373 -0.969843 -0
    outer loop
      vertex 4.4961 1.48038 0.799999
      vertex 4.49419 1.48086 0
      vertex 4.4961 1.48038 0
    endloop
  endfacet
  facet normal -0.998701 -0.0509541 0
    outer loop
      vertex 4.4801 1.49804 0
      vertex 4.48 1.5 0.799999
      vertex 4.48 1.5 0
    endloop
  endfacet
  facet normal -0.998701 -0.0509541 0
    outer loop
      vertex 4.48 1.5 0.799999
      vertex 4.4801 1.49804 0
      vertex 4.4801 1.49804 0.799999
    endloop
  endfacet
  facet normal -0.515246 -0.857042 0
    outer loop
      vertex 4.48889 1.48337 0
      vertex 4.49057 1.48236 0.799999
      vertex 4.48889 1.48337 0.799999
    endloop
  endfacet
  facet normal -0.515246 -0.857042 -0
    outer loop
      vertex 4.49057 1.48236 0.799999
      vertex 4.48889 1.48337 0
      vertex 4.49057 1.48236 0
    endloop
  endfacet
  facet normal 0.0509541 0.998701 -0
    outer loop
      vertex 4.50196 1.5199 0
      vertex 4.5 1.52 0.799999
      vertex 4.50196 1.5199 0.799999
    endloop
  endfacet
  facet normal 0.0509541 0.998701 0
    outer loop
      vertex 4.5 1.52 0.799999
      vertex 4.50196 1.5199 0
      vertex 4.5 1.52 0
    endloop
  endfacet
  facet normal 0 0 1
    outer loop
      vertex 4.5199 1.50196 0.799999
      vertex 4.5199 1.49804 0.799999
      vertex 4.52 1.5 0.799999
    endloop
  endfacet
  facet normal 0 0 1
    outer loop
      vertex 4.51962 1.5039 0.799999
      vertex 4.5199 1.49804 0.799999
      vertex 4.5199 1.50196 0.799999
    endloop
  endfacet
  facet normal 0 0 1
    outer loop
      vertex 4.51962 1.5039 0.799999
      vertex 4.51962 1.4961 0.799999
      vertex 4.5199 1.49804 0.799999
    endloop
  endfacet
  facet normal 0 0 1
    outer loop
      vertex 4.51914 1.50581 0.799999
      vertex 4.51962 1.4961 0.799999
      vertex 4.51962 1.5039 0.799999
    endloop
  endfacet
  facet normal 0 0 1
    outer loop
      vertex 4.51914 1.50581 0.799999
      vertex 4.51914 1.49419 0.799999
      vertex 4.51962 1.4961 0.799999
    endloop
  endfacet
  facet normal 0 0 1
    outer loop
      vertex 4.51848 1.50765 0.799999
      vertex 4.51914 1.49419 0.799999
      vertex 4.51914 1.50581 0.799999
    endloop
  endfacet
  facet normal 0 0 1
    outer loop
      vertex 4.51848 1.50765 0.799999
      vertex 4.51848 1.49235 0.799999
      vertex 4.51914 1.49419 0.799999
    endloop
  endfacet
  facet normal 0 0 1
    outer loop
      vertex 4.51764 1.50943 0.799999
      vertex 4.51848 1.49235 0.799999
      vertex 4.51848 1.50765 0.799999
    endloop
  endfacet
  facet normal 0 0 1
    outer loop
      vertex 4.51764 1.50943 0.799999
      vertex 4.51764 1.49057 0.799999
      vertex 4.51848 1.49235 0.799999
    endloop
  endfacet
  facet normal 0 0 1
    outer loop
      vertex 4.51663 1.51111 0.799999
      vertex 4.51764 1.49057 0.799999
      vertex 4.51764 1.50943 0.799999
    endloop
  endfacet
  facet normal 0 0 1
    outer loop
      vertex 4.51663 1.51111 0.799999
      vertex 4.51663 1.48889 0.799999
      vertex 4.51764 1.49057 0.799999
    endloop
  endfacet
  facet normal 0 0 1
    outer loop
      vertex 4.51546 1.51269 0.799999
      vertex 4.51663 1.48889 0.799999
      vertex 4.51663 1.51111 0.799999
    endloop
  endfacet
  facet normal 0 0 1
    outer loop
      vertex 4.51546 1.51269 0.799999
      vertex 4.51546 1.48731 0.799999
      vertex 4.51663 1.48889 0.799999
    endloop
  endfacet
  facet normal 0 0 1
    outer loop
      vertex 4.51414 1.51414 0.799999
      vertex 4.51546 1.48731 0.799999
      vertex 4.51546 1.51269 0.799999
    endloop
  endfacet
  facet normal 0 0 1
    outer loop
      vertex 4.51414 1.51414 0.799999
      vertex 4.51414 1.48586 0.799999
      vertex 4.51546 1.48731 0.799999
    endloop
  endfacet
  facet normal 0 0 1
    outer loop
      vertex 4.51269 1.51546 0.799999
      vertex 4.51414 1.48586 0.799999
      vertex 4.51414 1.51414 0.799999
    endloop
  endfacet
  facet normal 0 0 1
    outer loop
      vertex 4.51269 1.51546 0.799999
      vertex 4.51269 1.48454 0.799999
      vertex 4.51414 1.48586 0.799999
    endloop
  endfacet
  facet normal 0 0 1
    outer loop
      vertex 4.51111 1.51663 0.799999
      vertex 4.51269 1.48454 0.799999
      vertex 4.51269 1.51546 0.799999
    endloop
  endfacet
  facet normal 0 0 1
    outer loop
      vertex 4.51111 1.51663 0.799999
      vertex 4.51111 1.48337 0.799999
      vertex 4.51269 1.48454 0.799999
    endloop
  endfacet
  facet normal 0 0 1
    outer loop
      vertex 4.50943 1.51764 0.799999
      vertex 4.51111 1.48337 0.799999
      vertex 4.51111 1.51663 0.799999
    endloop
  endfacet
  facet normal 0 0 1
    outer loop
      vertex 4.50943 1.51764 0.799999
      vertex 4.50943 1.48236 0.799999
      vertex 4.51111 1.48337 0.799999
    endloop
  endfacet
  facet normal 0 0 1
    outer loop
      vertex 4.50765 1.51848 0.799999
      vertex 4.50943 1.48236 0.799999
      vertex 4.50943 1.51764 0.799999
    endloop
  endfacet
  facet normal 0 0 1
    outer loop
      vertex 4.50765 1.51848 0.799999
      vertex 4.50765 1.48152 0.799999
      vertex 4.50943 1.48236 0.799999
    endloop
  endfacet
  facet normal 0 0 1
    outer loop
      vertex 4.50581 1.51914 0.799999
      vertex 4.50765 1.48152 0.799999
      vertex 4.50765 1.51848 0.799999
    endloop
  endfacet
  facet normal 0 0 1
    outer loop
      vertex 4.50581 1.51914 0.799999
      vertex 4.50581 1.48086 0.799999
      vertex 4.50765 1.48152 0.799999
    endloop
  endfacet
  facet normal 0 0 1
    outer loop
      vertex 4.5039 1.51962 0.799999
      vertex 4.50581 1.48086 0.799999
      vertex 4.50581 1.51914 0.799999
    endloop
  endfacet
  facet normal 0 0 1
    outer loop
      vertex 4.5039 1.51962 0.799999
      vertex 4.5039 1.48038 0.799999
      vertex 4.50581 1.48086 0.799999
    endloop
  endfacet
  facet normal 0 0 1
    outer loop
      vertex 4.50196 1.5199 0.799999
      vertex 4.5039 1.48038 0.799999
      vertex 4.5039 1.51962 0.799999
    endloop
  endfacet
  facet normal 0 0 1
    outer loop
      vertex 4.50196 1.5199 0.799999
      vertex 4.50196 1.4801 0.799999
      vertex 4.5039 1.48038 0.799999
    endloop
  endfacet
  facet normal 0 0 1
    outer loop
      vertex 4.5 1.52 0.799999
      vertex 4.50196 1.4801 0.799999
      vertex 4.50196 1.5199 0.799999
    endloop
  endfacet
  facet normal 0 0 1
    outer loop
      vertex 4.5 1.52 0.799999
      vertex 4.5 1.48 0.799999
      vertex 4.50196 1.4801 0.799999
    endloop
  endfacet
  facet normal -0 0 1
    outer loop
      vertex 4.49804 1.5199 0.799999
      vertex 4.5 1.48 0.799999
      vertex 4.5 1.52 0.799999
    endloop
  endfacet
  facet normal 0 0 1
    outer loop
      vertex 4.49804 1.5199 0.799999
      vertex 4.49804 1.4801 0.799999
      vertex 4.5 1.48 0.799999
    endloop
  endfacet
  facet normal -0 0 1
    outer loop
      vertex 4.4961 1.51962 0.799999
      vertex 4.49804 1.4801 0.799999
      vertex 4.49804 1.5199 0.799999
    endloop
  endfacet
  facet normal 0 0 1
    outer loop
      vertex 4.4961 1.51962 0.799999
      vertex 4.4961 1.48038 0.799999
      vertex 4.49804 1.4801 0.799999
    endloop
  endfacet
  facet normal -0 0 1
    outer loop
      vertex 4.49419 1.51914 0.799999
      vertex 4.4961 1.48038 0.799999
      vertex 4.4961 1.51962 0.799999
    endloop
  endfacet
  facet normal 0 0 1
    outer loop
      vertex 4.49419 1.51914 0.799999
      vertex 4.49419 1.48086 0.799999
      vertex 4.4961 1.48038 0.799999
    endloop
  endfacet
  facet normal -0 0 1
    outer loop
      vertex 4.49235 1.51848 0.799999
      vertex 4.49419 1.48086 0.799999
      vertex 4.49419 1.51914 0.799999
    endloop
  endfacet
  facet normal 0 0 1
    outer loop
      vertex 4.49235 1.51848 0.799999
      vertex 4.49235 1.48152 0.799999
      vertex 4.49419 1.48086 0.799999
    endloop
  endfacet
  facet normal -0 0 1
    outer loop
      vertex 4.49057 1.51764 0.799999
      vertex 4.49235 1.48152 0.799999
      vertex 4.49235 1.51848 0.799999
    endloop
  endfacet
  facet normal 0 0 1
    outer loop
      vertex 4.49057 1.51764 0.799999
      vertex 4.49057 1.48236 0.799999
      vertex 4.49235 1.48152 0.799999
    endloop
  endfacet
  facet normal -0 0 1
    outer loop
      vertex 4.48889 1.51663 0.799999
      vertex 4.49057 1.48236 0.799999
      vertex 4.49057 1.51764 0.799999
    endloop
  endfacet
  facet normal 0 0 1
    outer loop
      vertex 4.48889 1.51663 0.799999
      vertex 4.48889 1.48337 0.799999
      vertex 4.49057 1.48236 0.799999
    endloop
  endfacet
  facet normal -0 0 1
    outer loop
      vertex 4.48731 1.51546 0.799999
      vertex 4.48889 1.48337 0.799999
      vertex 4.48889 1.51663 0.799999
    endloop
  endfacet
  facet normal 0 0 1
    outer loop
      vertex 4.48731 1.51546 0.799999
      vertex 4.48731 1.48454 0.799999
      vertex 4.48889 1.48337 0.799999
    endloop
  endfacet
  facet normal -0 0 1
    outer loop
      vertex 4.48586 1.51414 0.799999
      vertex 4.48731 1.48454 0.799999
      vertex 4.48731 1.51546 0.799999
    endloop
  endfacet
  facet normal 0 0 1
    outer loop
      vertex 4.48586 1.51414 0.799999
      vertex 4.48586 1.48586 0.799999
      vertex 4.48731 1.48454 0.799999
    endloop
  endfacet
  facet normal -0 0 1
    outer loop
      vertex 4.48454 1.51269 0.799999
      vertex 4.48586 1.48586 0.799999
      vertex 4.48586 1.51414 0.799999
    endloop
  endfacet
  facet normal 0 0 1
    outer loop
      vertex 4.48454 1.51269 0.799999
      vertex 4.48454 1.48731 0.799999
      vertex 4.48586 1.48586 0.799999
    endloop
  endfacet
  facet normal -0 0 1
    outer loop
      vertex 4.48337 1.51111 0.799999
      vertex 4.48454 1.48731 0.799999
      vertex 4.48454 1.51269 0.799999
    endloop
  endfacet
  facet normal 0 0 1
    outer loop
      vertex 4.48337 1.51111 0.799999
      vertex 4.48337 1.48889 0.799999
      vertex 4.48454 1.48731 0.799999
    endloop
  endfacet
  facet normal -0 0 1
    outer loop
      vertex 4.48236 1.50943 0.799999
      vertex 4.48337 1.48889 0.799999
      vertex 4.48337 1.51111 0.799999
    endloop
  endfacet
  facet normal 0 0 1
    outer loop
      vertex 4.48236 1.50943 0.799999
      vertex 4.48236 1.49057 0.799999
      vertex 4.48337 1.48889 0.799999
    endloop
  endfacet
  facet normal -0 0 1
    outer loop
      vertex 4.48152 1.50765 0.799999
      vertex 4.48236 1.49057 0.799999
      vertex 4.48236 1.50943 0.799999
    endloop
  endfacet
  facet normal 0 0 1
    outer loop
      vertex 4.48152 1.50765 0.799999
      vertex 4.48152 1.49235 0.799999
      vertex 4.48236 1.49057 0.799999
    endloop
  endfacet
  facet normal -0 0 1
    outer loop
      vertex 4.48086 1.50581 0.799999
      vertex 4.48152 1.49235 0.799999
      vertex 4.48152 1.50765 0.799999
    endloop
  endfacet
  facet normal 0 0 1
    outer loop
      vertex 4.48086 1.50581 0.799999
      vertex 4.48086 1.49419 0.799999
      vertex 4.48152 1.49235 0.799999
    endloop
  endfacet
  facet normal -0 0 1
    outer loop
      vertex 4.48038 1.5039 0.799999
      vertex 4.48086 1.49419 0.799999
      vertex 4.48086 1.50581 0.799999
    endloop
  endfacet
  facet normal 0 0 1
    outer loop
      vertex 4.48038 1.5039 0.799999
      vertex 4.48038 1.4961 0.799999
      vertex 4.48086 1.49419 0.799999
    endloop
  endfacet
  facet normal -0 0 1
    outer loop
      vertex 4.4801 1.50196 0.799999
      vertex 4.48038 1.4961 0.799999
      vertex 4.48038 1.5039 0.799999
    endloop
  endfacet
  facet normal 0 0 1
    outer loop
      vertex 4.4801 1.50196 0.799999
      vertex 4.4801 1.49804 0.799999
      vertex 4.48038 1.4961 0.799999
    endloop
  endfacet
  facet normal 0 -0 1
    outer loop
      vertex 4.4801 1.49804 0.799999
      vertex 4.4801 1.50196 0.799999
      vertex 4.48 1.5 0.799999
    endloop
  endfacet
  facet normal 0.739478 -0.67318 0
    outer loop
      vertex 4.51414 1.48586 0.799999
      vertex 4.51546 1.48731 0
      vertex 4.51546 1.48731 0.799999
    endloop
  endfacet
  facet normal 0.739478 -0.67318 0
    outer loop
      vertex 4.51546 1.48731 0
      vertex 4.51414 1.48586 0.799999
      vertex 4.51414 1.48586 0
    endloop
  endfacet
  facet normal 0.739478 0.67318 0
    outer loop
      vertex 4.51546 1.51269 0.799999
      vertex 4.51414 1.51414 0
      vertex 4.51414 1.51414 0.799999
    endloop
  endfacet
  facet normal 0.739478 0.67318 0
    outer loop
      vertex 4.51414 1.51414 0
      vertex 4.51546 1.51269 0.799999
      vertex 4.51546 1.51269 0
    endloop
  endfacet
  facet normal 0.803647 -0.595106 0
    outer loop
      vertex 4.51546 1.48731 0.799999
      vertex 4.51663 1.48889 0
      vertex 4.51663 1.48889 0.799999
    endloop
  endfacet
  facet normal 0.803647 -0.595106 0
    outer loop
      vertex 4.51663 1.48889 0
      vertex 4.51546 1.48731 0.799999
      vertex 4.51546 1.48731 0
    endloop
  endfacet
  facet normal 0.857042 -0.515246 0
    outer loop
      vertex 4.51663 1.48889 0.799999
      vertex 4.51764 1.49057 0
      vertex 4.51764 1.49057 0.799999
    endloop
  endfacet
  facet normal 0.857042 -0.515246 0
    outer loop
      vertex 4.51764 1.49057 0
      vertex 4.51663 1.48889 0.799999
      vertex 4.51663 1.48889 0
    endloop
  endfacet
  facet normal -0.989744 0.14285 0
    outer loop
      vertex 4.4801 1.50196 0
      vertex 4.48038 1.5039 0.799999
      vertex 4.48038 1.5039 0
    endloop
  endfacet
  facet normal -0.989744 0.14285 0
    outer loop
      vertex 4.48038 1.5039 0.799999
      vertex 4.4801 1.50196 0
      vertex 4.4801 1.50196 0.799999
    endloop
  endfacet
  facet normal -0.969843 0.24373 0
    outer loop
      vertex 4.48038 1.5039 0
      vertex 4.48086 1.50581 0.799999
      vertex 4.48086 1.50581 0
    endloop
  endfacet
  facet normal -0.969843 0.24373 0
    outer loop
      vertex 4.48086 1.50581 0.799999
      vertex 4.48038 1.5039 0
      vertex 4.48038 1.5039 0.799999
    endloop
  endfacet
  facet normal 0.941278 0.337632 0
    outer loop
      vertex 4.51914 1.50581 0.799999
      vertex 4.51848 1.50765 0
      vertex 4.51848 1.50765 0.799999
    endloop
  endfacet
  facet normal 0.941278 0.337632 0
    outer loop
      vertex 4.51848 1.50765 0
      vertex 4.51914 1.50581 0.799999
      vertex 4.51914 1.50581 0
    endloop
  endfacet
  facet normal -0.67318 0.739478 0
    outer loop
      vertex 4.48731 1.51546 0
      vertex 4.48586 1.51414 0.799999
      vertex 4.48731 1.51546 0.799999
    endloop
  endfacet
  facet normal -0.67318 0.739478 0
    outer loop
      vertex 4.48586 1.51414 0.799999
      vertex 4.48731 1.51546 0
      vertex 4.48586 1.51414 0
    endloop
  endfacet
  facet normal 0.969843 -0.24373 0
    outer loop
      vertex 4.51914 1.49419 0.799999
      vertex 4.51962 1.4961 0
      vertex 4.51962 1.4961 0.799999
    endloop
  endfacet
  facet normal 0.969843 -0.24373 0
    outer loop
      vertex 4.51962 1.4961 0
      vertex 4.51914 1.49419 0.799999
      vertex 4.51914 1.49419 0
    endloop
  endfacet
  facet normal 0.904358 0.426775 0
    outer loop
      vertex 4.51848 1.50765 0.799999
      vertex 4.51764 1.50943 0
      vertex 4.51764 1.50943 0.799999
    endloop
  endfacet
  facet normal 0.904358 0.426775 0
    outer loop
      vertex 4.51764 1.50943 0
      vertex 4.51848 1.50765 0.799999
      vertex 4.51848 1.50765 0
    endloop
  endfacet
  facet normal 0.857042 0.515246 0
    outer loop
      vertex 4.51764 1.50943 0.799999
      vertex 4.51663 1.51111 0
      vertex 4.51663 1.51111 0.799999
    endloop
  endfacet
  facet normal 0.857042 0.515246 0
    outer loop
      vertex 4.51663 1.51111 0
      vertex 4.51764 1.50943 0.799999
      vertex 4.51764 1.50943 0
    endloop
  endfacet
  facet normal -0.0509541 -0.998701 0
    outer loop
      vertex 4.49804 1.4801 0
      vertex 4.5 1.48 0.799999
      vertex 4.49804 1.4801 0.799999
    endloop
  endfacet
  facet normal -0.0509541 -0.998701 -0
    outer loop
      vertex 4.5 1.48 0.799999
      vertex 4.49804 1.4801 0
      vertex 4.5 1.48 0
    endloop
  endfacet
  facet normal 0.337632 -0.941278 0
    outer loop
      vertex 4.50581 1.48086 0
      vertex 4.50765 1.48152 0.799999
      vertex 4.50581 1.48086 0.799999
    endloop
  endfacet
  facet normal 0.337632 -0.941278 0
    outer loop
      vertex 4.50765 1.48152 0.799999
      vertex 4.50581 1.48086 0
      vertex 4.50765 1.48152 0
    endloop
  endfacet
  facet normal 0.14285 0.989744 -0
    outer loop
      vertex 4.5039 1.51962 0
      vertex 4.50196 1.5199 0.799999
      vertex 4.5039 1.51962 0.799999
    endloop
  endfacet
  facet normal 0.14285 0.989744 0
    outer loop
      vertex 4.50196 1.5199 0.799999
      vertex 4.5039 1.51962 0
      vertex 4.50196 1.5199 0
    endloop
  endfacet
  facet normal 0.24373 -0.969843 0
    outer loop
      vertex 4.5039 1.48038 0
      vertex 4.50581 1.48086 0.799999
      vertex 4.5039 1.48038 0.799999
    endloop
  endfacet
  facet normal 0.24373 -0.969843 0
    outer loop
      vertex 4.50581 1.48086 0.799999
      vertex 4.5039 1.48038 0
      vertex 4.50581 1.48086 0
    endloop
  endfacet
  facet normal -0.941278 -0.337632 0
    outer loop
      vertex 4.48152 1.49235 0
      vertex 4.48086 1.49419 0.799999
      vertex 4.48086 1.49419 0
    endloop
  endfacet
  facet normal -0.941278 -0.337632 0
    outer loop
      vertex 4.48086 1.49419 0.799999
      vertex 4.48152 1.49235 0
      vertex 4.48152 1.49235 0.799999
    endloop
  endfacet
  facet normal -0.998701 0.0509541 0
    outer loop
      vertex 4.48 1.5 0
      vertex 4.4801 1.50196 0.799999
      vertex 4.4801 1.50196 0
    endloop
  endfacet
  facet normal -0.998701 0.0509541 0
    outer loop
      vertex 4.4801 1.50196 0.799999
      vertex 4.48 1.5 0
      vertex 4.48 1.5 0.799999
    endloop
  endfacet
  facet normal -0.739478 0.67318 0
    outer loop
      vertex 4.48454 1.51269 0
      vertex 4.48586 1.51414 0.799999
      vertex 4.48586 1.51414 0
    endloop
  endfacet
  facet normal -0.739478 0.67318 0
    outer loop
      vertex 4.48586 1.51414 0.799999
      vertex 4.48454 1.51269 0
      vertex 4.48454 1.51269 0.799999
    endloop
  endfacet
  facet normal -0.857042 0.515246 0
    outer loop
      vertex 4.48236 1.50943 0
      vertex 4.48337 1.51111 0.799999
      vertex 4.48337 1.51111 0
    endloop
  endfacet
  facet normal -0.857042 0.515246 0
    outer loop
      vertex 4.48337 1.51111 0.799999
      vertex 4.48236 1.50943 0
      vertex 4.48236 1.50943 0.799999
    endloop
  endfacet
  facet normal -0.969843 -0.24373 0
    outer loop
      vertex 4.48086 1.49419 0
      vertex 4.48038 1.4961 0.799999
      vertex 4.48038 1.4961 0
    endloop
  endfacet
  facet normal -0.969843 -0.24373 0
    outer loop
      vertex 4.48038 1.4961 0.799999
      vertex 4.48086 1.49419 0
      vertex 4.48086 1.49419 0.799999
    endloop
  endfacet
  facet normal 0.0509541 -0.998701 0
    outer loop
      vertex 4.5 1.48 0
      vertex 4.50196 1.4801 0.799999
      vertex 4.5 1.48 0.799999
    endloop
  endfacet
  facet normal 0.0509541 -0.998701 0
    outer loop
      vertex 4.50196 1.4801 0.799999
      vertex 4.5 1.48 0
      vertex 4.50196 1.4801 0
    endloop
  endfacet
  facet normal -0.803647 -0.595106 0
    outer loop
      vertex 4.48454 1.48731 0
      vertex 4.48337 1.48889 0.799999
      vertex 4.48337 1.48889 0
    endloop
  endfacet
  facet normal -0.803647 -0.595106 0
    outer loop
      vertex 4.48337 1.48889 0.799999
      vertex 4.48454 1.48731 0
      vertex 4.48454 1.48731 0.799999
    endloop
  endfacet
  facet normal -0.989744 -0.14285 0
    outer loop
      vertex 4.48038 1.4961 0
      vertex 4.4801 1.49804 0.799999
      vertex 4.4801 1.49804 0
    endloop
  endfacet
  facet normal -0.989744 -0.14285 0
    outer loop
      vertex 4.4801 1.49804 0.799999
      vertex 4.48038 1.4961 0
      vertex 4.48038 1.4961 0.799999
    endloop
  endfacet
  facet normal 0.24373 0.969843 -0
    outer loop
      vertex 4.50581 1.51914 0
      vertex 4.5039 1.51962 0.799999
      vertex 4.50581 1.51914 0.799999
    endloop
  endfacet
  facet normal 0.24373 0.969843 0
    outer loop
      vertex 4.5039 1.51962 0.799999
      vertex 4.50581 1.51914 0
      vertex 4.5039 1.51962 0
    endloop
  endfacet
  facet normal -0.857042 -0.515246 0
    outer loop
      vertex 4.48337 1.48889 0
      vertex 4.48236 1.49057 0.799999
      vertex 4.48236 1.49057 0
    endloop
  endfacet
  facet normal -0.857042 -0.515246 0
    outer loop
      vertex 4.48236 1.49057 0.799999
      vertex 4.48337 1.48889 0
      vertex 4.48337 1.48889 0.799999
    endloop
  endfacet
  facet normal -0.595106 0.803647 0
    outer loop
      vertex 4.48889 1.51663 0
      vertex 4.48731 1.51546 0.799999
      vertex 4.48889 1.51663 0.799999
    endloop
  endfacet
  facet normal -0.595106 0.803647 0
    outer loop
      vertex 4.48731 1.51546 0.799999
      vertex 4.48889 1.51663 0
      vertex 4.48731 1.51546 0
    endloop
  endfacet
  facet normal -0.14285 -0.989744 0
    outer loop
      vertex 4.4961 1.48038 0
      vertex 4.49804 1.4801 0.799999
      vertex 4.4961 1.48038 0.799999
    endloop
  endfacet
  facet normal -0.14285 -0.989744 -0
    outer loop
      vertex 4.49804 1.4801 0.799999
      vertex 4.4961 1.48038 0
      vertex 4.49804 1.4801 0
    endloop
  endfacet
  facet normal -0.904358 -0.426775 0
    outer loop
      vertex 4.48236 1.49057 0
      vertex 4.48152 1.49235 0.799999
      vertex 4.48152 1.49235 0
    endloop
  endfacet
  facet normal -0.904358 -0.426775 0
    outer loop
      vertex 4.48152 1.49235 0.799999
      vertex 4.48236 1.49057 0
      vertex 4.48236 1.49057 0.799999
    endloop
  endfacet
  facet normal -0.803647 0.595106 0
    outer loop
      vertex 4.48337 1.51111 0
      vertex 4.48454 1.51269 0.799999
      vertex 4.48454 1.51269 0
    endloop
  endfacet
  facet normal -0.803647 0.595106 0
    outer loop
      vertex 4.48454 1.51269 0.799999
      vertex 4.48337 1.51111 0
      vertex 4.48337 1.51111 0.799999
    endloop
  endfacet
  facet normal -0.941278 0.337632 0
    outer loop
      vertex 4.48086 1.50581 0
      vertex 4.48152 1.50765 0.799999
      vertex 4.48152 1.50765 0
    endloop
  endfacet
  facet normal -0.941278 0.337632 0
    outer loop
      vertex 4.48152 1.50765 0.799999
      vertex 4.48086 1.50581 0
      vertex 4.48086 1.50581 0.799999
    endloop
  endfacet
  facet normal -0.14285 0.989744 0
    outer loop
      vertex 4.49804 4.5199 0
      vertex 4.4961 4.51962 0.799999
      vertex 4.49804 4.5199 0.799999
    endloop
  endfacet
  facet normal -0.14285 0.989744 0
    outer loop
      vertex 4.4961 4.51962 0.799999
      vertex 4.49804 4.5199 0
      vertex 4.4961 4.51962 0
    endloop
  endfacet
  facet normal 0.989744 0.14285 0
    outer loop
      vertex 4.5199 4.50196 0.799999
      vertex 4.51962 4.5039 0
      vertex 4.51962 4.5039 0.799999
    endloop
  endfacet
  facet normal 0.989744 0.14285 0
    outer loop
      vertex 4.51962 4.5039 0
      vertex 4.5199 4.50196 0.799999
      vertex 4.5199 4.50196 0
    endloop
  endfacet
  facet normal 0.998701 0.0509541 0
    outer loop
      vertex 4.52 4.5 0.799999
      vertex 4.5199 4.50196 0
      vertex 4.5199 4.50196 0.799999
    endloop
  endfacet
  facet normal 0.998701 0.0509541 0
    outer loop
      vertex 4.5199 4.50196 0
      vertex 4.52 4.5 0.799999
      vertex 4.52 4.5 0
    endloop
  endfacet
  facet normal 0.969843 0.24373 0
    outer loop
      vertex 4.51962 4.5039 0.799999
      vertex 4.51914 4.50581 0
      vertex 4.51914 4.50581 0.799999
    endloop
  endfacet
  facet normal 0.969843 0.24373 0
    outer loop
      vertex 4.51914 4.50581 0
      vertex 4.51962 4.5039 0.799999
      vertex 4.51962 4.5039 0
    endloop
  endfacet
  facet normal 0.998701 -0.0509541 0
    outer loop
      vertex 4.5199 4.49804 0.799999
      vertex 4.52 4.5 0
      vertex 4.52 4.5 0.799999
    endloop
  endfacet
  facet normal 0.998701 -0.0509541 0
    outer loop
      vertex 4.52 4.5 0
      vertex 4.5199 4.49804 0.799999
      vertex 4.5199 4.49804 0
    endloop
  endfacet
  facet normal 0.595106 0.803647 -0
    outer loop
      vertex 4.51269 4.51546 0
      vertex 4.51111 4.51663 0.799999
      vertex 4.51269 4.51546 0.799999
    endloop
  endfacet
  facet normal 0.595106 0.803647 0
    outer loop
      vertex 4.51111 4.51663 0.799999
      vertex 4.51269 4.51546 0
      vertex 4.51111 4.51663 0
    endloop
  endfacet
  facet normal 0.337632 0.941278 -0
    outer loop
      vertex 4.50765 4.51848 0
      vertex 4.50581 4.51914 0.799999
      vertex 4.50765 4.51848 0.799999
    endloop
  endfacet
  facet normal 0.337632 0.941278 0
    outer loop
      vertex 4.50581 4.51914 0.799999
      vertex 4.50765 4.51848 0
      vertex 4.50581 4.51914 0
    endloop
  endfacet
  facet normal 0.803647 0.595106 0
    outer loop
      vertex 4.51663 4.51111 0.799999
      vertex 4.51546 4.51269 0
      vertex 4.51546 4.51269 0.799999
    endloop
  endfacet
  facet normal 0.803647 0.595106 0
    outer loop
      vertex 4.51546 4.51269 0
      vertex 4.51663 4.51111 0.799999
      vertex 4.51663 4.51111 0
    endloop
  endfacet
  facet normal 0.515246 0.857042 -0
    outer loop
      vertex 4.51111 4.51663 0
      vertex 4.50943 4.51764 0.799999
      vertex 4.51111 4.51663 0.799999
    endloop
  endfacet
  facet normal 0.515246 0.857042 0
    outer loop
      vertex 4.50943 4.51764 0.799999
      vertex 4.51111 4.51663 0
      vertex 4.50943 4.51764 0
    endloop
  endfacet
  facet normal 0.941278 -0.337632 0
    outer loop
      vertex 4.51848 4.49235 0.799999
      vertex 4.51914 4.49419 0
      vertex 4.51914 4.49419 0.799999
    endloop
  endfacet
  facet normal 0.941278 -0.337632 0
    outer loop
      vertex 4.51914 4.49419 0
      vertex 4.51848 4.49235 0.799999
      vertex 4.51848 4.49235 0
    endloop
  endfacet
  facet normal -0.595106 0.803647 0
    outer loop
      vertex 4.48889 4.51663 0
      vertex 4.48731 4.51546 0.799999
      vertex 4.48889 4.51663 0.799999
    endloop
  endfacet
  facet normal -0.595106 0.803647 0
    outer loop
      vertex 4.48731 4.51546 0.799999
      vertex 4.48889 4.51663 0
      vertex 4.48731 4.51546 0
    endloop
  endfacet
  facet normal 0.67318 -0.739478 0
    outer loop
      vertex 4.51269 4.48454 0
      vertex 4.51414 4.48586 0.799999
      vertex 4.51269 4.48454 0.799999
    endloop
  endfacet
  facet normal 0.67318 -0.739478 0
    outer loop
      vertex 4.51414 4.48586 0.799999
      vertex 4.51269 4.48454 0
      vertex 4.51414 4.48586 0
    endloop
  endfacet
  facet normal -0.24373 0.969843 0
    outer loop
      vertex 4.4961 4.51962 0
      vertex 4.49419 4.51914 0.799999
      vertex 4.4961 4.51962 0.799999
    endloop
  endfacet
  facet normal -0.24373 0.969843 0
    outer loop
      vertex 4.49419 4.51914 0.799999
      vertex 4.4961 4.51962 0
      vertex 4.49419 4.51914 0
    endloop
  endfacet
  facet normal 0.595106 -0.803647 0
    outer loop
      vertex 4.51111 4.48337 0
      vertex 4.51269 4.48454 0.799999
      vertex 4.51111 4.48337 0.799999
    endloop
  endfacet
  facet normal 0.595106 -0.803647 0
    outer loop
      vertex 4.51269 4.48454 0.799999
      vertex 4.51111 4.48337 0
      vertex 4.51269 4.48454 0
    endloop
  endfacet
  facet normal -0.515246 0.857042 0
    outer loop
      vertex 4.49057 4.51764 0
      vertex 4.48889 4.51663 0.799999
      vertex 4.49057 4.51764 0.799999
    endloop
  endfacet
  facet normal -0.515246 0.857042 0
    outer loop
      vertex 4.48889 4.51663 0.799999
      vertex 4.49057 4.51764 0
      vertex 4.48889 4.51663 0
    endloop
  endfacet
  facet normal -0.67318 -0.739478 0
    outer loop
      vertex 4.48586 4.48586 0
      vertex 4.48731 4.48454 0.799999
      vertex 4.48586 4.48586 0.799999
    endloop
  endfacet
  facet normal -0.67318 -0.739478 -0
    outer loop
      vertex 4.48731 4.48454 0.799999
      vertex 4.48586 4.48586 0
      vertex 4.48731 4.48454 0
    endloop
  endfacet
  facet normal -0.426775 0.904358 0
    outer loop
      vertex 4.49235 4.51848 0
      vertex 4.49057 4.51764 0.799999
      vertex 4.49235 4.51848 0.799999
    endloop
  endfacet
  facet normal -0.426775 0.904358 0
    outer loop
      vertex 4.49057 4.51764 0.799999
      vertex 4.49235 4.51848 0
      vertex 4.49057 4.51764 0
    endloop
  endfacet
  facet normal 0.904358 -0.426775 0
    outer loop
      vertex 4.51764 4.49057 0.799999
      vertex 4.51848 4.49235 0
      vertex 4.51848 4.49235 0.799999
    endloop
  endfacet
  facet normal 0.904358 -0.426775 0
    outer loop
      vertex 4.51848 4.49235 0
      vertex 4.51764 4.49057 0.799999
      vertex 4.51764 4.49057 0
    endloop
  endfacet
  facet normal 0.989744 -0.14285 0
    outer loop
      vertex 4.51962 4.4961 0.799999
      vertex 4.5199 4.49804 0
      vertex 4.5199 4.49804 0.799999
    endloop
  endfacet
  facet normal 0.989744 -0.14285 0
    outer loop
      vertex 4.5199 4.49804 0
      vertex 4.51962 4.4961 0.799999
      vertex 4.51962 4.4961 0
    endloop
  endfacet
  facet normal 0.857042 -0.515246 0
    outer loop
      vertex 4.51663 4.48889 0.799999
      vertex 4.51764 4.49057 0
      vertex 4.51764 4.49057 0.799999
    endloop
  endfacet
  facet normal 0.857042 -0.515246 0
    outer loop
      vertex 4.51764 4.49057 0
      vertex 4.51663 4.48889 0.799999
      vertex 4.51663 4.48889 0
    endloop
  endfacet
  facet normal -0.904358 0.426775 0
    outer loop
      vertex 4.48152 4.50765 0
      vertex 4.48236 4.50943 0.799999
      vertex 4.48236 4.50943 0
    endloop
  endfacet
  facet normal -0.904358 0.426775 0
    outer loop
      vertex 4.48236 4.50943 0.799999
      vertex 4.48152 4.50765 0
      vertex 4.48152 4.50765 0.799999
    endloop
  endfacet
  facet normal -0.426775 -0.904358 0
    outer loop
      vertex 4.49057 4.48236 0
      vertex 4.49235 4.48152 0.799999
      vertex 4.49057 4.48236 0.799999
    endloop
  endfacet
  facet normal -0.426775 -0.904358 -0
    outer loop
      vertex 4.49235 4.48152 0.799999
      vertex 4.49057 4.48236 0
      vertex 4.49235 4.48152 0
    endloop
  endfacet
  facet normal 0.67318 0.739478 -0
    outer loop
      vertex 4.51414 4.51414 0
      vertex 4.51269 4.51546 0.799999
      vertex 4.51414 4.51414 0.799999
    endloop
  endfacet
  facet normal 0.67318 0.739478 0
    outer loop
      vertex 4.51269 4.51546 0.799999
      vertex 4.51414 4.51414 0
      vertex 4.51269 4.51546 0
    endloop
  endfacet
  facet normal 0.14285 -0.989744 0
    outer loop
      vertex 4.50196 4.4801 0
      vertex 4.5039 4.48038 0.799999
      vertex 4.50196 4.4801 0.799999
    endloop
  endfacet
  facet normal 0.14285 -0.989744 0
    outer loop
      vertex 4.5039 4.48038 0.799999
      vertex 4.50196 4.4801 0
      vertex 4.5039 4.48038 0
    endloop
  endfacet
  facet normal -0.595106 -0.803647 0
    outer loop
      vertex 4.48731 4.48454 0
      vertex 4.48889 4.48337 0.799999
      vertex 4.48731 4.48454 0.799999
    endloop
  endfacet
  facet normal -0.595106 -0.803647 -0
    outer loop
      vertex 4.48889 4.48337 0.799999
      vertex 4.48731 4.48454 0
      vertex 4.48889 4.48337 0
    endloop
  endfacet
  facet normal 0.426775 -0.904358 0
    outer loop
      vertex 4.50765 4.48152 0
      vertex 4.50943 4.48236 0.799999
      vertex 4.50765 4.48152 0.799999
    endloop
  endfacet
  facet normal 0.426775 -0.904358 0
    outer loop
      vertex 4.50943 4.48236 0.799999
      vertex 4.50765 4.48152 0
      vertex 4.50943 4.48236 0
    endloop
  endfacet
  facet normal 0.426775 0.904358 -0
    outer loop
      vertex 4.50943 4.51764 0
      vertex 4.50765 4.51848 0.799999
      vertex 4.50943 4.51764 0.799999
    endloop
  endfacet
  facet normal 0.426775 0.904358 0
    outer loop
      vertex 4.50765 4.51848 0.799999
      vertex 4.50943 4.51764 0
      vertex 4.50765 4.51848 0
    endloop
  endfacet
  facet normal -0.337632 0.941278 0
    outer loop
      vertex 4.49419 4.51914 0
      vertex 4.49235 4.51848 0.799999
      vertex 4.49419 4.51914 0.799999
    endloop
  endfacet
  facet normal -0.337632 0.941278 0
    outer loop
      vertex 4.49235 4.51848 0.799999
      vertex 4.49419 4.51914 0
      vertex 4.49235 4.51848 0
    endloop
  endfacet
  facet normal -0.337632 -0.941278 0
    outer loop
      vertex 4.49235 4.48152 0
      vertex 4.49419 4.48086 0.799999
      vertex 4.49235 4.48152 0.799999
    endloop
  endfacet
  facet normal -0.337632 -0.941278 -0
    outer loop
      vertex 4.49419 4.48086 0.799999
      vertex 4.49235 4.48152 0
      vertex 4.49419 4.48086 0
    endloop
  endfacet
  facet normal 0.515246 -0.857042 0
    outer loop
      vertex 4.50943 4.48236 0
      vertex 4.51111 4.48337 0.799999
      vertex 4.50943 4.48236 0.799999
    endloop
  endfacet
  facet normal 0.515246 -0.857042 0
    outer loop
      vertex 4.51111 4.48337 0.799999
      vertex 4.50943 4.48236 0
      vertex 4.51111 4.48337 0
    endloop
  endfacet
  facet normal -0.0509541 0.998701 0
    outer loop
      vertex 4.5 4.52 0
      vertex 4.49804 4.5199 0.799999
      vertex 4.5 4.52 0.799999
    endloop
  endfacet
  facet normal -0.0509541 0.998701 0
    outer loop
      vertex 4.49804 4.5199 0.799999
      vertex 4.5 4.52 0
      vertex 4.49804 4.5199 0
    endloop
  endfacet
  facet normal -0.24373 -0.969843 0
    outer loop
      vertex 4.49419 4.48086 0
      vertex 4.4961 4.48038 0.799999
      vertex 4.49419 4.48086 0.799999
    endloop
  endfacet
  facet normal -0.24373 -0.969843 -0
    outer loop
      vertex 4.4961 4.48038 0.799999
      vertex 4.49419 4.48086 0
      vertex 4.4961 4.48038 0
    endloop
  endfacet
  facet normal -0.998701 -0.0509541 0
    outer loop
      vertex 4.4801 4.49804 0
      vertex 4.48 4.5 0.799999
      vertex 4.48 4.5 0
    endloop
  endfacet
  facet normal -0.998701 -0.0509541 0
    outer loop
      vertex 4.48 4.5 0.799999
      vertex 4.4801 4.49804 0
      vertex 4.4801 4.49804 0.799999
    endloop
  endfacet
  facet normal -0.515246 -0.857042 0
    outer loop
      vertex 4.48889 4.48337 0
      vertex 4.49057 4.48236 0.799999
      vertex 4.48889 4.48337 0.799999
    endloop
  endfacet
  facet normal -0.515246 -0.857042 -0
    outer loop
      vertex 4.49057 4.48236 0.799999
      vertex 4.48889 4.48337 0
      vertex 4.49057 4.48236 0
    endloop
  endfacet
  facet normal 0.0509541 0.998701 -0
    outer loop
      vertex 4.50196 4.5199 0
      vertex 4.5 4.52 0.799999
      vertex 4.50196 4.5199 0.799999
    endloop
  endfacet
  facet normal 0.0509541 0.998701 0
    outer loop
      vertex 4.5 4.52 0.799999
      vertex 4.50196 4.5199 0
      vertex 4.5 4.52 0
    endloop
  endfacet
  facet normal 0 0 1
    outer loop
      vertex 4.5199 4.50196 0.799999
      vertex 4.5199 4.49804 0.799999
      vertex 4.52 4.5 0.799999
    endloop
  endfacet
  facet normal 0 0 1
    outer loop
      vertex 4.51962 4.5039 0.799999
      vertex 4.5199 4.49804 0.799999
      vertex 4.5199 4.50196 0.799999
    endloop
  endfacet
  facet normal 0 0 1
    outer loop
      vertex 4.51962 4.5039 0.799999
      vertex 4.51962 4.4961 0.799999
      vertex 4.5199 4.49804 0.799999
    endloop
  endfacet
  facet normal 0 0 1
    outer loop
      vertex 4.51914 4.50581 0.799999
      vertex 4.51962 4.4961 0.799999
      vertex 4.51962 4.5039 0.799999
    endloop
  endfacet
  facet normal 0 0 1
    outer loop
      vertex 4.51914 4.50581 0.799999
      vertex 4.51914 4.49419 0.799999
      vertex 4.51962 4.4961 0.799999
    endloop
  endfacet
  facet normal 0 0 1
    outer loop
      vertex 4.51848 4.50765 0.799999
      vertex 4.51914 4.49419 0.799999
      vertex 4.51914 4.50581 0.799999
    endloop
  endfacet
  facet normal 0 0 1
    outer loop
      vertex 4.51848 4.50765 0.799999
      vertex 4.51848 4.49235 0.799999
      vertex 4.51914 4.49419 0.799999
    endloop
  endfacet
  facet normal 0 0 1
    outer loop
      vertex 4.51764 4.50943 0.799999
      vertex 4.51848 4.49235 0.799999
      vertex 4.51848 4.50765 0.799999
    endloop
  endfacet
  facet normal 0 0 1
    outer loop
      vertex 4.51764 4.50943 0.799999
      vertex 4.51764 4.49057 0.799999
      vertex 4.51848 4.49235 0.799999
    endloop
  endfacet
  facet normal 0 0 1
    outer loop
      vertex 4.51663 4.51111 0.799999
      vertex 4.51764 4.49057 0.799999
      vertex 4.51764 4.50943 0.799999
    endloop
  endfacet
  facet normal 0 0 1
    outer loop
      vertex 4.51663 4.51111 0.799999
      vertex 4.51663 4.48889 0.799999
      vertex 4.51764 4.49057 0.799999
    endloop
  endfacet
  facet normal 0 0 1
    outer loop
      vertex 4.51546 4.51269 0.799999
      vertex 4.51663 4.48889 0.799999
      vertex 4.51663 4.51111 0.799999
    endloop
  endfacet
  facet normal 0 0 1
    outer loop
      vertex 4.51546 4.51269 0.799999
      vertex 4.51546 4.48731 0.799999
      vertex 4.51663 4.48889 0.799999
    endloop
  endfacet
  facet normal 0 0 1
    outer loop
      vertex 4.51414 4.51414 0.799999
      vertex 4.51546 4.48731 0.799999
      vertex 4.51546 4.51269 0.799999
    endloop
  endfacet
  facet normal 0 0 1
    outer loop
      vertex 4.51414 4.51414 0.799999
      vertex 4.51414 4.48586 0.799999
      vertex 4.51546 4.48731 0.799999
    endloop
  endfacet
  facet normal 0 0 1
    outer loop
      vertex 4.51269 4.51546 0.799999
      vertex 4.51414 4.48586 0.799999
      vertex 4.51414 4.51414 0.799999
    endloop
  endfacet
  facet normal 0 0 1
    outer loop
      vertex 4.51269 4.51546 0.799999
      vertex 4.51269 4.48454 0.799999
      vertex 4.51414 4.48586 0.799999
    endloop
  endfacet
  facet normal 0 0 1
    outer loop
      vertex 4.51111 4.51663 0.799999
      vertex 4.51269 4.48454 0.799999
      vertex 4.51269 4.51546 0.799999
    endloop
  endfacet
  facet normal 0 0 1
    outer loop
      vertex 4.51111 4.51663 0.799999
      vertex 4.51111 4.48337 0.799999
      vertex 4.51269 4.48454 0.799999
    endloop
  endfacet
  facet normal 0 0 1
    outer loop
      vertex 4.50943 4.51764 0.799999
      vertex 4.51111 4.48337 0.799999
      vertex 4.51111 4.51663 0.799999
    endloop
  endfacet
  facet normal 0 0 1
    outer loop
      vertex 4.50943 4.51764 0.799999
      vertex 4.50943 4.48236 0.799999
      vertex 4.51111 4.48337 0.799999
    endloop
  endfacet
  facet normal 0 0 1
    outer loop
      vertex 4.50765 4.51848 0.799999
      vertex 4.50943 4.48236 0.799999
      vertex 4.50943 4.51764 0.799999
    endloop
  endfacet
  facet normal 0 0 1
    outer loop
      vertex 4.50765 4.51848 0.799999
      vertex 4.50765 4.48152 0.799999
      vertex 4.50943 4.48236 0.799999
    endloop
  endfacet
  facet normal 0 0 1
    outer loop
      vertex 4.50581 4.51914 0.799999
      vertex 4.50765 4.48152 0.799999
      vertex 4.50765 4.51848 0.799999
    endloop
  endfacet
  facet normal 0 0 1
    outer loop
      vertex 4.50581 4.51914 0.799999
      vertex 4.50581 4.48086 0.799999
      vertex 4.50765 4.48152 0.799999
    endloop
  endfacet
  facet normal 0 0 1
    outer loop
      vertex 4.5039 4.51962 0.799999
      vertex 4.50581 4.48086 0.799999
      vertex 4.50581 4.51914 0.799999
    endloop
  endfacet
  facet normal 0 0 1
    outer loop
      vertex 4.5039 4.51962 0.799999
      vertex 4.5039 4.48038 0.799999
      vertex 4.50581 4.48086 0.799999
    endloop
  endfacet
  facet normal 0 0 1
    outer loop
      vertex 4.50196 4.5199 0.799999
      vertex 4.5039 4.48038 0.799999
      vertex 4.5039 4.51962 0.799999
    endloop
  endfacet
  facet normal 0 0 1
    outer loop
      vertex 4.50196 4.5199 0.799999
      vertex 4.50196 4.4801 0.799999
      vertex 4.5039 4.48038 0.799999
    endloop
  endfacet
  facet normal 0 0 1
    outer loop
      vertex 4.5 4.52 0.799999
      vertex 4.50196 4.4801 0.799999
      vertex 4.50196 4.5199 0.799999
    endloop
  endfacet
  facet normal 0 0 1
    outer loop
      vertex 4.5 4.52 0.799999
      vertex 4.5 4.48 0.799999
      vertex 4.50196 4.4801 0.799999
    endloop
  endfacet
  facet normal -0 0 1
    outer loop
      vertex 4.49804 4.5199 0.799999
      vertex 4.5 4.48 0.799999
      vertex 4.5 4.52 0.799999
    endloop
  endfacet
  facet normal 0 0 1
    outer loop
      vertex 4.49804 4.5199 0.799999
      vertex 4.49804 4.4801 0.799999
      vertex 4.5 4.48 0.799999
    endloop
  endfacet
  facet normal -0 0 1
    outer loop
      vertex 4.4961 4.51962 0.799999
      vertex 4.49804 4.4801 0.799999
      vertex 4.49804 4.5199 0.799999
    endloop
  endfacet
  facet normal 0 0 1
    outer loop
      vertex 4.4961 4.51962 0.799999
      vertex 4.4961 4.48038 0.799999
      vertex 4.49804 4.4801 0.799999
    endloop
  endfacet
  facet normal -0 0 1
    outer loop
      vertex 4.49419 4.51914 0.799999
      vertex 4.4961 4.48038 0.799999
      vertex 4.4961 4.51962 0.799999
    endloop
  endfacet
  facet normal 0 0 1
    outer loop
      vertex 4.49419 4.51914 0.799999
      vertex 4.49419 4.48086 0.799999
      vertex 4.4961 4.48038 0.799999
    endloop
  endfacet
  facet normal -0 0 1
    outer loop
      vertex 4.49235 4.51848 0.799999
      vertex 4.49419 4.48086 0.799999
      vertex 4.49419 4.51914 0.799999
    endloop
  endfacet
  facet normal 0 0 1
    outer loop
      vertex 4.49235 4.51848 0.799999
      vertex 4.49235 4.48152 0.799999
      vertex 4.49419 4.48086 0.799999
    endloop
  endfacet
  facet normal -0 0 1
    outer loop
      vertex 4.49057 4.51764 0.799999
      vertex 4.49235 4.48152 0.799999
      vertex 4.49235 4.51848 0.799999
    endloop
  endfacet
  facet normal 0 0 1
    outer loop
      vertex 4.49057 4.51764 0.799999
      vertex 4.49057 4.48236 0.799999
      vertex 4.49235 4.48152 0.799999
    endloop
  endfacet
  facet normal -0 0 1
    outer loop
      vertex 4.48889 4.51663 0.799999
      vertex 4.49057 4.48236 0.799999
      vertex 4.49057 4.51764 0.799999
    endloop
  endfacet
  facet normal 0 0 1
    outer loop
      vertex 4.48889 4.51663 0.799999
      vertex 4.48889 4.48337 0.799999
      vertex 4.49057 4.48236 0.799999
    endloop
  endfacet
  facet normal -0 0 1
    outer loop
      vertex 4.48731 4.51546 0.799999
      vertex 4.48889 4.48337 0.799999
      vertex 4.48889 4.51663 0.799999
    endloop
  endfacet
  facet normal 0 0 1
    outer loop
      vertex 4.48731 4.51546 0.799999
      vertex 4.48731 4.48454 0.799999
      vertex 4.48889 4.48337 0.799999
    endloop
  endfacet
  facet normal -0 0 1
    outer loop
      vertex 4.48586 4.51414 0.799999
      vertex 4.48731 4.48454 0.799999
      vertex 4.48731 4.51546 0.799999
    endloop
  endfacet
  facet normal 0 0 1
    outer loop
      vertex 4.48586 4.51414 0.799999
      vertex 4.48586 4.48586 0.799999
      vertex 4.48731 4.48454 0.799999
    endloop
  endfacet
  facet normal -0 0 1
    outer loop
      vertex 4.48454 4.51269 0.799999
      vertex 4.48586 4.48586 0.799999
      vertex 4.48586 4.51414 0.799999
    endloop
  endfacet
  facet normal 0 0 1
    outer loop
      vertex 4.48454 4.51269 0.799999
      vertex 4.48454 4.48731 0.799999
      vertex 4.48586 4.48586 0.799999
    endloop
  endfacet
  facet normal -0 0 1
    outer loop
      vertex 4.48337 4.51111 0.799999
      vertex 4.48454 4.48731 0.799999
      vertex 4.48454 4.51269 0.799999
    endloop
  endfacet
  facet normal 0 0 1
    outer loop
      vertex 4.48337 4.51111 0.799999
      vertex 4.48337 4.48889 0.799999
      vertex 4.48454 4.48731 0.799999
    endloop
  endfacet
  facet normal -0 0 1
    outer loop
      vertex 4.48236 4.50943 0.799999
      vertex 4.48337 4.48889 0.799999
      vertex 4.48337 4.51111 0.799999
    endloop
  endfacet
  facet normal 0 0 1
    outer loop
      vertex 4.48236 4.50943 0.799999
      vertex 4.48236 4.49057 0.799999
      vertex 4.48337 4.48889 0.799999
    endloop
  endfacet
  facet normal -0 0 1
    outer loop
      vertex 4.48152 4.50765 0.799999
      vertex 4.48236 4.49057 0.799999
      vertex 4.48236 4.50943 0.799999
    endloop
  endfacet
  facet normal 0 0 1
    outer loop
      vertex 4.48152 4.50765 0.799999
      vertex 4.48152 4.49235 0.799999
      vertex 4.48236 4.49057 0.799999
    endloop
  endfacet
  facet normal -0 0 1
    outer loop
      vertex 4.48086 4.50581 0.799999
      vertex 4.48152 4.49235 0.799999
      vertex 4.48152 4.50765 0.799999
    endloop
  endfacet
  facet normal 0 0 1
    outer loop
      vertex 4.48086 4.50581 0.799999
      vertex 4.48086 4.49419 0.799999
      vertex 4.48152 4.49235 0.799999
    endloop
  endfacet
  facet normal -0 0 1
    outer loop
      vertex 4.48038 4.5039 0.799999
      vertex 4.48086 4.49419 0.799999
      vertex 4.48086 4.50581 0.799999
    endloop
  endfacet
  facet normal 0 0 1
    outer loop
      vertex 4.48038 4.5039 0.799999
      vertex 4.48038 4.4961 0.799999
      vertex 4.48086 4.49419 0.799999
    endloop
  endfacet
  facet normal -0 0 1
    outer loop
      vertex 4.4801 4.50196 0.799999
      vertex 4.48038 4.4961 0.799999
      vertex 4.48038 4.5039 0.799999
    endloop
  endfacet
  facet normal 0 0 1
    outer loop
      vertex 4.4801 4.50196 0.799999
      vertex 4.4801 4.49804 0.799999
      vertex 4.48038 4.4961 0.799999
    endloop
  endfacet
  facet normal 0 -0 1
    outer loop
      vertex 4.4801 4.49804 0.799999
      vertex 4.4801 4.50196 0.799999
      vertex 4.48 4.5 0.799999
    endloop
  endfacet
  facet normal 0.739478 -0.67318 0
    outer loop
      vertex 4.51414 4.48586 0.799999
      vertex 4.51546 4.48731 0
      vertex 4.51546 4.48731 0.799999
    endloop
  endfacet
  facet normal 0.739478 -0.67318 0
    outer loop
      vertex 4.51546 4.48731 0
      vertex 4.51414 4.48586 0.799999
      vertex 4.51414 4.48586 0
    endloop
  endfacet
  facet normal 0.739478 0.67318 0
    outer loop
      vertex 4.51546 4.51269 0.799999
      vertex 4.51414 4.51414 0
      vertex 4.51414 4.51414 0.799999
    endloop
  endfacet
  facet normal 0.739478 0.67318 0
    outer loop
      vertex 4.51414 4.51414 0
      vertex 4.51546 4.51269 0.799999
      vertex 4.51546 4.51269 0
    endloop
  endfacet
  facet normal 0.803647 -0.595106 0
    outer loop
      vertex 4.51546 4.48731 0.799999
      vertex 4.51663 4.48889 0
      vertex 4.51663 4.48889 0.799999
    endloop
  endfacet
  facet normal 0.803647 -0.595106 0
    outer loop
      vertex 4.51663 4.48889 0
      vertex 4.51546 4.48731 0.799999
      vertex 4.51546 4.48731 0
    endloop
  endfacet
  facet normal -0.989744 0.14285 0
    outer loop
      vertex 4.4801 4.50196 0
      vertex 4.48038 4.5039 0.799999
      vertex 4.48038 4.5039 0
    endloop
  endfacet
  facet normal -0.989744 0.14285 0
    outer loop
      vertex 4.48038 4.5039 0.799999
      vertex 4.4801 4.50196 0
      vertex 4.4801 4.50196 0.799999
    endloop
  endfacet
  facet normal -0.969843 0.24373 0
    outer loop
      vertex 4.48038 4.5039 0
      vertex 4.48086 4.50581 0.799999
      vertex 4.48086 4.50581 0
    endloop
  endfacet
  facet normal -0.969843 0.24373 0
    outer loop
      vertex 4.48086 4.50581 0.799999
      vertex 4.48038 4.5039 0
      vertex 4.48038 4.5039 0.799999
    endloop
  endfacet
  facet normal 0.941278 0.337632 0
    outer loop
      vertex 4.51914 4.50581 0.799999
      vertex 4.51848 4.50765 0
      vertex 4.51848 4.50765 0.799999
    endloop
  endfacet
  facet normal 0.941278 0.337632 0
    outer loop
      vertex 4.51848 4.50765 0
      vertex 4.51914 4.50581 0.799999
      vertex 4.51914 4.50581 0
    endloop
  endfacet
  facet normal -0.67318 0.739478 0
    outer loop
      vertex 4.48731 4.51546 0
      vertex 4.48586 4.51414 0.799999
      vertex 4.48731 4.51546 0.799999
    endloop
  endfacet
  facet normal -0.67318 0.739478 0
    outer loop
      vertex 4.48586 4.51414 0.799999
      vertex 4.48731 4.51546 0
      vertex 4.48586 4.51414 0
    endloop
  endfacet
  facet normal 0.969843 -0.24373 0
    outer loop
      vertex 4.51914 4.49419 0.799999
      vertex 4.51962 4.4961 0
      vertex 4.51962 4.4961 0.799999
    endloop
  endfacet
  facet normal 0.969843 -0.24373 0
    outer loop
      vertex 4.51962 4.4961 0
      vertex 4.51914 4.49419 0.799999
      vertex 4.51914 4.49419 0
    endloop
  endfacet
  facet normal 0.904358 0.426775 0
    outer loop
      vertex 4.51848 4.50765 0.799999
      vertex 4.51764 4.50943 0
      vertex 4.51764 4.50943 0.799999
    endloop
  endfacet
  facet normal 0.904358 0.426775 0
    outer loop
      vertex 4.51764 4.50943 0
      vertex 4.51848 4.50765 0.799999
      vertex 4.51848 4.50765 0
    endloop
  endfacet
  facet normal 0.857042 0.515246 0
    outer loop
      vertex 4.51764 4.50943 0.799999
      vertex 4.51663 4.51111 0
      vertex 4.51663 4.51111 0.799999
    endloop
  endfacet
  facet normal 0.857042 0.515246 0
    outer loop
      vertex 4.51663 4.51111 0
      vertex 4.51764 4.50943 0.799999
      vertex 4.51764 4.50943 0
    endloop
  endfacet
  facet normal -0.0509541 -0.998701 0
    outer loop
      vertex 4.49804 4.4801 0
      vertex 4.5 4.48 0.799999
      vertex 4.49804 4.4801 0.799999
    endloop
  endfacet
  facet normal -0.0509541 -0.998701 -0
    outer loop
      vertex 4.5 4.48 0.799999
      vertex 4.49804 4.4801 0
      vertex 4.5 4.48 0
    endloop
  endfacet
  facet normal 0.337632 -0.941278 0
    outer loop
      vertex 4.50581 4.48086 0
      vertex 4.50765 4.48152 0.799999
      vertex 4.50581 4.48086 0.799999
    endloop
  endfacet
  facet normal 0.337632 -0.941278 0
    outer loop
      vertex 4.50765 4.48152 0.799999
      vertex 4.50581 4.48086 0
      vertex 4.50765 4.48152 0
    endloop
  endfacet
  facet normal 0.14285 0.989744 -0
    outer loop
      vertex 4.5039 4.51962 0
      vertex 4.50196 4.5199 0.799999
      vertex 4.5039 4.51962 0.799999
    endloop
  endfacet
  facet normal 0.14285 0.989744 0
    outer loop
      vertex 4.50196 4.5199 0.799999
      vertex 4.5039 4.51962 0
      vertex 4.50196 4.5199 0
    endloop
  endfacet
  facet normal 0.24373 -0.969843 0
    outer loop
      vertex 4.5039 4.48038 0
      vertex 4.50581 4.48086 0.799999
      vertex 4.5039 4.48038 0.799999
    endloop
  endfacet
  facet normal 0.24373 -0.969843 0
    outer loop
      vertex 4.50581 4.48086 0.799999
      vertex 4.5039 4.48038 0
      vertex 4.50581 4.48086 0
    endloop
  endfacet
  facet normal -0.941278 -0.337632 0
    outer loop
      vertex 4.48152 4.49235 0
      vertex 4.48086 4.49419 0.799999
      vertex 4.48086 4.49419 0
    endloop
  endfacet
  facet normal -0.941278 -0.337632 0
    outer loop
      vertex 4.48086 4.49419 0.799999
      vertex 4.48152 4.49235 0
      vertex 4.48152 4.49235 0.799999
    endloop
  endfacet
  facet normal -0.998701 0.0509541 0
    outer loop
      vertex 4.48 4.5 0
      vertex 4.4801 4.50196 0.799999
      vertex 4.4801 4.50196 0
    endloop
  endfacet
  facet normal -0.998701 0.0509541 0
    outer loop
      vertex 4.4801 4.50196 0.799999
      vertex 4.48 4.5 0
      vertex 4.48 4.5 0.799999
    endloop
  endfacet
  facet normal -0.739478 0.67318 0
    outer loop
      vertex 4.48454 4.51269 0
      vertex 4.48586 4.51414 0.799999
      vertex 4.48586 4.51414 0
    endloop
  endfacet
  facet normal -0.739478 0.67318 0
    outer loop
      vertex 4.48586 4.51414 0.799999
      vertex 4.48454 4.51269 0
      vertex 4.48454 4.51269 0.799999
    endloop
  endfacet
  facet normal -0.857042 0.515246 0
    outer loop
      vertex 4.48236 4.50943 0
      vertex 4.48337 4.51111 0.799999
      vertex 4.48337 4.51111 0
    endloop
  endfacet
  facet normal -0.857042 0.515246 0
    outer loop
      vertex 4.48337 4.51111 0.799999
      vertex 4.48236 4.50943 0
      vertex 4.48236 4.50943 0.799999
    endloop
  endfacet
  facet normal -0.969843 -0.24373 0
    outer loop
      vertex 4.48086 4.49419 0
      vertex 4.48038 4.4961 0.799999
      vertex 4.48038 4.4961 0
    endloop
  endfacet
  facet normal -0.969843 -0.24373 0
    outer loop
      vertex 4.48038 4.4961 0.799999
      vertex 4.48086 4.49419 0
      vertex 4.48086 4.49419 0.799999
    endloop
  endfacet
  facet normal 0.0509541 -0.998701 0
    outer loop
      vertex 4.5 4.48 0
      vertex 4.50196 4.4801 0.799999
      vertex 4.5 4.48 0.799999
    endloop
  endfacet
  facet normal 0.0509541 -0.998701 0
    outer loop
      vertex 4.50196 4.4801 0.799999
      vertex 4.5 4.48 0
      vertex 4.50196 4.4801 0
    endloop
  endfacet
  facet normal -0.803647 -0.595106 0
    outer loop
      vertex 4.48454 4.48731 0
      vertex 4.48337 4.48889 0.799999
      vertex 4.48337 4.48889 0
    endloop
  endfacet
  facet normal -0.803647 -0.595106 0
    outer loop
      vertex 4.48337 4.48889 0.799999
      vertex 4.48454 4.48731 0
      vertex 4.48454 4.48731 0.799999
    endloop
  endfacet
  facet normal -0.989744 -0.14285 0
    outer loop
      vertex 4.48038 4.4961 0
      vertex 4.4801 4.49804 0.799999
      vertex 4.4801 4.49804 0
    endloop
  endfacet
  facet normal -0.989744 -0.14285 0
    outer loop
      vertex 4.4801 4.49804 0.799999
      vertex 4.48038 4.4961 0
      vertex 4.48038 4.4961 0.799999
    endloop
  endfacet
  facet normal 0.24373 0.969843 -0
    outer loop
      vertex 4.50581 4.51914 0
      vertex 4.5039 4.51962 0.799999
      vertex 4.50581 4.51914 0.799999
    endloop
  endfacet
  facet normal 0.24373 0.969843 0
    outer loop
      vertex 4.5039 4.51962 0.799999
      vertex 4.50581 4.51914 0
      vertex 4.5039 4.51962 0
    endloop
  endfacet
  facet normal -0.857042 -0.515246 0
    outer loop
      vertex 4.48337 4.48889 0
      vertex 4.48236 4.49057 0.799999
      vertex 4.48236 4.49057 0
    endloop
  endfacet
  facet normal -0.857042 -0.515246 0
    outer loop
      vertex 4.48236 4.49057 0.799999
      vertex 4.48337 4.48889 0
      vertex 4.48337 4.48889 0.799999
    endloop
  endfacet
  facet normal -0.14285 -0.989744 0
    outer loop
      vertex 4.4961 4.48038 0
      vertex 4.49804 4.4801 0.799999
      vertex 4.4961 4.48038 0.799999
    endloop
  endfacet
  facet normal -0.14285 -0.989744 -0
    outer loop
      vertex 4.49804 4.4801 0.799999
      vertex 4.4961 4.48038 0
      vertex 4.49804 4.4801 0
    endloop
  endfacet
  facet normal -0.904358 -0.426775 0
    outer loop
      vertex 4.48236 4.49057 0
      vertex 4.48152 4.49235 0.799999
      vertex 4.48152 4.49235 0
    endloop
  endfacet
  facet normal -0.904358 -0.426775 0
    outer loop
      vertex 4.48152 4.49235 0.799999
      vertex 4.48236 4.49057 0
      vertex 4.48236 4.49057 0.799999
    endloop
  endfacet
  facet normal -0.739478 -0.67318 0
    outer loop
      vertex 4.48586 4.48586 0
      vertex 4.48454 4.48731 0.799999
      vertex 4.48454 4.48731 0
    endloop
  endfacet
  facet normal -0.739478 -0.67318 0
    outer loop
      vertex 4.48454 4.48731 0.799999
      vertex 4.48586 4.48586 0
      vertex 4.48586 4.48586 0.799999
    endloop
  endfacet
  facet normal -0.803647 0.595106 0
    outer loop
      vertex 4.48337 4.51111 0
      vertex 4.48454 4.51269 0.799999
      vertex 4.48454 4.51269 0
    endloop
  endfacet
  facet normal -0.803647 0.595106 0
    outer loop
      vertex 4.48454 4.51269 0.799999
      vertex 4.48337 4.51111 0
      vertex 4.48337 4.51111 0.799999
    endloop
  endfacet
  facet normal -0.941278 0.337632 0
    outer loop
      vertex 4.48086 4.50581 0
      vertex 4.48152 4.50765 0.799999
      vertex 4.48152 4.50765 0
    endloop
  endfacet
  facet normal -0.941278 0.337632 0
    outer loop
      vertex 4.48152 4.50765 0.799999
      vertex 4.48086 4.50581 0
      vertex 4.48086 4.50581 0.799999
    endloop
  endfacet
  facet normal 0.989174 0.146746 0
    outer loop
      vertex 13.4928 12.147 1.25
      vertex 13.4712 12.2926 1.15
      vertex 13.4712 12.2926 1.25
    endloop
  endfacet
  facet normal 0.989174 0.146746 0
    outer loop
      vertex 13.4712 12.2926 1.15
      vertex 13.4928 12.147 1.25
      vertex 13.4928 12.147 1.15
    endloop
  endfacet
  facet normal 0.998803 0.0489209 0
    outer loop
      vertex 13.5 12 1.25
      vertex 13.4928 12.147 1.15
      vertex 13.4928 12.147 1.25
    endloop
  endfacet
  facet normal 0.998803 0.0489209 0
    outer loop
      vertex 13.4928 12.147 1.15
      vertex 13.5 12 1.25
      vertex 13.5 12 1.15
    endloop
  endfacet
  facet normal 0.969982 0.243175 0
    outer loop
      vertex 13.4712 12.2926 1.25
      vertex 13.4354 12.4354 1.15
      vertex 13.4354 12.4354 1.25
    endloop
  endfacet
  facet normal 0.969982 0.243175 0
    outer loop
      vertex 13.4354 12.4354 1.15
      vertex 13.4712 12.2926 1.25
      vertex 13.4712 12.2926 1.15
    endloop
  endfacet
  facet normal 0.427269 -0.904125 0
    outer loop
      vertex 12.574 10.6142 1.15
      vertex 12.7071 10.6771 1.25
      vertex 12.574 10.6142 1.25
    endloop
  endfacet
  facet normal 0.427269 -0.904125 0
    outer loop
      vertex 12.7071 10.6771 1.25
      vertex 12.574 10.6142 1.15
      vertex 12.7071 10.6771 1.15
    endloop
  endfacet
  facet normal -0.595861 0.803088 0
    outer loop
      vertex 11.1666 13.2472 1.15
      vertex 11.0484 13.1595 1.25
      vertex 11.1666 13.2472 1.25
    endloop
  endfacet
  facet normal -0.595861 0.803088 0
    outer loop
      vertex 11.0484 13.1595 1.25
      vertex 11.1666 13.2472 1.15
      vertex 11.0484 13.1595 1.15
    endloop
  endfacet
  facet normal -0.904125 0.427269 0
    outer loop
      vertex 10.6142 12.574 1.15
      vertex 10.6771 12.7071 1.25
      vertex 10.6771 12.7071 1.15
    endloop
  endfacet
  facet normal -0.904125 0.427269 0
    outer loop
      vertex 10.6771 12.7071 1.25
      vertex 10.6142 12.574 1.15
      vertex 10.6142 12.574 1.25
    endloop
  endfacet
  facet normal -0.969982 0.243175 0
    outer loop
      vertex 10.5288 12.2926 1.15
      vertex 10.5646 12.4354 1.25
      vertex 10.5646 12.4354 1.15
    endloop
  endfacet
  facet normal -0.969982 0.243175 0
    outer loop
      vertex 10.5646 12.4354 1.25
      vertex 10.5288 12.2926 1.15
      vertex 10.5288 12.2926 1.25
    endloop
  endfacet
  facet normal 0.514096 -0.857733 0
    outer loop
      vertex 12.7071 10.6771 1.15
      vertex 12.8334 10.7528 1.25
      vertex 12.7071 10.6771 1.25
    endloop
  endfacet
  facet normal 0.514096 -0.857733 0
    outer loop
      vertex 12.8334 10.7528 1.25
      vertex 12.7071 10.6771 1.15
      vertex 12.8334 10.7528 1.15
    endloop
  endfacet
  facet normal 0.243175 -0.969982 0
    outer loop
      vertex 12.2926 10.5288 1.15
      vertex 12.4354 10.5646 1.25
      vertex 12.2926 10.5288 1.25
    endloop
  endfacet
  facet normal 0.243175 -0.969982 0
    outer loop
      vertex 12.4354 10.5646 1.25
      vertex 12.2926 10.5288 1.15
      vertex 12.4354 10.5646 1.15
    endloop
  endfacet
  facet normal 0.0489209 0.998803 -0
    outer loop
      vertex 12.147 13.4928 1.15
      vertex 12 13.5 1.25
      vertex 12.147 13.4928 1.25
    endloop
  endfacet
  facet normal 0.0489209 0.998803 0
    outer loop
      vertex 12 13.5 1.25
      vertex 12.147 13.4928 1.15
      vertex 12 13.5 1.15
    endloop
  endfacet
  facet normal 0.146746 0.989174 -0
    outer loop
      vertex 12.2926 13.4712 1.15
      vertex 12.147 13.4928 1.25
      vertex 12.2926 13.4712 1.25
    endloop
  endfacet
  facet normal 0.146746 0.989174 0
    outer loop
      vertex 12.147 13.4928 1.25
      vertex 12.2926 13.4712 1.15
      vertex 12.147 13.4928 1.15
    endloop
  endfacet
  facet normal 0.427269 0.904125 -0
    outer loop
      vertex 12.7071 13.3229 1.15
      vertex 12.574 13.3858 1.25
      vertex 12.7071 13.3229 1.25
    endloop
  endfacet
  facet normal 0.427269 0.904125 0
    outer loop
      vertex 12.574 13.3858 1.25
      vertex 12.7071 13.3229 1.15
      vertex 12.574 13.3858 1.15
    endloop
  endfacet
  facet normal 0.146746 -0.989174 0
    outer loop
      vertex 12.147 10.5072 1.15
      vertex 12.2926 10.5288 1.25
      vertex 12.147 10.5072 1.25
    endloop
  endfacet
  facet normal 0.146746 -0.989174 0
    outer loop
      vertex 12.2926 10.5288 1.25
      vertex 12.147 10.5072 1.15
      vertex 12.2926 10.5288 1.15
    endloop
  endfacet
  facet normal 0 0 1
    outer loop
      vertex 13.3 12 1.25
      vertex 13.5 12 1.25
      vertex 13.4928 12.147 1.25
    endloop
  endfacet
  facet normal 0 0 1
    outer loop
      vertex 13.2937 12.1274 1.25
      vertex 13.4928 12.147 1.25
      vertex 13.4712 12.2926 1.25
    endloop
  endfacet
  facet normal 0 0 1
    outer loop
      vertex 13.5 12 1.25
      vertex 13.3 12 1.25
      vertex 13.4928 11.853 1.25
    endloop
  endfacet
  facet normal 0 0 1
    outer loop
      vertex 13.275 12.2536 1.25
      vertex 13.4712 12.2926 1.25
      vertex 13.4354 12.4354 1.25
    endloop
  endfacet
  facet normal -0 0 1
    outer loop
      vertex 13.2937 11.8726 1.25
      vertex 13.4928 11.853 1.25
      vertex 13.3 12 1.25
    endloop
  endfacet
  facet normal 0 0 1
    outer loop
      vertex 13.244 12.3774 1.25
      vertex 13.4354 12.4354 1.25
      vertex 13.3858 12.574 1.25
    endloop
  endfacet
  facet normal 0 0 1
    outer loop
      vertex 13.4928 11.853 1.25
      vertex 13.2937 11.8726 1.25
      vertex 13.4712 11.7074 1.25
    endloop
  endfacet
  facet normal 0 0 1
    outer loop
      vertex 13.201 12.4975 1.25
      vertex 13.3858 12.574 1.25
      vertex 13.3229 12.7071 1.25
    endloop
  endfacet
  facet normal -0 0 1
    outer loop
      vertex 13.275 11.7464 1.25
      vertex 13.4712 11.7074 1.25
      vertex 13.2937 11.8726 1.25
    endloop
  endfacet
  facet normal 0 0 1
    outer loop
      vertex 13.4712 11.7074 1.25
      vertex 13.275 11.7464 1.25
      vertex 13.4354 11.5646 1.25
    endloop
  endfacet
  facet normal 0 0 1
    outer loop
      vertex 13.4928 12.147 1.25
      vertex 13.2937 12.1274 1.25
      vertex 13.3 12 1.25
    endloop
  endfacet
  facet normal 0 0 1
    outer loop
      vertex 13.4712 12.2926 1.25
      vertex 13.275 12.2536 1.25
      vertex 13.2937 12.1274 1.25
    endloop
  endfacet
  facet normal 0 0 1
    outer loop
      vertex 13.1465 12.6128 1.25
      vertex 13.3229 12.7071 1.25
      vertex 13.2472 12.8334 1.25
    endloop
  endfacet
  facet normal 0 0 1
    outer loop
      vertex 13.4354 12.4354 1.25
      vertex 13.244 12.3774 1.25
      vertex 13.275 12.2536 1.25
    endloop
  endfacet
  facet normal 0 0 1
    outer loop
      vertex 13.3858 12.574 1.25
      vertex 13.201 12.4975 1.25
      vertex 13.244 12.3774 1.25
    endloop
  endfacet
  facet normal 0 0 1
    outer loop
      vertex 13.0809 12.7222 1.25
      vertex 13.2472 12.8334 1.25
      vertex 13.1595 12.9516 1.25
    endloop
  endfacet
  facet normal 0 0 1
    outer loop
      vertex 13.3229 12.7071 1.25
      vertex 13.1465 12.6128 1.25
      vertex 13.201 12.4975 1.25
    endloop
  endfacet
  facet normal 0 0 1
    outer loop
      vertex 13.2472 12.8334 1.25
      vertex 13.0809 12.7222 1.25
      vertex 13.1465 12.6128 1.25
    endloop
  endfacet
  facet normal 0 0 1
    outer loop
      vertex 13.0049 12.8247 1.25
      vertex 13.1595 12.9516 1.25
      vertex 13.0607 13.0607 1.25
    endloop
  endfacet
  facet normal 0 0 1
    outer loop
      vertex 13.1595 12.9516 1.25
      vertex 13.0049 12.8247 1.25
      vertex 13.0809 12.7222 1.25
    endloop
  endfacet
  facet normal 0 0 1
    outer loop
      vertex 12.9192 12.9192 1.25
      vertex 13.0607 13.0607 1.25
      vertex 12.9516 13.1595 1.25
    endloop
  endfacet
  facet normal 0 0 1
    outer loop
      vertex 13.0607 13.0607 1.25
      vertex 12.9192 12.9192 1.25
      vertex 13.0049 12.8247 1.25
    endloop
  endfacet
  facet normal 0 0 1
    outer loop
      vertex 12.8247 13.0049 1.25
      vertex 12.9516 13.1595 1.25
      vertex 12.8334 13.2472 1.25
    endloop
  endfacet
  facet normal 0 0 1
    outer loop
      vertex 12.9516 13.1595 1.25
      vertex 12.8247 13.0049 1.25
      vertex 12.9192 12.9192 1.25
    endloop
  endfacet
  facet normal 0 0 1
    outer loop
      vertex 12.8334 13.2472 1.25
      vertex 12.7222 13.0809 1.25
      vertex 12.8247 13.0049 1.25
    endloop
  endfacet
  facet normal 0 0 1
    outer loop
      vertex 12.7071 13.3229 1.25
      vertex 12.7222 13.0809 1.25
      vertex 12.8334 13.2472 1.25
    endloop
  endfacet
  facet normal 0 0 1
    outer loop
      vertex 12.7071 13.3229 1.25
      vertex 12.6128 13.1465 1.25
      vertex 12.7222 13.0809 1.25
    endloop
  endfacet
  facet normal 0 0 1
    outer loop
      vertex 12.574 13.3858 1.25
      vertex 12.6128 13.1465 1.25
      vertex 12.7071 13.3229 1.25
    endloop
  endfacet
  facet normal 0 0 1
    outer loop
      vertex 12.574 13.3858 1.25
      vertex 12.4975 13.201 1.25
      vertex 12.6128 13.1465 1.25
    endloop
  endfacet
  facet normal 0 0 1
    outer loop
      vertex 12.4354 13.4354 1.25
      vertex 12.4975 13.201 1.25
      vertex 12.574 13.3858 1.25
    endloop
  endfacet
  facet normal 0 0 1
    outer loop
      vertex 12.4354 13.4354 1.25
      vertex 12.3774 13.244 1.25
      vertex 12.4975 13.201 1.25
    endloop
  endfacet
  facet normal 0 0 1
    outer loop
      vertex 12.2926 13.4712 1.25
      vertex 12.3774 13.244 1.25
      vertex 12.4354 13.4354 1.25
    endloop
  endfacet
  facet normal 0 0 1
    outer loop
      vertex 12.2926 13.4712 1.25
      vertex 12.2536 13.275 1.25
      vertex 12.3774 13.244 1.25
    endloop
  endfacet
  facet normal 0 0 1
    outer loop
      vertex 12.147 13.4928 1.25
      vertex 12.2536 13.275 1.25
      vertex 12.2926 13.4712 1.25
    endloop
  endfacet
  facet normal 0 0 1
    outer loop
      vertex 12.147 13.4928 1.25
      vertex 12.1274 13.2937 1.25
      vertex 12.2536 13.275 1.25
    endloop
  endfacet
  facet normal 0 0 1
    outer loop
      vertex 12 13.5 1.25
      vertex 12.1274 13.2937 1.25
      vertex 12.147 13.4928 1.25
    endloop
  endfacet
  facet normal 0 0 1
    outer loop
      vertex 12 13.5 1.25
      vertex 12 13.3 1.25
      vertex 12.1274 13.2937 1.25
    endloop
  endfacet
  facet normal 0 0 1
    outer loop
      vertex 12 13.5 1.25
      vertex 11.8726 13.2937 1.25
      vertex 12 13.3 1.25
    endloop
  endfacet
  facet normal -0 0 1
    outer loop
      vertex 11.853 13.4928 1.25
      vertex 11.8726 13.2937 1.25
      vertex 12 13.5 1.25
    endloop
  endfacet
  facet normal 0 0 1
    outer loop
      vertex 11.853 13.4928 1.25
      vertex 11.7464 13.275 1.25
      vertex 11.8726 13.2937 1.25
    endloop
  endfacet
  facet normal -0 0 1
    outer loop
      vertex 11.7074 13.4712 1.25
      vertex 11.7464 13.275 1.25
      vertex 11.853 13.4928 1.25
    endloop
  endfacet
  facet normal 0 0 1
    outer loop
      vertex 11.7074 13.4712 1.25
      vertex 11.6226 13.244 1.25
      vertex 11.7464 13.275 1.25
    endloop
  endfacet
  facet normal -0 0 1
    outer loop
      vertex 11.5646 13.4354 1.25
      vertex 11.6226 13.244 1.25
      vertex 11.7074 13.4712 1.25
    endloop
  endfacet
  facet normal 0 0 1
    outer loop
      vertex 11.5646 13.4354 1.25
      vertex 11.5025 13.201 1.25
      vertex 11.6226 13.244 1.25
    endloop
  endfacet
  facet normal -0 0 1
    outer loop
      vertex 11.426 13.3858 1.25
      vertex 11.5025 13.201 1.25
      vertex 11.5646 13.4354 1.25
    endloop
  endfacet
  facet normal 0 0 1
    outer loop
      vertex 11.426 13.3858 1.25
      vertex 11.3872 13.1465 1.25
      vertex 11.5025 13.201 1.25
    endloop
  endfacet
  facet normal -0 0 1
    outer loop
      vertex 11.2929 13.3229 1.25
      vertex 11.3872 13.1465 1.25
      vertex 11.426 13.3858 1.25
    endloop
  endfacet
  facet normal 0 0 1
    outer loop
      vertex 11.2929 13.3229 1.25
      vertex 11.2778 13.0809 1.25
      vertex 11.3872 13.1465 1.25
    endloop
  endfacet
  facet normal -0 0 1
    outer loop
      vertex 11.1666 13.2472 1.25
      vertex 11.2778 13.0809 1.25
      vertex 11.2929 13.3229 1.25
    endloop
  endfacet
  facet normal 0 0 1
    outer loop
      vertex 11.2778 13.0809 1.25
      vertex 11.1666 13.2472 1.25
      vertex 11.1753 13.0049 1.25
    endloop
  endfacet
  facet normal -0 0 1
    outer loop
      vertex 11.0484 13.1595 1.25
      vertex 11.1753 13.0049 1.25
      vertex 11.1666 13.2472 1.25
    endloop
  endfacet
  facet normal 0 0 1
    outer loop
      vertex 11.1753 13.0049 1.25
      vertex 11.0484 13.1595 1.25
      vertex 11.0808 12.9192 1.25
    endloop
  endfacet
  facet normal -0 0 1
    outer loop
      vertex 10.9393 13.0607 1.25
      vertex 11.0808 12.9192 1.25
      vertex 11.0484 13.1595 1.25
    endloop
  endfacet
  facet normal 0 0 1
    outer loop
      vertex 11.0808 12.9192 1.25
      vertex 10.9393 13.0607 1.25
      vertex 10.9951 12.8247 1.25
    endloop
  endfacet
  facet normal -0 0 1
    outer loop
      vertex 10.8405 12.9516 1.25
      vertex 10.9951 12.8247 1.25
      vertex 10.9393 13.0607 1.25
    endloop
  endfacet
  facet normal 0 0 1
    outer loop
      vertex 10.9951 12.8247 1.25
      vertex 10.8405 12.9516 1.25
      vertex 10.9191 12.7222 1.25
    endloop
  endfacet
  facet normal -0 0 1
    outer loop
      vertex 10.7528 12.8334 1.25
      vertex 10.9191 12.7222 1.25
      vertex 10.8405 12.9516 1.25
    endloop
  endfacet
  facet normal 0 0 1
    outer loop
      vertex 10.9191 12.7222 1.25
      vertex 10.7528 12.8334 1.25
      vertex 10.8535 12.6128 1.25
    endloop
  endfacet
  facet normal -0 0 1
    outer loop
      vertex 10.6771 12.7071 1.25
      vertex 10.8535 12.6128 1.25
      vertex 10.7528 12.8334 1.25
    endloop
  endfacet
  facet normal 0 0 1
    outer loop
      vertex 10.8535 12.6128 1.25
      vertex 10.6771 12.7071 1.25
      vertex 10.799 12.4975 1.25
    endloop
  endfacet
  facet normal -0 0 1
    outer loop
      vertex 10.6142 12.574 1.25
      vertex 10.799 12.4975 1.25
      vertex 10.6771 12.7071 1.25
    endloop
  endfacet
  facet normal 0 0 1
    outer loop
      vertex 10.799 12.4975 1.25
      vertex 10.6142 12.574 1.25
      vertex 10.756 12.3774 1.25
    endloop
  endfacet
  facet normal 0 0 1
    outer loop
      vertex 10.756 12.3774 1.25
      vertex 10.5646 12.4354 1.25
      vertex 10.725 12.2536 1.25
    endloop
  endfacet
  facet normal -0 0 1
    outer loop
      vertex 10.5646 12.4354 1.25
      vertex 10.756 12.3774 1.25
      vertex 10.6142 12.574 1.25
    endloop
  endfacet
  facet normal -0 0 1
    outer loop
      vertex 13.244 11.6226 1.25
      vertex 13.4354 11.5646 1.25
      vertex 13.275 11.7464 1.25
    endloop
  endfacet
  facet normal 0 0 1
    outer loop
      vertex 13.4354 11.5646 1.25
      vertex 13.244 11.6226 1.25
      vertex 13.3858 11.426 1.25
    endloop
  endfacet
  facet normal -0 0 1
    outer loop
      vertex 13.201 11.5025 1.25
      vertex 13.3858 11.426 1.25
      vertex 13.244 11.6226 1.25
    endloop
  endfacet
  facet normal 0 0 1
    outer loop
      vertex 13.3858 11.426 1.25
      vertex 13.201 11.5025 1.25
      vertex 13.3229 11.2929 1.25
    endloop
  endfacet
  facet normal -0 0 1
    outer loop
      vertex 13.1465 11.3872 1.25
      vertex 13.3229 11.2929 1.25
      vertex 13.201 11.5025 1.25
    endloop
  endfacet
  facet normal 0 0 1
    outer loop
      vertex 13.3229 11.2929 1.25
      vertex 13.1465 11.3872 1.25
      vertex 13.2472 11.1666 1.25
    endloop
  endfacet
  facet normal -0 0 1
    outer loop
      vertex 13.0809 11.2778 1.25
      vertex 13.2472 11.1666 1.25
      vertex 13.1465 11.3872 1.25
    endloop
  endfacet
  facet normal 0 0 1
    outer loop
      vertex 13.2472 11.1666 1.25
      vertex 13.0809 11.2778 1.25
      vertex 13.1595 11.0484 1.25
    endloop
  endfacet
  facet normal -0 0 1
    outer loop
      vertex 13.0049 11.1753 1.25
      vertex 13.1595 11.0484 1.25
      vertex 13.0809 11.2778 1.25
    endloop
  endfacet
  facet normal 0 0 1
    outer loop
      vertex 13.1595 11.0484 1.25
      vertex 13.0049 11.1753 1.25
      vertex 13.0607 10.9393 1.25
    endloop
  endfacet
  facet normal -0 0 1
    outer loop
      vertex 12.9192 11.0808 1.25
      vertex 13.0607 10.9393 1.25
      vertex 13.0049 11.1753 1.25
    endloop
  endfacet
  facet normal 0 0 1
    outer loop
      vertex 13.0607 10.9393 1.25
      vertex 12.9192 11.0808 1.25
      vertex 12.9516 10.8405 1.25
    endloop
  endfacet
  facet normal -0 0 1
    outer loop
      vertex 12.8247 10.9951 1.25
      vertex 12.9516 10.8405 1.25
      vertex 12.9192 11.0808 1.25
    endloop
  endfacet
  facet normal 0 0 1
    outer loop
      vertex 12.9516 10.8405 1.25
      vertex 12.8247 10.9951 1.25
      vertex 12.8334 10.7528 1.25
    endloop
  endfacet
  facet normal -0 0 1
    outer loop
      vertex 12.7222 10.9191 1.25
      vertex 12.8334 10.7528 1.25
      vertex 12.8247 10.9951 1.25
    endloop
  endfacet
  facet normal 0 0 1
    outer loop
      vertex 12.7222 10.9191 1.25
      vertex 12.7071 10.6771 1.25
      vertex 12.8334 10.7528 1.25
    endloop
  endfacet
  facet normal -0 0 1
    outer loop
      vertex 12.6128 10.8535 1.25
      vertex 12.7071 10.6771 1.25
      vertex 12.7222 10.9191 1.25
    endloop
  endfacet
  facet normal 0 0 1
    outer loop
      vertex 12.6128 10.8535 1.25
      vertex 12.574 10.6142 1.25
      vertex 12.7071 10.6771 1.25
    endloop
  endfacet
  facet normal -0 0 1
    outer loop
      vertex 12.4975 10.799 1.25
      vertex 12.574 10.6142 1.25
      vertex 12.6128 10.8535 1.25
    endloop
  endfacet
  facet normal 0 0 1
    outer loop
      vertex 12.4975 10.799 1.25
      vertex 12.4354 10.5646 1.25
      vertex 12.574 10.6142 1.25
    endloop
  endfacet
  facet normal -0 0 1
    outer loop
      vertex 12.3774 10.756 1.25
      vertex 12.4354 10.5646 1.25
      vertex 12.4975 10.799 1.25
    endloop
  endfacet
  facet normal 0 0 1
    outer loop
      vertex 12.3774 10.756 1.25
      vertex 12.2926 10.5288 1.25
      vertex 12.4354 10.5646 1.25
    endloop
  endfacet
  facet normal -0 0 1
    outer loop
      vertex 12.2536 10.725 1.25
      vertex 12.2926 10.5288 1.25
      vertex 12.3774 10.756 1.25
    endloop
  endfacet
  facet normal 0 0 1
    outer loop
      vertex 12.2536 10.725 1.25
      vertex 12.147 10.5072 1.25
      vertex 12.2926 10.5288 1.25
    endloop
  endfacet
  facet normal -0 0 1
    outer loop
      vertex 12.1274 10.7063 1.25
      vertex 12.147 10.5072 1.25
      vertex 12.2536 10.725 1.25
    endloop
  endfacet
  facet normal -0 0 1
    outer loop
      vertex 12 10.7 1.25
      vertex 12.147 10.5072 1.25
      vertex 12.1274 10.7063 1.25
    endloop
  endfacet
  facet normal 0 0 1
    outer loop
      vertex 12 10.7 1.25
      vertex 12 10.5 1.25
      vertex 12.147 10.5072 1.25
    endloop
  endfacet
  facet normal 0 0 1
    outer loop
      vertex 11.8726 10.7063 1.25
      vertex 12 10.5 1.25
      vertex 12 10.7 1.25
    endloop
  endfacet
  facet normal 0 0 1
    outer loop
      vertex 11.8726 10.7063 1.25
      vertex 11.853 10.5072 1.25
      vertex 12 10.5 1.25
    endloop
  endfacet
  facet normal 0 0 1
    outer loop
      vertex 11.7464 10.725 1.25
      vertex 11.853 10.5072 1.25
      vertex 11.8726 10.7063 1.25
    endloop
  endfacet
  facet normal 0 0 1
    outer loop
      vertex 11.7464 10.725 1.25
      vertex 11.7074 10.5288 1.25
      vertex 11.853 10.5072 1.25
    endloop
  endfacet
  facet normal 0 0 1
    outer loop
      vertex 11.6226 10.756 1.25
      vertex 11.7074 10.5288 1.25
      vertex 11.7464 10.725 1.25
    endloop
  endfacet
  facet normal 0 0 1
    outer loop
      vertex 11.6226 10.756 1.25
      vertex 11.5646 10.5646 1.25
      vertex 11.7074 10.5288 1.25
    endloop
  endfacet
  facet normal 0 0 1
    outer loop
      vertex 11.5025 10.799 1.25
      vertex 11.5646 10.5646 1.25
      vertex 11.6226 10.756 1.25
    endloop
  endfacet
  facet normal 0 0 1
    outer loop
      vertex 11.5025 10.799 1.25
      vertex 11.426 10.6142 1.25
      vertex 11.5646 10.5646 1.25
    endloop
  endfacet
  facet normal 0 0 1
    outer loop
      vertex 11.3872 10.8535 1.25
      vertex 11.426 10.6142 1.25
      vertex 11.5025 10.799 1.25
    endloop
  endfacet
  facet normal 0 0 1
    outer loop
      vertex 11.3872 10.8535 1.25
      vertex 11.2929 10.6771 1.25
      vertex 11.426 10.6142 1.25
    endloop
  endfacet
  facet normal 0 0 1
    outer loop
      vertex 11.2778 10.9191 1.25
      vertex 11.2929 10.6771 1.25
      vertex 11.3872 10.8535 1.25
    endloop
  endfacet
  facet normal 0 0 1
    outer loop
      vertex 11.1666 10.7528 1.25
      vertex 11.2778 10.9191 1.25
      vertex 11.1753 10.9951 1.25
    endloop
  endfacet
  facet normal 0 0 1
    outer loop
      vertex 11.2778 10.9191 1.25
      vertex 11.1666 10.7528 1.25
      vertex 11.2929 10.6771 1.25
    endloop
  endfacet
  facet normal 0 0 1
    outer loop
      vertex 11.0484 10.8405 1.25
      vertex 11.1753 10.9951 1.25
      vertex 11.0808 11.0808 1.25
    endloop
  endfacet
  facet normal 0 0 1
    outer loop
      vertex 11.1753 10.9951 1.25
      vertex 11.0484 10.8405 1.25
      vertex 11.1666 10.7528 1.25
    endloop
  endfacet
  facet normal 0 0 1
    outer loop
      vertex 10.9393 10.9393 1.25
      vertex 11.0808 11.0808 1.25
      vertex 10.9951 11.1753 1.25
    endloop
  endfacet
  facet normal 0 0 1
    outer loop
      vertex 11.0808 11.0808 1.25
      vertex 10.9393 10.9393 1.25
      vertex 11.0484 10.8405 1.25
    endloop
  endfacet
  facet normal 0 0 1
    outer loop
      vertex 10.8405 11.0484 1.25
      vertex 10.9951 11.1753 1.25
      vertex 10.9191 11.2778 1.25
    endloop
  endfacet
  facet normal 0 0 1
    outer loop
      vertex 10.7528 11.1666 1.25
      vertex 10.9191 11.2778 1.25
      vertex 10.8535 11.3872 1.25
    endloop
  endfacet
  facet normal 0 0 1
    outer loop
      vertex 10.9951 11.1753 1.25
      vertex 10.8405 11.0484 1.25
      vertex 10.9393 10.9393 1.25
    endloop
  endfacet
  facet normal 0 0 1
    outer loop
      vertex 10.6771 11.2929 1.25
      vertex 10.8535 11.3872 1.25
      vertex 10.799 11.5025 1.25
    endloop
  endfacet
  facet normal 0 0 1
    outer loop
      vertex 10.6142 11.426 1.25
      vertex 10.799 11.5025 1.25
      vertex 10.756 11.6226 1.25
    endloop
  endfacet
  facet normal 0 0 1
    outer loop
      vertex 10.9191 11.2778 1.25
      vertex 10.7528 11.1666 1.25
      vertex 10.8405 11.0484 1.25
    endloop
  endfacet
  facet normal 0 0 1
    outer loop
      vertex 10.5646 11.5646 1.25
      vertex 10.756 11.6226 1.25
      vertex 10.725 11.7464 1.25
    endloop
  endfacet
  facet normal 0 0 1
    outer loop
      vertex 10.5288 11.7074 1.25
      vertex 10.725 11.7464 1.25
      vertex 10.7063 11.8726 1.25
    endloop
  endfacet
  facet normal 0 0 1
    outer loop
      vertex 10.8535 11.3872 1.25
      vertex 10.6771 11.2929 1.25
      vertex 10.7528 11.1666 1.25
    endloop
  endfacet
  facet normal 0 0 1
    outer loop
      vertex 10.5072 11.853 1.25
      vertex 10.7063 11.8726 1.25
      vertex 10.7 12 1.25
    endloop
  endfacet
  facet normal -0 0 1
    outer loop
      vertex 10.5288 12.2926 1.25
      vertex 10.725 12.2536 1.25
      vertex 10.5646 12.4354 1.25
    endloop
  endfacet
  facet normal 0 0 1
    outer loop
      vertex 10.725 12.2536 1.25
      vertex 10.5288 12.2926 1.25
      vertex 10.7063 12.1274 1.25
    endloop
  endfacet
  facet normal 0 0 1
    outer loop
      vertex 10.799 11.5025 1.25
      vertex 10.6142 11.426 1.25
      vertex 10.6771 11.2929 1.25
    endloop
  endfacet
  facet normal -0 0 1
    outer loop
      vertex 10.5072 12.147 1.25
      vertex 10.7063 12.1274 1.25
      vertex 10.5288 12.2926 1.25
    endloop
  endfacet
  facet normal 0 0 1
    outer loop
      vertex 10.756 11.6226 1.25
      vertex 10.5646 11.5646 1.25
      vertex 10.6142 11.426 1.25
    endloop
  endfacet
  facet normal 0 0 1
    outer loop
      vertex 10.7063 12.1274 1.25
      vertex 10.5072 12.147 1.25
      vertex 10.7 12 1.25
    endloop
  endfacet
  facet normal 0 0 1
    outer loop
      vertex 10.725 11.7464 1.25
      vertex 10.5288 11.7074 1.25
      vertex 10.5646 11.5646 1.25
    endloop
  endfacet
  facet normal 0 0 1
    outer loop
      vertex 10.5 12 1.25
      vertex 10.7 12 1.25
      vertex 10.5072 12.147 1.25
    endloop
  endfacet
  facet normal 0 0 1
    outer loop
      vertex 10.7063 11.8726 1.25
      vertex 10.5072 11.853 1.25
      vertex 10.5288 11.7074 1.25
    endloop
  endfacet
  facet normal 0 0 1
    outer loop
      vertex 10.7 12 1.25
      vertex 10.5 12 1.25
      vertex 10.5072 11.853 1.25
    endloop
  endfacet
  facet normal 0.803088 -0.595861 0
    outer loop
      vertex 13.1595 11.0484 1.25
      vertex 13.2472 11.1666 1.15
      vertex 13.2472 11.1666 1.25
    endloop
  endfacet
  facet normal 0.803088 -0.595861 0
    outer loop
      vertex 13.2472 11.1666 1.15
      vertex 13.1595 11.0484 1.25
      vertex 13.1595 11.0484 1.15
    endloop
  endfacet
  facet normal -0.74123 -0.671251 0
    outer loop
      vertex 10.9393 10.9393 1.15
      vertex 10.8405 11.0484 1.25
      vertex 10.8405 11.0484 1.15
    endloop
  endfacet
  facet normal -0.74123 -0.671251 0
    outer loop
      vertex 10.8405 11.0484 1.25
      vertex 10.9393 10.9393 1.15
      vertex 10.9393 10.9393 1.25
    endloop
  endfacet
  facet normal -0.514096 0.857733 0
    outer loop
      vertex 11.2929 13.3229 1.15
      vertex 11.1666 13.2472 1.25
      vertex 11.2929 13.3229 1.25
    endloop
  endfacet
  facet normal -0.514096 0.857733 0
    outer loop
      vertex 11.1666 13.2472 1.25
      vertex 11.2929 13.3229 1.15
      vertex 11.1666 13.2472 1.15
    endloop
  endfacet
  facet normal 0.989174 -0.146746 0
    outer loop
      vertex 13.4712 11.7074 1.25
      vertex 13.4928 11.853 1.15
      vertex 13.4928 11.853 1.25
    endloop
  endfacet
  facet normal 0.989174 -0.146746 0
    outer loop
      vertex 13.4928 11.853 1.15
      vertex 13.4712 11.7074 1.25
      vertex 13.4712 11.7074 1.15
    endloop
  endfacet
  facet normal -0.146746 -0.989174 0
    outer loop
      vertex 11.7074 10.5288 1.15
      vertex 11.853 10.5072 1.25
      vertex 11.7074 10.5288 1.25
    endloop
  endfacet
  facet normal -0.146746 -0.989174 -0
    outer loop
      vertex 11.853 10.5072 1.25
      vertex 11.7074 10.5288 1.15
      vertex 11.853 10.5072 1.15
    endloop
  endfacet
  facet normal 0.595861 -0.803088 0
    outer loop
      vertex 12.8334 10.7528 1.15
      vertex 12.9516 10.8405 1.25
      vertex 12.8334 10.7528 1.25
    endloop
  endfacet
  facet normal 0.595861 -0.803088 0
    outer loop
      vertex 12.9516 10.8405 1.25
      vertex 12.8334 10.7528 1.15
      vertex 12.9516 10.8405 1.15
    endloop
  endfacet
  facet normal -0.0489209 -0.998803 0
    outer loop
      vertex 11.853 10.5072 1.15
      vertex 12 10.5 1.25
      vertex 11.853 10.5072 1.25
    endloop
  endfacet
  facet normal -0.0489209 -0.998803 -0
    outer loop
      vertex 12 10.5 1.25
      vertex 11.853 10.5072 1.15
      vertex 12 10.5 1.15
    endloop
  endfacet
  facet normal 0.595861 0.803088 -0
    outer loop
      vertex 12.9516 13.1595 1.15
      vertex 12.8334 13.2472 1.25
      vertex 12.9516 13.1595 1.25
    endloop
  endfacet
  facet normal 0.595861 0.803088 0
    outer loop
      vertex 12.8334 13.2472 1.25
      vertex 12.9516 13.1595 1.15
      vertex 12.8334 13.2472 1.15
    endloop
  endfacet
  facet normal 0.969982 -0.243175 0
    outer loop
      vertex 13.4354 11.5646 1.25
      vertex 13.4712 11.7074 1.15
      vertex 13.4712 11.7074 1.25
    endloop
  endfacet
  facet normal 0.969982 -0.243175 0
    outer loop
      vertex 13.4712 11.7074 1.15
      vertex 13.4354 11.5646 1.25
      vertex 13.4354 11.5646 1.15
    endloop
  endfacet
  facet normal -0.989174 0.146746 0
    outer loop
      vertex 10.5072 12.147 1.15
      vertex 10.5288 12.2926 1.25
      vertex 10.5288 12.2926 1.15
    endloop
  endfacet
  facet normal -0.989174 0.146746 0
    outer loop
      vertex 10.5288 12.2926 1.25
      vertex 10.5072 12.147 1.15
      vertex 10.5072 12.147 1.25
    endloop
  endfacet
  facet normal -0.857733 0.514096 0
    outer loop
      vertex 10.6771 12.7071 1.15
      vertex 10.7528 12.8334 1.25
      vertex 10.7528 12.8334 1.15
    endloop
  endfacet
  facet normal -0.857733 0.514096 0
    outer loop
      vertex 10.7528 12.8334 1.25
      vertex 10.6771 12.7071 1.15
      vertex 10.6771 12.7071 1.25
    endloop
  endfacet
  facet normal -0.941527 -0.336939 0
    outer loop
      vertex 10.6142 11.426 1.15
      vertex 10.5646 11.5646 1.25
      vertex 10.5646 11.5646 1.15
    endloop
  endfacet
  facet normal -0.941527 -0.336939 0
    outer loop
      vertex 10.5646 11.5646 1.25
      vertex 10.6142 11.426 1.15
      vertex 10.6142 11.426 1.25
    endloop
  endfacet
  facet normal -0.146746 0.989174 0
    outer loop
      vertex 11.853 13.4928 1.15
      vertex 11.7074 13.4712 1.25
      vertex 11.853 13.4928 1.25
    endloop
  endfacet
  facet normal -0.146746 0.989174 0
    outer loop
      vertex 11.7074 13.4712 1.25
      vertex 11.853 13.4928 1.15
      vertex 11.7074 13.4712 1.15
    endloop
  endfacet
  facet normal 0.803088 0.595861 0
    outer loop
      vertex 13.2472 12.8334 1.25
      vertex 13.1595 12.9516 1.15
      vertex 13.1595 12.9516 1.25
    endloop
  endfacet
  facet normal 0.803088 0.595861 0
    outer loop
      vertex 13.1595 12.9516 1.15
      vertex 13.2472 12.8334 1.25
      vertex 13.2472 12.8334 1.15
    endloop
  endfacet
  facet normal -0.969982 -0.243175 0
    outer loop
      vertex 10.5646 11.5646 1.15
      vertex 10.5288 11.7074 1.25
      vertex 10.5288 11.7074 1.15
    endloop
  endfacet
  facet normal -0.969982 -0.243175 0
    outer loop
      vertex 10.5288 11.7074 1.25
      vertex 10.5646 11.5646 1.15
      vertex 10.5646 11.5646 1.25
    endloop
  endfacet
  facet normal -0.998803 -0.0489209 0
    outer loop
      vertex 10.5072 11.853 1.15
      vertex 10.5 12 1.25
      vertex 10.5 12 1.15
    endloop
  endfacet
  facet normal -0.998803 -0.0489209 0
    outer loop
      vertex 10.5 12 1.25
      vertex 10.5072 11.853 1.15
      vertex 10.5072 11.853 1.25
    endloop
  endfacet
  facet normal 0.514096 0.857733 -0
    outer loop
      vertex 12.8334 13.2472 1.15
      vertex 12.7071 13.3229 1.25
      vertex 12.8334 13.2472 1.25
    endloop
  endfacet
  facet normal 0.514096 0.857733 0
    outer loop
      vertex 12.7071 13.3229 1.25
      vertex 12.8334 13.2472 1.15
      vertex 12.7071 13.3229 1.15
    endloop
  endfacet
  facet normal 0.998803 -0.0489209 0
    outer loop
      vertex 13.4928 11.853 1.25
      vertex 13.5 12 1.15
      vertex 13.5 12 1.25
    endloop
  endfacet
  facet normal 0.998803 -0.0489209 0
    outer loop
      vertex 13.5 12 1.15
      vertex 13.4928 11.853 1.25
      vertex 13.4928 11.853 1.15
    endloop
  endfacet
  facet normal 0.904125 -0.427269 0
    outer loop
      vertex 13.3229 11.2929 1.25
      vertex 13.3858 11.426 1.15
      vertex 13.3858 11.426 1.25
    endloop
  endfacet
  facet normal 0.904125 -0.427269 0
    outer loop
      vertex 13.3858 11.426 1.15
      vertex 13.3229 11.2929 1.25
      vertex 13.3229 11.2929 1.15
    endloop
  endfacet
  facet normal 0.857733 0.514096 0
    outer loop
      vertex 13.3229 12.7071 1.25
      vertex 13.2472 12.8334 1.15
      vertex 13.2472 12.8334 1.25
    endloop
  endfacet
  facet normal 0.857733 0.514096 0
    outer loop
      vertex 13.2472 12.8334 1.15
      vertex 13.3229 12.7071 1.25
      vertex 13.3229 12.7071 1.15
    endloop
  endfacet
  facet normal 0.74123 0.671251 0
    outer loop
      vertex 13.1595 12.9516 1.25
      vertex 13.0607 13.0607 1.15
      vertex 13.0607 13.0607 1.25
    endloop
  endfacet
  facet normal 0.74123 0.671251 0
    outer loop
      vertex 13.0607 13.0607 1.15
      vertex 13.1595 12.9516 1.25
      vertex 13.1595 12.9516 1.15
    endloop
  endfacet
  facet normal -0.0489209 0.998803 0
    outer loop
      vertex 12 13.5 1.15
      vertex 11.853 13.4928 1.25
      vertex 12 13.5 1.25
    endloop
  endfacet
  facet normal -0.0489209 0.998803 0
    outer loop
      vertex 11.853 13.4928 1.25
      vertex 12 13.5 1.15
      vertex 11.853 13.4928 1.15
    endloop
  endfacet
  facet normal -0.74123 0.671251 0
    outer loop
      vertex 10.8405 12.9516 1.15
      vertex 10.9393 13.0607 1.25
      vertex 10.9393 13.0607 1.15
    endloop
  endfacet
  facet normal -0.74123 0.671251 0
    outer loop
      vertex 10.9393 13.0607 1.25
      vertex 10.8405 12.9516 1.15
      vertex 10.8405 12.9516 1.25
    endloop
  endfacet
  facet normal -0.671251 -0.74123 0
    outer loop
      vertex 10.9393 10.9393 1.15
      vertex 11.0484 10.8405 1.25
      vertex 10.9393 10.9393 1.25
    endloop
  endfacet
  facet normal -0.671251 -0.74123 -0
    outer loop
      vertex 11.0484 10.8405 1.25
      vertex 10.9393 10.9393 1.15
      vertex 11.0484 10.8405 1.15
    endloop
  endfacet
  facet normal 0.0489209 -0.998803 0
    outer loop
      vertex 12 10.5 1.15
      vertex 12.147 10.5072 1.25
      vertex 12 10.5 1.25
    endloop
  endfacet
  facet normal 0.0489209 -0.998803 0
    outer loop
      vertex 12.147 10.5072 1.25
      vertex 12 10.5 1.15
      vertex 12.147 10.5072 1.15
    endloop
  endfacet
  facet normal 0.941527 0.336939 0
    outer loop
      vertex 13.4354 12.4354 1.25
      vertex 13.3858 12.574 1.15
      vertex 13.3858 12.574 1.25
    endloop
  endfacet
  facet normal 0.941527 0.336939 0
    outer loop
      vertex 13.3858 12.574 1.15
      vertex 13.4354 12.4354 1.25
      vertex 13.4354 12.4354 1.15
    endloop
  endfacet
  facet normal 0.857733 -0.514096 0
    outer loop
      vertex 13.2472 11.1666 1.25
      vertex 13.3229 11.2929 1.15
      vertex 13.3229 11.2929 1.25
    endloop
  endfacet
  facet normal 0.857733 -0.514096 0
    outer loop
      vertex 13.3229 11.2929 1.15
      vertex 13.2472 11.1666 1.25
      vertex 13.2472 11.1666 1.15
    endloop
  endfacet
  facet normal -0.243175 0.969982 0
    outer loop
      vertex 11.7074 13.4712 1.15
      vertex 11.5646 13.4354 1.25
      vertex 11.7074 13.4712 1.25
    endloop
  endfacet
  facet normal -0.243175 0.969982 0
    outer loop
      vertex 11.5646 13.4354 1.25
      vertex 11.7074 13.4712 1.15
      vertex 11.5646 13.4354 1.15
    endloop
  endfacet
  facet normal 0.941527 -0.336939 0
    outer loop
      vertex 13.3858 11.426 1.25
      vertex 13.4354 11.5646 1.15
      vertex 13.4354 11.5646 1.25
    endloop
  endfacet
  facet normal 0.941527 -0.336939 0
    outer loop
      vertex 13.4354 11.5646 1.15
      vertex 13.3858 11.426 1.25
      vertex 13.3858 11.426 1.15
    endloop
  endfacet
  facet normal 0.336939 -0.941527 0
    outer loop
      vertex 12.4354 10.5646 1.15
      vertex 12.574 10.6142 1.25
      vertex 12.4354 10.5646 1.25
    endloop
  endfacet
  facet normal 0.336939 -0.941527 0
    outer loop
      vertex 12.574 10.6142 1.25
      vertex 12.4354 10.5646 1.15
      vertex 12.574 10.6142 1.15
    endloop
  endfacet
  facet normal -0.427269 0.904125 0
    outer loop
      vertex 11.426 13.3858 1.15
      vertex 11.2929 13.3229 1.25
      vertex 11.426 13.3858 1.25
    endloop
  endfacet
  facet normal -0.427269 0.904125 0
    outer loop
      vertex 11.2929 13.3229 1.25
      vertex 11.426 13.3858 1.15
      vertex 11.2929 13.3229 1.15
    endloop
  endfacet
  facet normal 0.904125 0.427269 0
    outer loop
      vertex 13.3858 12.574 1.25
      vertex 13.3229 12.7071 1.15
      vertex 13.3229 12.7071 1.25
    endloop
  endfacet
  facet normal 0.904125 0.427269 0
    outer loop
      vertex 13.3229 12.7071 1.15
      vertex 13.3858 12.574 1.25
      vertex 13.3858 12.574 1.15
    endloop
  endfacet
  facet normal -0.671251 0.74123 0
    outer loop
      vertex 11.0484 13.1595 1.15
      vertex 10.9393 13.0607 1.25
      vertex 11.0484 13.1595 1.25
    endloop
  endfacet
  facet normal -0.671251 0.74123 0
    outer loop
      vertex 10.9393 13.0607 1.25
      vertex 11.0484 13.1595 1.15
      vertex 10.9393 13.0607 1.15
    endloop
  endfacet
  facet normal 0.336939 0.941527 -0
    outer loop
      vertex 12.574 13.3858 1.15
      vertex 12.4354 13.4354 1.25
      vertex 12.574 13.3858 1.25
    endloop
  endfacet
  facet normal 0.336939 0.941527 0
    outer loop
      vertex 12.4354 13.4354 1.25
      vertex 12.574 13.3858 1.15
      vertex 12.4354 13.4354 1.15
    endloop
  endfacet
  facet normal -0.336939 0.941527 0
    outer loop
      vertex 11.5646 13.4354 1.15
      vertex 11.426 13.3858 1.25
      vertex 11.5646 13.4354 1.25
    endloop
  endfacet
  facet normal -0.336939 0.941527 0
    outer loop
      vertex 11.426 13.3858 1.25
      vertex 11.5646 13.4354 1.15
      vertex 11.426 13.3858 1.15
    endloop
  endfacet
  facet normal -0.857733 -0.514096 0
    outer loop
      vertex 10.7528 11.1666 1.15
      vertex 10.6771 11.2929 1.25
      vertex 10.6771 11.2929 1.15
    endloop
  endfacet
  facet normal -0.857733 -0.514096 0
    outer loop
      vertex 10.6771 11.2929 1.25
      vertex 10.7528 11.1666 1.15
      vertex 10.7528 11.1666 1.25
    endloop
  endfacet
  facet normal -0.514096 -0.857733 0
    outer loop
      vertex 11.1666 10.7528 1.15
      vertex 11.2929 10.6771 1.25
      vertex 11.1666 10.7528 1.25
    endloop
  endfacet
  facet normal -0.514096 -0.857733 -0
    outer loop
      vertex 11.2929 10.6771 1.25
      vertex 11.1666 10.7528 1.15
      vertex 11.2929 10.6771 1.15
    endloop
  endfacet
  facet normal 0.671251 -0.74123 0
    outer loop
      vertex 12.9516 10.8405 1.15
      vertex 13.0607 10.9393 1.25
      vertex 12.9516 10.8405 1.25
    endloop
  endfacet
  facet normal 0.671251 -0.74123 0
    outer loop
      vertex 13.0607 10.9393 1.25
      vertex 12.9516 10.8405 1.15
      vertex 13.0607 10.9393 1.15
    endloop
  endfacet
  facet normal 0.671251 0.74123 -0
    outer loop
      vertex 13.0607 13.0607 1.15
      vertex 12.9516 13.1595 1.25
      vertex 13.0607 13.0607 1.25
    endloop
  endfacet
  facet normal 0.671251 0.74123 0
    outer loop
      vertex 12.9516 13.1595 1.25
      vertex 13.0607 13.0607 1.15
      vertex 12.9516 13.1595 1.15
    endloop
  endfacet
  facet normal 0.243175 0.969982 -0
    outer loop
      vertex 12.4354 13.4354 1.15
      vertex 12.2926 13.4712 1.25
      vertex 12.4354 13.4354 1.25
    endloop
  endfacet
  facet normal 0.243175 0.969982 0
    outer loop
      vertex 12.2926 13.4712 1.25
      vertex 12.4354 13.4354 1.15
      vertex 12.2926 13.4712 1.15
    endloop
  endfacet
  facet normal -0.595861 -0.803088 0
    outer loop
      vertex 11.0484 10.8405 1.15
      vertex 11.1666 10.7528 1.25
      vertex 11.0484 10.8405 1.25
    endloop
  endfacet
  facet normal -0.595861 -0.803088 -0
    outer loop
      vertex 11.1666 10.7528 1.25
      vertex 11.0484 10.8405 1.15
      vertex 11.1666 10.7528 1.15
    endloop
  endfacet
  facet normal -0.427269 -0.904125 0
    outer loop
      vertex 11.2929 10.6771 1.15
      vertex 11.426 10.6142 1.25
      vertex 11.2929 10.6771 1.25
    endloop
  endfacet
  facet normal -0.427269 -0.904125 -0
    outer loop
      vertex 11.426 10.6142 1.25
      vertex 11.2929 10.6771 1.15
      vertex 11.426 10.6142 1.15
    endloop
  endfacet
  facet normal -0.803088 -0.595861 0
    outer loop
      vertex 10.8405 11.0484 1.15
      vertex 10.7528 11.1666 1.25
      vertex 10.7528 11.1666 1.15
    endloop
  endfacet
  facet normal -0.803088 -0.595861 0
    outer loop
      vertex 10.7528 11.1666 1.25
      vertex 10.8405 11.0484 1.15
      vertex 10.8405 11.0484 1.25
    endloop
  endfacet
  facet normal -0.243175 -0.969982 0
    outer loop
      vertex 11.5646 10.5646 1.15
      vertex 11.7074 10.5288 1.25
      vertex 11.5646 10.5646 1.25
    endloop
  endfacet
  facet normal -0.243175 -0.969982 -0
    outer loop
      vertex 11.7074 10.5288 1.25
      vertex 11.5646 10.5646 1.15
      vertex 11.7074 10.5288 1.15
    endloop
  endfacet
  facet normal -0.989174 -0.146746 0
    outer loop
      vertex 10.5288 11.7074 1.15
      vertex 10.5072 11.853 1.25
      vertex 10.5072 11.853 1.15
    endloop
  endfacet
  facet normal -0.989174 -0.146746 0
    outer loop
      vertex 10.5072 11.853 1.25
      vertex 10.5288 11.7074 1.15
      vertex 10.5288 11.7074 1.25
    endloop
  endfacet
  facet normal -0.904125 -0.427269 0
    outer loop
      vertex 10.6771 11.2929 1.15
      vertex 10.6142 11.426 1.25
      vertex 10.6142 11.426 1.15
    endloop
  endfacet
  facet normal -0.904125 -0.427269 0
    outer loop
      vertex 10.6142 11.426 1.25
      vertex 10.6771 11.2929 1.15
      vertex 10.6771 11.2929 1.25
    endloop
  endfacet
  facet normal -0.941527 0.336939 0
    outer loop
      vertex 10.5646 12.4354 1.15
      vertex 10.6142 12.574 1.25
      vertex 10.6142 12.574 1.15
    endloop
  endfacet
  facet normal -0.941527 0.336939 0
    outer loop
      vertex 10.6142 12.574 1.25
      vertex 10.5646 12.4354 1.15
      vertex 10.5646 12.4354 1.25
    endloop
  endfacet
  facet normal -0.803088 0.595861 0
    outer loop
      vertex 10.7528 12.8334 1.15
      vertex 10.8405 12.9516 1.25
      vertex 10.8405 12.9516 1.15
    endloop
  endfacet
  facet normal -0.803088 0.595861 0
    outer loop
      vertex 10.8405 12.9516 1.25
      vertex 10.7528 12.8334 1.15
      vertex 10.7528 12.8334 1.25
    endloop
  endfacet
  facet normal -0.998803 0.0489209 0
    outer loop
      vertex 10.5 12 1.15
      vertex 10.5072 12.147 1.25
      vertex 10.5072 12.147 1.15
    endloop
  endfacet
  facet normal -0.998803 0.0489209 0
    outer loop
      vertex 10.5072 12.147 1.25
      vertex 10.5 12 1.15
      vertex 10.5 12 1.25
    endloop
  endfacet
  facet normal -0.336939 -0.941527 0
    outer loop
      vertex 11.426 10.6142 1.15
      vertex 11.5646 10.5646 1.25
      vertex 11.426 10.6142 1.25
    endloop
  endfacet
  facet normal -0.336939 -0.941527 -0
    outer loop
      vertex 11.5646 10.5646 1.25
      vertex 11.426 10.6142 1.15
      vertex 11.5646 10.5646 1.15
    endloop
  endfacet
  facet normal 0.74123 -0.671251 0
    outer loop
      vertex 13.0607 10.9393 1.25
      vertex 13.1595 11.0484 1.15
      vertex 13.1595 11.0484 1.25
    endloop
  endfacet
  facet normal 0.74123 -0.671251 0
    outer loop
      vertex 13.1595 11.0484 1.15
      vertex 13.0607 10.9393 1.25
      vertex 13.0607 10.9393 1.15
    endloop
  endfacet
  facet normal 0 0 -1
    outer loop
      vertex 13.3 12 1.15
      vertex 13.5 12 1.15
      vertex 13.4928 11.853 1.15
    endloop
  endfacet
  facet normal 0 0 -1
    outer loop
      vertex 13.2937 11.8726 1.15
      vertex 13.4928 11.853 1.15
      vertex 13.4712 11.7074 1.15
    endloop
  endfacet
  facet normal 0 0 -1
    outer loop
      vertex 13.5 12 1.15
      vertex 13.3 12 1.15
      vertex 13.4928 12.147 1.15
    endloop
  endfacet
  facet normal 0 0 -1
    outer loop
      vertex 13.275 11.7464 1.15
      vertex 13.4712 11.7074 1.15
      vertex 13.4354 11.5646 1.15
    endloop
  endfacet
  facet normal 0 0 -1
    outer loop
      vertex 13.2937 12.1274 1.15
      vertex 13.4928 12.147 1.15
      vertex 13.3 12 1.15
    endloop
  endfacet
  facet normal 0 0 -1
    outer loop
      vertex 13.244 11.6226 1.15
      vertex 13.4354 11.5646 1.15
      vertex 13.3858 11.426 1.15
    endloop
  endfacet
  facet normal -0 0 -1
    outer loop
      vertex 13.4928 12.147 1.15
      vertex 13.2937 12.1274 1.15
      vertex 13.4712 12.2926 1.15
    endloop
  endfacet
  facet normal 0 0 -1
    outer loop
      vertex 13.201 11.5025 1.15
      vertex 13.3858 11.426 1.15
      vertex 13.3229 11.2929 1.15
    endloop
  endfacet
  facet normal 0 0 -1
    outer loop
      vertex 13.275 12.2536 1.15
      vertex 13.4712 12.2926 1.15
      vertex 13.2937 12.1274 1.15
    endloop
  endfacet
  facet normal -0 0 -1
    outer loop
      vertex 13.4712 12.2926 1.15
      vertex 13.275 12.2536 1.15
      vertex 13.4354 12.4354 1.15
    endloop
  endfacet
  facet normal 0 0 -1
    outer loop
      vertex 13.4928 11.853 1.15
      vertex 13.2937 11.8726 1.15
      vertex 13.3 12 1.15
    endloop
  endfacet
  facet normal 0 0 -1
    outer loop
      vertex 13.4712 11.7074 1.15
      vertex 13.275 11.7464 1.15
      vertex 13.2937 11.8726 1.15
    endloop
  endfacet
  facet normal 0 0 -1
    outer loop
      vertex 13.1465 11.3872 1.15
      vertex 13.3229 11.2929 1.15
      vertex 13.2472 11.1666 1.15
    endloop
  endfacet
  facet normal 0 0 -1
    outer loop
      vertex 13.4354 11.5646 1.15
      vertex 13.244 11.6226 1.15
      vertex 13.275 11.7464 1.15
    endloop
  endfacet
  facet normal 0 0 -1
    outer loop
      vertex 13.3858 11.426 1.15
      vertex 13.201 11.5025 1.15
      vertex 13.244 11.6226 1.15
    endloop
  endfacet
  facet normal 0 0 -1
    outer loop
      vertex 13.0809 11.2778 1.15
      vertex 13.2472 11.1666 1.15
      vertex 13.1595 11.0484 1.15
    endloop
  endfacet
  facet normal 0 0 -1
    outer loop
      vertex 13.3229 11.2929 1.15
      vertex 13.1465 11.3872 1.15
      vertex 13.201 11.5025 1.15
    endloop
  endfacet
  facet normal 0 0 -1
    outer loop
      vertex 13.2472 11.1666 1.15
      vertex 13.0809 11.2778 1.15
      vertex 13.1465 11.3872 1.15
    endloop
  endfacet
  facet normal 0 0 -1
    outer loop
      vertex 13.0049 11.1753 1.15
      vertex 13.1595 11.0484 1.15
      vertex 13.0607 10.9393 1.15
    endloop
  endfacet
  facet normal 0 0 -1
    outer loop
      vertex 13.1595 11.0484 1.15
      vertex 13.0049 11.1753 1.15
      vertex 13.0809 11.2778 1.15
    endloop
  endfacet
  facet normal 0 0 -1
    outer loop
      vertex 12.9192 11.0808 1.15
      vertex 13.0607 10.9393 1.15
      vertex 12.9516 10.8405 1.15
    endloop
  endfacet
  facet normal 0 0 -1
    outer loop
      vertex 13.0607 10.9393 1.15
      vertex 12.9192 11.0808 1.15
      vertex 13.0049 11.1753 1.15
    endloop
  endfacet
  facet normal 0 0 -1
    outer loop
      vertex 12.8247 10.9951 1.15
      vertex 12.9516 10.8405 1.15
      vertex 12.8334 10.7528 1.15
    endloop
  endfacet
  facet normal 0 0 -1
    outer loop
      vertex 12.9516 10.8405 1.15
      vertex 12.8247 10.9951 1.15
      vertex 12.9192 11.0808 1.15
    endloop
  endfacet
  facet normal 0 0 -1
    outer loop
      vertex 12.8334 10.7528 1.15
      vertex 12.7222 10.9191 1.15
      vertex 12.8247 10.9951 1.15
    endloop
  endfacet
  facet normal 0 0 -1
    outer loop
      vertex 12.7071 10.6771 1.15
      vertex 12.7222 10.9191 1.15
      vertex 12.8334 10.7528 1.15
    endloop
  endfacet
  facet normal 0 0 -1
    outer loop
      vertex 12.7071 10.6771 1.15
      vertex 12.6128 10.8535 1.15
      vertex 12.7222 10.9191 1.15
    endloop
  endfacet
  facet normal 0 0 -1
    outer loop
      vertex 12.574 10.6142 1.15
      vertex 12.6128 10.8535 1.15
      vertex 12.7071 10.6771 1.15
    endloop
  endfacet
  facet normal 0 0 -1
    outer loop
      vertex 12.574 10.6142 1.15
      vertex 12.4975 10.799 1.15
      vertex 12.6128 10.8535 1.15
    endloop
  endfacet
  facet normal 0 0 -1
    outer loop
      vertex 12.4354 10.5646 1.15
      vertex 12.4975 10.799 1.15
      vertex 12.574 10.6142 1.15
    endloop
  endfacet
  facet normal 0 0 -1
    outer loop
      vertex 12.4354 10.5646 1.15
      vertex 12.3774 10.756 1.15
      vertex 12.4975 10.799 1.15
    endloop
  endfacet
  facet normal 0 0 -1
    outer loop
      vertex 12.2926 10.5288 1.15
      vertex 12.3774 10.756 1.15
      vertex 12.4354 10.5646 1.15
    endloop
  endfacet
  facet normal 0 0 -1
    outer loop
      vertex 12.2926 10.5288 1.15
      vertex 12.2536 10.725 1.15
      vertex 12.3774 10.756 1.15
    endloop
  endfacet
  facet normal 0 0 -1
    outer loop
      vertex 12.147 10.5072 1.15
      vertex 12.2536 10.725 1.15
      vertex 12.2926 10.5288 1.15
    endloop
  endfacet
  facet normal 0 0 -1
    outer loop
      vertex 12.147 10.5072 1.15
      vertex 12.1274 10.7063 1.15
      vertex 12.2536 10.725 1.15
    endloop
  endfacet
  facet normal 0 0 -1
    outer loop
      vertex 12 10.5 1.15
      vertex 12.1274 10.7063 1.15
      vertex 12.147 10.5072 1.15
    endloop
  endfacet
  facet normal 0 0 -1
    outer loop
      vertex 12 10.5 1.15
      vertex 12 10.7 1.15
      vertex 12.1274 10.7063 1.15
    endloop
  endfacet
  facet normal 0 0 -1
    outer loop
      vertex 12 10.5 1.15
      vertex 11.8726 10.7063 1.15
      vertex 12 10.7 1.15
    endloop
  endfacet
  facet normal 0 0 -1
    outer loop
      vertex 11.853 10.5072 1.15
      vertex 11.8726 10.7063 1.15
      vertex 12 10.5 1.15
    endloop
  endfacet
  facet normal 0 0 -1
    outer loop
      vertex 11.853 10.5072 1.15
      vertex 11.7464 10.725 1.15
      vertex 11.8726 10.7063 1.15
    endloop
  endfacet
  facet normal 0 0 -1
    outer loop
      vertex 11.7074 10.5288 1.15
      vertex 11.7464 10.725 1.15
      vertex 11.853 10.5072 1.15
    endloop
  endfacet
  facet normal 0 0 -1
    outer loop
      vertex 11.7074 10.5288 1.15
      vertex 11.6226 10.756 1.15
      vertex 11.7464 10.725 1.15
    endloop
  endfacet
  facet normal 0 0 -1
    outer loop
      vertex 11.5646 10.5646 1.15
      vertex 11.6226 10.756 1.15
      vertex 11.7074 10.5288 1.15
    endloop
  endfacet
  facet normal 0 0 -1
    outer loop
      vertex 11.5646 10.5646 1.15
      vertex 11.5025 10.799 1.15
      vertex 11.6226 10.756 1.15
    endloop
  endfacet
  facet normal 0 0 -1
    outer loop
      vertex 11.426 10.6142 1.15
      vertex 11.5025 10.799 1.15
      vertex 11.5646 10.5646 1.15
    endloop
  endfacet
  facet normal 0 0 -1
    outer loop
      vertex 11.426 10.6142 1.15
      vertex 11.3872 10.8535 1.15
      vertex 11.5025 10.799 1.15
    endloop
  endfacet
  facet normal 0 0 -1
    outer loop
      vertex 11.2929 10.6771 1.15
      vertex 11.3872 10.8535 1.15
      vertex 11.426 10.6142 1.15
    endloop
  endfacet
  facet normal 0 0 -1
    outer loop
      vertex 11.2929 10.6771 1.15
      vertex 11.2778 10.9191 1.15
      vertex 11.3872 10.8535 1.15
    endloop
  endfacet
  facet normal 0 0 -1
    outer loop
      vertex 11.1666 10.7528 1.15
      vertex 11.2778 10.9191 1.15
      vertex 11.2929 10.6771 1.15
    endloop
  endfacet
  facet normal -0 0 -1
    outer loop
      vertex 11.2778 10.9191 1.15
      vertex 11.1666 10.7528 1.15
      vertex 11.1753 10.9951 1.15
    endloop
  endfacet
  facet normal 0 0 -1
    outer loop
      vertex 11.0484 10.8405 1.15
      vertex 11.1753 10.9951 1.15
      vertex 11.1666 10.7528 1.15
    endloop
  endfacet
  facet normal -0 0 -1
    outer loop
      vertex 11.1753 10.9951 1.15
      vertex 11.0484 10.8405 1.15
      vertex 11.0808 11.0808 1.15
    endloop
  endfacet
  facet normal 0 0 -1
    outer loop
      vertex 10.9393 10.9393 1.15
      vertex 11.0808 11.0808 1.15
      vertex 11.0484 10.8405 1.15
    endloop
  endfacet
  facet normal -0 0 -1
    outer loop
      vertex 11.0808 11.0808 1.15
      vertex 10.9393 10.9393 1.15
      vertex 10.9951 11.1753 1.15
    endloop
  endfacet
  facet normal 0 0 -1
    outer loop
      vertex 10.8405 11.0484 1.15
      vertex 10.9951 11.1753 1.15
      vertex 10.9393 10.9393 1.15
    endloop
  endfacet
  facet normal -0 0 -1
    outer loop
      vertex 10.9951 11.1753 1.15
      vertex 10.8405 11.0484 1.15
      vertex 10.9191 11.2778 1.15
    endloop
  endfacet
  facet normal 0 0 -1
    outer loop
      vertex 10.7528 11.1666 1.15
      vertex 10.9191 11.2778 1.15
      vertex 10.8405 11.0484 1.15
    endloop
  endfacet
  facet normal -0 0 -1
    outer loop
      vertex 10.9191 11.2778 1.15
      vertex 10.7528 11.1666 1.15
      vertex 10.8535 11.3872 1.15
    endloop
  endfacet
  facet normal 0 0 -1
    outer loop
      vertex 10.6771 11.2929 1.15
      vertex 10.8535 11.3872 1.15
      vertex 10.7528 11.1666 1.15
    endloop
  endfacet
  facet normal -0 0 -1
    outer loop
      vertex 10.8535 11.3872 1.15
      vertex 10.6771 11.2929 1.15
      vertex 10.799 11.5025 1.15
    endloop
  endfacet
  facet normal 0 0 -1
    outer loop
      vertex 10.6142 11.426 1.15
      vertex 10.799 11.5025 1.15
      vertex 10.6771 11.2929 1.15
    endloop
  endfacet
  facet normal -0 0 -1
    outer loop
      vertex 10.799 11.5025 1.15
      vertex 10.6142 11.426 1.15
      vertex 10.756 11.6226 1.15
    endloop
  endfacet
  facet normal -0 0 -1
    outer loop
      vertex 10.756 11.6226 1.15
      vertex 10.5646 11.5646 1.15
      vertex 10.725 11.7464 1.15
    endloop
  endfacet
  facet normal 0 0 -1
    outer loop
      vertex 10.5646 11.5646 1.15
      vertex 10.756 11.6226 1.15
      vertex 10.6142 11.426 1.15
    endloop
  endfacet
  facet normal 0 0 -1
    outer loop
      vertex 13.244 12.3774 1.15
      vertex 13.4354 12.4354 1.15
      vertex 13.275 12.2536 1.15
    endloop
  endfacet
  facet normal -0 0 -1
    outer loop
      vertex 13.4354 12.4354 1.15
      vertex 13.244 12.3774 1.15
      vertex 13.3858 12.574 1.15
    endloop
  endfacet
  facet normal 0 0 -1
    outer loop
      vertex 13.201 12.4975 1.15
      vertex 13.3858 12.574 1.15
      vertex 13.244 12.3774 1.15
    endloop
  endfacet
  facet normal -0 0 -1
    outer loop
      vertex 13.3858 12.574 1.15
      vertex 13.201 12.4975 1.15
      vertex 13.3229 12.7071 1.15
    endloop
  endfacet
  facet normal 0 0 -1
    outer loop
      vertex 13.1465 12.6128 1.15
      vertex 13.3229 12.7071 1.15
      vertex 13.201 12.4975 1.15
    endloop
  endfacet
  facet normal -0 0 -1
    outer loop
      vertex 13.3229 12.7071 1.15
      vertex 13.1465 12.6128 1.15
      vertex 13.2472 12.8334 1.15
    endloop
  endfacet
  facet normal 0 0 -1
    outer loop
      vertex 13.0809 12.7222 1.15
      vertex 13.2472 12.8334 1.15
      vertex 13.1465 12.6128 1.15
    endloop
  endfacet
  facet normal -0 0 -1
    outer loop
      vertex 13.2472 12.8334 1.15
      vertex 13.0809 12.7222 1.15
      vertex 13.1595 12.9516 1.15
    endloop
  endfacet
  facet normal 0 0 -1
    outer loop
      vertex 13.0049 12.8247 1.15
      vertex 13.1595 12.9516 1.15
      vertex 13.0809 12.7222 1.15
    endloop
  endfacet
  facet normal -0 0 -1
    outer loop
      vertex 13.1595 12.9516 1.15
      vertex 13.0049 12.8247 1.15
      vertex 13.0607 13.0607 1.15
    endloop
  endfacet
  facet normal 0 0 -1
    outer loop
      vertex 12.9192 12.9192 1.15
      vertex 13.0607 13.0607 1.15
      vertex 13.0049 12.8247 1.15
    endloop
  endfacet
  facet normal -0 0 -1
    outer loop
      vertex 13.0607 13.0607 1.15
      vertex 12.9192 12.9192 1.15
      vertex 12.9516 13.1595 1.15
    endloop
  endfacet
  facet normal 0 0 -1
    outer loop
      vertex 12.8247 13.0049 1.15
      vertex 12.9516 13.1595 1.15
      vertex 12.9192 12.9192 1.15
    endloop
  endfacet
  facet normal -0 0 -1
    outer loop
      vertex 12.9516 13.1595 1.15
      vertex 12.8247 13.0049 1.15
      vertex 12.8334 13.2472 1.15
    endloop
  endfacet
  facet normal 0 0 -1
    outer loop
      vertex 12.7222 13.0809 1.15
      vertex 12.8334 13.2472 1.15
      vertex 12.8247 13.0049 1.15
    endloop
  endfacet
  facet normal 0 0 -1
    outer loop
      vertex 12.7222 13.0809 1.15
      vertex 12.7071 13.3229 1.15
      vertex 12.8334 13.2472 1.15
    endloop
  endfacet
  facet normal 0 0 -1
    outer loop
      vertex 12.6128 13.1465 1.15
      vertex 12.7071 13.3229 1.15
      vertex 12.7222 13.0809 1.15
    endloop
  endfacet
  facet normal 0 0 -1
    outer loop
      vertex 12.6128 13.1465 1.15
      vertex 12.574 13.3858 1.15
      vertex 12.7071 13.3229 1.15
    endloop
  endfacet
  facet normal 0 0 -1
    outer loop
      vertex 12.4975 13.201 1.15
      vertex 12.574 13.3858 1.15
      vertex 12.6128 13.1465 1.15
    endloop
  endfacet
  facet normal 0 0 -1
    outer loop
      vertex 12.4975 13.201 1.15
      vertex 12.4354 13.4354 1.15
      vertex 12.574 13.3858 1.15
    endloop
  endfacet
  facet normal 0 0 -1
    outer loop
      vertex 12.3774 13.244 1.15
      vertex 12.4354 13.4354 1.15
      vertex 12.4975 13.201 1.15
    endloop
  endfacet
  facet normal 0 0 -1
    outer loop
      vertex 12.3774 13.244 1.15
      vertex 12.2926 13.4712 1.15
      vertex 12.4354 13.4354 1.15
    endloop
  endfacet
  facet normal 0 0 -1
    outer loop
      vertex 12.2536 13.275 1.15
      vertex 12.2926 13.4712 1.15
      vertex 12.3774 13.244 1.15
    endloop
  endfacet
  facet normal 0 0 -1
    outer loop
      vertex 12.2536 13.275 1.15
      vertex 12.147 13.4928 1.15
      vertex 12.2926 13.4712 1.15
    endloop
  endfacet
  facet normal 0 0 -1
    outer loop
      vertex 12.1274 13.2937 1.15
      vertex 12.147 13.4928 1.15
      vertex 12.2536 13.275 1.15
    endloop
  endfacet
  facet normal 0 0 -1
    outer loop
      vertex 12 13.3 1.15
      vertex 12.147 13.4928 1.15
      vertex 12.1274 13.2937 1.15
    endloop
  endfacet
  facet normal 0 0 -1
    outer loop
      vertex 12 13.3 1.15
      vertex 12 13.5 1.15
      vertex 12.147 13.4928 1.15
    endloop
  endfacet
  facet normal 0 0 -1
    outer loop
      vertex 11.8726 13.2937 1.15
      vertex 12 13.5 1.15
      vertex 12 13.3 1.15
    endloop
  endfacet
  facet normal 0 0 -1
    outer loop
      vertex 11.8726 13.2937 1.15
      vertex 11.853 13.4928 1.15
      vertex 12 13.5 1.15
    endloop
  endfacet
  facet normal 0 0 -1
    outer loop
      vertex 11.7464 13.275 1.15
      vertex 11.853 13.4928 1.15
      vertex 11.8726 13.2937 1.15
    endloop
  endfacet
  facet normal 0 0 -1
    outer loop
      vertex 11.7464 13.275 1.15
      vertex 11.7074 13.4712 1.15
      vertex 11.853 13.4928 1.15
    endloop
  endfacet
  facet normal 0 0 -1
    outer loop
      vertex 11.6226 13.244 1.15
      vertex 11.7074 13.4712 1.15
      vertex 11.7464 13.275 1.15
    endloop
  endfacet
  facet normal 0 0 -1
    outer loop
      vertex 11.6226 13.244 1.15
      vertex 11.5646 13.4354 1.15
      vertex 11.7074 13.4712 1.15
    endloop
  endfacet
  facet normal 0 0 -1
    outer loop
      vertex 11.5025 13.201 1.15
      vertex 11.5646 13.4354 1.15
      vertex 11.6226 13.244 1.15
    endloop
  endfacet
  facet normal 0 0 -1
    outer loop
      vertex 11.5025 13.201 1.15
      vertex 11.426 13.3858 1.15
      vertex 11.5646 13.4354 1.15
    endloop
  endfacet
  facet normal 0 0 -1
    outer loop
      vertex 11.3872 13.1465 1.15
      vertex 11.426 13.3858 1.15
      vertex 11.5025 13.201 1.15
    endloop
  endfacet
  facet normal 0 0 -1
    outer loop
      vertex 11.3872 13.1465 1.15
      vertex 11.2929 13.3229 1.15
      vertex 11.426 13.3858 1.15
    endloop
  endfacet
  facet normal 0 0 -1
    outer loop
      vertex 11.2778 13.0809 1.15
      vertex 11.2929 13.3229 1.15
      vertex 11.3872 13.1465 1.15
    endloop
  endfacet
  facet normal 0 0 -1
    outer loop
      vertex 11.1666 13.2472 1.15
      vertex 11.2778 13.0809 1.15
      vertex 11.1753 13.0049 1.15
    endloop
  endfacet
  facet normal 0 0 -1
    outer loop
      vertex 11.2778 13.0809 1.15
      vertex 11.1666 13.2472 1.15
      vertex 11.2929 13.3229 1.15
    endloop
  endfacet
  facet normal 0 0 -1
    outer loop
      vertex 11.0484 13.1595 1.15
      vertex 11.1753 13.0049 1.15
      vertex 11.0808 12.9192 1.15
    endloop
  endfacet
  facet normal 0 0 -1
    outer loop
      vertex 11.1753 13.0049 1.15
      vertex 11.0484 13.1595 1.15
      vertex 11.1666 13.2472 1.15
    endloop
  endfacet
  facet normal 0 0 -1
    outer loop
      vertex 10.9393 13.0607 1.15
      vertex 11.0808 12.9192 1.15
      vertex 10.9951 12.8247 1.15
    endloop
  endfacet
  facet normal 0 0 -1
    outer loop
      vertex 11.0808 12.9192 1.15
      vertex 10.9393 13.0607 1.15
      vertex 11.0484 13.1595 1.15
    endloop
  endfacet
  facet normal 0 0 -1
    outer loop
      vertex 10.8405 12.9516 1.15
      vertex 10.9951 12.8247 1.15
      vertex 10.9191 12.7222 1.15
    endloop
  endfacet
  facet normal 0 0 -1
    outer loop
      vertex 10.7528 12.8334 1.15
      vertex 10.9191 12.7222 1.15
      vertex 10.8535 12.6128 1.15
    endloop
  endfacet
  facet normal 0 0 -1
    outer loop
      vertex 10.9951 12.8247 1.15
      vertex 10.8405 12.9516 1.15
      vertex 10.9393 13.0607 1.15
    endloop
  endfacet
  facet normal 0 0 -1
    outer loop
      vertex 10.6771 12.7071 1.15
      vertex 10.8535 12.6128 1.15
      vertex 10.799 12.4975 1.15
    endloop
  endfacet
  facet normal 0 0 -1
    outer loop
      vertex 10.6142 12.574 1.15
      vertex 10.799 12.4975 1.15
      vertex 10.756 12.3774 1.15
    endloop
  endfacet
  facet normal 0 0 -1
    outer loop
      vertex 10.9191 12.7222 1.15
      vertex 10.7528 12.8334 1.15
      vertex 10.8405 12.9516 1.15
    endloop
  endfacet
  facet normal 0 0 -1
    outer loop
      vertex 10.5646 12.4354 1.15
      vertex 10.756 12.3774 1.15
      vertex 10.725 12.2536 1.15
    endloop
  endfacet
  facet normal 0 0 -1
    outer loop
      vertex 10.5288 12.2926 1.15
      vertex 10.725 12.2536 1.15
      vertex 10.7063 12.1274 1.15
    endloop
  endfacet
  facet normal 0 0 -1
    outer loop
      vertex 10.8535 12.6128 1.15
      vertex 10.6771 12.7071 1.15
      vertex 10.7528 12.8334 1.15
    endloop
  endfacet
  facet normal 0 0 -1
    outer loop
      vertex 10.5072 12.147 1.15
      vertex 10.7063 12.1274 1.15
      vertex 10.7 12 1.15
    endloop
  endfacet
  facet normal 0 0 -1
    outer loop
      vertex 10.5288 11.7074 1.15
      vertex 10.725 11.7464 1.15
      vertex 10.5646 11.5646 1.15
    endloop
  endfacet
  facet normal -0 0 -1
    outer loop
      vertex 10.725 11.7464 1.15
      vertex 10.5288 11.7074 1.15
      vertex 10.7063 11.8726 1.15
    endloop
  endfacet
  facet normal 0 0 -1
    outer loop
      vertex 10.799 12.4975 1.15
      vertex 10.6142 12.574 1.15
      vertex 10.6771 12.7071 1.15
    endloop
  endfacet
  facet normal 0 0 -1
    outer loop
      vertex 10.5072 11.853 1.15
      vertex 10.7063 11.8726 1.15
      vertex 10.5288 11.7074 1.15
    endloop
  endfacet
  facet normal 0 0 -1
    outer loop
      vertex 10.756 12.3774 1.15
      vertex 10.5646 12.4354 1.15
      vertex 10.6142 12.574 1.15
    endloop
  endfacet
  facet normal -0 0 -1
    outer loop
      vertex 10.7063 11.8726 1.15
      vertex 10.5072 11.853 1.15
      vertex 10.7 12 1.15
    endloop
  endfacet
  facet normal 0 0 -1
    outer loop
      vertex 10.725 12.2536 1.15
      vertex 10.5288 12.2926 1.15
      vertex 10.5646 12.4354 1.15
    endloop
  endfacet
  facet normal 0 0 -1
    outer loop
      vertex 10.5 12 1.15
      vertex 10.7 12 1.15
      vertex 10.5072 11.853 1.15
    endloop
  endfacet
  facet normal 0 0 -1
    outer loop
      vertex 10.7063 12.1274 1.15
      vertex 10.5072 12.147 1.15
      vertex 10.5288 12.2926 1.15
    endloop
  endfacet
  facet normal 0 0 -1
    outer loop
      vertex 10.7 12 1.15
      vertex 10.5 12 1.15
      vertex 10.5072 12.147 1.15
    endloop
  endfacet
  facet normal 0.427345 0.904089 -0
    outer loop
      vertex 11.5025 10.799 1.15
      vertex 11.3872 10.8535 1.25
      vertex 11.5025 10.799 1.25
    endloop
  endfacet
  facet normal 0.427345 0.904089 0
    outer loop
      vertex 11.3872 10.8535 1.25
      vertex 11.5025 10.799 1.15
      vertex 11.3872 10.8535 1.15
    endloop
  endfacet
  facet normal -0.989199 -0.146577 0
    outer loop
      vertex 13.2937 12.1274 1.15
      vertex 13.275 12.2536 1.25
      vertex 13.275 12.2536 1.15
    endloop
  endfacet
  facet normal -0.989199 -0.146577 0
    outer loop
      vertex 13.275 12.2536 1.25
      vertex 13.2937 12.1274 1.15
      vertex 13.2937 12.1274 1.25
    endloop
  endfacet
  facet normal -0.99878 -0.0493902 0
    outer loop
      vertex 13.3 12 1.15
      vertex 13.2937 12.1274 1.25
      vertex 13.2937 12.1274 1.15
    endloop
  endfacet
  facet normal -0.99878 -0.0493902 0
    outer loop
      vertex 13.2937 12.1274 1.25
      vertex 13.3 12 1.15
      vertex 13.3 12 1.25
    endloop
  endfacet
  facet normal -0.97005 -0.242904 0
    outer loop
      vertex 13.275 12.2536 1.15
      vertex 13.244 12.3774 1.25
      vertex 13.244 12.3774 1.15
    endloop
  endfacet
  facet normal -0.97005 -0.242904 0
    outer loop
      vertex 13.244 12.3774 1.25
      vertex 13.275 12.2536 1.15
      vertex 13.275 12.2536 1.25
    endloop
  endfacet
  facet normal -0.427345 0.904089 0
    outer loop
      vertex 12.6128 10.8535 1.15
      vertex 12.4975 10.799 1.25
      vertex 12.6128 10.8535 1.25
    endloop
  endfacet
  facet normal -0.427345 0.904089 0
    outer loop
      vertex 12.4975 10.799 1.25
      vertex 12.6128 10.8535 1.15
      vertex 12.4975 10.799 1.15
    endloop
  endfacet
  facet normal 0.146577 -0.989199 0
    outer loop
      vertex 11.7464 13.275 1.15
      vertex 11.8726 13.2937 1.25
      vertex 11.7464 13.275 1.25
    endloop
  endfacet
  facet normal 0.146577 -0.989199 0
    outer loop
      vertex 11.8726 13.2937 1.25
      vertex 11.7464 13.275 1.15
      vertex 11.8726 13.2937 1.15
    endloop
  endfacet
  facet normal 0.941476 0.337081 0
    outer loop
      vertex 10.799 11.5025 1.25
      vertex 10.756 11.6226 1.15
      vertex 10.756 11.6226 1.25
    endloop
  endfacet
  facet normal 0.941476 0.337081 0
    outer loop
      vertex 10.756 11.6226 1.15
      vertex 10.799 11.5025 1.25
      vertex 10.799 11.5025 1.15
    endloop
  endfacet
  facet normal -0.514265 -0.857631 0
    outer loop
      vertex 12.6128 13.1465 1.15
      vertex 12.7222 13.0809 1.25
      vertex 12.6128 13.1465 1.25
    endloop
  endfacet
  facet normal -0.514265 -0.857631 -0
    outer loop
      vertex 12.7222 13.0809 1.25
      vertex 12.6128 13.1465 1.15
      vertex 12.7222 13.0809 1.15
    endloop
  endfacet
  facet normal 0.242904 0.97005 -0
    outer loop
      vertex 11.7464 10.725 1.15
      vertex 11.6226 10.756 1.25
      vertex 11.7464 10.725 1.25
    endloop
  endfacet
  facet normal 0.242904 0.97005 0
    outer loop
      vertex 11.6226 10.756 1.25
      vertex 11.7464 10.725 1.15
      vertex 11.6226 10.756 1.15
    endloop
  endfacet
  facet normal -0.242904 0.97005 0
    outer loop
      vertex 12.3774 10.756 1.15
      vertex 12.2536 10.725 1.25
      vertex 12.3774 10.756 1.25
    endloop
  endfacet
  facet normal -0.242904 0.97005 0
    outer loop
      vertex 12.2536 10.725 1.25
      vertex 12.3774 10.756 1.15
      vertex 12.2536 10.725 1.15
    endloop
  endfacet
  facet normal 0.514265 -0.857631 0
    outer loop
      vertex 11.2778 13.0809 1.15
      vertex 11.3872 13.1465 1.25
      vertex 11.2778 13.0809 1.25
    endloop
  endfacet
  facet normal 0.514265 -0.857631 0
    outer loop
      vertex 11.3872 13.1465 1.25
      vertex 11.2778 13.0809 1.15
      vertex 11.3872 13.1465 1.15
    endloop
  endfacet
  facet normal 0.595602 -0.803279 0
    outer loop
      vertex 11.1753 13.0049 1.15
      vertex 11.2778 13.0809 1.25
      vertex 11.1753 13.0049 1.25
    endloop
  endfacet
  facet normal 0.595602 -0.803279 0
    outer loop
      vertex 11.2778 13.0809 1.25
      vertex 11.1753 13.0049 1.15
      vertex 11.2778 13.0809 1.15
    endloop
  endfacet
  facet normal -0.146577 -0.989199 0
    outer loop
      vertex 12.1274 13.2937 1.15
      vertex 12.2536 13.275 1.25
      vertex 12.1274 13.2937 1.25
    endloop
  endfacet
  facet normal -0.146577 -0.989199 -0
    outer loop
      vertex 12.2536 13.275 1.25
      vertex 12.1274 13.2937 1.15
      vertex 12.2536 13.275 1.15
    endloop
  endfacet
  facet normal -0.0493902 0.99878 0
    outer loop
      vertex 12.1274 10.7063 1.15
      vertex 12 10.7 1.25
      vertex 12.1274 10.7063 1.25
    endloop
  endfacet
  facet normal -0.0493902 0.99878 0
    outer loop
      vertex 12 10.7 1.25
      vertex 12.1274 10.7063 1.15
      vertex 12 10.7 1.15
    endloop
  endfacet
  facet normal 0.514265 0.857631 -0
    outer loop
      vertex 11.3872 10.8535 1.15
      vertex 11.2778 10.9191 1.25
      vertex 11.3872 10.8535 1.25
    endloop
  endfacet
  facet normal 0.514265 0.857631 0
    outer loop
      vertex 11.2778 10.9191 1.25
      vertex 11.3872 10.8535 1.15
      vertex 11.2778 10.9191 1.15
    endloop
  endfacet
  facet normal 0.989199 -0.146577 0
    outer loop
      vertex 10.7063 12.1274 1.25
      vertex 10.725 12.2536 1.15
      vertex 10.725 12.2536 1.25
    endloop
  endfacet
  facet normal 0.989199 -0.146577 0
    outer loop
      vertex 10.725 12.2536 1.15
      vertex 10.7063 12.1274 1.25
      vertex 10.7063 12.1274 1.15
    endloop
  endfacet
  facet normal -0.904089 -0.427345 0
    outer loop
      vertex 13.201 12.4975 1.15
      vertex 13.1465 12.6128 1.25
      vertex 13.1465 12.6128 1.15
    endloop
  endfacet
  facet normal -0.904089 -0.427345 0
    outer loop
      vertex 13.1465 12.6128 1.25
      vertex 13.201 12.4975 1.15
      vertex 13.201 12.4975 1.25
    endloop
  endfacet
  facet normal 0.146577 0.989199 -0
    outer loop
      vertex 11.8726 10.7063 1.15
      vertex 11.7464 10.725 1.25
      vertex 11.8726 10.7063 1.25
    endloop
  endfacet
  facet normal 0.146577 0.989199 0
    outer loop
      vertex 11.7464 10.725 1.25
      vertex 11.8726 10.7063 1.15
      vertex 11.7464 10.725 1.15
    endloop
  endfacet
  facet normal -0.514265 0.857631 0
    outer loop
      vertex 12.7222 10.9191 1.15
      vertex 12.6128 10.8535 1.25
      vertex 12.7222 10.9191 1.25
    endloop
  endfacet
  facet normal -0.514265 0.857631 0
    outer loop
      vertex 12.6128 10.8535 1.25
      vertex 12.7222 10.9191 1.15
      vertex 12.6128 10.8535 1.15
    endloop
  endfacet
  facet normal 0.904089 0.427345 0
    outer loop
      vertex 10.8535 11.3872 1.25
      vertex 10.799 11.5025 1.15
      vertex 10.799 11.5025 1.25
    endloop
  endfacet
  facet normal 0.904089 0.427345 0
    outer loop
      vertex 10.799 11.5025 1.15
      vertex 10.8535 11.3872 1.25
      vertex 10.8535 11.3872 1.15
    endloop
  endfacet
  facet normal -0.989199 0.146577 0
    outer loop
      vertex 13.275 11.7464 1.15
      vertex 13.2937 11.8726 1.25
      vertex 13.2937 11.8726 1.15
    endloop
  endfacet
  facet normal -0.989199 0.146577 0
    outer loop
      vertex 13.2937 11.8726 1.25
      vertex 13.275 11.7464 1.15
      vertex 13.275 11.7464 1.25
    endloop
  endfacet
  facet normal -0.595602 -0.803279 0
    outer loop
      vertex 12.7222 13.0809 1.15
      vertex 12.8247 13.0049 1.25
      vertex 12.7222 13.0809 1.25
    endloop
  endfacet
  facet normal -0.595602 -0.803279 -0
    outer loop
      vertex 12.8247 13.0049 1.25
      vertex 12.7222 13.0809 1.15
      vertex 12.8247 13.0049 1.15
    endloop
  endfacet
  facet normal -0.803279 0.595602 0
    outer loop
      vertex 13.0049 11.1753 1.15
      vertex 13.0809 11.2778 1.25
      vertex 13.0809 11.2778 1.15
    endloop
  endfacet
  facet normal -0.803279 0.595602 0
    outer loop
      vertex 13.0809 11.2778 1.25
      vertex 13.0049 11.1753 1.15
      vertex 13.0049 11.1753 1.25
    endloop
  endfacet
  facet normal 0.941476 -0.337081 0
    outer loop
      vertex 10.756 12.3774 1.25
      vertex 10.799 12.4975 1.15
      vertex 10.799 12.4975 1.25
    endloop
  endfacet
  facet normal 0.941476 -0.337081 0
    outer loop
      vertex 10.799 12.4975 1.15
      vertex 10.756 12.3774 1.25
      vertex 10.756 12.3774 1.15
    endloop
  endfacet
  facet normal -0.803279 -0.595602 0
    outer loop
      vertex 13.0809 12.7222 1.15
      vertex 13.0049 12.8247 1.25
      vertex 13.0049 12.8247 1.15
    endloop
  endfacet
  facet normal -0.803279 -0.595602 0
    outer loop
      vertex 13.0049 12.8247 1.25
      vertex 13.0809 12.7222 1.15
      vertex 13.0809 12.7222 1.25
    endloop
  endfacet
  facet normal 0.0493902 -0.99878 0
    outer loop
      vertex 11.8726 13.2937 1.15
      vertex 12 13.3 1.25
      vertex 11.8726 13.2937 1.25
    endloop
  endfacet
  facet normal 0.0493902 -0.99878 0
    outer loop
      vertex 12 13.3 1.25
      vertex 11.8726 13.2937 1.15
      vertex 12 13.3 1.15
    endloop
  endfacet
  facet normal 0.97005 0.242904 0
    outer loop
      vertex 10.756 11.6226 1.25
      vertex 10.725 11.7464 1.15
      vertex 10.725 11.7464 1.25
    endloop
  endfacet
  facet normal 0.97005 0.242904 0
    outer loop
      vertex 10.725 11.7464 1.15
      vertex 10.756 11.6226 1.25
      vertex 10.756 11.6226 1.15
    endloop
  endfacet
  facet normal 0.337081 -0.941476 0
    outer loop
      vertex 11.5025 13.201 1.15
      vertex 11.6226 13.244 1.25
      vertex 11.5025 13.201 1.25
    endloop
  endfacet
  facet normal 0.337081 -0.941476 0
    outer loop
      vertex 11.6226 13.244 1.25
      vertex 11.5025 13.201 1.15
      vertex 11.6226 13.244 1.15
    endloop
  endfacet
  facet normal -0.904089 0.427345 0
    outer loop
      vertex 13.1465 11.3872 1.15
      vertex 13.201 11.5025 1.25
      vertex 13.201 11.5025 1.15
    endloop
  endfacet
  facet normal -0.904089 0.427345 0
    outer loop
      vertex 13.201 11.5025 1.25
      vertex 13.1465 11.3872 1.15
      vertex 13.1465 11.3872 1.25
    endloop
  endfacet
  facet normal 0.740755 -0.671775 0
    outer loop
      vertex 10.9951 12.8247 1.25
      vertex 11.0808 12.9192 1.15
      vertex 11.0808 12.9192 1.25
    endloop
  endfacet
  facet normal 0.740755 -0.671775 0
    outer loop
      vertex 11.0808 12.9192 1.15
      vertex 10.9951 12.8247 1.25
      vertex 10.9951 12.8247 1.15
    endloop
  endfacet
  facet normal 0.857631 -0.514265 0
    outer loop
      vertex 10.8535 12.6128 1.25
      vertex 10.9191 12.7222 1.15
      vertex 10.9191 12.7222 1.25
    endloop
  endfacet
  facet normal 0.857631 -0.514265 0
    outer loop
      vertex 10.9191 12.7222 1.15
      vertex 10.8535 12.6128 1.25
      vertex 10.8535 12.6128 1.15
    endloop
  endfacet
  facet normal -0.146577 0.989199 0
    outer loop
      vertex 12.2536 10.725 1.15
      vertex 12.1274 10.7063 1.25
      vertex 12.2536 10.725 1.25
    endloop
  endfacet
  facet normal -0.146577 0.989199 0
    outer loop
      vertex 12.1274 10.7063 1.25
      vertex 12.2536 10.725 1.15
      vertex 12.1274 10.7063 1.15
    endloop
  endfacet
  facet normal -0.941476 -0.337081 0
    outer loop
      vertex 13.244 12.3774 1.15
      vertex 13.201 12.4975 1.25
      vertex 13.201 12.4975 1.15
    endloop
  endfacet
  facet normal -0.941476 -0.337081 0
    outer loop
      vertex 13.201 12.4975 1.25
      vertex 13.244 12.3774 1.15
      vertex 13.244 12.3774 1.25
    endloop
  endfacet
  facet normal -0.671775 -0.740755 0
    outer loop
      vertex 12.8247 13.0049 1.15
      vertex 12.9192 12.9192 1.25
      vertex 12.8247 13.0049 1.25
    endloop
  endfacet
  facet normal -0.671775 -0.740755 -0
    outer loop
      vertex 12.9192 12.9192 1.25
      vertex 12.8247 13.0049 1.15
      vertex 12.9192 12.9192 1.15
    endloop
  endfacet
  facet normal -0.97005 0.242904 0
    outer loop
      vertex 13.244 11.6226 1.15
      vertex 13.275 11.7464 1.25
      vertex 13.275 11.7464 1.15
    endloop
  endfacet
  facet normal -0.97005 0.242904 0
    outer loop
      vertex 13.275 11.7464 1.25
      vertex 13.244 11.6226 1.15
      vertex 13.244 11.6226 1.25
    endloop
  endfacet
  facet normal 0.427345 -0.904089 0
    outer loop
      vertex 11.3872 13.1465 1.15
      vertex 11.5025 13.201 1.25
      vertex 11.3872 13.1465 1.25
    endloop
  endfacet
  facet normal 0.427345 -0.904089 0
    outer loop
      vertex 11.5025 13.201 1.25
      vertex 11.3872 13.1465 1.15
      vertex 11.5025 13.201 1.15
    endloop
  endfacet
  facet normal -0.337081 -0.941476 0
    outer loop
      vertex 12.3774 13.244 1.15
      vertex 12.4975 13.201 1.25
      vertex 12.3774 13.244 1.25
    endloop
  endfacet
  facet normal -0.337081 -0.941476 -0
    outer loop
      vertex 12.4975 13.201 1.25
      vertex 12.3774 13.244 1.15
      vertex 12.4975 13.201 1.15
    endloop
  endfacet
  facet normal 0.242904 -0.97005 0
    outer loop
      vertex 11.6226 13.244 1.15
      vertex 11.7464 13.275 1.25
      vertex 11.6226 13.244 1.25
    endloop
  endfacet
  facet normal 0.242904 -0.97005 0
    outer loop
      vertex 11.7464 13.275 1.25
      vertex 11.6226 13.244 1.15
      vertex 11.7464 13.275 1.15
    endloop
  endfacet
  facet normal -0.857631 0.514265 0
    outer loop
      vertex 13.0809 11.2778 1.15
      vertex 13.1465 11.3872 1.25
      vertex 13.1465 11.3872 1.15
    endloop
  endfacet
  facet normal -0.857631 0.514265 0
    outer loop
      vertex 13.1465 11.3872 1.25
      vertex 13.0809 11.2778 1.15
      vertex 13.0809 11.2778 1.25
    endloop
  endfacet
  facet normal -0.427345 -0.904089 0
    outer loop
      vertex 12.4975 13.201 1.15
      vertex 12.6128 13.1465 1.25
      vertex 12.4975 13.201 1.25
    endloop
  endfacet
  facet normal -0.427345 -0.904089 -0
    outer loop
      vertex 12.6128 13.1465 1.25
      vertex 12.4975 13.201 1.15
      vertex 12.6128 13.1465 1.15
    endloop
  endfacet
  facet normal -0.0493902 -0.99878 0
    outer loop
      vertex 12 13.3 1.15
      vertex 12.1274 13.2937 1.25
      vertex 12 13.3 1.25
    endloop
  endfacet
  facet normal -0.0493902 -0.99878 -0
    outer loop
      vertex 12.1274 13.2937 1.25
      vertex 12 13.3 1.15
      vertex 12.1274 13.2937 1.15
    endloop
  endfacet
  facet normal -0.941476 0.337081 0
    outer loop
      vertex 13.201 11.5025 1.15
      vertex 13.244 11.6226 1.25
      vertex 13.244 11.6226 1.15
    endloop
  endfacet
  facet normal -0.941476 0.337081 0
    outer loop
      vertex 13.244 11.6226 1.25
      vertex 13.201 11.5025 1.15
      vertex 13.201 11.5025 1.25
    endloop
  endfacet
  facet normal -0.671775 0.740755 0
    outer loop
      vertex 12.9192 11.0808 1.15
      vertex 12.8247 10.9951 1.25
      vertex 12.9192 11.0808 1.25
    endloop
  endfacet
  facet normal -0.671775 0.740755 0
    outer loop
      vertex 12.8247 10.9951 1.25
      vertex 12.9192 11.0808 1.15
      vertex 12.8247 10.9951 1.15
    endloop
  endfacet
  facet normal -0.242904 -0.97005 0
    outer loop
      vertex 12.2536 13.275 1.15
      vertex 12.3774 13.244 1.25
      vertex 12.2536 13.275 1.25
    endloop
  endfacet
  facet normal -0.242904 -0.97005 -0
    outer loop
      vertex 12.3774 13.244 1.25
      vertex 12.2536 13.275 1.15
      vertex 12.3774 13.244 1.15
    endloop
  endfacet
  facet normal -0.857631 -0.514265 0
    outer loop
      vertex 13.1465 12.6128 1.15
      vertex 13.0809 12.7222 1.25
      vertex 13.0809 12.7222 1.15
    endloop
  endfacet
  facet normal -0.857631 -0.514265 0
    outer loop
      vertex 13.0809 12.7222 1.25
      vertex 13.1465 12.6128 1.15
      vertex 13.1465 12.6128 1.25
    endloop
  endfacet
  facet normal -0.99878 0.0493902 0
    outer loop
      vertex 13.2937 11.8726 1.15
      vertex 13.3 12 1.25
      vertex 13.3 12 1.15
    endloop
  endfacet
  facet normal -0.99878 0.0493902 0
    outer loop
      vertex 13.3 12 1.25
      vertex 13.2937 11.8726 1.15
      vertex 13.2937 11.8726 1.25
    endloop
  endfacet
  facet normal 0.97005 -0.242904 0
    outer loop
      vertex 10.725 12.2536 1.25
      vertex 10.756 12.3774 1.15
      vertex 10.756 12.3774 1.25
    endloop
  endfacet
  facet normal 0.97005 -0.242904 0
    outer loop
      vertex 10.756 12.3774 1.15
      vertex 10.725 12.2536 1.25
      vertex 10.725 12.2536 1.15
    endloop
  endfacet
  facet normal 0.671775 -0.740755 0
    outer loop
      vertex 11.0808 12.9192 1.15
      vertex 11.1753 13.0049 1.25
      vertex 11.0808 12.9192 1.25
    endloop
  endfacet
  facet normal 0.671775 -0.740755 0
    outer loop
      vertex 11.1753 13.0049 1.25
      vertex 11.0808 12.9192 1.15
      vertex 11.1753 13.0049 1.15
    endloop
  endfacet
  facet normal 0.857631 0.514265 0
    outer loop
      vertex 10.9191 11.2778 1.25
      vertex 10.8535 11.3872 1.15
      vertex 10.8535 11.3872 1.25
    endloop
  endfacet
  facet normal 0.857631 0.514265 0
    outer loop
      vertex 10.8535 11.3872 1.15
      vertex 10.9191 11.2778 1.25
      vertex 10.9191 11.2778 1.15
    endloop
  endfacet
  facet normal 0.740755 0.671775 0
    outer loop
      vertex 11.0808 11.0808 1.25
      vertex 10.9951 11.1753 1.15
      vertex 10.9951 11.1753 1.25
    endloop
  endfacet
  facet normal 0.740755 0.671775 0
    outer loop
      vertex 10.9951 11.1753 1.15
      vertex 11.0808 11.0808 1.25
      vertex 11.0808 11.0808 1.15
    endloop
  endfacet
  facet normal 0.989199 0.146577 0
    outer loop
      vertex 10.725 11.7464 1.25
      vertex 10.7063 11.8726 1.15
      vertex 10.7063 11.8726 1.25
    endloop
  endfacet
  facet normal 0.989199 0.146577 0
    outer loop
      vertex 10.7063 11.8726 1.15
      vertex 10.725 11.7464 1.25
      vertex 10.725 11.7464 1.15
    endloop
  endfacet
  facet normal 0.803279 0.595602 0
    outer loop
      vertex 10.9951 11.1753 1.25
      vertex 10.9191 11.2778 1.15
      vertex 10.9191 11.2778 1.25
    endloop
  endfacet
  facet normal 0.803279 0.595602 0
    outer loop
      vertex 10.9191 11.2778 1.15
      vertex 10.9951 11.1753 1.25
      vertex 10.9951 11.1753 1.15
    endloop
  endfacet
  facet normal -0.337081 0.941476 0
    outer loop
      vertex 12.4975 10.799 1.15
      vertex 12.3774 10.756 1.25
      vertex 12.4975 10.799 1.25
    endloop
  endfacet
  facet normal -0.337081 0.941476 0
    outer loop
      vertex 12.3774 10.756 1.25
      vertex 12.4975 10.799 1.15
      vertex 12.3774 10.756 1.15
    endloop
  endfacet
  facet normal 0.99878 0.0493902 0
    outer loop
      vertex 10.7063 11.8726 1.25
      vertex 10.7 12 1.15
      vertex 10.7 12 1.25
    endloop
  endfacet
  facet normal 0.99878 0.0493902 0
    outer loop
      vertex 10.7 12 1.15
      vertex 10.7063 11.8726 1.25
      vertex 10.7063 11.8726 1.15
    endloop
  endfacet
  facet normal 0.803279 -0.595602 0
    outer loop
      vertex 10.9191 12.7222 1.25
      vertex 10.9951 12.8247 1.15
      vertex 10.9951 12.8247 1.25
    endloop
  endfacet
  facet normal 0.803279 -0.595602 0
    outer loop
      vertex 10.9951 12.8247 1.15
      vertex 10.9191 12.7222 1.25
      vertex 10.9191 12.7222 1.15
    endloop
  endfacet
  facet normal -0.595602 0.803279 0
    outer loop
      vertex 12.8247 10.9951 1.15
      vertex 12.7222 10.9191 1.25
      vertex 12.8247 10.9951 1.25
    endloop
  endfacet
  facet normal -0.595602 0.803279 0
    outer loop
      vertex 12.7222 10.9191 1.25
      vertex 12.8247 10.9951 1.15
      vertex 12.7222 10.9191 1.15
    endloop
  endfacet
  facet normal -0.740755 -0.671775 0
    outer loop
      vertex 13.0049 12.8247 1.15
      vertex 12.9192 12.9192 1.25
      vertex 12.9192 12.9192 1.15
    endloop
  endfacet
  facet normal -0.740755 -0.671775 0
    outer loop
      vertex 12.9192 12.9192 1.25
      vertex 13.0049 12.8247 1.15
      vertex 13.0049 12.8247 1.25
    endloop
  endfacet
  facet normal 0.904089 -0.427345 0
    outer loop
      vertex 10.799 12.4975 1.25
      vertex 10.8535 12.6128 1.15
      vertex 10.8535 12.6128 1.25
    endloop
  endfacet
  facet normal 0.904089 -0.427345 0
    outer loop
      vertex 10.8535 12.6128 1.15
      vertex 10.799 12.4975 1.25
      vertex 10.799 12.4975 1.15
    endloop
  endfacet
  facet normal 0.337081 0.941476 -0
    outer loop
      vertex 11.6226 10.756 1.15
      vertex 11.5025 10.799 1.25
      vertex 11.6226 10.756 1.25
    endloop
  endfacet
  facet normal 0.337081 0.941476 0
    outer loop
      vertex 11.5025 10.799 1.25
      vertex 11.6226 10.756 1.15
      vertex 11.5025 10.799 1.15
    endloop
  endfacet
  facet normal 0.0493902 0.99878 -0
    outer loop
      vertex 12 10.7 1.15
      vertex 11.8726 10.7063 1.25
      vertex 12 10.7 1.25
    endloop
  endfacet
  facet normal 0.0493902 0.99878 0
    outer loop
      vertex 11.8726 10.7063 1.25
      vertex 12 10.7 1.15
      vertex 11.8726 10.7063 1.15
    endloop
  endfacet
  facet normal 0.99878 -0.0493902 0
    outer loop
      vertex 10.7 12 1.25
      vertex 10.7063 12.1274 1.15
      vertex 10.7063 12.1274 1.25
    endloop
  endfacet
  facet normal 0.99878 -0.0493902 0
    outer loop
      vertex 10.7063 12.1274 1.15
      vertex 10.7 12 1.25
      vertex 10.7 12 1.15
    endloop
  endfacet
  facet normal 0.671775 0.740755 -0
    outer loop
      vertex 11.1753 10.9951 1.15
      vertex 11.0808 11.0808 1.25
      vertex 11.1753 10.9951 1.25
    endloop
  endfacet
  facet normal 0.671775 0.740755 0
    outer loop
      vertex 11.0808 11.0808 1.25
      vertex 11.1753 10.9951 1.15
      vertex 11.0808 11.0808 1.15
    endloop
  endfacet
  facet normal 0.595602 0.803279 -0
    outer loop
      vertex 11.2778 10.9191 1.15
      vertex 11.1753 10.9951 1.25
      vertex 11.2778 10.9191 1.25
    endloop
  endfacet
  facet normal 0.595602 0.803279 0
    outer loop
      vertex 11.1753 10.9951 1.25
      vertex 11.2778 10.9191 1.15
      vertex 11.1753 10.9951 1.15
    endloop
  endfacet
  facet normal -0.740755 0.671775 0
    outer loop
      vertex 12.9192 11.0808 1.15
      vertex 13.0049 11.1753 1.25
      vertex 13.0049 11.1753 1.15
    endloop
  endfacet
  facet normal -0.740755 0.671775 0
    outer loop
      vertex 13.0049 11.1753 1.25
      vertex 12.9192 11.0808 1.15
      vertex 12.9192 11.0808 1.25
    endloop
  endfacet
  facet normal -0.282762 -0.489773 0.824723
    outer loop
      vertex 12 12.8 1.31
      vertex 11.65 12.8 1.19
      vertex 12.175 12.4969 1.19
    endloop
  endfacet
  facet normal 0.565528 0 0.824729
    outer loop
      vertex 12.175 13.1031 1.19
      vertex 12 12.8 1.31
      vertex 12.175 12.4969 1.19
    endloop
  endfacet
  facet normal -0.282762 0.489773 0.824723
    outer loop
      vertex 12.175 13.1031 1.19
      vertex 11.65 12.8 1.19
      vertex 12 12.8 1.31
    endloop
  endfacet
  facet normal 0 0 -1
    outer loop
      vertex 12.175 12.4969 1.19
      vertex 11.65 12.8 1.19
      vertex 12.175 13.1031 1.19
    endloop
  endfacet
  facet normal 0 0 -1
    outer loop
      vertex 11.8652 13.0539 1.32
      vertex 11.692 13.0539 1.32
      vertex 11.8652 13.54 1.32
    endloop
  endfacet
  facet normal 0 0 -1
    outer loop
      vertex 12.3271 13.0539 1.32
      vertex 12.1538 13.2766 1.32
      vertex 12.3271 13.7627 1.32
    endloop
  endfacet
  facet normal 0 0 -1
    outer loop
      vertex 12.123 13.0539 1.32
      vertex 12.1538 13.2766 1.32
      vertex 12.3271 13.0539 1.32
    endloop
  endfacet
  facet normal 0 0 -1
    outer loop
      vertex 11.8652 13.54 1.32
      vertex 12.1538 13.2766 1.32
      vertex 12.123 13.0539 1.32
    endloop
  endfacet
  facet normal 0 0 -1
    outer loop
      vertex 12.1538 13.2766 1.32
      vertex 11.8652 13.54 1.32
      vertex 11.8961 13.7627 1.32
    endloop
  endfacet
  facet normal 0 0 -1
    outer loop
      vertex 11.692 13.7627 1.32
      vertex 11.8652 13.54 1.32
      vertex 11.692 13.0539 1.32
    endloop
  endfacet
  facet normal 0 0 -1
    outer loop
      vertex 11.8652 13.54 1.32
      vertex 11.692 13.7627 1.32
      vertex 11.8961 13.7627 1.32
    endloop
  endfacet
  facet normal -0 0 -1
    outer loop
      vertex 12.3271 13.7627 1.32
      vertex 12.1538 13.2766 1.32
      vertex 12.1538 13.7627 1.32
    endloop
  endfacet
  facet normal 0 0 1
    outer loop
      vertex 12.1538 13.2766 1.47
      vertex 12.3271 13.7627 1.47
      vertex 12.1538 13.7627 1.47
    endloop
  endfacet
  facet normal 0 0 1
    outer loop
      vertex 12.3271 13.7627 1.47
      vertex 12.1538 13.2766 1.47
      vertex 12.3271 13.0539 1.47
    endloop
  endfacet
  facet normal 0 0 1
    outer loop
      vertex 12.1538 13.2766 1.47
      vertex 12.123 13.0539 1.47
      vertex 12.3271 13.0539 1.47
    endloop
  endfacet
  facet normal -0 0 1
    outer loop
      vertex 11.8652 13.54 1.47
      vertex 12.1538 13.2766 1.47
      vertex 11.8961 13.7627 1.47
    endloop
  endfacet
  facet normal 0 0 1
    outer loop
      vertex 12.1538 13.2766 1.47
      vertex 11.8652 13.54 1.47
      vertex 12.123 13.0539 1.47
    endloop
  endfacet
  facet normal -0 0 1
    outer loop
      vertex 11.692 13.7627 1.47
      vertex 11.8652 13.54 1.47
      vertex 11.8961 13.7627 1.47
    endloop
  endfacet
  facet normal 0 0 1
    outer loop
      vertex 11.692 13.0539 1.47
      vertex 11.8652 13.54 1.47
      vertex 11.692 13.7627 1.47
    endloop
  endfacet
  facet normal 0 0 1
    outer loop
      vertex 11.8652 13.54 1.47
      vertex 11.692 13.0539 1.47
      vertex 11.8652 13.0539 1.47
    endloop
  endfacet
  facet normal -0.883447 -0.468531 0
    outer loop
      vertex 12.123 13.0539 1.32
      vertex 11.8652 13.54 1.47
      vertex 11.8652 13.54 1.32
    endloop
  endfacet
  facet normal -0.883447 -0.468531 0
    outer loop
      vertex 11.8652 13.54 1.47
      vertex 12.123 13.0539 1.32
      vertex 12.123 13.0539 1.47
    endloop
  endfacet
  facet normal 0 -1 0
    outer loop
      vertex 12.123 13.0539 1.32
      vertex 12.3271 13.0539 1.47
      vertex 12.123 13.0539 1.47
    endloop
  endfacet
  facet normal 0 -1 -0
    outer loop
      vertex 12.3271 13.0539 1.47
      vertex 12.123 13.0539 1.32
      vertex 12.3271 13.0539 1.32
    endloop
  endfacet
  facet normal 1 -0 0
    outer loop
      vertex 12.3271 13.0539 1.47
      vertex 12.3271 13.7627 1.32
      vertex 12.3271 13.7627 1.47
    endloop
  endfacet
  facet normal 1 0 0
    outer loop
      vertex 12.3271 13.7627 1.32
      vertex 12.3271 13.0539 1.47
      vertex 12.3271 13.0539 1.32
    endloop
  endfacet
  facet normal 0 1 -0
    outer loop
      vertex 12.3271 13.7627 1.32
      vertex 12.1538 13.7627 1.47
      vertex 12.3271 13.7627 1.47
    endloop
  endfacet
  facet normal 0 1 0
    outer loop
      vertex 12.1538 13.7627 1.47
      vertex 12.3271 13.7627 1.32
      vertex 12.1538 13.7627 1.32
    endloop
  endfacet
  facet normal -1 0 0
    outer loop
      vertex 12.1538 13.2766 1.32
      vertex 12.1538 13.7627 1.47
      vertex 12.1538 13.7627 1.32
    endloop
  endfacet
  facet normal -1 -0 0
    outer loop
      vertex 12.1538 13.7627 1.47
      vertex 12.1538 13.2766 1.32
      vertex 12.1538 13.2766 1.47
    endloop
  endfacet
  facet normal 0.883523 0.468389 0
    outer loop
      vertex 12.1538 13.2766 1.47
      vertex 11.8961 13.7627 1.32
      vertex 11.8961 13.7627 1.47
    endloop
  endfacet
  facet normal 0.883523 0.468389 0
    outer loop
      vertex 11.8961 13.7627 1.32
      vertex 12.1538 13.2766 1.47
      vertex 12.1538 13.2766 1.32
    endloop
  endfacet
  facet normal 0 1 -0
    outer loop
      vertex 11.8961 13.7627 1.32
      vertex 11.692 13.7627 1.47
      vertex 11.8961 13.7627 1.47
    endloop
  endfacet
  facet normal 0 1 0
    outer loop
      vertex 11.692 13.7627 1.47
      vertex 11.8961 13.7627 1.32
      vertex 11.692 13.7627 1.32
    endloop
  endfacet
  facet normal -1 0 0
    outer loop
      vertex 11.692 13.0539 1.32
      vertex 11.692 13.7627 1.47
      vertex 11.692 13.7627 1.32
    endloop
  endfacet
  facet normal -1 -0 0
    outer loop
      vertex 11.692 13.7627 1.47
      vertex 11.692 13.0539 1.32
      vertex 11.692 13.0539 1.47
    endloop
  endfacet
  facet normal 0 -1 0
    outer loop
      vertex 11.692 13.0539 1.32
      vertex 11.8652 13.0539 1.47
      vertex 11.692 13.0539 1.47
    endloop
  endfacet
  facet normal 0 -1 -0
    outer loop
      vertex 11.8652 13.0539 1.47
      vertex 11.692 13.0539 1.32
      vertex 11.8652 13.0539 1.32
    endloop
  endfacet
  facet normal 1 -0 0
    outer loop
      vertex 11.8652 13.0539 1.47
      vertex 11.8652 13.54 1.32
      vertex 11.8652 13.54 1.47
    endloop
  endfacet
  facet normal 1 0 0
    outer loop
      vertex 11.8652 13.54 1.32
      vertex 11.8652 13.0539 1.47
      vertex 11.8652 13.0539 1.32
    endloop
  endfacet
  facet normal -1 0 0
    outer loop
      vertex -9 -9 -1
      vertex -9 9 -0.0999994
      vertex -9 9 -1
    endloop
  endfacet
  facet normal -1 0 0
    outer loop
      vertex -9 -9 0
      vertex -9 9 -0.0999994
      vertex -9 -9 -1
    endloop
  endfacet
  facet normal -1 0 0
    outer loop
      vertex -9 9 -0.0999994
      vertex -9 -9 0
      vertex -9 9 0
    endloop
  endfacet
  facet normal 0 -1 0
    outer loop
      vertex -9 -9 -1
      vertex 14 -9 0
      vertex -9 -9 0
    endloop
  endfacet
  facet normal 0 -1 -0
    outer loop
      vertex 14 -9 0
      vertex -9 -9 -1
      vertex 14 -9 -1
    endloop
  endfacet
  facet normal 0 0 -1
    outer loop
      vertex -9 -9 -1
      vertex 9 9 -1
      vertex 14 -9 -1
    endloop
  endfacet
  facet normal -0 0 -1
    outer loop
      vertex 9 9 -1
      vertex -9 -9 -1
      vertex -9 9 -1
    endloop
  endfacet
  facet normal 0.963518 0.267644 0
    outer loop
      vertex 14 -9 0
      vertex 9 9 -0.0999994
      vertex 9 9 0
    endloop
  endfacet
  facet normal 0.963518 0.267644 0
    outer loop
      vertex 9 9 -0.0999994
      vertex 14 -9 0
      vertex 9 9 -1
    endloop
  endfacet
  facet normal 0.963518 0.267644 0
    outer loop
      vertex 9 9 -1
      vertex 14 -9 0
      vertex 14 -9 -1
    endloop
  endfacet
endsolid OpenSCAD_Model
