solid OpenSCAD_Model
  facet normal 1 0 0
    outer loop
      vertex -9 16 1
      vertex -9 15 0.0499992
      vertex -9 16 0
    endloop
  endfacet
  facet normal 1 0 0
    outer loop
      vertex -9 16 1
      vertex -9 9 0.0499992
      vertex -9 15 0.0499992
    endloop
  endfacet
  facet normal 1 0 0
    outer loop
      vertex -9 9 0.0499992
      vertex -9 -9 0
      vertex -9 9 0
    endloop
  endfacet
  facet normal 1 0 0
    outer loop
      vertex -9 16 1
      vertex -9 -9 0
      vertex -9 9 0.0499992
    endloop
  endfacet
  facet normal 1 -0 0
    outer loop
      vertex -9 -16 1
      vertex -9 -9 0
      vertex -9 16 1
    endloop
  endfacet
  facet normal 1 0 0
    outer loop
      vertex -9 -9 0
      vertex -9 -16 1
      vertex -9 -16 0
    endloop
  endfacet
  facet normal 1 0 0
    outer loop
      vertex -9 16 0
      vertex -9 15 0.0499992
      vertex -9 15 0
    endloop
  endfacet
  facet normal -0 0 1
    outer loop
      vertex -35 16 1
      vertex -9 -16 1
      vertex -9 16 1
    endloop
  endfacet
  facet normal 0 0 1
    outer loop
      vertex -9 -16 1
      vertex -35 16 1
      vertex -35 -16 1
    endloop
  endfacet
  facet normal 0 0 -1
    outer loop
      vertex -35 -16 0
      vertex -9 -9 0
      vertex -9 -16 0
    endloop
  endfacet
  facet normal 0 0 -1
    outer loop
      vertex -35 9 0
      vertex -9 -9 0
      vertex -35 -16 0
    endloop
  endfacet
  facet normal 0 0 -1
    outer loop
      vertex -9 -9 0
      vertex -35 9 0
      vertex -9 9 0
    endloop
  endfacet
  facet normal 0 0 -1
    outer loop
      vertex -35 15 0
      vertex -9 16 0
      vertex -9 15 0
    endloop
  endfacet
  facet normal -0 0 -1
    outer loop
      vertex -9 16 0
      vertex -35 15 0
      vertex -35 16 0
    endloop
  endfacet
  facet normal -1 0 0
    outer loop
      vertex -35 15 -0.0999994
      vertex -35 9 -0.0999994
      vertex -35 15 0
    endloop
  endfacet
  facet normal -1 0 0
    outer loop
      vertex -35 15 0
      vertex -35 16 1
      vertex -35 16 0
    endloop
  endfacet
  facet normal -1 0 0
    outer loop
      vertex -35 9 0
      vertex -35 15 0
      vertex -35 9 -0.0999994
    endloop
  endfacet
  facet normal -1 0 0
    outer loop
      vertex -35 15 0
      vertex -35 9 0
      vertex -35 16 1
    endloop
  endfacet
  facet normal -1 0 0
    outer loop
      vertex -35 -16 1
      vertex -35 9 0
      vertex -35 -16 0
    endloop
  endfacet
  facet normal -1 0 0
    outer loop
      vertex -35 9 0
      vertex -35 -16 1
      vertex -35 16 1
    endloop
  endfacet
  facet normal 0 1 -0
    outer loop
      vertex -9 16 0
      vertex -35 16 1
      vertex -9 16 1
    endloop
  endfacet
  facet normal 0 1 0
    outer loop
      vertex -35 16 1
      vertex -9 16 0
      vertex -35 16 0
    endloop
  endfacet
  facet normal 0 -1 0
    outer loop
      vertex -35 -16 0
      vertex -9 -16 1
      vertex -35 -16 1
    endloop
  endfacet
  facet normal 0 -1 -0
    outer loop
      vertex -9 -16 1
      vertex -35 -16 0
      vertex -9 -16 0
    endloop
  endfacet
  facet normal 1 -0 0
    outer loop
      vertex 35 9 0.0499992
      vertex 35 15 -0.0999994
      vertex 35 15 0.0499992
    endloop
  endfacet
  facet normal 1 0 0
    outer loop
      vertex 35 15 -0.0999994
      vertex 35 9 0.0499992
      vertex 35 9 -0.0999994
    endloop
  endfacet
  facet normal -0 0 1
    outer loop
      vertex -9 15 0.0499992
      vertex 35 9 0.0499992
      vertex 35 15 0.0499992
    endloop
  endfacet
  facet normal 0 0 1
    outer loop
      vertex 35 9 0.0499992
      vertex -9 15 0.0499992
      vertex -9 9 0.0499992
    endloop
  endfacet
  facet normal 0 0 -1
    outer loop
      vertex 9 9 -0.0999994
      vertex 35 15 -0.0999994
      vertex 35 9 -0.0999994
    endloop
  endfacet
  facet normal 0 0 -1
    outer loop
      vertex -9 9 -0.0999994
      vertex 35 15 -0.0999994
      vertex 9 9 -0.0999994
    endloop
  endfacet
  facet normal 0 0 -1
    outer loop
      vertex -35 15 -0.0999994
      vertex -9 9 -0.0999994
      vertex -35 9 -0.0999994
    endloop
  endfacet
  facet normal 0 0 -1
    outer loop
      vertex -9 9 -0.0999994
      vertex -35 15 -0.0999994
      vertex 35 15 -0.0999994
    endloop
  endfacet
  facet normal 0 1 0
    outer loop
      vertex 35 15 0.0499992
      vertex -9 15 0
      vertex -9 15 0.0499992
    endloop
  endfacet
  facet normal 0 1 -0
    outer loop
      vertex 35 15 -0.0999994
      vertex -9 15 0
      vertex 35 15 0.0499992
    endloop
  endfacet
  facet normal 0 1 0
    outer loop
      vertex -35 15 -0.0999994
      vertex -9 15 0
      vertex 35 15 -0.0999994
    endloop
  endfacet
  facet normal 0 1 0
    outer loop
      vertex -9 15 0
      vertex -35 15 -0.0999994
      vertex -35 15 0
    endloop
  endfacet
  facet normal 0 1 -0
    outer loop
      vertex 9 9 -1
      vertex -9 9 -0.0999994
      vertex 9 9 -0.0999994
    endloop
  endfacet
  facet normal 0 1 0
    outer loop
      vertex -9 9 -0.0999994
      vertex 9 9 -1
      vertex -9 9 -1
    endloop
  endfacet
  facet normal 0 -1 0
    outer loop
      vertex 9 9 0
      vertex -9 9 0.0499992
      vertex -9 9 0
    endloop
  endfacet
  facet normal 0 -1 0
    outer loop
      vertex -9 9 0.0499992
      vertex 9 9 0
      vertex 35 9 0.0499992
    endloop
  endfacet
  facet normal 0 -1 0
    outer loop
      vertex 9 9 -0.0999994
      vertex 35 9 0.0499992
      vertex 9 9 0
    endloop
  endfacet
  facet normal 0 -1 -0
    outer loop
      vertex 35 9 0.0499992
      vertex 9 9 -0.0999994
      vertex 35 9 -0.0999994
    endloop
  endfacet
  facet normal 0 -1 0
    outer loop
      vertex -35 9 -0.0999994
      vertex -9 9 0
      vertex -35 9 0
    endloop
  endfacet
  facet normal 0 -1 -0
    outer loop
      vertex -9 9 0
      vertex -35 9 -0.0999994
      vertex -9 9 -0.0999994
    endloop
  endfacet
  facet normal 1 0 0
    outer loop
      vertex 4.65 -2.84667 3.8
      vertex 4.65 -4.65 3.8
      vertex 4.65 -3.85 3.45
    endloop
  endfacet
  facet normal 1 0 0
    outer loop
      vertex 4.65 4.65 3.8
      vertex 4.65 3.85 3.45
      vertex 4.65 4.65 0
    endloop
  endfacet
  facet normal 1 0 -0
    outer loop
      vertex 4.65 3.85 3.45
      vertex 4.65 4.65 3.8
      vertex 4.65 2.84667 3.8
    endloop
  endfacet
  facet normal 1 -0 0
    outer loop
      vertex 4.65 3.51563 3.45
      vertex 4.65 4.65 0
      vertex 4.65 3.85 3.45
    endloop
  endfacet
  facet normal 1 0 0
    outer loop
      vertex 4.65 2.575 3.8
      vertex 4.65 4.65 0
      vertex 4.65 3.51563 3.45
    endloop
  endfacet
  facet normal 1 -0 0
    outer loop
      vertex 4.65 -2.575 3.8
      vertex 4.65 4.65 0
      vertex 4.65 2.575 3.8
    endloop
  endfacet
  facet normal 1 0 0
    outer loop
      vertex 4.65 -4.65 0
      vertex 4.65 -2.575 3.8
      vertex 4.65 -3.51563 3.45
    endloop
  endfacet
  facet normal 1 0 0
    outer loop
      vertex 4.65 -4.65 0
      vertex 4.65 -3.51563 3.45
      vertex 4.65 -3.85 3.45
    endloop
  endfacet
  facet normal 1 0 0
    outer loop
      vertex 4.65 -2.575 3.8
      vertex 4.65 -4.65 0
      vertex 4.65 4.65 0
    endloop
  endfacet
  facet normal 1 0 0
    outer loop
      vertex 4.65 -4.65 0
      vertex 4.65 -3.85 3.45
      vertex 4.65 -4.65 3.8
    endloop
  endfacet
  facet normal 0 0 1
    outer loop
      vertex -2.84667 4.65 3.8
      vertex -4.45 4.45 3.8
      vertex -3.04667 4.45 3.8
    endloop
  endfacet
  facet normal -0 0 1
    outer loop
      vertex -4.65 4.65 3.8
      vertex -4.45 4.45 3.8
      vertex -2.84667 4.65 3.8
    endloop
  endfacet
  facet normal 0 0 1
    outer loop
      vertex -4.65 4.65 3.8
      vertex -4.45 3.04667 3.8
      vertex -4.45 4.45 3.8
    endloop
  endfacet
  facet normal 0 0 1
    outer loop
      vertex -4.45 3.04667 3.8
      vertex -4.65 4.65 3.8
      vertex -4.65 2.84667 3.8
    endloop
  endfacet
  facet normal 0 0 1
    outer loop
      vertex 4.65 4.65 3.8
      vertex 4.45 4.45 3.8
      vertex 4.65 2.84667 3.8
    endloop
  endfacet
  facet normal 0 0 1
    outer loop
      vertex 4.65 4.65 3.8
      vertex 3.04667 4.45 3.8
      vertex 4.45 4.45 3.8
    endloop
  endfacet
  facet normal 0 -0 1
    outer loop
      vertex 3.04667 4.45 3.8
      vertex 4.65 4.65 3.8
      vertex 2.84667 4.65 3.8
    endloop
  endfacet
  facet normal 0 0 1
    outer loop
      vertex 4.65 2.84667 3.8
      vertex 4.45 4.45 3.8
      vertex 4.45 3.04667 3.8
    endloop
  endfacet
  facet normal 0 0 1
    outer loop
      vertex -4.45 -3.04667 3.8
      vertex -4.65 -2.84667 3.8
      vertex -4.45 -4.45 3.8
    endloop
  endfacet
  facet normal -0 0 1
    outer loop
      vertex -4.45 -4.45 3.8
      vertex -2.84667 -4.65 3.8
      vertex -3.04667 -4.45 3.8
    endloop
  endfacet
  facet normal 0 0 1
    outer loop
      vertex -4.45 -4.45 3.8
      vertex -4.65 -4.65 3.8
      vertex -2.84667 -4.65 3.8
    endloop
  endfacet
  facet normal 0 0 1
    outer loop
      vertex -4.65 -4.65 3.8
      vertex -4.45 -4.45 3.8
      vertex -4.65 -2.84667 3.8
    endloop
  endfacet
  facet normal -0 0 1
    outer loop
      vertex 4.45 -3.04667 3.8
      vertex 4.65 -4.65 3.8
      vertex 4.65 -2.84667 3.8
    endloop
  endfacet
  facet normal -0 0 1
    outer loop
      vertex 4.45 -4.45 3.8
      vertex 4.65 -4.65 3.8
      vertex 4.45 -3.04667 3.8
    endloop
  endfacet
  facet normal -0 0 1
    outer loop
      vertex 3.04667 -4.45 3.8
      vertex 4.65 -4.65 3.8
      vertex 4.45 -4.45 3.8
    endloop
  endfacet
  facet normal 0 0 1
    outer loop
      vertex 4.65 -4.65 3.8
      vertex 3.04667 -4.45 3.8
      vertex 2.84667 -4.65 3.8
    endloop
  endfacet
  facet normal -0 0 1
    outer loop
      vertex -4.65 2.575 3.8
      vertex -4.45 -2.775 3.8
      vertex -4.45 2.775 3.8
    endloop
  endfacet
  facet normal 0 0 1
    outer loop
      vertex -4.45 -2.775 3.8
      vertex -4.65 2.575 3.8
      vertex -4.65 -2.575 3.8
    endloop
  endfacet
  facet normal 0 0 1
    outer loop
      vertex 2.775 -4.45 3.8
      vertex -2.575 -4.65 3.8
      vertex 2.575 -4.65 3.8
    endloop
  endfacet
  facet normal 0 -0 1
    outer loop
      vertex -2.575 -4.65 3.8
      vertex 2.775 -4.45 3.8
      vertex -2.775 -4.45 3.8
    endloop
  endfacet
  facet normal -0 0 1
    outer loop
      vertex -2.575 4.65 3.8
      vertex 2.775 4.45 3.8
      vertex 2.575 4.65 3.8
    endloop
  endfacet
  facet normal 0 0 1
    outer loop
      vertex 2.775 4.45 3.8
      vertex -2.575 4.65 3.8
      vertex -2.775 4.45 3.8
    endloop
  endfacet
  facet normal 0 0 1
    outer loop
      vertex 4.45 2.775 3.8
      vertex 4.65 -2.575 3.8
      vertex 4.65 2.575 3.8
    endloop
  endfacet
  facet normal 0 0 1
    outer loop
      vertex 4.65 -2.575 3.8
      vertex 4.45 2.775 3.8
      vertex 4.45 -2.775 3.8
    endloop
  endfacet
  facet normal 0 0 1
    outer loop
      vertex -4.65 -1.6 0
      vertex -6.25 -1.6 0
      vertex -4.65 -4.65 0
    endloop
  endfacet
  facet normal 0 0 1
    outer loop
      vertex 9 9 0
      vertex -4.65 4.65 0
      vertex 4.65 4.65 0
    endloop
  endfacet
  facet normal 0 0 1
    outer loop
      vertex -4.65 4.65 0
      vertex -6.25 1.6 0
      vertex -4.65 1.6 0
    endloop
  endfacet
  facet normal 0 0 1
    outer loop
      vertex -6.25 1.6 0
      vertex -9 9 0
      vertex -6.25 -1.6 0
    endloop
  endfacet
  facet normal 0 0 1
    outer loop
      vertex -4.65 4.65 0
      vertex -9 9 0
      vertex -6.25 1.6 0
    endloop
  endfacet
  facet normal -0 0 1
    outer loop
      vertex -9 9 0
      vertex -4.65 4.65 0
      vertex 9 9 0
    endloop
  endfacet
  facet normal -0 0 1
    outer loop
      vertex 4.65 4.65 0
      vertex 14 -9 0
      vertex 9 9 0
    endloop
  endfacet
  facet normal -0 0 1
    outer loop
      vertex 4.65 -4.65 0
      vertex 14 -9 0
      vertex 4.65 4.65 0
    endloop
  endfacet
  facet normal 0 0 1
    outer loop
      vertex -9 -9 0
      vertex 4.65 -4.65 0
      vertex -4.65 -4.65 0
    endloop
  endfacet
  facet normal 0 0 1
    outer loop
      vertex 4.65 -4.65 0
      vertex -9 -9 0
      vertex 14 -9 0
    endloop
  endfacet
  facet normal 0 0 1
    outer loop
      vertex -6.25 -1.6 0
      vertex -9 -9 0
      vertex -4.65 -4.65 0
    endloop
  endfacet
  facet normal 0 0 1
    outer loop
      vertex -9 -9 0
      vertex -6.25 -1.6 0
      vertex -9 9 0
    endloop
  endfacet
  facet normal -0 0 1
    outer loop
      vertex -4.45 4.45 0
      vertex 4.45 -4.45 0
      vertex 4.45 4.45 0
    endloop
  endfacet
  facet normal 0 0 1
    outer loop
      vertex 4.45 -4.45 0
      vertex -4.45 4.45 0
      vertex -4.45 -4.45 0
    endloop
  endfacet
  facet normal -1 0 0
    outer loop
      vertex -4.65 -3.51563 3.45
      vertex -4.65 -1.6 3.6
      vertex -4.65 -1.6 0
    endloop
  endfacet
  facet normal -1 -0 0
    outer loop
      vertex -4.65 -1.6 3.6
      vertex -4.65 -3.51563 3.45
      vertex -4.65 -2.575 3.8
    endloop
  endfacet
  facet normal -1 0 0
    outer loop
      vertex -4.65 -4.65 0
      vertex -4.65 -3.51563 3.45
      vertex -4.65 -1.6 0
    endloop
  endfacet
  facet normal -1 -0 0
    outer loop
      vertex -4.65 -3.51563 3.45
      vertex -4.65 -4.65 0
      vertex -4.65 -3.85 3.45
    endloop
  endfacet
  facet normal -1 0 0
    outer loop
      vertex -4.65 4.65 0
      vertex -4.65 3.85 3.45
      vertex -4.65 4.65 3.8
    endloop
  endfacet
  facet normal -1 0 0
    outer loop
      vertex -4.65 4.65 0
      vertex -4.65 3.51563 3.45
      vertex -4.65 3.85 3.45
    endloop
  endfacet
  facet normal -1 0 0
    outer loop
      vertex -4.65 1.6 0
      vertex -4.65 3.51563 3.45
      vertex -4.65 4.65 0
    endloop
  endfacet
  facet normal -1 0 0
    outer loop
      vertex -4.65 1.6 3.6
      vertex -4.65 3.51563 3.45
      vertex -4.65 1.6 0
    endloop
  endfacet
  facet normal -1 0 0
    outer loop
      vertex -4.65 3.51563 3.45
      vertex -4.65 1.6 3.6
      vertex -4.65 2.575 3.8
    endloop
  endfacet
  facet normal -1 0 0
    outer loop
      vertex -4.65 -1.6 3.6
      vertex -4.65 2.575 3.8
      vertex -4.65 1.6 3.6
    endloop
  endfacet
  facet normal -1 -0 0
    outer loop
      vertex -4.65 2.575 3.8
      vertex -4.65 -1.6 3.6
      vertex -4.65 -2.575 3.8
    endloop
  endfacet
  facet normal -1 -0 0
    outer loop
      vertex -4.65 4.65 3.8
      vertex -4.65 3.85 3.45
      vertex -4.65 2.84667 3.8
    endloop
  endfacet
  facet normal -1 0 0
    outer loop
      vertex -4.65 -3.85 3.45
      vertex -4.65 -4.65 3.8
      vertex -4.65 -2.84667 3.8
    endloop
  endfacet
  facet normal -1 0 0
    outer loop
      vertex -4.65 -4.65 3.8
      vertex -4.65 -3.85 3.45
      vertex -4.65 -4.65 0
    endloop
  endfacet
  facet normal 0 1 0
    outer loop
      vertex 4.65 4.65 3.8
      vertex 3.85 4.65 3.45
      vertex 2.84667 4.65 3.8
    endloop
  endfacet
  facet normal 0 1 0
    outer loop
      vertex 4.65 4.65 0
      vertex 3.51563 4.65 3.45
      vertex 3.85 4.65 3.45
    endloop
  endfacet
  facet normal 0 1 0
    outer loop
      vertex 3.51563 4.65 3.45
      vertex 4.65 4.65 0
      vertex -3.51563 4.65 3.45
    endloop
  endfacet
  facet normal 0 1 0
    outer loop
      vertex -4.65 4.65 0
      vertex -3.51563 4.65 3.45
      vertex 4.65 4.65 0
    endloop
  endfacet
  facet normal 0 1 -0
    outer loop
      vertex 4.65 4.65 0
      vertex 3.85 4.65 3.45
      vertex 4.65 4.65 3.8
    endloop
  endfacet
  facet normal 0 1 0
    outer loop
      vertex 3.51563 4.65 3.45
      vertex -2.575 4.65 3.8
      vertex 2.575 4.65 3.8
    endloop
  endfacet
  facet normal 0 1 0
    outer loop
      vertex -2.575 4.65 3.8
      vertex 3.51563 4.65 3.45
      vertex -3.51563 4.65 3.45
    endloop
  endfacet
  facet normal 0 1 -0
    outer loop
      vertex -3.85 4.65 3.45
      vertex -4.65 4.65 3.8
      vertex -2.84667 4.65 3.8
    endloop
  endfacet
  facet normal 0 1 0
    outer loop
      vertex -3.85 4.65 3.45
      vertex -4.65 4.65 0
      vertex -4.65 4.65 3.8
    endloop
  endfacet
  facet normal 0 1 0
    outer loop
      vertex -3.51563 4.65 3.45
      vertex -4.65 4.65 0
      vertex -3.85 4.65 3.45
    endloop
  endfacet
  facet normal 0 -1 0
    outer loop
      vertex -4.65 -4.65 3.8
      vertex -3.85 -4.65 3.45
      vertex -2.84667 -4.65 3.8
    endloop
  endfacet
  facet normal 0 -1 0
    outer loop
      vertex -4.65 -4.65 0
      vertex -3.51563 -4.65 3.45
      vertex -3.85 -4.65 3.45
    endloop
  endfacet
  facet normal 0 -1 -0
    outer loop
      vertex -3.51563 -4.65 3.45
      vertex -4.65 -4.65 0
      vertex 3.51563 -4.65 3.45
    endloop
  endfacet
  facet normal 0 -1 0
    outer loop
      vertex 4.65 -4.65 0
      vertex 3.51563 -4.65 3.45
      vertex -4.65 -4.65 0
    endloop
  endfacet
  facet normal 0 -1 0
    outer loop
      vertex -4.65 -4.65 0
      vertex -3.85 -4.65 3.45
      vertex -4.65 -4.65 3.8
    endloop
  endfacet
  facet normal 0 -1 0
    outer loop
      vertex -3.51563 -4.65 3.45
      vertex 2.575 -4.65 3.8
      vertex -2.575 -4.65 3.8
    endloop
  endfacet
  facet normal 0 -1 -0
    outer loop
      vertex 2.575 -4.65 3.8
      vertex -3.51563 -4.65 3.45
      vertex 3.51563 -4.65 3.45
    endloop
  endfacet
  facet normal 0 -1 0
    outer loop
      vertex 3.85 -4.65 3.45
      vertex 4.65 -4.65 3.8
      vertex 2.84667 -4.65 3.8
    endloop
  endfacet
  facet normal 0 -1 0
    outer loop
      vertex 3.85 -4.65 3.45
      vertex 4.65 -4.65 0
      vertex 4.65 -4.65 3.8
    endloop
  endfacet
  facet normal 0 -1 0
    outer loop
      vertex 3.51563 -4.65 3.45
      vertex 4.65 -4.65 0
      vertex 3.85 -4.65 3.45
    endloop
  endfacet
  facet normal -1 0 0
    outer loop
      vertex 4.45 4.45 0
      vertex 4.45 4.05 3.45
      vertex 4.45 4.45 3.8
    endloop
  endfacet
  facet normal -1 0 0
    outer loop
      vertex 4.45 4.45 0
      vertex 4.45 3.71563 3.45
      vertex 4.45 4.05 3.45
    endloop
  endfacet
  facet normal -1 0 0
    outer loop
      vertex 4.45 4.45 0
      vertex 4.45 2.775 3.8
      vertex 4.45 3.71563 3.45
    endloop
  endfacet
  facet normal -1 0 0
    outer loop
      vertex 4.45 4.45 0
      vertex 4.45 -2.775 3.8
      vertex 4.45 2.775 3.8
    endloop
  endfacet
  facet normal -1 0 0
    outer loop
      vertex 4.45 -4.45 0
      vertex 4.45 -2.775 3.8
      vertex 4.45 4.45 0
    endloop
  endfacet
  facet normal -1 0 0
    outer loop
      vertex 4.45 -2.775 3.8
      vertex 4.45 -4.45 0
      vertex 4.45 -3.71563 3.45
    endloop
  endfacet
  facet normal -1 -0 0
    outer loop
      vertex 4.45 -3.71563 3.45
      vertex 4.45 -4.45 0
      vertex 4.45 -4.05 3.45
    endloop
  endfacet
  facet normal -1 -0 0
    outer loop
      vertex 4.45 4.45 3.8
      vertex 4.45 4.05 3.45
      vertex 4.45 3.04667 3.8
    endloop
  endfacet
  facet normal -1 0 0
    outer loop
      vertex 4.45 -4.05 3.45
      vertex 4.45 -4.45 3.8
      vertex 4.45 -3.04667 3.8
    endloop
  endfacet
  facet normal -1 0 0
    outer loop
      vertex 4.45 -4.45 3.8
      vertex 4.45 -4.05 3.45
      vertex 4.45 -4.45 0
    endloop
  endfacet
  facet normal 1 0 0
    outer loop
      vertex -4.45 -3.04667 3.8
      vertex -4.45 -4.45 3.8
      vertex -4.45 -4.05 3.45
    endloop
  endfacet
  facet normal 1 0 0
    outer loop
      vertex -4.45 4.45 3.8
      vertex -4.45 4.05 3.45
      vertex -4.45 4.45 0
    endloop
  endfacet
  facet normal 1 0 -0
    outer loop
      vertex -4.45 4.05 3.45
      vertex -4.45 4.45 3.8
      vertex -4.45 3.04667 3.8
    endloop
  endfacet
  facet normal 1 -0 0
    outer loop
      vertex -4.45 3.71563 3.45
      vertex -4.45 4.45 0
      vertex -4.45 4.05 3.45
    endloop
  endfacet
  facet normal 1 0 0
    outer loop
      vertex -4.45 2.775 3.8
      vertex -4.45 4.45 0
      vertex -4.45 3.71563 3.45
    endloop
  endfacet
  facet normal 1 -0 0
    outer loop
      vertex -4.45 -2.775 3.8
      vertex -4.45 4.45 0
      vertex -4.45 2.775 3.8
    endloop
  endfacet
  facet normal 1 0 0
    outer loop
      vertex -4.45 -4.45 0
      vertex -4.45 -2.775 3.8
      vertex -4.45 -3.71563 3.45
    endloop
  endfacet
  facet normal 1 0 0
    outer loop
      vertex -4.45 -4.45 0
      vertex -4.45 -3.71563 3.45
      vertex -4.45 -4.05 3.45
    endloop
  endfacet
  facet normal 1 0 0
    outer loop
      vertex -4.45 -2.775 3.8
      vertex -4.45 -4.45 0
      vertex -4.45 4.45 0
    endloop
  endfacet
  facet normal 1 0 0
    outer loop
      vertex -4.45 -4.45 0
      vertex -4.45 -4.05 3.45
      vertex -4.45 -4.45 3.8
    endloop
  endfacet
  facet normal 0 -1 0
    outer loop
      vertex -4.45 4.45 3.8
      vertex -4.05 4.45 3.45
      vertex -3.04667 4.45 3.8
    endloop
  endfacet
  facet normal 0 -1 0
    outer loop
      vertex -4.45 4.45 0
      vertex -3.71563 4.45 3.45
      vertex -4.05 4.45 3.45
    endloop
  endfacet
  facet normal 0 -1 -0
    outer loop
      vertex -3.71563 4.45 3.45
      vertex -4.45 4.45 0
      vertex 3.71563 4.45 3.45
    endloop
  endfacet
  facet normal 0 -1 0
    outer loop
      vertex 4.45 4.45 0
      vertex 3.71563 4.45 3.45
      vertex -4.45 4.45 0
    endloop
  endfacet
  facet normal 0 -1 0
    outer loop
      vertex -4.45 4.45 0
      vertex -4.05 4.45 3.45
      vertex -4.45 4.45 3.8
    endloop
  endfacet
  facet normal 0 -1 0
    outer loop
      vertex -3.71563 4.45 3.45
      vertex 2.775 4.45 3.8
      vertex -2.775 4.45 3.8
    endloop
  endfacet
  facet normal 0 -1 -0
    outer loop
      vertex 2.775 4.45 3.8
      vertex -3.71563 4.45 3.45
      vertex 3.71563 4.45 3.45
    endloop
  endfacet
  facet normal 0 -1 0
    outer loop
      vertex 4.05 4.45 3.45
      vertex 4.45 4.45 3.8
      vertex 3.04667 4.45 3.8
    endloop
  endfacet
  facet normal 0 -1 0
    outer loop
      vertex 4.05 4.45 3.45
      vertex 4.45 4.45 0
      vertex 4.45 4.45 3.8
    endloop
  endfacet
  facet normal 0 -1 0
    outer loop
      vertex 3.71563 4.45 3.45
      vertex 4.45 4.45 0
      vertex 4.05 4.45 3.45
    endloop
  endfacet
  facet normal 0 1 0
    outer loop
      vertex 4.45 -4.45 3.8
      vertex 4.05 -4.45 3.45
      vertex 3.04667 -4.45 3.8
    endloop
  endfacet
  facet normal 0 1 0
    outer loop
      vertex 4.45 -4.45 0
      vertex 3.71563 -4.45 3.45
      vertex 4.05 -4.45 3.45
    endloop
  endfacet
  facet normal 0 1 0
    outer loop
      vertex 3.71563 -4.45 3.45
      vertex 4.45 -4.45 0
      vertex -3.71563 -4.45 3.45
    endloop
  endfacet
  facet normal 0 1 0
    outer loop
      vertex -4.45 -4.45 0
      vertex -3.71563 -4.45 3.45
      vertex 4.45 -4.45 0
    endloop
  endfacet
  facet normal 0 1 -0
    outer loop
      vertex 4.45 -4.45 0
      vertex 4.05 -4.45 3.45
      vertex 4.45 -4.45 3.8
    endloop
  endfacet
  facet normal 0 1 0
    outer loop
      vertex 3.71563 -4.45 3.45
      vertex -2.775 -4.45 3.8
      vertex 2.775 -4.45 3.8
    endloop
  endfacet
  facet normal 0 1 0
    outer loop
      vertex -2.775 -4.45 3.8
      vertex 3.71563 -4.45 3.45
      vertex -3.71563 -4.45 3.45
    endloop
  endfacet
  facet normal 0 1 -0
    outer loop
      vertex -4.05 -4.45 3.45
      vertex -4.45 -4.45 3.8
      vertex -3.04667 -4.45 3.8
    endloop
  endfacet
  facet normal 0 1 0
    outer loop
      vertex -4.05 -4.45 3.45
      vertex -4.45 -4.45 0
      vertex -4.45 -4.45 3.8
    endloop
  endfacet
  facet normal 0 1 0
    outer loop
      vertex -3.71563 -4.45 3.45
      vertex -4.45 -4.45 0
      vertex -4.05 -4.45 3.45
    endloop
  endfacet
  facet normal 0 0 1
    outer loop
      vertex -6.25 1.5125 3.6
      vertex -4.65 1.6 3.6
      vertex -6.1625 1.6 3.6
    endloop
  endfacet
  facet normal 0 0 1
    outer loop
      vertex -4.65 1.6 3.6
      vertex -6.25 1.5125 3.6
      vertex -4.65 -1.6 3.6
    endloop
  endfacet
  facet normal -0 0 1
    outer loop
      vertex -6.25 -1.5125 3.6
      vertex -4.65 -1.6 3.6
      vertex -6.25 1.5125 3.6
    endloop
  endfacet
  facet normal 0 0 1
    outer loop
      vertex -4.65 -1.6 3.6
      vertex -6.25 -1.5125 3.6
      vertex -6.1625 -1.6 3.6
    endloop
  endfacet
  facet normal -1 0 0
    outer loop
      vertex -6.25 1.6 0
      vertex -6.25 1.5125 3.6
      vertex -6.25 1.6 3.56744
    endloop
  endfacet
  facet normal -1 0 0
    outer loop
      vertex -6.25 1.6 0
      vertex -6.25 -1.5125 3.6
      vertex -6.25 1.5125 3.6
    endloop
  endfacet
  facet normal -1 0 0
    outer loop
      vertex -6.25 -1.6 0
      vertex -6.25 -1.5125 3.6
      vertex -6.25 1.6 0
    endloop
  endfacet
  facet normal -1 0 0
    outer loop
      vertex -6.25 -1.5125 3.6
      vertex -6.25 -1.6 0
      vertex -6.25 -1.6 3.56744
    endloop
  endfacet
  facet normal 0 1 -0
    outer loop
      vertex -4.65 1.6 0
      vertex -6.1625 1.6 3.6
      vertex -4.65 1.6 3.6
    endloop
  endfacet
  facet normal 0 1 0
    outer loop
      vertex -6.25 1.6 0
      vertex -6.1625 1.6 3.6
      vertex -4.65 1.6 0
    endloop
  endfacet
  facet normal 0 1 0
    outer loop
      vertex -6.1625 1.6 3.6
      vertex -6.25 1.6 0
      vertex -6.25 1.6 3.56744
    endloop
  endfacet
  facet normal 0 -1 0
    outer loop
      vertex -6.25 -1.6 0
      vertex -6.1625 -1.6 3.6
      vertex -6.25 -1.6 3.56744
    endloop
  endfacet
  facet normal 0 -1 -0
    outer loop
      vertex -6.1625 -1.6 3.6
      vertex -6.25 -1.6 0
      vertex -4.65 -1.6 0
    endloop
  endfacet
  facet normal 0 -1 0
    outer loop
      vertex -6.1625 -1.6 3.6
      vertex -4.65 -1.6 0
      vertex -4.65 -1.6 3.6
    endloop
  endfacet
  facet normal -0.312839 -0.312839 0.896807
    outer loop
      vertex -4.2 0 4.95
      vertex -4.65 -2.84667 3.8
      vertex -4.45 -3.04667 3.8
    endloop
  endfacet
  facet normal -0.31284 -0.31284 0.896806
    outer loop
      vertex -4.65 -2.84667 3.8
      vertex -8.5 0 3.45
      vertex -4.65 -3.85 3.45
    endloop
  endfacet
  facet normal -0.31284 -0.312839 0.896807
    outer loop
      vertex -8.5 0 3.45
      vertex -4.65 -2.84667 3.8
      vertex -4.2 0 4.95
    endloop
  endfacet
  facet normal -0.312839 -0.31284 0.896807
    outer loop
      vertex 0 -4.2 4.95
      vertex -2.84667 -4.65 3.8
      vertex 0 -8.5 3.45
    endloop
  endfacet
  facet normal -0.312839 -0.312839 0.896807
    outer loop
      vertex 0 -4.2 4.95
      vertex -3.04667 -4.45 3.8
      vertex -2.84667 -4.65 3.8
    endloop
  endfacet
  facet normal -0.312839 -0.312839 0.896807
    outer loop
      vertex -4.45 -3.04667 3.8
      vertex -3.04667 -4.45 3.8
      vertex 0 -4.2 4.95
    endloop
  endfacet
  facet normal -0.312839 -0.312839 0.896807
    outer loop
      vertex -4.45 -3.04667 3.8
      vertex 0 -4.2 4.95
      vertex -4.2 0 4.95
    endloop
  endfacet
  facet normal -0.31284 -0.31284 0.896806
    outer loop
      vertex -3.04667 -4.45 3.8
      vertex -4.45 -3.04667 3.8
      vertex -4.05 -4.45 3.45
    endloop
  endfacet
  facet normal -0.31284 -0.31284 0.896806
    outer loop
      vertex -4.05 -4.45 3.45
      vertex -4.45 -3.04667 3.8
      vertex -4.45 -4.05 3.45
    endloop
  endfacet
  facet normal -0.31284 -0.31284 0.896806
    outer loop
      vertex 0 -8.5 3.45
      vertex -2.84667 -4.65 3.8
      vertex -3.85 -4.65 3.45
    endloop
  endfacet
  facet normal 0 0 1
    outer loop
      vertex 0 4.2 4.95
      vertex 4.13437 0 4.95
      vertex 4.2 0 4.95
    endloop
  endfacet
  facet normal 0 0 1
    outer loop
      vertex 0 4.2 4.95
      vertex 0 4.13437 4.95
      vertex 4.13437 0 4.95
    endloop
  endfacet
  facet normal 0 0 1
    outer loop
      vertex 0 4.2 4.95
      vertex -4.13437 0 4.95
      vertex 0 4.13437 4.95
    endloop
  endfacet
  facet normal 0 -0 1
    outer loop
      vertex -4.13437 0 4.95
      vertex 0 4.2 4.95
      vertex -4.2 0 4.95
    endloop
  endfacet
  facet normal 0 0 1
    outer loop
      vertex 0 -4.13437 4.95
      vertex 4.2 0 4.95
      vertex 4.13437 0 4.95
    endloop
  endfacet
  facet normal -0 0 1
    outer loop
      vertex 0 -4.13437 4.95
      vertex 0 -4.2 4.95
      vertex 4.2 0 4.95
    endloop
  endfacet
  facet normal 0 0 1
    outer loop
      vertex -4.13437 0 4.95
      vertex 0 -4.2 4.95
      vertex 0 -4.13437 4.95
    endloop
  endfacet
  facet normal 0 0 1
    outer loop
      vertex 0 -4.2 4.95
      vertex -4.13437 0 4.95
      vertex -4.2 0 4.95
    endloop
  endfacet
  facet normal 0.31284 0.31284 0.896806
    outer loop
      vertex 3.85 4.65 3.45
      vertex 0 8.5 3.45
      vertex 2.84667 4.65 3.8
    endloop
  endfacet
  facet normal 0.31284 0.31284 0.896806
    outer loop
      vertex 3.04667 4.45 3.8
      vertex 4.45 3.04667 3.8
      vertex 4.45 4.05 3.45
    endloop
  endfacet
  facet normal 0.31284 0.31284 0.896806
    outer loop
      vertex 3.04667 4.45 3.8
      vertex 4.45 4.05 3.45
      vertex 4.05 4.45 3.45
    endloop
  endfacet
  facet normal 0.312839 0.312839 0.896807
    outer loop
      vertex 4.45 3.04667 3.8
      vertex 3.04667 4.45 3.8
      vertex 4.2 0 4.95
    endloop
  endfacet
  facet normal 0.312839 0.312839 0.896807
    outer loop
      vertex 0 4.2 4.95
      vertex 3.04667 4.45 3.8
      vertex 2.84667 4.65 3.8
    endloop
  endfacet
  facet normal 0.312839 0.31284 0.896807
    outer loop
      vertex 0 4.2 4.95
      vertex 2.84667 4.65 3.8
      vertex 0 8.5 3.45
    endloop
  endfacet
  facet normal 0.312839 0.312839 0.896807
    outer loop
      vertex 3.04667 4.45 3.8
      vertex 0 4.2 4.95
      vertex 4.2 0 4.95
    endloop
  endfacet
  facet normal 0.31284 0.31284 0.896806
    outer loop
      vertex 4.65 2.84667 3.8
      vertex 8.5 0 3.45
      vertex 4.65 3.85 3.45
    endloop
  endfacet
  facet normal 0.31284 0.312839 0.896807
    outer loop
      vertex 4.65 2.84667 3.8
      vertex 4.2 0 4.95
      vertex 8.5 0 3.45
    endloop
  endfacet
  facet normal 0.312839 0.312839 0.896807
    outer loop
      vertex 4.2 0 4.95
      vertex 4.65 2.84667 3.8
      vertex 4.45 3.04667 3.8
    endloop
  endfacet
  facet normal -0.31284 0.31284 0.896806
    outer loop
      vertex -4.65 3.85 3.45
      vertex -8.5 0 3.45
      vertex -4.65 2.84667 3.8
    endloop
  endfacet
  facet normal -0.312839 0.31284 0.896807
    outer loop
      vertex 0 8.5 3.45
      vertex -2.84667 4.65 3.8
      vertex 0 4.2 4.95
    endloop
  endfacet
  facet normal -0.31284 0.31284 0.896806
    outer loop
      vertex -2.84667 4.65 3.8
      vertex 0 8.5 3.45
      vertex -3.85 4.65 3.45
    endloop
  endfacet
  facet normal -0.312839 0.312839 0.896807
    outer loop
      vertex -3.04667 4.45 3.8
      vertex 0 4.2 4.95
      vertex -2.84667 4.65 3.8
    endloop
  endfacet
  facet normal -0.31284 0.31284 0.896806
    outer loop
      vertex -4.45 3.04667 3.8
      vertex -3.04667 4.45 3.8
      vertex -4.05 4.45 3.45
    endloop
  endfacet
  facet normal -0.312839 0.312839 0.896807
    outer loop
      vertex -3.04667 4.45 3.8
      vertex -4.45 3.04667 3.8
      vertex 0 4.2 4.95
    endloop
  endfacet
  facet normal -0.31284 0.31284 0.896806
    outer loop
      vertex -4.45 3.04667 3.8
      vertex -4.05 4.45 3.45
      vertex -4.45 4.05 3.45
    endloop
  endfacet
  facet normal -0.312839 0.312839 0.896807
    outer loop
      vertex 0 4.2 4.95
      vertex -4.45 3.04667 3.8
      vertex -4.2 0 4.95
    endloop
  endfacet
  facet normal -0.312839 0.312839 0.896807
    outer loop
      vertex -4.65 2.84667 3.8
      vertex -4.2 0 4.95
      vertex -4.45 3.04667 3.8
    endloop
  endfacet
  facet normal -0.31284 0.312839 0.896807
    outer loop
      vertex -4.2 0 4.95
      vertex -4.65 2.84667 3.8
      vertex -8.5 0 3.45
    endloop
  endfacet
  facet normal 0 0 -1
    outer loop
      vertex -4.65 -3.85 3.45
      vertex -8.16563 0 3.45
      vertex -4.65 -3.51563 3.45
    endloop
  endfacet
  facet normal -0 -0 -1
    outer loop
      vertex -8.16563 0 3.45
      vertex -4.65 -3.85 3.45
      vertex -8.5 0 3.45
    endloop
  endfacet
  facet normal 0 0 -1
    outer loop
      vertex -8.16563 0 3.45
      vertex -4.65 3.85 3.45
      vertex -4.65 3.51563 3.45
    endloop
  endfacet
  facet normal 0 0 -1
    outer loop
      vertex -4.65 3.85 3.45
      vertex -8.16563 0 3.45
      vertex -8.5 0 3.45
    endloop
  endfacet
  facet normal 0 0 -1
    outer loop
      vertex 0 -8.5 3.45
      vertex 3.51563 -4.65 3.45
      vertex 3.85 -4.65 3.45
    endloop
  endfacet
  facet normal 0 0 -1
    outer loop
      vertex 0 -8.5 3.45
      vertex 0 -8.16563 3.45
      vertex 3.51563 -4.65 3.45
    endloop
  endfacet
  facet normal 0 0 -1
    outer loop
      vertex 0 -8.5 3.45
      vertex -3.51563 -4.65 3.45
      vertex 0 -8.16563 3.45
    endloop
  endfacet
  facet normal -0 -0 -1
    outer loop
      vertex -3.51563 -4.65 3.45
      vertex 0 -8.5 3.45
      vertex -3.85 -4.65 3.45
    endloop
  endfacet
  facet normal 0 0 -1
    outer loop
      vertex 4.65 -3.85 3.45
      vertex 8.16563 0 3.45
      vertex 8.5 0 3.45
    endloop
  endfacet
  facet normal 0 0 -1
    outer loop
      vertex 8.16563 0 3.45
      vertex 4.65 -3.85 3.45
      vertex 4.65 -3.51563 3.45
    endloop
  endfacet
  facet normal 0 0 -1
    outer loop
      vertex 4.65 3.51563 3.45
      vertex 8.5 0 3.45
      vertex 8.16563 0 3.45
    endloop
  endfacet
  facet normal 0 0 -1
    outer loop
      vertex 8.5 0 3.45
      vertex 4.65 3.51563 3.45
      vertex 4.65 3.85 3.45
    endloop
  endfacet
  facet normal 0 0 -1
    outer loop
      vertex 0 8.16563 3.45
      vertex 3.85 4.65 3.45
      vertex 3.51563 4.65 3.45
    endloop
  endfacet
  facet normal 0 0 -1
    outer loop
      vertex 0 8.16563 3.45
      vertex 0 8.5 3.45
      vertex 3.85 4.65 3.45
    endloop
  endfacet
  facet normal 0 0 -1
    outer loop
      vertex -3.51563 4.65 3.45
      vertex 0 8.5 3.45
      vertex 0 8.16563 3.45
    endloop
  endfacet
  facet normal 0 0 -1
    outer loop
      vertex 0 8.5 3.45
      vertex -3.51563 4.65 3.45
      vertex -3.85 4.65 3.45
    endloop
  endfacet
  facet normal 0 0 -1
    outer loop
      vertex -4.45 3.71563 3.45
      vertex -4.05 4.45 3.45
      vertex -3.71563 4.45 3.45
    endloop
  endfacet
  facet normal 0 0 -1
    outer loop
      vertex -4.05 4.45 3.45
      vertex -4.45 3.71563 3.45
      vertex -4.45 4.05 3.45
    endloop
  endfacet
  facet normal 0 0 -1
    outer loop
      vertex -4.45 -4.05 3.45
      vertex -3.71563 -4.45 3.45
      vertex -4.05 -4.45 3.45
    endloop
  endfacet
  facet normal 0 0 -1
    outer loop
      vertex -3.71563 -4.45 3.45
      vertex -4.45 -4.05 3.45
      vertex -4.45 -3.71563 3.45
    endloop
  endfacet
  facet normal 0 0 -1
    outer loop
      vertex 4.45 3.71563 3.45
      vertex 4.05 4.45 3.45
      vertex 4.45 4.05 3.45
    endloop
  endfacet
  facet normal -0 -0 -1
    outer loop
      vertex 4.05 4.45 3.45
      vertex 4.45 3.71563 3.45
      vertex 3.71563 4.45 3.45
    endloop
  endfacet
  facet normal 0 0 -1
    outer loop
      vertex 4.05 -4.45 3.45
      vertex 4.45 -3.71563 3.45
      vertex 4.45 -4.05 3.45
    endloop
  endfacet
  facet normal 0 0 -1
    outer loop
      vertex 4.45 -3.71563 3.45
      vertex 4.05 -4.45 3.45
      vertex 3.71563 -4.45 3.45
    endloop
  endfacet
  facet normal 0.31284 -0.312839 0.896807
    outer loop
      vertex 4.2 0 4.95
      vertex 4.65 -2.84667 3.8
      vertex 8.5 0 3.45
    endloop
  endfacet
  facet normal 0.312839 -0.312839 0.896807
    outer loop
      vertex 4.2 0 4.95
      vertex 4.45 -3.04667 3.8
      vertex 4.65 -2.84667 3.8
    endloop
  endfacet
  facet normal 0.312839 -0.312839 0.896807
    outer loop
      vertex 3.04667 -4.45 3.8
      vertex 4.45 -3.04667 3.8
      vertex 4.2 0 4.95
    endloop
  endfacet
  facet normal 0.31284 -0.31284 0.896806
    outer loop
      vertex 4.45 -3.04667 3.8
      vertex 3.04667 -4.45 3.8
      vertex 4.45 -4.05 3.45
    endloop
  endfacet
  facet normal 0.31284 -0.31284 0.896806
    outer loop
      vertex 4.45 -4.05 3.45
      vertex 3.04667 -4.45 3.8
      vertex 4.05 -4.45 3.45
    endloop
  endfacet
  facet normal 0.312839 -0.312839 0.896807
    outer loop
      vertex 0 -4.2 4.95
      vertex 3.04667 -4.45 3.8
      vertex 4.2 0 4.95
    endloop
  endfacet
  facet normal 0.312839 -0.312839 0.896807
    outer loop
      vertex 3.04667 -4.45 3.8
      vertex 0 -4.2 4.95
      vertex 2.84667 -4.65 3.8
    endloop
  endfacet
  facet normal 0.31284 -0.31284 0.896806
    outer loop
      vertex 8.5 0 3.45
      vertex 4.65 -2.84667 3.8
      vertex 4.65 -3.85 3.45
    endloop
  endfacet
  facet normal 0.31284 -0.31284 0.896806
    outer loop
      vertex 2.84667 -4.65 3.8
      vertex 0 -8.5 3.45
      vertex 3.85 -4.65 3.45
    endloop
  endfacet
  facet normal 0.312839 -0.31284 0.896807
    outer loop
      vertex 0 -8.5 3.45
      vertex 2.84667 -4.65 3.8
      vertex 0 -4.2 4.95
    endloop
  endfacet
  facet normal 0.329284 0.329284 -0.884954
    outer loop
      vertex -4.65 -3.51563 3.45
      vertex -6.1625 -1.6 3.6
      vertex -4.65 -2.575 3.8
    endloop
  endfacet
  facet normal 0.3293 0.329295 -0.884944
    outer loop
      vertex -4.65 -3.51563 3.45
      vertex -6.25 -1.6 3.56744
      vertex -6.1625 -1.6 3.6
    endloop
  endfacet
  facet normal 0.329295 0.3293 -0.884944
    outer loop
      vertex -6.25 -1.6 3.56744
      vertex -8.16563 0 3.45
      vertex -6.25 -1.5125 3.6
    endloop
  endfacet
  facet normal 0.329277 0.329277 -0.88496
    outer loop
      vertex -8.16563 0 3.45
      vertex -6.25 -1.6 3.56744
      vertex -4.65 -3.51563 3.45
    endloop
  endfacet
  facet normal 0.329285 0.329284 -0.884954
    outer loop
      vertex 0 -8.16563 3.45
      vertex -2.575 -4.65 3.8
      vertex 0 -4.13437 4.95
    endloop
  endfacet
  facet normal 0.329284 0.329284 -0.884955
    outer loop
      vertex -2.575 -4.65 3.8
      vertex 0 -8.16563 3.45
      vertex -3.51563 -4.65 3.45
    endloop
  endfacet
  facet normal 0.329285 0.329285 -0.884954
    outer loop
      vertex -2.775 -4.45 3.8
      vertex 0 -4.13437 4.95
      vertex -2.575 -4.65 3.8
    endloop
  endfacet
  facet normal 0.329284 0.329284 -0.884955
    outer loop
      vertex -4.45 -2.775 3.8
      vertex -2.775 -4.45 3.8
      vertex -3.71563 -4.45 3.45
    endloop
  endfacet
  facet normal 0.329285 0.329285 -0.884954
    outer loop
      vertex -2.775 -4.45 3.8
      vertex -4.45 -2.775 3.8
      vertex 0 -4.13437 4.95
    endloop
  endfacet
  facet normal 0.329284 0.329284 -0.884955
    outer loop
      vertex -4.45 -2.775 3.8
      vertex -3.71563 -4.45 3.45
      vertex -4.45 -3.71563 3.45
    endloop
  endfacet
  facet normal 0.329285 0.329285 -0.884954
    outer loop
      vertex 0 -4.13437 4.95
      vertex -4.45 -2.775 3.8
      vertex -4.13437 0 4.95
    endloop
  endfacet
  facet normal 0.329285 0.329285 -0.884954
    outer loop
      vertex -4.65 -2.575 3.8
      vertex -4.13437 0 4.95
      vertex -4.45 -2.775 3.8
    endloop
  endfacet
  facet normal 0.329285 0.329285 -0.884954
    outer loop
      vertex -6.1625 -1.6 3.6
      vertex -4.13437 0 4.95
      vertex -4.65 -2.575 3.8
    endloop
  endfacet
  facet normal 0.329285 0.329285 -0.884954
    outer loop
      vertex -6.25 -1.5125 3.6
      vertex -4.13437 0 4.95
      vertex -6.1625 -1.6 3.6
    endloop
  endfacet
  facet normal 0.329284 0.329285 -0.884954
    outer loop
      vertex -4.13437 0 4.95
      vertex -6.25 -1.5125 3.6
      vertex -8.16563 0 3.45
    endloop
  endfacet
  facet normal -0.329284 -0.329285 -0.884954
    outer loop
      vertex 4.13437 0 4.95
      vertex 4.65 2.575 3.8
      vertex 8.16563 0 3.45
    endloop
  endfacet
  facet normal -0.329285 -0.329285 -0.884954
    outer loop
      vertex 4.13437 0 4.95
      vertex 4.45 2.775 3.8
      vertex 4.65 2.575 3.8
    endloop
  endfacet
  facet normal -0.329285 -0.329285 -0.884954
    outer loop
      vertex 2.775 4.45 3.8
      vertex 4.45 2.775 3.8
      vertex 4.13437 0 4.95
    endloop
  endfacet
  facet normal -0.329284 -0.329284 -0.884955
    outer loop
      vertex 4.45 2.775 3.8
      vertex 2.775 4.45 3.8
      vertex 4.45 3.71563 3.45
    endloop
  endfacet
  facet normal -0.329284 -0.329284 -0.884955
    outer loop
      vertex 4.45 3.71563 3.45
      vertex 2.775 4.45 3.8
      vertex 3.71563 4.45 3.45
    endloop
  endfacet
  facet normal -0.329285 -0.329285 -0.884954
    outer loop
      vertex 0 4.13437 4.95
      vertex 2.775 4.45 3.8
      vertex 4.13437 0 4.95
    endloop
  endfacet
  facet normal -0.329285 -0.329285 -0.884954
    outer loop
      vertex 2.775 4.45 3.8
      vertex 0 4.13437 4.95
      vertex 2.575 4.65 3.8
    endloop
  endfacet
  facet normal -0.329284 -0.329284 -0.884955
    outer loop
      vertex 8.16563 0 3.45
      vertex 4.65 2.575 3.8
      vertex 4.65 3.51563 3.45
    endloop
  endfacet
  facet normal -0.329284 -0.329284 -0.884955
    outer loop
      vertex 2.575 4.65 3.8
      vertex 0 8.16563 3.45
      vertex 3.51563 4.65 3.45
    endloop
  endfacet
  facet normal -0.329285 -0.329284 -0.884954
    outer loop
      vertex 0 8.16563 3.45
      vertex 2.575 4.65 3.8
      vertex 0 4.13437 4.95
    endloop
  endfacet
  facet normal 0.329285 -0.329285 -0.884954
    outer loop
      vertex -4.13437 0 4.95
      vertex -4.65 2.575 3.8
      vertex -4.45 2.775 3.8
    endloop
  endfacet
  facet normal 0.329284 -0.329284 -0.884954
    outer loop
      vertex -4.65 2.575 3.8
      vertex -6.1625 1.6 3.6
      vertex -4.65 3.51563 3.45
    endloop
  endfacet
  facet normal 0.329285 -0.329285 -0.884954
    outer loop
      vertex -4.13437 0 4.95
      vertex -6.1625 1.6 3.6
      vertex -4.65 2.575 3.8
    endloop
  endfacet
  facet normal 0.329285 -0.329285 -0.884954
    outer loop
      vertex -4.13437 0 4.95
      vertex -6.25 1.5125 3.6
      vertex -6.1625 1.6 3.6
    endloop
  endfacet
  facet normal 0.329295 -0.3293 -0.884944
    outer loop
      vertex -6.25 1.5125 3.6
      vertex -8.16563 0 3.45
      vertex -6.25 1.6 3.56744
    endloop
  endfacet
  facet normal 0.329284 -0.329285 -0.884954
    outer loop
      vertex -8.16563 0 3.45
      vertex -6.25 1.5125 3.6
      vertex -4.13437 0 4.95
    endloop
  endfacet
  facet normal 0.329285 -0.329284 -0.884954
    outer loop
      vertex 0 4.13437 4.95
      vertex -2.575 4.65 3.8
      vertex 0 8.16563 3.45
    endloop
  endfacet
  facet normal 0.329285 -0.329285 -0.884954
    outer loop
      vertex 0 4.13437 4.95
      vertex -2.775 4.45 3.8
      vertex -2.575 4.65 3.8
    endloop
  endfacet
  facet normal 0.329285 -0.329285 -0.884954
    outer loop
      vertex -4.45 2.775 3.8
      vertex -2.775 4.45 3.8
      vertex 0 4.13437 4.95
    endloop
  endfacet
  facet normal 0.329285 -0.329285 -0.884954
    outer loop
      vertex -4.45 2.775 3.8
      vertex 0 4.13437 4.95
      vertex -4.13437 0 4.95
    endloop
  endfacet
  facet normal 0.329284 -0.329284 -0.884955
    outer loop
      vertex -2.775 4.45 3.8
      vertex -4.45 2.775 3.8
      vertex -3.71563 4.45 3.45
    endloop
  endfacet
  facet normal 0.329284 -0.329284 -0.884955
    outer loop
      vertex -3.71563 4.45 3.45
      vertex -4.45 2.775 3.8
      vertex -4.45 3.71563 3.45
    endloop
  endfacet
  facet normal 0.329284 -0.329284 -0.884955
    outer loop
      vertex 0 8.16563 3.45
      vertex -2.575 4.65 3.8
      vertex -3.51563 4.65 3.45
    endloop
  endfacet
  facet normal 0.3293 -0.329295 -0.884944
    outer loop
      vertex -6.25 1.6 3.56744
      vertex -4.65 3.51563 3.45
      vertex -6.1625 1.6 3.6
    endloop
  endfacet
  facet normal 0.329277 -0.329277 -0.88496
    outer loop
      vertex -4.65 3.51563 3.45
      vertex -6.25 1.6 3.56744
      vertex -8.16563 0 3.45
    endloop
  endfacet
  facet normal -0.329284 0.329284 -0.884955
    outer loop
      vertex 3.51563 -4.65 3.45
      vertex 0 -8.16563 3.45
      vertex 2.575 -4.65 3.8
    endloop
  endfacet
  facet normal -0.329284 0.329284 -0.884955
    outer loop
      vertex 2.775 -4.45 3.8
      vertex 4.45 -2.775 3.8
      vertex 4.45 -3.71563 3.45
    endloop
  endfacet
  facet normal -0.329284 0.329284 -0.884955
    outer loop
      vertex 2.775 -4.45 3.8
      vertex 4.45 -3.71563 3.45
      vertex 3.71563 -4.45 3.45
    endloop
  endfacet
  facet normal -0.329285 0.329285 -0.884954
    outer loop
      vertex 4.45 -2.775 3.8
      vertex 2.775 -4.45 3.8
      vertex 4.13437 0 4.95
    endloop
  endfacet
  facet normal -0.329285 0.329285 -0.884954
    outer loop
      vertex 0 -4.13437 4.95
      vertex 2.775 -4.45 3.8
      vertex 2.575 -4.65 3.8
    endloop
  endfacet
  facet normal -0.329285 0.329284 -0.884954
    outer loop
      vertex 0 -4.13437 4.95
      vertex 2.575 -4.65 3.8
      vertex 0 -8.16563 3.45
    endloop
  endfacet
  facet normal -0.329285 0.329285 -0.884954
    outer loop
      vertex 2.775 -4.45 3.8
      vertex 0 -4.13437 4.95
      vertex 4.13437 0 4.95
    endloop
  endfacet
  facet normal -0.329284 0.329284 -0.884955
    outer loop
      vertex 4.65 -2.575 3.8
      vertex 8.16563 0 3.45
      vertex 4.65 -3.51563 3.45
    endloop
  endfacet
  facet normal -0.329284 0.329285 -0.884954
    outer loop
      vertex 4.65 -2.575 3.8
      vertex 4.13437 0 4.95
      vertex 8.16563 0 3.45
    endloop
  endfacet
  facet normal -0.329285 0.329285 -0.884954
    outer loop
      vertex 4.13437 0 4.95
      vertex 4.65 -2.575 3.8
      vertex 4.45 -2.775 3.8
    endloop
  endfacet
  facet normal 1 0 0
    outer loop
      vertex 2.9 -1.4875 5.85
      vertex 2.9 -2.9 5.85
      vertex 2.9 -1.6 5.8
    endloop
  endfacet
  facet normal 1 0 0
    outer loop
      vertex 2.9 2.9 5.85
      vertex 2.9 1.6 5.8
      vertex 2.9 2.9 4.95
    endloop
  endfacet
  facet normal 1 0 -0
    outer loop
      vertex 2.9 1.6 5.8
      vertex 2.9 2.9 5.85
      vertex 2.9 1.4875 5.85
    endloop
  endfacet
  facet normal 1 -0 0
    outer loop
      vertex 2.9 -1.6 5.8
      vertex 2.9 2.9 4.95
      vertex 2.9 1.6 5.8
    endloop
  endfacet
  facet normal 1 0 0
    outer loop
      vertex 2.9 -2.9 4.95
      vertex 2.9 -1.6 5.8
      vertex 2.9 -2.9 5.85
    endloop
  endfacet
  facet normal 1 0 0
    outer loop
      vertex 2.9 -1.6 5.8
      vertex 2.9 -2.9 4.95
      vertex 2.9 2.9 4.95
    endloop
  endfacet
  facet normal 0 0 1
    outer loop
      vertex -1.4875 2.9 5.85
      vertex -2.8 2.8 5.85
      vertex -1.5875 2.8 5.85
    endloop
  endfacet
  facet normal -0 0 1
    outer loop
      vertex -2.9 2.9 5.85
      vertex -2.8 2.8 5.85
      vertex -1.4875 2.9 5.85
    endloop
  endfacet
  facet normal 0 0 1
    outer loop
      vertex -2.9 2.9 5.85
      vertex -2.8 1.5875 5.85
      vertex -2.8 2.8 5.85
    endloop
  endfacet
  facet normal 0 0 1
    outer loop
      vertex -2.8 1.5875 5.85
      vertex -2.9 2.9 5.85
      vertex -2.9 1.4875 5.85
    endloop
  endfacet
  facet normal 0 0 1
    outer loop
      vertex 2.9 2.9 5.85
      vertex 2.8 2.8 5.85
      vertex 2.9 1.4875 5.85
    endloop
  endfacet
  facet normal 0 0 1
    outer loop
      vertex 2.9 2.9 5.85
      vertex 1.5875 2.8 5.85
      vertex 2.8 2.8 5.85
    endloop
  endfacet
  facet normal 0 -0 1
    outer loop
      vertex 1.5875 2.8 5.85
      vertex 2.9 2.9 5.85
      vertex 1.4875 2.9 5.85
    endloop
  endfacet
  facet normal 0 0 1
    outer loop
      vertex 2.9 1.4875 5.85
      vertex 2.8 2.8 5.85
      vertex 2.8 1.5875 5.85
    endloop
  endfacet
  facet normal 0 0 1
    outer loop
      vertex -2.8 -1.5875 5.85
      vertex -2.9 -1.4875 5.85
      vertex -2.8 -2.8 5.85
    endloop
  endfacet
  facet normal -0 0 1
    outer loop
      vertex -2.8 -2.8 5.85
      vertex -1.4875 -2.9 5.85
      vertex -1.5875 -2.8 5.85
    endloop
  endfacet
  facet normal 0 0 1
    outer loop
      vertex -2.8 -2.8 5.85
      vertex -2.9 -2.9 5.85
      vertex -1.4875 -2.9 5.85
    endloop
  endfacet
  facet normal 0 0 1
    outer loop
      vertex -2.9 -2.9 5.85
      vertex -2.8 -2.8 5.85
      vertex -2.9 -1.4875 5.85
    endloop
  endfacet
  facet normal -0 0 1
    outer loop
      vertex 2.8 -1.5875 5.85
      vertex 2.9 -2.9 5.85
      vertex 2.9 -1.4875 5.85
    endloop
  endfacet
  facet normal -0 0 1
    outer loop
      vertex 2.8 -2.8 5.85
      vertex 2.9 -2.9 5.85
      vertex 2.8 -1.5875 5.85
    endloop
  endfacet
  facet normal -0 0 1
    outer loop
      vertex 1.5875 -2.8 5.85
      vertex 2.9 -2.9 5.85
      vertex 2.8 -2.8 5.85
    endloop
  endfacet
  facet normal 0 0 1
    outer loop
      vertex 2.9 -2.9 5.85
      vertex 1.5875 -2.8 5.85
      vertex 1.4875 -2.9 5.85
    endloop
  endfacet
  facet normal 0 0 -1
    outer loop
      vertex 2.9 -2.9 4.95
      vertex 2.8 -2.8 4.95
      vertex 2.9 2.9 4.95
    endloop
  endfacet
  facet normal 0 0 -1
    outer loop
      vertex 2.9 -2.9 4.95
      vertex -2.8 -2.8 4.95
      vertex 2.8 -2.8 4.95
    endloop
  endfacet
  facet normal -0 0 -1
    outer loop
      vertex -2.8 -2.8 4.95
      vertex -2.9 -2.9 4.95
      vertex -2.8 2.8 4.95
    endloop
  endfacet
  facet normal 0 0 -1
    outer loop
      vertex -2.9 -2.9 4.95
      vertex -2.8 -2.8 4.95
      vertex 2.9 -2.9 4.95
    endloop
  endfacet
  facet normal 0 0 -1
    outer loop
      vertex 2.8 2.8 4.95
      vertex 2.9 2.9 4.95
      vertex 2.8 -2.8 4.95
    endloop
  endfacet
  facet normal 0 0 -1
    outer loop
      vertex -2.8 2.8 4.95
      vertex 2.9 2.9 4.95
      vertex 2.8 2.8 4.95
    endloop
  endfacet
  facet normal 0 0 -1
    outer loop
      vertex -2.8 2.8 4.95
      vertex -2.9 2.9 4.95
      vertex 2.9 2.9 4.95
    endloop
  endfacet
  facet normal 0 0 -1
    outer loop
      vertex -2.9 2.9 4.95
      vertex -2.8 2.8 4.95
      vertex -2.9 -2.9 4.95
    endloop
  endfacet
  facet normal -1 0 0
    outer loop
      vertex -2.9 2.9 4.95
      vertex -2.9 1.6 5.8
      vertex -2.9 2.9 5.85
    endloop
  endfacet
  facet normal -1 0 0
    outer loop
      vertex -2.9 2.9 4.95
      vertex -2.9 -1.6 5.8
      vertex -2.9 1.6 5.8
    endloop
  endfacet
  facet normal -1 0 -0
    outer loop
      vertex -2.9 -1.6 5.8
      vertex -2.9 2.9 4.95
      vertex -2.9 -2.9 4.95
    endloop
  endfacet
  facet normal -1 -0 0
    outer loop
      vertex -2.9 2.9 5.85
      vertex -2.9 1.6 5.8
      vertex -2.9 1.4875 5.85
    endloop
  endfacet
  facet normal -1 0 0
    outer loop
      vertex -2.9 -1.6 5.8
      vertex -2.9 -2.9 5.85
      vertex -2.9 -1.4875 5.85
    endloop
  endfacet
  facet normal -1 0 0
    outer loop
      vertex -2.9 -2.9 5.85
      vertex -2.9 -1.6 5.8
      vertex -2.9 -2.9 4.95
    endloop
  endfacet
  facet normal 0 1 0
    outer loop
      vertex 2.9 2.9 5.85
      vertex 1.6 2.9 5.8
      vertex 1.4875 2.9 5.85
    endloop
  endfacet
  facet normal 0 1 0
    outer loop
      vertex 1.6 2.9 5.8
      vertex 2.9 2.9 4.95
      vertex -1.6 2.9 5.8
    endloop
  endfacet
  facet normal 0 1 -0
    outer loop
      vertex 2.9 2.9 4.95
      vertex 1.6 2.9 5.8
      vertex 2.9 2.9 5.85
    endloop
  endfacet
  facet normal 0 1 -0
    outer loop
      vertex -1.6 2.9 5.8
      vertex -2.9 2.9 5.85
      vertex -1.4875 2.9 5.85
    endloop
  endfacet
  facet normal 0 1 0
    outer loop
      vertex -2.9 2.9 4.95
      vertex -1.6 2.9 5.8
      vertex 2.9 2.9 4.95
    endloop
  endfacet
  facet normal 0 1 0
    outer loop
      vertex -1.6 2.9 5.8
      vertex -2.9 2.9 4.95
      vertex -2.9 2.9 5.85
    endloop
  endfacet
  facet normal 0 -1 0
    outer loop
      vertex -2.9 -2.9 5.85
      vertex -1.6 -2.9 5.8
      vertex -1.4875 -2.9 5.85
    endloop
  endfacet
  facet normal 0 -1 -0
    outer loop
      vertex -1.6 -2.9 5.8
      vertex -2.9 -2.9 4.95
      vertex 1.6 -2.9 5.8
    endloop
  endfacet
  facet normal 0 -1 0
    outer loop
      vertex -2.9 -2.9 4.95
      vertex -1.6 -2.9 5.8
      vertex -2.9 -2.9 5.85
    endloop
  endfacet
  facet normal 0 -1 0
    outer loop
      vertex 1.6 -2.9 5.8
      vertex 2.9 -2.9 5.85
      vertex 1.4875 -2.9 5.85
    endloop
  endfacet
  facet normal 0 -1 0
    outer loop
      vertex 2.9 -2.9 4.95
      vertex 1.6 -2.9 5.8
      vertex -2.9 -2.9 4.95
    endloop
  endfacet
  facet normal 0 -1 0
    outer loop
      vertex 1.6 -2.9 5.8
      vertex 2.9 -2.9 4.95
      vertex 2.9 -2.9 5.85
    endloop
  endfacet
  facet normal -1 0 0
    outer loop
      vertex 2.8 2.8 4.95
      vertex 2.8 1.7 5.8
      vertex 2.8 2.8 5.85
    endloop
  endfacet
  facet normal -1 0 0
    outer loop
      vertex 2.8 2.8 4.95
      vertex 2.8 -1.7 5.8
      vertex 2.8 1.7 5.8
    endloop
  endfacet
  facet normal -1 0 -0
    outer loop
      vertex 2.8 -1.7 5.8
      vertex 2.8 2.8 4.95
      vertex 2.8 -2.8 4.95
    endloop
  endfacet
  facet normal -1 -0 0
    outer loop
      vertex 2.8 2.8 5.85
      vertex 2.8 1.7 5.8
      vertex 2.8 1.5875 5.85
    endloop
  endfacet
  facet normal -1 0 0
    outer loop
      vertex 2.8 -1.7 5.8
      vertex 2.8 -2.8 5.85
      vertex 2.8 -1.5875 5.85
    endloop
  endfacet
  facet normal -1 0 0
    outer loop
      vertex 2.8 -2.8 5.85
      vertex 2.8 -1.7 5.8
      vertex 2.8 -2.8 4.95
    endloop
  endfacet
  facet normal 1 0 0
    outer loop
      vertex -2.8 -1.5875 5.85
      vertex -2.8 -2.8 5.85
      vertex -2.8 -1.7 5.8
    endloop
  endfacet
  facet normal 1 0 0
    outer loop
      vertex -2.8 2.8 5.85
      vertex -2.8 1.7 5.8
      vertex -2.8 2.8 4.95
    endloop
  endfacet
  facet normal 1 0 -0
    outer loop
      vertex -2.8 1.7 5.8
      vertex -2.8 2.8 5.85
      vertex -2.8 1.5875 5.85
    endloop
  endfacet
  facet normal 1 -0 0
    outer loop
      vertex -2.8 -1.7 5.8
      vertex -2.8 2.8 4.95
      vertex -2.8 1.7 5.8
    endloop
  endfacet
  facet normal 1 0 0
    outer loop
      vertex -2.8 -2.8 4.95
      vertex -2.8 -1.7 5.8
      vertex -2.8 -2.8 5.85
    endloop
  endfacet
  facet normal 1 0 0
    outer loop
      vertex -2.8 -1.7 5.8
      vertex -2.8 -2.8 4.95
      vertex -2.8 2.8 4.95
    endloop
  endfacet
  facet normal 0 -1 0
    outer loop
      vertex -2.8 2.8 5.85
      vertex -1.7 2.8 5.8
      vertex -1.5875 2.8 5.85
    endloop
  endfacet
  facet normal 0 -1 -0
    outer loop
      vertex -1.7 2.8 5.8
      vertex -2.8 2.8 4.95
      vertex 1.7 2.8 5.8
    endloop
  endfacet
  facet normal 0 -1 0
    outer loop
      vertex -2.8 2.8 4.95
      vertex -1.7 2.8 5.8
      vertex -2.8 2.8 5.85
    endloop
  endfacet
  facet normal 0 -1 0
    outer loop
      vertex 1.7 2.8 5.8
      vertex 2.8 2.8 5.85
      vertex 1.5875 2.8 5.85
    endloop
  endfacet
  facet normal 0 -1 0
    outer loop
      vertex 2.8 2.8 4.95
      vertex 1.7 2.8 5.8
      vertex -2.8 2.8 4.95
    endloop
  endfacet
  facet normal 0 -1 0
    outer loop
      vertex 1.7 2.8 5.8
      vertex 2.8 2.8 4.95
      vertex 2.8 2.8 5.85
    endloop
  endfacet
  facet normal 0 1 0
    outer loop
      vertex 2.8 -2.8 5.85
      vertex 1.7 -2.8 5.8
      vertex 1.5875 -2.8 5.85
    endloop
  endfacet
  facet normal 0 1 0
    outer loop
      vertex 1.7 -2.8 5.8
      vertex 2.8 -2.8 4.95
      vertex -1.7 -2.8 5.8
    endloop
  endfacet
  facet normal 0 1 -0
    outer loop
      vertex 2.8 -2.8 4.95
      vertex 1.7 -2.8 5.8
      vertex 2.8 -2.8 5.85
    endloop
  endfacet
  facet normal 0 1 -0
    outer loop
      vertex -1.7 -2.8 5.8
      vertex -2.8 -2.8 5.85
      vertex -1.5875 -2.8 5.85
    endloop
  endfacet
  facet normal 0 1 0
    outer loop
      vertex -2.8 -2.8 4.95
      vertex -1.7 -2.8 5.8
      vertex 2.8 -2.8 4.95
    endloop
  endfacet
  facet normal 0 1 0
    outer loop
      vertex -1.7 -2.8 5.8
      vertex -2.8 -2.8 4.95
      vertex -2.8 -2.8 5.85
    endloop
  endfacet
  facet normal 0.989174 0.146746 0
    outer loop
      vertex 13.4928 12.147 1.25
      vertex 13.4712 12.2926 1.15
      vertex 13.4712 12.2926 1.25
    endloop
  endfacet
  facet normal 0.989174 0.146746 0
    outer loop
      vertex 13.4712 12.2926 1.15
      vertex 13.4928 12.147 1.25
      vertex 13.4928 12.147 1.15
    endloop
  endfacet
  facet normal 0.998803 0.0489209 0
    outer loop
      vertex 13.5 12 1.25
      vertex 13.4928 12.147 1.15
      vertex 13.4928 12.147 1.25
    endloop
  endfacet
  facet normal 0.998803 0.0489209 0
    outer loop
      vertex 13.4928 12.147 1.15
      vertex 13.5 12 1.25
      vertex 13.5 12 1.15
    endloop
  endfacet
  facet normal 0.969982 0.243175 0
    outer loop
      vertex 13.4712 12.2926 1.25
      vertex 13.4354 12.4354 1.15
      vertex 13.4354 12.4354 1.25
    endloop
  endfacet
  facet normal 0.969982 0.243175 0
    outer loop
      vertex 13.4354 12.4354 1.15
      vertex 13.4712 12.2926 1.25
      vertex 13.4712 12.2926 1.15
    endloop
  endfacet
  facet normal 0.427269 -0.904125 0
    outer loop
      vertex 12.574 10.6142 1.15
      vertex 12.7071 10.6771 1.25
      vertex 12.574 10.6142 1.25
    endloop
  endfacet
  facet normal 0.427269 -0.904125 0
    outer loop
      vertex 12.7071 10.6771 1.25
      vertex 12.574 10.6142 1.15
      vertex 12.7071 10.6771 1.15
    endloop
  endfacet
  facet normal -0.595861 0.803088 0
    outer loop
      vertex 11.1666 13.2472 1.15
      vertex 11.0484 13.1595 1.25
      vertex 11.1666 13.2472 1.25
    endloop
  endfacet
  facet normal -0.595861 0.803088 0
    outer loop
      vertex 11.0484 13.1595 1.25
      vertex 11.1666 13.2472 1.15
      vertex 11.0484 13.1595 1.15
    endloop
  endfacet
  facet normal 0.243175 0.969982 -0
    outer loop
      vertex 12.4354 13.4354 1.15
      vertex 12.2926 13.4712 1.25
      vertex 12.4354 13.4354 1.25
    endloop
  endfacet
  facet normal 0.243175 0.969982 0
    outer loop
      vertex 12.2926 13.4712 1.25
      vertex 12.4354 13.4354 1.15
      vertex 12.2926 13.4712 1.15
    endloop
  endfacet
  facet normal -0.904125 0.427269 0
    outer loop
      vertex 10.6142 12.574 1.15
      vertex 10.6771 12.7071 1.25
      vertex 10.6771 12.7071 1.15
    endloop
  endfacet
  facet normal -0.904125 0.427269 0
    outer loop
      vertex 10.6771 12.7071 1.25
      vertex 10.6142 12.574 1.15
      vertex 10.6142 12.574 1.25
    endloop
  endfacet
  facet normal -0.969982 0.243175 0
    outer loop
      vertex 10.5288 12.2926 1.15
      vertex 10.5646 12.4354 1.25
      vertex 10.5646 12.4354 1.15
    endloop
  endfacet
  facet normal -0.969982 0.243175 0
    outer loop
      vertex 10.5646 12.4354 1.25
      vertex 10.5288 12.2926 1.15
      vertex 10.5288 12.2926 1.25
    endloop
  endfacet
  facet normal 0.514096 -0.857733 0
    outer loop
      vertex 12.7071 10.6771 1.15
      vertex 12.8334 10.7528 1.25
      vertex 12.7071 10.6771 1.25
    endloop
  endfacet
  facet normal 0.514096 -0.857733 0
    outer loop
      vertex 12.8334 10.7528 1.25
      vertex 12.7071 10.6771 1.15
      vertex 12.8334 10.7528 1.15
    endloop
  endfacet
  facet normal 0.243175 -0.969982 0
    outer loop
      vertex 12.2926 10.5288 1.15
      vertex 12.4354 10.5646 1.25
      vertex 12.2926 10.5288 1.25
    endloop
  endfacet
  facet normal 0.243175 -0.969982 0
    outer loop
      vertex 12.4354 10.5646 1.25
      vertex 12.2926 10.5288 1.15
      vertex 12.4354 10.5646 1.15
    endloop
  endfacet
  facet normal 0.0489209 0.998803 -0
    outer loop
      vertex 12.147 13.4928 1.15
      vertex 12 13.5 1.25
      vertex 12.147 13.4928 1.25
    endloop
  endfacet
  facet normal 0.0489209 0.998803 0
    outer loop
      vertex 12 13.5 1.25
      vertex 12.147 13.4928 1.15
      vertex 12 13.5 1.15
    endloop
  endfacet
  facet normal 0.146746 0.989174 -0
    outer loop
      vertex 12.2926 13.4712 1.15
      vertex 12.147 13.4928 1.25
      vertex 12.2926 13.4712 1.25
    endloop
  endfacet
  facet normal 0.146746 0.989174 0
    outer loop
      vertex 12.147 13.4928 1.25
      vertex 12.2926 13.4712 1.15
      vertex 12.147 13.4928 1.15
    endloop
  endfacet
  facet normal 0.427269 0.904125 -0
    outer loop
      vertex 12.7071 13.3229 1.15
      vertex 12.574 13.3858 1.25
      vertex 12.7071 13.3229 1.25
    endloop
  endfacet
  facet normal 0.427269 0.904125 0
    outer loop
      vertex 12.574 13.3858 1.25
      vertex 12.7071 13.3229 1.15
      vertex 12.574 13.3858 1.15
    endloop
  endfacet
  facet normal 0.146746 -0.989174 0
    outer loop
      vertex 12.147 10.5072 1.15
      vertex 12.2926 10.5288 1.25
      vertex 12.147 10.5072 1.25
    endloop
  endfacet
  facet normal 0.146746 -0.989174 0
    outer loop
      vertex 12.2926 10.5288 1.25
      vertex 12.147 10.5072 1.15
      vertex 12.2926 10.5288 1.15
    endloop
  endfacet
  facet normal 0 0 1
    outer loop
      vertex 12.0875 12.6484 1.25
      vertex 13.5 12 1.25
      vertex 13.4928 12.147 1.25
    endloop
  endfacet
  facet normal 0 0 1
    outer loop
      vertex 12.0875 12.6484 1.25
      vertex 13.4928 12.147 1.25
      vertex 13.4712 12.2926 1.25
    endloop
  endfacet
  facet normal 0 0 1
    outer loop
      vertex 13.5 12 1.25
      vertex 12.0875 12.6484 1.25
      vertex 13.4928 11.853 1.25
    endloop
  endfacet
  facet normal 0 0 1
    outer loop
      vertex 12.0875 12.6484 1.25
      vertex 13.4712 12.2926 1.25
      vertex 13.4354 12.4354 1.25
    endloop
  endfacet
  facet normal 0 0 1
    outer loop
      vertex 13.4928 11.853 1.25
      vertex 12.0875 12.6484 1.25
      vertex 13.4712 11.7074 1.25
    endloop
  endfacet
  facet normal 0 0 1
    outer loop
      vertex 12.0875 12.6484 1.25
      vertex 13.4354 12.4354 1.25
      vertex 13.3858 12.574 1.25
    endloop
  endfacet
  facet normal 0 0 1
    outer loop
      vertex 13.4712 11.7074 1.25
      vertex 12.0875 12.6484 1.25
      vertex 13.4354 11.5646 1.25
    endloop
  endfacet
  facet normal -0 0 1
    outer loop
      vertex 12.0875 12.6484 1.25
      vertex 13.3858 12.574 1.25
      vertex 13.3229 12.7071 1.25
    endloop
  endfacet
  facet normal 0 0 1
    outer loop
      vertex 13.4354 11.5646 1.25
      vertex 12.0875 12.6484 1.25
      vertex 13.3858 11.426 1.25
    endloop
  endfacet
  facet normal 0 0 1
    outer loop
      vertex 12.0875 12.6484 1.25
      vertex 13.3229 12.7071 1.25
      vertex 13.2472 12.8334 1.25
    endloop
  endfacet
  facet normal 0 0 1
    outer loop
      vertex 13.3858 11.426 1.25
      vertex 12.0875 12.6484 1.25
      vertex 13.3229 11.2929 1.25
    endloop
  endfacet
  facet normal 0 0 1
    outer loop
      vertex 12.0875 12.6484 1.25
      vertex 13.2472 12.8334 1.25
      vertex 13.1595 12.9516 1.25
    endloop
  endfacet
  facet normal 0 0 1
    outer loop
      vertex 13.3229 11.2929 1.25
      vertex 12.0875 12.6484 1.25
      vertex 13.2472 11.1666 1.25
    endloop
  endfacet
  facet normal 0 0 1
    outer loop
      vertex 12.0875 12.6484 1.25
      vertex 13.1595 12.9516 1.25
      vertex 13.0607 13.0607 1.25
    endloop
  endfacet
  facet normal 0 0 1
    outer loop
      vertex 13.2472 11.1666 1.25
      vertex 12.0875 12.6484 1.25
      vertex 13.1595 11.0484 1.25
    endloop
  endfacet
  facet normal 0 0 1
    outer loop
      vertex 12.0875 12.6484 1.25
      vertex 13.0607 13.0607 1.25
      vertex 12.9516 13.1595 1.25
    endloop
  endfacet
  facet normal 0 0 1
    outer loop
      vertex 13.1595 11.0484 1.25
      vertex 12.0875 12.6484 1.25
      vertex 13.0607 10.9393 1.25
    endloop
  endfacet
  facet normal 0 0 1
    outer loop
      vertex 12.0875 12.6484 1.25
      vertex 12.9516 13.1595 1.25
      vertex 12.8334 13.2472 1.25
    endloop
  endfacet
  facet normal 0 0 1
    outer loop
      vertex 13.0607 10.9393 1.25
      vertex 12.0875 12.6484 1.25
      vertex 12.9516 10.8405 1.25
    endloop
  endfacet
  facet normal 0 0 1
    outer loop
      vertex 12.0875 12.9516 1.25
      vertex 12.8334 13.2472 1.25
      vertex 12.7071 13.3229 1.25
    endloop
  endfacet
  facet normal 0 0 1
    outer loop
      vertex 12.9516 10.8405 1.25
      vertex 12.0875 12.6484 1.25
      vertex 12.8334 10.7528 1.25
    endloop
  endfacet
  facet normal 0 0 1
    outer loop
      vertex 12.0875 12.9516 1.25
      vertex 12.7071 13.3229 1.25
      vertex 12.574 13.3858 1.25
    endloop
  endfacet
  facet normal 0 0 1
    outer loop
      vertex 12.8334 10.7528 1.25
      vertex 12.0875 12.6484 1.25
      vertex 12.7071 10.6771 1.25
    endloop
  endfacet
  facet normal 0 0 1
    outer loop
      vertex 12.0875 12.9516 1.25
      vertex 12.574 13.3858 1.25
      vertex 12.4354 13.4354 1.25
    endloop
  endfacet
  facet normal 0 0 1
    outer loop
      vertex 12.7071 10.6771 1.25
      vertex 12.0875 12.6484 1.25
      vertex 12.574 10.6142 1.25
    endloop
  endfacet
  facet normal 0 0 1
    outer loop
      vertex 12.0875 12.9516 1.25
      vertex 12.4354 13.4354 1.25
      vertex 12.2926 13.4712 1.25
    endloop
  endfacet
  facet normal 0 0 1
    outer loop
      vertex 12.574 10.6142 1.25
      vertex 12.0875 12.6484 1.25
      vertex 12.4354 10.5646 1.25
    endloop
  endfacet
  facet normal 0 0 1
    outer loop
      vertex 12.0875 12.9516 1.25
      vertex 12.2926 13.4712 1.25
      vertex 12.147 13.4928 1.25
    endloop
  endfacet
  facet normal 0 0 1
    outer loop
      vertex 12.4354 10.5646 1.25
      vertex 12.0875 12.6484 1.25
      vertex 12.2926 10.5288 1.25
    endloop
  endfacet
  facet normal 0 0 1
    outer loop
      vertex 12.8334 13.2472 1.25
      vertex 12.0875 12.9516 1.25
      vertex 12.0875 12.6484 1.25
    endloop
  endfacet
  facet normal 0 0 1
    outer loop
      vertex 12 13.5 1.25
      vertex 12.0875 12.9516 1.25
      vertex 12.147 13.4928 1.25
    endloop
  endfacet
  facet normal -0 0 1
    outer loop
      vertex 11.853 13.4928 1.25
      vertex 12.0875 12.9516 1.25
      vertex 12 13.5 1.25
    endloop
  endfacet
  facet normal -0 0 1
    outer loop
      vertex 11.7074 13.4712 1.25
      vertex 12.0875 12.9516 1.25
      vertex 11.853 13.4928 1.25
    endloop
  endfacet
  facet normal 0 0 1
    outer loop
      vertex 12.0875 12.9516 1.25
      vertex 11.7074 13.4712 1.25
      vertex 11.825 12.8 1.25
    endloop
  endfacet
  facet normal 0 0 1
    outer loop
      vertex 12.2926 10.5288 1.25
      vertex 12.0875 12.6484 1.25
      vertex 12.147 10.5072 1.25
    endloop
  endfacet
  facet normal 0 0 1
    outer loop
      vertex 12.0875 12.6484 1.25
      vertex 12 10.5 1.25
      vertex 12.147 10.5072 1.25
    endloop
  endfacet
  facet normal 0 0 1
    outer loop
      vertex 12.0875 12.6484 1.25
      vertex 11.853 10.5072 1.25
      vertex 12 10.5 1.25
    endloop
  endfacet
  facet normal 0 0 1
    outer loop
      vertex 10.5288 11.7074 1.25
      vertex 12.0875 12.6484 1.25
      vertex 11.825 12.8 1.25
    endloop
  endfacet
  facet normal -0 0 1
    outer loop
      vertex 11.5646 13.4354 1.25
      vertex 11.825 12.8 1.25
      vertex 11.7074 13.4712 1.25
    endloop
  endfacet
  facet normal 0 0 1
    outer loop
      vertex 12.0875 12.6484 1.25
      vertex 11.7074 10.5288 1.25
      vertex 11.853 10.5072 1.25
    endloop
  endfacet
  facet normal -0 0 1
    outer loop
      vertex 11.426 13.3858 1.25
      vertex 11.825 12.8 1.25
      vertex 11.5646 13.4354 1.25
    endloop
  endfacet
  facet normal 0 0 1
    outer loop
      vertex 12.0875 12.6484 1.25
      vertex 11.5646 10.5646 1.25
      vertex 11.7074 10.5288 1.25
    endloop
  endfacet
  facet normal -0 0 1
    outer loop
      vertex 11.2929 13.3229 1.25
      vertex 11.825 12.8 1.25
      vertex 11.426 13.3858 1.25
    endloop
  endfacet
  facet normal 0 0 1
    outer loop
      vertex 12.0875 12.6484 1.25
      vertex 11.426 10.6142 1.25
      vertex 11.5646 10.5646 1.25
    endloop
  endfacet
  facet normal -0 0 1
    outer loop
      vertex 11.1666 13.2472 1.25
      vertex 11.825 12.8 1.25
      vertex 11.2929 13.3229 1.25
    endloop
  endfacet
  facet normal 0 0 1
    outer loop
      vertex 12.0875 12.6484 1.25
      vertex 11.2929 10.6771 1.25
      vertex 11.426 10.6142 1.25
    endloop
  endfacet
  facet normal -0 0 1
    outer loop
      vertex 11.0484 13.1595 1.25
      vertex 11.825 12.8 1.25
      vertex 11.1666 13.2472 1.25
    endloop
  endfacet
  facet normal 0 0 1
    outer loop
      vertex 12.0875 12.6484 1.25
      vertex 11.1666 10.7528 1.25
      vertex 11.2929 10.6771 1.25
    endloop
  endfacet
  facet normal -0 0 1
    outer loop
      vertex 10.9393 13.0607 1.25
      vertex 11.825 12.8 1.25
      vertex 11.0484 13.1595 1.25
    endloop
  endfacet
  facet normal 0 0 1
    outer loop
      vertex 12.0875 12.6484 1.25
      vertex 11.0484 10.8405 1.25
      vertex 11.1666 10.7528 1.25
    endloop
  endfacet
  facet normal -0 0 1
    outer loop
      vertex 10.8405 12.9516 1.25
      vertex 11.825 12.8 1.25
      vertex 10.9393 13.0607 1.25
    endloop
  endfacet
  facet normal 0 0 1
    outer loop
      vertex 12.0875 12.6484 1.25
      vertex 10.9393 10.9393 1.25
      vertex 11.0484 10.8405 1.25
    endloop
  endfacet
  facet normal -0 0 1
    outer loop
      vertex 10.7528 12.8334 1.25
      vertex 11.825 12.8 1.25
      vertex 10.8405 12.9516 1.25
    endloop
  endfacet
  facet normal 0 0 1
    outer loop
      vertex 12.0875 12.6484 1.25
      vertex 10.8405 11.0484 1.25
      vertex 10.9393 10.9393 1.25
    endloop
  endfacet
  facet normal 0 0 1
    outer loop
      vertex 10.6771 12.7071 1.25
      vertex 11.825 12.8 1.25
      vertex 10.7528 12.8334 1.25
    endloop
  endfacet
  facet normal 0 0 1
    outer loop
      vertex 12.0875 12.6484 1.25
      vertex 10.7528 11.1666 1.25
      vertex 10.8405 11.0484 1.25
    endloop
  endfacet
  facet normal 0 0 1
    outer loop
      vertex 10.6142 12.574 1.25
      vertex 11.825 12.8 1.25
      vertex 10.6771 12.7071 1.25
    endloop
  endfacet
  facet normal 0 0 1
    outer loop
      vertex 12.0875 12.6484 1.25
      vertex 10.6771 11.2929 1.25
      vertex 10.7528 11.1666 1.25
    endloop
  endfacet
  facet normal 0 0 1
    outer loop
      vertex 10.5646 12.4354 1.25
      vertex 11.825 12.8 1.25
      vertex 10.6142 12.574 1.25
    endloop
  endfacet
  facet normal 0 0 1
    outer loop
      vertex 12.0875 12.6484 1.25
      vertex 10.6142 11.426 1.25
      vertex 10.6771 11.2929 1.25
    endloop
  endfacet
  facet normal 0 0 1
    outer loop
      vertex 10.5288 12.2926 1.25
      vertex 11.825 12.8 1.25
      vertex 10.5646 12.4354 1.25
    endloop
  endfacet
  facet normal 0 0 1
    outer loop
      vertex 12.0875 12.6484 1.25
      vertex 10.5646 11.5646 1.25
      vertex 10.6142 11.426 1.25
    endloop
  endfacet
  facet normal 0 0 1
    outer loop
      vertex 10.5072 12.147 1.25
      vertex 11.825 12.8 1.25
      vertex 10.5288 12.2926 1.25
    endloop
  endfacet
  facet normal 0 0 1
    outer loop
      vertex 12.0875 12.6484 1.25
      vertex 10.5288 11.7074 1.25
      vertex 10.5646 11.5646 1.25
    endloop
  endfacet
  facet normal 0 0 1
    outer loop
      vertex 10.5 12 1.25
      vertex 11.825 12.8 1.25
      vertex 10.5072 12.147 1.25
    endloop
  endfacet
  facet normal 0 0 1
    outer loop
      vertex 11.825 12.8 1.25
      vertex 10.5072 11.853 1.25
      vertex 10.5288 11.7074 1.25
    endloop
  endfacet
  facet normal 0 0 1
    outer loop
      vertex 11.825 12.8 1.25
      vertex 10.5 12 1.25
      vertex 10.5072 11.853 1.25
    endloop
  endfacet
  facet normal 0.803088 -0.595861 0
    outer loop
      vertex 13.1595 11.0484 1.25
      vertex 13.2472 11.1666 1.15
      vertex 13.2472 11.1666 1.25
    endloop
  endfacet
  facet normal 0.803088 -0.595861 0
    outer loop
      vertex 13.2472 11.1666 1.15
      vertex 13.1595 11.0484 1.25
      vertex 13.1595 11.0484 1.15
    endloop
  endfacet
  facet normal -0.74123 -0.671251 0
    outer loop
      vertex 10.9393 10.9393 1.15
      vertex 10.8405 11.0484 1.25
      vertex 10.8405 11.0484 1.15
    endloop
  endfacet
  facet normal -0.74123 -0.671251 0
    outer loop
      vertex 10.8405 11.0484 1.25
      vertex 10.9393 10.9393 1.15
      vertex 10.9393 10.9393 1.25
    endloop
  endfacet
  facet normal -0.514096 0.857733 0
    outer loop
      vertex 11.2929 13.3229 1.15
      vertex 11.1666 13.2472 1.25
      vertex 11.2929 13.3229 1.25
    endloop
  endfacet
  facet normal -0.514096 0.857733 0
    outer loop
      vertex 11.1666 13.2472 1.25
      vertex 11.2929 13.3229 1.15
      vertex 11.1666 13.2472 1.15
    endloop
  endfacet
  facet normal 0.989174 -0.146746 0
    outer loop
      vertex 13.4712 11.7074 1.25
      vertex 13.4928 11.853 1.15
      vertex 13.4928 11.853 1.25
    endloop
  endfacet
  facet normal 0.989174 -0.146746 0
    outer loop
      vertex 13.4928 11.853 1.15
      vertex 13.4712 11.7074 1.25
      vertex 13.4712 11.7074 1.15
    endloop
  endfacet
  facet normal -0.146746 -0.989174 0
    outer loop
      vertex 11.7074 10.5288 1.15
      vertex 11.853 10.5072 1.25
      vertex 11.7074 10.5288 1.25
    endloop
  endfacet
  facet normal -0.146746 -0.989174 -0
    outer loop
      vertex 11.853 10.5072 1.25
      vertex 11.7074 10.5288 1.15
      vertex 11.853 10.5072 1.15
    endloop
  endfacet
  facet normal 0.595861 -0.803088 0
    outer loop
      vertex 12.8334 10.7528 1.15
      vertex 12.9516 10.8405 1.25
      vertex 12.8334 10.7528 1.25
    endloop
  endfacet
  facet normal 0.595861 -0.803088 0
    outer loop
      vertex 12.9516 10.8405 1.25
      vertex 12.8334 10.7528 1.15
      vertex 12.9516 10.8405 1.15
    endloop
  endfacet
  facet normal -0.0489209 -0.998803 0
    outer loop
      vertex 11.853 10.5072 1.15
      vertex 12 10.5 1.25
      vertex 11.853 10.5072 1.25
    endloop
  endfacet
  facet normal -0.0489209 -0.998803 -0
    outer loop
      vertex 12 10.5 1.25
      vertex 11.853 10.5072 1.15
      vertex 12 10.5 1.15
    endloop
  endfacet
  facet normal 0.595861 0.803088 -0
    outer loop
      vertex 12.9516 13.1595 1.15
      vertex 12.8334 13.2472 1.25
      vertex 12.9516 13.1595 1.25
    endloop
  endfacet
  facet normal 0.595861 0.803088 0
    outer loop
      vertex 12.8334 13.2472 1.25
      vertex 12.9516 13.1595 1.15
      vertex 12.8334 13.2472 1.15
    endloop
  endfacet
  facet normal 0.969982 -0.243175 0
    outer loop
      vertex 13.4354 11.5646 1.25
      vertex 13.4712 11.7074 1.15
      vertex 13.4712 11.7074 1.25
    endloop
  endfacet
  facet normal 0.969982 -0.243175 0
    outer loop
      vertex 13.4712 11.7074 1.15
      vertex 13.4354 11.5646 1.25
      vertex 13.4354 11.5646 1.15
    endloop
  endfacet
  facet normal -0.989174 0.146746 0
    outer loop
      vertex 10.5072 12.147 1.15
      vertex 10.5288 12.2926 1.25
      vertex 10.5288 12.2926 1.15
    endloop
  endfacet
  facet normal -0.989174 0.146746 0
    outer loop
      vertex 10.5288 12.2926 1.25
      vertex 10.5072 12.147 1.15
      vertex 10.5072 12.147 1.25
    endloop
  endfacet
  facet normal -0.857733 0.514096 0
    outer loop
      vertex 10.6771 12.7071 1.15
      vertex 10.7528 12.8334 1.25
      vertex 10.7528 12.8334 1.15
    endloop
  endfacet
  facet normal -0.857733 0.514096 0
    outer loop
      vertex 10.7528 12.8334 1.25
      vertex 10.6771 12.7071 1.15
      vertex 10.6771 12.7071 1.25
    endloop
  endfacet
  facet normal -0.941527 -0.336939 0
    outer loop
      vertex 10.6142 11.426 1.15
      vertex 10.5646 11.5646 1.25
      vertex 10.5646 11.5646 1.15
    endloop
  endfacet
  facet normal -0.941527 -0.336939 0
    outer loop
      vertex 10.5646 11.5646 1.25
      vertex 10.6142 11.426 1.15
      vertex 10.6142 11.426 1.25
    endloop
  endfacet
  facet normal -0.146746 0.989174 0
    outer loop
      vertex 11.853 13.4928 1.15
      vertex 11.7074 13.4712 1.25
      vertex 11.853 13.4928 1.25
    endloop
  endfacet
  facet normal -0.146746 0.989174 0
    outer loop
      vertex 11.7074 13.4712 1.25
      vertex 11.853 13.4928 1.15
      vertex 11.7074 13.4712 1.15
    endloop
  endfacet
  facet normal 0.803088 0.595861 0
    outer loop
      vertex 13.2472 12.8334 1.25
      vertex 13.1595 12.9516 1.15
      vertex 13.1595 12.9516 1.25
    endloop
  endfacet
  facet normal 0.803088 0.595861 0
    outer loop
      vertex 13.1595 12.9516 1.15
      vertex 13.2472 12.8334 1.25
      vertex 13.2472 12.8334 1.15
    endloop
  endfacet
  facet normal -0.969982 -0.243175 0
    outer loop
      vertex 10.5646 11.5646 1.15
      vertex 10.5288 11.7074 1.25
      vertex 10.5288 11.7074 1.15
    endloop
  endfacet
  facet normal -0.969982 -0.243175 0
    outer loop
      vertex 10.5288 11.7074 1.25
      vertex 10.5646 11.5646 1.15
      vertex 10.5646 11.5646 1.25
    endloop
  endfacet
  facet normal -0.998803 -0.0489209 0
    outer loop
      vertex 10.5072 11.853 1.15
      vertex 10.5 12 1.25
      vertex 10.5 12 1.15
    endloop
  endfacet
  facet normal -0.998803 -0.0489209 0
    outer loop
      vertex 10.5 12 1.25
      vertex 10.5072 11.853 1.15
      vertex 10.5072 11.853 1.25
    endloop
  endfacet
  facet normal 0.514096 0.857733 -0
    outer loop
      vertex 12.8334 13.2472 1.15
      vertex 12.7071 13.3229 1.25
      vertex 12.8334 13.2472 1.25
    endloop
  endfacet
  facet normal 0.514096 0.857733 0
    outer loop
      vertex 12.7071 13.3229 1.25
      vertex 12.8334 13.2472 1.15
      vertex 12.7071 13.3229 1.15
    endloop
  endfacet
  facet normal 0.998803 -0.0489209 0
    outer loop
      vertex 13.4928 11.853 1.25
      vertex 13.5 12 1.15
      vertex 13.5 12 1.25
    endloop
  endfacet
  facet normal 0.998803 -0.0489209 0
    outer loop
      vertex 13.5 12 1.15
      vertex 13.4928 11.853 1.25
      vertex 13.4928 11.853 1.15
    endloop
  endfacet
  facet normal 0.904125 -0.427269 0
    outer loop
      vertex 13.3229 11.2929 1.25
      vertex 13.3858 11.426 1.15
      vertex 13.3858 11.426 1.25
    endloop
  endfacet
  facet normal 0.904125 -0.427269 0
    outer loop
      vertex 13.3858 11.426 1.15
      vertex 13.3229 11.2929 1.25
      vertex 13.3229 11.2929 1.15
    endloop
  endfacet
  facet normal 0.857733 0.514096 0
    outer loop
      vertex 13.3229 12.7071 1.25
      vertex 13.2472 12.8334 1.15
      vertex 13.2472 12.8334 1.25
    endloop
  endfacet
  facet normal 0.857733 0.514096 0
    outer loop
      vertex 13.2472 12.8334 1.15
      vertex 13.3229 12.7071 1.25
      vertex 13.3229 12.7071 1.15
    endloop
  endfacet
  facet normal 0.74123 0.671251 0
    outer loop
      vertex 13.1595 12.9516 1.25
      vertex 13.0607 13.0607 1.15
      vertex 13.0607 13.0607 1.25
    endloop
  endfacet
  facet normal 0.74123 0.671251 0
    outer loop
      vertex 13.0607 13.0607 1.15
      vertex 13.1595 12.9516 1.25
      vertex 13.1595 12.9516 1.15
    endloop
  endfacet
  facet normal -0.0489209 0.998803 0
    outer loop
      vertex 12 13.5 1.15
      vertex 11.853 13.4928 1.25
      vertex 12 13.5 1.25
    endloop
  endfacet
  facet normal -0.0489209 0.998803 0
    outer loop
      vertex 11.853 13.4928 1.25
      vertex 12 13.5 1.15
      vertex 11.853 13.4928 1.15
    endloop
  endfacet
  facet normal -0.74123 0.671251 0
    outer loop
      vertex 10.8405 12.9516 1.15
      vertex 10.9393 13.0607 1.25
      vertex 10.9393 13.0607 1.15
    endloop
  endfacet
  facet normal -0.74123 0.671251 0
    outer loop
      vertex 10.9393 13.0607 1.25
      vertex 10.8405 12.9516 1.15
      vertex 10.8405 12.9516 1.25
    endloop
  endfacet
  facet normal -0.671251 -0.74123 0
    outer loop
      vertex 10.9393 10.9393 1.15
      vertex 11.0484 10.8405 1.25
      vertex 10.9393 10.9393 1.25
    endloop
  endfacet
  facet normal -0.671251 -0.74123 -0
    outer loop
      vertex 11.0484 10.8405 1.25
      vertex 10.9393 10.9393 1.15
      vertex 11.0484 10.8405 1.15
    endloop
  endfacet
  facet normal 0.0489209 -0.998803 0
    outer loop
      vertex 12 10.5 1.15
      vertex 12.147 10.5072 1.25
      vertex 12 10.5 1.25
    endloop
  endfacet
  facet normal 0.0489209 -0.998803 0
    outer loop
      vertex 12.147 10.5072 1.25
      vertex 12 10.5 1.15
      vertex 12.147 10.5072 1.15
    endloop
  endfacet
  facet normal 0.941527 0.336939 0
    outer loop
      vertex 13.4354 12.4354 1.25
      vertex 13.3858 12.574 1.15
      vertex 13.3858 12.574 1.25
    endloop
  endfacet
  facet normal 0.941527 0.336939 0
    outer loop
      vertex 13.3858 12.574 1.15
      vertex 13.4354 12.4354 1.25
      vertex 13.4354 12.4354 1.15
    endloop
  endfacet
  facet normal 0.857733 -0.514096 0
    outer loop
      vertex 13.2472 11.1666 1.25
      vertex 13.3229 11.2929 1.15
      vertex 13.3229 11.2929 1.25
    endloop
  endfacet
  facet normal 0.857733 -0.514096 0
    outer loop
      vertex 13.3229 11.2929 1.15
      vertex 13.2472 11.1666 1.25
      vertex 13.2472 11.1666 1.15
    endloop
  endfacet
  facet normal 0.671251 0.74123 -0
    outer loop
      vertex 13.0607 13.0607 1.15
      vertex 12.9516 13.1595 1.25
      vertex 13.0607 13.0607 1.25
    endloop
  endfacet
  facet normal 0.671251 0.74123 0
    outer loop
      vertex 12.9516 13.1595 1.25
      vertex 13.0607 13.0607 1.15
      vertex 12.9516 13.1595 1.15
    endloop
  endfacet
  facet normal -0.243175 0.969982 0
    outer loop
      vertex 11.7074 13.4712 1.15
      vertex 11.5646 13.4354 1.25
      vertex 11.7074 13.4712 1.25
    endloop
  endfacet
  facet normal -0.243175 0.969982 0
    outer loop
      vertex 11.5646 13.4354 1.25
      vertex 11.7074 13.4712 1.15
      vertex 11.5646 13.4354 1.15
    endloop
  endfacet
  facet normal 0.336939 -0.941527 0
    outer loop
      vertex 12.4354 10.5646 1.15
      vertex 12.574 10.6142 1.25
      vertex 12.4354 10.5646 1.25
    endloop
  endfacet
  facet normal 0.336939 -0.941527 0
    outer loop
      vertex 12.574 10.6142 1.25
      vertex 12.4354 10.5646 1.15
      vertex 12.574 10.6142 1.15
    endloop
  endfacet
  facet normal -0.427269 0.904125 0
    outer loop
      vertex 11.426 13.3858 1.15
      vertex 11.2929 13.3229 1.25
      vertex 11.426 13.3858 1.25
    endloop
  endfacet
  facet normal -0.427269 0.904125 0
    outer loop
      vertex 11.2929 13.3229 1.25
      vertex 11.426 13.3858 1.15
      vertex 11.2929 13.3229 1.15
    endloop
  endfacet
  facet normal 0.904125 0.427269 0
    outer loop
      vertex 13.3858 12.574 1.25
      vertex 13.3229 12.7071 1.15
      vertex 13.3229 12.7071 1.25
    endloop
  endfacet
  facet normal 0.904125 0.427269 0
    outer loop
      vertex 13.3229 12.7071 1.15
      vertex 13.3858 12.574 1.25
      vertex 13.3858 12.574 1.15
    endloop
  endfacet
  facet normal -0.671251 0.74123 0
    outer loop
      vertex 11.0484 13.1595 1.15
      vertex 10.9393 13.0607 1.25
      vertex 11.0484 13.1595 1.25
    endloop
  endfacet
  facet normal -0.671251 0.74123 0
    outer loop
      vertex 10.9393 13.0607 1.25
      vertex 11.0484 13.1595 1.15
      vertex 10.9393 13.0607 1.15
    endloop
  endfacet
  facet normal 0.336939 0.941527 -0
    outer loop
      vertex 12.574 13.3858 1.15
      vertex 12.4354 13.4354 1.25
      vertex 12.574 13.3858 1.25
    endloop
  endfacet
  facet normal 0.336939 0.941527 0
    outer loop
      vertex 12.4354 13.4354 1.25
      vertex 12.574 13.3858 1.15
      vertex 12.4354 13.4354 1.15
    endloop
  endfacet
  facet normal -0.336939 0.941527 0
    outer loop
      vertex 11.5646 13.4354 1.15
      vertex 11.426 13.3858 1.25
      vertex 11.5646 13.4354 1.25
    endloop
  endfacet
  facet normal -0.336939 0.941527 0
    outer loop
      vertex 11.426 13.3858 1.25
      vertex 11.5646 13.4354 1.15
      vertex 11.426 13.3858 1.15
    endloop
  endfacet
  facet normal -0.857733 -0.514096 0
    outer loop
      vertex 10.7528 11.1666 1.15
      vertex 10.6771 11.2929 1.25
      vertex 10.6771 11.2929 1.15
    endloop
  endfacet
  facet normal -0.857733 -0.514096 0
    outer loop
      vertex 10.6771 11.2929 1.25
      vertex 10.7528 11.1666 1.15
      vertex 10.7528 11.1666 1.25
    endloop
  endfacet
  facet normal -0.514096 -0.857733 0
    outer loop
      vertex 11.1666 10.7528 1.15
      vertex 11.2929 10.6771 1.25
      vertex 11.1666 10.7528 1.25
    endloop
  endfacet
  facet normal -0.514096 -0.857733 -0
    outer loop
      vertex 11.2929 10.6771 1.25
      vertex 11.1666 10.7528 1.15
      vertex 11.2929 10.6771 1.15
    endloop
  endfacet
  facet normal -0.427269 -0.904125 0
    outer loop
      vertex 11.2929 10.6771 1.15
      vertex 11.426 10.6142 1.25
      vertex 11.2929 10.6771 1.25
    endloop
  endfacet
  facet normal -0.427269 -0.904125 -0
    outer loop
      vertex 11.426 10.6142 1.25
      vertex 11.2929 10.6771 1.15
      vertex 11.426 10.6142 1.15
    endloop
  endfacet
  facet normal -0.803088 -0.595861 0
    outer loop
      vertex 10.8405 11.0484 1.15
      vertex 10.7528 11.1666 1.25
      vertex 10.7528 11.1666 1.15
    endloop
  endfacet
  facet normal -0.803088 -0.595861 0
    outer loop
      vertex 10.7528 11.1666 1.25
      vertex 10.8405 11.0484 1.15
      vertex 10.8405 11.0484 1.25
    endloop
  endfacet
  facet normal -0.243175 -0.969982 0
    outer loop
      vertex 11.5646 10.5646 1.15
      vertex 11.7074 10.5288 1.25
      vertex 11.5646 10.5646 1.25
    endloop
  endfacet
  facet normal -0.243175 -0.969982 -0
    outer loop
      vertex 11.7074 10.5288 1.25
      vertex 11.5646 10.5646 1.15
      vertex 11.7074 10.5288 1.15
    endloop
  endfacet
  facet normal -0.336939 -0.941527 0
    outer loop
      vertex 11.426 10.6142 1.15
      vertex 11.5646 10.5646 1.25
      vertex 11.426 10.6142 1.25
    endloop
  endfacet
  facet normal -0.336939 -0.941527 -0
    outer loop
      vertex 11.5646 10.5646 1.25
      vertex 11.426 10.6142 1.15
      vertex 11.5646 10.5646 1.15
    endloop
  endfacet
  facet normal -0.989174 -0.146746 0
    outer loop
      vertex 10.5288 11.7074 1.15
      vertex 10.5072 11.853 1.25
      vertex 10.5072 11.853 1.15
    endloop
  endfacet
  facet normal -0.989174 -0.146746 0
    outer loop
      vertex 10.5072 11.853 1.25
      vertex 10.5288 11.7074 1.15
      vertex 10.5288 11.7074 1.25
    endloop
  endfacet
  facet normal -0.595861 -0.803088 0
    outer loop
      vertex 11.0484 10.8405 1.15
      vertex 11.1666 10.7528 1.25
      vertex 11.0484 10.8405 1.25
    endloop
  endfacet
  facet normal -0.595861 -0.803088 -0
    outer loop
      vertex 11.1666 10.7528 1.25
      vertex 11.0484 10.8405 1.15
      vertex 11.1666 10.7528 1.15
    endloop
  endfacet
  facet normal -0.904125 -0.427269 0
    outer loop
      vertex 10.6771 11.2929 1.15
      vertex 10.6142 11.426 1.25
      vertex 10.6142 11.426 1.15
    endloop
  endfacet
  facet normal -0.904125 -0.427269 0
    outer loop
      vertex 10.6142 11.426 1.25
      vertex 10.6771 11.2929 1.15
      vertex 10.6771 11.2929 1.25
    endloop
  endfacet
  facet normal -0.941527 0.336939 0
    outer loop
      vertex 10.5646 12.4354 1.15
      vertex 10.6142 12.574 1.25
      vertex 10.6142 12.574 1.15
    endloop
  endfacet
  facet normal -0.941527 0.336939 0
    outer loop
      vertex 10.6142 12.574 1.25
      vertex 10.5646 12.4354 1.15
      vertex 10.5646 12.4354 1.25
    endloop
  endfacet
  facet normal 0.941527 -0.336939 0
    outer loop
      vertex 13.3858 11.426 1.25
      vertex 13.4354 11.5646 1.15
      vertex 13.4354 11.5646 1.25
    endloop
  endfacet
  facet normal 0.941527 -0.336939 0
    outer loop
      vertex 13.4354 11.5646 1.15
      vertex 13.3858 11.426 1.25
      vertex 13.3858 11.426 1.15
    endloop
  endfacet
  facet normal -0.803088 0.595861 0
    outer loop
      vertex 10.7528 12.8334 1.15
      vertex 10.8405 12.9516 1.25
      vertex 10.8405 12.9516 1.15
    endloop
  endfacet
  facet normal -0.803088 0.595861 0
    outer loop
      vertex 10.8405 12.9516 1.25
      vertex 10.7528 12.8334 1.15
      vertex 10.7528 12.8334 1.25
    endloop
  endfacet
  facet normal -0.998803 0.0489209 0
    outer loop
      vertex 10.5 12 1.15
      vertex 10.5072 12.147 1.25
      vertex 10.5072 12.147 1.15
    endloop
  endfacet
  facet normal -0.998803 0.0489209 0
    outer loop
      vertex 10.5072 12.147 1.25
      vertex 10.5 12 1.15
      vertex 10.5 12 1.25
    endloop
  endfacet
  facet normal 0.74123 -0.671251 0
    outer loop
      vertex 13.0607 10.9393 1.25
      vertex 13.1595 11.0484 1.15
      vertex 13.1595 11.0484 1.25
    endloop
  endfacet
  facet normal 0.74123 -0.671251 0
    outer loop
      vertex 13.1595 11.0484 1.15
      vertex 13.0607 10.9393 1.25
      vertex 13.0607 10.9393 1.15
    endloop
  endfacet
  facet normal 0.671251 -0.74123 0
    outer loop
      vertex 12.9516 10.8405 1.15
      vertex 13.0607 10.9393 1.25
      vertex 12.9516 10.8405 1.25
    endloop
  endfacet
  facet normal 0.671251 -0.74123 0
    outer loop
      vertex 13.0607 10.9393 1.25
      vertex 12.9516 10.8405 1.15
      vertex 13.0607 10.9393 1.15
    endloop
  endfacet
  facet normal 0 0 -1
    outer loop
      vertex 13.4928 11.853 1.15
      vertex 13.4928 12.147 1.15
      vertex 13.5 12 1.15
    endloop
  endfacet
  facet normal 0 0 -1
    outer loop
      vertex 13.4712 11.7074 1.15
      vertex 13.4928 12.147 1.15
      vertex 13.4928 11.853 1.15
    endloop
  endfacet
  facet normal 0 0 -1
    outer loop
      vertex 13.4712 11.7074 1.15
      vertex 13.4712 12.2926 1.15
      vertex 13.4928 12.147 1.15
    endloop
  endfacet
  facet normal 0 0 -1
    outer loop
      vertex 13.4354 11.5646 1.15
      vertex 13.4712 12.2926 1.15
      vertex 13.4712 11.7074 1.15
    endloop
  endfacet
  facet normal 0 0 -1
    outer loop
      vertex 13.4354 11.5646 1.15
      vertex 13.4354 12.4354 1.15
      vertex 13.4712 12.2926 1.15
    endloop
  endfacet
  facet normal 0 0 -1
    outer loop
      vertex 13.3858 11.426 1.15
      vertex 13.4354 12.4354 1.15
      vertex 13.4354 11.5646 1.15
    endloop
  endfacet
  facet normal 0 0 -1
    outer loop
      vertex 13.3858 11.426 1.15
      vertex 13.3858 12.574 1.15
      vertex 13.4354 12.4354 1.15
    endloop
  endfacet
  facet normal 0 0 -1
    outer loop
      vertex 13.3229 11.2929 1.15
      vertex 13.3858 12.574 1.15
      vertex 13.3858 11.426 1.15
    endloop
  endfacet
  facet normal 0 0 -1
    outer loop
      vertex 13.3229 11.2929 1.15
      vertex 13.3229 12.7071 1.15
      vertex 13.3858 12.574 1.15
    endloop
  endfacet
  facet normal 0 0 -1
    outer loop
      vertex 13.2472 11.1666 1.15
      vertex 13.3229 12.7071 1.15
      vertex 13.3229 11.2929 1.15
    endloop
  endfacet
  facet normal 0 0 -1
    outer loop
      vertex 13.2472 11.1666 1.15
      vertex 13.2472 12.8334 1.15
      vertex 13.3229 12.7071 1.15
    endloop
  endfacet
  facet normal 0 0 -1
    outer loop
      vertex 13.1595 11.0484 1.15
      vertex 13.2472 12.8334 1.15
      vertex 13.2472 11.1666 1.15
    endloop
  endfacet
  facet normal 0 0 -1
    outer loop
      vertex 13.1595 11.0484 1.15
      vertex 13.1595 12.9516 1.15
      vertex 13.2472 12.8334 1.15
    endloop
  endfacet
  facet normal 0 0 -1
    outer loop
      vertex 13.0607 10.9393 1.15
      vertex 13.1595 12.9516 1.15
      vertex 13.1595 11.0484 1.15
    endloop
  endfacet
  facet normal 0 0 -1
    outer loop
      vertex 13.0607 10.9393 1.15
      vertex 13.0607 13.0607 1.15
      vertex 13.1595 12.9516 1.15
    endloop
  endfacet
  facet normal 0 0 -1
    outer loop
      vertex 12.9516 10.8405 1.15
      vertex 13.0607 13.0607 1.15
      vertex 13.0607 10.9393 1.15
    endloop
  endfacet
  facet normal 0 0 -1
    outer loop
      vertex 12.9516 10.8405 1.15
      vertex 12.9516 13.1595 1.15
      vertex 13.0607 13.0607 1.15
    endloop
  endfacet
  facet normal 0 0 -1
    outer loop
      vertex 12.8334 10.7528 1.15
      vertex 12.9516 13.1595 1.15
      vertex 12.9516 10.8405 1.15
    endloop
  endfacet
  facet normal 0 0 -1
    outer loop
      vertex 12.8334 10.7528 1.15
      vertex 12.8334 13.2472 1.15
      vertex 12.9516 13.1595 1.15
    endloop
  endfacet
  facet normal 0 0 -1
    outer loop
      vertex 12.7071 10.6771 1.15
      vertex 12.8334 13.2472 1.15
      vertex 12.8334 10.7528 1.15
    endloop
  endfacet
  facet normal 0 0 -1
    outer loop
      vertex 12.7071 10.6771 1.15
      vertex 12.7071 13.3229 1.15
      vertex 12.8334 13.2472 1.15
    endloop
  endfacet
  facet normal 0 0 -1
    outer loop
      vertex 12.574 10.6142 1.15
      vertex 12.7071 13.3229 1.15
      vertex 12.7071 10.6771 1.15
    endloop
  endfacet
  facet normal 0 0 -1
    outer loop
      vertex 12.574 10.6142 1.15
      vertex 12.574 13.3858 1.15
      vertex 12.7071 13.3229 1.15
    endloop
  endfacet
  facet normal 0 0 -1
    outer loop
      vertex 12.4354 10.5646 1.15
      vertex 12.574 13.3858 1.15
      vertex 12.574 10.6142 1.15
    endloop
  endfacet
  facet normal 0 0 -1
    outer loop
      vertex 12.4354 10.5646 1.15
      vertex 12.4354 13.4354 1.15
      vertex 12.574 13.3858 1.15
    endloop
  endfacet
  facet normal 0 0 -1
    outer loop
      vertex 12.2926 10.5288 1.15
      vertex 12.4354 13.4354 1.15
      vertex 12.4354 10.5646 1.15
    endloop
  endfacet
  facet normal 0 0 -1
    outer loop
      vertex 12.2926 10.5288 1.15
      vertex 12.2926 13.4712 1.15
      vertex 12.4354 13.4354 1.15
    endloop
  endfacet
  facet normal 0 0 -1
    outer loop
      vertex 12.147 10.5072 1.15
      vertex 12.2926 13.4712 1.15
      vertex 12.2926 10.5288 1.15
    endloop
  endfacet
  facet normal 0 0 -1
    outer loop
      vertex 12.147 10.5072 1.15
      vertex 12.147 13.4928 1.15
      vertex 12.2926 13.4712 1.15
    endloop
  endfacet
  facet normal 0 0 -1
    outer loop
      vertex 12 10.5 1.15
      vertex 12.147 13.4928 1.15
      vertex 12.147 10.5072 1.15
    endloop
  endfacet
  facet normal 0 0 -1
    outer loop
      vertex 12 10.5 1.15
      vertex 12 13.5 1.15
      vertex 12.147 13.4928 1.15
    endloop
  endfacet
  facet normal 0 0 -1
    outer loop
      vertex 11.853 10.5072 1.15
      vertex 12 13.5 1.15
      vertex 12 10.5 1.15
    endloop
  endfacet
  facet normal 0 0 -1
    outer loop
      vertex 11.853 10.5072 1.15
      vertex 11.853 13.4928 1.15
      vertex 12 13.5 1.15
    endloop
  endfacet
  facet normal 0 0 -1
    outer loop
      vertex 11.7074 10.5288 1.15
      vertex 11.853 13.4928 1.15
      vertex 11.853 10.5072 1.15
    endloop
  endfacet
  facet normal 0 0 -1
    outer loop
      vertex 11.7074 10.5288 1.15
      vertex 11.7074 13.4712 1.15
      vertex 11.853 13.4928 1.15
    endloop
  endfacet
  facet normal 0 0 -1
    outer loop
      vertex 11.5646 10.5646 1.15
      vertex 11.7074 13.4712 1.15
      vertex 11.7074 10.5288 1.15
    endloop
  endfacet
  facet normal 0 0 -1
    outer loop
      vertex 11.5646 10.5646 1.15
      vertex 11.5646 13.4354 1.15
      vertex 11.7074 13.4712 1.15
    endloop
  endfacet
  facet normal 0 0 -1
    outer loop
      vertex 11.426 10.6142 1.15
      vertex 11.5646 13.4354 1.15
      vertex 11.5646 10.5646 1.15
    endloop
  endfacet
  facet normal 0 0 -1
    outer loop
      vertex 11.426 10.6142 1.15
      vertex 11.426 13.3858 1.15
      vertex 11.5646 13.4354 1.15
    endloop
  endfacet
  facet normal 0 0 -1
    outer loop
      vertex 11.2929 10.6771 1.15
      vertex 11.426 13.3858 1.15
      vertex 11.426 10.6142 1.15
    endloop
  endfacet
  facet normal 0 0 -1
    outer loop
      vertex 11.2929 10.6771 1.15
      vertex 11.2929 13.3229 1.15
      vertex 11.426 13.3858 1.15
    endloop
  endfacet
  facet normal 0 0 -1
    outer loop
      vertex 11.1666 10.7528 1.15
      vertex 11.2929 13.3229 1.15
      vertex 11.2929 10.6771 1.15
    endloop
  endfacet
  facet normal 0 0 -1
    outer loop
      vertex 11.1666 10.7528 1.15
      vertex 11.1666 13.2472 1.15
      vertex 11.2929 13.3229 1.15
    endloop
  endfacet
  facet normal 0 0 -1
    outer loop
      vertex 11.0484 10.8405 1.15
      vertex 11.1666 13.2472 1.15
      vertex 11.1666 10.7528 1.15
    endloop
  endfacet
  facet normal 0 0 -1
    outer loop
      vertex 11.0484 10.8405 1.15
      vertex 11.0484 13.1595 1.15
      vertex 11.1666 13.2472 1.15
    endloop
  endfacet
  facet normal 0 0 -1
    outer loop
      vertex 10.9393 10.9393 1.15
      vertex 11.0484 13.1595 1.15
      vertex 11.0484 10.8405 1.15
    endloop
  endfacet
  facet normal 0 0 -1
    outer loop
      vertex 10.9393 10.9393 1.15
      vertex 10.9393 13.0607 1.15
      vertex 11.0484 13.1595 1.15
    endloop
  endfacet
  facet normal 0 0 -1
    outer loop
      vertex 10.8405 11.0484 1.15
      vertex 10.9393 13.0607 1.15
      vertex 10.9393 10.9393 1.15
    endloop
  endfacet
  facet normal 0 0 -1
    outer loop
      vertex 10.8405 11.0484 1.15
      vertex 10.8405 12.9516 1.15
      vertex 10.9393 13.0607 1.15
    endloop
  endfacet
  facet normal 0 0 -1
    outer loop
      vertex 10.7528 11.1666 1.15
      vertex 10.8405 12.9516 1.15
      vertex 10.8405 11.0484 1.15
    endloop
  endfacet
  facet normal 0 0 -1
    outer loop
      vertex 10.7528 11.1666 1.15
      vertex 10.7528 12.8334 1.15
      vertex 10.8405 12.9516 1.15
    endloop
  endfacet
  facet normal 0 0 -1
    outer loop
      vertex 10.6771 11.2929 1.15
      vertex 10.7528 12.8334 1.15
      vertex 10.7528 11.1666 1.15
    endloop
  endfacet
  facet normal 0 0 -1
    outer loop
      vertex 10.6771 11.2929 1.15
      vertex 10.6771 12.7071 1.15
      vertex 10.7528 12.8334 1.15
    endloop
  endfacet
  facet normal 0 0 -1
    outer loop
      vertex 10.6142 11.426 1.15
      vertex 10.6771 12.7071 1.15
      vertex 10.6771 11.2929 1.15
    endloop
  endfacet
  facet normal 0 0 -1
    outer loop
      vertex 10.6142 11.426 1.15
      vertex 10.6142 12.574 1.15
      vertex 10.6771 12.7071 1.15
    endloop
  endfacet
  facet normal 0 0 -1
    outer loop
      vertex 10.5646 11.5646 1.15
      vertex 10.6142 12.574 1.15
      vertex 10.6142 11.426 1.15
    endloop
  endfacet
  facet normal 0 0 -1
    outer loop
      vertex 10.5646 11.5646 1.15
      vertex 10.5646 12.4354 1.15
      vertex 10.6142 12.574 1.15
    endloop
  endfacet
  facet normal 0 0 -1
    outer loop
      vertex 10.5288 11.7074 1.15
      vertex 10.5646 12.4354 1.15
      vertex 10.5646 11.5646 1.15
    endloop
  endfacet
  facet normal 0 0 -1
    outer loop
      vertex 10.5288 11.7074 1.15
      vertex 10.5288 12.2926 1.15
      vertex 10.5646 12.4354 1.15
    endloop
  endfacet
  facet normal 0 0 -1
    outer loop
      vertex 10.5072 11.853 1.15
      vertex 10.5288 12.2926 1.15
      vertex 10.5288 11.7074 1.15
    endloop
  endfacet
  facet normal 0 0 -1
    outer loop
      vertex 10.5072 11.853 1.15
      vertex 10.5072 12.147 1.15
      vertex 10.5288 12.2926 1.15
    endloop
  endfacet
  facet normal 0 -0 -1
    outer loop
      vertex 10.5072 12.147 1.15
      vertex 10.5072 11.853 1.15
      vertex 10.5 12 1.15
    endloop
  endfacet
  facet normal -0.282785 -0.48965 0.824788
    outer loop
      vertex 12 12.8 1.31
      vertex 11.825 12.8 1.25
      vertex 12.0875 12.6484 1.25
    endloop
  endfacet
  facet normal 0.565528 0 0.824729
    outer loop
      vertex 12.0875 12.9516 1.25
      vertex 12 12.8 1.31
      vertex 12.0875 12.6484 1.25
    endloop
  endfacet
  facet normal -0.282785 0.48965 0.824788
    outer loop
      vertex 12.0875 12.9516 1.25
      vertex 11.825 12.8 1.25
      vertex 12 12.8 1.31
    endloop
  endfacet
  facet normal 0 0 -1
    outer loop
      vertex 11.8652 13.0539 1.32
      vertex 11.692 13.0539 1.32
      vertex 11.8652 13.54 1.32
    endloop
  endfacet
  facet normal 0 0 -1
    outer loop
      vertex 12.3271 13.0539 1.32
      vertex 12.1538 13.2766 1.32
      vertex 12.3271 13.7627 1.32
    endloop
  endfacet
  facet normal 0 0 -1
    outer loop
      vertex 12.123 13.0539 1.32
      vertex 12.1538 13.2766 1.32
      vertex 12.3271 13.0539 1.32
    endloop
  endfacet
  facet normal 0 0 -1
    outer loop
      vertex 11.8652 13.54 1.32
      vertex 12.1538 13.2766 1.32
      vertex 12.123 13.0539 1.32
    endloop
  endfacet
  facet normal 0 0 -1
    outer loop
      vertex 12.1538 13.2766 1.32
      vertex 11.8652 13.54 1.32
      vertex 11.8961 13.7627 1.32
    endloop
  endfacet
  facet normal 0 0 -1
    outer loop
      vertex 11.692 13.7627 1.32
      vertex 11.8652 13.54 1.32
      vertex 11.692 13.0539 1.32
    endloop
  endfacet
  facet normal 0 0 -1
    outer loop
      vertex 11.8652 13.54 1.32
      vertex 11.692 13.7627 1.32
      vertex 11.8961 13.7627 1.32
    endloop
  endfacet
  facet normal -0 0 -1
    outer loop
      vertex 12.3271 13.7627 1.32
      vertex 12.1538 13.2766 1.32
      vertex 12.1538 13.7627 1.32
    endloop
  endfacet
  facet normal 0 0 1
    outer loop
      vertex 12.1538 13.2766 1.47
      vertex 12.3271 13.7627 1.47
      vertex 12.1538 13.7627 1.47
    endloop
  endfacet
  facet normal 0 0 1
    outer loop
      vertex 12.3271 13.7627 1.47
      vertex 12.1538 13.2766 1.47
      vertex 12.3271 13.0539 1.47
    endloop
  endfacet
  facet normal 0 0 1
    outer loop
      vertex 12.1538 13.2766 1.47
      vertex 12.123 13.0539 1.47
      vertex 12.3271 13.0539 1.47
    endloop
  endfacet
  facet normal -0 0 1
    outer loop
      vertex 11.8652 13.54 1.47
      vertex 12.1538 13.2766 1.47
      vertex 11.8961 13.7627 1.47
    endloop
  endfacet
  facet normal 0 0 1
    outer loop
      vertex 12.1538 13.2766 1.47
      vertex 11.8652 13.54 1.47
      vertex 12.123 13.0539 1.47
    endloop
  endfacet
  facet normal -0 0 1
    outer loop
      vertex 11.692 13.7627 1.47
      vertex 11.8652 13.54 1.47
      vertex 11.8961 13.7627 1.47
    endloop
  endfacet
  facet normal 0 0 1
    outer loop
      vertex 11.692 13.0539 1.47
      vertex 11.8652 13.54 1.47
      vertex 11.692 13.7627 1.47
    endloop
  endfacet
  facet normal 0 0 1
    outer loop
      vertex 11.8652 13.54 1.47
      vertex 11.692 13.0539 1.47
      vertex 11.8652 13.0539 1.47
    endloop
  endfacet
  facet normal -0.883447 -0.468531 0
    outer loop
      vertex 12.123 13.0539 1.32
      vertex 11.8652 13.54 1.47
      vertex 11.8652 13.54 1.32
    endloop
  endfacet
  facet normal -0.883447 -0.468531 0
    outer loop
      vertex 11.8652 13.54 1.47
      vertex 12.123 13.0539 1.32
      vertex 12.123 13.0539 1.47
    endloop
  endfacet
  facet normal 0 -1 0
    outer loop
      vertex 12.123 13.0539 1.32
      vertex 12.3271 13.0539 1.47
      vertex 12.123 13.0539 1.47
    endloop
  endfacet
  facet normal 0 -1 -0
    outer loop
      vertex 12.3271 13.0539 1.47
      vertex 12.123 13.0539 1.32
      vertex 12.3271 13.0539 1.32
    endloop
  endfacet
  facet normal 1 -0 0
    outer loop
      vertex 12.3271 13.0539 1.47
      vertex 12.3271 13.7627 1.32
      vertex 12.3271 13.7627 1.47
    endloop
  endfacet
  facet normal 1 0 0
    outer loop
      vertex 12.3271 13.7627 1.32
      vertex 12.3271 13.0539 1.47
      vertex 12.3271 13.0539 1.32
    endloop
  endfacet
  facet normal 0 1 -0
    outer loop
      vertex 12.3271 13.7627 1.32
      vertex 12.1538 13.7627 1.47
      vertex 12.3271 13.7627 1.47
    endloop
  endfacet
  facet normal 0 1 0
    outer loop
      vertex 12.1538 13.7627 1.47
      vertex 12.3271 13.7627 1.32
      vertex 12.1538 13.7627 1.32
    endloop
  endfacet
  facet normal -1 0 0
    outer loop
      vertex 12.1538 13.2766 1.32
      vertex 12.1538 13.7627 1.47
      vertex 12.1538 13.7627 1.32
    endloop
  endfacet
  facet normal -1 -0 0
    outer loop
      vertex 12.1538 13.7627 1.47
      vertex 12.1538 13.2766 1.32
      vertex 12.1538 13.2766 1.47
    endloop
  endfacet
  facet normal 0.883523 0.468389 0
    outer loop
      vertex 12.1538 13.2766 1.47
      vertex 11.8961 13.7627 1.32
      vertex 11.8961 13.7627 1.47
    endloop
  endfacet
  facet normal 0.883523 0.468389 0
    outer loop
      vertex 11.8961 13.7627 1.32
      vertex 12.1538 13.2766 1.47
      vertex 12.1538 13.2766 1.32
    endloop
  endfacet
  facet normal 0 1 -0
    outer loop
      vertex 11.8961 13.7627 1.32
      vertex 11.692 13.7627 1.47
      vertex 11.8961 13.7627 1.47
    endloop
  endfacet
  facet normal 0 1 0
    outer loop
      vertex 11.692 13.7627 1.47
      vertex 11.8961 13.7627 1.32
      vertex 11.692 13.7627 1.32
    endloop
  endfacet
  facet normal -1 0 0
    outer loop
      vertex 11.692 13.0539 1.32
      vertex 11.692 13.7627 1.47
      vertex 11.692 13.7627 1.32
    endloop
  endfacet
  facet normal -1 -0 0
    outer loop
      vertex 11.692 13.7627 1.47
      vertex 11.692 13.0539 1.32
      vertex 11.692 13.0539 1.47
    endloop
  endfacet
  facet normal 0 -1 0
    outer loop
      vertex 11.692 13.0539 1.32
      vertex 11.8652 13.0539 1.47
      vertex 11.692 13.0539 1.47
    endloop
  endfacet
  facet normal 0 -1 -0
    outer loop
      vertex 11.8652 13.0539 1.47
      vertex 11.692 13.0539 1.32
      vertex 11.8652 13.0539 1.32
    endloop
  endfacet
  facet normal 1 -0 0
    outer loop
      vertex 11.8652 13.0539 1.47
      vertex 11.8652 13.54 1.32
      vertex 11.8652 13.54 1.47
    endloop
  endfacet
  facet normal 1 0 0
    outer loop
      vertex 11.8652 13.54 1.32
      vertex 11.8652 13.0539 1.47
      vertex 11.8652 13.0539 1.32
    endloop
  endfacet
  facet normal -1 0 0
    outer loop
      vertex -9 -9 -1
      vertex -9 9 -0.0999994
      vertex -9 9 -1
    endloop
  endfacet
  facet normal -1 0 0
    outer loop
      vertex -9 -9 0
      vertex -9 9 -0.0999994
      vertex -9 -9 -1
    endloop
  endfacet
  facet normal -1 0 0
    outer loop
      vertex -9 9 -0.0999994
      vertex -9 -9 0
      vertex -9 9 0
    endloop
  endfacet
  facet normal 0 0 -1
    outer loop
      vertex -9 -9 -1
      vertex 9 9 -1
      vertex 14 -9 -1
    endloop
  endfacet
  facet normal -0 0 -1
    outer loop
      vertex 9 9 -1
      vertex -9 -9 -1
      vertex -9 9 -1
    endloop
  endfacet
  facet normal 0 -1 0
    outer loop
      vertex -9 -9 -1
      vertex 14 -9 0
      vertex -9 -9 0
    endloop
  endfacet
  facet normal 0 -1 -0
    outer loop
      vertex 14 -9 0
      vertex -9 -9 -1
      vertex 14 -9 -1
    endloop
  endfacet
  facet normal 0.963518 0.267644 0
    outer loop
      vertex 14 -9 0
      vertex 9 9 -0.0999994
      vertex 9 9 0
    endloop
  endfacet
  facet normal 0.963518 0.267644 0
    outer loop
      vertex 9 9 -0.0999994
      vertex 14 -9 0
      vertex 9 9 -1
    endloop
  endfacet
  facet normal 0.963518 0.267644 0
    outer loop
      vertex 9 9 -1
      vertex 14 -9 0
      vertex 14 -9 -1
    endloop
  endfacet
  facet normal 0.376288 0.376288 0.846649
    outer loop
      vertex 1.6 2.9 5.8
      vertex 0 4.5 5.8
      vertex 1.4875 2.9 5.85
    endloop
  endfacet
  facet normal 0.376288 0.376288 0.846649
    outer loop
      vertex 2.8 1.7 5.8
      vertex 1.7 2.8 5.8
      vertex 2.8 1.5875 5.85
    endloop
  endfacet
  facet normal 0.376288 0.376288 0.846649
    outer loop
      vertex 2.9 1.4875 5.85
      vertex 4.5 0 5.8
      vertex 2.9 1.6 5.8
    endloop
  endfacet
  facet normal 0.376288 0.376288 0.846649
    outer loop
      vertex 1.5875 2.8 5.85
      vertex 2.8 1.5875 5.85
      vertex 1.7 2.8 5.8
    endloop
  endfacet
  facet normal 0.376288 0.376288 0.846649
    outer loop
      vertex 0 0 7.8
      vertex 2.8 1.5875 5.85
      vertex 1.5875 2.8 5.85
    endloop
  endfacet
  facet normal 0.376288 0.376288 0.846649
    outer loop
      vertex 0 0 7.8
      vertex 1.5875 2.8 5.85
      vertex 1.4875 2.9 5.85
    endloop
  endfacet
  facet normal 0.376288 0.376288 0.846649
    outer loop
      vertex 2.9 1.4875 5.85
      vertex 0 0 7.8
      vertex 4.5 0 5.8
    endloop
  endfacet
  facet normal 0.376288 0.376288 0.846649
    outer loop
      vertex 2.8 1.5875 5.85
      vertex 0 0 7.8
      vertex 2.9 1.4875 5.85
    endloop
  endfacet
  facet normal 0.376288 0.376288 0.846649
    outer loop
      vertex 0 0 7.8
      vertex 1.4875 2.9 5.85
      vertex 0 4.5 5.8
    endloop
  endfacet
  facet normal -0.376288 0.376288 0.846649
    outer loop
      vertex -2.9 1.6 5.8
      vertex -4.5 0 5.8
      vertex -2.9 1.4875 5.85
    endloop
  endfacet
  facet normal -0.376288 0.376288 0.846649
    outer loop
      vertex 0 4.5 5.8
      vertex -1.4875 2.9 5.85
      vertex 0 0 7.8
    endloop
  endfacet
  facet normal -0.376288 0.376288 0.846649
    outer loop
      vertex -1.4875 2.9 5.85
      vertex 0 4.5 5.8
      vertex -1.6 2.9 5.8
    endloop
  endfacet
  facet normal -0.376288 0.376288 0.846649
    outer loop
      vertex -1.5875 2.8 5.85
      vertex 0 0 7.8
      vertex -1.4875 2.9 5.85
    endloop
  endfacet
  facet normal -0.376288 0.376288 0.846649
    outer loop
      vertex -2.8 1.5875 5.85
      vertex -1.5875 2.8 5.85
      vertex -1.7 2.8 5.8
    endloop
  endfacet
  facet normal -0.376288 0.376288 0.846649
    outer loop
      vertex -2.8 1.5875 5.85
      vertex -1.7 2.8 5.8
      vertex -2.8 1.7 5.8
    endloop
  endfacet
  facet normal -0.376288 0.376288 0.846649
    outer loop
      vertex -1.5875 2.8 5.85
      vertex -2.8 1.5875 5.85
      vertex 0 0 7.8
    endloop
  endfacet
  facet normal -0.376288 0.376288 0.846649
    outer loop
      vertex -2.9 1.4875 5.85
      vertex 0 0 7.8
      vertex -2.8 1.5875 5.85
    endloop
  endfacet
  facet normal -0.376288 0.376288 0.846649
    outer loop
      vertex 0 0 7.8
      vertex -2.9 1.4875 5.85
      vertex -4.5 0 5.8
    endloop
  endfacet
  facet normal 0.376288 -0.376288 0.846649
    outer loop
      vertex 2.8 -1.5875 5.85
      vertex 1.7 -2.8 5.8
      vertex 2.8 -1.7 5.8
    endloop
  endfacet
  facet normal 0.376288 -0.376288 0.846649
    outer loop
      vertex 2.8 -1.5875 5.85
      vertex 1.5875 -2.8 5.85
      vertex 1.7 -2.8 5.8
    endloop
  endfacet
  facet normal 0.376288 -0.376288 0.846649
    outer loop
      vertex 0 0 7.8
      vertex 2.8 -1.5875 5.85
      vertex 2.9 -1.4875 5.85
    endloop
  endfacet
  facet normal 0.376288 -0.376288 0.846649
    outer loop
      vertex 2.8 -1.5875 5.85
      vertex 0 0 7.8
      vertex 1.5875 -2.8 5.85
    endloop
  endfacet
  facet normal 0.376288 -0.376288 0.846649
    outer loop
      vertex 1.5875 -2.8 5.85
      vertex 0 0 7.8
      vertex 1.4875 -2.9 5.85
    endloop
  endfacet
  facet normal 0.376288 -0.376288 0.846649
    outer loop
      vertex 0 0 7.8
      vertex 2.9 -1.4875 5.85
      vertex 4.5 0 5.8
    endloop
  endfacet
  facet normal 0.376288 -0.376288 0.846649
    outer loop
      vertex 4.5 0 5.8
      vertex 2.9 -1.4875 5.85
      vertex 2.9 -1.6 5.8
    endloop
  endfacet
  facet normal 0.376288 -0.376288 0.846649
    outer loop
      vertex 1.4875 -2.9 5.85
      vertex 0 -4.5 5.8
      vertex 1.6 -2.9 5.8
    endloop
  endfacet
  facet normal 0.376288 -0.376288 0.846649
    outer loop
      vertex 0 -4.5 5.8
      vertex 1.4875 -2.9 5.85
      vertex 0 0 7.8
    endloop
  endfacet
  facet normal -0.376288 -0.376288 0.846649
    outer loop
      vertex 0 0 7.8
      vertex -1.4875 -2.9 5.85
      vertex 0 -4.5 5.8
    endloop
  endfacet
  facet normal -0.376288 -0.376288 0.846649
    outer loop
      vertex 0 0 7.8
      vertex -1.5875 -2.8 5.85
      vertex -1.4875 -2.9 5.85
    endloop
  endfacet
  facet normal -0.376288 -0.376288 0.846649
    outer loop
      vertex -2.8 -1.5875 5.85
      vertex -1.5875 -2.8 5.85
      vertex 0 0 7.8
    endloop
  endfacet
  facet normal -0.376288 -0.376288 0.846649
    outer loop
      vertex -1.5875 -2.8 5.85
      vertex -2.8 -1.5875 5.85
      vertex -1.7 -2.8 5.8
    endloop
  endfacet
  facet normal -0.376288 -0.376288 0.846649
    outer loop
      vertex 0 0 7.8
      vertex -2.9 -1.4875 5.85
      vertex -2.8 -1.5875 5.85
    endloop
  endfacet
  facet normal -0.376288 -0.376288 0.846649
    outer loop
      vertex -2.9 -1.4875 5.85
      vertex -4.5 0 5.8
      vertex -2.9 -1.6 5.8
    endloop
  endfacet
  facet normal -0.376288 -0.376288 0.846649
    outer loop
      vertex -4.5 0 5.8
      vertex -2.9 -1.4875 5.85
      vertex 0 0 7.8
    endloop
  endfacet
  facet normal -0.376288 -0.376288 0.846649
    outer loop
      vertex 0 -4.5 5.8
      vertex -1.4875 -2.9 5.85
      vertex -1.6 -2.9 5.8
    endloop
  endfacet
  facet normal -0.376288 -0.376288 0.846649
    outer loop
      vertex -1.7 -2.8 5.8
      vertex -2.8 -1.5875 5.85
      vertex -2.8 -1.7 5.8
    endloop
  endfacet
  facet normal -0 0 -1
    outer loop
      vertex 4.5 0 5.8
      vertex 2.9 -1.6 5.8
      vertex 2.9 1.6 5.8
    endloop
  endfacet
  facet normal 0 0 -1
    outer loop
      vertex 1.6 2.9 5.8
      vertex -1.6 2.9 5.8
      vertex 0 4.5 5.8
    endloop
  endfacet
  facet normal 0 0 -1
    outer loop
      vertex -2.9 -1.6 5.8
      vertex -4.5 0 5.8
      vertex -2.9 1.6 5.8
    endloop
  endfacet
  facet normal 0 0 -1
    outer loop
      vertex 0 -4.5 5.8
      vertex -1.6 -2.9 5.8
      vertex 1.6 -2.9 5.8
    endloop
  endfacet
  facet normal 0 0 -1
    outer loop
      vertex 1.7 -2.8 5.8
      vertex 2.8 1.7 5.8
      vertex 2.8 -1.7 5.8
    endloop
  endfacet
  facet normal 0 0 -1
    outer loop
      vertex 1.7 -2.8 5.8
      vertex 1.7 2.8 5.8
      vertex 2.8 1.7 5.8
    endloop
  endfacet
  facet normal 0 0 -1
    outer loop
      vertex -1.7 -2.8 5.8
      vertex 1.7 2.8 5.8
      vertex 1.7 -2.8 5.8
    endloop
  endfacet
  facet normal 0 0 -1
    outer loop
      vertex -1.7 -2.8 5.8
      vertex -1.7 2.8 5.8
      vertex 1.7 2.8 5.8
    endloop
  endfacet
  facet normal 0 0 -1
    outer loop
      vertex -2.8 -1.7 5.8
      vertex -1.7 2.8 5.8
      vertex -1.7 -2.8 5.8
    endloop
  endfacet
  facet normal 0 0 -1
    outer loop
      vertex -1.7 2.8 5.8
      vertex -2.8 -1.7 5.8
      vertex -2.8 1.7 5.8
    endloop
  endfacet
endsolid OpenSCAD_Model
