solid OpenSCAD_Model
  facet normal 1 0 0
    outer loop
      vertex -9 16 1
      vertex -9 15 0.0499992
      vertex -9 16 0
    endloop
  endfacet
  facet normal 1 0 0
    outer loop
      vertex -9 16 1
      vertex -9 9 0.0499992
      vertex -9 15 0.0499992
    endloop
  endfacet
  facet normal 1 0 0
    outer loop
      vertex -9 9 0.0499992
      vertex -9 -9 0
      vertex -9 9 0
    endloop
  endfacet
  facet normal 1 0 0
    outer loop
      vertex -9 16 1
      vertex -9 -9 0
      vertex -9 9 0.0499992
    endloop
  endfacet
  facet normal 1 -0 0
    outer loop
      vertex -9 -16 1
      vertex -9 -9 0
      vertex -9 16 1
    endloop
  endfacet
  facet normal 1 0 0
    outer loop
      vertex -9 -9 0
      vertex -9 -16 1
      vertex -9 -16 0
    endloop
  endfacet
  facet normal 1 0 0
    outer loop
      vertex -9 16 0
      vertex -9 15 0.0499992
      vertex -9 15 0
    endloop
  endfacet
  facet normal -0 0 1
    outer loop
      vertex -35 16 1
      vertex -9 -16 1
      vertex -9 16 1
    endloop
  endfacet
  facet normal 0 0 1
    outer loop
      vertex -9 -16 1
      vertex -35 16 1
      vertex -35 -16 1
    endloop
  endfacet
  facet normal 0 0 -1
    outer loop
      vertex -35 -16 0
      vertex -9 -9 0
      vertex -9 -16 0
    endloop
  endfacet
  facet normal 0 0 -1
    outer loop
      vertex -35 9 0
      vertex -9 -9 0
      vertex -35 -16 0
    endloop
  endfacet
  facet normal 0 0 -1
    outer loop
      vertex -9 -9 0
      vertex -35 9 0
      vertex -9 9 0
    endloop
  endfacet
  facet normal 0 0 -1
    outer loop
      vertex -35 15 0
      vertex -9 16 0
      vertex -9 15 0
    endloop
  endfacet
  facet normal -0 0 -1
    outer loop
      vertex -9 16 0
      vertex -35 15 0
      vertex -35 16 0
    endloop
  endfacet
  facet normal -1 0 0
    outer loop
      vertex -35 15 -0.0999994
      vertex -35 9 -0.0999994
      vertex -35 15 0
    endloop
  endfacet
  facet normal -1 0 0
    outer loop
      vertex -35 15 0
      vertex -35 16 1
      vertex -35 16 0
    endloop
  endfacet
  facet normal -1 0 0
    outer loop
      vertex -35 9 0
      vertex -35 15 0
      vertex -35 9 -0.0999994
    endloop
  endfacet
  facet normal -1 0 0
    outer loop
      vertex -35 15 0
      vertex -35 9 0
      vertex -35 16 1
    endloop
  endfacet
  facet normal -1 0 0
    outer loop
      vertex -35 -16 1
      vertex -35 9 0
      vertex -35 -16 0
    endloop
  endfacet
  facet normal -1 0 0
    outer loop
      vertex -35 9 0
      vertex -35 -16 1
      vertex -35 16 1
    endloop
  endfacet
  facet normal 0 1 -0
    outer loop
      vertex -9 16 0
      vertex -35 16 1
      vertex -9 16 1
    endloop
  endfacet
  facet normal 0 1 0
    outer loop
      vertex -35 16 1
      vertex -9 16 0
      vertex -35 16 0
    endloop
  endfacet
  facet normal 0 -1 0
    outer loop
      vertex -35 -16 0
      vertex -9 -16 1
      vertex -35 -16 1
    endloop
  endfacet
  facet normal 0 -1 -0
    outer loop
      vertex -9 -16 1
      vertex -35 -16 0
      vertex -9 -16 0
    endloop
  endfacet
  facet normal 1 -0 0
    outer loop
      vertex 35 9 0.0499992
      vertex 35 15 -0.0999994
      vertex 35 15 0.0499992
    endloop
  endfacet
  facet normal 1 0 0
    outer loop
      vertex 35 15 -0.0999994
      vertex 35 9 0.0499992
      vertex 35 9 -0.0999994
    endloop
  endfacet
  facet normal -0 0 1
    outer loop
      vertex -9 15 0.0499992
      vertex 35 9 0.0499992
      vertex 35 15 0.0499992
    endloop
  endfacet
  facet normal 0 0 1
    outer loop
      vertex 35 9 0.0499992
      vertex -9 15 0.0499992
      vertex -9 9 0.0499992
    endloop
  endfacet
  facet normal 0 0 -1
    outer loop
      vertex 9 9 -0.0999994
      vertex 35 15 -0.0999994
      vertex 35 9 -0.0999994
    endloop
  endfacet
  facet normal 0 0 -1
    outer loop
      vertex -9 9 -0.0999994
      vertex 35 15 -0.0999994
      vertex 9 9 -0.0999994
    endloop
  endfacet
  facet normal 0 0 -1
    outer loop
      vertex -35 15 -0.0999994
      vertex -9 9 -0.0999994
      vertex -35 9 -0.0999994
    endloop
  endfacet
  facet normal 0 0 -1
    outer loop
      vertex -9 9 -0.0999994
      vertex -35 15 -0.0999994
      vertex 35 15 -0.0999994
    endloop
  endfacet
  facet normal 0 1 0
    outer loop
      vertex 35 15 0.0499992
      vertex -9 15 0
      vertex -9 15 0.0499992
    endloop
  endfacet
  facet normal 0 1 -0
    outer loop
      vertex 35 15 -0.0999994
      vertex -9 15 0
      vertex 35 15 0.0499992
    endloop
  endfacet
  facet normal 0 1 0
    outer loop
      vertex -35 15 -0.0999994
      vertex -9 15 0
      vertex 35 15 -0.0999994
    endloop
  endfacet
  facet normal 0 1 0
    outer loop
      vertex -9 15 0
      vertex -35 15 -0.0999994
      vertex -35 15 0
    endloop
  endfacet
  facet normal 0 1 -0
    outer loop
      vertex 9 9 -1
      vertex -9 9 -0.0999994
      vertex 9 9 -0.0999994
    endloop
  endfacet
  facet normal 0 1 0
    outer loop
      vertex -9 9 -0.0999994
      vertex 9 9 -1
      vertex -9 9 -1
    endloop
  endfacet
  facet normal 0 -1 0
    outer loop
      vertex 9 9 0
      vertex -9 9 0.0499992
      vertex -9 9 0
    endloop
  endfacet
  facet normal 0 -1 0
    outer loop
      vertex -9 9 0.0499992
      vertex 9 9 0
      vertex 35 9 0.0499992
    endloop
  endfacet
  facet normal 0 -1 0
    outer loop
      vertex 9 9 -0.0999994
      vertex 35 9 0.0499992
      vertex 9 9 0
    endloop
  endfacet
  facet normal 0 -1 -0
    outer loop
      vertex 35 9 0.0499992
      vertex 9 9 -0.0999994
      vertex 35 9 -0.0999994
    endloop
  endfacet
  facet normal 0 -1 0
    outer loop
      vertex -35 9 -0.0999994
      vertex -9 9 0
      vertex -35 9 0
    endloop
  endfacet
  facet normal 0 -1 -0
    outer loop
      vertex -9 9 0
      vertex -35 9 -0.0999994
      vertex -9 9 -0.0999994
    endloop
  endfacet
  facet normal 1 0 0
    outer loop
      vertex 0.5 -6.74541 2.3
      vertex 0.5 -5.7 0.2
      vertex 0.5 -5.7 2.20854
    endloop
  endfacet
  facet normal 1 0 0
    outer loop
      vertex 0.5 -8.7 0.2
      vertex 0.5 -6.74541 2.3
      vertex 0.5 -8.7 2.3
    endloop
  endfacet
  facet normal 1 0 0
    outer loop
      vertex 0.5 -6.74541 2.3
      vertex 0.5 -8.7 0.2
      vertex 0.5 -5.7 0.2
    endloop
  endfacet
  facet normal 0 0 1
    outer loop
      vertex -3.3 -6.74541 2.3
      vertex -3.5 -6.74541 2.3
      vertex -3.3 -8.5 2.3
    endloop
  endfacet
  facet normal 0 0 1
    outer loop
      vertex 0.299999 -8.5 2.3
      vertex 0.5 -6.74541 2.3
      vertex 0.299999 -6.74541 2.3
    endloop
  endfacet
  facet normal 0 0 1
    outer loop
      vertex 0.5 -6.74541 2.3
      vertex 0.299999 -8.5 2.3
      vertex 0.5 -8.7 2.3
    endloop
  endfacet
  facet normal -0 0 1
    outer loop
      vertex -3.3 -8.5 2.3
      vertex 0.5 -8.7 2.3
      vertex 0.299999 -8.5 2.3
    endloop
  endfacet
  facet normal 0 0 1
    outer loop
      vertex -3.3 -8.5 2.3
      vertex -3.5 -8.7 2.3
      vertex 0.5 -8.7 2.3
    endloop
  endfacet
  facet normal 0 0 1
    outer loop
      vertex -3.5 -8.7 2.3
      vertex -3.3 -8.5 2.3
      vertex -3.5 -6.74541 2.3
    endloop
  endfacet
  facet normal -1 0 0
    outer loop
      vertex -3.5 -5.7 0.2
      vertex -3.5 -6.74541 2.3
      vertex -3.5 -5.7 2.20854
    endloop
  endfacet
  facet normal -1 0 0
    outer loop
      vertex -3.5 -8.7 0.2
      vertex -3.5 -6.74541 2.3
      vertex -3.5 -5.7 0.2
    endloop
  endfacet
  facet normal -1 -0 0
    outer loop
      vertex -3.5 -6.74541 2.3
      vertex -3.5 -8.7 0.2
      vertex -3.5 -8.7 2.3
    endloop
  endfacet
  facet normal 0 1 0
    outer loop
      vertex 0.5 -5.7 2.20854
      vertex -0.900001 -5.7 2
      vertex -3.5 -5.7 2.20854
    endloop
  endfacet
  facet normal 0 1 -0
    outer loop
      vertex 0.5 -5.7 0.2
      vertex -0.900001 -5.7 2
      vertex 0.5 -5.7 2.20854
    endloop
  endfacet
  facet normal 0 1 0
    outer loop
      vertex -0.900001 -5.7 2
      vertex 0.5 -5.7 0.2
      vertex -0.900001 -5.7 0.2
    endloop
  endfacet
  facet normal 0 1 -0
    outer loop
      vertex -2.1 -5.7 2
      vertex -3.5 -5.7 2.20854
      vertex -0.900001 -5.7 2
    endloop
  endfacet
  facet normal 0 1 0
    outer loop
      vertex -3.5 -5.7 0.2
      vertex -2.1 -5.7 2
      vertex -2.1 -5.7 0.2
    endloop
  endfacet
  facet normal 0 1 0
    outer loop
      vertex -2.1 -5.7 2
      vertex -3.5 -5.7 0.2
      vertex -3.5 -5.7 2.20854
    endloop
  endfacet
  facet normal 0 -1 0
    outer loop
      vertex -3.5 -8.7 0.2
      vertex 0.5 -8.7 2.3
      vertex -3.5 -8.7 2.3
    endloop
  endfacet
  facet normal 0 -1 -0
    outer loop
      vertex 0.5 -8.7 2.3
      vertex -3.5 -8.7 0.2
      vertex 0.5 -8.7 0.2
    endloop
  endfacet
  facet normal -1 0 0
    outer loop
      vertex 0.299999 -5.9 0.2
      vertex 0.299999 -6.74541 2.3
      vertex 0.299999 -5.9 2.22604
    endloop
  endfacet
  facet normal -1 0 0
    outer loop
      vertex 0.299999 -8.5 0.2
      vertex 0.299999 -6.74541 2.3
      vertex 0.299999 -5.9 0.2
    endloop
  endfacet
  facet normal -1 -0 0
    outer loop
      vertex 0.299999 -6.74541 2.3
      vertex 0.299999 -8.5 0.2
      vertex 0.299999 -8.5 2.3
    endloop
  endfacet
  facet normal 1 0 0
    outer loop
      vertex -3.3 -6.74541 2.3
      vertex -3.3 -5.9 0.2
      vertex -3.3 -5.9 2.22604
    endloop
  endfacet
  facet normal 1 0 0
    outer loop
      vertex -3.3 -8.5 0.2
      vertex -3.3 -6.74541 2.3
      vertex -3.3 -8.5 2.3
    endloop
  endfacet
  facet normal 1 0 0
    outer loop
      vertex -3.3 -6.74541 2.3
      vertex -3.3 -8.5 0.2
      vertex -3.3 -5.9 0.2
    endloop
  endfacet
  facet normal 0 -1 0
    outer loop
      vertex -3.3 -5.9 2.22604
      vertex -2.1 -5.9 2
      vertex 0.299999 -5.9 2.22604
    endloop
  endfacet
  facet normal 0 -1 0
    outer loop
      vertex -3.3 -5.9 0.2
      vertex -2.1 -5.9 2
      vertex -3.3 -5.9 2.22604
    endloop
  endfacet
  facet normal 0 -1 -0
    outer loop
      vertex -2.1 -5.9 2
      vertex -3.3 -5.9 0.2
      vertex -2.1 -5.9 0.2
    endloop
  endfacet
  facet normal 0 -1 0
    outer loop
      vertex -0.900001 -5.9 2
      vertex 0.299999 -5.9 2.22604
      vertex -2.1 -5.9 2
    endloop
  endfacet
  facet normal 0 -1 0
    outer loop
      vertex 0.299999 -5.9 0.2
      vertex -0.900001 -5.9 2
      vertex -0.900001 -5.9 0.2
    endloop
  endfacet
  facet normal 0 -1 0
    outer loop
      vertex -0.900001 -5.9 2
      vertex 0.299999 -5.9 0.2
      vertex 0.299999 -5.9 2.22604
    endloop
  endfacet
  facet normal 0 1 -0
    outer loop
      vertex 0.299999 -8.5 0.2
      vertex -3.3 -8.5 2.3
      vertex 0.299999 -8.5 2.3
    endloop
  endfacet
  facet normal 0 1 0
    outer loop
      vertex -3.3 -8.5 2.3
      vertex 0.299999 -8.5 0.2
      vertex -3.3 -8.5 0.2
    endloop
  endfacet
  facet normal -1 0 0
    outer loop
      vertex -0.900001 -5.9 0.2
      vertex -0.900001 -5.7 2
      vertex -0.900001 -5.7 0.2
    endloop
  endfacet
  facet normal -1 -0 0
    outer loop
      vertex -0.900001 -5.7 2
      vertex -0.900001 -5.9 0.2
      vertex -0.900001 -5.9 2
    endloop
  endfacet
  facet normal 0 0 -1
    outer loop
      vertex -2.1 -5.9 2
      vertex -0.900001 -5.7 2
      vertex -0.900001 -5.9 2
    endloop
  endfacet
  facet normal -0 0 -1
    outer loop
      vertex -0.900001 -5.7 2
      vertex -2.1 -5.9 2
      vertex -2.1 -5.7 2
    endloop
  endfacet
  facet normal 1 -0 0
    outer loop
      vertex -2.1 -5.9 2
      vertex -2.1 -5.7 0.2
      vertex -2.1 -5.7 2
    endloop
  endfacet
  facet normal 1 0 0
    outer loop
      vertex -2.1 -5.7 0.2
      vertex -2.1 -5.9 2
      vertex -2.1 -5.9 0.2
    endloop
  endfacet
  facet normal 0.0489209 0 0.998803
    outer loop
      vertex -2.5 -7.85 0.879999
      vertex -2.49706 -8.15 0.879855
      vertex -2.49706 -7.85 0.879855
    endloop
  endfacet
  facet normal 0.0489209 0 0.998803
    outer loop
      vertex -2.49706 -8.15 0.879855
      vertex -2.5 -7.85 0.879999
      vertex -2.5 -8.15 0.879999
    endloop
  endfacet
  facet normal 0.596512 0 0.802604
    outer loop
      vertex -2.48333 -7.85 0.874944
      vertex -2.48097 -8.15 0.87319
      vertex -2.48097 -7.85 0.87319
    endloop
  endfacet
  facet normal 0.596512 0 0.802604
    outer loop
      vertex -2.48097 -8.15 0.87319
      vertex -2.48333 -7.85 0.874944
      vertex -2.48333 -8.15 0.874944
    endloop
  endfacet
  facet normal 0.988776 -0 0.149403
    outer loop
      vertex -2.47058 -8.15 0.855852
      vertex -2.47014 -7.85 0.85294
      vertex -2.47058 -7.85 0.855852
    endloop
  endfacet
  facet normal 0.988776 0 0.149403
    outer loop
      vertex -2.47014 -7.85 0.85294
      vertex -2.47058 -8.15 0.855852
      vertex -2.47014 -8.15 0.85294
    endloop
  endfacet
  facet normal 0.998869 -0 0.047549
    outer loop
      vertex -2.47014 -8.15 0.85294
      vertex -2.47 -7.85 0.849999
      vertex -2.47014 -7.85 0.85294
    endloop
  endfacet
  facet normal 0.998869 0 0.047549
    outer loop
      vertex -2.47 -7.85 0.849999
      vertex -2.47014 -8.15 0.85294
      vertex -2.47 -8.15 0.849999
    endloop
  endfacet
  facet normal 0.970461 -0 0.241256
    outer loop
      vertex -2.47129 -8.15 0.858708
      vertex -2.47058 -7.85 0.855852
      vertex -2.47129 -7.85 0.858708
    endloop
  endfacet
  facet normal 0.970461 0 0.241256
    outer loop
      vertex -2.47058 -7.85 0.855852
      vertex -2.47129 -8.15 0.858708
      vertex -2.47058 -8.15 0.855852
    endloop
  endfacet
  facet normal -0.989273 0 0.146081
    outer loop
      vertex -2.52985 -8.15 0.85294
      vertex -2.52942 -7.85 0.855852
      vertex -2.52985 -7.85 0.85294
    endloop
  endfacet
  facet normal -0.989273 0 0.146081
    outer loop
      vertex -2.52942 -7.85 0.855852
      vertex -2.52985 -8.15 0.85294
      vertex -2.52942 -8.15 0.855852
    endloop
  endfacet
  facet normal -0.427809 0 -0.903869
    outer loop
      vertex -2.51414 -8.15 0.823542
      vertex -2.51148 -7.85 0.822283
      vertex -2.51148 -8.15 0.822283
    endloop
  endfacet
  facet normal -0.427809 0 -0.903869
    outer loop
      vertex -2.51148 -7.85 0.822283
      vertex -2.51414 -8.15 0.823542
      vertex -2.51414 -7.85 0.823542
    endloop
  endfacet
  facet normal -0.0489209 0 0.998803
    outer loop
      vertex -2.50294 -7.85 0.879855
      vertex -2.5 -8.15 0.879999
      vertex -2.5 -7.85 0.879999
    endloop
  endfacet
  facet normal -0.0489209 0 0.998803
    outer loop
      vertex -2.5 -8.15 0.879999
      vertex -2.50294 -7.85 0.879855
      vertex -2.50294 -8.15 0.879855
    endloop
  endfacet
  facet normal 0.427809 0 0.903869
    outer loop
      vertex -2.48852 -7.85 0.877716
      vertex -2.48586 -8.15 0.876457
      vertex -2.48586 -7.85 0.876457
    endloop
  endfacet
  facet normal 0.427809 0 0.903869
    outer loop
      vertex -2.48586 -8.15 0.876457
      vertex -2.48852 -7.85 0.877716
      vertex -2.48852 -8.15 0.877716
    endloop
  endfacet
  facet normal -0.427809 0 0.903869
    outer loop
      vertex -2.51414 -7.85 0.876457
      vertex -2.51148 -8.15 0.877716
      vertex -2.51148 -7.85 0.877716
    endloop
  endfacet
  facet normal -0.427809 0 0.903869
    outer loop
      vertex -2.51148 -8.15 0.877716
      vertex -2.51414 -7.85 0.876457
      vertex -2.51414 -8.15 0.876457
    endloop
  endfacet
  facet normal 0.337154 0 -0.941449
    outer loop
      vertex -2.49129 -8.15 0.821291
      vertex -2.48852 -7.85 0.822283
      vertex -2.48852 -8.15 0.822283
    endloop
  endfacet
  facet normal 0.337154 0 -0.941449
    outer loop
      vertex -2.48852 -7.85 0.822283
      vertex -2.49129 -8.15 0.821291
      vertex -2.49129 -7.85 0.821291
    endloop
  endfacet
  facet normal 0.803738 -0 0.594984
    outer loop
      vertex -2.47681 -8.15 0.869031
      vertex -2.47506 -7.85 0.866667
      vertex -2.47681 -7.85 0.869031
    endloop
  endfacet
  facet normal 0.803738 0 0.594984
    outer loop
      vertex -2.47506 -7.85 0.866667
      vertex -2.47681 -8.15 0.869031
      vertex -2.47506 -8.15 0.866667
    endloop
  endfacet
  facet normal 0.941742 -0 0.336336
    outer loop
      vertex -2.47228 -8.15 0.86148
      vertex -2.47129 -7.85 0.858708
      vertex -2.47228 -7.85 0.86148
    endloop
  endfacet
  facet normal 0.941742 0 0.336336
    outer loop
      vertex -2.47129 -7.85 0.858708
      vertex -2.47228 -8.15 0.86148
      vertex -2.47129 -8.15 0.858708
    endloop
  endfacet
  facet normal 0.803738 0 -0.594984
    outer loop
      vertex -2.47506 -8.15 0.833332
      vertex -2.47681 -7.85 0.830968
      vertex -2.47506 -7.85 0.833332
    endloop
  endfacet
  facet normal 0.803738 0 -0.594984
    outer loop
      vertex -2.47681 -7.85 0.830968
      vertex -2.47506 -8.15 0.833332
      vertex -2.47681 -8.15 0.830968
    endloop
  endfacet
  facet normal 0.513248 0 0.85824
    outer loop
      vertex -2.48586 -7.85 0.876457
      vertex -2.48333 -8.15 0.874944
      vertex -2.48333 -7.85 0.874944
    endloop
  endfacet
  facet normal 0.513248 0 0.85824
    outer loop
      vertex -2.48333 -8.15 0.874944
      vertex -2.48586 -7.85 0.876457
      vertex -2.48586 -8.15 0.876457
    endloop
  endfacet
  facet normal -0.513248 0 -0.85824
    outer loop
      vertex -2.51667 -8.15 0.825055
      vertex -2.51414 -7.85 0.823542
      vertex -2.51414 -8.15 0.823542
    endloop
  endfacet
  facet normal -0.513248 0 -0.85824
    outer loop
      vertex -2.51414 -7.85 0.823542
      vertex -2.51667 -8.15 0.825055
      vertex -2.51667 -7.85 0.825055
    endloop
  endfacet
  facet normal -0.998701 0 -0.0509541
    outer loop
      vertex -2.52985 -8.15 0.847059
      vertex -2.53 -7.85 0.849999
      vertex -2.52985 -7.85 0.847059
    endloop
  endfacet
  facet normal -0.998701 -0 -0.0509541
    outer loop
      vertex -2.53 -7.85 0.849999
      vertex -2.52985 -8.15 0.847059
      vertex -2.53 -8.15 0.849999
    endloop
  endfacet
  facet normal 0.427809 0 -0.903869
    outer loop
      vertex -2.48852 -8.15 0.822283
      vertex -2.48586 -7.85 0.823542
      vertex -2.48586 -8.15 0.823542
    endloop
  endfacet
  facet normal 0.427809 0 -0.903869
    outer loop
      vertex -2.48586 -7.85 0.823542
      vertex -2.48852 -8.15 0.822283
      vertex -2.48852 -7.85 0.822283
    endloop
  endfacet
  facet normal -0.146844 0 0.98916
    outer loop
      vertex -2.50585 -7.85 0.879423
      vertex -2.50294 -8.15 0.879855
      vertex -2.50294 -7.85 0.879855
    endloop
  endfacet
  facet normal -0.146844 0 0.98916
    outer loop
      vertex -2.50294 -8.15 0.879855
      vertex -2.50585 -7.85 0.879423
      vertex -2.50585 -8.15 0.879423
    endloop
  endfacet
  facet normal 0.988776 0 -0.149403
    outer loop
      vertex -2.47014 -8.15 0.847059
      vertex -2.47058 -7.85 0.844147
      vertex -2.47014 -7.85 0.847059
    endloop
  endfacet
  facet normal 0.988776 0 -0.149403
    outer loop
      vertex -2.47058 -7.85 0.844147
      vertex -2.47014 -8.15 0.847059
      vertex -2.47058 -8.15 0.844147
    endloop
  endfacet
  facet normal -0.856744 0 -0.515743
    outer loop
      vertex -2.52494 -8.15 0.833332
      vertex -2.52646 -7.85 0.835857
      vertex -2.52494 -7.85 0.833332
    endloop
  endfacet
  facet normal -0.856744 -0 -0.515743
    outer loop
      vertex -2.52646 -7.85 0.835857
      vertex -2.52494 -8.15 0.833332
      vertex -2.52646 -8.15 0.835857
    endloop
  endfacet
  facet normal -0.242536 0 0.970143
    outer loop
      vertex -2.50871 -7.85 0.878708
      vertex -2.50585 -8.15 0.879423
      vertex -2.50585 -7.85 0.879423
    endloop
  endfacet
  facet normal -0.242536 0 0.970143
    outer loop
      vertex -2.50585 -8.15 0.879423
      vertex -2.50871 -7.85 0.878708
      vertex -2.50871 -8.15 0.878708
    endloop
  endfacet
  facet normal -0.337154 0 -0.941449
    outer loop
      vertex -2.51148 -8.15 0.822283
      vertex -2.50871 -7.85 0.821291
      vertex -2.50871 -8.15 0.821291
    endloop
  endfacet
  facet normal -0.337154 0 -0.941449
    outer loop
      vertex -2.50871 -7.85 0.821291
      vertex -2.51148 -8.15 0.822283
      vertex -2.51148 -7.85 0.822283
    endloop
  endfacet
  facet normal 0.998868 0 -0.0475651
    outer loop
      vertex -2.47 -8.15 0.849999
      vertex -2.47014 -7.85 0.847059
      vertex -2.47 -7.85 0.849999
    endloop
  endfacet
  facet normal 0.998868 0 -0.0475651
    outer loop
      vertex -2.47014 -7.85 0.847059
      vertex -2.47 -8.15 0.849999
      vertex -2.47014 -8.15 0.847059
    endloop
  endfacet
  facet normal -0.596512 0 0.802604
    outer loop
      vertex -2.51903 -7.85 0.87319
      vertex -2.51667 -8.15 0.874944
      vertex -2.51667 -7.85 0.874944
    endloop
  endfacet
  facet normal -0.596512 0 0.802604
    outer loop
      vertex -2.51667 -8.15 0.874944
      vertex -2.51903 -7.85 0.87319
      vertex -2.51903 -8.15 0.87319
    endloop
  endfacet
  facet normal -0.941742 0 -0.336336
    outer loop
      vertex -2.52772 -8.15 0.838519
      vertex -2.52871 -7.85 0.841291
      vertex -2.52772 -7.85 0.838519
    endloop
  endfacet
  facet normal -0.941742 -0 -0.336336
    outer loop
      vertex -2.52871 -7.85 0.841291
      vertex -2.52772 -8.15 0.838519
      vertex -2.52871 -8.15 0.841291
    endloop
  endfacet
  facet normal 0.856834 -0 0.515593
    outer loop
      vertex -2.47506 -8.15 0.866667
      vertex -2.47354 -7.85 0.864141
      vertex -2.47506 -7.85 0.866667
    endloop
  endfacet
  facet normal 0.856834 0 0.515593
    outer loop
      vertex -2.47354 -7.85 0.864141
      vertex -2.47506 -8.15 0.866667
      vertex -2.47354 -8.15 0.864141
    endloop
  endfacet
  facet normal 0.242536 0 0.970143
    outer loop
      vertex -2.49415 -7.85 0.879423
      vertex -2.49129 -8.15 0.878708
      vertex -2.49129 -7.85 0.878708
    endloop
  endfacet
  facet normal 0.242536 0 0.970143
    outer loop
      vertex -2.49129 -8.15 0.878708
      vertex -2.49415 -7.85 0.879423
      vertex -2.49415 -8.15 0.879423
    endloop
  endfacet
  facet normal 0.903862 0 -0.427824
    outer loop
      vertex -2.47228 -8.15 0.838519
      vertex -2.47354 -7.85 0.835857
      vertex -2.47228 -7.85 0.838519
    endloop
  endfacet
  facet normal 0.903862 0 -0.427824
    outer loop
      vertex -2.47354 -7.85 0.835857
      vertex -2.47228 -8.15 0.838519
      vertex -2.47354 -8.15 0.835857
    endloop
  endfacet
  facet normal -0.989273 0 -0.146081
    outer loop
      vertex -2.52942 -8.15 0.844147
      vertex -2.52985 -7.85 0.847059
      vertex -2.52942 -7.85 0.844147
    endloop
  endfacet
  facet normal -0.989273 -0 -0.146081
    outer loop
      vertex -2.52985 -7.85 0.847059
      vertex -2.52942 -8.15 0.844147
      vertex -2.52985 -8.15 0.847059
    endloop
  endfacet
  facet normal -0.146844 0 -0.98916
    outer loop
      vertex -2.50585 -8.15 0.820576
      vertex -2.50294 -7.85 0.820144
      vertex -2.50294 -8.15 0.820144
    endloop
  endfacet
  facet normal -0.146844 0 -0.98916
    outer loop
      vertex -2.50294 -7.85 0.820144
      vertex -2.50585 -8.15 0.820576
      vertex -2.50585 -7.85 0.820576
    endloop
  endfacet
  facet normal 0.337154 0 0.941449
    outer loop
      vertex -2.49129 -7.85 0.878708
      vertex -2.48852 -8.15 0.877716
      vertex -2.48852 -7.85 0.877716
    endloop
  endfacet
  facet normal 0.337154 0 0.941449
    outer loop
      vertex -2.48852 -8.15 0.877716
      vertex -2.49129 -7.85 0.878708
      vertex -2.49129 -8.15 0.878708
    endloop
  endfacet
  facet normal -0.513248 0 0.85824
    outer loop
      vertex -2.51667 -7.85 0.874944
      vertex -2.51414 -8.15 0.876457
      vertex -2.51414 -7.85 0.876457
    endloop
  endfacet
  facet normal -0.513248 0 0.85824
    outer loop
      vertex -2.51414 -8.15 0.876457
      vertex -2.51667 -7.85 0.874944
      vertex -2.51667 -8.15 0.874944
    endloop
  endfacet
  facet normal 0.856744 0 -0.515743
    outer loop
      vertex -2.47354 -8.15 0.835857
      vertex -2.47506 -7.85 0.833332
      vertex -2.47354 -7.85 0.835857
    endloop
  endfacet
  facet normal 0.856744 0 -0.515743
    outer loop
      vertex -2.47506 -7.85 0.833332
      vertex -2.47354 -8.15 0.835857
      vertex -2.47506 -8.15 0.833332
    endloop
  endfacet
  facet normal -0.0489209 0 -0.998803
    outer loop
      vertex -2.50294 -8.15 0.820144
      vertex -2.5 -7.85 0.82
      vertex -2.5 -8.15 0.82
    endloop
  endfacet
  facet normal -0.0489209 0 -0.998803
    outer loop
      vertex -2.5 -7.85 0.82
      vertex -2.50294 -8.15 0.820144
      vertex -2.50294 -7.85 0.820144
    endloop
  endfacet
  facet normal 0 -1 0
    outer loop
      vertex -2.50294 -8.15 0.879855
      vertex -2.49706 -8.15 0.879855
      vertex -2.5 -8.15 0.879999
    endloop
  endfacet
  facet normal 0 -1 0
    outer loop
      vertex -2.50585 -8.15 0.879423
      vertex -2.49706 -8.15 0.879855
      vertex -2.50294 -8.15 0.879855
    endloop
  endfacet
  facet normal 0 -1 0
    outer loop
      vertex -2.50585 -8.15 0.879423
      vertex -2.49415 -8.15 0.879423
      vertex -2.49706 -8.15 0.879855
    endloop
  endfacet
  facet normal 0 -1 0
    outer loop
      vertex -2.50871 -8.15 0.878708
      vertex -2.49415 -8.15 0.879423
      vertex -2.50585 -8.15 0.879423
    endloop
  endfacet
  facet normal 0 -1 0
    outer loop
      vertex -2.50871 -8.15 0.878708
      vertex -2.49129 -8.15 0.878708
      vertex -2.49415 -8.15 0.879423
    endloop
  endfacet
  facet normal 0 -1 0
    outer loop
      vertex -2.51148 -8.15 0.877716
      vertex -2.49129 -8.15 0.878708
      vertex -2.50871 -8.15 0.878708
    endloop
  endfacet
  facet normal 0 -1 0
    outer loop
      vertex -2.51148 -8.15 0.877716
      vertex -2.48852 -8.15 0.877716
      vertex -2.49129 -8.15 0.878708
    endloop
  endfacet
  facet normal 0 -1 0
    outer loop
      vertex -2.51414 -8.15 0.876457
      vertex -2.48852 -8.15 0.877716
      vertex -2.51148 -8.15 0.877716
    endloop
  endfacet
  facet normal 0 -1 0
    outer loop
      vertex -2.51414 -8.15 0.876457
      vertex -2.48586 -8.15 0.876457
      vertex -2.48852 -8.15 0.877716
    endloop
  endfacet
  facet normal 0 -1 0
    outer loop
      vertex -2.51667 -8.15 0.874944
      vertex -2.48586 -8.15 0.876457
      vertex -2.51414 -8.15 0.876457
    endloop
  endfacet
  facet normal 0 -1 0
    outer loop
      vertex -2.51667 -8.15 0.874944
      vertex -2.48333 -8.15 0.874944
      vertex -2.48586 -8.15 0.876457
    endloop
  endfacet
  facet normal 0 -1 0
    outer loop
      vertex -2.51903 -8.15 0.87319
      vertex -2.48333 -8.15 0.874944
      vertex -2.51667 -8.15 0.874944
    endloop
  endfacet
  facet normal 0 -1 0
    outer loop
      vertex -2.51903 -8.15 0.87319
      vertex -2.48097 -8.15 0.87319
      vertex -2.48333 -8.15 0.874944
    endloop
  endfacet
  facet normal 0 -1 0
    outer loop
      vertex -2.52121 -8.15 0.871213
      vertex -2.48097 -8.15 0.87319
      vertex -2.51903 -8.15 0.87319
    endloop
  endfacet
  facet normal 0 -1 0
    outer loop
      vertex -2.52121 -8.15 0.871213
      vertex -2.47879 -8.15 0.871213
      vertex -2.48097 -8.15 0.87319
    endloop
  endfacet
  facet normal 0 -1 0
    outer loop
      vertex -2.52319 -8.15 0.869031
      vertex -2.47879 -8.15 0.871213
      vertex -2.52121 -8.15 0.871213
    endloop
  endfacet
  facet normal 0 -1 0
    outer loop
      vertex -2.52319 -8.15 0.869031
      vertex -2.47681 -8.15 0.869031
      vertex -2.47879 -8.15 0.871213
    endloop
  endfacet
  facet normal 0 -1 0
    outer loop
      vertex -2.52494 -8.15 0.866667
      vertex -2.47681 -8.15 0.869031
      vertex -2.52319 -8.15 0.869031
    endloop
  endfacet
  facet normal 0 -1 0
    outer loop
      vertex -2.52494 -8.15 0.866667
      vertex -2.47506 -8.15 0.866667
      vertex -2.47681 -8.15 0.869031
    endloop
  endfacet
  facet normal 0 -1 0
    outer loop
      vertex -2.52646 -8.15 0.864141
      vertex -2.47506 -8.15 0.866667
      vertex -2.52494 -8.15 0.866667
    endloop
  endfacet
  facet normal 0 -1 0
    outer loop
      vertex -2.52646 -8.15 0.864141
      vertex -2.47354 -8.15 0.864141
      vertex -2.47506 -8.15 0.866667
    endloop
  endfacet
  facet normal 0 -1 0
    outer loop
      vertex -2.52772 -8.15 0.86148
      vertex -2.47354 -8.15 0.864141
      vertex -2.52646 -8.15 0.864141
    endloop
  endfacet
  facet normal 0 -1 0
    outer loop
      vertex -2.52772 -8.15 0.86148
      vertex -2.47228 -8.15 0.86148
      vertex -2.47354 -8.15 0.864141
    endloop
  endfacet
  facet normal 0 -1 0
    outer loop
      vertex -2.52871 -8.15 0.858708
      vertex -2.47228 -8.15 0.86148
      vertex -2.52772 -8.15 0.86148
    endloop
  endfacet
  facet normal 0 -1 0
    outer loop
      vertex -2.52871 -8.15 0.858708
      vertex -2.47129 -8.15 0.858708
      vertex -2.47228 -8.15 0.86148
    endloop
  endfacet
  facet normal 0 -1 0
    outer loop
      vertex -2.52942 -8.15 0.855852
      vertex -2.47129 -8.15 0.858708
      vertex -2.52871 -8.15 0.858708
    endloop
  endfacet
  facet normal 0 -1 0
    outer loop
      vertex -2.52942 -8.15 0.855852
      vertex -2.47058 -8.15 0.855852
      vertex -2.47129 -8.15 0.858708
    endloop
  endfacet
  facet normal 0 -1 0
    outer loop
      vertex -2.52985 -8.15 0.85294
      vertex -2.47058 -8.15 0.855852
      vertex -2.52942 -8.15 0.855852
    endloop
  endfacet
  facet normal 0 -1 0
    outer loop
      vertex -2.52985 -8.15 0.85294
      vertex -2.47014 -8.15 0.85294
      vertex -2.47058 -8.15 0.855852
    endloop
  endfacet
  facet normal 0 -1 0
    outer loop
      vertex -2.53 -8.15 0.849999
      vertex -2.47014 -8.15 0.85294
      vertex -2.52985 -8.15 0.85294
    endloop
  endfacet
  facet normal 0 -1 0
    outer loop
      vertex -2.53 -8.15 0.849999
      vertex -2.47 -8.15 0.849999
      vertex -2.47014 -8.15 0.85294
    endloop
  endfacet
  facet normal 0 -1 0
    outer loop
      vertex -2.52985 -8.15 0.847059
      vertex -2.47 -8.15 0.849999
      vertex -2.53 -8.15 0.849999
    endloop
  endfacet
  facet normal 0 -1 0
    outer loop
      vertex -2.52985 -8.15 0.847059
      vertex -2.47014 -8.15 0.847059
      vertex -2.47 -8.15 0.849999
    endloop
  endfacet
  facet normal 0 -1 0
    outer loop
      vertex -2.52942 -8.15 0.844147
      vertex -2.47014 -8.15 0.847059
      vertex -2.52985 -8.15 0.847059
    endloop
  endfacet
  facet normal 0 -1 0
    outer loop
      vertex -2.52942 -8.15 0.844147
      vertex -2.47058 -8.15 0.844147
      vertex -2.47014 -8.15 0.847059
    endloop
  endfacet
  facet normal 0 -1 0
    outer loop
      vertex -2.52871 -8.15 0.841291
      vertex -2.47058 -8.15 0.844147
      vertex -2.52942 -8.15 0.844147
    endloop
  endfacet
  facet normal 0 -1 0
    outer loop
      vertex -2.52871 -8.15 0.841291
      vertex -2.47129 -8.15 0.841291
      vertex -2.47058 -8.15 0.844147
    endloop
  endfacet
  facet normal 0 -1 0
    outer loop
      vertex -2.52772 -8.15 0.838519
      vertex -2.47129 -8.15 0.841291
      vertex -2.52871 -8.15 0.841291
    endloop
  endfacet
  facet normal 0 -1 0
    outer loop
      vertex -2.52772 -8.15 0.838519
      vertex -2.47228 -8.15 0.838519
      vertex -2.47129 -8.15 0.841291
    endloop
  endfacet
  facet normal 0 -1 0
    outer loop
      vertex -2.52646 -8.15 0.835857
      vertex -2.47228 -8.15 0.838519
      vertex -2.52772 -8.15 0.838519
    endloop
  endfacet
  facet normal 0 -1 0
    outer loop
      vertex -2.52646 -8.15 0.835857
      vertex -2.47354 -8.15 0.835857
      vertex -2.47228 -8.15 0.838519
    endloop
  endfacet
  facet normal 0 -1 0
    outer loop
      vertex -2.52494 -8.15 0.833332
      vertex -2.47354 -8.15 0.835857
      vertex -2.52646 -8.15 0.835857
    endloop
  endfacet
  facet normal 0 -1 0
    outer loop
      vertex -2.52494 -8.15 0.833332
      vertex -2.47506 -8.15 0.833332
      vertex -2.47354 -8.15 0.835857
    endloop
  endfacet
  facet normal 0 -1 0
    outer loop
      vertex -2.52319 -8.15 0.830968
      vertex -2.47506 -8.15 0.833332
      vertex -2.52494 -8.15 0.833332
    endloop
  endfacet
  facet normal 0 -1 0
    outer loop
      vertex -2.52319 -8.15 0.830968
      vertex -2.47681 -8.15 0.830968
      vertex -2.47506 -8.15 0.833332
    endloop
  endfacet
  facet normal 0 -1 0
    outer loop
      vertex -2.52121 -8.15 0.828786
      vertex -2.47681 -8.15 0.830968
      vertex -2.52319 -8.15 0.830968
    endloop
  endfacet
  facet normal 0 -1 0
    outer loop
      vertex -2.52121 -8.15 0.828786
      vertex -2.47879 -8.15 0.828786
      vertex -2.47681 -8.15 0.830968
    endloop
  endfacet
  facet normal 0 -1 0
    outer loop
      vertex -2.51903 -8.15 0.826809
      vertex -2.47879 -8.15 0.828786
      vertex -2.52121 -8.15 0.828786
    endloop
  endfacet
  facet normal 0 -1 0
    outer loop
      vertex -2.51903 -8.15 0.826809
      vertex -2.48097 -8.15 0.826809
      vertex -2.47879 -8.15 0.828786
    endloop
  endfacet
  facet normal 0 -1 0
    outer loop
      vertex -2.51667 -8.15 0.825055
      vertex -2.48097 -8.15 0.826809
      vertex -2.51903 -8.15 0.826809
    endloop
  endfacet
  facet normal 0 -1 0
    outer loop
      vertex -2.51667 -8.15 0.825055
      vertex -2.48333 -8.15 0.825055
      vertex -2.48097 -8.15 0.826809
    endloop
  endfacet
  facet normal 0 -1 0
    outer loop
      vertex -2.51414 -8.15 0.823542
      vertex -2.48333 -8.15 0.825055
      vertex -2.51667 -8.15 0.825055
    endloop
  endfacet
  facet normal 0 -1 0
    outer loop
      vertex -2.51414 -8.15 0.823542
      vertex -2.48586 -8.15 0.823542
      vertex -2.48333 -8.15 0.825055
    endloop
  endfacet
  facet normal 0 -1 0
    outer loop
      vertex -2.51148 -8.15 0.822283
      vertex -2.48586 -8.15 0.823542
      vertex -2.51414 -8.15 0.823542
    endloop
  endfacet
  facet normal 0 -1 0
    outer loop
      vertex -2.51148 -8.15 0.822283
      vertex -2.48852 -8.15 0.822283
      vertex -2.48586 -8.15 0.823542
    endloop
  endfacet
  facet normal 0 -1 0
    outer loop
      vertex -2.50871 -8.15 0.821291
      vertex -2.48852 -8.15 0.822283
      vertex -2.51148 -8.15 0.822283
    endloop
  endfacet
  facet normal 0 -1 0
    outer loop
      vertex -2.50871 -8.15 0.821291
      vertex -2.49129 -8.15 0.821291
      vertex -2.48852 -8.15 0.822283
    endloop
  endfacet
  facet normal 0 -1 0
    outer loop
      vertex -2.50585 -8.15 0.820576
      vertex -2.49129 -8.15 0.821291
      vertex -2.50871 -8.15 0.821291
    endloop
  endfacet
  facet normal 0 -1 0
    outer loop
      vertex -2.50585 -8.15 0.820576
      vertex -2.49415 -8.15 0.820576
      vertex -2.49129 -8.15 0.821291
    endloop
  endfacet
  facet normal 0 -1 0
    outer loop
      vertex -2.50294 -8.15 0.820144
      vertex -2.49415 -8.15 0.820576
      vertex -2.50585 -8.15 0.820576
    endloop
  endfacet
  facet normal 0 -1 0
    outer loop
      vertex -2.50294 -8.15 0.820144
      vertex -2.49706 -8.15 0.820144
      vertex -2.49415 -8.15 0.820576
    endloop
  endfacet
  facet normal -0 -1 0
    outer loop
      vertex -2.49706 -8.15 0.820144
      vertex -2.50294 -8.15 0.820144
      vertex -2.5 -8.15 0.82
    endloop
  endfacet
  facet normal 0.146844 0 -0.98916
    outer loop
      vertex -2.49706 -8.15 0.820144
      vertex -2.49415 -7.85 0.820576
      vertex -2.49415 -8.15 0.820576
    endloop
  endfacet
  facet normal 0.146844 0 -0.98916
    outer loop
      vertex -2.49415 -7.85 0.820576
      vertex -2.49706 -8.15 0.820144
      vertex -2.49706 -7.85 0.820144
    endloop
  endfacet
  facet normal -0.337154 0 0.941449
    outer loop
      vertex -2.51148 -7.85 0.877716
      vertex -2.50871 -8.15 0.878708
      vertex -2.50871 -7.85 0.878708
    endloop
  endfacet
  facet normal -0.337154 0 0.941449
    outer loop
      vertex -2.50871 -8.15 0.878708
      vertex -2.51148 -7.85 0.877716
      vertex -2.51148 -8.15 0.877716
    endloop
  endfacet
  facet normal 0.970461 0 -0.241256
    outer loop
      vertex -2.47058 -8.15 0.844147
      vertex -2.47129 -7.85 0.841291
      vertex -2.47058 -7.85 0.844147
    endloop
  endfacet
  facet normal 0.970461 0 -0.241256
    outer loop
      vertex -2.47129 -7.85 0.841291
      vertex -2.47058 -8.15 0.844147
      vertex -2.47129 -8.15 0.841291
    endloop
  endfacet
  facet normal 0.9038 -0 0.427955
    outer loop
      vertex -2.47354 -8.15 0.864141
      vertex -2.47228 -7.85 0.86148
      vertex -2.47354 -7.85 0.864141
    endloop
  endfacet
  facet normal 0.9038 0 0.427955
    outer loop
      vertex -2.47228 -7.85 0.86148
      vertex -2.47354 -8.15 0.864141
      vertex -2.47228 -8.15 0.86148
    endloop
  endfacet
  facet normal 0.0489209 0 -0.998803
    outer loop
      vertex -2.5 -8.15 0.82
      vertex -2.49706 -7.85 0.820144
      vertex -2.49706 -8.15 0.820144
    endloop
  endfacet
  facet normal 0.0489209 0 -0.998803
    outer loop
      vertex -2.49706 -7.85 0.820144
      vertex -2.5 -8.15 0.82
      vertex -2.5 -7.85 0.82
    endloop
  endfacet
  facet normal -0.242536 0 -0.970143
    outer loop
      vertex -2.50871 -8.15 0.821291
      vertex -2.50585 -7.85 0.820576
      vertex -2.50585 -8.15 0.820576
    endloop
  endfacet
  facet normal -0.242536 0 -0.970143
    outer loop
      vertex -2.50585 -7.85 0.820576
      vertex -2.50871 -8.15 0.821291
      vertex -2.50871 -7.85 0.821291
    endloop
  endfacet
  facet normal 0.146844 0 0.98916
    outer loop
      vertex -2.49706 -7.85 0.879855
      vertex -2.49415 -8.15 0.879423
      vertex -2.49415 -7.85 0.879423
    endloop
  endfacet
  facet normal 0.146844 0 0.98916
    outer loop
      vertex -2.49415 -8.15 0.879423
      vertex -2.49706 -7.85 0.879855
      vertex -2.49706 -8.15 0.879855
    endloop
  endfacet
  facet normal -0.671776 0 0.740754
    outer loop
      vertex -2.52121 -7.85 0.871213
      vertex -2.51903 -8.15 0.87319
      vertex -2.51903 -7.85 0.87319
    endloop
  endfacet
  facet normal -0.671776 0 0.740754
    outer loop
      vertex -2.51903 -8.15 0.87319
      vertex -2.52121 -7.85 0.871213
      vertex -2.52121 -8.15 0.871213
    endloop
  endfacet
  facet normal 0.513248 0 -0.85824
    outer loop
      vertex -2.48586 -8.15 0.823542
      vertex -2.48333 -7.85 0.825055
      vertex -2.48333 -8.15 0.825055
    endloop
  endfacet
  facet normal 0.513248 0 -0.85824
    outer loop
      vertex -2.48333 -7.85 0.825055
      vertex -2.48586 -8.15 0.823542
      vertex -2.48586 -7.85 0.823542
    endloop
  endfacet
  facet normal 0 1 0
    outer loop
      vertex -2.49706 -7.85 0.879855
      vertex -2.50294 -7.85 0.879855
      vertex -2.5 -7.85 0.879999
    endloop
  endfacet
  facet normal 0 1 0
    outer loop
      vertex -2.49415 -7.85 0.879423
      vertex -2.50294 -7.85 0.879855
      vertex -2.49706 -7.85 0.879855
    endloop
  endfacet
  facet normal 0 1 0
    outer loop
      vertex -2.49415 -7.85 0.879423
      vertex -2.50585 -7.85 0.879423
      vertex -2.50294 -7.85 0.879855
    endloop
  endfacet
  facet normal 0 1 0
    outer loop
      vertex -2.49129 -7.85 0.878708
      vertex -2.50585 -7.85 0.879423
      vertex -2.49415 -7.85 0.879423
    endloop
  endfacet
  facet normal 0 1 0
    outer loop
      vertex -2.49129 -7.85 0.878708
      vertex -2.50871 -7.85 0.878708
      vertex -2.50585 -7.85 0.879423
    endloop
  endfacet
  facet normal 0 1 0
    outer loop
      vertex -2.48852 -7.85 0.877716
      vertex -2.50871 -7.85 0.878708
      vertex -2.49129 -7.85 0.878708
    endloop
  endfacet
  facet normal 0 1 0
    outer loop
      vertex -2.48852 -7.85 0.877716
      vertex -2.51148 -7.85 0.877716
      vertex -2.50871 -7.85 0.878708
    endloop
  endfacet
  facet normal 0 1 0
    outer loop
      vertex -2.48586 -7.85 0.876457
      vertex -2.51148 -7.85 0.877716
      vertex -2.48852 -7.85 0.877716
    endloop
  endfacet
  facet normal 0 1 0
    outer loop
      vertex -2.48586 -7.85 0.876457
      vertex -2.51414 -7.85 0.876457
      vertex -2.51148 -7.85 0.877716
    endloop
  endfacet
  facet normal 0 1 0
    outer loop
      vertex -2.48333 -7.85 0.874944
      vertex -2.51414 -7.85 0.876457
      vertex -2.48586 -7.85 0.876457
    endloop
  endfacet
  facet normal 0 1 0
    outer loop
      vertex -2.48333 -7.85 0.874944
      vertex -2.51667 -7.85 0.874944
      vertex -2.51414 -7.85 0.876457
    endloop
  endfacet
  facet normal 0 1 0
    outer loop
      vertex -2.48097 -7.85 0.87319
      vertex -2.51667 -7.85 0.874944
      vertex -2.48333 -7.85 0.874944
    endloop
  endfacet
  facet normal 0 1 0
    outer loop
      vertex -2.48097 -7.85 0.87319
      vertex -2.51903 -7.85 0.87319
      vertex -2.51667 -7.85 0.874944
    endloop
  endfacet
  facet normal 0 1 0
    outer loop
      vertex -2.47879 -7.85 0.871213
      vertex -2.51903 -7.85 0.87319
      vertex -2.48097 -7.85 0.87319
    endloop
  endfacet
  facet normal 0 1 0
    outer loop
      vertex -2.47879 -7.85 0.871213
      vertex -2.52121 -7.85 0.871213
      vertex -2.51903 -7.85 0.87319
    endloop
  endfacet
  facet normal 0 1 0
    outer loop
      vertex -2.47681 -7.85 0.869031
      vertex -2.52121 -7.85 0.871213
      vertex -2.47879 -7.85 0.871213
    endloop
  endfacet
  facet normal 0 1 0
    outer loop
      vertex -2.47681 -7.85 0.869031
      vertex -2.52319 -7.85 0.869031
      vertex -2.52121 -7.85 0.871213
    endloop
  endfacet
  facet normal 0 1 0
    outer loop
      vertex -2.47506 -7.85 0.866667
      vertex -2.52319 -7.85 0.869031
      vertex -2.47681 -7.85 0.869031
    endloop
  endfacet
  facet normal 0 1 0
    outer loop
      vertex -2.47506 -7.85 0.866667
      vertex -2.52494 -7.85 0.866667
      vertex -2.52319 -7.85 0.869031
    endloop
  endfacet
  facet normal 0 1 0
    outer loop
      vertex -2.47354 -7.85 0.864141
      vertex -2.52494 -7.85 0.866667
      vertex -2.47506 -7.85 0.866667
    endloop
  endfacet
  facet normal 0 1 0
    outer loop
      vertex -2.47354 -7.85 0.864141
      vertex -2.52646 -7.85 0.864141
      vertex -2.52494 -7.85 0.866667
    endloop
  endfacet
  facet normal 0 1 0
    outer loop
      vertex -2.47228 -7.85 0.86148
      vertex -2.52646 -7.85 0.864141
      vertex -2.47354 -7.85 0.864141
    endloop
  endfacet
  facet normal 0 1 0
    outer loop
      vertex -2.47228 -7.85 0.86148
      vertex -2.52772 -7.85 0.86148
      vertex -2.52646 -7.85 0.864141
    endloop
  endfacet
  facet normal 0 1 0
    outer loop
      vertex -2.47129 -7.85 0.858708
      vertex -2.52772 -7.85 0.86148
      vertex -2.47228 -7.85 0.86148
    endloop
  endfacet
  facet normal 0 1 0
    outer loop
      vertex -2.47129 -7.85 0.858708
      vertex -2.52871 -7.85 0.858708
      vertex -2.52772 -7.85 0.86148
    endloop
  endfacet
  facet normal 0 1 0
    outer loop
      vertex -2.47058 -7.85 0.855852
      vertex -2.52871 -7.85 0.858708
      vertex -2.47129 -7.85 0.858708
    endloop
  endfacet
  facet normal 0 1 0
    outer loop
      vertex -2.47058 -7.85 0.855852
      vertex -2.52942 -7.85 0.855852
      vertex -2.52871 -7.85 0.858708
    endloop
  endfacet
  facet normal 0 1 0
    outer loop
      vertex -2.47014 -7.85 0.85294
      vertex -2.52942 -7.85 0.855852
      vertex -2.47058 -7.85 0.855852
    endloop
  endfacet
  facet normal 0 1 0
    outer loop
      vertex -2.47014 -7.85 0.85294
      vertex -2.52985 -7.85 0.85294
      vertex -2.52942 -7.85 0.855852
    endloop
  endfacet
  facet normal 0 1 0
    outer loop
      vertex -2.47 -7.85 0.849999
      vertex -2.52985 -7.85 0.85294
      vertex -2.47014 -7.85 0.85294
    endloop
  endfacet
  facet normal 0 1 0
    outer loop
      vertex -2.47 -7.85 0.849999
      vertex -2.53 -7.85 0.849999
      vertex -2.52985 -7.85 0.85294
    endloop
  endfacet
  facet normal 0 1 -0
    outer loop
      vertex -2.47014 -7.85 0.847059
      vertex -2.53 -7.85 0.849999
      vertex -2.47 -7.85 0.849999
    endloop
  endfacet
  facet normal 0 1 0
    outer loop
      vertex -2.47014 -7.85 0.847059
      vertex -2.52985 -7.85 0.847059
      vertex -2.53 -7.85 0.849999
    endloop
  endfacet
  facet normal 0 1 -0
    outer loop
      vertex -2.47058 -7.85 0.844147
      vertex -2.52985 -7.85 0.847059
      vertex -2.47014 -7.85 0.847059
    endloop
  endfacet
  facet normal 0 1 0
    outer loop
      vertex -2.47058 -7.85 0.844147
      vertex -2.52942 -7.85 0.844147
      vertex -2.52985 -7.85 0.847059
    endloop
  endfacet
  facet normal 0 1 -0
    outer loop
      vertex -2.47129 -7.85 0.841291
      vertex -2.52942 -7.85 0.844147
      vertex -2.47058 -7.85 0.844147
    endloop
  endfacet
  facet normal 0 1 0
    outer loop
      vertex -2.47129 -7.85 0.841291
      vertex -2.52871 -7.85 0.841291
      vertex -2.52942 -7.85 0.844147
    endloop
  endfacet
  facet normal 0 1 -0
    outer loop
      vertex -2.47228 -7.85 0.838519
      vertex -2.52871 -7.85 0.841291
      vertex -2.47129 -7.85 0.841291
    endloop
  endfacet
  facet normal 0 1 0
    outer loop
      vertex -2.47228 -7.85 0.838519
      vertex -2.52772 -7.85 0.838519
      vertex -2.52871 -7.85 0.841291
    endloop
  endfacet
  facet normal 0 1 -0
    outer loop
      vertex -2.47354 -7.85 0.835857
      vertex -2.52772 -7.85 0.838519
      vertex -2.47228 -7.85 0.838519
    endloop
  endfacet
  facet normal 0 1 0
    outer loop
      vertex -2.47354 -7.85 0.835857
      vertex -2.52646 -7.85 0.835857
      vertex -2.52772 -7.85 0.838519
    endloop
  endfacet
  facet normal 0 1 -0
    outer loop
      vertex -2.47506 -7.85 0.833332
      vertex -2.52646 -7.85 0.835857
      vertex -2.47354 -7.85 0.835857
    endloop
  endfacet
  facet normal 0 1 0
    outer loop
      vertex -2.47506 -7.85 0.833332
      vertex -2.52494 -7.85 0.833332
      vertex -2.52646 -7.85 0.835857
    endloop
  endfacet
  facet normal 0 1 -0
    outer loop
      vertex -2.47681 -7.85 0.830968
      vertex -2.52494 -7.85 0.833332
      vertex -2.47506 -7.85 0.833332
    endloop
  endfacet
  facet normal 0 1 0
    outer loop
      vertex -2.47681 -7.85 0.830968
      vertex -2.52319 -7.85 0.830968
      vertex -2.52494 -7.85 0.833332
    endloop
  endfacet
  facet normal 0 1 -0
    outer loop
      vertex -2.47879 -7.85 0.828786
      vertex -2.52319 -7.85 0.830968
      vertex -2.47681 -7.85 0.830968
    endloop
  endfacet
  facet normal 0 1 0
    outer loop
      vertex -2.47879 -7.85 0.828786
      vertex -2.52121 -7.85 0.828786
      vertex -2.52319 -7.85 0.830968
    endloop
  endfacet
  facet normal 0 1 -0
    outer loop
      vertex -2.48097 -7.85 0.826809
      vertex -2.52121 -7.85 0.828786
      vertex -2.47879 -7.85 0.828786
    endloop
  endfacet
  facet normal 0 1 0
    outer loop
      vertex -2.48097 -7.85 0.826809
      vertex -2.51903 -7.85 0.826809
      vertex -2.52121 -7.85 0.828786
    endloop
  endfacet
  facet normal 0 1 -0
    outer loop
      vertex -2.48333 -7.85 0.825055
      vertex -2.51903 -7.85 0.826809
      vertex -2.48097 -7.85 0.826809
    endloop
  endfacet
  facet normal 0 1 0
    outer loop
      vertex -2.48333 -7.85 0.825055
      vertex -2.51667 -7.85 0.825055
      vertex -2.51903 -7.85 0.826809
    endloop
  endfacet
  facet normal 0 1 -0
    outer loop
      vertex -2.48586 -7.85 0.823542
      vertex -2.51667 -7.85 0.825055
      vertex -2.48333 -7.85 0.825055
    endloop
  endfacet
  facet normal 0 1 0
    outer loop
      vertex -2.48586 -7.85 0.823542
      vertex -2.51414 -7.85 0.823542
      vertex -2.51667 -7.85 0.825055
    endloop
  endfacet
  facet normal 0 1 -0
    outer loop
      vertex -2.48852 -7.85 0.822283
      vertex -2.51414 -7.85 0.823542
      vertex -2.48586 -7.85 0.823542
    endloop
  endfacet
  facet normal 0 1 0
    outer loop
      vertex -2.48852 -7.85 0.822283
      vertex -2.51148 -7.85 0.822283
      vertex -2.51414 -7.85 0.823542
    endloop
  endfacet
  facet normal 0 1 -0
    outer loop
      vertex -2.49129 -7.85 0.821291
      vertex -2.51148 -7.85 0.822283
      vertex -2.48852 -7.85 0.822283
    endloop
  endfacet
  facet normal 0 1 0
    outer loop
      vertex -2.49129 -7.85 0.821291
      vertex -2.50871 -7.85 0.821291
      vertex -2.51148 -7.85 0.822283
    endloop
  endfacet
  facet normal 0 1 -0
    outer loop
      vertex -2.49415 -7.85 0.820576
      vertex -2.50871 -7.85 0.821291
      vertex -2.49129 -7.85 0.821291
    endloop
  endfacet
  facet normal 0 1 0
    outer loop
      vertex -2.49415 -7.85 0.820576
      vertex -2.50585 -7.85 0.820576
      vertex -2.50871 -7.85 0.821291
    endloop
  endfacet
  facet normal 0 1 -0
    outer loop
      vertex -2.49706 -7.85 0.820144
      vertex -2.50585 -7.85 0.820576
      vertex -2.49415 -7.85 0.820576
    endloop
  endfacet
  facet normal 0 1 0
    outer loop
      vertex -2.49706 -7.85 0.820144
      vertex -2.50294 -7.85 0.820144
      vertex -2.50585 -7.85 0.820576
    endloop
  endfacet
  facet normal -0 1 0
    outer loop
      vertex -2.50294 -7.85 0.820144
      vertex -2.49706 -7.85 0.820144
      vertex -2.5 -7.85 0.82
    endloop
  endfacet
  facet normal -0.740554 0 0.671997
    outer loop
      vertex -2.52319 -8.15 0.869031
      vertex -2.52121 -7.85 0.871213
      vertex -2.52319 -7.85 0.869031
    endloop
  endfacet
  facet normal -0.740554 0 0.671997
    outer loop
      vertex -2.52121 -7.85 0.871213
      vertex -2.52319 -8.15 0.869031
      vertex -2.52121 -8.15 0.871213
    endloop
  endfacet
  facet normal 0.671776 0 0.740754
    outer loop
      vertex -2.48097 -7.85 0.87319
      vertex -2.47879 -8.15 0.871213
      vertex -2.47879 -7.85 0.871213
    endloop
  endfacet
  facet normal 0.671776 0 0.740754
    outer loop
      vertex -2.47879 -8.15 0.871213
      vertex -2.48097 -7.85 0.87319
      vertex -2.48097 -8.15 0.87319
    endloop
  endfacet
  facet normal 0.740554 -0 0.671997
    outer loop
      vertex -2.47879 -8.15 0.871213
      vertex -2.47681 -7.85 0.869031
      vertex -2.47879 -7.85 0.871213
    endloop
  endfacet
  facet normal 0.740554 0 0.671997
    outer loop
      vertex -2.47681 -7.85 0.869031
      vertex -2.47879 -8.15 0.871213
      vertex -2.47681 -8.15 0.869031
    endloop
  endfacet
  facet normal 0.242536 0 -0.970143
    outer loop
      vertex -2.49415 -8.15 0.820576
      vertex -2.49129 -7.85 0.821291
      vertex -2.49129 -8.15 0.821291
    endloop
  endfacet
  facet normal 0.242536 0 -0.970143
    outer loop
      vertex -2.49129 -7.85 0.821291
      vertex -2.49415 -8.15 0.820576
      vertex -2.49415 -7.85 0.820576
    endloop
  endfacet
  facet normal 0.596512 0 -0.802604
    outer loop
      vertex -2.48333 -8.15 0.825055
      vertex -2.48097 -7.85 0.826809
      vertex -2.48097 -8.15 0.826809
    endloop
  endfacet
  facet normal 0.596512 0 -0.802604
    outer loop
      vertex -2.48097 -7.85 0.826809
      vertex -2.48333 -8.15 0.825055
      vertex -2.48333 -7.85 0.825055
    endloop
  endfacet
  facet normal -0.941742 0 0.336336
    outer loop
      vertex -2.52871 -8.15 0.858708
      vertex -2.52772 -7.85 0.86148
      vertex -2.52871 -7.85 0.858708
    endloop
  endfacet
  facet normal -0.941742 0 0.336336
    outer loop
      vertex -2.52772 -7.85 0.86148
      vertex -2.52871 -8.15 0.858708
      vertex -2.52772 -8.15 0.86148
    endloop
  endfacet
  facet normal -0.970461 0 0.241256
    outer loop
      vertex -2.52942 -8.15 0.855852
      vertex -2.52871 -7.85 0.858708
      vertex -2.52942 -7.85 0.855852
    endloop
  endfacet
  facet normal -0.970461 0 0.241256
    outer loop
      vertex -2.52871 -7.85 0.858708
      vertex -2.52942 -8.15 0.855852
      vertex -2.52871 -8.15 0.858708
    endloop
  endfacet
  facet normal -0.970461 0 -0.241256
    outer loop
      vertex -2.52871 -8.15 0.841291
      vertex -2.52942 -7.85 0.844147
      vertex -2.52871 -7.85 0.841291
    endloop
  endfacet
  facet normal -0.970461 -0 -0.241256
    outer loop
      vertex -2.52942 -7.85 0.844147
      vertex -2.52871 -8.15 0.841291
      vertex -2.52942 -8.15 0.844147
    endloop
  endfacet
  facet normal 0.941742 0 -0.336336
    outer loop
      vertex -2.47129 -8.15 0.841291
      vertex -2.47228 -7.85 0.838519
      vertex -2.47129 -7.85 0.841291
    endloop
  endfacet
  facet normal 0.941742 0 -0.336336
    outer loop
      vertex -2.47228 -7.85 0.838519
      vertex -2.47129 -8.15 0.841291
      vertex -2.47228 -8.15 0.838519
    endloop
  endfacet
  facet normal -0.998702 0 0.0509369
    outer loop
      vertex -2.53 -8.15 0.849999
      vertex -2.52985 -7.85 0.85294
      vertex -2.53 -7.85 0.849999
    endloop
  endfacet
  facet normal -0.998702 0 0.0509369
    outer loop
      vertex -2.52985 -7.85 0.85294
      vertex -2.53 -8.15 0.849999
      vertex -2.52985 -8.15 0.85294
    endloop
  endfacet
  facet normal -0.671776 0 -0.740754
    outer loop
      vertex -2.52121 -8.15 0.828786
      vertex -2.51903 -7.85 0.826809
      vertex -2.51903 -8.15 0.826809
    endloop
  endfacet
  facet normal -0.671776 0 -0.740754
    outer loop
      vertex -2.51903 -7.85 0.826809
      vertex -2.52121 -8.15 0.828786
      vertex -2.52121 -7.85 0.828786
    endloop
  endfacet
  facet normal 0.740554 0 -0.671997
    outer loop
      vertex -2.47681 -8.15 0.830968
      vertex -2.47879 -7.85 0.828786
      vertex -2.47681 -7.85 0.830968
    endloop
  endfacet
  facet normal 0.740554 0 -0.671997
    outer loop
      vertex -2.47879 -7.85 0.828786
      vertex -2.47681 -8.15 0.830968
      vertex -2.47879 -8.15 0.828786
    endloop
  endfacet
  facet normal 0.671776 0 -0.740754
    outer loop
      vertex -2.48097 -8.15 0.826809
      vertex -2.47879 -7.85 0.828786
      vertex -2.47879 -8.15 0.828786
    endloop
  endfacet
  facet normal 0.671776 0 -0.740754
    outer loop
      vertex -2.47879 -7.85 0.828786
      vertex -2.48097 -8.15 0.826809
      vertex -2.48097 -7.85 0.826809
    endloop
  endfacet
  facet normal -0.596512 0 -0.802604
    outer loop
      vertex -2.51903 -8.15 0.826809
      vertex -2.51667 -7.85 0.825055
      vertex -2.51667 -8.15 0.825055
    endloop
  endfacet
  facet normal -0.596512 0 -0.802604
    outer loop
      vertex -2.51667 -7.85 0.825055
      vertex -2.51903 -8.15 0.826809
      vertex -2.51903 -7.85 0.826809
    endloop
  endfacet
  facet normal -0.803738 0 0.594984
    outer loop
      vertex -2.52494 -8.15 0.866667
      vertex -2.52319 -7.85 0.869031
      vertex -2.52494 -7.85 0.866667
    endloop
  endfacet
  facet normal -0.803738 0 0.594984
    outer loop
      vertex -2.52319 -7.85 0.869031
      vertex -2.52494 -8.15 0.866667
      vertex -2.52319 -8.15 0.869031
    endloop
  endfacet
  facet normal -0.903862 0 -0.427824
    outer loop
      vertex -2.52646 -8.15 0.835857
      vertex -2.52772 -7.85 0.838519
      vertex -2.52646 -7.85 0.835857
    endloop
  endfacet
  facet normal -0.903862 -0 -0.427824
    outer loop
      vertex -2.52772 -7.85 0.838519
      vertex -2.52646 -8.15 0.835857
      vertex -2.52772 -8.15 0.838519
    endloop
  endfacet
  facet normal -0.803738 0 -0.594984
    outer loop
      vertex -2.52319 -8.15 0.830968
      vertex -2.52494 -7.85 0.833332
      vertex -2.52319 -7.85 0.830968
    endloop
  endfacet
  facet normal -0.803738 -0 -0.594984
    outer loop
      vertex -2.52494 -7.85 0.833332
      vertex -2.52319 -8.15 0.830968
      vertex -2.52494 -8.15 0.833332
    endloop
  endfacet
  facet normal -0.740554 0 -0.671997
    outer loop
      vertex -2.52121 -8.15 0.828786
      vertex -2.52319 -7.85 0.830968
      vertex -2.52121 -7.85 0.828786
    endloop
  endfacet
  facet normal -0.740554 -0 -0.671997
    outer loop
      vertex -2.52319 -7.85 0.830968
      vertex -2.52121 -8.15 0.828786
      vertex -2.52319 -8.15 0.830968
    endloop
  endfacet
  facet normal -0.9038 0 0.427955
    outer loop
      vertex -2.52772 -8.15 0.86148
      vertex -2.52646 -7.85 0.864141
      vertex -2.52772 -7.85 0.86148
    endloop
  endfacet
  facet normal -0.9038 0 0.427955
    outer loop
      vertex -2.52646 -7.85 0.864141
      vertex -2.52772 -8.15 0.86148
      vertex -2.52646 -8.15 0.864141
    endloop
  endfacet
  facet normal -0.856834 0 0.515593
    outer loop
      vertex -2.52646 -8.15 0.864141
      vertex -2.52494 -7.85 0.866667
      vertex -2.52646 -7.85 0.864141
    endloop
  endfacet
  facet normal -0.856834 0 0.515593
    outer loop
      vertex -2.52494 -7.85 0.866667
      vertex -2.52646 -8.15 0.864141
      vertex -2.52494 -8.15 0.866667
    endloop
  endfacet
  facet normal 0.146844 0 0.98916
    outer loop
      vertex -1.79706 -7.85 0.879855
      vertex -1.79415 -8.15 0.879423
      vertex -1.79415 -7.85 0.879423
    endloop
  endfacet
  facet normal 0.146844 0 0.98916
    outer loop
      vertex -1.79415 -8.15 0.879423
      vertex -1.79706 -7.85 0.879855
      vertex -1.79706 -8.15 0.879855
    endloop
  endfacet
  facet normal 0.988776 -0 0.149403
    outer loop
      vertex -1.77058 -8.15 0.855852
      vertex -1.77014 -7.85 0.85294
      vertex -1.77058 -7.85 0.855852
    endloop
  endfacet
  facet normal 0.988776 0 0.149403
    outer loop
      vertex -1.77014 -7.85 0.85294
      vertex -1.77058 -8.15 0.855852
      vertex -1.77014 -8.15 0.85294
    endloop
  endfacet
  facet normal 0.998869 -0 0.047549
    outer loop
      vertex -1.77014 -8.15 0.85294
      vertex -1.77 -7.85 0.849999
      vertex -1.77014 -7.85 0.85294
    endloop
  endfacet
  facet normal 0.998869 0 0.047549
    outer loop
      vertex -1.77 -7.85 0.849999
      vertex -1.77014 -8.15 0.85294
      vertex -1.77 -8.15 0.849999
    endloop
  endfacet
  facet normal 0.970461 -0 0.241256
    outer loop
      vertex -1.77129 -8.15 0.858708
      vertex -1.77058 -7.85 0.855852
      vertex -1.77129 -7.85 0.858708
    endloop
  endfacet
  facet normal 0.970461 0 0.241256
    outer loop
      vertex -1.77058 -7.85 0.855852
      vertex -1.77129 -8.15 0.858708
      vertex -1.77058 -8.15 0.855852
    endloop
  endfacet
  facet normal -0.337154 0 0.941449
    outer loop
      vertex -1.81148 -7.85 0.877716
      vertex -1.80871 -8.15 0.878708
      vertex -1.80871 -7.85 0.878708
    endloop
  endfacet
  facet normal -0.337154 0 0.941449
    outer loop
      vertex -1.80871 -8.15 0.878708
      vertex -1.81148 -7.85 0.877716
      vertex -1.81148 -8.15 0.877716
    endloop
  endfacet
  facet normal -0.427809 0 0.903869
    outer loop
      vertex -1.81414 -7.85 0.876457
      vertex -1.81148 -8.15 0.877716
      vertex -1.81148 -7.85 0.877716
    endloop
  endfacet
  facet normal -0.427809 0 0.903869
    outer loop
      vertex -1.81148 -8.15 0.877716
      vertex -1.81414 -7.85 0.876457
      vertex -1.81414 -8.15 0.876457
    endloop
  endfacet
  facet normal -0.242536 0 -0.970143
    outer loop
      vertex -1.80871 -8.15 0.821291
      vertex -1.80585 -7.85 0.820576
      vertex -1.80585 -8.15 0.820576
    endloop
  endfacet
  facet normal -0.242536 0 -0.970143
    outer loop
      vertex -1.80585 -7.85 0.820576
      vertex -1.80871 -8.15 0.821291
      vertex -1.80871 -7.85 0.821291
    endloop
  endfacet
  facet normal 0.941742 -0 0.336336
    outer loop
      vertex -1.77228 -8.15 0.86148
      vertex -1.77129 -7.85 0.858708
      vertex -1.77228 -7.85 0.86148
    endloop
  endfacet
  facet normal 0.941742 0 0.336336
    outer loop
      vertex -1.77129 -7.85 0.858708
      vertex -1.77228 -8.15 0.86148
      vertex -1.77129 -8.15 0.858708
    endloop
  endfacet
  facet normal 0.427809 0 -0.903869
    outer loop
      vertex -1.78852 -8.15 0.822283
      vertex -1.78586 -7.85 0.823542
      vertex -1.78586 -8.15 0.823542
    endloop
  endfacet
  facet normal 0.427809 0 -0.903869
    outer loop
      vertex -1.78586 -7.85 0.823542
      vertex -1.78852 -8.15 0.822283
      vertex -1.78852 -7.85 0.822283
    endloop
  endfacet
  facet normal 0.337154 0 0.941449
    outer loop
      vertex -1.79129 -7.85 0.878708
      vertex -1.78852 -8.15 0.877716
      vertex -1.78852 -7.85 0.877716
    endloop
  endfacet
  facet normal 0.337154 0 0.941449
    outer loop
      vertex -1.78852 -8.15 0.877716
      vertex -1.79129 -7.85 0.878708
      vertex -1.79129 -8.15 0.878708
    endloop
  endfacet
  facet normal 0.803738 -0 0.594984
    outer loop
      vertex -1.77681 -8.15 0.869031
      vertex -1.77506 -7.85 0.866667
      vertex -1.77681 -7.85 0.869031
    endloop
  endfacet
  facet normal 0.803738 0 0.594984
    outer loop
      vertex -1.77506 -7.85 0.866667
      vertex -1.77681 -8.15 0.869031
      vertex -1.77506 -8.15 0.866667
    endloop
  endfacet
  facet normal -0.513248 0 -0.85824
    outer loop
      vertex -1.81667 -8.15 0.825055
      vertex -1.81414 -7.85 0.823542
      vertex -1.81414 -8.15 0.823542
    endloop
  endfacet
  facet normal -0.513248 0 -0.85824
    outer loop
      vertex -1.81414 -7.85 0.823542
      vertex -1.81667 -8.15 0.825055
      vertex -1.81667 -7.85 0.825055
    endloop
  endfacet
  facet normal 0.970461 0 -0.241256
    outer loop
      vertex -1.77058 -8.15 0.844147
      vertex -1.77129 -7.85 0.841291
      vertex -1.77058 -7.85 0.844147
    endloop
  endfacet
  facet normal 0.970461 0 -0.241256
    outer loop
      vertex -1.77129 -7.85 0.841291
      vertex -1.77058 -8.15 0.844147
      vertex -1.77129 -8.15 0.841291
    endloop
  endfacet
  facet normal 0.427809 0 0.903869
    outer loop
      vertex -1.78852 -7.85 0.877716
      vertex -1.78586 -8.15 0.876457
      vertex -1.78586 -7.85 0.876457
    endloop
  endfacet
  facet normal 0.427809 0 0.903869
    outer loop
      vertex -1.78586 -8.15 0.876457
      vertex -1.78852 -7.85 0.877716
      vertex -1.78852 -8.15 0.877716
    endloop
  endfacet
  facet normal 0.903862 0 -0.427824
    outer loop
      vertex -1.77228 -8.15 0.838519
      vertex -1.77354 -7.85 0.835857
      vertex -1.77228 -7.85 0.838519
    endloop
  endfacet
  facet normal 0.903862 0 -0.427824
    outer loop
      vertex -1.77354 -7.85 0.835857
      vertex -1.77228 -8.15 0.838519
      vertex -1.77354 -8.15 0.835857
    endloop
  endfacet
  facet normal -0.671776 0 0.740754
    outer loop
      vertex -1.82121 -7.85 0.871213
      vertex -1.81903 -8.15 0.87319
      vertex -1.81903 -7.85 0.87319
    endloop
  endfacet
  facet normal -0.671776 0 0.740754
    outer loop
      vertex -1.81903 -8.15 0.87319
      vertex -1.82121 -7.85 0.871213
      vertex -1.82121 -8.15 0.871213
    endloop
  endfacet
  facet normal -0.941742 0 -0.336336
    outer loop
      vertex -1.82772 -8.15 0.838519
      vertex -1.82871 -7.85 0.841291
      vertex -1.82772 -7.85 0.838519
    endloop
  endfacet
  facet normal -0.941742 -0 -0.336336
    outer loop
      vertex -1.82871 -7.85 0.841291
      vertex -1.82772 -8.15 0.838519
      vertex -1.82871 -8.15 0.841291
    endloop
  endfacet
  facet normal 0.988776 0 -0.149403
    outer loop
      vertex -1.77014 -8.15 0.847059
      vertex -1.77058 -7.85 0.844147
      vertex -1.77014 -7.85 0.847059
    endloop
  endfacet
  facet normal 0.988776 0 -0.149403
    outer loop
      vertex -1.77058 -7.85 0.844147
      vertex -1.77014 -8.15 0.847059
      vertex -1.77058 -8.15 0.844147
    endloop
  endfacet
  facet normal 0.596512 0 0.802604
    outer loop
      vertex -1.78333 -7.85 0.874944
      vertex -1.78097 -8.15 0.87319
      vertex -1.78097 -7.85 0.87319
    endloop
  endfacet
  facet normal 0.596512 0 0.802604
    outer loop
      vertex -1.78097 -8.15 0.87319
      vertex -1.78333 -7.85 0.874944
      vertex -1.78333 -8.15 0.874944
    endloop
  endfacet
  facet normal 0.671776 0 -0.740754
    outer loop
      vertex -1.78097 -8.15 0.826809
      vertex -1.77879 -7.85 0.828786
      vertex -1.77879 -8.15 0.828786
    endloop
  endfacet
  facet normal 0.671776 0 -0.740754
    outer loop
      vertex -1.77879 -7.85 0.828786
      vertex -1.78097 -8.15 0.826809
      vertex -1.78097 -7.85 0.826809
    endloop
  endfacet
  facet normal -0.740554 0 -0.671997
    outer loop
      vertex -1.82121 -8.15 0.828786
      vertex -1.82319 -7.85 0.830968
      vertex -1.82121 -7.85 0.828786
    endloop
  endfacet
  facet normal -0.740554 -0 -0.671997
    outer loop
      vertex -1.82319 -7.85 0.830968
      vertex -1.82121 -8.15 0.828786
      vertex -1.82319 -8.15 0.830968
    endloop
  endfacet
  facet normal 0 -1 0
    outer loop
      vertex -1.80294 -8.15 0.879855
      vertex -1.79706 -8.15 0.879855
      vertex -1.8 -8.15 0.879999
    endloop
  endfacet
  facet normal 0 -1 0
    outer loop
      vertex -1.80585 -8.15 0.879423
      vertex -1.79706 -8.15 0.879855
      vertex -1.80294 -8.15 0.879855
    endloop
  endfacet
  facet normal 0 -1 0
    outer loop
      vertex -1.80585 -8.15 0.879423
      vertex -1.79415 -8.15 0.879423
      vertex -1.79706 -8.15 0.879855
    endloop
  endfacet
  facet normal 0 -1 0
    outer loop
      vertex -1.80871 -8.15 0.878708
      vertex -1.79415 -8.15 0.879423
      vertex -1.80585 -8.15 0.879423
    endloop
  endfacet
  facet normal 0 -1 0
    outer loop
      vertex -1.80871 -8.15 0.878708
      vertex -1.79129 -8.15 0.878708
      vertex -1.79415 -8.15 0.879423
    endloop
  endfacet
  facet normal 0 -1 0
    outer loop
      vertex -1.81148 -8.15 0.877716
      vertex -1.79129 -8.15 0.878708
      vertex -1.80871 -8.15 0.878708
    endloop
  endfacet
  facet normal 0 -1 0
    outer loop
      vertex -1.81148 -8.15 0.877716
      vertex -1.78852 -8.15 0.877716
      vertex -1.79129 -8.15 0.878708
    endloop
  endfacet
  facet normal 0 -1 0
    outer loop
      vertex -1.81414 -8.15 0.876457
      vertex -1.78852 -8.15 0.877716
      vertex -1.81148 -8.15 0.877716
    endloop
  endfacet
  facet normal 0 -1 0
    outer loop
      vertex -1.81414 -8.15 0.876457
      vertex -1.78586 -8.15 0.876457
      vertex -1.78852 -8.15 0.877716
    endloop
  endfacet
  facet normal 0 -1 0
    outer loop
      vertex -1.81667 -8.15 0.874944
      vertex -1.78586 -8.15 0.876457
      vertex -1.81414 -8.15 0.876457
    endloop
  endfacet
  facet normal 0 -1 0
    outer loop
      vertex -1.81667 -8.15 0.874944
      vertex -1.78333 -8.15 0.874944
      vertex -1.78586 -8.15 0.876457
    endloop
  endfacet
  facet normal 0 -1 0
    outer loop
      vertex -1.81903 -8.15 0.87319
      vertex -1.78333 -8.15 0.874944
      vertex -1.81667 -8.15 0.874944
    endloop
  endfacet
  facet normal 0 -1 0
    outer loop
      vertex -1.81903 -8.15 0.87319
      vertex -1.78097 -8.15 0.87319
      vertex -1.78333 -8.15 0.874944
    endloop
  endfacet
  facet normal 0 -1 0
    outer loop
      vertex -1.82121 -8.15 0.871213
      vertex -1.78097 -8.15 0.87319
      vertex -1.81903 -8.15 0.87319
    endloop
  endfacet
  facet normal 0 -1 0
    outer loop
      vertex -1.82121 -8.15 0.871213
      vertex -1.77879 -8.15 0.871213
      vertex -1.78097 -8.15 0.87319
    endloop
  endfacet
  facet normal 0 -1 0
    outer loop
      vertex -1.82319 -8.15 0.869031
      vertex -1.77879 -8.15 0.871213
      vertex -1.82121 -8.15 0.871213
    endloop
  endfacet
  facet normal 0 -1 0
    outer loop
      vertex -1.82319 -8.15 0.869031
      vertex -1.77681 -8.15 0.869031
      vertex -1.77879 -8.15 0.871213
    endloop
  endfacet
  facet normal 0 -1 0
    outer loop
      vertex -1.82494 -8.15 0.866667
      vertex -1.77681 -8.15 0.869031
      vertex -1.82319 -8.15 0.869031
    endloop
  endfacet
  facet normal 0 -1 0
    outer loop
      vertex -1.82494 -8.15 0.866667
      vertex -1.77506 -8.15 0.866667
      vertex -1.77681 -8.15 0.869031
    endloop
  endfacet
  facet normal 0 -1 0
    outer loop
      vertex -1.82646 -8.15 0.864141
      vertex -1.77506 -8.15 0.866667
      vertex -1.82494 -8.15 0.866667
    endloop
  endfacet
  facet normal 0 -1 0
    outer loop
      vertex -1.82646 -8.15 0.864141
      vertex -1.77354 -8.15 0.864141
      vertex -1.77506 -8.15 0.866667
    endloop
  endfacet
  facet normal 0 -1 0
    outer loop
      vertex -1.82772 -8.15 0.86148
      vertex -1.77354 -8.15 0.864141
      vertex -1.82646 -8.15 0.864141
    endloop
  endfacet
  facet normal 0 -1 0
    outer loop
      vertex -1.82772 -8.15 0.86148
      vertex -1.77228 -8.15 0.86148
      vertex -1.77354 -8.15 0.864141
    endloop
  endfacet
  facet normal 0 -1 0
    outer loop
      vertex -1.82871 -8.15 0.858708
      vertex -1.77228 -8.15 0.86148
      vertex -1.82772 -8.15 0.86148
    endloop
  endfacet
  facet normal 0 -1 0
    outer loop
      vertex -1.82871 -8.15 0.858708
      vertex -1.77129 -8.15 0.858708
      vertex -1.77228 -8.15 0.86148
    endloop
  endfacet
  facet normal 0 -1 0
    outer loop
      vertex -1.82942 -8.15 0.855852
      vertex -1.77129 -8.15 0.858708
      vertex -1.82871 -8.15 0.858708
    endloop
  endfacet
  facet normal 0 -1 0
    outer loop
      vertex -1.82942 -8.15 0.855852
      vertex -1.77058 -8.15 0.855852
      vertex -1.77129 -8.15 0.858708
    endloop
  endfacet
  facet normal 0 -1 0
    outer loop
      vertex -1.82985 -8.15 0.85294
      vertex -1.77058 -8.15 0.855852
      vertex -1.82942 -8.15 0.855852
    endloop
  endfacet
  facet normal 0 -1 0
    outer loop
      vertex -1.82985 -8.15 0.85294
      vertex -1.77014 -8.15 0.85294
      vertex -1.77058 -8.15 0.855852
    endloop
  endfacet
  facet normal 0 -1 0
    outer loop
      vertex -1.83 -8.15 0.849999
      vertex -1.77014 -8.15 0.85294
      vertex -1.82985 -8.15 0.85294
    endloop
  endfacet
  facet normal 0 -1 0
    outer loop
      vertex -1.83 -8.15 0.849999
      vertex -1.77 -8.15 0.849999
      vertex -1.77014 -8.15 0.85294
    endloop
  endfacet
  facet normal 0 -1 0
    outer loop
      vertex -1.82985 -8.15 0.847059
      vertex -1.77 -8.15 0.849999
      vertex -1.83 -8.15 0.849999
    endloop
  endfacet
  facet normal 0 -1 0
    outer loop
      vertex -1.82985 -8.15 0.847059
      vertex -1.77014 -8.15 0.847059
      vertex -1.77 -8.15 0.849999
    endloop
  endfacet
  facet normal 0 -1 0
    outer loop
      vertex -1.82942 -8.15 0.844147
      vertex -1.77014 -8.15 0.847059
      vertex -1.82985 -8.15 0.847059
    endloop
  endfacet
  facet normal 0 -1 0
    outer loop
      vertex -1.82942 -8.15 0.844147
      vertex -1.77058 -8.15 0.844147
      vertex -1.77014 -8.15 0.847059
    endloop
  endfacet
  facet normal 0 -1 0
    outer loop
      vertex -1.82871 -8.15 0.841291
      vertex -1.77058 -8.15 0.844147
      vertex -1.82942 -8.15 0.844147
    endloop
  endfacet
  facet normal 0 -1 0
    outer loop
      vertex -1.82871 -8.15 0.841291
      vertex -1.77129 -8.15 0.841291
      vertex -1.77058 -8.15 0.844147
    endloop
  endfacet
  facet normal 0 -1 0
    outer loop
      vertex -1.82772 -8.15 0.838519
      vertex -1.77129 -8.15 0.841291
      vertex -1.82871 -8.15 0.841291
    endloop
  endfacet
  facet normal 0 -1 0
    outer loop
      vertex -1.82772 -8.15 0.838519
      vertex -1.77228 -8.15 0.838519
      vertex -1.77129 -8.15 0.841291
    endloop
  endfacet
  facet normal 0 -1 0
    outer loop
      vertex -1.82646 -8.15 0.835857
      vertex -1.77228 -8.15 0.838519
      vertex -1.82772 -8.15 0.838519
    endloop
  endfacet
  facet normal 0 -1 0
    outer loop
      vertex -1.82646 -8.15 0.835857
      vertex -1.77354 -8.15 0.835857
      vertex -1.77228 -8.15 0.838519
    endloop
  endfacet
  facet normal 0 -1 0
    outer loop
      vertex -1.82494 -8.15 0.833332
      vertex -1.77354 -8.15 0.835857
      vertex -1.82646 -8.15 0.835857
    endloop
  endfacet
  facet normal 0 -1 0
    outer loop
      vertex -1.82494 -8.15 0.833332
      vertex -1.77506 -8.15 0.833332
      vertex -1.77354 -8.15 0.835857
    endloop
  endfacet
  facet normal 0 -1 0
    outer loop
      vertex -1.82319 -8.15 0.830968
      vertex -1.77506 -8.15 0.833332
      vertex -1.82494 -8.15 0.833332
    endloop
  endfacet
  facet normal 0 -1 0
    outer loop
      vertex -1.82319 -8.15 0.830968
      vertex -1.77681 -8.15 0.830968
      vertex -1.77506 -8.15 0.833332
    endloop
  endfacet
  facet normal 0 -1 0
    outer loop
      vertex -1.82121 -8.15 0.828786
      vertex -1.77681 -8.15 0.830968
      vertex -1.82319 -8.15 0.830968
    endloop
  endfacet
  facet normal 0 -1 0
    outer loop
      vertex -1.82121 -8.15 0.828786
      vertex -1.77879 -8.15 0.828786
      vertex -1.77681 -8.15 0.830968
    endloop
  endfacet
  facet normal 0 -1 0
    outer loop
      vertex -1.81903 -8.15 0.826809
      vertex -1.77879 -8.15 0.828786
      vertex -1.82121 -8.15 0.828786
    endloop
  endfacet
  facet normal 0 -1 0
    outer loop
      vertex -1.81903 -8.15 0.826809
      vertex -1.78097 -8.15 0.826809
      vertex -1.77879 -8.15 0.828786
    endloop
  endfacet
  facet normal 0 -1 0
    outer loop
      vertex -1.81667 -8.15 0.825055
      vertex -1.78097 -8.15 0.826809
      vertex -1.81903 -8.15 0.826809
    endloop
  endfacet
  facet normal 0 -1 0
    outer loop
      vertex -1.81667 -8.15 0.825055
      vertex -1.78333 -8.15 0.825055
      vertex -1.78097 -8.15 0.826809
    endloop
  endfacet
  facet normal 0 -1 0
    outer loop
      vertex -1.81414 -8.15 0.823542
      vertex -1.78333 -8.15 0.825055
      vertex -1.81667 -8.15 0.825055
    endloop
  endfacet
  facet normal 0 -1 0
    outer loop
      vertex -1.81414 -8.15 0.823542
      vertex -1.78586 -8.15 0.823542
      vertex -1.78333 -8.15 0.825055
    endloop
  endfacet
  facet normal 0 -1 0
    outer loop
      vertex -1.81148 -8.15 0.822283
      vertex -1.78586 -8.15 0.823542
      vertex -1.81414 -8.15 0.823542
    endloop
  endfacet
  facet normal 0 -1 0
    outer loop
      vertex -1.81148 -8.15 0.822283
      vertex -1.78852 -8.15 0.822283
      vertex -1.78586 -8.15 0.823542
    endloop
  endfacet
  facet normal 0 -1 0
    outer loop
      vertex -1.80871 -8.15 0.821291
      vertex -1.78852 -8.15 0.822283
      vertex -1.81148 -8.15 0.822283
    endloop
  endfacet
  facet normal 0 -1 0
    outer loop
      vertex -1.80871 -8.15 0.821291
      vertex -1.79129 -8.15 0.821291
      vertex -1.78852 -8.15 0.822283
    endloop
  endfacet
  facet normal 0 -1 0
    outer loop
      vertex -1.80585 -8.15 0.820576
      vertex -1.79129 -8.15 0.821291
      vertex -1.80871 -8.15 0.821291
    endloop
  endfacet
  facet normal 0 -1 0
    outer loop
      vertex -1.80585 -8.15 0.820576
      vertex -1.79415 -8.15 0.820576
      vertex -1.79129 -8.15 0.821291
    endloop
  endfacet
  facet normal 0 -1 0
    outer loop
      vertex -1.80294 -8.15 0.820144
      vertex -1.79415 -8.15 0.820576
      vertex -1.80585 -8.15 0.820576
    endloop
  endfacet
  facet normal 0 -1 0
    outer loop
      vertex -1.80294 -8.15 0.820144
      vertex -1.79706 -8.15 0.820144
      vertex -1.79415 -8.15 0.820576
    endloop
  endfacet
  facet normal -0 -1 0
    outer loop
      vertex -1.79706 -8.15 0.820144
      vertex -1.80294 -8.15 0.820144
      vertex -1.8 -8.15 0.82
    endloop
  endfacet
  facet normal -0.146844 0 0.98916
    outer loop
      vertex -1.80585 -7.85 0.879423
      vertex -1.80294 -8.15 0.879855
      vertex -1.80294 -7.85 0.879855
    endloop
  endfacet
  facet normal -0.146844 0 0.98916
    outer loop
      vertex -1.80294 -8.15 0.879855
      vertex -1.80585 -7.85 0.879423
      vertex -1.80585 -8.15 0.879423
    endloop
  endfacet
  facet normal -0.856834 0 0.515593
    outer loop
      vertex -1.82646 -8.15 0.864141
      vertex -1.82494 -7.85 0.866667
      vertex -1.82646 -7.85 0.864141
    endloop
  endfacet
  facet normal -0.856834 0 0.515593
    outer loop
      vertex -1.82494 -7.85 0.866667
      vertex -1.82646 -8.15 0.864141
      vertex -1.82494 -8.15 0.866667
    endloop
  endfacet
  facet normal 0.513248 0 0.85824
    outer loop
      vertex -1.78586 -7.85 0.876457
      vertex -1.78333 -8.15 0.874944
      vertex -1.78333 -7.85 0.874944
    endloop
  endfacet
  facet normal 0.513248 0 0.85824
    outer loop
      vertex -1.78333 -8.15 0.874944
      vertex -1.78586 -7.85 0.876457
      vertex -1.78586 -8.15 0.876457
    endloop
  endfacet
  facet normal -0.513248 0 0.85824
    outer loop
      vertex -1.81667 -7.85 0.874944
      vertex -1.81414 -8.15 0.876457
      vertex -1.81414 -7.85 0.876457
    endloop
  endfacet
  facet normal -0.513248 0 0.85824
    outer loop
      vertex -1.81414 -8.15 0.876457
      vertex -1.81667 -7.85 0.874944
      vertex -1.81667 -8.15 0.874944
    endloop
  endfacet
  facet normal -0.0489209 0 0.998803
    outer loop
      vertex -1.80294 -7.85 0.879855
      vertex -1.8 -8.15 0.879999
      vertex -1.8 -7.85 0.879999
    endloop
  endfacet
  facet normal -0.0489209 0 0.998803
    outer loop
      vertex -1.8 -8.15 0.879999
      vertex -1.80294 -7.85 0.879855
      vertex -1.80294 -8.15 0.879855
    endloop
  endfacet
  facet normal -0.970461 0 -0.241256
    outer loop
      vertex -1.82871 -8.15 0.841291
      vertex -1.82942 -7.85 0.844147
      vertex -1.82871 -7.85 0.841291
    endloop
  endfacet
  facet normal -0.970461 -0 -0.241256
    outer loop
      vertex -1.82942 -7.85 0.844147
      vertex -1.82871 -8.15 0.841291
      vertex -1.82942 -8.15 0.844147
    endloop
  endfacet
  facet normal 0.856744 0 -0.515743
    outer loop
      vertex -1.77354 -8.15 0.835857
      vertex -1.77506 -7.85 0.833332
      vertex -1.77354 -7.85 0.835857
    endloop
  endfacet
  facet normal 0.856744 0 -0.515743
    outer loop
      vertex -1.77506 -7.85 0.833332
      vertex -1.77354 -8.15 0.835857
      vertex -1.77506 -8.15 0.833332
    endloop
  endfacet
  facet normal 0.0489209 0 -0.998803
    outer loop
      vertex -1.8 -8.15 0.82
      vertex -1.79706 -7.85 0.820144
      vertex -1.79706 -8.15 0.820144
    endloop
  endfacet
  facet normal 0.0489209 0 -0.998803
    outer loop
      vertex -1.79706 -7.85 0.820144
      vertex -1.8 -8.15 0.82
      vertex -1.8 -7.85 0.82
    endloop
  endfacet
  facet normal -0.242536 0 0.970143
    outer loop
      vertex -1.80871 -7.85 0.878708
      vertex -1.80585 -8.15 0.879423
      vertex -1.80585 -7.85 0.879423
    endloop
  endfacet
  facet normal -0.242536 0 0.970143
    outer loop
      vertex -1.80585 -8.15 0.879423
      vertex -1.80871 -7.85 0.878708
      vertex -1.80871 -8.15 0.878708
    endloop
  endfacet
  facet normal 0.242536 0 -0.970143
    outer loop
      vertex -1.79415 -8.15 0.820576
      vertex -1.79129 -7.85 0.821291
      vertex -1.79129 -8.15 0.821291
    endloop
  endfacet
  facet normal 0.242536 0 -0.970143
    outer loop
      vertex -1.79129 -7.85 0.821291
      vertex -1.79415 -8.15 0.820576
      vertex -1.79415 -7.85 0.820576
    endloop
  endfacet
  facet normal -0.989273 0 -0.146081
    outer loop
      vertex -1.82942 -8.15 0.844147
      vertex -1.82985 -7.85 0.847059
      vertex -1.82942 -7.85 0.844147
    endloop
  endfacet
  facet normal -0.989273 -0 -0.146081
    outer loop
      vertex -1.82985 -7.85 0.847059
      vertex -1.82942 -8.15 0.844147
      vertex -1.82985 -8.15 0.847059
    endloop
  endfacet
  facet normal -0.998701 0 -0.0509541
    outer loop
      vertex -1.82985 -8.15 0.847059
      vertex -1.83 -7.85 0.849999
      vertex -1.82985 -7.85 0.847059
    endloop
  endfacet
  facet normal -0.998701 -0 -0.0509541
    outer loop
      vertex -1.83 -7.85 0.849999
      vertex -1.82985 -8.15 0.847059
      vertex -1.83 -8.15 0.849999
    endloop
  endfacet
  facet normal -0.740554 0 0.671997
    outer loop
      vertex -1.82319 -8.15 0.869031
      vertex -1.82121 -7.85 0.871213
      vertex -1.82319 -7.85 0.869031
    endloop
  endfacet
  facet normal -0.740554 0 0.671997
    outer loop
      vertex -1.82121 -7.85 0.871213
      vertex -1.82319 -8.15 0.869031
      vertex -1.82121 -8.15 0.871213
    endloop
  endfacet
  facet normal -0.596512 0 -0.802604
    outer loop
      vertex -1.81903 -8.15 0.826809
      vertex -1.81667 -7.85 0.825055
      vertex -1.81667 -8.15 0.825055
    endloop
  endfacet
  facet normal -0.596512 0 -0.802604
    outer loop
      vertex -1.81667 -7.85 0.825055
      vertex -1.81903 -8.15 0.826809
      vertex -1.81903 -7.85 0.826809
    endloop
  endfacet
  facet normal 0.671776 0 0.740754
    outer loop
      vertex -1.78097 -7.85 0.87319
      vertex -1.77879 -8.15 0.871213
      vertex -1.77879 -7.85 0.871213
    endloop
  endfacet
  facet normal 0.671776 0 0.740754
    outer loop
      vertex -1.77879 -8.15 0.871213
      vertex -1.78097 -7.85 0.87319
      vertex -1.78097 -8.15 0.87319
    endloop
  endfacet
  facet normal 0.337154 0 -0.941449
    outer loop
      vertex -1.79129 -8.15 0.821291
      vertex -1.78852 -7.85 0.822283
      vertex -1.78852 -8.15 0.822283
    endloop
  endfacet
  facet normal 0.337154 0 -0.941449
    outer loop
      vertex -1.78852 -7.85 0.822283
      vertex -1.79129 -8.15 0.821291
      vertex -1.79129 -7.85 0.821291
    endloop
  endfacet
  facet normal -0.146844 0 -0.98916
    outer loop
      vertex -1.80585 -8.15 0.820576
      vertex -1.80294 -7.85 0.820144
      vertex -1.80294 -8.15 0.820144
    endloop
  endfacet
  facet normal -0.146844 0 -0.98916
    outer loop
      vertex -1.80294 -7.85 0.820144
      vertex -1.80585 -8.15 0.820576
      vertex -1.80585 -7.85 0.820576
    endloop
  endfacet
  facet normal -0.941742 0 0.336336
    outer loop
      vertex -1.82871 -8.15 0.858708
      vertex -1.82772 -7.85 0.86148
      vertex -1.82871 -7.85 0.858708
    endloop
  endfacet
  facet normal -0.941742 0 0.336336
    outer loop
      vertex -1.82772 -7.85 0.86148
      vertex -1.82871 -8.15 0.858708
      vertex -1.82772 -8.15 0.86148
    endloop
  endfacet
  facet normal 0.0489209 0 0.998803
    outer loop
      vertex -1.8 -7.85 0.879999
      vertex -1.79706 -8.15 0.879855
      vertex -1.79706 -7.85 0.879855
    endloop
  endfacet
  facet normal 0.0489209 0 0.998803
    outer loop
      vertex -1.79706 -8.15 0.879855
      vertex -1.8 -7.85 0.879999
      vertex -1.8 -8.15 0.879999
    endloop
  endfacet
  facet normal 0.856834 -0 0.515593
    outer loop
      vertex -1.77506 -8.15 0.866667
      vertex -1.77354 -7.85 0.864141
      vertex -1.77506 -7.85 0.866667
    endloop
  endfacet
  facet normal 0.856834 0 0.515593
    outer loop
      vertex -1.77354 -7.85 0.864141
      vertex -1.77506 -8.15 0.866667
      vertex -1.77354 -8.15 0.864141
    endloop
  endfacet
  facet normal 0.998868 0 -0.0475651
    outer loop
      vertex -1.77 -8.15 0.849999
      vertex -1.77014 -7.85 0.847059
      vertex -1.77 -7.85 0.849999
    endloop
  endfacet
  facet normal 0.998868 0 -0.0475651
    outer loop
      vertex -1.77014 -7.85 0.847059
      vertex -1.77 -8.15 0.849999
      vertex -1.77014 -8.15 0.847059
    endloop
  endfacet
  facet normal 0.596512 0 -0.802604
    outer loop
      vertex -1.78333 -8.15 0.825055
      vertex -1.78097 -7.85 0.826809
      vertex -1.78097 -8.15 0.826809
    endloop
  endfacet
  facet normal 0.596512 0 -0.802604
    outer loop
      vertex -1.78097 -7.85 0.826809
      vertex -1.78333 -8.15 0.825055
      vertex -1.78333 -7.85 0.825055
    endloop
  endfacet
  facet normal 0.242536 0 0.970143
    outer loop
      vertex -1.79415 -7.85 0.879423
      vertex -1.79129 -8.15 0.878708
      vertex -1.79129 -7.85 0.878708
    endloop
  endfacet
  facet normal 0.242536 0 0.970143
    outer loop
      vertex -1.79129 -8.15 0.878708
      vertex -1.79415 -7.85 0.879423
      vertex -1.79415 -8.15 0.879423
    endloop
  endfacet
  facet normal -0.989273 0 0.146081
    outer loop
      vertex -1.82985 -8.15 0.85294
      vertex -1.82942 -7.85 0.855852
      vertex -1.82985 -7.85 0.85294
    endloop
  endfacet
  facet normal -0.989273 0 0.146081
    outer loop
      vertex -1.82942 -7.85 0.855852
      vertex -1.82985 -8.15 0.85294
      vertex -1.82942 -8.15 0.855852
    endloop
  endfacet
  facet normal 0.146844 0 -0.98916
    outer loop
      vertex -1.79706 -8.15 0.820144
      vertex -1.79415 -7.85 0.820576
      vertex -1.79415 -8.15 0.820576
    endloop
  endfacet
  facet normal 0.146844 0 -0.98916
    outer loop
      vertex -1.79415 -7.85 0.820576
      vertex -1.79706 -8.15 0.820144
      vertex -1.79706 -7.85 0.820144
    endloop
  endfacet
  facet normal -0.671776 0 -0.740754
    outer loop
      vertex -1.82121 -8.15 0.828786
      vertex -1.81903 -7.85 0.826809
      vertex -1.81903 -8.15 0.826809
    endloop
  endfacet
  facet normal -0.671776 0 -0.740754
    outer loop
      vertex -1.81903 -7.85 0.826809
      vertex -1.82121 -8.15 0.828786
      vertex -1.82121 -7.85 0.828786
    endloop
  endfacet
  facet normal 0.941742 0 -0.336336
    outer loop
      vertex -1.77129 -8.15 0.841291
      vertex -1.77228 -7.85 0.838519
      vertex -1.77129 -7.85 0.841291
    endloop
  endfacet
  facet normal 0.941742 0 -0.336336
    outer loop
      vertex -1.77228 -7.85 0.838519
      vertex -1.77129 -8.15 0.841291
      vertex -1.77228 -8.15 0.838519
    endloop
  endfacet
  facet normal 0.9038 -0 0.427955
    outer loop
      vertex -1.77354 -8.15 0.864141
      vertex -1.77228 -7.85 0.86148
      vertex -1.77354 -7.85 0.864141
    endloop
  endfacet
  facet normal 0.9038 0 0.427955
    outer loop
      vertex -1.77228 -7.85 0.86148
      vertex -1.77354 -8.15 0.864141
      vertex -1.77228 -8.15 0.86148
    endloop
  endfacet
  facet normal 0.803738 0 -0.594984
    outer loop
      vertex -1.77506 -8.15 0.833332
      vertex -1.77681 -7.85 0.830968
      vertex -1.77506 -7.85 0.833332
    endloop
  endfacet
  facet normal 0.803738 0 -0.594984
    outer loop
      vertex -1.77681 -7.85 0.830968
      vertex -1.77506 -8.15 0.833332
      vertex -1.77681 -8.15 0.830968
    endloop
  endfacet
  facet normal -0.803738 0 -0.594984
    outer loop
      vertex -1.82319 -8.15 0.830968
      vertex -1.82494 -7.85 0.833332
      vertex -1.82319 -7.85 0.830968
    endloop
  endfacet
  facet normal -0.803738 -0 -0.594984
    outer loop
      vertex -1.82494 -7.85 0.833332
      vertex -1.82319 -8.15 0.830968
      vertex -1.82494 -8.15 0.833332
    endloop
  endfacet
  facet normal -0.856744 0 -0.515743
    outer loop
      vertex -1.82494 -8.15 0.833332
      vertex -1.82646 -7.85 0.835857
      vertex -1.82494 -7.85 0.833332
    endloop
  endfacet
  facet normal -0.856744 -0 -0.515743
    outer loop
      vertex -1.82646 -7.85 0.835857
      vertex -1.82494 -8.15 0.833332
      vertex -1.82646 -8.15 0.835857
    endloop
  endfacet
  facet normal -0.803738 0 0.594984
    outer loop
      vertex -1.82494 -8.15 0.866667
      vertex -1.82319 -7.85 0.869031
      vertex -1.82494 -7.85 0.866667
    endloop
  endfacet
  facet normal -0.803738 0 0.594984
    outer loop
      vertex -1.82319 -7.85 0.869031
      vertex -1.82494 -8.15 0.866667
      vertex -1.82319 -8.15 0.869031
    endloop
  endfacet
  facet normal 0.740554 0 -0.671997
    outer loop
      vertex -1.77681 -8.15 0.830968
      vertex -1.77879 -7.85 0.828786
      vertex -1.77681 -7.85 0.830968
    endloop
  endfacet
  facet normal 0.740554 0 -0.671997
    outer loop
      vertex -1.77879 -7.85 0.828786
      vertex -1.77681 -8.15 0.830968
      vertex -1.77879 -8.15 0.828786
    endloop
  endfacet
  facet normal 0.740554 -0 0.671997
    outer loop
      vertex -1.77879 -8.15 0.871213
      vertex -1.77681 -7.85 0.869031
      vertex -1.77879 -7.85 0.871213
    endloop
  endfacet
  facet normal 0.740554 0 0.671997
    outer loop
      vertex -1.77681 -7.85 0.869031
      vertex -1.77879 -8.15 0.871213
      vertex -1.77681 -8.15 0.869031
    endloop
  endfacet
  facet normal -0.903862 0 -0.427824
    outer loop
      vertex -1.82646 -8.15 0.835857
      vertex -1.82772 -7.85 0.838519
      vertex -1.82646 -7.85 0.835857
    endloop
  endfacet
  facet normal -0.903862 -0 -0.427824
    outer loop
      vertex -1.82772 -7.85 0.838519
      vertex -1.82646 -8.15 0.835857
      vertex -1.82772 -8.15 0.838519
    endloop
  endfacet
  facet normal -0.970461 0 0.241256
    outer loop
      vertex -1.82942 -8.15 0.855852
      vertex -1.82871 -7.85 0.858708
      vertex -1.82942 -7.85 0.855852
    endloop
  endfacet
  facet normal -0.970461 0 0.241256
    outer loop
      vertex -1.82871 -7.85 0.858708
      vertex -1.82942 -8.15 0.855852
      vertex -1.82871 -8.15 0.858708
    endloop
  endfacet
  facet normal -0.427809 0 -0.903869
    outer loop
      vertex -1.81414 -8.15 0.823542
      vertex -1.81148 -7.85 0.822283
      vertex -1.81148 -8.15 0.822283
    endloop
  endfacet
  facet normal -0.427809 0 -0.903869
    outer loop
      vertex -1.81148 -7.85 0.822283
      vertex -1.81414 -8.15 0.823542
      vertex -1.81414 -7.85 0.823542
    endloop
  endfacet
  facet normal -0.0489209 0 -0.998803
    outer loop
      vertex -1.80294 -8.15 0.820144
      vertex -1.8 -7.85 0.82
      vertex -1.8 -8.15 0.82
    endloop
  endfacet
  facet normal -0.0489209 0 -0.998803
    outer loop
      vertex -1.8 -7.85 0.82
      vertex -1.80294 -8.15 0.820144
      vertex -1.80294 -7.85 0.820144
    endloop
  endfacet
  facet normal -0.596512 0 0.802604
    outer loop
      vertex -1.81903 -7.85 0.87319
      vertex -1.81667 -8.15 0.874944
      vertex -1.81667 -7.85 0.874944
    endloop
  endfacet
  facet normal -0.596512 0 0.802604
    outer loop
      vertex -1.81667 -8.15 0.874944
      vertex -1.81903 -7.85 0.87319
      vertex -1.81903 -8.15 0.87319
    endloop
  endfacet
  facet normal 0.513248 0 -0.85824
    outer loop
      vertex -1.78586 -8.15 0.823542
      vertex -1.78333 -7.85 0.825055
      vertex -1.78333 -8.15 0.825055
    endloop
  endfacet
  facet normal 0.513248 0 -0.85824
    outer loop
      vertex -1.78333 -7.85 0.825055
      vertex -1.78586 -8.15 0.823542
      vertex -1.78586 -7.85 0.823542
    endloop
  endfacet
  facet normal -0.998702 0 0.0509369
    outer loop
      vertex -1.83 -8.15 0.849999
      vertex -1.82985 -7.85 0.85294
      vertex -1.83 -7.85 0.849999
    endloop
  endfacet
  facet normal -0.998702 0 0.0509369
    outer loop
      vertex -1.82985 -7.85 0.85294
      vertex -1.83 -8.15 0.849999
      vertex -1.82985 -8.15 0.85294
    endloop
  endfacet
  facet normal -0.337154 0 -0.941449
    outer loop
      vertex -1.81148 -8.15 0.822283
      vertex -1.80871 -7.85 0.821291
      vertex -1.80871 -8.15 0.821291
    endloop
  endfacet
  facet normal -0.337154 0 -0.941449
    outer loop
      vertex -1.80871 -7.85 0.821291
      vertex -1.81148 -8.15 0.822283
      vertex -1.81148 -7.85 0.822283
    endloop
  endfacet
  facet normal -0.9038 0 0.427955
    outer loop
      vertex -1.82772 -8.15 0.86148
      vertex -1.82646 -7.85 0.864141
      vertex -1.82772 -7.85 0.86148
    endloop
  endfacet
  facet normal -0.9038 0 0.427955
    outer loop
      vertex -1.82646 -7.85 0.864141
      vertex -1.82772 -8.15 0.86148
      vertex -1.82646 -8.15 0.864141
    endloop
  endfacet
  facet normal 0 1 0
    outer loop
      vertex -1.79706 -7.85 0.879855
      vertex -1.80294 -7.85 0.879855
      vertex -1.8 -7.85 0.879999
    endloop
  endfacet
  facet normal 0 1 0
    outer loop
      vertex -1.79415 -7.85 0.879423
      vertex -1.80294 -7.85 0.879855
      vertex -1.79706 -7.85 0.879855
    endloop
  endfacet
  facet normal 0 1 0
    outer loop
      vertex -1.79415 -7.85 0.879423
      vertex -1.80585 -7.85 0.879423
      vertex -1.80294 -7.85 0.879855
    endloop
  endfacet
  facet normal 0 1 0
    outer loop
      vertex -1.79129 -7.85 0.878708
      vertex -1.80585 -7.85 0.879423
      vertex -1.79415 -7.85 0.879423
    endloop
  endfacet
  facet normal 0 1 0
    outer loop
      vertex -1.79129 -7.85 0.878708
      vertex -1.80871 -7.85 0.878708
      vertex -1.80585 -7.85 0.879423
    endloop
  endfacet
  facet normal 0 1 0
    outer loop
      vertex -1.78852 -7.85 0.877716
      vertex -1.80871 -7.85 0.878708
      vertex -1.79129 -7.85 0.878708
    endloop
  endfacet
  facet normal 0 1 0
    outer loop
      vertex -1.78852 -7.85 0.877716
      vertex -1.81148 -7.85 0.877716
      vertex -1.80871 -7.85 0.878708
    endloop
  endfacet
  facet normal 0 1 0
    outer loop
      vertex -1.78586 -7.85 0.876457
      vertex -1.81148 -7.85 0.877716
      vertex -1.78852 -7.85 0.877716
    endloop
  endfacet
  facet normal 0 1 0
    outer loop
      vertex -1.78586 -7.85 0.876457
      vertex -1.81414 -7.85 0.876457
      vertex -1.81148 -7.85 0.877716
    endloop
  endfacet
  facet normal 0 1 0
    outer loop
      vertex -1.78333 -7.85 0.874944
      vertex -1.81414 -7.85 0.876457
      vertex -1.78586 -7.85 0.876457
    endloop
  endfacet
  facet normal 0 1 0
    outer loop
      vertex -1.78333 -7.85 0.874944
      vertex -1.81667 -7.85 0.874944
      vertex -1.81414 -7.85 0.876457
    endloop
  endfacet
  facet normal 0 1 0
    outer loop
      vertex -1.78097 -7.85 0.87319
      vertex -1.81667 -7.85 0.874944
      vertex -1.78333 -7.85 0.874944
    endloop
  endfacet
  facet normal 0 1 0
    outer loop
      vertex -1.78097 -7.85 0.87319
      vertex -1.81903 -7.85 0.87319
      vertex -1.81667 -7.85 0.874944
    endloop
  endfacet
  facet normal 0 1 0
    outer loop
      vertex -1.77879 -7.85 0.871213
      vertex -1.81903 -7.85 0.87319
      vertex -1.78097 -7.85 0.87319
    endloop
  endfacet
  facet normal 0 1 0
    outer loop
      vertex -1.77879 -7.85 0.871213
      vertex -1.82121 -7.85 0.871213
      vertex -1.81903 -7.85 0.87319
    endloop
  endfacet
  facet normal 0 1 0
    outer loop
      vertex -1.77681 -7.85 0.869031
      vertex -1.82121 -7.85 0.871213
      vertex -1.77879 -7.85 0.871213
    endloop
  endfacet
  facet normal 0 1 0
    outer loop
      vertex -1.77681 -7.85 0.869031
      vertex -1.82319 -7.85 0.869031
      vertex -1.82121 -7.85 0.871213
    endloop
  endfacet
  facet normal 0 1 0
    outer loop
      vertex -1.77506 -7.85 0.866667
      vertex -1.82319 -7.85 0.869031
      vertex -1.77681 -7.85 0.869031
    endloop
  endfacet
  facet normal 0 1 0
    outer loop
      vertex -1.77506 -7.85 0.866667
      vertex -1.82494 -7.85 0.866667
      vertex -1.82319 -7.85 0.869031
    endloop
  endfacet
  facet normal 0 1 0
    outer loop
      vertex -1.77354 -7.85 0.864141
      vertex -1.82494 -7.85 0.866667
      vertex -1.77506 -7.85 0.866667
    endloop
  endfacet
  facet normal 0 1 0
    outer loop
      vertex -1.77354 -7.85 0.864141
      vertex -1.82646 -7.85 0.864141
      vertex -1.82494 -7.85 0.866667
    endloop
  endfacet
  facet normal 0 1 0
    outer loop
      vertex -1.77228 -7.85 0.86148
      vertex -1.82646 -7.85 0.864141
      vertex -1.77354 -7.85 0.864141
    endloop
  endfacet
  facet normal 0 1 0
    outer loop
      vertex -1.77228 -7.85 0.86148
      vertex -1.82772 -7.85 0.86148
      vertex -1.82646 -7.85 0.864141
    endloop
  endfacet
  facet normal 0 1 0
    outer loop
      vertex -1.77129 -7.85 0.858708
      vertex -1.82772 -7.85 0.86148
      vertex -1.77228 -7.85 0.86148
    endloop
  endfacet
  facet normal 0 1 0
    outer loop
      vertex -1.77129 -7.85 0.858708
      vertex -1.82871 -7.85 0.858708
      vertex -1.82772 -7.85 0.86148
    endloop
  endfacet
  facet normal 0 1 0
    outer loop
      vertex -1.77058 -7.85 0.855852
      vertex -1.82871 -7.85 0.858708
      vertex -1.77129 -7.85 0.858708
    endloop
  endfacet
  facet normal 0 1 0
    outer loop
      vertex -1.77058 -7.85 0.855852
      vertex -1.82942 -7.85 0.855852
      vertex -1.82871 -7.85 0.858708
    endloop
  endfacet
  facet normal 0 1 0
    outer loop
      vertex -1.77014 -7.85 0.85294
      vertex -1.82942 -7.85 0.855852
      vertex -1.77058 -7.85 0.855852
    endloop
  endfacet
  facet normal 0 1 0
    outer loop
      vertex -1.77014 -7.85 0.85294
      vertex -1.82985 -7.85 0.85294
      vertex -1.82942 -7.85 0.855852
    endloop
  endfacet
  facet normal 0 1 0
    outer loop
      vertex -1.77 -7.85 0.849999
      vertex -1.82985 -7.85 0.85294
      vertex -1.77014 -7.85 0.85294
    endloop
  endfacet
  facet normal 0 1 0
    outer loop
      vertex -1.77 -7.85 0.849999
      vertex -1.83 -7.85 0.849999
      vertex -1.82985 -7.85 0.85294
    endloop
  endfacet
  facet normal 0 1 -0
    outer loop
      vertex -1.77014 -7.85 0.847059
      vertex -1.83 -7.85 0.849999
      vertex -1.77 -7.85 0.849999
    endloop
  endfacet
  facet normal 0 1 0
    outer loop
      vertex -1.77014 -7.85 0.847059
      vertex -1.82985 -7.85 0.847059
      vertex -1.83 -7.85 0.849999
    endloop
  endfacet
  facet normal 0 1 -0
    outer loop
      vertex -1.77058 -7.85 0.844147
      vertex -1.82985 -7.85 0.847059
      vertex -1.77014 -7.85 0.847059
    endloop
  endfacet
  facet normal 0 1 0
    outer loop
      vertex -1.77058 -7.85 0.844147
      vertex -1.82942 -7.85 0.844147
      vertex -1.82985 -7.85 0.847059
    endloop
  endfacet
  facet normal 0 1 -0
    outer loop
      vertex -1.77129 -7.85 0.841291
      vertex -1.82942 -7.85 0.844147
      vertex -1.77058 -7.85 0.844147
    endloop
  endfacet
  facet normal 0 1 0
    outer loop
      vertex -1.77129 -7.85 0.841291
      vertex -1.82871 -7.85 0.841291
      vertex -1.82942 -7.85 0.844147
    endloop
  endfacet
  facet normal 0 1 -0
    outer loop
      vertex -1.77228 -7.85 0.838519
      vertex -1.82871 -7.85 0.841291
      vertex -1.77129 -7.85 0.841291
    endloop
  endfacet
  facet normal 0 1 0
    outer loop
      vertex -1.77228 -7.85 0.838519
      vertex -1.82772 -7.85 0.838519
      vertex -1.82871 -7.85 0.841291
    endloop
  endfacet
  facet normal 0 1 -0
    outer loop
      vertex -1.77354 -7.85 0.835857
      vertex -1.82772 -7.85 0.838519
      vertex -1.77228 -7.85 0.838519
    endloop
  endfacet
  facet normal 0 1 0
    outer loop
      vertex -1.77354 -7.85 0.835857
      vertex -1.82646 -7.85 0.835857
      vertex -1.82772 -7.85 0.838519
    endloop
  endfacet
  facet normal 0 1 -0
    outer loop
      vertex -1.77506 -7.85 0.833332
      vertex -1.82646 -7.85 0.835857
      vertex -1.77354 -7.85 0.835857
    endloop
  endfacet
  facet normal 0 1 0
    outer loop
      vertex -1.77506 -7.85 0.833332
      vertex -1.82494 -7.85 0.833332
      vertex -1.82646 -7.85 0.835857
    endloop
  endfacet
  facet normal 0 1 -0
    outer loop
      vertex -1.77681 -7.85 0.830968
      vertex -1.82494 -7.85 0.833332
      vertex -1.77506 -7.85 0.833332
    endloop
  endfacet
  facet normal 0 1 0
    outer loop
      vertex -1.77681 -7.85 0.830968
      vertex -1.82319 -7.85 0.830968
      vertex -1.82494 -7.85 0.833332
    endloop
  endfacet
  facet normal 0 1 -0
    outer loop
      vertex -1.77879 -7.85 0.828786
      vertex -1.82319 -7.85 0.830968
      vertex -1.77681 -7.85 0.830968
    endloop
  endfacet
  facet normal 0 1 0
    outer loop
      vertex -1.77879 -7.85 0.828786
      vertex -1.82121 -7.85 0.828786
      vertex -1.82319 -7.85 0.830968
    endloop
  endfacet
  facet normal 0 1 -0
    outer loop
      vertex -1.78097 -7.85 0.826809
      vertex -1.82121 -7.85 0.828786
      vertex -1.77879 -7.85 0.828786
    endloop
  endfacet
  facet normal 0 1 0
    outer loop
      vertex -1.78097 -7.85 0.826809
      vertex -1.81903 -7.85 0.826809
      vertex -1.82121 -7.85 0.828786
    endloop
  endfacet
  facet normal 0 1 -0
    outer loop
      vertex -1.78333 -7.85 0.825055
      vertex -1.81903 -7.85 0.826809
      vertex -1.78097 -7.85 0.826809
    endloop
  endfacet
  facet normal 0 1 0
    outer loop
      vertex -1.78333 -7.85 0.825055
      vertex -1.81667 -7.85 0.825055
      vertex -1.81903 -7.85 0.826809
    endloop
  endfacet
  facet normal 0 1 -0
    outer loop
      vertex -1.78586 -7.85 0.823542
      vertex -1.81667 -7.85 0.825055
      vertex -1.78333 -7.85 0.825055
    endloop
  endfacet
  facet normal 0 1 0
    outer loop
      vertex -1.78586 -7.85 0.823542
      vertex -1.81414 -7.85 0.823542
      vertex -1.81667 -7.85 0.825055
    endloop
  endfacet
  facet normal 0 1 -0
    outer loop
      vertex -1.78852 -7.85 0.822283
      vertex -1.81414 -7.85 0.823542
      vertex -1.78586 -7.85 0.823542
    endloop
  endfacet
  facet normal 0 1 0
    outer loop
      vertex -1.78852 -7.85 0.822283
      vertex -1.81148 -7.85 0.822283
      vertex -1.81414 -7.85 0.823542
    endloop
  endfacet
  facet normal 0 1 -0
    outer loop
      vertex -1.79129 -7.85 0.821291
      vertex -1.81148 -7.85 0.822283
      vertex -1.78852 -7.85 0.822283
    endloop
  endfacet
  facet normal 0 1 0
    outer loop
      vertex -1.79129 -7.85 0.821291
      vertex -1.80871 -7.85 0.821291
      vertex -1.81148 -7.85 0.822283
    endloop
  endfacet
  facet normal 0 1 -0
    outer loop
      vertex -1.79415 -7.85 0.820576
      vertex -1.80871 -7.85 0.821291
      vertex -1.79129 -7.85 0.821291
    endloop
  endfacet
  facet normal 0 1 0
    outer loop
      vertex -1.79415 -7.85 0.820576
      vertex -1.80585 -7.85 0.820576
      vertex -1.80871 -7.85 0.821291
    endloop
  endfacet
  facet normal 0 1 -0
    outer loop
      vertex -1.79706 -7.85 0.820144
      vertex -1.80585 -7.85 0.820576
      vertex -1.79415 -7.85 0.820576
    endloop
  endfacet
  facet normal 0 1 0
    outer loop
      vertex -1.79706 -7.85 0.820144
      vertex -1.80294 -7.85 0.820144
      vertex -1.80585 -7.85 0.820576
    endloop
  endfacet
  facet normal -0 1 0
    outer loop
      vertex -1.80294 -7.85 0.820144
      vertex -1.79706 -7.85 0.820144
      vertex -1.8 -7.85 0.82
    endloop
  endfacet
  facet normal 0.988776 -0 0.149403
    outer loop
      vertex -1.07058 -8.15 0.855852
      vertex -1.07014 -7.85 0.85294
      vertex -1.07058 -7.85 0.855852
    endloop
  endfacet
  facet normal 0.988776 0 0.149403
    outer loop
      vertex -1.07014 -7.85 0.85294
      vertex -1.07058 -8.15 0.855852
      vertex -1.07014 -8.15 0.85294
    endloop
  endfacet
  facet normal 0.998869 -0 0.047549
    outer loop
      vertex -1.07014 -8.15 0.85294
      vertex -1.07 -7.85 0.849999
      vertex -1.07014 -7.85 0.85294
    endloop
  endfacet
  facet normal 0.998869 0 0.047549
    outer loop
      vertex -1.07 -7.85 0.849999
      vertex -1.07014 -8.15 0.85294
      vertex -1.07 -8.15 0.849999
    endloop
  endfacet
  facet normal 0.970461 -0 0.241256
    outer loop
      vertex -1.07129 -8.15 0.858708
      vertex -1.07058 -7.85 0.855852
      vertex -1.07129 -7.85 0.858708
    endloop
  endfacet
  facet normal 0.970461 0 0.241256
    outer loop
      vertex -1.07058 -7.85 0.855852
      vertex -1.07129 -8.15 0.858708
      vertex -1.07058 -8.15 0.855852
    endloop
  endfacet
  facet normal 0.513248 0 0.85824
    outer loop
      vertex -1.08586 -7.85 0.876457
      vertex -1.08333 -8.15 0.874944
      vertex -1.08333 -7.85 0.874944
    endloop
  endfacet
  facet normal 0.513248 0 0.85824
    outer loop
      vertex -1.08333 -8.15 0.874944
      vertex -1.08586 -7.85 0.876457
      vertex -1.08586 -8.15 0.876457
    endloop
  endfacet
  facet normal 0.337154 0 -0.941449
    outer loop
      vertex -1.09129 -8.15 0.821291
      vertex -1.08852 -7.85 0.822283
      vertex -1.08852 -8.15 0.822283
    endloop
  endfacet
  facet normal 0.337154 0 -0.941449
    outer loop
      vertex -1.08852 -7.85 0.822283
      vertex -1.09129 -8.15 0.821291
      vertex -1.09129 -7.85 0.821291
    endloop
  endfacet
  facet normal 0.427809 0 0.903869
    outer loop
      vertex -1.08852 -7.85 0.877716
      vertex -1.08586 -8.15 0.876457
      vertex -1.08586 -7.85 0.876457
    endloop
  endfacet
  facet normal 0.427809 0 0.903869
    outer loop
      vertex -1.08586 -8.15 0.876457
      vertex -1.08852 -7.85 0.877716
      vertex -1.08852 -8.15 0.877716
    endloop
  endfacet
  facet normal 0.146844 0 -0.98916
    outer loop
      vertex -1.09706 -8.15 0.820144
      vertex -1.09415 -7.85 0.820576
      vertex -1.09415 -8.15 0.820576
    endloop
  endfacet
  facet normal 0.146844 0 -0.98916
    outer loop
      vertex -1.09415 -7.85 0.820576
      vertex -1.09706 -8.15 0.820144
      vertex -1.09706 -7.85 0.820144
    endloop
  endfacet
  facet normal 0.146844 0 0.98916
    outer loop
      vertex -1.09706 -7.85 0.879855
      vertex -1.09415 -8.15 0.879423
      vertex -1.09415 -7.85 0.879423
    endloop
  endfacet
  facet normal 0.146844 0 0.98916
    outer loop
      vertex -1.09415 -8.15 0.879423
      vertex -1.09706 -7.85 0.879855
      vertex -1.09706 -8.15 0.879855
    endloop
  endfacet
  facet normal -0.941742 0 -0.336336
    outer loop
      vertex -1.12772 -8.15 0.838519
      vertex -1.12871 -7.85 0.841291
      vertex -1.12772 -7.85 0.838519
    endloop
  endfacet
  facet normal -0.941742 -0 -0.336336
    outer loop
      vertex -1.12871 -7.85 0.841291
      vertex -1.12772 -8.15 0.838519
      vertex -1.12871 -8.15 0.841291
    endloop
  endfacet
  facet normal 0.740554 0 -0.671997
    outer loop
      vertex -1.07681 -8.15 0.830968
      vertex -1.07879 -7.85 0.828786
      vertex -1.07681 -7.85 0.830968
    endloop
  endfacet
  facet normal 0.740554 0 -0.671997
    outer loop
      vertex -1.07879 -7.85 0.828786
      vertex -1.07681 -8.15 0.830968
      vertex -1.07879 -8.15 0.828786
    endloop
  endfacet
  facet normal -0.803738 0 -0.594984
    outer loop
      vertex -1.12319 -8.15 0.830968
      vertex -1.12494 -7.85 0.833332
      vertex -1.12319 -7.85 0.830968
    endloop
  endfacet
  facet normal -0.803738 -0 -0.594984
    outer loop
      vertex -1.12494 -7.85 0.833332
      vertex -1.12319 -8.15 0.830968
      vertex -1.12494 -8.15 0.833332
    endloop
  endfacet
  facet normal 0.941742 0 -0.336336
    outer loop
      vertex -1.07129 -8.15 0.841291
      vertex -1.07228 -7.85 0.838519
      vertex -1.07129 -7.85 0.841291
    endloop
  endfacet
  facet normal 0.941742 0 -0.336336
    outer loop
      vertex -1.07228 -7.85 0.838519
      vertex -1.07129 -8.15 0.841291
      vertex -1.07228 -8.15 0.838519
    endloop
  endfacet
  facet normal 0.427809 0 -0.903869
    outer loop
      vertex -1.08852 -8.15 0.822283
      vertex -1.08586 -7.85 0.823542
      vertex -1.08586 -8.15 0.823542
    endloop
  endfacet
  facet normal 0.427809 0 -0.903869
    outer loop
      vertex -1.08586 -7.85 0.823542
      vertex -1.08852 -8.15 0.822283
      vertex -1.08852 -7.85 0.822283
    endloop
  endfacet
  facet normal 0.941742 -0 0.336336
    outer loop
      vertex -1.07228 -8.15 0.86148
      vertex -1.07129 -7.85 0.858708
      vertex -1.07228 -7.85 0.86148
    endloop
  endfacet
  facet normal 0.941742 0 0.336336
    outer loop
      vertex -1.07129 -7.85 0.858708
      vertex -1.07228 -8.15 0.86148
      vertex -1.07129 -8.15 0.858708
    endloop
  endfacet
  facet normal 0.803738 0 -0.594984
    outer loop
      vertex -1.07506 -8.15 0.833332
      vertex -1.07681 -7.85 0.830968
      vertex -1.07506 -7.85 0.833332
    endloop
  endfacet
  facet normal 0.803738 0 -0.594984
    outer loop
      vertex -1.07681 -7.85 0.830968
      vertex -1.07506 -8.15 0.833332
      vertex -1.07681 -8.15 0.830968
    endloop
  endfacet
  facet normal 0.988776 0 -0.149403
    outer loop
      vertex -1.07014 -8.15 0.847059
      vertex -1.07058 -7.85 0.844147
      vertex -1.07014 -7.85 0.847059
    endloop
  endfacet
  facet normal 0.988776 0 -0.149403
    outer loop
      vertex -1.07058 -7.85 0.844147
      vertex -1.07014 -8.15 0.847059
      vertex -1.07058 -8.15 0.844147
    endloop
  endfacet
  facet normal -0.856744 0 -0.515743
    outer loop
      vertex -1.12494 -8.15 0.833332
      vertex -1.12646 -7.85 0.835857
      vertex -1.12494 -7.85 0.833332
    endloop
  endfacet
  facet normal -0.856744 -0 -0.515743
    outer loop
      vertex -1.12646 -7.85 0.835857
      vertex -1.12494 -8.15 0.833332
      vertex -1.12646 -8.15 0.835857
    endloop
  endfacet
  facet normal -0.513248 0 0.85824
    outer loop
      vertex -1.11667 -7.85 0.874944
      vertex -1.11414 -8.15 0.876457
      vertex -1.11414 -7.85 0.876457
    endloop
  endfacet
  facet normal -0.513248 0 0.85824
    outer loop
      vertex -1.11414 -8.15 0.876457
      vertex -1.11667 -7.85 0.874944
      vertex -1.11667 -8.15 0.874944
    endloop
  endfacet
  facet normal 0.856834 -0 0.515593
    outer loop
      vertex -1.07506 -8.15 0.866667
      vertex -1.07354 -7.85 0.864141
      vertex -1.07506 -7.85 0.866667
    endloop
  endfacet
  facet normal 0.856834 0 0.515593
    outer loop
      vertex -1.07354 -7.85 0.864141
      vertex -1.07506 -8.15 0.866667
      vertex -1.07354 -8.15 0.864141
    endloop
  endfacet
  facet normal -0.596512 0 0.802604
    outer loop
      vertex -1.11903 -7.85 0.87319
      vertex -1.11667 -8.15 0.874944
      vertex -1.11667 -7.85 0.874944
    endloop
  endfacet
  facet normal -0.596512 0 0.802604
    outer loop
      vertex -1.11667 -8.15 0.874944
      vertex -1.11903 -7.85 0.87319
      vertex -1.11903 -8.15 0.87319
    endloop
  endfacet
  facet normal -0.740554 0 0.671997
    outer loop
      vertex -1.12319 -8.15 0.869031
      vertex -1.12121 -7.85 0.871213
      vertex -1.12319 -7.85 0.869031
    endloop
  endfacet
  facet normal -0.740554 0 0.671997
    outer loop
      vertex -1.12121 -7.85 0.871213
      vertex -1.12319 -8.15 0.869031
      vertex -1.12121 -8.15 0.871213
    endloop
  endfacet
  facet normal -0.0489209 0 -0.998803
    outer loop
      vertex -1.10294 -8.15 0.820144
      vertex -1.1 -7.85 0.82
      vertex -1.1 -8.15 0.82
    endloop
  endfacet
  facet normal -0.0489209 0 -0.998803
    outer loop
      vertex -1.1 -7.85 0.82
      vertex -1.10294 -8.15 0.820144
      vertex -1.10294 -7.85 0.820144
    endloop
  endfacet
  facet normal -0.998868 0 -0.0475651
    outer loop
      vertex -1.12986 -8.15 0.847059
      vertex -1.13 -7.85 0.849999
      vertex -1.12986 -7.85 0.847059
    endloop
  endfacet
  facet normal -0.998868 -0 -0.0475651
    outer loop
      vertex -1.13 -7.85 0.849999
      vertex -1.12986 -8.15 0.847059
      vertex -1.13 -8.15 0.849999
    endloop
  endfacet
  facet normal -0.596512 0 -0.802604
    outer loop
      vertex -1.11903 -8.15 0.826809
      vertex -1.11667 -7.85 0.825055
      vertex -1.11667 -8.15 0.825055
    endloop
  endfacet
  facet normal -0.596512 0 -0.802604
    outer loop
      vertex -1.11667 -7.85 0.825055
      vertex -1.11903 -8.15 0.826809
      vertex -1.11903 -7.85 0.826809
    endloop
  endfacet
  facet normal -0.740554 0 -0.671997
    outer loop
      vertex -1.12121 -8.15 0.828786
      vertex -1.12319 -7.85 0.830968
      vertex -1.12121 -7.85 0.828786
    endloop
  endfacet
  facet normal -0.740554 -0 -0.671997
    outer loop
      vertex -1.12319 -7.85 0.830968
      vertex -1.12121 -8.15 0.828786
      vertex -1.12319 -8.15 0.830968
    endloop
  endfacet
  facet normal -0.803738 0 0.594984
    outer loop
      vertex -1.12494 -8.15 0.866667
      vertex -1.12319 -7.85 0.869031
      vertex -1.12494 -7.85 0.866667
    endloop
  endfacet
  facet normal -0.803738 0 0.594984
    outer loop
      vertex -1.12319 -7.85 0.869031
      vertex -1.12494 -8.15 0.866667
      vertex -1.12319 -8.15 0.869031
    endloop
  endfacet
  facet normal 0 1 0
    outer loop
      vertex -1.09706 -7.85 0.879855
      vertex -1.10294 -7.85 0.879855
      vertex -1.1 -7.85 0.879999
    endloop
  endfacet
  facet normal 0 1 0
    outer loop
      vertex -1.09415 -7.85 0.879423
      vertex -1.10294 -7.85 0.879855
      vertex -1.09706 -7.85 0.879855
    endloop
  endfacet
  facet normal 0 1 0
    outer loop
      vertex -1.09415 -7.85 0.879423
      vertex -1.10585 -7.85 0.879423
      vertex -1.10294 -7.85 0.879855
    endloop
  endfacet
  facet normal 0 1 0
    outer loop
      vertex -1.09129 -7.85 0.878708
      vertex -1.10585 -7.85 0.879423
      vertex -1.09415 -7.85 0.879423
    endloop
  endfacet
  facet normal 0 1 0
    outer loop
      vertex -1.09129 -7.85 0.878708
      vertex -1.10871 -7.85 0.878708
      vertex -1.10585 -7.85 0.879423
    endloop
  endfacet
  facet normal 0 1 0
    outer loop
      vertex -1.08852 -7.85 0.877716
      vertex -1.10871 -7.85 0.878708
      vertex -1.09129 -7.85 0.878708
    endloop
  endfacet
  facet normal 0 1 0
    outer loop
      vertex -1.08852 -7.85 0.877716
      vertex -1.11148 -7.85 0.877716
      vertex -1.10871 -7.85 0.878708
    endloop
  endfacet
  facet normal 0 1 0
    outer loop
      vertex -1.08586 -7.85 0.876457
      vertex -1.11148 -7.85 0.877716
      vertex -1.08852 -7.85 0.877716
    endloop
  endfacet
  facet normal 0 1 0
    outer loop
      vertex -1.08586 -7.85 0.876457
      vertex -1.11414 -7.85 0.876457
      vertex -1.11148 -7.85 0.877716
    endloop
  endfacet
  facet normal 0 1 0
    outer loop
      vertex -1.08333 -7.85 0.874944
      vertex -1.11414 -7.85 0.876457
      vertex -1.08586 -7.85 0.876457
    endloop
  endfacet
  facet normal 0 1 0
    outer loop
      vertex -1.08333 -7.85 0.874944
      vertex -1.11667 -7.85 0.874944
      vertex -1.11414 -7.85 0.876457
    endloop
  endfacet
  facet normal 0 1 0
    outer loop
      vertex -1.08097 -7.85 0.87319
      vertex -1.11667 -7.85 0.874944
      vertex -1.08333 -7.85 0.874944
    endloop
  endfacet
  facet normal 0 1 0
    outer loop
      vertex -1.08097 -7.85 0.87319
      vertex -1.11903 -7.85 0.87319
      vertex -1.11667 -7.85 0.874944
    endloop
  endfacet
  facet normal 0 1 0
    outer loop
      vertex -1.07879 -7.85 0.871213
      vertex -1.11903 -7.85 0.87319
      vertex -1.08097 -7.85 0.87319
    endloop
  endfacet
  facet normal 0 1 0
    outer loop
      vertex -1.07879 -7.85 0.871213
      vertex -1.12121 -7.85 0.871213
      vertex -1.11903 -7.85 0.87319
    endloop
  endfacet
  facet normal 0 1 0
    outer loop
      vertex -1.07681 -7.85 0.869031
      vertex -1.12121 -7.85 0.871213
      vertex -1.07879 -7.85 0.871213
    endloop
  endfacet
  facet normal 0 1 0
    outer loop
      vertex -1.07681 -7.85 0.869031
      vertex -1.12319 -7.85 0.869031
      vertex -1.12121 -7.85 0.871213
    endloop
  endfacet
  facet normal 0 1 0
    outer loop
      vertex -1.07506 -7.85 0.866667
      vertex -1.12319 -7.85 0.869031
      vertex -1.07681 -7.85 0.869031
    endloop
  endfacet
  facet normal 0 1 0
    outer loop
      vertex -1.07506 -7.85 0.866667
      vertex -1.12494 -7.85 0.866667
      vertex -1.12319 -7.85 0.869031
    endloop
  endfacet
  facet normal 0 1 0
    outer loop
      vertex -1.07354 -7.85 0.864141
      vertex -1.12494 -7.85 0.866667
      vertex -1.07506 -7.85 0.866667
    endloop
  endfacet
  facet normal 0 1 0
    outer loop
      vertex -1.07354 -7.85 0.864141
      vertex -1.12646 -7.85 0.864141
      vertex -1.12494 -7.85 0.866667
    endloop
  endfacet
  facet normal 0 1 0
    outer loop
      vertex -1.07228 -7.85 0.86148
      vertex -1.12646 -7.85 0.864141
      vertex -1.07354 -7.85 0.864141
    endloop
  endfacet
  facet normal 0 1 0
    outer loop
      vertex -1.07228 -7.85 0.86148
      vertex -1.12772 -7.85 0.86148
      vertex -1.12646 -7.85 0.864141
    endloop
  endfacet
  facet normal 0 1 0
    outer loop
      vertex -1.07129 -7.85 0.858708
      vertex -1.12772 -7.85 0.86148
      vertex -1.07228 -7.85 0.86148
    endloop
  endfacet
  facet normal 0 1 0
    outer loop
      vertex -1.07129 -7.85 0.858708
      vertex -1.12871 -7.85 0.858708
      vertex -1.12772 -7.85 0.86148
    endloop
  endfacet
  facet normal 0 1 0
    outer loop
      vertex -1.07058 -7.85 0.855852
      vertex -1.12871 -7.85 0.858708
      vertex -1.07129 -7.85 0.858708
    endloop
  endfacet
  facet normal 0 1 0
    outer loop
      vertex -1.07058 -7.85 0.855852
      vertex -1.12942 -7.85 0.855852
      vertex -1.12871 -7.85 0.858708
    endloop
  endfacet
  facet normal 0 1 0
    outer loop
      vertex -1.07014 -7.85 0.85294
      vertex -1.12942 -7.85 0.855852
      vertex -1.07058 -7.85 0.855852
    endloop
  endfacet
  facet normal 0 1 0
    outer loop
      vertex -1.07014 -7.85 0.85294
      vertex -1.12986 -7.85 0.85294
      vertex -1.12942 -7.85 0.855852
    endloop
  endfacet
  facet normal 0 1 0
    outer loop
      vertex -1.07 -7.85 0.849999
      vertex -1.12986 -7.85 0.85294
      vertex -1.07014 -7.85 0.85294
    endloop
  endfacet
  facet normal 0 1 0
    outer loop
      vertex -1.07 -7.85 0.849999
      vertex -1.13 -7.85 0.849999
      vertex -1.12986 -7.85 0.85294
    endloop
  endfacet
  facet normal 0 1 -0
    outer loop
      vertex -1.07014 -7.85 0.847059
      vertex -1.13 -7.85 0.849999
      vertex -1.07 -7.85 0.849999
    endloop
  endfacet
  facet normal 0 1 0
    outer loop
      vertex -1.07014 -7.85 0.847059
      vertex -1.12986 -7.85 0.847059
      vertex -1.13 -7.85 0.849999
    endloop
  endfacet
  facet normal 0 1 -0
    outer loop
      vertex -1.07058 -7.85 0.844147
      vertex -1.12986 -7.85 0.847059
      vertex -1.07014 -7.85 0.847059
    endloop
  endfacet
  facet normal 0 1 0
    outer loop
      vertex -1.07058 -7.85 0.844147
      vertex -1.12942 -7.85 0.844147
      vertex -1.12986 -7.85 0.847059
    endloop
  endfacet
  facet normal 0 1 -0
    outer loop
      vertex -1.07129 -7.85 0.841291
      vertex -1.12942 -7.85 0.844147
      vertex -1.07058 -7.85 0.844147
    endloop
  endfacet
  facet normal 0 1 0
    outer loop
      vertex -1.07129 -7.85 0.841291
      vertex -1.12871 -7.85 0.841291
      vertex -1.12942 -7.85 0.844147
    endloop
  endfacet
  facet normal 0 1 -0
    outer loop
      vertex -1.07228 -7.85 0.838519
      vertex -1.12871 -7.85 0.841291
      vertex -1.07129 -7.85 0.841291
    endloop
  endfacet
  facet normal 0 1 0
    outer loop
      vertex -1.07228 -7.85 0.838519
      vertex -1.12772 -7.85 0.838519
      vertex -1.12871 -7.85 0.841291
    endloop
  endfacet
  facet normal 0 1 -0
    outer loop
      vertex -1.07354 -7.85 0.835857
      vertex -1.12772 -7.85 0.838519
      vertex -1.07228 -7.85 0.838519
    endloop
  endfacet
  facet normal 0 1 0
    outer loop
      vertex -1.07354 -7.85 0.835857
      vertex -1.12646 -7.85 0.835857
      vertex -1.12772 -7.85 0.838519
    endloop
  endfacet
  facet normal 0 1 -0
    outer loop
      vertex -1.07506 -7.85 0.833332
      vertex -1.12646 -7.85 0.835857
      vertex -1.07354 -7.85 0.835857
    endloop
  endfacet
  facet normal 0 1 0
    outer loop
      vertex -1.07506 -7.85 0.833332
      vertex -1.12494 -7.85 0.833332
      vertex -1.12646 -7.85 0.835857
    endloop
  endfacet
  facet normal 0 1 -0
    outer loop
      vertex -1.07681 -7.85 0.830968
      vertex -1.12494 -7.85 0.833332
      vertex -1.07506 -7.85 0.833332
    endloop
  endfacet
  facet normal 0 1 0
    outer loop
      vertex -1.07681 -7.85 0.830968
      vertex -1.12319 -7.85 0.830968
      vertex -1.12494 -7.85 0.833332
    endloop
  endfacet
  facet normal 0 1 -0
    outer loop
      vertex -1.07879 -7.85 0.828786
      vertex -1.12319 -7.85 0.830968
      vertex -1.07681 -7.85 0.830968
    endloop
  endfacet
  facet normal 0 1 0
    outer loop
      vertex -1.07879 -7.85 0.828786
      vertex -1.12121 -7.85 0.828786
      vertex -1.12319 -7.85 0.830968
    endloop
  endfacet
  facet normal 0 1 -0
    outer loop
      vertex -1.08097 -7.85 0.826809
      vertex -1.12121 -7.85 0.828786
      vertex -1.07879 -7.85 0.828786
    endloop
  endfacet
  facet normal 0 1 0
    outer loop
      vertex -1.08097 -7.85 0.826809
      vertex -1.11903 -7.85 0.826809
      vertex -1.12121 -7.85 0.828786
    endloop
  endfacet
  facet normal 0 1 -0
    outer loop
      vertex -1.08333 -7.85 0.825055
      vertex -1.11903 -7.85 0.826809
      vertex -1.08097 -7.85 0.826809
    endloop
  endfacet
  facet normal 0 1 0
    outer loop
      vertex -1.08333 -7.85 0.825055
      vertex -1.11667 -7.85 0.825055
      vertex -1.11903 -7.85 0.826809
    endloop
  endfacet
  facet normal 0 1 -0
    outer loop
      vertex -1.08586 -7.85 0.823542
      vertex -1.11667 -7.85 0.825055
      vertex -1.08333 -7.85 0.825055
    endloop
  endfacet
  facet normal 0 1 0
    outer loop
      vertex -1.08586 -7.85 0.823542
      vertex -1.11414 -7.85 0.823542
      vertex -1.11667 -7.85 0.825055
    endloop
  endfacet
  facet normal 0 1 -0
    outer loop
      vertex -1.08852 -7.85 0.822283
      vertex -1.11414 -7.85 0.823542
      vertex -1.08586 -7.85 0.823542
    endloop
  endfacet
  facet normal 0 1 0
    outer loop
      vertex -1.08852 -7.85 0.822283
      vertex -1.11148 -7.85 0.822283
      vertex -1.11414 -7.85 0.823542
    endloop
  endfacet
  facet normal 0 1 -0
    outer loop
      vertex -1.09129 -7.85 0.821291
      vertex -1.11148 -7.85 0.822283
      vertex -1.08852 -7.85 0.822283
    endloop
  endfacet
  facet normal 0 1 0
    outer loop
      vertex -1.09129 -7.85 0.821291
      vertex -1.10871 -7.85 0.821291
      vertex -1.11148 -7.85 0.822283
    endloop
  endfacet
  facet normal 0 1 -0
    outer loop
      vertex -1.09415 -7.85 0.820576
      vertex -1.10871 -7.85 0.821291
      vertex -1.09129 -7.85 0.821291
    endloop
  endfacet
  facet normal 0 1 0
    outer loop
      vertex -1.09415 -7.85 0.820576
      vertex -1.10585 -7.85 0.820576
      vertex -1.10871 -7.85 0.821291
    endloop
  endfacet
  facet normal 0 1 -0
    outer loop
      vertex -1.09706 -7.85 0.820144
      vertex -1.10585 -7.85 0.820576
      vertex -1.09415 -7.85 0.820576
    endloop
  endfacet
  facet normal 0 1 0
    outer loop
      vertex -1.09706 -7.85 0.820144
      vertex -1.10294 -7.85 0.820144
      vertex -1.10585 -7.85 0.820576
    endloop
  endfacet
  facet normal -0 1 0
    outer loop
      vertex -1.10294 -7.85 0.820144
      vertex -1.09706 -7.85 0.820144
      vertex -1.1 -7.85 0.82
    endloop
  endfacet
  facet normal -0.856834 0 0.515593
    outer loop
      vertex -1.12646 -8.15 0.864141
      vertex -1.12494 -7.85 0.866667
      vertex -1.12646 -7.85 0.864141
    endloop
  endfacet
  facet normal -0.856834 0 0.515593
    outer loop
      vertex -1.12494 -7.85 0.866667
      vertex -1.12646 -8.15 0.864141
      vertex -1.12494 -8.15 0.866667
    endloop
  endfacet
  facet normal -0.337154 0 0.941449
    outer loop
      vertex -1.11148 -7.85 0.877716
      vertex -1.10871 -8.15 0.878708
      vertex -1.10871 -7.85 0.878708
    endloop
  endfacet
  facet normal -0.337154 0 0.941449
    outer loop
      vertex -1.10871 -8.15 0.878708
      vertex -1.11148 -7.85 0.877716
      vertex -1.11148 -8.15 0.877716
    endloop
  endfacet
  facet normal 0.0489209 0 0.998803
    outer loop
      vertex -1.1 -7.85 0.879999
      vertex -1.09706 -8.15 0.879855
      vertex -1.09706 -7.85 0.879855
    endloop
  endfacet
  facet normal 0.0489209 0 0.998803
    outer loop
      vertex -1.09706 -8.15 0.879855
      vertex -1.1 -7.85 0.879999
      vertex -1.1 -8.15 0.879999
    endloop
  endfacet
  facet normal -0.988776 0 0.149403
    outer loop
      vertex -1.12986 -8.15 0.85294
      vertex -1.12942 -7.85 0.855852
      vertex -1.12986 -7.85 0.85294
    endloop
  endfacet
  facet normal -0.988776 0 0.149403
    outer loop
      vertex -1.12942 -7.85 0.855852
      vertex -1.12986 -8.15 0.85294
      vertex -1.12942 -8.15 0.855852
    endloop
  endfacet
  facet normal 0.803738 -0 0.594984
    outer loop
      vertex -1.07681 -8.15 0.869031
      vertex -1.07506 -7.85 0.866667
      vertex -1.07681 -7.85 0.869031
    endloop
  endfacet
  facet normal 0.803738 0 0.594984
    outer loop
      vertex -1.07506 -7.85 0.866667
      vertex -1.07681 -8.15 0.869031
      vertex -1.07506 -8.15 0.866667
    endloop
  endfacet
  facet normal -0.941742 0 0.336336
    outer loop
      vertex -1.12871 -8.15 0.858708
      vertex -1.12772 -7.85 0.86148
      vertex -1.12871 -7.85 0.858708
    endloop
  endfacet
  facet normal -0.941742 0 0.336336
    outer loop
      vertex -1.12772 -7.85 0.86148
      vertex -1.12871 -8.15 0.858708
      vertex -1.12772 -8.15 0.86148
    endloop
  endfacet
  facet normal -0.671776 0 0.740754
    outer loop
      vertex -1.12121 -7.85 0.871213
      vertex -1.11903 -8.15 0.87319
      vertex -1.11903 -7.85 0.87319
    endloop
  endfacet
  facet normal -0.671776 0 0.740754
    outer loop
      vertex -1.11903 -8.15 0.87319
      vertex -1.12121 -7.85 0.871213
      vertex -1.12121 -8.15 0.871213
    endloop
  endfacet
  facet normal 0.596512 0 -0.802604
    outer loop
      vertex -1.08333 -8.15 0.825055
      vertex -1.08097 -7.85 0.826809
      vertex -1.08097 -8.15 0.826809
    endloop
  endfacet
  facet normal 0.596512 0 -0.802604
    outer loop
      vertex -1.08097 -7.85 0.826809
      vertex -1.08333 -8.15 0.825055
      vertex -1.08333 -7.85 0.825055
    endloop
  endfacet
  facet normal -0.513248 0 -0.85824
    outer loop
      vertex -1.11667 -8.15 0.825055
      vertex -1.11414 -7.85 0.823542
      vertex -1.11414 -8.15 0.823542
    endloop
  endfacet
  facet normal -0.513248 0 -0.85824
    outer loop
      vertex -1.11414 -7.85 0.823542
      vertex -1.11667 -8.15 0.825055
      vertex -1.11667 -7.85 0.825055
    endloop
  endfacet
  facet normal -0.988776 0 -0.149403
    outer loop
      vertex -1.12942 -8.15 0.844147
      vertex -1.12986 -7.85 0.847059
      vertex -1.12942 -7.85 0.844147
    endloop
  endfacet
  facet normal -0.988776 -0 -0.149403
    outer loop
      vertex -1.12986 -7.85 0.847059
      vertex -1.12942 -8.15 0.844147
      vertex -1.12986 -8.15 0.847059
    endloop
  endfacet
  facet normal 0.9038 -0 0.427955
    outer loop
      vertex -1.07354 -8.15 0.864141
      vertex -1.07228 -7.85 0.86148
      vertex -1.07354 -7.85 0.864141
    endloop
  endfacet
  facet normal 0.9038 0 0.427955
    outer loop
      vertex -1.07228 -7.85 0.86148
      vertex -1.07354 -8.15 0.864141
      vertex -1.07228 -8.15 0.86148
    endloop
  endfacet
  facet normal 0.856744 0 -0.515743
    outer loop
      vertex -1.07354 -8.15 0.835857
      vertex -1.07506 -7.85 0.833332
      vertex -1.07354 -7.85 0.835857
    endloop
  endfacet
  facet normal 0.856744 0 -0.515743
    outer loop
      vertex -1.07506 -7.85 0.833332
      vertex -1.07354 -8.15 0.835857
      vertex -1.07506 -8.15 0.833332
    endloop
  endfacet
  facet normal 0.242536 0 0.970143
    outer loop
      vertex -1.09415 -7.85 0.879423
      vertex -1.09129 -8.15 0.878708
      vertex -1.09129 -7.85 0.878708
    endloop
  endfacet
  facet normal 0.242536 0 0.970143
    outer loop
      vertex -1.09129 -8.15 0.878708
      vertex -1.09415 -7.85 0.879423
      vertex -1.09415 -8.15 0.879423
    endloop
  endfacet
  facet normal 0.337154 0 0.941449
    outer loop
      vertex -1.09129 -7.85 0.878708
      vertex -1.08852 -8.15 0.877716
      vertex -1.08852 -7.85 0.877716
    endloop
  endfacet
  facet normal 0.337154 0 0.941449
    outer loop
      vertex -1.08852 -8.15 0.877716
      vertex -1.09129 -7.85 0.878708
      vertex -1.09129 -8.15 0.878708
    endloop
  endfacet
  facet normal 0.998868 0 -0.0475651
    outer loop
      vertex -1.07 -8.15 0.849999
      vertex -1.07014 -7.85 0.847059
      vertex -1.07 -7.85 0.849999
    endloop
  endfacet
  facet normal 0.998868 0 -0.0475651
    outer loop
      vertex -1.07014 -7.85 0.847059
      vertex -1.07 -8.15 0.849999
      vertex -1.07014 -8.15 0.847059
    endloop
  endfacet
  facet normal -0.242536 0 0.970143
    outer loop
      vertex -1.10871 -7.85 0.878708
      vertex -1.10585 -8.15 0.879423
      vertex -1.10585 -7.85 0.879423
    endloop
  endfacet
  facet normal -0.242536 0 0.970143
    outer loop
      vertex -1.10585 -8.15 0.879423
      vertex -1.10871 -7.85 0.878708
      vertex -1.10871 -8.15 0.878708
    endloop
  endfacet
  facet normal 0.596512 0 0.802604
    outer loop
      vertex -1.08333 -7.85 0.874944
      vertex -1.08097 -8.15 0.87319
      vertex -1.08097 -7.85 0.87319
    endloop
  endfacet
  facet normal 0.596512 0 0.802604
    outer loop
      vertex -1.08097 -8.15 0.87319
      vertex -1.08333 -7.85 0.874944
      vertex -1.08333 -8.15 0.874944
    endloop
  endfacet
  facet normal 0.0489209 0 -0.998803
    outer loop
      vertex -1.1 -8.15 0.82
      vertex -1.09706 -7.85 0.820144
      vertex -1.09706 -8.15 0.820144
    endloop
  endfacet
  facet normal 0.0489209 0 -0.998803
    outer loop
      vertex -1.09706 -7.85 0.820144
      vertex -1.1 -8.15 0.82
      vertex -1.1 -7.85 0.82
    endloop
  endfacet
  facet normal 0.970461 0 -0.241256
    outer loop
      vertex -1.07058 -8.15 0.844147
      vertex -1.07129 -7.85 0.841291
      vertex -1.07058 -7.85 0.844147
    endloop
  endfacet
  facet normal 0.970461 0 -0.241256
    outer loop
      vertex -1.07129 -7.85 0.841291
      vertex -1.07058 -8.15 0.844147
      vertex -1.07129 -8.15 0.841291
    endloop
  endfacet
  facet normal -0.427809 0 0.903869
    outer loop
      vertex -1.11414 -7.85 0.876457
      vertex -1.11148 -8.15 0.877716
      vertex -1.11148 -7.85 0.877716
    endloop
  endfacet
  facet normal -0.427809 0 0.903869
    outer loop
      vertex -1.11148 -8.15 0.877716
      vertex -1.11414 -7.85 0.876457
      vertex -1.11414 -8.15 0.876457
    endloop
  endfacet
  facet normal 0.903862 0 -0.427824
    outer loop
      vertex -1.07228 -8.15 0.838519
      vertex -1.07354 -7.85 0.835857
      vertex -1.07228 -7.85 0.838519
    endloop
  endfacet
  facet normal 0.903862 0 -0.427824
    outer loop
      vertex -1.07354 -7.85 0.835857
      vertex -1.07228 -8.15 0.838519
      vertex -1.07354 -8.15 0.835857
    endloop
  endfacet
  facet normal -0.970461 0 0.241256
    outer loop
      vertex -1.12942 -8.15 0.855852
      vertex -1.12871 -7.85 0.858708
      vertex -1.12942 -7.85 0.855852
    endloop
  endfacet
  facet normal -0.970461 0 0.241256
    outer loop
      vertex -1.12871 -7.85 0.858708
      vertex -1.12942 -8.15 0.855852
      vertex -1.12871 -8.15 0.858708
    endloop
  endfacet
  facet normal -0.0489209 0 0.998803
    outer loop
      vertex -1.10294 -7.85 0.879855
      vertex -1.1 -8.15 0.879999
      vertex -1.1 -7.85 0.879999
    endloop
  endfacet
  facet normal -0.0489209 0 0.998803
    outer loop
      vertex -1.1 -8.15 0.879999
      vertex -1.10294 -7.85 0.879855
      vertex -1.10294 -8.15 0.879855
    endloop
  endfacet
  facet normal -0.903862 0 -0.427824
    outer loop
      vertex -1.12646 -8.15 0.835857
      vertex -1.12772 -7.85 0.838519
      vertex -1.12646 -7.85 0.835857
    endloop
  endfacet
  facet normal -0.903862 -0 -0.427824
    outer loop
      vertex -1.12772 -7.85 0.838519
      vertex -1.12646 -8.15 0.835857
      vertex -1.12772 -8.15 0.838519
    endloop
  endfacet
  facet normal -0.146844 0 0.98916
    outer loop
      vertex -1.10585 -7.85 0.879423
      vertex -1.10294 -8.15 0.879855
      vertex -1.10294 -7.85 0.879855
    endloop
  endfacet
  facet normal -0.146844 0 0.98916
    outer loop
      vertex -1.10294 -8.15 0.879855
      vertex -1.10585 -7.85 0.879423
      vertex -1.10585 -8.15 0.879423
    endloop
  endfacet
  facet normal -0.970461 0 -0.241256
    outer loop
      vertex -1.12871 -8.15 0.841291
      vertex -1.12942 -7.85 0.844147
      vertex -1.12871 -7.85 0.841291
    endloop
  endfacet
  facet normal -0.970461 -0 -0.241256
    outer loop
      vertex -1.12942 -7.85 0.844147
      vertex -1.12871 -8.15 0.841291
      vertex -1.12942 -8.15 0.844147
    endloop
  endfacet
  facet normal 0.513248 0 -0.85824
    outer loop
      vertex -1.08586 -8.15 0.823542
      vertex -1.08333 -7.85 0.825055
      vertex -1.08333 -8.15 0.825055
    endloop
  endfacet
  facet normal 0.513248 0 -0.85824
    outer loop
      vertex -1.08333 -7.85 0.825055
      vertex -1.08586 -8.15 0.823542
      vertex -1.08586 -7.85 0.823542
    endloop
  endfacet
  facet normal -0.671776 0 -0.740754
    outer loop
      vertex -1.12121 -8.15 0.828786
      vertex -1.11903 -7.85 0.826809
      vertex -1.11903 -8.15 0.826809
    endloop
  endfacet
  facet normal -0.671776 0 -0.740754
    outer loop
      vertex -1.11903 -7.85 0.826809
      vertex -1.12121 -8.15 0.828786
      vertex -1.12121 -7.85 0.828786
    endloop
  endfacet
  facet normal 0.671776 0 0.740754
    outer loop
      vertex -1.08097 -7.85 0.87319
      vertex -1.07879 -8.15 0.871213
      vertex -1.07879 -7.85 0.871213
    endloop
  endfacet
  facet normal 0.671776 0 0.740754
    outer loop
      vertex -1.07879 -8.15 0.871213
      vertex -1.08097 -7.85 0.87319
      vertex -1.08097 -8.15 0.87319
    endloop
  endfacet
  facet normal 0.740554 -0 0.671997
    outer loop
      vertex -1.07879 -8.15 0.871213
      vertex -1.07681 -7.85 0.869031
      vertex -1.07879 -7.85 0.871213
    endloop
  endfacet
  facet normal 0.740554 0 0.671997
    outer loop
      vertex -1.07681 -7.85 0.869031
      vertex -1.07879 -8.15 0.871213
      vertex -1.07681 -8.15 0.869031
    endloop
  endfacet
  facet normal -0.242536 0 -0.970143
    outer loop
      vertex -1.10871 -8.15 0.821291
      vertex -1.10585 -7.85 0.820576
      vertex -1.10585 -8.15 0.820576
    endloop
  endfacet
  facet normal -0.242536 0 -0.970143
    outer loop
      vertex -1.10585 -7.85 0.820576
      vertex -1.10871 -8.15 0.821291
      vertex -1.10871 -7.85 0.821291
    endloop
  endfacet
  facet normal -0.337154 0 -0.941449
    outer loop
      vertex -1.11148 -8.15 0.822283
      vertex -1.10871 -7.85 0.821291
      vertex -1.10871 -8.15 0.821291
    endloop
  endfacet
  facet normal -0.337154 0 -0.941449
    outer loop
      vertex -1.10871 -7.85 0.821291
      vertex -1.11148 -8.15 0.822283
      vertex -1.11148 -7.85 0.822283
    endloop
  endfacet
  facet normal -0.427809 0 -0.903869
    outer loop
      vertex -1.11414 -8.15 0.823542
      vertex -1.11148 -7.85 0.822283
      vertex -1.11148 -8.15 0.822283
    endloop
  endfacet
  facet normal -0.427809 0 -0.903869
    outer loop
      vertex -1.11148 -7.85 0.822283
      vertex -1.11414 -8.15 0.823542
      vertex -1.11414 -7.85 0.823542
    endloop
  endfacet
  facet normal 0.671776 0 -0.740754
    outer loop
      vertex -1.08097 -8.15 0.826809
      vertex -1.07879 -7.85 0.828786
      vertex -1.07879 -8.15 0.828786
    endloop
  endfacet
  facet normal 0.671776 0 -0.740754
    outer loop
      vertex -1.07879 -7.85 0.828786
      vertex -1.08097 -8.15 0.826809
      vertex -1.08097 -7.85 0.826809
    endloop
  endfacet
  facet normal 0.242536 0 -0.970143
    outer loop
      vertex -1.09415 -8.15 0.820576
      vertex -1.09129 -7.85 0.821291
      vertex -1.09129 -8.15 0.821291
    endloop
  endfacet
  facet normal 0.242536 0 -0.970143
    outer loop
      vertex -1.09129 -7.85 0.821291
      vertex -1.09415 -8.15 0.820576
      vertex -1.09415 -7.85 0.820576
    endloop
  endfacet
  facet normal -0.146844 0 -0.98916
    outer loop
      vertex -1.10585 -8.15 0.820576
      vertex -1.10294 -7.85 0.820144
      vertex -1.10294 -8.15 0.820144
    endloop
  endfacet
  facet normal -0.146844 0 -0.98916
    outer loop
      vertex -1.10294 -7.85 0.820144
      vertex -1.10585 -8.15 0.820576
      vertex -1.10585 -7.85 0.820576
    endloop
  endfacet
  facet normal -0.998869 0 0.047549
    outer loop
      vertex -1.13 -8.15 0.849999
      vertex -1.12986 -7.85 0.85294
      vertex -1.13 -7.85 0.849999
    endloop
  endfacet
  facet normal -0.998869 0 0.047549
    outer loop
      vertex -1.12986 -7.85 0.85294
      vertex -1.13 -8.15 0.849999
      vertex -1.12986 -8.15 0.85294
    endloop
  endfacet
  facet normal 0 -1 0
    outer loop
      vertex -1.10294 -8.15 0.879855
      vertex -1.09706 -8.15 0.879855
      vertex -1.1 -8.15 0.879999
    endloop
  endfacet
  facet normal 0 -1 0
    outer loop
      vertex -1.10585 -8.15 0.879423
      vertex -1.09706 -8.15 0.879855
      vertex -1.10294 -8.15 0.879855
    endloop
  endfacet
  facet normal 0 -1 0
    outer loop
      vertex -1.10585 -8.15 0.879423
      vertex -1.09415 -8.15 0.879423
      vertex -1.09706 -8.15 0.879855
    endloop
  endfacet
  facet normal 0 -1 0
    outer loop
      vertex -1.10871 -8.15 0.878708
      vertex -1.09415 -8.15 0.879423
      vertex -1.10585 -8.15 0.879423
    endloop
  endfacet
  facet normal 0 -1 0
    outer loop
      vertex -1.10871 -8.15 0.878708
      vertex -1.09129 -8.15 0.878708
      vertex -1.09415 -8.15 0.879423
    endloop
  endfacet
  facet normal 0 -1 0
    outer loop
      vertex -1.11148 -8.15 0.877716
      vertex -1.09129 -8.15 0.878708
      vertex -1.10871 -8.15 0.878708
    endloop
  endfacet
  facet normal 0 -1 0
    outer loop
      vertex -1.11148 -8.15 0.877716
      vertex -1.08852 -8.15 0.877716
      vertex -1.09129 -8.15 0.878708
    endloop
  endfacet
  facet normal 0 -1 0
    outer loop
      vertex -1.11414 -8.15 0.876457
      vertex -1.08852 -8.15 0.877716
      vertex -1.11148 -8.15 0.877716
    endloop
  endfacet
  facet normal 0 -1 0
    outer loop
      vertex -1.11414 -8.15 0.876457
      vertex -1.08586 -8.15 0.876457
      vertex -1.08852 -8.15 0.877716
    endloop
  endfacet
  facet normal 0 -1 0
    outer loop
      vertex -1.11667 -8.15 0.874944
      vertex -1.08586 -8.15 0.876457
      vertex -1.11414 -8.15 0.876457
    endloop
  endfacet
  facet normal 0 -1 0
    outer loop
      vertex -1.11667 -8.15 0.874944
      vertex -1.08333 -8.15 0.874944
      vertex -1.08586 -8.15 0.876457
    endloop
  endfacet
  facet normal 0 -1 0
    outer loop
      vertex -1.11903 -8.15 0.87319
      vertex -1.08333 -8.15 0.874944
      vertex -1.11667 -8.15 0.874944
    endloop
  endfacet
  facet normal 0 -1 0
    outer loop
      vertex -1.11903 -8.15 0.87319
      vertex -1.08097 -8.15 0.87319
      vertex -1.08333 -8.15 0.874944
    endloop
  endfacet
  facet normal 0 -1 0
    outer loop
      vertex -1.12121 -8.15 0.871213
      vertex -1.08097 -8.15 0.87319
      vertex -1.11903 -8.15 0.87319
    endloop
  endfacet
  facet normal 0 -1 0
    outer loop
      vertex -1.12121 -8.15 0.871213
      vertex -1.07879 -8.15 0.871213
      vertex -1.08097 -8.15 0.87319
    endloop
  endfacet
  facet normal 0 -1 0
    outer loop
      vertex -1.12319 -8.15 0.869031
      vertex -1.07879 -8.15 0.871213
      vertex -1.12121 -8.15 0.871213
    endloop
  endfacet
  facet normal 0 -1 0
    outer loop
      vertex -1.12319 -8.15 0.869031
      vertex -1.07681 -8.15 0.869031
      vertex -1.07879 -8.15 0.871213
    endloop
  endfacet
  facet normal 0 -1 0
    outer loop
      vertex -1.12494 -8.15 0.866667
      vertex -1.07681 -8.15 0.869031
      vertex -1.12319 -8.15 0.869031
    endloop
  endfacet
  facet normal 0 -1 0
    outer loop
      vertex -1.12494 -8.15 0.866667
      vertex -1.07506 -8.15 0.866667
      vertex -1.07681 -8.15 0.869031
    endloop
  endfacet
  facet normal 0 -1 0
    outer loop
      vertex -1.12646 -8.15 0.864141
      vertex -1.07506 -8.15 0.866667
      vertex -1.12494 -8.15 0.866667
    endloop
  endfacet
  facet normal 0 -1 0
    outer loop
      vertex -1.12646 -8.15 0.864141
      vertex -1.07354 -8.15 0.864141
      vertex -1.07506 -8.15 0.866667
    endloop
  endfacet
  facet normal 0 -1 0
    outer loop
      vertex -1.12772 -8.15 0.86148
      vertex -1.07354 -8.15 0.864141
      vertex -1.12646 -8.15 0.864141
    endloop
  endfacet
  facet normal 0 -1 0
    outer loop
      vertex -1.12772 -8.15 0.86148
      vertex -1.07228 -8.15 0.86148
      vertex -1.07354 -8.15 0.864141
    endloop
  endfacet
  facet normal 0 -1 0
    outer loop
      vertex -1.12871 -8.15 0.858708
      vertex -1.07228 -8.15 0.86148
      vertex -1.12772 -8.15 0.86148
    endloop
  endfacet
  facet normal 0 -1 0
    outer loop
      vertex -1.12871 -8.15 0.858708
      vertex -1.07129 -8.15 0.858708
      vertex -1.07228 -8.15 0.86148
    endloop
  endfacet
  facet normal 0 -1 0
    outer loop
      vertex -1.12942 -8.15 0.855852
      vertex -1.07129 -8.15 0.858708
      vertex -1.12871 -8.15 0.858708
    endloop
  endfacet
  facet normal 0 -1 0
    outer loop
      vertex -1.12942 -8.15 0.855852
      vertex -1.07058 -8.15 0.855852
      vertex -1.07129 -8.15 0.858708
    endloop
  endfacet
  facet normal 0 -1 0
    outer loop
      vertex -1.12986 -8.15 0.85294
      vertex -1.07058 -8.15 0.855852
      vertex -1.12942 -8.15 0.855852
    endloop
  endfacet
  facet normal 0 -1 0
    outer loop
      vertex -1.12986 -8.15 0.85294
      vertex -1.07014 -8.15 0.85294
      vertex -1.07058 -8.15 0.855852
    endloop
  endfacet
  facet normal 0 -1 0
    outer loop
      vertex -1.13 -8.15 0.849999
      vertex -1.07014 -8.15 0.85294
      vertex -1.12986 -8.15 0.85294
    endloop
  endfacet
  facet normal 0 -1 0
    outer loop
      vertex -1.13 -8.15 0.849999
      vertex -1.07 -8.15 0.849999
      vertex -1.07014 -8.15 0.85294
    endloop
  endfacet
  facet normal 0 -1 0
    outer loop
      vertex -1.12986 -8.15 0.847059
      vertex -1.07 -8.15 0.849999
      vertex -1.13 -8.15 0.849999
    endloop
  endfacet
  facet normal 0 -1 0
    outer loop
      vertex -1.12986 -8.15 0.847059
      vertex -1.07014 -8.15 0.847059
      vertex -1.07 -8.15 0.849999
    endloop
  endfacet
  facet normal 0 -1 0
    outer loop
      vertex -1.12942 -8.15 0.844147
      vertex -1.07014 -8.15 0.847059
      vertex -1.12986 -8.15 0.847059
    endloop
  endfacet
  facet normal 0 -1 0
    outer loop
      vertex -1.12942 -8.15 0.844147
      vertex -1.07058 -8.15 0.844147
      vertex -1.07014 -8.15 0.847059
    endloop
  endfacet
  facet normal 0 -1 0
    outer loop
      vertex -1.12871 -8.15 0.841291
      vertex -1.07058 -8.15 0.844147
      vertex -1.12942 -8.15 0.844147
    endloop
  endfacet
  facet normal 0 -1 0
    outer loop
      vertex -1.12871 -8.15 0.841291
      vertex -1.07129 -8.15 0.841291
      vertex -1.07058 -8.15 0.844147
    endloop
  endfacet
  facet normal 0 -1 0
    outer loop
      vertex -1.12772 -8.15 0.838519
      vertex -1.07129 -8.15 0.841291
      vertex -1.12871 -8.15 0.841291
    endloop
  endfacet
  facet normal 0 -1 0
    outer loop
      vertex -1.12772 -8.15 0.838519
      vertex -1.07228 -8.15 0.838519
      vertex -1.07129 -8.15 0.841291
    endloop
  endfacet
  facet normal 0 -1 0
    outer loop
      vertex -1.12646 -8.15 0.835857
      vertex -1.07228 -8.15 0.838519
      vertex -1.12772 -8.15 0.838519
    endloop
  endfacet
  facet normal 0 -1 0
    outer loop
      vertex -1.12646 -8.15 0.835857
      vertex -1.07354 -8.15 0.835857
      vertex -1.07228 -8.15 0.838519
    endloop
  endfacet
  facet normal 0 -1 0
    outer loop
      vertex -1.12494 -8.15 0.833332
      vertex -1.07354 -8.15 0.835857
      vertex -1.12646 -8.15 0.835857
    endloop
  endfacet
  facet normal 0 -1 0
    outer loop
      vertex -1.12494 -8.15 0.833332
      vertex -1.07506 -8.15 0.833332
      vertex -1.07354 -8.15 0.835857
    endloop
  endfacet
  facet normal 0 -1 0
    outer loop
      vertex -1.12319 -8.15 0.830968
      vertex -1.07506 -8.15 0.833332
      vertex -1.12494 -8.15 0.833332
    endloop
  endfacet
  facet normal 0 -1 0
    outer loop
      vertex -1.12319 -8.15 0.830968
      vertex -1.07681 -8.15 0.830968
      vertex -1.07506 -8.15 0.833332
    endloop
  endfacet
  facet normal 0 -1 0
    outer loop
      vertex -1.12121 -8.15 0.828786
      vertex -1.07681 -8.15 0.830968
      vertex -1.12319 -8.15 0.830968
    endloop
  endfacet
  facet normal 0 -1 0
    outer loop
      vertex -1.12121 -8.15 0.828786
      vertex -1.07879 -8.15 0.828786
      vertex -1.07681 -8.15 0.830968
    endloop
  endfacet
  facet normal 0 -1 0
    outer loop
      vertex -1.11903 -8.15 0.826809
      vertex -1.07879 -8.15 0.828786
      vertex -1.12121 -8.15 0.828786
    endloop
  endfacet
  facet normal 0 -1 0
    outer loop
      vertex -1.11903 -8.15 0.826809
      vertex -1.08097 -8.15 0.826809
      vertex -1.07879 -8.15 0.828786
    endloop
  endfacet
  facet normal 0 -1 0
    outer loop
      vertex -1.11667 -8.15 0.825055
      vertex -1.08097 -8.15 0.826809
      vertex -1.11903 -8.15 0.826809
    endloop
  endfacet
  facet normal 0 -1 0
    outer loop
      vertex -1.11667 -8.15 0.825055
      vertex -1.08333 -8.15 0.825055
      vertex -1.08097 -8.15 0.826809
    endloop
  endfacet
  facet normal 0 -1 0
    outer loop
      vertex -1.11414 -8.15 0.823542
      vertex -1.08333 -8.15 0.825055
      vertex -1.11667 -8.15 0.825055
    endloop
  endfacet
  facet normal 0 -1 0
    outer loop
      vertex -1.11414 -8.15 0.823542
      vertex -1.08586 -8.15 0.823542
      vertex -1.08333 -8.15 0.825055
    endloop
  endfacet
  facet normal 0 -1 0
    outer loop
      vertex -1.11148 -8.15 0.822283
      vertex -1.08586 -8.15 0.823542
      vertex -1.11414 -8.15 0.823542
    endloop
  endfacet
  facet normal 0 -1 0
    outer loop
      vertex -1.11148 -8.15 0.822283
      vertex -1.08852 -8.15 0.822283
      vertex -1.08586 -8.15 0.823542
    endloop
  endfacet
  facet normal 0 -1 0
    outer loop
      vertex -1.10871 -8.15 0.821291
      vertex -1.08852 -8.15 0.822283
      vertex -1.11148 -8.15 0.822283
    endloop
  endfacet
  facet normal 0 -1 0
    outer loop
      vertex -1.10871 -8.15 0.821291
      vertex -1.09129 -8.15 0.821291
      vertex -1.08852 -8.15 0.822283
    endloop
  endfacet
  facet normal 0 -1 0
    outer loop
      vertex -1.10585 -8.15 0.820576
      vertex -1.09129 -8.15 0.821291
      vertex -1.10871 -8.15 0.821291
    endloop
  endfacet
  facet normal 0 -1 0
    outer loop
      vertex -1.10585 -8.15 0.820576
      vertex -1.09415 -8.15 0.820576
      vertex -1.09129 -8.15 0.821291
    endloop
  endfacet
  facet normal 0 -1 0
    outer loop
      vertex -1.10294 -8.15 0.820144
      vertex -1.09415 -8.15 0.820576
      vertex -1.10585 -8.15 0.820576
    endloop
  endfacet
  facet normal 0 -1 0
    outer loop
      vertex -1.10294 -8.15 0.820144
      vertex -1.09706 -8.15 0.820144
      vertex -1.09415 -8.15 0.820576
    endloop
  endfacet
  facet normal -0 -1 0
    outer loop
      vertex -1.09706 -8.15 0.820144
      vertex -1.10294 -8.15 0.820144
      vertex -1.1 -8.15 0.82
    endloop
  endfacet
  facet normal -0.9038 0 0.427955
    outer loop
      vertex -1.12772 -8.15 0.86148
      vertex -1.12646 -7.85 0.864141
      vertex -1.12772 -7.85 0.86148
    endloop
  endfacet
  facet normal -0.9038 0 0.427955
    outer loop
      vertex -1.12646 -7.85 0.864141
      vertex -1.12772 -8.15 0.86148
      vertex -1.12646 -8.15 0.864141
    endloop
  endfacet
  facet normal 1 -0 0
    outer loop
      vertex 0.599999 -8.8 0.2
      vertex 0.599999 -5.6 0
      vertex 0.599999 -5.6 0.2
    endloop
  endfacet
  facet normal 1 0 0
    outer loop
      vertex 0.599999 -5.6 0
      vertex 0.599999 -8.8 0.2
      vertex 0.599999 -8.8 0
    endloop
  endfacet
  facet normal 0 0 1
    outer loop
      vertex 0.599999 -5.6 0.2
      vertex 0.5 -5.7 0.2
      vertex 0.599999 -8.8 0.2
    endloop
  endfacet
  facet normal 0 0 1
    outer loop
      vertex 0.599999 -5.6 0.2
      vertex -0.900001 -5.7 0.2
      vertex 0.5 -5.7 0.2
    endloop
  endfacet
  facet normal 0 0 1
    outer loop
      vertex -0.900001 -5.7 0.2
      vertex -2.1 -5.7 0.2
      vertex -0.900001 -5.9 0.2
    endloop
  endfacet
  facet normal 0 0 1
    outer loop
      vertex 0.599999 -5.6 0.2
      vertex -2.1 -5.7 0.2
      vertex -0.900001 -5.7 0.2
    endloop
  endfacet
  facet normal -0 0 1
    outer loop
      vertex -3.6 -5.6 0.2
      vertex -2.1 -5.7 0.2
      vertex 0.599999 -5.6 0.2
    endloop
  endfacet
  facet normal 0 0 1
    outer loop
      vertex -3.5 -5.7 0.2
      vertex -3.6 -5.6 0.2
      vertex -3.5 -8.7 0.2
    endloop
  endfacet
  facet normal 0 0 1
    outer loop
      vertex -2.1 -5.7 0.2
      vertex -3.6 -5.6 0.2
      vertex -3.5 -5.7 0.2
    endloop
  endfacet
  facet normal -0 0 1
    outer loop
      vertex 0.5 -8.7 0.2
      vertex 0.599999 -8.8 0.2
      vertex 0.5 -5.7 0.2
    endloop
  endfacet
  facet normal -0 0 1
    outer loop
      vertex -3.5 -8.7 0.2
      vertex 0.599999 -8.8 0.2
      vertex 0.5 -8.7 0.2
    endloop
  endfacet
  facet normal 0 0 1
    outer loop
      vertex -3.5 -8.7 0.2
      vertex -3.6 -8.8 0.2
      vertex 0.599999 -8.8 0.2
    endloop
  endfacet
  facet normal 0 0 1
    outer loop
      vertex -3.6 -8.8 0.2
      vertex -3.5 -8.7 0.2
      vertex -3.6 -5.6 0.2
    endloop
  endfacet
  facet normal -0 0 1
    outer loop
      vertex -0.900001 -5.9 0.2
      vertex 0.299999 -8.5 0.2
      vertex 0.299999 -5.9 0.2
    endloop
  endfacet
  facet normal 0 0 1
    outer loop
      vertex -2.1 -5.9 0.2
      vertex -0.900001 -5.9 0.2
      vertex -2.1 -5.7 0.2
    endloop
  endfacet
  facet normal 0 0 1
    outer loop
      vertex -0.900001 -5.9 0.2
      vertex -2.1 -5.9 0.2
      vertex 0.299999 -8.5 0.2
    endloop
  endfacet
  facet normal 0 0 1
    outer loop
      vertex -3.3 -8.5 0.2
      vertex -2.1 -5.9 0.2
      vertex -3.3 -5.9 0.2
    endloop
  endfacet
  facet normal 0 0 1
    outer loop
      vertex -2.1 -5.9 0.2
      vertex -3.3 -8.5 0.2
      vertex 0.299999 -8.5 0.2
    endloop
  endfacet
  facet normal -0 0 1
    outer loop
      vertex -4.65 -4.65 0
      vertex 0.599999 -5.6 0
      vertex 4.65 -4.65 0
    endloop
  endfacet
  facet normal 0 0 1
    outer loop
      vertex -3.6 -5.6 0
      vertex -4.65 -4.65 0
      vertex -3.6 -8.8 0
    endloop
  endfacet
  facet normal 0 0 1
    outer loop
      vertex 0.599999 -5.6 0
      vertex -4.65 -4.65 0
      vertex -3.6 -5.6 0
    endloop
  endfacet
  facet normal 0 0 1
    outer loop
      vertex 9 9 0
      vertex -4.65 4.65 0
      vertex 4.65 4.65 0
    endloop
  endfacet
  facet normal 0 0 1
    outer loop
      vertex -4.65 4.65 0
      vertex -9 9 0
      vertex -4.65 -4.65 0
    endloop
  endfacet
  facet normal -0 0 1
    outer loop
      vertex -9 9 0
      vertex -4.65 4.65 0
      vertex 9 9 0
    endloop
  endfacet
  facet normal -0 0 1
    outer loop
      vertex 4.65 4.65 0
      vertex 14 -9 0
      vertex 9 9 0
    endloop
  endfacet
  facet normal -0 0 1
    outer loop
      vertex 4.65 -4.65 0
      vertex 14 -9 0
      vertex 4.65 4.65 0
    endloop
  endfacet
  facet normal 0 0 1
    outer loop
      vertex 0.599999 -8.8 0
      vertex 4.65 -4.65 0
      vertex 0.599999 -5.6 0
    endloop
  endfacet
  facet normal 0 0 1
    outer loop
      vertex 4.65 -4.65 0
      vertex 0.599999 -8.8 0
      vertex 14 -9 0
    endloop
  endfacet
  facet normal 0 0 1
    outer loop
      vertex -9 -9 0
      vertex 0.599999 -8.8 0
      vertex -3.6 -8.8 0
    endloop
  endfacet
  facet normal 0 0 1
    outer loop
      vertex -9 -9 0
      vertex -4.65 -4.65 0
      vertex -9 9 0
    endloop
  endfacet
  facet normal 0 0 1
    outer loop
      vertex 0.599999 -8.8 0
      vertex -9 -9 0
      vertex 14 -9 0
    endloop
  endfacet
  facet normal 0 0 1
    outer loop
      vertex -4.65 -4.65 0
      vertex -9 -9 0
      vertex -3.6 -8.8 0
    endloop
  endfacet
  facet normal -1 0 0
    outer loop
      vertex -3.6 -8.8 0
      vertex -3.6 -5.6 0.2
      vertex -3.6 -5.6 0
    endloop
  endfacet
  facet normal -1 -0 0
    outer loop
      vertex -3.6 -5.6 0.2
      vertex -3.6 -8.8 0
      vertex -3.6 -8.8 0.2
    endloop
  endfacet
  facet normal 0 1 -0
    outer loop
      vertex 0.599999 -5.6 0
      vertex -3.6 -5.6 0.2
      vertex 0.599999 -5.6 0.2
    endloop
  endfacet
  facet normal 0 1 0
    outer loop
      vertex -3.6 -5.6 0.2
      vertex 0.599999 -5.6 0
      vertex -3.6 -5.6 0
    endloop
  endfacet
  facet normal 0 -1 0
    outer loop
      vertex -3.6 -8.8 0
      vertex 0.599999 -8.8 0.2
      vertex -3.6 -8.8 0.2
    endloop
  endfacet
  facet normal 0 -1 -0
    outer loop
      vertex 0.599999 -8.8 0.2
      vertex -3.6 -8.8 0
      vertex 0.599999 -8.8 0
    endloop
  endfacet
  facet normal 1 0 0
    outer loop
      vertex 0.7 -8.8883 2.60794
      vertex 0.7 -5.5117 2.19206
      vertex 0.7 -5.50124 2.31161
    endloop
  endfacet
  facet normal 1 0 0
    outer loop
      vertex 0.7 -5.5117 2.19206
      vertex 0.7 -8.8883 2.60794
      vertex 0.7 -8.89876 2.48839
    endloop
  endfacet
  facet normal -0 0.0871559 0.996195
    outer loop
      vertex -3.7 -5.50124 2.31161
      vertex 0.7 -8.8883 2.60794
      vertex 0.7 -5.50124 2.31161
    endloop
  endfacet
  facet normal 0 0.0871559 0.996195
    outer loop
      vertex 0.7 -8.8883 2.60794
      vertex -3.7 -5.50124 2.31161
      vertex -3.7 -8.8883 2.60794
    endloop
  endfacet
  facet normal -2.05472e-05 -0.0871559 -0.996195
    outer loop
      vertex 0.7 -8.89876 2.48839
      vertex 0.5 -6.74541 2.3
      vertex 0.7 -5.5117 2.19206
    endloop
  endfacet
  facet normal 0 -0.087154 -0.996195
    outer loop
      vertex 0.7 -8.89876 2.48839
      vertex 0.299999 -6.74541 2.3
      vertex 0.5 -6.74541 2.3
    endloop
  endfacet
  facet normal -0 -0.0871513 -0.996195
    outer loop
      vertex 0.299999 -6.74541 2.3
      vertex -3.3 -6.74541 2.3
      vertex 0.299999 -5.9 2.22604
    endloop
  endfacet
  facet normal 0 -0.087154 -0.996195
    outer loop
      vertex 0.7 -8.89876 2.48839
      vertex -3.3 -6.74541 2.3
      vertex 0.299999 -6.74541 2.3
    endloop
  endfacet
  facet normal 0 -0.087154 -0.996195
    outer loop
      vertex -3.7 -8.89876 2.48839
      vertex -3.3 -6.74541 2.3
      vertex 0.7 -8.89876 2.48839
    endloop
  endfacet
  facet normal 2.05472e-05 -0.0871559 -0.996195
    outer loop
      vertex -3.7 -5.5117 2.19206
      vertex -3.5 -6.74541 2.3
      vertex -3.7 -8.89876 2.48839
    endloop
  endfacet
  facet normal -0 -0.087154 -0.996195
    outer loop
      vertex -3.3 -6.74541 2.3
      vertex -3.7 -8.89876 2.48839
      vertex -3.5 -6.74541 2.3
    endloop
  endfacet
  facet normal -3.06784e-05 -0.0871543 -0.996195
    outer loop
      vertex 0.5 -5.7 2.20854
      vertex 0.7 -5.5117 2.19206
      vertex 0.5 -6.74541 2.3
    endloop
  endfacet
  facet normal 0 -0.0871866 -0.996192
    outer loop
      vertex -3.5 -5.7 2.20854
      vertex 0.7 -5.5117 2.19206
      vertex 0.5 -5.7 2.20854
    endloop
  endfacet
  facet normal 0 -0.0871866 -0.996192
    outer loop
      vertex -3.5 -5.7 2.20854
      vertex -3.7 -5.5117 2.19206
      vertex 0.7 -5.5117 2.19206
    endloop
  endfacet
  facet normal 3.06784e-05 -0.0871543 -0.996195
    outer loop
      vertex -3.5 -6.74541 2.3
      vertex -3.7 -5.5117 2.19206
      vertex -3.5 -5.7 2.20854
    endloop
  endfacet
  facet normal -0 -0.0871513 -0.996195
    outer loop
      vertex 0.299999 -5.9 2.22604
      vertex -3.3 -6.74541 2.3
      vertex -3.3 -5.9 2.22604
    endloop
  endfacet
  facet normal -1 0 0
    outer loop
      vertex -3.7 -5.5117 2.19206
      vertex -3.7 -8.8883 2.60794
      vertex -3.7 -5.50124 2.31161
    endloop
  endfacet
  facet normal -1 0 -0
    outer loop
      vertex -3.7 -8.8883 2.60794
      vertex -3.7 -5.5117 2.19206
      vertex -3.7 -8.89876 2.48839
    endloop
  endfacet
  facet normal 0 0.996194 -0.0871618
    outer loop
      vertex 0.7 -5.5117 2.19206
      vertex -3.7 -5.50124 2.31161
      vertex 0.7 -5.50124 2.31161
    endloop
  endfacet
  facet normal 0 0.996194 -0.0871618
    outer loop
      vertex -3.7 -5.50124 2.31161
      vertex 0.7 -5.5117 2.19206
      vertex -3.7 -5.5117 2.19206
    endloop
  endfacet
  facet normal 0 -0.996194 0.0871618
    outer loop
      vertex -3.7 -8.89876 2.48839
      vertex 0.7 -8.8883 2.60794
      vertex -3.7 -8.8883 2.60794
    endloop
  endfacet
  facet normal 0 -0.996194 0.0871618
    outer loop
      vertex 0.7 -8.8883 2.60794
      vertex -3.7 -8.89876 2.48839
      vertex 0.7 -8.89876 2.48839
    endloop
  endfacet
  facet normal -0.0489209 -0.998803 0
    outer loop
      vertex 11.853 10.5072 1.15
      vertex 12 10.5 1.25
      vertex 11.853 10.5072 1.25
    endloop
  endfacet
  facet normal -0.0489209 -0.998803 -0
    outer loop
      vertex 12 10.5 1.25
      vertex 11.853 10.5072 1.15
      vertex 12 10.5 1.15
    endloop
  endfacet
  facet normal -0.989174 -0.146746 0
    outer loop
      vertex 10.5288 11.7074 1.15
      vertex 10.5072 11.853 1.25
      vertex 10.5072 11.853 1.15
    endloop
  endfacet
  facet normal -0.989174 -0.146746 0
    outer loop
      vertex 10.5072 11.853 1.25
      vertex 10.5288 11.7074 1.15
      vertex 10.5288 11.7074 1.25
    endloop
  endfacet
  facet normal 0.989174 0.146746 0
    outer loop
      vertex 13.4928 12.147 1.25
      vertex 13.4712 12.2926 1.15
      vertex 13.4712 12.2926 1.25
    endloop
  endfacet
  facet normal 0.989174 0.146746 0
    outer loop
      vertex 13.4712 12.2926 1.15
      vertex 13.4928 12.147 1.25
      vertex 13.4928 12.147 1.15
    endloop
  endfacet
  facet normal 0.74123 -0.671251 0
    outer loop
      vertex 13.0607 10.9393 1.25
      vertex 13.1595 11.0484 1.15
      vertex 13.1595 11.0484 1.25
    endloop
  endfacet
  facet normal 0.74123 -0.671251 0
    outer loop
      vertex 13.1595 11.0484 1.15
      vertex 13.0607 10.9393 1.25
      vertex 13.0607 10.9393 1.15
    endloop
  endfacet
  facet normal 0.146746 0.989174 -0
    outer loop
      vertex 12.2926 13.4712 1.15
      vertex 12.147 13.4928 1.25
      vertex 12.2926 13.4712 1.25
    endloop
  endfacet
  facet normal 0.146746 0.989174 0
    outer loop
      vertex 12.147 13.4928 1.25
      vertex 12.2926 13.4712 1.15
      vertex 12.147 13.4928 1.15
    endloop
  endfacet
  facet normal 0.803088 -0.595861 0
    outer loop
      vertex 13.1595 11.0484 1.25
      vertex 13.2472 11.1666 1.15
      vertex 13.2472 11.1666 1.25
    endloop
  endfacet
  facet normal 0.803088 -0.595861 0
    outer loop
      vertex 13.2472 11.1666 1.15
      vertex 13.1595 11.0484 1.25
      vertex 13.1595 11.0484 1.15
    endloop
  endfacet
  facet normal 0.595861 -0.803088 0
    outer loop
      vertex 12.8334 10.7528 1.15
      vertex 12.9516 10.8405 1.25
      vertex 12.8334 10.7528 1.25
    endloop
  endfacet
  facet normal 0.595861 -0.803088 0
    outer loop
      vertex 12.9516 10.8405 1.25
      vertex 12.8334 10.7528 1.15
      vertex 12.9516 10.8405 1.15
    endloop
  endfacet
  facet normal 0.336939 -0.941527 0
    outer loop
      vertex 12.4354 10.5646 1.15
      vertex 12.574 10.6142 1.25
      vertex 12.4354 10.5646 1.25
    endloop
  endfacet
  facet normal 0.336939 -0.941527 0
    outer loop
      vertex 12.574 10.6142 1.25
      vertex 12.4354 10.5646 1.15
      vertex 12.574 10.6142 1.15
    endloop
  endfacet
  facet normal -0.941527 0.336939 0
    outer loop
      vertex 10.5646 12.4354 1.15
      vertex 10.6142 12.574 1.25
      vertex 10.6142 12.574 1.15
    endloop
  endfacet
  facet normal -0.941527 0.336939 0
    outer loop
      vertex 10.6142 12.574 1.25
      vertex 10.5646 12.4354 1.15
      vertex 10.5646 12.4354 1.25
    endloop
  endfacet
  facet normal -0.0489209 0.998803 0
    outer loop
      vertex 12 13.5 1.15
      vertex 11.853 13.4928 1.25
      vertex 12 13.5 1.25
    endloop
  endfacet
  facet normal -0.0489209 0.998803 0
    outer loop
      vertex 11.853 13.4928 1.25
      vertex 12 13.5 1.15
      vertex 11.853 13.4928 1.15
    endloop
  endfacet
  facet normal -0.336939 0.941527 0
    outer loop
      vertex 11.5646 13.4354 1.15
      vertex 11.426 13.3858 1.25
      vertex 11.5646 13.4354 1.25
    endloop
  endfacet
  facet normal -0.336939 0.941527 0
    outer loop
      vertex 11.426 13.3858 1.25
      vertex 11.5646 13.4354 1.15
      vertex 11.426 13.3858 1.15
    endloop
  endfacet
  facet normal -0.595861 -0.803088 0
    outer loop
      vertex 11.0484 10.8405 1.15
      vertex 11.1666 10.7528 1.25
      vertex 11.0484 10.8405 1.25
    endloop
  endfacet
  facet normal -0.595861 -0.803088 -0
    outer loop
      vertex 11.1666 10.7528 1.25
      vertex 11.0484 10.8405 1.15
      vertex 11.1666 10.7528 1.15
    endloop
  endfacet
  facet normal 0.941527 0.336939 0
    outer loop
      vertex 13.4354 12.4354 1.25
      vertex 13.3858 12.574 1.15
      vertex 13.3858 12.574 1.25
    endloop
  endfacet
  facet normal 0.941527 0.336939 0
    outer loop
      vertex 13.3858 12.574 1.15
      vertex 13.4354 12.4354 1.25
      vertex 13.4354 12.4354 1.15
    endloop
  endfacet
  facet normal -0.595861 0.803088 0
    outer loop
      vertex 11.1666 13.2472 1.15
      vertex 11.0484 13.1595 1.25
      vertex 11.1666 13.2472 1.25
    endloop
  endfacet
  facet normal -0.595861 0.803088 0
    outer loop
      vertex 11.0484 13.1595 1.25
      vertex 11.1666 13.2472 1.15
      vertex 11.0484 13.1595 1.15
    endloop
  endfacet
  facet normal 0.514096 0.857733 -0
    outer loop
      vertex 12.8334 13.2472 1.15
      vertex 12.7071 13.3229 1.25
      vertex 12.8334 13.2472 1.25
    endloop
  endfacet
  facet normal 0.514096 0.857733 0
    outer loop
      vertex 12.7071 13.3229 1.25
      vertex 12.8334 13.2472 1.15
      vertex 12.7071 13.3229 1.15
    endloop
  endfacet
  facet normal 0.989174 -0.146746 0
    outer loop
      vertex 13.4712 11.7074 1.25
      vertex 13.4928 11.853 1.15
      vertex 13.4928 11.853 1.25
    endloop
  endfacet
  facet normal 0.989174 -0.146746 0
    outer loop
      vertex 13.4928 11.853 1.15
      vertex 13.4712 11.7074 1.25
      vertex 13.4712 11.7074 1.15
    endloop
  endfacet
  facet normal 0.904125 -0.427269 0
    outer loop
      vertex 13.3229 11.2929 1.25
      vertex 13.3858 11.426 1.15
      vertex 13.3858 11.426 1.25
    endloop
  endfacet
  facet normal 0.904125 -0.427269 0
    outer loop
      vertex 13.3858 11.426 1.15
      vertex 13.3229 11.2929 1.25
      vertex 13.3229 11.2929 1.15
    endloop
  endfacet
  facet normal -0.146746 -0.989174 0
    outer loop
      vertex 11.7074 10.5288 1.15
      vertex 11.853 10.5072 1.25
      vertex 11.7074 10.5288 1.25
    endloop
  endfacet
  facet normal -0.146746 -0.989174 -0
    outer loop
      vertex 11.853 10.5072 1.25
      vertex 11.7074 10.5288 1.15
      vertex 11.853 10.5072 1.15
    endloop
  endfacet
  facet normal 0.998803 0.0489209 0
    outer loop
      vertex 13.5 12 1.25
      vertex 13.4928 12.147 1.15
      vertex 13.4928 12.147 1.25
    endloop
  endfacet
  facet normal 0.998803 0.0489209 0
    outer loop
      vertex 13.4928 12.147 1.15
      vertex 13.5 12 1.25
      vertex 13.5 12 1.15
    endloop
  endfacet
  facet normal -0.941527 -0.336939 0
    outer loop
      vertex 10.6142 11.426 1.15
      vertex 10.5646 11.5646 1.25
      vertex 10.5646 11.5646 1.15
    endloop
  endfacet
  facet normal -0.941527 -0.336939 0
    outer loop
      vertex 10.5646 11.5646 1.25
      vertex 10.6142 11.426 1.15
      vertex 10.6142 11.426 1.25
    endloop
  endfacet
  facet normal 0.969982 0.243175 0
    outer loop
      vertex 13.4712 12.2926 1.25
      vertex 13.4354 12.4354 1.15
      vertex 13.4354 12.4354 1.25
    endloop
  endfacet
  facet normal 0.969982 0.243175 0
    outer loop
      vertex 13.4354 12.4354 1.15
      vertex 13.4712 12.2926 1.25
      vertex 13.4712 12.2926 1.15
    endloop
  endfacet
  facet normal -0.243175 -0.969982 0
    outer loop
      vertex 11.5646 10.5646 1.15
      vertex 11.7074 10.5288 1.25
      vertex 11.5646 10.5646 1.25
    endloop
  endfacet
  facet normal -0.243175 -0.969982 -0
    outer loop
      vertex 11.7074 10.5288 1.25
      vertex 11.5646 10.5646 1.15
      vertex 11.7074 10.5288 1.15
    endloop
  endfacet
  facet normal -0.146746 0.989174 0
    outer loop
      vertex 11.853 13.4928 1.15
      vertex 11.7074 13.4712 1.25
      vertex 11.853 13.4928 1.25
    endloop
  endfacet
  facet normal -0.146746 0.989174 0
    outer loop
      vertex 11.7074 13.4712 1.25
      vertex 11.853 13.4928 1.15
      vertex 11.7074 13.4712 1.15
    endloop
  endfacet
  facet normal 0.243175 -0.969982 0
    outer loop
      vertex 12.2926 10.5288 1.15
      vertex 12.4354 10.5646 1.25
      vertex 12.2926 10.5288 1.25
    endloop
  endfacet
  facet normal 0.243175 -0.969982 0
    outer loop
      vertex 12.4354 10.5646 1.25
      vertex 12.2926 10.5288 1.15
      vertex 12.4354 10.5646 1.15
    endloop
  endfacet
  facet normal 0.671251 0.74123 -0
    outer loop
      vertex 13.0607 13.0607 1.15
      vertex 12.9516 13.1595 1.25
      vertex 13.0607 13.0607 1.25
    endloop
  endfacet
  facet normal 0.671251 0.74123 0
    outer loop
      vertex 12.9516 13.1595 1.25
      vertex 13.0607 13.0607 1.15
      vertex 12.9516 13.1595 1.15
    endloop
  endfacet
  facet normal 0.904125 0.427269 0
    outer loop
      vertex 13.3858 12.574 1.25
      vertex 13.3229 12.7071 1.15
      vertex 13.3229 12.7071 1.25
    endloop
  endfacet
  facet normal 0.904125 0.427269 0
    outer loop
      vertex 13.3229 12.7071 1.15
      vertex 13.3858 12.574 1.25
      vertex 13.3858 12.574 1.15
    endloop
  endfacet
  facet normal -0.74123 -0.671251 0
    outer loop
      vertex 10.9393 10.9393 1.15
      vertex 10.8405 11.0484 1.25
      vertex 10.8405 11.0484 1.15
    endloop
  endfacet
  facet normal -0.74123 -0.671251 0
    outer loop
      vertex 10.8405 11.0484 1.25
      vertex 10.9393 10.9393 1.15
      vertex 10.9393 10.9393 1.25
    endloop
  endfacet
  facet normal -0.74123 0.671251 0
    outer loop
      vertex 10.8405 12.9516 1.15
      vertex 10.9393 13.0607 1.25
      vertex 10.9393 13.0607 1.15
    endloop
  endfacet
  facet normal -0.74123 0.671251 0
    outer loop
      vertex 10.9393 13.0607 1.25
      vertex 10.8405 12.9516 1.15
      vertex 10.8405 12.9516 1.25
    endloop
  endfacet
  facet normal 0.0489209 0.998803 -0
    outer loop
      vertex 12.147 13.4928 1.15
      vertex 12 13.5 1.25
      vertex 12.147 13.4928 1.25
    endloop
  endfacet
  facet normal 0.0489209 0.998803 0
    outer loop
      vertex 12 13.5 1.25
      vertex 12.147 13.4928 1.15
      vertex 12 13.5 1.15
    endloop
  endfacet
  facet normal -0.904125 -0.427269 0
    outer loop
      vertex 10.6771 11.2929 1.15
      vertex 10.6142 11.426 1.25
      vertex 10.6142 11.426 1.15
    endloop
  endfacet
  facet normal -0.904125 -0.427269 0
    outer loop
      vertex 10.6142 11.426 1.25
      vertex 10.6771 11.2929 1.15
      vertex 10.6771 11.2929 1.25
    endloop
  endfacet
  facet normal 0.146746 -0.989174 0
    outer loop
      vertex 12.147 10.5072 1.15
      vertex 12.2926 10.5288 1.25
      vertex 12.147 10.5072 1.25
    endloop
  endfacet
  facet normal 0.146746 -0.989174 0
    outer loop
      vertex 12.2926 10.5288 1.25
      vertex 12.147 10.5072 1.15
      vertex 12.2926 10.5288 1.15
    endloop
  endfacet
  facet normal 0.998803 -0.0489209 0
    outer loop
      vertex 13.4928 11.853 1.25
      vertex 13.5 12 1.15
      vertex 13.5 12 1.25
    endloop
  endfacet
  facet normal 0.998803 -0.0489209 0
    outer loop
      vertex 13.5 12 1.15
      vertex 13.4928 11.853 1.25
      vertex 13.4928 11.853 1.15
    endloop
  endfacet
  facet normal 0.595861 0.803088 -0
    outer loop
      vertex 12.9516 13.1595 1.15
      vertex 12.8334 13.2472 1.25
      vertex 12.9516 13.1595 1.25
    endloop
  endfacet
  facet normal 0.595861 0.803088 0
    outer loop
      vertex 12.8334 13.2472 1.25
      vertex 12.9516 13.1595 1.15
      vertex 12.8334 13.2472 1.15
    endloop
  endfacet
  facet normal 0.857733 -0.514096 0
    outer loop
      vertex 13.2472 11.1666 1.25
      vertex 13.3229 11.2929 1.15
      vertex 13.3229 11.2929 1.25
    endloop
  endfacet
  facet normal 0.857733 -0.514096 0
    outer loop
      vertex 13.3229 11.2929 1.15
      vertex 13.2472 11.1666 1.25
      vertex 13.2472 11.1666 1.15
    endloop
  endfacet
  facet normal -0.998803 -0.0489209 0
    outer loop
      vertex 10.5072 11.853 1.15
      vertex 10.5 12 1.25
      vertex 10.5 12 1.15
    endloop
  endfacet
  facet normal -0.998803 -0.0489209 0
    outer loop
      vertex 10.5 12 1.25
      vertex 10.5072 11.853 1.15
      vertex 10.5072 11.853 1.25
    endloop
  endfacet
  facet normal 0.0489209 -0.998803 0
    outer loop
      vertex 12 10.5 1.15
      vertex 12.147 10.5072 1.25
      vertex 12 10.5 1.25
    endloop
  endfacet
  facet normal 0.0489209 -0.998803 0
    outer loop
      vertex 12.147 10.5072 1.25
      vertex 12 10.5 1.15
      vertex 12.147 10.5072 1.15
    endloop
  endfacet
  facet normal -0.671251 0.74123 0
    outer loop
      vertex 11.0484 13.1595 1.15
      vertex 10.9393 13.0607 1.25
      vertex 11.0484 13.1595 1.25
    endloop
  endfacet
  facet normal -0.671251 0.74123 0
    outer loop
      vertex 10.9393 13.0607 1.25
      vertex 11.0484 13.1595 1.15
      vertex 10.9393 13.0607 1.15
    endloop
  endfacet
  facet normal 0.803088 0.595861 0
    outer loop
      vertex 13.2472 12.8334 1.25
      vertex 13.1595 12.9516 1.15
      vertex 13.1595 12.9516 1.25
    endloop
  endfacet
  facet normal 0.803088 0.595861 0
    outer loop
      vertex 13.1595 12.9516 1.15
      vertex 13.2472 12.8334 1.25
      vertex 13.2472 12.8334 1.15
    endloop
  endfacet
  facet normal -0.857733 -0.514096 0
    outer loop
      vertex 10.7528 11.1666 1.15
      vertex 10.6771 11.2929 1.25
      vertex 10.6771 11.2929 1.15
    endloop
  endfacet
  facet normal -0.857733 -0.514096 0
    outer loop
      vertex 10.6771 11.2929 1.25
      vertex 10.7528 11.1666 1.15
      vertex 10.7528 11.1666 1.25
    endloop
  endfacet
  facet normal -0.427269 -0.904125 0
    outer loop
      vertex 11.2929 10.6771 1.15
      vertex 11.426 10.6142 1.25
      vertex 11.2929 10.6771 1.25
    endloop
  endfacet
  facet normal -0.427269 -0.904125 -0
    outer loop
      vertex 11.426 10.6142 1.25
      vertex 11.2929 10.6771 1.15
      vertex 11.426 10.6142 1.15
    endloop
  endfacet
  facet normal 0.336939 0.941527 -0
    outer loop
      vertex 12.574 13.3858 1.15
      vertex 12.4354 13.4354 1.25
      vertex 12.574 13.3858 1.25
    endloop
  endfacet
  facet normal 0.336939 0.941527 0
    outer loop
      vertex 12.4354 13.4354 1.25
      vertex 12.574 13.3858 1.15
      vertex 12.4354 13.4354 1.15
    endloop
  endfacet
  facet normal 0.969982 -0.243175 0
    outer loop
      vertex 13.4354 11.5646 1.25
      vertex 13.4712 11.7074 1.15
      vertex 13.4712 11.7074 1.25
    endloop
  endfacet
  facet normal 0.969982 -0.243175 0
    outer loop
      vertex 13.4712 11.7074 1.15
      vertex 13.4354 11.5646 1.25
      vertex 13.4354 11.5646 1.15
    endloop
  endfacet
  facet normal 0.941527 -0.336939 0
    outer loop
      vertex 13.3858 11.426 1.25
      vertex 13.4354 11.5646 1.15
      vertex 13.4354 11.5646 1.25
    endloop
  endfacet
  facet normal 0.941527 -0.336939 0
    outer loop
      vertex 13.4354 11.5646 1.15
      vertex 13.3858 11.426 1.25
      vertex 13.3858 11.426 1.15
    endloop
  endfacet
  facet normal -0.803088 -0.595861 0
    outer loop
      vertex 10.8405 11.0484 1.15
      vertex 10.7528 11.1666 1.25
      vertex 10.7528 11.1666 1.15
    endloop
  endfacet
  facet normal -0.803088 -0.595861 0
    outer loop
      vertex 10.7528 11.1666 1.25
      vertex 10.8405 11.0484 1.15
      vertex 10.8405 11.0484 1.25
    endloop
  endfacet
  facet normal 0.857733 0.514096 0
    outer loop
      vertex 13.3229 12.7071 1.25
      vertex 13.2472 12.8334 1.15
      vertex 13.2472 12.8334 1.25
    endloop
  endfacet
  facet normal 0.857733 0.514096 0
    outer loop
      vertex 13.2472 12.8334 1.15
      vertex 13.3229 12.7071 1.25
      vertex 13.3229 12.7071 1.15
    endloop
  endfacet
  facet normal -0.989174 0.146746 0
    outer loop
      vertex 10.5072 12.147 1.15
      vertex 10.5288 12.2926 1.25
      vertex 10.5288 12.2926 1.15
    endloop
  endfacet
  facet normal -0.989174 0.146746 0
    outer loop
      vertex 10.5288 12.2926 1.25
      vertex 10.5072 12.147 1.15
      vertex 10.5072 12.147 1.25
    endloop
  endfacet
  facet normal 0.427269 0.904125 -0
    outer loop
      vertex 12.7071 13.3229 1.15
      vertex 12.574 13.3858 1.25
      vertex 12.7071 13.3229 1.25
    endloop
  endfacet
  facet normal 0.427269 0.904125 0
    outer loop
      vertex 12.574 13.3858 1.25
      vertex 12.7071 13.3229 1.15
      vertex 12.574 13.3858 1.15
    endloop
  endfacet
  facet normal 0.671251 -0.74123 0
    outer loop
      vertex 12.9516 10.8405 1.15
      vertex 13.0607 10.9393 1.25
      vertex 12.9516 10.8405 1.25
    endloop
  endfacet
  facet normal 0.671251 -0.74123 0
    outer loop
      vertex 13.0607 10.9393 1.25
      vertex 12.9516 10.8405 1.15
      vertex 13.0607 10.9393 1.15
    endloop
  endfacet
  facet normal -0.514096 0.857733 0
    outer loop
      vertex 11.2929 13.3229 1.15
      vertex 11.1666 13.2472 1.25
      vertex 11.2929 13.3229 1.25
    endloop
  endfacet
  facet normal -0.514096 0.857733 0
    outer loop
      vertex 11.1666 13.2472 1.25
      vertex 11.2929 13.3229 1.15
      vertex 11.1666 13.2472 1.15
    endloop
  endfacet
  facet normal -0.857733 0.514096 0
    outer loop
      vertex 10.6771 12.7071 1.15
      vertex 10.7528 12.8334 1.25
      vertex 10.7528 12.8334 1.15
    endloop
  endfacet
  facet normal -0.857733 0.514096 0
    outer loop
      vertex 10.7528 12.8334 1.25
      vertex 10.6771 12.7071 1.15
      vertex 10.6771 12.7071 1.25
    endloop
  endfacet
  facet normal -0.514096 -0.857733 0
    outer loop
      vertex 11.1666 10.7528 1.15
      vertex 11.2929 10.6771 1.25
      vertex 11.1666 10.7528 1.25
    endloop
  endfacet
  facet normal -0.514096 -0.857733 -0
    outer loop
      vertex 11.2929 10.6771 1.25
      vertex 11.1666 10.7528 1.15
      vertex 11.2929 10.6771 1.15
    endloop
  endfacet
  facet normal 0.243175 0.969982 -0
    outer loop
      vertex 12.4354 13.4354 1.15
      vertex 12.2926 13.4712 1.25
      vertex 12.4354 13.4354 1.25
    endloop
  endfacet
  facet normal 0.243175 0.969982 0
    outer loop
      vertex 12.2926 13.4712 1.25
      vertex 12.4354 13.4354 1.15
      vertex 12.2926 13.4712 1.15
    endloop
  endfacet
  facet normal -0.969982 -0.243175 0
    outer loop
      vertex 10.5646 11.5646 1.15
      vertex 10.5288 11.7074 1.25
      vertex 10.5288 11.7074 1.15
    endloop
  endfacet
  facet normal -0.969982 -0.243175 0
    outer loop
      vertex 10.5288 11.7074 1.25
      vertex 10.5646 11.5646 1.15
      vertex 10.5646 11.5646 1.25
    endloop
  endfacet
  facet normal 0 0 -1
    outer loop
      vertex 13.4928 11.853 1.15
      vertex 13.4928 12.147 1.15
      vertex 13.5 12 1.15
    endloop
  endfacet
  facet normal 0 0 -1
    outer loop
      vertex 13.4712 11.7074 1.15
      vertex 13.4928 12.147 1.15
      vertex 13.4928 11.853 1.15
    endloop
  endfacet
  facet normal 0 0 -1
    outer loop
      vertex 13.4712 11.7074 1.15
      vertex 13.4712 12.2926 1.15
      vertex 13.4928 12.147 1.15
    endloop
  endfacet
  facet normal 0 0 -1
    outer loop
      vertex 13.4354 11.5646 1.15
      vertex 13.4712 12.2926 1.15
      vertex 13.4712 11.7074 1.15
    endloop
  endfacet
  facet normal 0 0 -1
    outer loop
      vertex 13.4354 11.5646 1.15
      vertex 13.4354 12.4354 1.15
      vertex 13.4712 12.2926 1.15
    endloop
  endfacet
  facet normal 0 0 -1
    outer loop
      vertex 13.3858 11.426 1.15
      vertex 13.4354 12.4354 1.15
      vertex 13.4354 11.5646 1.15
    endloop
  endfacet
  facet normal 0 0 -1
    outer loop
      vertex 13.3858 11.426 1.15
      vertex 13.3858 12.574 1.15
      vertex 13.4354 12.4354 1.15
    endloop
  endfacet
  facet normal 0 0 -1
    outer loop
      vertex 13.3229 11.2929 1.15
      vertex 13.3858 12.574 1.15
      vertex 13.3858 11.426 1.15
    endloop
  endfacet
  facet normal 0 0 -1
    outer loop
      vertex 13.3229 11.2929 1.15
      vertex 13.3229 12.7071 1.15
      vertex 13.3858 12.574 1.15
    endloop
  endfacet
  facet normal 0 0 -1
    outer loop
      vertex 13.2472 11.1666 1.15
      vertex 13.3229 12.7071 1.15
      vertex 13.3229 11.2929 1.15
    endloop
  endfacet
  facet normal 0 0 -1
    outer loop
      vertex 13.2472 11.1666 1.15
      vertex 13.2472 12.8334 1.15
      vertex 13.3229 12.7071 1.15
    endloop
  endfacet
  facet normal 0 0 -1
    outer loop
      vertex 13.1595 11.0484 1.15
      vertex 13.2472 12.8334 1.15
      vertex 13.2472 11.1666 1.15
    endloop
  endfacet
  facet normal 0 0 -1
    outer loop
      vertex 13.1595 11.0484 1.15
      vertex 13.1595 12.9516 1.15
      vertex 13.2472 12.8334 1.15
    endloop
  endfacet
  facet normal 0 0 -1
    outer loop
      vertex 13.0607 10.9393 1.15
      vertex 13.1595 12.9516 1.15
      vertex 13.1595 11.0484 1.15
    endloop
  endfacet
  facet normal 0 0 -1
    outer loop
      vertex 13.0607 10.9393 1.15
      vertex 13.0607 13.0607 1.15
      vertex 13.1595 12.9516 1.15
    endloop
  endfacet
  facet normal 0 0 -1
    outer loop
      vertex 12.9516 10.8405 1.15
      vertex 13.0607 13.0607 1.15
      vertex 13.0607 10.9393 1.15
    endloop
  endfacet
  facet normal 0 0 -1
    outer loop
      vertex 12.9516 10.8405 1.15
      vertex 12.9516 13.1595 1.15
      vertex 13.0607 13.0607 1.15
    endloop
  endfacet
  facet normal 0 0 -1
    outer loop
      vertex 12.8334 10.7528 1.15
      vertex 12.9516 13.1595 1.15
      vertex 12.9516 10.8405 1.15
    endloop
  endfacet
  facet normal 0 0 -1
    outer loop
      vertex 12.8334 10.7528 1.15
      vertex 12.8334 13.2472 1.15
      vertex 12.9516 13.1595 1.15
    endloop
  endfacet
  facet normal 0 0 -1
    outer loop
      vertex 12.7071 10.6771 1.15
      vertex 12.8334 13.2472 1.15
      vertex 12.8334 10.7528 1.15
    endloop
  endfacet
  facet normal 0 0 -1
    outer loop
      vertex 12.7071 10.6771 1.15
      vertex 12.7071 13.3229 1.15
      vertex 12.8334 13.2472 1.15
    endloop
  endfacet
  facet normal 0 0 -1
    outer loop
      vertex 12.574 10.6142 1.15
      vertex 12.7071 13.3229 1.15
      vertex 12.7071 10.6771 1.15
    endloop
  endfacet
  facet normal 0 0 -1
    outer loop
      vertex 12.574 10.6142 1.15
      vertex 12.574 13.3858 1.15
      vertex 12.7071 13.3229 1.15
    endloop
  endfacet
  facet normal 0 0 -1
    outer loop
      vertex 12.4354 10.5646 1.15
      vertex 12.574 13.3858 1.15
      vertex 12.574 10.6142 1.15
    endloop
  endfacet
  facet normal 0 0 -1
    outer loop
      vertex 12.4354 10.5646 1.15
      vertex 12.4354 13.4354 1.15
      vertex 12.574 13.3858 1.15
    endloop
  endfacet
  facet normal 0 0 -1
    outer loop
      vertex 12.2926 10.5288 1.15
      vertex 12.4354 13.4354 1.15
      vertex 12.4354 10.5646 1.15
    endloop
  endfacet
  facet normal 0 0 -1
    outer loop
      vertex 12.2926 10.5288 1.15
      vertex 12.2926 13.4712 1.15
      vertex 12.4354 13.4354 1.15
    endloop
  endfacet
  facet normal 0 0 -1
    outer loop
      vertex 12.147 10.5072 1.15
      vertex 12.2926 13.4712 1.15
      vertex 12.2926 10.5288 1.15
    endloop
  endfacet
  facet normal 0 0 -1
    outer loop
      vertex 12.147 10.5072 1.15
      vertex 12.147 13.4928 1.15
      vertex 12.2926 13.4712 1.15
    endloop
  endfacet
  facet normal 0 0 -1
    outer loop
      vertex 12 10.5 1.15
      vertex 12.147 13.4928 1.15
      vertex 12.147 10.5072 1.15
    endloop
  endfacet
  facet normal 0 0 -1
    outer loop
      vertex 12 10.5 1.15
      vertex 12 13.5 1.15
      vertex 12.147 13.4928 1.15
    endloop
  endfacet
  facet normal 0 0 -1
    outer loop
      vertex 11.853 10.5072 1.15
      vertex 12 13.5 1.15
      vertex 12 10.5 1.15
    endloop
  endfacet
  facet normal 0 0 -1
    outer loop
      vertex 11.853 10.5072 1.15
      vertex 11.853 13.4928 1.15
      vertex 12 13.5 1.15
    endloop
  endfacet
  facet normal 0 0 -1
    outer loop
      vertex 11.7074 10.5288 1.15
      vertex 11.853 13.4928 1.15
      vertex 11.853 10.5072 1.15
    endloop
  endfacet
  facet normal 0 0 -1
    outer loop
      vertex 11.7074 10.5288 1.15
      vertex 11.7074 13.4712 1.15
      vertex 11.853 13.4928 1.15
    endloop
  endfacet
  facet normal 0 0 -1
    outer loop
      vertex 11.5646 10.5646 1.15
      vertex 11.7074 13.4712 1.15
      vertex 11.7074 10.5288 1.15
    endloop
  endfacet
  facet normal 0 0 -1
    outer loop
      vertex 11.5646 10.5646 1.15
      vertex 11.5646 13.4354 1.15
      vertex 11.7074 13.4712 1.15
    endloop
  endfacet
  facet normal 0 0 -1
    outer loop
      vertex 11.426 10.6142 1.15
      vertex 11.5646 13.4354 1.15
      vertex 11.5646 10.5646 1.15
    endloop
  endfacet
  facet normal 0 0 -1
    outer loop
      vertex 11.426 10.6142 1.15
      vertex 11.426 13.3858 1.15
      vertex 11.5646 13.4354 1.15
    endloop
  endfacet
  facet normal 0 0 -1
    outer loop
      vertex 11.2929 10.6771 1.15
      vertex 11.426 13.3858 1.15
      vertex 11.426 10.6142 1.15
    endloop
  endfacet
  facet normal 0 0 -1
    outer loop
      vertex 11.2929 10.6771 1.15
      vertex 11.2929 13.3229 1.15
      vertex 11.426 13.3858 1.15
    endloop
  endfacet
  facet normal 0 0 -1
    outer loop
      vertex 11.1666 10.7528 1.15
      vertex 11.2929 13.3229 1.15
      vertex 11.2929 10.6771 1.15
    endloop
  endfacet
  facet normal 0 0 -1
    outer loop
      vertex 11.1666 10.7528 1.15
      vertex 11.1666 13.2472 1.15
      vertex 11.2929 13.3229 1.15
    endloop
  endfacet
  facet normal 0 0 -1
    outer loop
      vertex 11.0484 10.8405 1.15
      vertex 11.1666 13.2472 1.15
      vertex 11.1666 10.7528 1.15
    endloop
  endfacet
  facet normal 0 0 -1
    outer loop
      vertex 11.0484 10.8405 1.15
      vertex 11.0484 13.1595 1.15
      vertex 11.1666 13.2472 1.15
    endloop
  endfacet
  facet normal 0 0 -1
    outer loop
      vertex 10.9393 10.9393 1.15
      vertex 11.0484 13.1595 1.15
      vertex 11.0484 10.8405 1.15
    endloop
  endfacet
  facet normal 0 0 -1
    outer loop
      vertex 10.9393 10.9393 1.15
      vertex 10.9393 13.0607 1.15
      vertex 11.0484 13.1595 1.15
    endloop
  endfacet
  facet normal 0 0 -1
    outer loop
      vertex 10.8405 11.0484 1.15
      vertex 10.9393 13.0607 1.15
      vertex 10.9393 10.9393 1.15
    endloop
  endfacet
  facet normal 0 0 -1
    outer loop
      vertex 10.8405 11.0484 1.15
      vertex 10.8405 12.9516 1.15
      vertex 10.9393 13.0607 1.15
    endloop
  endfacet
  facet normal 0 0 -1
    outer loop
      vertex 10.7528 11.1666 1.15
      vertex 10.8405 12.9516 1.15
      vertex 10.8405 11.0484 1.15
    endloop
  endfacet
  facet normal 0 0 -1
    outer loop
      vertex 10.7528 11.1666 1.15
      vertex 10.7528 12.8334 1.15
      vertex 10.8405 12.9516 1.15
    endloop
  endfacet
  facet normal 0 0 -1
    outer loop
      vertex 10.6771 11.2929 1.15
      vertex 10.7528 12.8334 1.15
      vertex 10.7528 11.1666 1.15
    endloop
  endfacet
  facet normal 0 0 -1
    outer loop
      vertex 10.6771 11.2929 1.15
      vertex 10.6771 12.7071 1.15
      vertex 10.7528 12.8334 1.15
    endloop
  endfacet
  facet normal 0 0 -1
    outer loop
      vertex 10.6142 11.426 1.15
      vertex 10.6771 12.7071 1.15
      vertex 10.6771 11.2929 1.15
    endloop
  endfacet
  facet normal 0 0 -1
    outer loop
      vertex 10.6142 11.426 1.15
      vertex 10.6142 12.574 1.15
      vertex 10.6771 12.7071 1.15
    endloop
  endfacet
  facet normal 0 0 -1
    outer loop
      vertex 10.5646 11.5646 1.15
      vertex 10.6142 12.574 1.15
      vertex 10.6142 11.426 1.15
    endloop
  endfacet
  facet normal 0 0 -1
    outer loop
      vertex 10.5646 11.5646 1.15
      vertex 10.5646 12.4354 1.15
      vertex 10.6142 12.574 1.15
    endloop
  endfacet
  facet normal 0 0 -1
    outer loop
      vertex 10.5288 11.7074 1.15
      vertex 10.5646 12.4354 1.15
      vertex 10.5646 11.5646 1.15
    endloop
  endfacet
  facet normal 0 0 -1
    outer loop
      vertex 10.5288 11.7074 1.15
      vertex 10.5288 12.2926 1.15
      vertex 10.5646 12.4354 1.15
    endloop
  endfacet
  facet normal 0 0 -1
    outer loop
      vertex 10.5072 11.853 1.15
      vertex 10.5288 12.2926 1.15
      vertex 10.5288 11.7074 1.15
    endloop
  endfacet
  facet normal 0 0 -1
    outer loop
      vertex 10.5072 11.853 1.15
      vertex 10.5072 12.147 1.15
      vertex 10.5288 12.2926 1.15
    endloop
  endfacet
  facet normal 0 -0 -1
    outer loop
      vertex 10.5072 12.147 1.15
      vertex 10.5072 11.853 1.15
      vertex 10.5 12 1.15
    endloop
  endfacet
  facet normal 0.74123 0.671251 0
    outer loop
      vertex 13.1595 12.9516 1.25
      vertex 13.0607 13.0607 1.15
      vertex 13.0607 13.0607 1.25
    endloop
  endfacet
  facet normal 0.74123 0.671251 0
    outer loop
      vertex 13.0607 13.0607 1.15
      vertex 13.1595 12.9516 1.25
      vertex 13.1595 12.9516 1.15
    endloop
  endfacet
  facet normal -0.243175 0.969982 0
    outer loop
      vertex 11.7074 13.4712 1.15
      vertex 11.5646 13.4354 1.25
      vertex 11.7074 13.4712 1.25
    endloop
  endfacet
  facet normal -0.243175 0.969982 0
    outer loop
      vertex 11.5646 13.4354 1.25
      vertex 11.7074 13.4712 1.15
      vertex 11.5646 13.4354 1.15
    endloop
  endfacet
  facet normal -0.336939 -0.941527 0
    outer loop
      vertex 11.426 10.6142 1.15
      vertex 11.5646 10.5646 1.25
      vertex 11.426 10.6142 1.25
    endloop
  endfacet
  facet normal -0.336939 -0.941527 -0
    outer loop
      vertex 11.5646 10.5646 1.25
      vertex 11.426 10.6142 1.15
      vertex 11.5646 10.5646 1.15
    endloop
  endfacet
  facet normal -0.904125 0.427269 0
    outer loop
      vertex 10.6142 12.574 1.15
      vertex 10.6771 12.7071 1.25
      vertex 10.6771 12.7071 1.15
    endloop
  endfacet
  facet normal -0.904125 0.427269 0
    outer loop
      vertex 10.6771 12.7071 1.25
      vertex 10.6142 12.574 1.15
      vertex 10.6142 12.574 1.25
    endloop
  endfacet
  facet normal 0 0 1
    outer loop
      vertex 12.0875 12.6484 1.25
      vertex 13.5 12 1.25
      vertex 13.4928 12.147 1.25
    endloop
  endfacet
  facet normal 0 0 1
    outer loop
      vertex 12.0875 12.6484 1.25
      vertex 13.4928 12.147 1.25
      vertex 13.4712 12.2926 1.25
    endloop
  endfacet
  facet normal 0 0 1
    outer loop
      vertex 13.5 12 1.25
      vertex 12.0875 12.6484 1.25
      vertex 13.4928 11.853 1.25
    endloop
  endfacet
  facet normal 0 0 1
    outer loop
      vertex 12.0875 12.6484 1.25
      vertex 13.4712 12.2926 1.25
      vertex 13.4354 12.4354 1.25
    endloop
  endfacet
  facet normal 0 0 1
    outer loop
      vertex 13.4928 11.853 1.25
      vertex 12.0875 12.6484 1.25
      vertex 13.4712 11.7074 1.25
    endloop
  endfacet
  facet normal 0 0 1
    outer loop
      vertex 12.0875 12.6484 1.25
      vertex 13.4354 12.4354 1.25
      vertex 13.3858 12.574 1.25
    endloop
  endfacet
  facet normal 0 0 1
    outer loop
      vertex 13.4712 11.7074 1.25
      vertex 12.0875 12.6484 1.25
      vertex 13.4354 11.5646 1.25
    endloop
  endfacet
  facet normal -0 0 1
    outer loop
      vertex 12.0875 12.6484 1.25
      vertex 13.3858 12.574 1.25
      vertex 13.3229 12.7071 1.25
    endloop
  endfacet
  facet normal 0 0 1
    outer loop
      vertex 13.4354 11.5646 1.25
      vertex 12.0875 12.6484 1.25
      vertex 13.3858 11.426 1.25
    endloop
  endfacet
  facet normal 0 0 1
    outer loop
      vertex 12.0875 12.6484 1.25
      vertex 13.3229 12.7071 1.25
      vertex 13.2472 12.8334 1.25
    endloop
  endfacet
  facet normal 0 0 1
    outer loop
      vertex 13.3858 11.426 1.25
      vertex 12.0875 12.6484 1.25
      vertex 13.3229 11.2929 1.25
    endloop
  endfacet
  facet normal 0 0 1
    outer loop
      vertex 12.0875 12.6484 1.25
      vertex 13.2472 12.8334 1.25
      vertex 13.1595 12.9516 1.25
    endloop
  endfacet
  facet normal 0 0 1
    outer loop
      vertex 13.3229 11.2929 1.25
      vertex 12.0875 12.6484 1.25
      vertex 13.2472 11.1666 1.25
    endloop
  endfacet
  facet normal 0 0 1
    outer loop
      vertex 12.0875 12.6484 1.25
      vertex 13.1595 12.9516 1.25
      vertex 13.0607 13.0607 1.25
    endloop
  endfacet
  facet normal 0 0 1
    outer loop
      vertex 13.2472 11.1666 1.25
      vertex 12.0875 12.6484 1.25
      vertex 13.1595 11.0484 1.25
    endloop
  endfacet
  facet normal 0 0 1
    outer loop
      vertex 12.0875 12.6484 1.25
      vertex 13.0607 13.0607 1.25
      vertex 12.9516 13.1595 1.25
    endloop
  endfacet
  facet normal 0 0 1
    outer loop
      vertex 13.1595 11.0484 1.25
      vertex 12.0875 12.6484 1.25
      vertex 13.0607 10.9393 1.25
    endloop
  endfacet
  facet normal 0 0 1
    outer loop
      vertex 12.0875 12.6484 1.25
      vertex 12.9516 13.1595 1.25
      vertex 12.8334 13.2472 1.25
    endloop
  endfacet
  facet normal 0 0 1
    outer loop
      vertex 13.0607 10.9393 1.25
      vertex 12.0875 12.6484 1.25
      vertex 12.9516 10.8405 1.25
    endloop
  endfacet
  facet normal 0 0 1
    outer loop
      vertex 12.0875 12.9516 1.25
      vertex 12.8334 13.2472 1.25
      vertex 12.7071 13.3229 1.25
    endloop
  endfacet
  facet normal 0 0 1
    outer loop
      vertex 12.9516 10.8405 1.25
      vertex 12.0875 12.6484 1.25
      vertex 12.8334 10.7528 1.25
    endloop
  endfacet
  facet normal 0 0 1
    outer loop
      vertex 12.0875 12.9516 1.25
      vertex 12.7071 13.3229 1.25
      vertex 12.574 13.3858 1.25
    endloop
  endfacet
  facet normal 0 0 1
    outer loop
      vertex 12.8334 10.7528 1.25
      vertex 12.0875 12.6484 1.25
      vertex 12.7071 10.6771 1.25
    endloop
  endfacet
  facet normal 0 0 1
    outer loop
      vertex 12.0875 12.9516 1.25
      vertex 12.574 13.3858 1.25
      vertex 12.4354 13.4354 1.25
    endloop
  endfacet
  facet normal 0 0 1
    outer loop
      vertex 12.7071 10.6771 1.25
      vertex 12.0875 12.6484 1.25
      vertex 12.574 10.6142 1.25
    endloop
  endfacet
  facet normal 0 0 1
    outer loop
      vertex 12.0875 12.9516 1.25
      vertex 12.4354 13.4354 1.25
      vertex 12.2926 13.4712 1.25
    endloop
  endfacet
  facet normal 0 0 1
    outer loop
      vertex 12.574 10.6142 1.25
      vertex 12.0875 12.6484 1.25
      vertex 12.4354 10.5646 1.25
    endloop
  endfacet
  facet normal 0 0 1
    outer loop
      vertex 12.0875 12.9516 1.25
      vertex 12.2926 13.4712 1.25
      vertex 12.147 13.4928 1.25
    endloop
  endfacet
  facet normal 0 0 1
    outer loop
      vertex 12.4354 10.5646 1.25
      vertex 12.0875 12.6484 1.25
      vertex 12.2926 10.5288 1.25
    endloop
  endfacet
  facet normal 0 0 1
    outer loop
      vertex 12.8334 13.2472 1.25
      vertex 12.0875 12.9516 1.25
      vertex 12.0875 12.6484 1.25
    endloop
  endfacet
  facet normal 0 0 1
    outer loop
      vertex 12 13.5 1.25
      vertex 12.0875 12.9516 1.25
      vertex 12.147 13.4928 1.25
    endloop
  endfacet
  facet normal -0 0 1
    outer loop
      vertex 11.853 13.4928 1.25
      vertex 12.0875 12.9516 1.25
      vertex 12 13.5 1.25
    endloop
  endfacet
  facet normal -0 0 1
    outer loop
      vertex 11.7074 13.4712 1.25
      vertex 12.0875 12.9516 1.25
      vertex 11.853 13.4928 1.25
    endloop
  endfacet
  facet normal 0 0 1
    outer loop
      vertex 12.0875 12.9516 1.25
      vertex 11.7074 13.4712 1.25
      vertex 11.825 12.8 1.25
    endloop
  endfacet
  facet normal 0 0 1
    outer loop
      vertex 12.2926 10.5288 1.25
      vertex 12.0875 12.6484 1.25
      vertex 12.147 10.5072 1.25
    endloop
  endfacet
  facet normal 0 0 1
    outer loop
      vertex 12.0875 12.6484 1.25
      vertex 12 10.5 1.25
      vertex 12.147 10.5072 1.25
    endloop
  endfacet
  facet normal 0 0 1
    outer loop
      vertex 12.0875 12.6484 1.25
      vertex 11.853 10.5072 1.25
      vertex 12 10.5 1.25
    endloop
  endfacet
  facet normal 0 0 1
    outer loop
      vertex 10.5288 11.7074 1.25
      vertex 12.0875 12.6484 1.25
      vertex 11.825 12.8 1.25
    endloop
  endfacet
  facet normal -0 0 1
    outer loop
      vertex 11.5646 13.4354 1.25
      vertex 11.825 12.8 1.25
      vertex 11.7074 13.4712 1.25
    endloop
  endfacet
  facet normal 0 0 1
    outer loop
      vertex 12.0875 12.6484 1.25
      vertex 11.7074 10.5288 1.25
      vertex 11.853 10.5072 1.25
    endloop
  endfacet
  facet normal -0 0 1
    outer loop
      vertex 11.426 13.3858 1.25
      vertex 11.825 12.8 1.25
      vertex 11.5646 13.4354 1.25
    endloop
  endfacet
  facet normal 0 0 1
    outer loop
      vertex 12.0875 12.6484 1.25
      vertex 11.5646 10.5646 1.25
      vertex 11.7074 10.5288 1.25
    endloop
  endfacet
  facet normal -0 0 1
    outer loop
      vertex 11.2929 13.3229 1.25
      vertex 11.825 12.8 1.25
      vertex 11.426 13.3858 1.25
    endloop
  endfacet
  facet normal 0 0 1
    outer loop
      vertex 12.0875 12.6484 1.25
      vertex 11.426 10.6142 1.25
      vertex 11.5646 10.5646 1.25
    endloop
  endfacet
  facet normal -0 0 1
    outer loop
      vertex 11.1666 13.2472 1.25
      vertex 11.825 12.8 1.25
      vertex 11.2929 13.3229 1.25
    endloop
  endfacet
  facet normal 0 0 1
    outer loop
      vertex 12.0875 12.6484 1.25
      vertex 11.2929 10.6771 1.25
      vertex 11.426 10.6142 1.25
    endloop
  endfacet
  facet normal -0 0 1
    outer loop
      vertex 11.0484 13.1595 1.25
      vertex 11.825 12.8 1.25
      vertex 11.1666 13.2472 1.25
    endloop
  endfacet
  facet normal 0 0 1
    outer loop
      vertex 12.0875 12.6484 1.25
      vertex 11.1666 10.7528 1.25
      vertex 11.2929 10.6771 1.25
    endloop
  endfacet
  facet normal -0 0 1
    outer loop
      vertex 10.9393 13.0607 1.25
      vertex 11.825 12.8 1.25
      vertex 11.0484 13.1595 1.25
    endloop
  endfacet
  facet normal 0 0 1
    outer loop
      vertex 12.0875 12.6484 1.25
      vertex 11.0484 10.8405 1.25
      vertex 11.1666 10.7528 1.25
    endloop
  endfacet
  facet normal -0 0 1
    outer loop
      vertex 10.8405 12.9516 1.25
      vertex 11.825 12.8 1.25
      vertex 10.9393 13.0607 1.25
    endloop
  endfacet
  facet normal 0 0 1
    outer loop
      vertex 12.0875 12.6484 1.25
      vertex 10.9393 10.9393 1.25
      vertex 11.0484 10.8405 1.25
    endloop
  endfacet
  facet normal -0 0 1
    outer loop
      vertex 10.7528 12.8334 1.25
      vertex 11.825 12.8 1.25
      vertex 10.8405 12.9516 1.25
    endloop
  endfacet
  facet normal 0 0 1
    outer loop
      vertex 12.0875 12.6484 1.25
      vertex 10.8405 11.0484 1.25
      vertex 10.9393 10.9393 1.25
    endloop
  endfacet
  facet normal 0 0 1
    outer loop
      vertex 10.6771 12.7071 1.25
      vertex 11.825 12.8 1.25
      vertex 10.7528 12.8334 1.25
    endloop
  endfacet
  facet normal 0 0 1
    outer loop
      vertex 12.0875 12.6484 1.25
      vertex 10.7528 11.1666 1.25
      vertex 10.8405 11.0484 1.25
    endloop
  endfacet
  facet normal 0 0 1
    outer loop
      vertex 10.6142 12.574 1.25
      vertex 11.825 12.8 1.25
      vertex 10.6771 12.7071 1.25
    endloop
  endfacet
  facet normal 0 0 1
    outer loop
      vertex 12.0875 12.6484 1.25
      vertex 10.6771 11.2929 1.25
      vertex 10.7528 11.1666 1.25
    endloop
  endfacet
  facet normal 0 0 1
    outer loop
      vertex 10.5646 12.4354 1.25
      vertex 11.825 12.8 1.25
      vertex 10.6142 12.574 1.25
    endloop
  endfacet
  facet normal 0 0 1
    outer loop
      vertex 12.0875 12.6484 1.25
      vertex 10.6142 11.426 1.25
      vertex 10.6771 11.2929 1.25
    endloop
  endfacet
  facet normal 0 0 1
    outer loop
      vertex 10.5288 12.2926 1.25
      vertex 11.825 12.8 1.25
      vertex 10.5646 12.4354 1.25
    endloop
  endfacet
  facet normal 0 0 1
    outer loop
      vertex 12.0875 12.6484 1.25
      vertex 10.5646 11.5646 1.25
      vertex 10.6142 11.426 1.25
    endloop
  endfacet
  facet normal 0 0 1
    outer loop
      vertex 10.5072 12.147 1.25
      vertex 11.825 12.8 1.25
      vertex 10.5288 12.2926 1.25
    endloop
  endfacet
  facet normal 0 0 1
    outer loop
      vertex 12.0875 12.6484 1.25
      vertex 10.5288 11.7074 1.25
      vertex 10.5646 11.5646 1.25
    endloop
  endfacet
  facet normal 0 0 1
    outer loop
      vertex 10.5 12 1.25
      vertex 11.825 12.8 1.25
      vertex 10.5072 12.147 1.25
    endloop
  endfacet
  facet normal 0 0 1
    outer loop
      vertex 11.825 12.8 1.25
      vertex 10.5072 11.853 1.25
      vertex 10.5288 11.7074 1.25
    endloop
  endfacet
  facet normal 0 0 1
    outer loop
      vertex 11.825 12.8 1.25
      vertex 10.5 12 1.25
      vertex 10.5072 11.853 1.25
    endloop
  endfacet
  facet normal -0.998803 0.0489209 0
    outer loop
      vertex 10.5 12 1.15
      vertex 10.5072 12.147 1.25
      vertex 10.5072 12.147 1.15
    endloop
  endfacet
  facet normal -0.998803 0.0489209 0
    outer loop
      vertex 10.5072 12.147 1.25
      vertex 10.5 12 1.15
      vertex 10.5 12 1.25
    endloop
  endfacet
  facet normal -0.969982 0.243175 0
    outer loop
      vertex 10.5288 12.2926 1.15
      vertex 10.5646 12.4354 1.25
      vertex 10.5646 12.4354 1.15
    endloop
  endfacet
  facet normal -0.969982 0.243175 0
    outer loop
      vertex 10.5646 12.4354 1.25
      vertex 10.5288 12.2926 1.15
      vertex 10.5288 12.2926 1.25
    endloop
  endfacet
  facet normal 0.427269 -0.904125 0
    outer loop
      vertex 12.574 10.6142 1.15
      vertex 12.7071 10.6771 1.25
      vertex 12.574 10.6142 1.25
    endloop
  endfacet
  facet normal 0.427269 -0.904125 0
    outer loop
      vertex 12.7071 10.6771 1.25
      vertex 12.574 10.6142 1.15
      vertex 12.7071 10.6771 1.15
    endloop
  endfacet
  facet normal 0.514096 -0.857733 0
    outer loop
      vertex 12.7071 10.6771 1.15
      vertex 12.8334 10.7528 1.25
      vertex 12.7071 10.6771 1.25
    endloop
  endfacet
  facet normal 0.514096 -0.857733 0
    outer loop
      vertex 12.8334 10.7528 1.25
      vertex 12.7071 10.6771 1.15
      vertex 12.8334 10.7528 1.15
    endloop
  endfacet
  facet normal -0.803088 0.595861 0
    outer loop
      vertex 10.7528 12.8334 1.15
      vertex 10.8405 12.9516 1.25
      vertex 10.8405 12.9516 1.15
    endloop
  endfacet
  facet normal -0.803088 0.595861 0
    outer loop
      vertex 10.8405 12.9516 1.25
      vertex 10.7528 12.8334 1.15
      vertex 10.7528 12.8334 1.25
    endloop
  endfacet
  facet normal -0.671251 -0.74123 0
    outer loop
      vertex 10.9393 10.9393 1.15
      vertex 11.0484 10.8405 1.25
      vertex 10.9393 10.9393 1.25
    endloop
  endfacet
  facet normal -0.671251 -0.74123 -0
    outer loop
      vertex 11.0484 10.8405 1.25
      vertex 10.9393 10.9393 1.15
      vertex 11.0484 10.8405 1.15
    endloop
  endfacet
  facet normal -0.427269 0.904125 0
    outer loop
      vertex 11.426 13.3858 1.15
      vertex 11.2929 13.3229 1.25
      vertex 11.426 13.3858 1.25
    endloop
  endfacet
  facet normal -0.427269 0.904125 0
    outer loop
      vertex 11.2929 13.3229 1.25
      vertex 11.426 13.3858 1.15
      vertex 11.2929 13.3229 1.15
    endloop
  endfacet
  facet normal -0.282785 -0.48965 0.824788
    outer loop
      vertex 12 12.8 1.31
      vertex 11.825 12.8 1.25
      vertex 12.0875 12.6484 1.25
    endloop
  endfacet
  facet normal 0.565528 0 0.824729
    outer loop
      vertex 12.0875 12.9516 1.25
      vertex 12 12.8 1.31
      vertex 12.0875 12.6484 1.25
    endloop
  endfacet
  facet normal -0.282785 0.48965 0.824788
    outer loop
      vertex 12.0875 12.9516 1.25
      vertex 11.825 12.8 1.25
      vertex 12 12.8 1.31
    endloop
  endfacet
  facet normal 0 0 -1
    outer loop
      vertex 11.8652 13.0539 1.32
      vertex 11.692 13.0539 1.32
      vertex 11.8652 13.54 1.32
    endloop
  endfacet
  facet normal 0 0 -1
    outer loop
      vertex 12.3271 13.0539 1.32
      vertex 12.1538 13.2766 1.32
      vertex 12.3271 13.7627 1.32
    endloop
  endfacet
  facet normal 0 0 -1
    outer loop
      vertex 12.123 13.0539 1.32
      vertex 12.1538 13.2766 1.32
      vertex 12.3271 13.0539 1.32
    endloop
  endfacet
  facet normal 0 0 -1
    outer loop
      vertex 11.8652 13.54 1.32
      vertex 12.1538 13.2766 1.32
      vertex 12.123 13.0539 1.32
    endloop
  endfacet
  facet normal 0 0 -1
    outer loop
      vertex 12.1538 13.2766 1.32
      vertex 11.8652 13.54 1.32
      vertex 11.8961 13.7627 1.32
    endloop
  endfacet
  facet normal 0 0 -1
    outer loop
      vertex 11.692 13.7627 1.32
      vertex 11.8652 13.54 1.32
      vertex 11.692 13.0539 1.32
    endloop
  endfacet
  facet normal 0 0 -1
    outer loop
      vertex 11.8652 13.54 1.32
      vertex 11.692 13.7627 1.32
      vertex 11.8961 13.7627 1.32
    endloop
  endfacet
  facet normal -0 0 -1
    outer loop
      vertex 12.3271 13.7627 1.32
      vertex 12.1538 13.2766 1.32
      vertex 12.1538 13.7627 1.32
    endloop
  endfacet
  facet normal 0 0 1
    outer loop
      vertex 12.1538 13.2766 1.47
      vertex 12.3271 13.7627 1.47
      vertex 12.1538 13.7627 1.47
    endloop
  endfacet
  facet normal 0 0 1
    outer loop
      vertex 12.3271 13.7627 1.47
      vertex 12.1538 13.2766 1.47
      vertex 12.3271 13.0539 1.47
    endloop
  endfacet
  facet normal 0 0 1
    outer loop
      vertex 12.1538 13.2766 1.47
      vertex 12.123 13.0539 1.47
      vertex 12.3271 13.0539 1.47
    endloop
  endfacet
  facet normal -0 0 1
    outer loop
      vertex 11.8652 13.54 1.47
      vertex 12.1538 13.2766 1.47
      vertex 11.8961 13.7627 1.47
    endloop
  endfacet
  facet normal 0 0 1
    outer loop
      vertex 12.1538 13.2766 1.47
      vertex 11.8652 13.54 1.47
      vertex 12.123 13.0539 1.47
    endloop
  endfacet
  facet normal -0 0 1
    outer loop
      vertex 11.692 13.7627 1.47
      vertex 11.8652 13.54 1.47
      vertex 11.8961 13.7627 1.47
    endloop
  endfacet
  facet normal 0 0 1
    outer loop
      vertex 11.692 13.0539 1.47
      vertex 11.8652 13.54 1.47
      vertex 11.692 13.7627 1.47
    endloop
  endfacet
  facet normal 0 0 1
    outer loop
      vertex 11.8652 13.54 1.47
      vertex 11.692 13.0539 1.47
      vertex 11.8652 13.0539 1.47
    endloop
  endfacet
  facet normal -0.883447 -0.468531 0
    outer loop
      vertex 12.123 13.0539 1.32
      vertex 11.8652 13.54 1.47
      vertex 11.8652 13.54 1.32
    endloop
  endfacet
  facet normal -0.883447 -0.468531 0
    outer loop
      vertex 11.8652 13.54 1.47
      vertex 12.123 13.0539 1.32
      vertex 12.123 13.0539 1.47
    endloop
  endfacet
  facet normal 0 -1 0
    outer loop
      vertex 12.123 13.0539 1.32
      vertex 12.3271 13.0539 1.47
      vertex 12.123 13.0539 1.47
    endloop
  endfacet
  facet normal 0 -1 -0
    outer loop
      vertex 12.3271 13.0539 1.47
      vertex 12.123 13.0539 1.32
      vertex 12.3271 13.0539 1.32
    endloop
  endfacet
  facet normal 1 -0 0
    outer loop
      vertex 12.3271 13.0539 1.47
      vertex 12.3271 13.7627 1.32
      vertex 12.3271 13.7627 1.47
    endloop
  endfacet
  facet normal 1 0 0
    outer loop
      vertex 12.3271 13.7627 1.32
      vertex 12.3271 13.0539 1.47
      vertex 12.3271 13.0539 1.32
    endloop
  endfacet
  facet normal 0 1 -0
    outer loop
      vertex 12.3271 13.7627 1.32
      vertex 12.1538 13.7627 1.47
      vertex 12.3271 13.7627 1.47
    endloop
  endfacet
  facet normal 0 1 0
    outer loop
      vertex 12.1538 13.7627 1.47
      vertex 12.3271 13.7627 1.32
      vertex 12.1538 13.7627 1.32
    endloop
  endfacet
  facet normal -1 0 0
    outer loop
      vertex 12.1538 13.2766 1.32
      vertex 12.1538 13.7627 1.47
      vertex 12.1538 13.7627 1.32
    endloop
  endfacet
  facet normal -1 -0 0
    outer loop
      vertex 12.1538 13.7627 1.47
      vertex 12.1538 13.2766 1.32
      vertex 12.1538 13.2766 1.47
    endloop
  endfacet
  facet normal 0.883523 0.468389 0
    outer loop
      vertex 12.1538 13.2766 1.47
      vertex 11.8961 13.7627 1.32
      vertex 11.8961 13.7627 1.47
    endloop
  endfacet
  facet normal 0.883523 0.468389 0
    outer loop
      vertex 11.8961 13.7627 1.32
      vertex 12.1538 13.2766 1.47
      vertex 12.1538 13.2766 1.32
    endloop
  endfacet
  facet normal 0 1 -0
    outer loop
      vertex 11.8961 13.7627 1.32
      vertex 11.692 13.7627 1.47
      vertex 11.8961 13.7627 1.47
    endloop
  endfacet
  facet normal 0 1 0
    outer loop
      vertex 11.692 13.7627 1.47
      vertex 11.8961 13.7627 1.32
      vertex 11.692 13.7627 1.32
    endloop
  endfacet
  facet normal -1 0 0
    outer loop
      vertex 11.692 13.0539 1.32
      vertex 11.692 13.7627 1.47
      vertex 11.692 13.7627 1.32
    endloop
  endfacet
  facet normal -1 -0 0
    outer loop
      vertex 11.692 13.7627 1.47
      vertex 11.692 13.0539 1.32
      vertex 11.692 13.0539 1.47
    endloop
  endfacet
  facet normal 0 -1 0
    outer loop
      vertex 11.692 13.0539 1.32
      vertex 11.8652 13.0539 1.47
      vertex 11.692 13.0539 1.47
    endloop
  endfacet
  facet normal 0 -1 -0
    outer loop
      vertex 11.8652 13.0539 1.47
      vertex 11.692 13.0539 1.32
      vertex 11.8652 13.0539 1.32
    endloop
  endfacet
  facet normal 1 -0 0
    outer loop
      vertex 11.8652 13.0539 1.47
      vertex 11.8652 13.54 1.32
      vertex 11.8652 13.54 1.47
    endloop
  endfacet
  facet normal 1 0 0
    outer loop
      vertex 11.8652 13.54 1.32
      vertex 11.8652 13.0539 1.47
      vertex 11.8652 13.0539 1.32
    endloop
  endfacet
  facet normal 0.963518 0.267644 0
    outer loop
      vertex 14 -9 0
      vertex 9 9 -0.0999994
      vertex 9 9 0
    endloop
  endfacet
  facet normal 0.963518 0.267644 0
    outer loop
      vertex 9 9 -0.0999994
      vertex 14 -9 0
      vertex 9 9 -1
    endloop
  endfacet
  facet normal 0.963518 0.267644 0
    outer loop
      vertex 9 9 -1
      vertex 14 -9 0
      vertex 14 -9 -1
    endloop
  endfacet
  facet normal -1 0 0
    outer loop
      vertex -9 -9 -1
      vertex -9 9 -0.0999994
      vertex -9 9 -1
    endloop
  endfacet
  facet normal -1 0 0
    outer loop
      vertex -9 -9 0
      vertex -9 9 -0.0999994
      vertex -9 -9 -1
    endloop
  endfacet
  facet normal -1 0 0
    outer loop
      vertex -9 9 -0.0999994
      vertex -9 -9 0
      vertex -9 9 0
    endloop
  endfacet
  facet normal 0 -1 0
    outer loop
      vertex -9 -9 -1
      vertex 14 -9 0
      vertex -9 -9 0
    endloop
  endfacet
  facet normal 0 -1 -0
    outer loop
      vertex 14 -9 0
      vertex -9 -9 -1
      vertex 14 -9 -1
    endloop
  endfacet
  facet normal 0 0 -1
    outer loop
      vertex -9 -9 -1
      vertex 9 9 -1
      vertex 14 -9 -1
    endloop
  endfacet
  facet normal -0 0 -1
    outer loop
      vertex 9 9 -1
      vertex -9 -9 -1
      vertex -9 9 -1
    endloop
  endfacet
  facet normal 1 -0 0
    outer loop
      vertex 4.65 -4.65 2
      vertex 4.65 4.65 0
      vertex 4.65 4.65 2
    endloop
  endfacet
  facet normal 1 0 0
    outer loop
      vertex 4.65 4.65 0
      vertex 4.65 -4.65 2
      vertex 4.65 -4.65 0
    endloop
  endfacet
  facet normal -0 0 1
    outer loop
      vertex -4.65 4.65 2
      vertex 4.65 -4.65 2
      vertex 4.65 4.65 2
    endloop
  endfacet
  facet normal 0 0 1
    outer loop
      vertex 4.65 -4.65 2
      vertex -4.65 4.65 2
      vertex -4.65 -4.65 2
    endloop
  endfacet
  facet normal -1 0 0
    outer loop
      vertex -4.65 -4.65 0
      vertex -4.65 4.65 2
      vertex -4.65 4.65 0
    endloop
  endfacet
  facet normal -1 -0 0
    outer loop
      vertex -4.65 4.65 2
      vertex -4.65 -4.65 0
      vertex -4.65 -4.65 2
    endloop
  endfacet
  facet normal 0 1 -0
    outer loop
      vertex 4.65 4.65 0
      vertex -4.65 4.65 2
      vertex 4.65 4.65 2
    endloop
  endfacet
  facet normal 0 1 0
    outer loop
      vertex -4.65 4.65 2
      vertex 4.65 4.65 0
      vertex -4.65 4.65 0
    endloop
  endfacet
  facet normal 0 -1 0
    outer loop
      vertex -4.65 -4.65 0
      vertex 4.65 -4.65 2
      vertex -4.65 -4.65 2
    endloop
  endfacet
  facet normal 0 -1 -0
    outer loop
      vertex 4.65 -4.65 2
      vertex -4.65 -4.65 0
      vertex 4.65 -4.65 0
    endloop
  endfacet
endsolid OpenSCAD_Model
