solid OpenSCAD_Model
  facet normal 0.963518 0.267644 0
    outer loop
      vertex 14 -9 0
      vertex 9 9 -0.1
      vertex 9 9 0
    endloop
  endfacet
  facet normal 0.963518 0.267644 0
    outer loop
      vertex 9 9 -0.1
      vertex 14 -9 0
      vertex 9 9 -1
    endloop
  endfacet
  facet normal 0.963518 0.267644 0
    outer loop
      vertex 9 9 -1
      vertex 14 -9 0
      vertex 14 -9 -1
    endloop
  endfacet
  facet normal -1 0 0
    outer loop
      vertex -9 9 -1
      vertex -9 -9 0
      vertex -9 9 0
    endloop
  endfacet
  facet normal -1 0 0
    outer loop
      vertex -9 -9.39999 -1
      vertex -9 -9 0
      vertex -9 9 -1
    endloop
  endfacet
  facet normal -1 -0 0
    outer loop
      vertex -9 -9 0
      vertex -9 -9.39999 -1
      vertex -9 -9.39999 0
    endloop
  endfacet
  facet normal 0 -1 0
    outer loop
      vertex -35 9 2.58889
      vertex -13 9 1
      vertex -9.25 9 1.01528
    endloop
  endfacet
  facet normal 0 -1 0
    outer loop
      vertex -35 9 0.0888882
      vertex -13 9 1
      vertex -35 9 2.58889
    endloop
  endfacet
  facet normal 0 -1 0
    outer loop
      vertex -35 9 0.0888882
      vertex -13 9 0
      vertex -13 9 1
    endloop
  endfacet
  facet normal 0 -1 0
    outer loop
      vertex -13 9 0
      vertex -9 9 -1
      vertex -9 9 0
    endloop
  endfacet
  facet normal 0 -1 0
    outer loop
      vertex -35 9 0.0888882
      vertex -9 9 -1
      vertex -13 9 0
    endloop
  endfacet
  facet normal 0 -1 0
    outer loop
      vertex 35 9 -4.18889
      vertex 9 9 -1
      vertex -9 9 -1
    endloop
  endfacet
  facet normal 0 -1 0
    outer loop
      vertex 9 9 -1
      vertex 35 9 -4.18889
      vertex 35 9 -1.68889
    endloop
  endfacet
  facet normal 0 -1 0
    outer loop
      vertex 35 9 -4.18889
      vertex -9 9 -1
      vertex -35 9 0.0888882
    endloop
  endfacet
  facet normal 0 -1 -0
    outer loop
      vertex -9.25 9 1.01528
      vertex -13 9 1
      vertex -9.25 9 1
    endloop
  endfacet
  facet normal 0 -1 0
    outer loop
      vertex 9 9 -0.1
      vertex 9 9 -1
      vertex 35 9 -1.68889
    endloop
  endfacet
  facet normal 0 -1 0
    outer loop
      vertex -9 9 0
      vertex 1.80001 9 0.339999
      vertex -9 9 0.339999
    endloop
  endfacet
  facet normal 0 -1 -0
    outer loop
      vertex 1.80001 9 0.339999
      vertex -9 9 0
      vertex 7.36364 9 0
    endloop
  endfacet
  facet normal 0 1 -0
    outer loop
      vertex 9 9 -0.1
      vertex 7.36364 9 0
      vertex 9 9 0
    endloop
  endfacet
  facet normal 0 -1 0
    outer loop
      vertex -0.163625 9 0.459999
      vertex -8.75 9 0.984722
      vertex -8.75 9 0.459999
    endloop
  endfacet
  facet normal 0 0 -1
    outer loop
      vertex -9 -9.39999 -1
      vertex 14 -9 -1
      vertex 14 -9.39999 -1
    endloop
  endfacet
  facet normal -0 0 -1
    outer loop
      vertex 14 -9 -1
      vertex -9 -9.39999 -1
      vertex 9 9 -1
    endloop
  endfacet
  facet normal -0 0 -1
    outer loop
      vertex 9 9 -1
      vertex -9 -9.39999 -1
      vertex -9 9 -1
    endloop
  endfacet
  facet normal -0 0 1
    outer loop
      vertex 7.36364 9 0
      vertex 14 -9 0
      vertex 9 9 0
    endloop
  endfacet
  facet normal 0 0 1
    outer loop
      vertex -9 -9 0
      vertex 14 -9 0
      vertex 7.36364 9 0
    endloop
  endfacet
  facet normal 0 0 1
    outer loop
      vertex -9 -9 0
      vertex 7.36364 9 0
      vertex -9 9 0
    endloop
  endfacet
  facet normal 0 0 1
    outer loop
      vertex 14 -9 0
      vertex -9 -9 0
      vertex 14 -9.39999 0
    endloop
  endfacet
  facet normal 0 0 1
    outer loop
      vertex 14 -9.39999 0
      vertex -9 -9 0
      vertex -9 -9.39999 0
    endloop
  endfacet
  facet normal 1 -0 0
    outer loop
      vertex -9 -9 0.339999
      vertex -9 9 0
      vertex -9 9 0.339999
    endloop
  endfacet
  facet normal 1 0 0
    outer loop
      vertex -9 9 0
      vertex -9 -9 0.339999
      vertex -9 -9 0
    endloop
  endfacet
  facet normal 1 -0 0
    outer loop
      vertex -9 -8.75 1
      vertex -9 8.75 0.459999
      vertex -9 8.75 1
    endloop
  endfacet
  facet normal 1 0 0
    outer loop
      vertex -9 8.75 0.459999
      vertex -9 -8.75 1
      vertex -9 -8.75 0.459999
    endloop
  endfacet
  facet normal 0 0 1
    outer loop
      vertex -9.0245 8.7512 1
      vertex -9 -8.75 1
      vertex -9 8.75 1
    endloop
  endfacet
  facet normal 0 0 1
    outer loop
      vertex -9.0245 8.7512 1
      vertex -9.0245 -8.7512 1
      vertex -9 -8.75 1
    endloop
  endfacet
  facet normal 0 0 1
    outer loop
      vertex -9.04877 8.7548 1
      vertex -9.0245 -8.7512 1
      vertex -9.0245 8.7512 1
    endloop
  endfacet
  facet normal 0 0 1
    outer loop
      vertex -9.04877 8.7548 1
      vertex -9.04877 -8.7548 1
      vertex -9.0245 -8.7512 1
    endloop
  endfacet
  facet normal 0 0 1
    outer loop
      vertex -9.07257 8.76076 1
      vertex -9.04877 -8.7548 1
      vertex -9.04877 8.7548 1
    endloop
  endfacet
  facet normal 0 0 1
    outer loop
      vertex -9.07257 8.76076 1
      vertex -9.07257 -8.76076 1
      vertex -9.04877 -8.7548 1
    endloop
  endfacet
  facet normal 0 0 1
    outer loop
      vertex -13 9 1
      vertex -9.07257 8.76076 1
      vertex -9.09567 8.76903 1
    endloop
  endfacet
  facet normal 0 0 1
    outer loop
      vertex -9.07257 8.76076 1
      vertex -13 9 1
      vertex -9.07257 -8.76076 1
    endloop
  endfacet
  facet normal 0 0 1
    outer loop
      vertex -13 9 1
      vertex -9.09567 8.76903 1
      vertex -9.11785 8.77952 1
    endloop
  endfacet
  facet normal 0 0 1
    outer loop
      vertex -13 -9 1
      vertex -9.07257 -8.76076 1
      vertex -13 9 1
    endloop
  endfacet
  facet normal 0 0 1
    outer loop
      vertex -13 9 1
      vertex -9.11785 8.77952 1
      vertex -9.13889 8.79213 1
    endloop
  endfacet
  facet normal 0 0 1
    outer loop
      vertex -9.07257 -8.76076 1
      vertex -13 -9 1
      vertex -9.09567 -8.76903 1
    endloop
  endfacet
  facet normal 0 0 1
    outer loop
      vertex -13 9 1
      vertex -9.13889 8.79213 1
      vertex -9.1586 8.80675 1
    endloop
  endfacet
  facet normal 0 0 1
    outer loop
      vertex -9.09567 -8.76903 1
      vertex -13 -9 1
      vertex -9.11785 -8.77952 1
    endloop
  endfacet
  facet normal 0 0 1
    outer loop
      vertex -13 9 1
      vertex -9.1586 8.80675 1
      vertex -9.17678 8.82322 1
    endloop
  endfacet
  facet normal 0 0 1
    outer loop
      vertex -9.11785 -8.77952 1
      vertex -13 -9 1
      vertex -9.13889 -8.79213 1
    endloop
  endfacet
  facet normal 0 0 1
    outer loop
      vertex -13 9 1
      vertex -9.17678 8.82322 1
      vertex -9.19325 8.8414 1
    endloop
  endfacet
  facet normal 0 0 1
    outer loop
      vertex -9.13889 -8.79213 1
      vertex -13 -9 1
      vertex -9.1586 -8.80675 1
    endloop
  endfacet
  facet normal 0 0 1
    outer loop
      vertex -13 9 1
      vertex -9.19325 8.8414 1
      vertex -9.20787 8.86111 1
    endloop
  endfacet
  facet normal 0 0 1
    outer loop
      vertex -9.1586 -8.80675 1
      vertex -13 -9 1
      vertex -9.17678 -8.82322 1
    endloop
  endfacet
  facet normal 0 0 1
    outer loop
      vertex -13 9 1
      vertex -9.20787 8.86111 1
      vertex -9.22048 8.88215 1
    endloop
  endfacet
  facet normal 0 0 1
    outer loop
      vertex -9.17678 -8.82322 1
      vertex -13 -9 1
      vertex -9.19325 -8.8414 1
    endloop
  endfacet
  facet normal 0 0 1
    outer loop
      vertex -13 9 1
      vertex -9.22048 8.88215 1
      vertex -9.23097 8.90433 1
    endloop
  endfacet
  facet normal 0 0 1
    outer loop
      vertex -9.19325 -8.8414 1
      vertex -13 -9 1
      vertex -9.20787 -8.86111 1
    endloop
  endfacet
  facet normal 0 0 1
    outer loop
      vertex -13 9 1
      vertex -9.23097 8.90433 1
      vertex -9.23923 8.92743 1
    endloop
  endfacet
  facet normal 0 0 1
    outer loop
      vertex -9.20787 -8.86111 1
      vertex -13 -9 1
      vertex -9.22048 -8.88215 1
    endloop
  endfacet
  facet normal 0 0 1
    outer loop
      vertex -13 9 1
      vertex -9.23923 8.92743 1
      vertex -9.2452 8.95123 1
    endloop
  endfacet
  facet normal 0 0 1
    outer loop
      vertex -9.22048 -8.88215 1
      vertex -13 -9 1
      vertex -9.23097 -8.90433 1
    endloop
  endfacet
  facet normal 0 0 1
    outer loop
      vertex -13 9 1
      vertex -9.2452 8.95123 1
      vertex -9.2488 8.9755 1
    endloop
  endfacet
  facet normal 0 0 1
    outer loop
      vertex -9.23097 -8.90433 1
      vertex -13 -9 1
      vertex -9.23923 -8.92743 1
    endloop
  endfacet
  facet normal -0 0 1
    outer loop
      vertex -13 9 1
      vertex -9.2488 8.9755 1
      vertex -9.25 9 1
    endloop
  endfacet
  facet normal 0 0 1
    outer loop
      vertex -9.23923 -8.92743 1
      vertex -13 -9 1
      vertex -9.2452 -8.95123 1
    endloop
  endfacet
  facet normal 0 0 1
    outer loop
      vertex -9.2452 -8.95123 1
      vertex -13 -9 1
      vertex -9.2488 -8.9755 1
    endloop
  endfacet
  facet normal 0 0 1
    outer loop
      vertex -9.2488 -8.9755 1
      vertex -13 -9 1
      vertex -9.25 -9 1
    endloop
  endfacet
  facet normal 0 0 -1
    outer loop
      vertex -13 -9 0
      vertex -9 9 0
      vertex -9 -9 0
    endloop
  endfacet
  facet normal -0 0 -1
    outer loop
      vertex -9 9 0
      vertex -13 -9 0
      vertex -13 9 0
    endloop
  endfacet
  facet normal -1 0 0
    outer loop
      vertex -13 -9 0
      vertex -13 9 1
      vertex -13 9 0
    endloop
  endfacet
  facet normal -1 -0 0
    outer loop
      vertex -13 9 1
      vertex -13 -9 0
      vertex -13 -9 1
    endloop
  endfacet
  facet normal 0 -1 0
    outer loop
      vertex -13 -9 1
      vertex -9.25 -9 0.349999
      vertex -9.25 -9 1
    endloop
  endfacet
  facet normal 0 -1 0
    outer loop
      vertex -9.25 -9 0.349999
      vertex -9 -9 0.339999
      vertex -9 -9 0.349999
    endloop
  endfacet
  facet normal 0 -1 0
    outer loop
      vertex -13 -9 0
      vertex -9.25 -9 0.349999
      vertex -13 -9 1
    endloop
  endfacet
  facet normal 0 -1 0
    outer loop
      vertex -9 -9 0
      vertex -9.25 -9 0.349999
      vertex -13 -9 0
    endloop
  endfacet
  facet normal 0 -1 0
    outer loop
      vertex -9.25 -9 0.349999
      vertex -9 -9 0
      vertex -9 -9 0.339999
    endloop
  endfacet
  facet normal 0 1 0
    outer loop
      vertex -30.5034 12.25 2.35414
      vertex -33 12.25 2.48667
      vertex -32.9988 12.25 2.50663
    endloop
  endfacet
  facet normal 0 1 0
    outer loop
      vertex -33 12.25 2.48667
      vertex -30.5034 12.25 2.35414
      vertex -30.5047 12.25 2.33417
    endloop
  endfacet
  facet normal 0 -1 0
    outer loop
      vertex -33 12 2.48667
      vertex -30.5034 12 2.35414
      vertex -32.9988 12 2.50663
    endloop
  endfacet
  facet normal -0 -1 0
    outer loop
      vertex -30.5034 12 2.35414
      vertex -33 12 2.48667
      vertex -30.5047 12 2.33417
    endloop
  endfacet
  facet normal 0.0609947 0 0.998138
    outer loop
      vertex -32.9988 12.25 2.50663
      vertex -30.5034 12 2.35414
      vertex -30.5034 12.25 2.35414
    endloop
  endfacet
  facet normal 0.0609947 0 0.998138
    outer loop
      vertex -30.5034 12 2.35414
      vertex -32.9988 12.25 2.50663
      vertex -32.9988 12 2.50663
    endloop
  endfacet
  facet normal 0.997888 0 -0.0649602
    outer loop
      vertex -30.5034 12 2.35414
      vertex -30.5047 12.25 2.33417
      vertex -30.5034 12.25 2.35414
    endloop
  endfacet
  facet normal 0.997888 0 -0.0649602
    outer loop
      vertex -30.5047 12.25 2.33417
      vertex -30.5034 12 2.35414
      vertex -30.5047 12 2.33417
    endloop
  endfacet
  facet normal -0.998198 0 0.0600119
    outer loop
      vertex -33 12 2.48667
      vertex -32.9988 12.25 2.50663
      vertex -33 12.25 2.48667
    endloop
  endfacet
  facet normal -0.998198 0 0.0600119
    outer loop
      vertex -32.9988 12.25 2.50663
      vertex -33 12 2.48667
      vertex -32.9988 12 2.50663
    endloop
  endfacet
  facet normal -0.0610011 0 -0.998138
    outer loop
      vertex -33 12 2.48667
      vertex -30.5047 12.25 2.33417
      vertex -30.5047 12 2.33417
    endloop
  endfacet
  facet normal -0.0610011 0 -0.998138
    outer loop
      vertex -30.5047 12.25 2.33417
      vertex -33 12 2.48667
      vertex -33 12.25 2.48667
    endloop
  endfacet
  facet normal 0.0609947 0 0.998138
    outer loop
      vertex -28.9988 12.25 2.26218
      vertex -26.5034 12 2.10969
      vertex -26.5034 12.25 2.10969
    endloop
  endfacet
  facet normal 0.0609947 0 0.998138
    outer loop
      vertex -26.5034 12 2.10969
      vertex -28.9988 12.25 2.26218
      vertex -28.9988 12 2.26218
    endloop
  endfacet
  facet normal 0.997886 0 -0.0649926
    outer loop
      vertex -26.5034 12 2.10969
      vertex -26.5047 12.25 2.08973
      vertex -26.5034 12.25 2.10969
    endloop
  endfacet
  facet normal 0.997886 0 -0.0649926
    outer loop
      vertex -26.5047 12.25 2.08973
      vertex -26.5034 12 2.10969
      vertex -26.5047 12 2.08973
    endloop
  endfacet
  facet normal -0.0609971 0 -0.998138
    outer loop
      vertex -29 12 2.24222
      vertex -26.5047 12.25 2.08973
      vertex -26.5047 12 2.08973
    endloop
  endfacet
  facet normal -0.0609971 0 -0.998138
    outer loop
      vertex -26.5047 12.25 2.08973
      vertex -29 12 2.24222
      vertex -29 12.25 2.24222
    endloop
  endfacet
  facet normal 0 1 0
    outer loop
      vertex -26.5034 12.25 2.10969
      vertex -29 12.25 2.24222
      vertex -28.9988 12.25 2.26218
    endloop
  endfacet
  facet normal 0 1 0
    outer loop
      vertex -29 12.25 2.24222
      vertex -26.5034 12.25 2.10969
      vertex -26.5047 12.25 2.08973
    endloop
  endfacet
  facet normal -0.998198 0 0.0600119
    outer loop
      vertex -29 12 2.24222
      vertex -28.9988 12.25 2.26218
      vertex -29 12.25 2.24222
    endloop
  endfacet
  facet normal -0.998198 0 0.0600119
    outer loop
      vertex -28.9988 12.25 2.26218
      vertex -29 12 2.24222
      vertex -28.9988 12 2.26218
    endloop
  endfacet
  facet normal 0 -1 0
    outer loop
      vertex -29 12 2.24222
      vertex -26.5034 12 2.10969
      vertex -28.9988 12 2.26218
    endloop
  endfacet
  facet normal -0 -1 0
    outer loop
      vertex -26.5034 12 2.10969
      vertex -29 12 2.24222
      vertex -26.5047 12 2.08973
    endloop
  endfacet
  facet normal 0 1 0
    outer loop
      vertex -22.5034 12.25 1.86525
      vertex -25 12.25 1.99778
      vertex -24.9988 12.25 2.01774
    endloop
  endfacet
  facet normal 0 1 0
    outer loop
      vertex -25 12.25 1.99778
      vertex -22.5034 12.25 1.86525
      vertex -22.5047 12.25 1.84528
    endloop
  endfacet
  facet normal 0 -1 0
    outer loop
      vertex -25 12 1.99778
      vertex -22.5034 12 1.86525
      vertex -24.9988 12 2.01774
    endloop
  endfacet
  facet normal -0 -1 0
    outer loop
      vertex -22.5034 12 1.86525
      vertex -25 12 1.99778
      vertex -22.5047 12 1.84528
    endloop
  endfacet
  facet normal 0.0609947 0 0.998138
    outer loop
      vertex -24.9988 12.25 2.01774
      vertex -22.5034 12 1.86525
      vertex -22.5034 12.25 1.86525
    endloop
  endfacet
  facet normal 0.0609947 0 0.998138
    outer loop
      vertex -22.5034 12 1.86525
      vertex -24.9988 12.25 2.01774
      vertex -24.9988 12 2.01774
    endloop
  endfacet
  facet normal 0.997888 0 -0.0649602
    outer loop
      vertex -22.5034 12 1.86525
      vertex -22.5047 12.25 1.84528
      vertex -22.5034 12.25 1.86525
    endloop
  endfacet
  facet normal 0.997888 0 -0.0649602
    outer loop
      vertex -22.5047 12.25 1.84528
      vertex -22.5034 12 1.86525
      vertex -22.5047 12 1.84528
    endloop
  endfacet
  facet normal -0.998198 0 0.0600119
    outer loop
      vertex -25 12 1.99778
      vertex -24.9988 12.25 2.01774
      vertex -25 12.25 1.99778
    endloop
  endfacet
  facet normal -0.998198 0 0.0600119
    outer loop
      vertex -24.9988 12.25 2.01774
      vertex -25 12 1.99778
      vertex -24.9988 12 2.01774
    endloop
  endfacet
  facet normal -0.0610011 0 -0.998138
    outer loop
      vertex -25 12 1.99778
      vertex -22.5047 12.25 1.84528
      vertex -22.5047 12 1.84528
    endloop
  endfacet
  facet normal -0.0610011 0 -0.998138
    outer loop
      vertex -22.5047 12.25 1.84528
      vertex -25 12 1.99778
      vertex -25 12.25 1.99778
    endloop
  endfacet
  facet normal 0 1 0
    outer loop
      vertex -18.5034 12.25 1.6208
      vertex -21 12.25 1.75333
      vertex -20.9988 12.25 1.7733
    endloop
  endfacet
  facet normal 0 1 0
    outer loop
      vertex -21 12.25 1.75333
      vertex -18.5034 12.25 1.6208
      vertex -18.5047 12.25 1.60084
    endloop
  endfacet
  facet normal 0 -1 0
    outer loop
      vertex -21 12 1.75333
      vertex -18.5034 12 1.6208
      vertex -20.9988 12 1.7733
    endloop
  endfacet
  facet normal -0 -1 0
    outer loop
      vertex -18.5034 12 1.6208
      vertex -21 12 1.75333
      vertex -18.5047 12 1.60084
    endloop
  endfacet
  facet normal 0.0609986 0 0.998138
    outer loop
      vertex -20.9988 12.25 1.7733
      vertex -18.5034 12 1.6208
      vertex -18.5034 12.25 1.6208
    endloop
  endfacet
  facet normal 0.0609986 0 0.998138
    outer loop
      vertex -18.5034 12 1.6208
      vertex -20.9988 12.25 1.7733
      vertex -20.9988 12 1.7733
    endloop
  endfacet
  facet normal 0.997886 0 -0.0649926
    outer loop
      vertex -18.5034 12 1.6208
      vertex -18.5047 12.25 1.60084
      vertex -18.5034 12.25 1.6208
    endloop
  endfacet
  facet normal 0.997886 0 -0.0649926
    outer loop
      vertex -18.5047 12.25 1.60084
      vertex -18.5034 12 1.6208
      vertex -18.5047 12 1.60084
    endloop
  endfacet
  facet normal -0.998199 0 0.0599819
    outer loop
      vertex -21 12 1.75333
      vertex -20.9988 12.25 1.7733
      vertex -21 12.25 1.75333
    endloop
  endfacet
  facet normal -0.998199 0 0.0599819
    outer loop
      vertex -20.9988 12.25 1.7733
      vertex -21 12 1.75333
      vertex -20.9988 12 1.7733
    endloop
  endfacet
  facet normal -0.0609971 0 -0.998138
    outer loop
      vertex -21 12 1.75333
      vertex -18.5047 12.25 1.60084
      vertex -18.5047 12 1.60084
    endloop
  endfacet
  facet normal -0.0609971 0 -0.998138
    outer loop
      vertex -18.5047 12.25 1.60084
      vertex -21 12 1.75333
      vertex -21 12.25 1.75333
    endloop
  endfacet
  facet normal 0 1 0
    outer loop
      vertex -14.5034 12.25 1.37636
      vertex -17 12.25 1.50889
      vertex -16.9988 12.25 1.52885
    endloop
  endfacet
  facet normal 0 1 0
    outer loop
      vertex -17 12.25 1.50889
      vertex -14.5034 12.25 1.37636
      vertex -14.5047 12.25 1.35639
    endloop
  endfacet
  facet normal 0 -1 0
    outer loop
      vertex -17 12 1.50889
      vertex -14.5034 12 1.37636
      vertex -16.9988 12 1.52885
    endloop
  endfacet
  facet normal -0 -1 0
    outer loop
      vertex -14.5034 12 1.37636
      vertex -17 12 1.50889
      vertex -14.5047 12 1.35639
    endloop
  endfacet
  facet normal 0.0609947 0 0.998138
    outer loop
      vertex -16.9988 12.25 1.52885
      vertex -14.5034 12 1.37636
      vertex -14.5034 12.25 1.37636
    endloop
  endfacet
  facet normal 0.0609947 0 0.998138
    outer loop
      vertex -14.5034 12 1.37636
      vertex -16.9988 12.25 1.52885
      vertex -16.9988 12 1.52885
    endloop
  endfacet
  facet normal 0.997888 0 -0.0649602
    outer loop
      vertex -14.5034 12 1.37636
      vertex -14.5047 12.25 1.35639
      vertex -14.5034 12.25 1.37636
    endloop
  endfacet
  facet normal 0.997888 0 -0.0649602
    outer loop
      vertex -14.5047 12.25 1.35639
      vertex -14.5034 12 1.37636
      vertex -14.5047 12 1.35639
    endloop
  endfacet
  facet normal -0.998198 0 0.0600119
    outer loop
      vertex -17 12 1.50889
      vertex -16.9988 12.25 1.52885
      vertex -17 12.25 1.50889
    endloop
  endfacet
  facet normal -0.998198 0 0.0600119
    outer loop
      vertex -16.9988 12.25 1.52885
      vertex -17 12 1.50889
      vertex -16.9988 12 1.52885
    endloop
  endfacet
  facet normal -0.0610011 0 -0.998138
    outer loop
      vertex -17 12 1.50889
      vertex -14.5047 12.25 1.35639
      vertex -14.5047 12 1.35639
    endloop
  endfacet
  facet normal -0.0610011 0 -0.998138
    outer loop
      vertex -14.5047 12.25 1.35639
      vertex -17 12 1.50889
      vertex -17 12.25 1.50889
    endloop
  endfacet
  facet normal 0 1 0
    outer loop
      vertex -10.5034 12.25 1.13191
      vertex -13 12.25 1.26444
      vertex -12.9988 12.25 1.28441
    endloop
  endfacet
  facet normal 0 1 0
    outer loop
      vertex -13 12.25 1.26444
      vertex -10.5034 12.25 1.13191
      vertex -10.5047 12.25 1.11195
    endloop
  endfacet
  facet normal 0 -1 0
    outer loop
      vertex -13 12 1.26444
      vertex -10.5034 12 1.13191
      vertex -12.9988 12 1.28441
    endloop
  endfacet
  facet normal -0 -1 0
    outer loop
      vertex -10.5034 12 1.13191
      vertex -13 12 1.26444
      vertex -10.5047 12 1.11195
    endloop
  endfacet
  facet normal 0.0609986 0 0.998138
    outer loop
      vertex -12.9988 12.25 1.28441
      vertex -10.5034 12 1.13191
      vertex -10.5034 12.25 1.13191
    endloop
  endfacet
  facet normal 0.0609986 0 0.998138
    outer loop
      vertex -10.5034 12 1.13191
      vertex -12.9988 12.25 1.28441
      vertex -12.9988 12 1.28441
    endloop
  endfacet
  facet normal 0.997886 0 -0.0649926
    outer loop
      vertex -10.5034 12 1.13191
      vertex -10.5047 12.25 1.11195
      vertex -10.5034 12.25 1.13191
    endloop
  endfacet
  facet normal 0.997886 0 -0.0649926
    outer loop
      vertex -10.5047 12.25 1.11195
      vertex -10.5034 12 1.13191
      vertex -10.5047 12 1.11195
    endloop
  endfacet
  facet normal -0.998199 0 0.0599819
    outer loop
      vertex -13 12 1.26444
      vertex -12.9988 12.25 1.28441
      vertex -13 12.25 1.26444
    endloop
  endfacet
  facet normal -0.998199 0 0.0599819
    outer loop
      vertex -12.9988 12.25 1.28441
      vertex -13 12 1.26444
      vertex -12.9988 12 1.28441
    endloop
  endfacet
  facet normal -0.0609971 0 -0.998138
    outer loop
      vertex -13 12 1.26444
      vertex -10.5047 12.25 1.11195
      vertex -10.5047 12 1.11195
    endloop
  endfacet
  facet normal -0.0609971 0 -0.998138
    outer loop
      vertex -10.5047 12.25 1.11195
      vertex -13 12 1.26444
      vertex -13 12.25 1.26444
    endloop
  endfacet
  facet normal 0.0609965 0 0.998138
    outer loop
      vertex -8.99878 12.25 1.03996
      vertex -6.50344 12 0.887469
      vertex -6.50344 12.25 0.887469
    endloop
  endfacet
  facet normal 0.0609965 0 0.998138
    outer loop
      vertex -6.50344 12 0.887469
      vertex -8.99878 12.25 1.03996
      vertex -8.99878 12 1.03996
    endloop
  endfacet
  facet normal 0.998168 0 -0.0605011
    outer loop
      vertex -6.50344 12 0.887469
      vertex -6.50465 12.25 0.867506
      vertex -6.50344 12.25 0.887469
    endloop
  endfacet
  facet normal 0.998168 0 -0.0605011
    outer loop
      vertex -6.50465 12.25 0.867506
      vertex -6.50344 12 0.887469
      vertex -6.50465 12 0.867506
    endloop
  endfacet
  facet normal -0.0609975 0 -0.998138
    outer loop
      vertex -9 12 1.02
      vertex -6.50465 12.25 0.867506
      vertex -6.50465 12 0.867506
    endloop
  endfacet
  facet normal -0.0609975 0 -0.998138
    outer loop
      vertex -6.50465 12.25 0.867506
      vertex -9 12 1.02
      vertex -9 12.25 1.02
    endloop
  endfacet
  facet normal 0 1 0
    outer loop
      vertex -6.50344 12.25 0.887469
      vertex -9 12.25 1.02
      vertex -8.99878 12.25 1.03996
    endloop
  endfacet
  facet normal 0 1 0
    outer loop
      vertex -9 12.25 1.02
      vertex -6.50344 12.25 0.887469
      vertex -6.50465 12.25 0.867506
    endloop
  endfacet
  facet normal -0.998137 0 0.0610084
    outer loop
      vertex -9 12 1.02
      vertex -8.99878 12.25 1.03996
      vertex -9 12.25 1.02
    endloop
  endfacet
  facet normal -0.998137 0 0.0610084
    outer loop
      vertex -8.99878 12.25 1.03996
      vertex -9 12 1.02
      vertex -8.99878 12 1.03996
    endloop
  endfacet
  facet normal 0 -1 0
    outer loop
      vertex -9 12 1.02
      vertex -6.50344 12 0.887469
      vertex -8.99878 12 1.03996
    endloop
  endfacet
  facet normal -0 -1 0
    outer loop
      vertex -6.50344 12 0.887469
      vertex -9 12 1.02
      vertex -6.50465 12 0.867506
    endloop
  endfacet
  facet normal 0 1 0
    outer loop
      vertex -2.50344 12.25 0.643024
      vertex -5 12.25 0.775555
      vertex -4.99878 12.25 0.795518
    endloop
  endfacet
  facet normal 0 1 0
    outer loop
      vertex -5 12.25 0.775555
      vertex -2.50344 12.25 0.643024
      vertex -2.50465 12.25 0.623062
    endloop
  endfacet
  facet normal 0 -1 0
    outer loop
      vertex -5 12 0.775555
      vertex -2.50344 12 0.643024
      vertex -4.99878 12 0.795518
    endloop
  endfacet
  facet normal -0 -1 0
    outer loop
      vertex -2.50344 12 0.643024
      vertex -5 12 0.775555
      vertex -2.50465 12 0.623062
    endloop
  endfacet
  facet normal 0.0609977 0 0.998138
    outer loop
      vertex -4.99878 12.25 0.795518
      vertex -2.50344 12 0.643024
      vertex -2.50344 12.25 0.643024
    endloop
  endfacet
  facet normal 0.0609977 0 0.998138
    outer loop
      vertex -2.50344 12 0.643024
      vertex -4.99878 12.25 0.795518
      vertex -4.99878 12 0.795518
    endloop
  endfacet
  facet normal 0.998168 0 -0.0605041
    outer loop
      vertex -2.50344 12 0.643024
      vertex -2.50465 12.25 0.623062
      vertex -2.50344 12.25 0.643024
    endloop
  endfacet
  facet normal 0.998168 0 -0.0605041
    outer loop
      vertex -2.50465 12.25 0.623062
      vertex -2.50344 12 0.643024
      vertex -2.50465 12 0.623062
    endloop
  endfacet
  facet normal -0.998138 0 0.0609993
    outer loop
      vertex -5 12 0.775555
      vertex -4.99878 12.25 0.795518
      vertex -5 12.25 0.775555
    endloop
  endfacet
  facet normal -0.998138 0 0.0609993
    outer loop
      vertex -4.99878 12.25 0.795518
      vertex -5 12 0.775555
      vertex -4.99878 12 0.795518
    endloop
  endfacet
  facet normal -0.0609971 0 -0.998138
    outer loop
      vertex -5 12 0.775555
      vertex -2.50465 12.25 0.623062
      vertex -2.50465 12 0.623062
    endloop
  endfacet
  facet normal -0.0609971 0 -0.998138
    outer loop
      vertex -2.50465 12.25 0.623062
      vertex -5 12 0.775555
      vertex -5 12.25 0.775555
    endloop
  endfacet
  facet normal 0.998138 0 -0.0609962
    outer loop
      vertex 1.49656 12 0.398581
      vertex 1.49534 12.25 0.378617
      vertex 1.49656 12.25 0.398581
    endloop
  endfacet
  facet normal 0.998138 0 -0.0609962
    outer loop
      vertex 1.49534 12.25 0.378617
      vertex 1.49656 12 0.398581
      vertex 1.49534 12 0.378617
    endloop
  endfacet
  facet normal 0.0609969 0 0.998138
    outer loop
      vertex -0.998779 12.25 0.551073
      vertex 1.49656 12 0.398581
      vertex 1.49656 12.25 0.398581
    endloop
  endfacet
  facet normal 0.0609969 0 0.998138
    outer loop
      vertex 1.49656 12 0.398581
      vertex -0.998779 12.25 0.551073
      vertex -0.998779 12 0.551073
    endloop
  endfacet
  facet normal -0.0609977 0 -0.998138
    outer loop
      vertex -1 12 0.531111
      vertex 1.49534 12.25 0.378617
      vertex 1.49534 12 0.378617
    endloop
  endfacet
  facet normal -0.0609977 0 -0.998138
    outer loop
      vertex 1.49534 12.25 0.378617
      vertex -1 12 0.531111
      vertex -1 12.25 0.531111
    endloop
  endfacet
  facet normal 0 1 0
    outer loop
      vertex 1.49656 12.25 0.398581
      vertex -1 12.25 0.531111
      vertex -0.998779 12.25 0.551073
    endloop
  endfacet
  facet normal 0 1 0
    outer loop
      vertex -1 12.25 0.531111
      vertex 1.49656 12.25 0.398581
      vertex 1.49534 12.25 0.378617
    endloop
  endfacet
  facet normal -0.998135 0 0.0610521
    outer loop
      vertex -1 12 0.531111
      vertex -0.998779 12.25 0.551073
      vertex -1 12.25 0.531111
    endloop
  endfacet
  facet normal -0.998135 0 0.0610521
    outer loop
      vertex -0.998779 12.25 0.551073
      vertex -1 12 0.531111
      vertex -0.998779 12 0.551073
    endloop
  endfacet
  facet normal 0 -1 0
    outer loop
      vertex -1 12 0.531111
      vertex 1.49656 12 0.398581
      vertex -0.998779 12 0.551073
    endloop
  endfacet
  facet normal -0 -1 0
    outer loop
      vertex 1.49656 12 0.398581
      vertex -1 12 0.531111
      vertex 1.49534 12 0.378617
    endloop
  endfacet
  facet normal 0.998138 0 -0.0609962
    outer loop
      vertex 5.49656 12 0.154136
      vertex 5.49534 12.25 0.134172
      vertex 5.49656 12.25 0.154136
    endloop
  endfacet
  facet normal 0.998138 0 -0.0609962
    outer loop
      vertex 5.49534 12.25 0.134172
      vertex 5.49656 12 0.154136
      vertex 5.49534 12 0.134172
    endloop
  endfacet
  facet normal 0.0609973 0 0.998138
    outer loop
      vertex 3.00122 12.25 0.306629
      vertex 5.49656 12 0.154136
      vertex 5.49656 12.25 0.154136
    endloop
  endfacet
  facet normal 0.0609973 0 0.998138
    outer loop
      vertex 5.49656 12 0.154136
      vertex 3.00122 12.25 0.306629
      vertex 3.00122 12 0.306629
    endloop
  endfacet
  facet normal -0.0609977 0 -0.998138
    outer loop
      vertex 3 12 0.286666
      vertex 5.49534 12.25 0.134172
      vertex 5.49534 12 0.134172
    endloop
  endfacet
  facet normal -0.0609977 0 -0.998138
    outer loop
      vertex 5.49534 12.25 0.134172
      vertex 3 12 0.286666
      vertex 3 12.25 0.286666
    endloop
  endfacet
  facet normal -0.998138 0 0.0609993
    outer loop
      vertex 3 12 0.286666
      vertex 3.00122 12.25 0.306629
      vertex 3 12.25 0.286666
    endloop
  endfacet
  facet normal -0.998138 0 0.0609993
    outer loop
      vertex 3.00122 12.25 0.306629
      vertex 3 12 0.286666
      vertex 3.00122 12 0.306629
    endloop
  endfacet
  facet normal 0 1 0
    outer loop
      vertex 5.49656 12.25 0.154136
      vertex 3 12.25 0.286666
      vertex 3.00122 12.25 0.306629
    endloop
  endfacet
  facet normal 0 1 0
    outer loop
      vertex 3 12.25 0.286666
      vertex 5.49656 12.25 0.154136
      vertex 5.49534 12.25 0.134172
    endloop
  endfacet
  facet normal 0 -1 0
    outer loop
      vertex 3 12 0.286666
      vertex 5.49656 12 0.154136
      vertex 3.00122 12 0.306629
    endloop
  endfacet
  facet normal -0 -1 0
    outer loop
      vertex 5.49656 12 0.154136
      vertex 3 12 0.286666
      vertex 5.49534 12 0.134172
    endloop
  endfacet
  facet normal 0.998138 0 -0.0609999
    outer loop
      vertex 9.49656 12 -0.0903082
      vertex 9.49534 12.25 -0.110271
      vertex 9.49656 12.25 -0.0903082
    endloop
  endfacet
  facet normal 0.998138 0 -0.0609999
    outer loop
      vertex 9.49534 12.25 -0.110271
      vertex 9.49656 12 -0.0903082
      vertex 9.49534 12 -0.110271
    endloop
  endfacet
  facet normal 0.0609971 0 0.998138
    outer loop
      vertex 7.00122 12.25 0.0621843
      vertex 9.49656 12 -0.0903082
      vertex 9.49656 12.25 -0.0903082
    endloop
  endfacet
  facet normal 0.0609971 0 0.998138
    outer loop
      vertex 9.49656 12 -0.0903082
      vertex 7.00122 12.25 0.0621843
      vertex 7.00122 12 0.0621843
    endloop
  endfacet
  facet normal -0.0609973 0 -0.998138
    outer loop
      vertex 7 12 0.042222
      vertex 9.49534 12.25 -0.110271
      vertex 9.49534 12 -0.110271
    endloop
  endfacet
  facet normal -0.0609973 0 -0.998138
    outer loop
      vertex 9.49534 12.25 -0.110271
      vertex 7 12 0.042222
      vertex 7 12.25 0.042222
    endloop
  endfacet
  facet normal -0.998138 0 0.0610014
    outer loop
      vertex 7 12 0.042222
      vertex 7.00122 12.25 0.0621843
      vertex 7 12.25 0.042222
    endloop
  endfacet
  facet normal -0.998138 0 0.0610014
    outer loop
      vertex 7.00122 12.25 0.0621843
      vertex 7 12 0.042222
      vertex 7.00122 12 0.0621843
    endloop
  endfacet
  facet normal 0 1 0
    outer loop
      vertex 9.49656 12.25 -0.0903082
      vertex 7 12.25 0.042222
      vertex 7.00122 12.25 0.0621843
    endloop
  endfacet
  facet normal 0 1 0
    outer loop
      vertex 7 12.25 0.042222
      vertex 9.49656 12.25 -0.0903082
      vertex 9.49534 12.25 -0.110271
    endloop
  endfacet
  facet normal 0 -1 0
    outer loop
      vertex 7 12 0.042222
      vertex 9.49656 12 -0.0903082
      vertex 7.00122 12 0.0621843
    endloop
  endfacet
  facet normal -0 -1 0
    outer loop
      vertex 9.49656 12 -0.0903082
      vertex 7 12 0.042222
      vertex 9.49534 12 -0.110271
    endloop
  endfacet
  facet normal 0.997886 0 -0.0649828
    outer loop
      vertex 13.4966 12 -0.334752
      vertex 13.4953 12.25 -0.354715
      vertex 13.4966 12.25 -0.334752
    endloop
  endfacet
  facet normal 0.997886 0 -0.0649828
    outer loop
      vertex 13.4953 12.25 -0.354715
      vertex 13.4966 12 -0.334752
      vertex 13.4953 12 -0.354715
    endloop
  endfacet
  facet normal 0.0609959 0 0.998138
    outer loop
      vertex 11.0012 12.25 -0.182259
      vertex 13.4966 12 -0.334752
      vertex 13.4966 12.25 -0.334752
    endloop
  endfacet
  facet normal 0.0609959 0 0.998138
    outer loop
      vertex 13.4966 12 -0.334752
      vertex 11.0012 12.25 -0.182259
      vertex 11.0012 12 -0.182259
    endloop
  endfacet
  facet normal -0.0609983 0 -0.998138
    outer loop
      vertex 11 12 -0.202222
      vertex 13.4953 12.25 -0.354715
      vertex 13.4953 12 -0.354715
    endloop
  endfacet
  facet normal -0.0609983 0 -0.998138
    outer loop
      vertex 13.4953 12.25 -0.354715
      vertex 11 12 -0.202222
      vertex 11 12.25 -0.202222
    endloop
  endfacet
  facet normal -0.998198 0 0.0600029
    outer loop
      vertex 11 12 -0.202222
      vertex 11.0012 12.25 -0.182259
      vertex 11 12.25 -0.202222
    endloop
  endfacet
  facet normal -0.998198 0 0.0600029
    outer loop
      vertex 11.0012 12.25 -0.182259
      vertex 11 12 -0.202222
      vertex 11.0012 12 -0.182259
    endloop
  endfacet
  facet normal 0 1 0
    outer loop
      vertex 13.4966 12.25 -0.334752
      vertex 11 12.25 -0.202222
      vertex 11.0012 12.25 -0.182259
    endloop
  endfacet
  facet normal 0 1 0
    outer loop
      vertex 11 12.25 -0.202222
      vertex 13.4966 12.25 -0.334752
      vertex 13.4953 12.25 -0.354715
    endloop
  endfacet
  facet normal 0 -1 0
    outer loop
      vertex 11 12 -0.202222
      vertex 13.4966 12 -0.334752
      vertex 11.0012 12 -0.182259
    endloop
  endfacet
  facet normal -0 -1 0
    outer loop
      vertex 13.4966 12 -0.334752
      vertex 11 12 -0.202222
      vertex 13.4953 12 -0.354715
    endloop
  endfacet
  facet normal 0.997886 0 -0.0649861
    outer loop
      vertex 17.4966 12 -0.579197
      vertex 17.4953 12.25 -0.599159
      vertex 17.4966 12.25 -0.579197
    endloop
  endfacet
  facet normal 0.997886 0 -0.0649861
    outer loop
      vertex 17.4953 12.25 -0.599159
      vertex 17.4966 12 -0.579197
      vertex 17.4953 12 -0.599159
    endloop
  endfacet
  facet normal 0.0609963 0 0.998138
    outer loop
      vertex 15.0012 12.25 -0.426703
      vertex 17.4966 12 -0.579197
      vertex 17.4966 12.25 -0.579197
    endloop
  endfacet
  facet normal 0.0609963 0 0.998138
    outer loop
      vertex 17.4966 12 -0.579197
      vertex 15.0012 12.25 -0.426703
      vertex 15.0012 12 -0.426703
    endloop
  endfacet
  facet normal -0.0609983 0 -0.998138
    outer loop
      vertex 15 12 -0.446666
      vertex 17.4953 12.25 -0.599159
      vertex 17.4953 12 -0.599159
    endloop
  endfacet
  facet normal -0.0609983 0 -0.998138
    outer loop
      vertex 17.4953 12.25 -0.599159
      vertex 15 12 -0.446666
      vertex 15 12.25 -0.446666
    endloop
  endfacet
  facet normal -0.998198 0 0.0600029
    outer loop
      vertex 15 12 -0.446666
      vertex 15.0012 12.25 -0.426703
      vertex 15 12.25 -0.446666
    endloop
  endfacet
  facet normal -0.998198 0 0.0600029
    outer loop
      vertex 15.0012 12.25 -0.426703
      vertex 15 12 -0.446666
      vertex 15.0012 12 -0.426703
    endloop
  endfacet
  facet normal 0 1 0
    outer loop
      vertex 17.4966 12.25 -0.579197
      vertex 15 12.25 -0.446666
      vertex 15.0012 12.25 -0.426703
    endloop
  endfacet
  facet normal 0 1 0
    outer loop
      vertex 15 12.25 -0.446666
      vertex 17.4966 12.25 -0.579197
      vertex 17.4953 12.25 -0.599159
    endloop
  endfacet
  facet normal 0 -1 0
    outer loop
      vertex 15 12 -0.446666
      vertex 17.4966 12 -0.579197
      vertex 15.0012 12 -0.426703
    endloop
  endfacet
  facet normal -0 -1 0
    outer loop
      vertex 17.4966 12 -0.579197
      vertex 15 12 -0.446666
      vertex 17.4953 12 -0.599159
    endloop
  endfacet
  facet normal 0.0609959 0 0.998138
    outer loop
      vertex 19.0012 12.25 -0.671148
      vertex 21.4966 12 -0.823641
      vertex 21.4966 12.25 -0.823641
    endloop
  endfacet
  facet normal 0.0609959 0 0.998138
    outer loop
      vertex 21.4966 12 -0.823641
      vertex 19.0012 12.25 -0.671148
      vertex 19.0012 12 -0.671148
    endloop
  endfacet
  facet normal 0.997886 0 -0.0649828
    outer loop
      vertex 21.4966 12 -0.823641
      vertex 21.4953 12.25 -0.843604
      vertex 21.4966 12.25 -0.823641
    endloop
  endfacet
  facet normal 0.997886 0 -0.0649828
    outer loop
      vertex 21.4953 12.25 -0.843604
      vertex 21.4966 12 -0.823641
      vertex 21.4953 12 -0.843604
    endloop
  endfacet
  facet normal -0.0609983 0 -0.998138
    outer loop
      vertex 19 12 -0.691111
      vertex 21.4953 12.25 -0.843604
      vertex 21.4953 12 -0.843604
    endloop
  endfacet
  facet normal -0.0609983 0 -0.998138
    outer loop
      vertex 21.4953 12.25 -0.843604
      vertex 19 12 -0.691111
      vertex 19 12.25 -0.691111
    endloop
  endfacet
  facet normal 0 1 0
    outer loop
      vertex 21.4966 12.25 -0.823641
      vertex 19 12.25 -0.691111
      vertex 19.0012 12.25 -0.671148
    endloop
  endfacet
  facet normal 0 1 0
    outer loop
      vertex 19 12.25 -0.691111
      vertex 21.4966 12.25 -0.823641
      vertex 21.4953 12.25 -0.843604
    endloop
  endfacet
  facet normal -0.998198 0 0.0600029
    outer loop
      vertex 19 12 -0.691111
      vertex 19.0012 12.25 -0.671148
      vertex 19 12.25 -0.691111
    endloop
  endfacet
  facet normal -0.998198 0 0.0600029
    outer loop
      vertex 19.0012 12.25 -0.671148
      vertex 19 12 -0.691111
      vertex 19.0012 12 -0.671148
    endloop
  endfacet
  facet normal 0 -1 0
    outer loop
      vertex 19 12 -0.691111
      vertex 21.4966 12 -0.823641
      vertex 19.0012 12 -0.671148
    endloop
  endfacet
  facet normal -0 -1 0
    outer loop
      vertex 21.4966 12 -0.823641
      vertex 19 12 -0.691111
      vertex 21.4953 12 -0.843604
    endloop
  endfacet
  facet normal 0 1 0
    outer loop
      vertex 25.4966 12.25 -1.06809
      vertex 23 12.25 -0.935555
      vertex 23.0012 12.25 -0.915592
    endloop
  endfacet
  facet normal 0 1 0
    outer loop
      vertex 23 12.25 -0.935555
      vertex 25.4966 12.25 -1.06809
      vertex 25.4953 12.25 -1.08805
    endloop
  endfacet
  facet normal 0 -1 0
    outer loop
      vertex 23 12 -0.935555
      vertex 25.4966 12 -1.06809
      vertex 23.0012 12 -0.915592
    endloop
  endfacet
  facet normal -0 -1 0
    outer loop
      vertex 25.4966 12 -1.06809
      vertex 23 12 -0.935555
      vertex 25.4953 12 -1.08805
    endloop
  endfacet
  facet normal 0.0609978 0 0.998138
    outer loop
      vertex 23.0012 12.25 -0.915592
      vertex 25.4966 12 -1.06809
      vertex 25.4966 12.25 -1.06809
    endloop
  endfacet
  facet normal 0.0609978 0 0.998138
    outer loop
      vertex 25.4966 12 -1.06809
      vertex 23.0012 12.25 -0.915592
      vertex 23.0012 12 -0.915592
    endloop
  endfacet
  facet normal 0.997886 0 -0.0649926
    outer loop
      vertex 25.4966 12 -1.06809
      vertex 25.4953 12.25 -1.08805
      vertex 25.4966 12.25 -1.06809
    endloop
  endfacet
  facet normal 0.997886 0 -0.0649926
    outer loop
      vertex 25.4953 12.25 -1.08805
      vertex 25.4966 12 -1.06809
      vertex 25.4953 12 -1.08805
    endloop
  endfacet
  facet normal -0.998198 0 0.0600029
    outer loop
      vertex 23 12 -0.935555
      vertex 23.0012 12.25 -0.915592
      vertex 23 12.25 -0.935555
    endloop
  endfacet
  facet normal -0.998198 0 0.0600029
    outer loop
      vertex 23.0012 12.25 -0.915592
      vertex 23 12 -0.935555
      vertex 23.0012 12 -0.915592
    endloop
  endfacet
  facet normal -0.0609991 0 -0.998138
    outer loop
      vertex 23 12 -0.935555
      vertex 25.4953 12.25 -1.08805
      vertex 25.4953 12 -1.08805
    endloop
  endfacet
  facet normal -0.0609991 0 -0.998138
    outer loop
      vertex 25.4953 12.25 -1.08805
      vertex 23 12 -0.935555
      vertex 23 12.25 -0.935555
    endloop
  endfacet
  facet normal 0.997886 0 -0.0649926
    outer loop
      vertex 29.4966 12 -1.31253
      vertex 29.4953 12.25 -1.33249
      vertex 29.4966 12.25 -1.31253
    endloop
  endfacet
  facet normal 0.997886 0 -0.0649926
    outer loop
      vertex 29.4953 12.25 -1.33249
      vertex 29.4966 12 -1.31253
      vertex 29.4953 12 -1.33249
    endloop
  endfacet
  facet normal 0.0609947 0 0.998138
    outer loop
      vertex 27.0012 12.25 -1.16004
      vertex 29.4966 12 -1.31253
      vertex 29.4966 12.25 -1.31253
    endloop
  endfacet
  facet normal 0.0609947 0 0.998138
    outer loop
      vertex 29.4966 12 -1.31253
      vertex 27.0012 12.25 -1.16004
      vertex 27.0012 12 -1.16004
    endloop
  endfacet
  facet normal -0.0609971 0 -0.998138
    outer loop
      vertex 27 12 -1.18
      vertex 29.4953 12.25 -1.33249
      vertex 29.4953 12 -1.33249
    endloop
  endfacet
  facet normal -0.0609971 0 -0.998138
    outer loop
      vertex 29.4953 12.25 -1.33249
      vertex 27 12 -1.18
      vertex 27 12.25 -1.18
    endloop
  endfacet
  facet normal -0.998198 0 0.0600119
    outer loop
      vertex 27 12 -1.18
      vertex 27.0012 12.25 -1.16004
      vertex 27 12.25 -1.18
    endloop
  endfacet
  facet normal -0.998198 0 0.0600119
    outer loop
      vertex 27.0012 12.25 -1.16004
      vertex 27 12 -1.18
      vertex 27.0012 12 -1.16004
    endloop
  endfacet
  facet normal 0 1 0
    outer loop
      vertex 29.4966 12.25 -1.31253
      vertex 27 12.25 -1.18
      vertex 27.0012 12.25 -1.16004
    endloop
  endfacet
  facet normal 0 1 0
    outer loop
      vertex 27 12.25 -1.18
      vertex 29.4966 12.25 -1.31253
      vertex 29.4953 12.25 -1.33249
    endloop
  endfacet
  facet normal 0 -1 0
    outer loop
      vertex 27 12 -1.18
      vertex 29.4966 12 -1.31253
      vertex 27.0012 12 -1.16004
    endloop
  endfacet
  facet normal -0 -1 0
    outer loop
      vertex 29.4966 12 -1.31253
      vertex 27 12 -1.18
      vertex 29.4953 12 -1.33249
    endloop
  endfacet
  facet normal 0.997888 0 -0.0649602
    outer loop
      vertex 33.4966 12 -1.55697
      vertex 33.4953 12.25 -1.57694
      vertex 33.4966 12.25 -1.55697
    endloop
  endfacet
  facet normal 0.997888 0 -0.0649602
    outer loop
      vertex 33.4953 12.25 -1.57694
      vertex 33.4966 12 -1.55697
      vertex 33.4953 12 -1.57694
    endloop
  endfacet
  facet normal 0.0609947 0 0.998138
    outer loop
      vertex 31.0012 12.25 -1.40448
      vertex 33.4966 12 -1.55697
      vertex 33.4966 12.25 -1.55697
    endloop
  endfacet
  facet normal 0.0609947 0 0.998138
    outer loop
      vertex 33.4966 12 -1.55697
      vertex 31.0012 12.25 -1.40448
      vertex 31.0012 12 -1.40448
    endloop
  endfacet
  facet normal -0.0610011 0 -0.998138
    outer loop
      vertex 31 12 -1.42444
      vertex 33.4953 12.25 -1.57694
      vertex 33.4953 12 -1.57694
    endloop
  endfacet
  facet normal -0.0610011 0 -0.998138
    outer loop
      vertex 33.4953 12.25 -1.57694
      vertex 31 12 -1.42444
      vertex 31 12.25 -1.42444
    endloop
  endfacet
  facet normal -0.998198 0 0.0600119
    outer loop
      vertex 31 12 -1.42444
      vertex 31.0012 12.25 -1.40448
      vertex 31 12.25 -1.42444
    endloop
  endfacet
  facet normal -0.998198 0 0.0600119
    outer loop
      vertex 31.0012 12.25 -1.40448
      vertex 31 12 -1.42444
      vertex 31.0012 12 -1.40448
    endloop
  endfacet
  facet normal 0 1 0
    outer loop
      vertex 33.4966 12.25 -1.55697
      vertex 31 12.25 -1.42444
      vertex 31.0012 12.25 -1.40448
    endloop
  endfacet
  facet normal 0 1 0
    outer loop
      vertex 31 12.25 -1.42444
      vertex 33.4966 12.25 -1.55697
      vertex 33.4953 12.25 -1.57694
    endloop
  endfacet
  facet normal 0 -1 0
    outer loop
      vertex 31 12 -1.42444
      vertex 33.4966 12 -1.55697
      vertex 31.0012 12 -1.40448
    endloop
  endfacet
  facet normal -0 -1 0
    outer loop
      vertex 33.4966 12 -1.55697
      vertex 31 12 -1.42444
      vertex 33.4953 12 -1.57694
    endloop
  endfacet
  facet normal 0.0609974 0 0.998138
    outer loop
      vertex 35 15 -1.68889
      vertex 9 9 -0.1
      vertex 35 9 -1.68889
    endloop
  endfacet
  facet normal 0.0609975 -4.02543e-07 0.998138
    outer loop
      vertex 35 15 -1.68889
      vertex 7.36364 9 0
      vertex 9 9 -0.1
    endloop
  endfacet
  facet normal 0.0609973 1.72398e-07 0.998138
    outer loop
      vertex 1.51243 9.04243 0.357574
      vertex 7.36364 9 0
      vertex 35 15 -1.68889
    endloop
  endfacet
  facet normal 0.0609972 9.34244e-06 0.998138
    outer loop
      vertex 7.36364 9 0
      vertex 1.79528 9.00588 0.340288
      vertex 1.80001 9 0.339999
    endloop
  endfacet
  facet normal 0.0609972 1.87813e-05 0.998138
    outer loop
      vertex 7.36364 9 0
      vertex 1.78114 9.01171 0.341152
      vertex 1.79528 9.00588 0.340288
    endloop
  endfacet
  facet normal 0.060997 -6.91446e-05 0.998138
    outer loop
      vertex 7.36364 9 0
      vertex 1.75773 9.01742 0.342583
      vertex 1.78114 9.01171 0.341152
    endloop
  endfacet
  facet normal 0.0609973 9.78187e-06 0.998138
    outer loop
      vertex 7.36364 9 0
      vertex 1.72528 9.02296 0.344566
      vertex 1.75773 9.01742 0.342583
    endloop
  endfacet
  facet normal 0.0609971 -4.36801e-05 0.998138
    outer loop
      vertex 7.36364 9 0
      vertex 1.68408 9.02828 0.347084
      vertex 1.72528 9.02296 0.344566
    endloop
  endfacet
  facet normal 0.0609977 9.19534e-05 0.998138
    outer loop
      vertex 7.36364 9 0
      vertex 1.63454 9.03333 0.350111
      vertex 1.68408 9.02828 0.347084
    endloop
  endfacet
  facet normal 0.0609961 -0.000190724 0.998138
    outer loop
      vertex 7.36364 9 0
      vertex 1.57715 9.03806 0.353619
      vertex 1.63454 9.03333 0.350111
    endloop
  endfacet
  facet normal 0.0609975 2.85892e-05 0.998138
    outer loop
      vertex 7.36364 9 0
      vertex 1.51243 9.04243 0.357574
      vertex 1.57715 9.03806 0.353619
    endloop
  endfacet
  facet normal 0.0609961 6.83889e-06 0.998138
    outer loop
      vertex 35 15 -1.68889
      vertex 1.44105 9.04638 0.361936
      vertex 1.51243 9.04243 0.357574
    endloop
  endfacet
  facet normal 0.0609933 2.26865e-05 0.998138
    outer loop
      vertex 35 15 -1.68889
      vertex 1.36366 9.04989 0.366665
      vertex 1.44105 9.04638 0.361936
    endloop
  endfacet
  facet normal 0.0610051 -4.38894e-05 0.998137
    outer loop
      vertex 35 15 -1.68889
      vertex 1.28102 9.05291 0.371716
      vertex 1.36366 9.04989 0.366665
    endloop
  endfacet
  facet normal 0.0609935 2.19452e-05 0.998138
    outer loop
      vertex 35 15 -1.68889
      vertex 1.19391 9.05543 0.377039
      vertex 1.28102 9.05291 0.371716
    endloop
  endfacet
  facet normal 0.0609973 1.90753e-07 0.998138
    outer loop
      vertex 35 15 -1.68889
      vertex 1.10319 9.05742 0.382583
      vertex 1.19391 9.05543 0.377039
    endloop
  endfacet
  facet normal 0.060993 2.50989e-05 0.998138
    outer loop
      vertex 35 15 -1.68889
      vertex 1.00973 9.05885 0.388294
      vertex 1.10319 9.05742 0.382583
    endloop
  endfacet
  facet normal 0.0609954 1.12119e-05 0.998138
    outer loop
      vertex 35 15 -1.68889
      vertex 0.914425 9.05971 0.394118
      vertex 1.00973 9.05885 0.388294
    endloop
  endfacet
  facet normal 0.0610041 -3.88942e-05 0.998138
    outer loop
      vertex 35 15 -1.68889
      vertex 0.818185 9.06 0.4
      vertex 0.914425 9.05971 0.394118
    endloop
  endfacet
  facet normal 0.0609945 1.67569e-05 0.998138
    outer loop
      vertex 35 15 -1.68889
      vertex 0.721946 9.05971 0.405881
      vertex 0.818185 9.06 0.4
    endloop
  endfacet
  facet normal 0.0609958 8.68379e-06 0.998138
    outer loop
      vertex 35 15 -1.68889
      vertex 0.626642 9.05885 0.411705
      vertex 0.721946 9.05971 0.405881
    endloop
  endfacet
  facet normal 0.0610024 -2.92094e-05 0.998138
    outer loop
      vertex 35 15 -1.68889
      vertex 0.53318 9.05742 0.417417
      vertex 0.626642 9.05885 0.411705
    endloop
  endfacet
  facet normal 0.0609973 4.01683e-08 0.998138
    outer loop
      vertex -35 15 2.58889
      vertex 0.53318 9.05742 0.417417
      vertex 35 15 -1.68889
    endloop
  endfacet
  facet normal 0.0609906 -4.05226e-05 0.998138
    outer loop
      vertex 0.53318 9.05742 0.417417
      vertex -35 15 2.58889
      vertex 0.442465 9.05543 0.42296
    endloop
  endfacet
  facet normal 0.0610033 3.53807e-05 0.998138
    outer loop
      vertex 0.442465 9.05543 0.42296
      vertex -35 15 2.58889
      vertex 0.355355 9.05291 0.428284
    endloop
  endfacet
  facet normal 0.0609901 -4.3396e-05 0.998138
    outer loop
      vertex 0.355355 9.05291 0.428284
      vertex -35 15 2.58889
      vertex 0.272723 9.04989 0.433333
    endloop
  endfacet
  facet normal 0.0609973 -4.62357e-07 0.998138
    outer loop
      vertex -8.9755 9.2488 0.998502
      vertex 0.272723 9.04989 0.433333
      vertex -35 15 2.58889
    endloop
  endfacet
  facet normal 0.0610003 0.000141754 0.998138
    outer loop
      vertex 0.272723 9.04989 0.433333
      vertex -8.9755 9.2488 0.998502
      vertex 0.195335 9.04638 0.438063
    endloop
  endfacet
  facet normal 0.0609971 -3.7285e-06 0.998138
    outer loop
      vertex 0.195335 9.04638 0.438063
      vertex -8.9755 9.2488 0.998502
      vertex 0.12394 9.04243 0.442426
    endloop
  endfacet
  facet normal 0.0609976 1.55193e-05 0.998138
    outer loop
      vertex 0.12394 9.04243 0.442426
      vertex -8.9755 9.2488 0.998502
      vertex 0.0592232 9.03806 0.446381
    endloop
  endfacet
  facet normal 0.0609947 -0.00010785 0.998138
    outer loop
      vertex 0.0592232 9.03806 0.446381
      vertex -8.9755 9.2488 0.998502
      vertex 0.00184146 9.03333 0.449887
    endloop
  endfacet
  facet normal 0.0609973 -2.83638e-06 0.998138
    outer loop
      vertex -8.79213 9.13889 0.987297
      vertex -0.163625 9 0.459999
      vertex -0.158912 9.00588 0.459711
    endloop
  endfacet
  facet normal 0.0609971 -8.13949e-06 0.998138
    outer loop
      vertex -8.88215 9.22048 0.992798
      vertex -0.158912 9.00588 0.459711
      vertex -0.144773 9.01171 0.458847
    endloop
  endfacet
  facet normal 0.0609954 -7.37698e-05 0.998138
    outer loop
      vertex -8.92743 9.23923 0.995565
      vertex -0.144773 9.01171 0.458847
      vertex -0.121349 9.01742 0.457416
    endloop
  endfacet
  facet normal 0.0609987 5.64796e-05 0.998138
    outer loop
      vertex -8.95123 9.2452 0.997019
      vertex -0.121349 9.01742 0.457416
      vertex -0.0888894 9.02296 0.455432
    endloop
  endfacet
  facet normal 0.0609976 1.32865e-05 0.998138
    outer loop
      vertex 0.00184146 9.03333 0.449887
      vertex -8.9755 9.2488 0.998502
      vertex -0.0477063 9.02828 0.452915
    endloop
  endfacet
  facet normal 0.0609973 1.35806e-05 0.998138
    outer loop
      vertex -0.163625 9 0.459999
      vertex -8.7512 9.0245 0.984795
      vertex -8.75 9 0.984722
    endloop
  endfacet
  facet normal 0.0609973 -4.31198e-09 0.998138
    outer loop
      vertex -0.163625 9 0.459999
      vertex -8.7548 9.04877 0.985015
      vertex -8.7512 9.0245 0.984795
    endloop
  endfacet
  facet normal 0.0609971 -3.26726e-05 0.998138
    outer loop
      vertex -0.163625 9 0.459999
      vertex -8.76076 9.07257 0.98538
      vertex -8.7548 9.04877 0.985015
    endloop
  endfacet
  facet normal 0.0609975 1.68766e-05 0.998138
    outer loop
      vertex -0.163625 9 0.459999
      vertex -8.76903 9.09567 0.985885
      vertex -8.76076 9.07257 0.98538
    endloop
  endfacet
  facet normal 0.0609974 2.52097e-06 0.998138
    outer loop
      vertex -0.163625 9 0.459999
      vertex -8.77952 9.11785 0.986526
      vertex -8.76903 9.09567 0.985885
    endloop
  endfacet
  facet normal 0.0609971 -1.85956e-05 0.998138
    outer loop
      vertex -0.163625 9 0.459999
      vertex -8.79213 9.13889 0.987297
      vertex -8.77952 9.11785 0.986526
    endloop
  endfacet
  facet normal 0.0609977 2.28069e-05 0.998138
    outer loop
      vertex -0.158912 9.00588 0.459711
      vertex -8.80675 9.1586 0.98819
      vertex -8.79213 9.13889 0.987297
    endloop
  endfacet
  facet normal 0.0609968 -2.78967e-05 0.998138
    outer loop
      vertex -0.158912 9.00588 0.459711
      vertex -8.82322 9.17678 0.989197
      vertex -8.80675 9.1586 0.98819
    endloop
  endfacet
  facet normal 0.0609974 6.64404e-08 0.998138
    outer loop
      vertex -0.158912 9.00588 0.459711
      vertex -8.8414 9.19325 0.990308
      vertex -8.82322 9.17678 0.989197
    endloop
  endfacet
  facet normal 0.0609981 3.52405e-05 0.998138
    outer loop
      vertex -0.158912 9.00588 0.459711
      vertex -8.86111 9.20787 0.991512
      vertex -8.8414 9.19325 0.990308
    endloop
  endfacet
  facet normal 0.0609969 -1.82963e-05 0.998138
    outer loop
      vertex -0.158912 9.00588 0.459711
      vertex -8.88215 9.22048 0.992798
      vertex -8.86111 9.20787 0.991512
    endloop
  endfacet
  facet normal 0.0609984 4.45863e-05 0.998138
    outer loop
      vertex -0.144773 9.01171 0.458847
      vertex -8.90433 9.23097 0.994153
      vertex -8.88215 9.22048 0.992798
    endloop
  endfacet
  facet normal 0.0609962 -4.34014e-05 0.998138
    outer loop
      vertex -0.144773 9.01171 0.458847
      vertex -8.92743 9.23923 0.995565
      vertex -8.90433 9.23097 0.994153
    endloop
  endfacet
  facet normal 0.0609993 8.24041e-05 0.998138
    outer loop
      vertex -0.121349 9.01742 0.457416
      vertex -8.95123 9.2452 0.997019
      vertex -8.92743 9.23923 0.995565
    endloop
  endfacet
  facet normal 0.0609983 4.04167e-05 0.998138
    outer loop
      vertex -0.0477063 9.02828 0.452915
      vertex -8.95123 9.2452 0.997019
      vertex -0.0888894 9.02296 0.455432
    endloop
  endfacet
  facet normal 0.0609986 5.50873e-05 0.998138
    outer loop
      vertex -8.95123 9.2452 0.997019
      vertex -0.0477063 9.02828 0.452915
      vertex -8.9755 9.2488 0.998502
    endloop
  endfacet
  facet normal 0.0610379 0.000183792 0.998135
    outer loop
      vertex -8.9755 9.2488 0.998502
      vertex -35 15 2.58889
      vertex -9 9.25 1
    endloop
  endfacet
  facet normal 0.0610896 0.000418772 0.998132
    outer loop
      vertex -9 9.25 1
      vertex -35 15 2.58889
      vertex -9.0245 9.2488 1.0015
    endloop
  endfacet
  facet normal 0.0609196 -0.000352059 0.998143
    outer loop
      vertex -35 15 2.58889
      vertex -9.04877 9.2452 1.00298
      vertex -9.0245 9.2488 1.0015
    endloop
  endfacet
  facet normal 0.0609102 -0.000394529 0.998143
    outer loop
      vertex -35 15 2.58889
      vertex -9.07257 9.23923 1.00443
      vertex -9.04877 9.2452 1.00298
    endloop
  endfacet
  facet normal 0.0611349 0.000620678 0.998129
    outer loop
      vertex -35 15 2.58889
      vertex -9.09567 9.23097 1.00585
      vertex -9.07257 9.23923 1.00443
    endloop
  endfacet
  facet normal 0.0609191 -0.000352069 0.998143
    outer loop
      vertex -35 15 2.58889
      vertex -9.11785 9.22048 1.0072
      vertex -9.09567 9.23097 1.00585
    endloop
  endfacet
  facet normal 0.0610516 0.000243344 0.998135
    outer loop
      vertex -35 15 2.58889
      vertex -9.13889 9.20787 1.00849
      vertex -9.11785 9.22048 1.0072
    endloop
  endfacet
  facet normal 0.0609446 -0.000235927 0.998141
    outer loop
      vertex -35 15 2.58889
      vertex -9.1586 9.19325 1.00969
      vertex -9.13889 9.20787 1.00849
    endloop
  endfacet
  facet normal 0.0609865 -4.86729e-05 0.998139
    outer loop
      vertex -35 15 2.58889
      vertex -9.17678 9.17678 1.0108
      vertex -9.1586 9.19325 1.00969
    endloop
  endfacet
  facet normal 0.0610333 0.000159437 0.998136
    outer loop
      vertex -35 15 2.58889
      vertex -9.19325 9.1586 1.01181
      vertex -9.17678 9.17678 1.0108
    endloop
  endfacet
  facet normal 0.0609637 -0.000149375 0.99814
    outer loop
      vertex -35 15 2.58889
      vertex -9.20787 9.13889 1.0127
      vertex -9.19325 9.1586 1.01181
    endloop
  endfacet
  facet normal 0.0609917 -2.56033e-05 0.998138
    outer loop
      vertex -35 15 2.58889
      vertex -9.22048 9.11785 1.01347
      vertex -9.20787 9.13889 1.0127
    endloop
  endfacet
  facet normal 0.0609877 -4.29558e-05 0.998139
    outer loop
      vertex -35 15 2.58889
      vertex -9.23097 9.09567 1.01411
      vertex -9.22048 9.11785 1.01347
    endloop
  endfacet
  facet normal 0.0610451 0.000208485 0.998135
    outer loop
      vertex -35 15 2.58889
      vertex -9.23923 9.07257 1.01462
      vertex -9.23097 9.09567 1.01411
    endloop
  endfacet
  facet normal 0.0609534 -0.000191649 0.998141
    outer loop
      vertex -35 15 2.58889
      vertex -9.2452 9.04877 1.01498
      vertex -9.23923 9.07257 1.01462
    endloop
  endfacet
  facet normal 0.0609975 -0 0.998138
    outer loop
      vertex -35 9 2.58889
      vertex -9.2452 9.04877 1.01498
      vertex -35 15 2.58889
    endloop
  endfacet
  facet normal 0.0609975 -3.19459e-08 0.998138
    outer loop
      vertex -9.2452 9.04877 1.01498
      vertex -35 9 2.58889
      vertex -9.2488 9.0245 1.0152
    endloop
  endfacet
  facet normal 0.0609973 0.000271604 0.998138
    outer loop
      vertex -9.2488 9.0245 1.0152
      vertex -35 9 2.58889
      vertex -9.25 9 1.01528
    endloop
  endfacet
  facet normal -0.0609973 0 -0.998138
    outer loop
      vertex -35 9 0.0888882
      vertex 35 15 -4.18889
      vertex 35 9 -4.18889
    endloop
  endfacet
  facet normal -0.0609973 0 -0.998138
    outer loop
      vertex 35 15 -4.18889
      vertex -35 9 0.0888882
      vertex -35 15 0.0888882
    endloop
  endfacet
  facet normal 0 1 0
    outer loop
      vertex 35 15 -1.68889
      vertex -35 15 0.0888882
      vertex -35 15 2.58889
    endloop
  endfacet
  facet normal 0 1 0
    outer loop
      vertex -35 15 0.0888882
      vertex 35 15 -1.68889
      vertex 35 15 -4.18889
    endloop
  endfacet
  facet normal -1 0 0
    outer loop
      vertex -35 9 0.0888882
      vertex -35 15 2.58889
      vertex -35 15 0.0888882
    endloop
  endfacet
  facet normal -1 -0 0
    outer loop
      vertex -35 15 2.58889
      vertex -35 9 0.0888882
      vertex -35 9 2.58889
    endloop
  endfacet
  facet normal 1 -0 0
    outer loop
      vertex 35 9 -1.68889
      vertex 35 15 -4.18889
      vertex 35 15 -1.68889
    endloop
  endfacet
  facet normal 1 0 0
    outer loop
      vertex 35 15 -4.18889
      vertex 35 9 -1.68889
      vertex 35 9 -4.18889
    endloop
  endfacet
  facet normal 0.989447 0.144898 0
    outer loop
      vertex -8.7548 -8.95123 1.2
      vertex -8.75445 -8.95362 0.438063
      vertex -8.7548 -8.95123 0.434838
    endloop
  endfacet
  facet normal 0.989029 0.147718 -9.03858e-06
    outer loop
      vertex -8.7548 -8.95123 1.2
      vertex -8.75386 -8.95757 0.442426
      vertex -8.75445 -8.95362 0.438063
    endloop
  endfacet
  facet normal 0.989119 0.147119 -3.91416e-06
    outer loop
      vertex -8.7548 -8.95123 1.2
      vertex -8.75321 -8.96194 0.446381
      vertex -8.75386 -8.95757 0.442426
    endloop
  endfacet
  facet normal 0.989225 0.146402 6.50848e-06
    outer loop
      vertex -8.7548 -8.95123 1.2
      vertex -8.75251 -8.96667 0.449887
      vertex -8.75321 -8.96194 0.446381
    endloop
  endfacet
  facet normal 0.989151 0.146901 -3.99806e-06
    outer loop
      vertex -8.7548 -8.95123 1.2
      vertex -8.75176 -8.97172 0.452915
      vertex -8.75251 -8.96667 0.449887
    endloop
  endfacet
  facet normal 0.989177 0.146726 -0
    outer loop
      vertex -8.7512 -8.9755 0.454702
      vertex -8.7548 -8.95123 1.2
      vertex -8.7512 -8.9755 1.2
    endloop
  endfacet
  facet normal 0.989203 0.146551 5.80949e-06
    outer loop
      vertex -8.7548 -8.95123 1.2
      vertex -8.7512 -8.9755 0.454702
      vertex -8.75176 -8.97172 0.452915
    endloop
  endfacet
  facet normal 0.989447 0.144898 0
    outer loop
      vertex -8.75445 -8.95362 0.361936
      vertex -8.7548 -8.95123 0.349999
      vertex -8.7548 -8.95123 0.36516
    endloop
  endfacet
  facet normal 0.989104 0.147216 0.000474141
    outer loop
      vertex -8.75386 -8.95757 0.357574
      vertex -8.7548 -8.95123 0.349999
      vertex -8.75445 -8.95362 0.361936
    endloop
  endfacet
  facet normal 0.989148 0.146924 0.00022443
    outer loop
      vertex -8.75321 -8.96194 0.353619
      vertex -8.7548 -8.95123 0.349999
      vertex -8.75386 -8.95757 0.357574
    endloop
  endfacet
  facet normal 0.98918 0.146708 -0.000428637
    outer loop
      vertex -8.75251 -8.96667 0.350111
      vertex -8.7548 -8.95123 0.349999
      vertex -8.75321 -8.96194 0.353619
    endloop
  endfacet
  facet normal 0.987554 0.146047 -0.058369
    outer loop
      vertex -8.7548 -8.95123 0.349999
      vertex -8.75251 -8.96667 0.350111
      vertex -8.75249 -8.96685 0.349999
    endloop
  endfacet
  facet normal 0.998969 0.0454077 0
    outer loop
      vertex -8.7512 -8.9755 1.2
      vertex -8.75113 -8.97704 0.455432
      vertex -8.7512 -8.9755 0.454702
    endloop
  endfacet
  facet normal 0.998815 0.0486763 -6.77497e-06
    outer loop
      vertex -8.7512 -8.9755 1.2
      vertex -8.75086 -8.98258 0.457416
      vertex -8.75113 -8.97704 0.455432
    endloop
  endfacet
  facet normal 0.9988 0.0489755 -9.63483e-06
    outer loop
      vertex -8.7512 -8.9755 1.2
      vertex -8.75058 -8.98829 0.458847
      vertex -8.75086 -8.98258 0.457416
    endloop
  endfacet
  facet normal 0.998765 0.0496781 -2.17876e-05
    outer loop
      vertex -8.7512 -8.9755 1.2
      vertex -8.75029 -8.99412 0.459711
      vertex -8.75058 -8.98829 0.458847
    endloop
  endfacet
  facet normal 0.998803 0.0489209 -0
    outer loop
      vertex -8.75 -9 0.459999
      vertex -8.7512 -8.9755 1.2
      vertex -8.75 -9 1.2
    endloop
  endfacet
  facet normal 0.998786 0.0492593 -1.12294e-05
    outer loop
      vertex -8.7512 -8.9755 1.2
      vertex -8.75 -9 0.459999
      vertex -8.75029 -8.99412 0.459711
    endloop
  endfacet
  facet normal 0.970143 0.242536 0
    outer loop
      vertex -8.75733 -8.94115 0.411705
      vertex -8.76076 -8.92743 0.349999
      vertex -8.76076 -8.92743 1.2
    endloop
  endfacet
  facet normal 0.971622 0.236533 -0.00155332
    outer loop
      vertex -8.76076 -8.92743 0.349999
      vertex -8.75754 -8.94029 0.405881
      vertex -8.75762 -8.94 0.4
    endloop
  endfacet
  facet normal 0.967466 0.252988 0.00247291
    outer loop
      vertex -8.76076 -8.92743 0.349999
      vertex -8.75733 -8.94115 0.411705
      vertex -8.75754 -8.94029 0.405881
    endloop
  endfacet
  facet normal 0.969768 0.244027 -2.75898e-05
    outer loop
      vertex -8.76076 -8.92743 1.2
      vertex -8.75697 -8.94258 0.417417
      vertex -8.75733 -8.94115 0.411705
    endloop
  endfacet
  facet normal 0.969868 0.243631 -1.94409e-05
    outer loop
      vertex -8.76076 -8.92743 1.2
      vertex -8.75647 -8.94457 0.42296
      vertex -8.75697 -8.94258 0.417417
    endloop
  endfacet
  facet normal 0.969922 0.243416 -1.43947e-05
    outer loop
      vertex -8.76076 -8.92743 1.2
      vertex -8.75584 -8.94708 0.428284
      vertex -8.75647 -8.94457 0.42296
    endloop
  endfacet
  facet normal 0.969958 0.243272 -1.05053e-05
    outer loop
      vertex -8.76076 -8.92743 1.2
      vertex -8.75508 -8.95011 0.433333
      vertex -8.75584 -8.94708 0.428284
    endloop
  endfacet
  facet normal 0.970047 0.242919 -0
    outer loop
      vertex -8.7548 -8.95123 0.434838
      vertex -8.76076 -8.92743 1.2
      vertex -8.7548 -8.95123 1.2
    endloop
  endfacet
  facet normal 0.970139 0.242551 1.21702e-05
    outer loop
      vertex -8.76076 -8.92743 1.2
      vertex -8.7548 -8.95123 0.434838
      vertex -8.75508 -8.95011 0.433333
    endloop
  endfacet
  facet normal 0.969206 0.24625 0.00104113
    outer loop
      vertex -8.75754 -8.94029 0.394118
      vertex -8.76076 -8.92743 0.349999
      vertex -8.75762 -8.94 0.4
    endloop
  endfacet
  facet normal 0.970529 0.240985 -0.000590029
    outer loop
      vertex -8.75733 -8.94115 0.388294
      vertex -8.76076 -8.92743 0.349999
      vertex -8.75754 -8.94029 0.394118
    endloop
  endfacet
  facet normal 0.969978 0.243192 0.000249933
    outer loop
      vertex -8.75697 -8.94258 0.382583
      vertex -8.76076 -8.92743 0.349999
      vertex -8.75733 -8.94115 0.388294
    endloop
  endfacet
  facet normal 0.969996 0.24312 0.00021442
    outer loop
      vertex -8.75647 -8.94457 0.377039
      vertex -8.76076 -8.92743 0.349999
      vertex -8.75697 -8.94258 0.382583
    endloop
  endfacet
  facet normal 0.970007 0.243076 0.000184727
    outer loop
      vertex -8.75584 -8.94708 0.371716
      vertex -8.76076 -8.92743 0.349999
      vertex -8.75647 -8.94457 0.377039
    endloop
  endfacet
  facet normal 0.970015 0.243045 0.000155151
    outer loop
      vertex -8.75508 -8.95011 0.366665
      vertex -8.76076 -8.92743 0.349999
      vertex -8.75584 -8.94708 0.371716
    endloop
  endfacet
  facet normal 0.970077 0.242796 -0.000205777
    outer loop
      vertex -8.7548 -8.95123 0.36516
      vertex -8.76076 -8.92743 0.349999
      vertex -8.75508 -8.95011 0.366665
    endloop
  endfacet
  facet normal 0.970047 0.242919 0
    outer loop
      vertex -8.76076 -8.92743 0.349999
      vertex -8.7548 -8.95123 0.36516
      vertex -8.7548 -8.95123 0.349999
    endloop
  endfacet
  facet normal -0.671394 0.741101 0
    outer loop
      vertex -9.1586 -8.80675 1
      vertex -9.17678 -8.82322 1.2
      vertex -9.1586 -8.80675 1.2
    endloop
  endfacet
  facet normal -0.671394 0.741101 0
    outer loop
      vertex -9.17678 -8.82322 1.2
      vertex -9.1586 -8.80675 1
      vertex -9.17678 -8.82322 1
    endloop
  endfacet
  facet normal -0.0489209 -0.998803 0
    outer loop
      vertex -9.0245 -9.2488 0.349999
      vertex -9 -9.25 1.2
      vertex -9.0245 -9.2488 1.2
    endloop
  endfacet
  facet normal -0.0489209 -0.998803 -0
    outer loop
      vertex -9 -9.25 1.2
      vertex -9.0245 -9.2488 0.349999
      vertex -9 -9.25 0.349999
    endloop
  endfacet
  facet normal 0.941483 0.337059 0
    outer loop
      vertex -8.76076 -8.92743 1.2
      vertex -8.76903 -8.90433 0.349999
      vertex -8.76903 -8.90433 1.2
    endloop
  endfacet
  facet normal 0.941483 0.337059 0
    outer loop
      vertex -8.76903 -8.90433 0.349999
      vertex -8.76076 -8.92743 1.2
      vertex -8.76076 -8.92743 0.349999
    endloop
  endfacet
  facet normal 0.337059 0.941483 -0
    outer loop
      vertex -8.90433 -8.76903 0.349999
      vertex -8.92743 -8.76076 1.2
      vertex -8.90433 -8.76903 1.2
    endloop
  endfacet
  facet normal 0.337059 0.941483 0
    outer loop
      vertex -8.92743 -8.76076 1.2
      vertex -8.90433 -8.76903 0.349999
      vertex -8.92743 -8.76076 0.349999
    endloop
  endfacet
  facet normal -0.941613 0.336698 0
    outer loop
      vertex -9.23923 -8.92743 1
      vertex -9.23097 -8.90433 1.2
      vertex -9.23097 -8.90433 1
    endloop
  endfacet
  facet normal -0.941613 0.336698 0
    outer loop
      vertex -9.23097 -8.90433 1.2
      vertex -9.23923 -8.92743 1
      vertex -9.23923 -8.92743 1.2
    endloop
  endfacet
  facet normal 0.671394 0.741101 -0
    outer loop
      vertex -8.82322 -8.82322 0.349999
      vertex -8.8414 -8.80675 1.2
      vertex -8.82322 -8.82322 1.2
    endloop
  endfacet
  facet normal 0.671394 0.741101 0
    outer loop
      vertex -8.8414 -8.80675 1.2
      vertex -8.82322 -8.82322 0.349999
      vertex -8.8414 -8.80675 0.349999
    endloop
  endfacet
  facet normal -0.96995 -0.243303 0
    outer loop
      vertex -9.23923 -9.07257 0.349999
      vertex -9.2452 -9.04877 1.2
      vertex -9.2452 -9.04877 0.349999
    endloop
  endfacet
  facet normal -0.96995 -0.243303 0
    outer loop
      vertex -9.2452 -9.04877 1.2
      vertex -9.23923 -9.07257 0.349999
      vertex -9.23923 -9.07257 1.2
    endloop
  endfacet
  facet normal 0.243303 -0.96995 0
    outer loop
      vertex -8.95123 -9.2452 0.349999
      vertex -8.92743 -9.23923 1.2
      vertex -8.95123 -9.2452 1.2
    endloop
  endfacet
  facet normal 0.243303 -0.96995 0
    outer loop
      vertex -8.92743 -9.23923 1.2
      vertex -8.95123 -9.2452 0.349999
      vertex -8.92743 -9.23923 0.349999
    endloop
  endfacet
  facet normal 0.427543 -0.903995 0
    outer loop
      vertex -8.90433 -9.23097 0.349999
      vertex -8.88215 -9.22048 1.2
      vertex -8.90433 -9.23097 1.2
    endloop
  endfacet
  facet normal 0.427543 -0.903995 0
    outer loop
      vertex -8.88215 -9.22048 1.2
      vertex -8.90433 -9.23097 0.349999
      vertex -8.88215 -9.22048 0.349999
    endloop
  endfacet
  facet normal -0.337059 0.941483 0
    outer loop
      vertex -9.07257 -8.76076 1
      vertex -9.09567 -8.76903 1.2
      vertex -9.07257 -8.76076 1.2
    endloop
  endfacet
  facet normal -0.337059 0.941483 0
    outer loop
      vertex -9.09567 -8.76903 1.2
      vertex -9.07257 -8.76076 1
      vertex -9.09567 -8.76903 1
    endloop
  endfacet
  facet normal 0.146726 -0.989177 0
    outer loop
      vertex -8.9755 -9.2488 0.349999
      vertex -8.95123 -9.2452 1.2
      vertex -8.9755 -9.2488 1.2
    endloop
  endfacet
  facet normal 0.146726 -0.989177 0
    outer loop
      vertex -8.95123 -9.2452 1.2
      vertex -8.9755 -9.2488 0.349999
      vertex -8.95123 -9.2452 0.349999
    endloop
  endfacet
  facet normal 0.144898 0.989447 -0
    outer loop
      vertex -8.95123 -8.7548 0.349999
      vertex -8.95362 -8.75445 0.361936
      vertex -8.95123 -8.7548 0.36516
    endloop
  endfacet
  facet normal 0.147216 0.989104 0.000474141
    outer loop
      vertex -8.95123 -8.7548 0.349999
      vertex -8.95757 -8.75386 0.357574
      vertex -8.95362 -8.75445 0.361936
    endloop
  endfacet
  facet normal 0.146924 0.989148 0.00022443
    outer loop
      vertex -8.95123 -8.7548 0.349999
      vertex -8.96194 -8.75321 0.353619
      vertex -8.95757 -8.75386 0.357574
    endloop
  endfacet
  facet normal 0.146708 0.98918 -0.000428637
    outer loop
      vertex -8.95123 -8.7548 0.349999
      vertex -8.96667 -8.75251 0.350111
      vertex -8.96194 -8.75321 0.353619
    endloop
  endfacet
  facet normal 0.146047 0.987554 -0.058369
    outer loop
      vertex -8.96667 -8.75251 0.350111
      vertex -8.95123 -8.7548 0.349999
      vertex -8.96685 -8.75249 0.349999
    endloop
  endfacet
  facet normal 0.146726 0.989177 0
    outer loop
      vertex -8.95123 -8.7548 1.2
      vertex -8.9755 -8.7512 0.454702
      vertex -8.9755 -8.7512 1.2
    endloop
  endfacet
  facet normal 0.146551 0.989203 5.80949e-06
    outer loop
      vertex -8.95123 -8.7548 1.2
      vertex -8.97172 -8.75176 0.452915
      vertex -8.9755 -8.7512 0.454702
    endloop
  endfacet
  facet normal 0.146901 0.989151 -3.99806e-06
    outer loop
      vertex -8.95123 -8.7548 1.2
      vertex -8.96667 -8.75251 0.449887
      vertex -8.97172 -8.75176 0.452915
    endloop
  endfacet
  facet normal 0.146402 0.989225 6.50848e-06
    outer loop
      vertex -8.95123 -8.7548 1.2
      vertex -8.96194 -8.75321 0.446381
      vertex -8.96667 -8.75251 0.449887
    endloop
  endfacet
  facet normal 0.147119 0.989119 -3.91416e-06
    outer loop
      vertex -8.95123 -8.7548 1.2
      vertex -8.95757 -8.75386 0.442426
      vertex -8.96194 -8.75321 0.446381
    endloop
  endfacet
  facet normal 0.147718 0.989029 -9.03858e-06
    outer loop
      vertex -8.95123 -8.7548 1.2
      vertex -8.95362 -8.75445 0.438063
      vertex -8.95757 -8.75386 0.442426
    endloop
  endfacet
  facet normal 0.144898 0.989447 0
    outer loop
      vertex -8.95362 -8.75445 0.438063
      vertex -8.95123 -8.7548 1.2
      vertex -8.95123 -8.7548 0.434838
    endloop
  endfacet
  facet normal 0.514076 -0.857745 0
    outer loop
      vertex -8.88215 -9.22048 0.349999
      vertex -8.86111 -9.20787 1.2
      vertex -8.88215 -9.22048 1.2
    endloop
  endfacet
  facet normal 0.514076 -0.857745 0
    outer loop
      vertex -8.86111 -9.20787 1.2
      vertex -8.88215 -9.22048 0.349999
      vertex -8.86111 -9.20787 0.349999
    endloop
  endfacet
  facet normal 0.242919 0.970047 0
    outer loop
      vertex -8.92743 -8.76076 1.2
      vertex -8.95123 -8.7548 0.434838
      vertex -8.95123 -8.7548 1.2
    endloop
  endfacet
  facet normal 0.242551 0.970139 1.21702e-05
    outer loop
      vertex -8.92743 -8.76076 1.2
      vertex -8.95011 -8.75508 0.433333
      vertex -8.95123 -8.7548 0.434838
    endloop
  endfacet
  facet normal 0.243272 0.969958 -1.05053e-05
    outer loop
      vertex -8.92743 -8.76076 1.2
      vertex -8.94708 -8.75584 0.428284
      vertex -8.95011 -8.75508 0.433333
    endloop
  endfacet
  facet normal 0.243416 0.969922 -1.43947e-05
    outer loop
      vertex -8.92743 -8.76076 1.2
      vertex -8.94457 -8.75647 0.42296
      vertex -8.94708 -8.75584 0.428284
    endloop
  endfacet
  facet normal 0.243631 0.969868 -1.94409e-05
    outer loop
      vertex -8.92743 -8.76076 1.2
      vertex -8.94258 -8.75697 0.417417
      vertex -8.94457 -8.75647 0.42296
    endloop
  endfacet
  facet normal 0.244027 0.969768 -2.75898e-05
    outer loop
      vertex -8.92743 -8.76076 1.2
      vertex -8.94115 -8.75733 0.411705
      vertex -8.94258 -8.75697 0.417417
    endloop
  endfacet
  facet normal 0.242536 0.970143 -0
    outer loop
      vertex -8.92743 -8.76076 0.349999
      vertex -8.94115 -8.75733 0.411705
      vertex -8.92743 -8.76076 1.2
    endloop
  endfacet
  facet normal 0.252988 0.967466 0.00247291
    outer loop
      vertex -8.94115 -8.75733 0.411705
      vertex -8.92743 -8.76076 0.349999
      vertex -8.94029 -8.75754 0.405881
    endloop
  endfacet
  facet normal 0.236533 0.971622 -0.00155332
    outer loop
      vertex -8.94029 -8.75754 0.405881
      vertex -8.92743 -8.76076 0.349999
      vertex -8.94 -8.75762 0.4
    endloop
  endfacet
  facet normal 0.24625 0.969206 0.00104113
    outer loop
      vertex -8.92743 -8.76076 0.349999
      vertex -8.94029 -8.75754 0.394118
      vertex -8.94 -8.75762 0.4
    endloop
  endfacet
  facet normal 0.240985 0.970529 -0.000590029
    outer loop
      vertex -8.92743 -8.76076 0.349999
      vertex -8.94115 -8.75733 0.388294
      vertex -8.94029 -8.75754 0.394118
    endloop
  endfacet
  facet normal 0.243192 0.969978 0.000249933
    outer loop
      vertex -8.92743 -8.76076 0.349999
      vertex -8.94258 -8.75697 0.382583
      vertex -8.94115 -8.75733 0.388294
    endloop
  endfacet
  facet normal 0.24312 0.969996 0.00021442
    outer loop
      vertex -8.92743 -8.76076 0.349999
      vertex -8.94457 -8.75647 0.377039
      vertex -8.94258 -8.75697 0.382583
    endloop
  endfacet
  facet normal 0.243076 0.970007 0.000184727
    outer loop
      vertex -8.92743 -8.76076 0.349999
      vertex -8.94708 -8.75584 0.371716
      vertex -8.94457 -8.75647 0.377039
    endloop
  endfacet
  facet normal 0.243045 0.970015 0.000155151
    outer loop
      vertex -8.92743 -8.76076 0.349999
      vertex -8.95011 -8.75508 0.366665
      vertex -8.94708 -8.75584 0.371716
    endloop
  endfacet
  facet normal 0.242796 0.970077 -0.000205777
    outer loop
      vertex -8.92743 -8.76076 0.349999
      vertex -8.95123 -8.7548 0.36516
      vertex -8.95011 -8.75508 0.366665
    endloop
  endfacet
  facet normal 0.242919 0.970047 0
    outer loop
      vertex -8.95123 -8.7548 0.36516
      vertex -8.92743 -8.76076 0.349999
      vertex -8.95123 -8.7548 0.349999
    endloop
  endfacet
  facet normal 0.803167 -0.595754 0
    outer loop
      vertex -8.80675 -9.1586 1.2
      vertex -8.79213 -9.13889 0.349999
      vertex -8.79213 -9.13889 1.2
    endloop
  endfacet
  facet normal 0.803167 -0.595754 0
    outer loop
      vertex -8.79213 -9.13889 0.349999
      vertex -8.80675 -9.1586 1.2
      vertex -8.80675 -9.1586 0.349999
    endloop
  endfacet
  facet normal 0.595754 -0.803167 0
    outer loop
      vertex -8.86111 -9.20787 0.349999
      vertex -8.8414 -9.19325 1.2
      vertex -8.86111 -9.20787 1.2
    endloop
  endfacet
  facet normal 0.595754 -0.803167 0
    outer loop
      vertex -8.8414 -9.19325 1.2
      vertex -8.86111 -9.20787 0.349999
      vertex -8.8414 -9.19325 0.349999
    endloop
  endfacet
  facet normal 0.336698 -0.941613 0
    outer loop
      vertex -8.92743 -9.23923 0.349999
      vertex -8.90433 -9.23097 1.2
      vertex -8.92743 -9.23923 1.2
    endloop
  endfacet
  facet normal 0.336698 -0.941613 0
    outer loop
      vertex -8.90433 -9.23097 1.2
      vertex -8.92743 -9.23923 0.349999
      vertex -8.90433 -9.23097 0.349999
    endloop
  endfacet
  facet normal -0.989177 0.146726 0
    outer loop
      vertex -9.2488 -8.9755 1
      vertex -9.2452 -8.95123 1.2
      vertex -9.2452 -8.95123 1
    endloop
  endfacet
  facet normal -0.989177 0.146726 0
    outer loop
      vertex -9.2452 -8.95123 1.2
      vertex -9.2488 -8.9755 1
      vertex -9.2488 -8.9755 1.2
    endloop
  endfacet
  facet normal -0.941613 -0.336698 0
    outer loop
      vertex -9.23097 -9.09567 0.349999
      vertex -9.23923 -9.07257 1.2
      vertex -9.23923 -9.07257 0.349999
    endloop
  endfacet
  facet normal -0.941613 -0.336698 0
    outer loop
      vertex -9.23923 -9.07257 1.2
      vertex -9.23097 -9.09567 0.349999
      vertex -9.23097 -9.09567 1.2
    endloop
  endfacet
  facet normal 0.989177 -0.146726 0
    outer loop
      vertex -8.7548 -9.04877 1.2
      vertex -8.7512 -9.0245 0.454702
      vertex -8.7512 -9.0245 1.2
    endloop
  endfacet
  facet normal 0.989203 -0.146551 5.80949e-06
    outer loop
      vertex -8.7512 -9.0245 0.454702
      vertex -8.7548 -9.04877 1.2
      vertex -8.75176 -9.02828 0.452915
    endloop
  endfacet
  facet normal 0.989151 -0.146901 -3.99806e-06
    outer loop
      vertex -8.75176 -9.02828 0.452915
      vertex -8.7548 -9.04877 1.2
      vertex -8.75251 -9.03333 0.449887
    endloop
  endfacet
  facet normal 0.989225 -0.146402 6.50848e-06
    outer loop
      vertex -8.75251 -9.03333 0.449887
      vertex -8.7548 -9.04877 1.2
      vertex -8.75321 -9.03806 0.446381
    endloop
  endfacet
  facet normal 0.989119 -0.147119 -3.91416e-06
    outer loop
      vertex -8.75321 -9.03806 0.446381
      vertex -8.7548 -9.04877 1.2
      vertex -8.75386 -9.04243 0.442426
    endloop
  endfacet
  facet normal 0.989029 -0.147718 -9.03858e-06
    outer loop
      vertex -8.75386 -9.04243 0.442426
      vertex -8.7548 -9.04877 1.2
      vertex -8.75445 -9.04638 0.438063
    endloop
  endfacet
  facet normal 0.989447 -0.144898 0
    outer loop
      vertex -8.75445 -9.04638 0.438063
      vertex -8.7548 -9.04877 1.2
      vertex -8.7548 -9.04877 0.434838
    endloop
  endfacet
  facet normal 0.987554 -0.146047 -0.058369
    outer loop
      vertex -8.75251 -9.03333 0.350111
      vertex -8.7548 -9.04877 0.349999
      vertex -8.75249 -9.03315 0.349999
    endloop
  endfacet
  facet normal 0.98918 -0.146708 -0.000428637
    outer loop
      vertex -8.75321 -9.03806 0.353619
      vertex -8.7548 -9.04877 0.349999
      vertex -8.75251 -9.03333 0.350111
    endloop
  endfacet
  facet normal 0.989148 -0.146924 0.00022443
    outer loop
      vertex -8.75386 -9.04243 0.357574
      vertex -8.7548 -9.04877 0.349999
      vertex -8.75321 -9.03806 0.353619
    endloop
  endfacet
  facet normal 0.989104 -0.147216 0.000474141
    outer loop
      vertex -8.75445 -9.04638 0.361936
      vertex -8.7548 -9.04877 0.349999
      vertex -8.75386 -9.04243 0.357574
    endloop
  endfacet
  facet normal 0.989447 -0.144898 0
    outer loop
      vertex -8.7548 -9.04877 0.349999
      vertex -8.75445 -9.04638 0.361936
      vertex -8.7548 -9.04877 0.36516
    endloop
  endfacet
  facet normal -0.146726 -0.989177 0
    outer loop
      vertex -9.04877 -9.2452 0.349999
      vertex -9.0245 -9.2488 1.2
      vertex -9.04877 -9.2452 1.2
    endloop
  endfacet
  facet normal -0.146726 -0.989177 -0
    outer loop
      vertex -9.0245 -9.2488 1.2
      vertex -9.04877 -9.2452 0.349999
      vertex -9.0245 -9.2488 0.349999
    endloop
  endfacet
  facet normal -0.803167 0.595754 0
    outer loop
      vertex -9.20787 -8.86111 1
      vertex -9.19325 -8.8414 1.2
      vertex -9.19325 -8.8414 1
    endloop
  endfacet
  facet normal -0.803167 0.595754 0
    outer loop
      vertex -9.19325 -8.8414 1.2
      vertex -9.20787 -8.86111 1
      vertex -9.20787 -8.86111 1.2
    endloop
  endfacet
  facet normal -0.427543 -0.903995 0
    outer loop
      vertex -9.11785 -9.22048 0.349999
      vertex -9.09567 -9.23097 1.2
      vertex -9.11785 -9.22048 1.2
    endloop
  endfacet
  facet normal -0.427543 -0.903995 -0
    outer loop
      vertex -9.09567 -9.23097 1.2
      vertex -9.11785 -9.22048 0.349999
      vertex -9.09567 -9.23097 0.349999
    endloop
  endfacet
  facet normal -0.146726 0.989177 0
    outer loop
      vertex -9.0245 -8.7512 1
      vertex -9.04877 -8.7548 1.2
      vertex -9.0245 -8.7512 1.2
    endloop
  endfacet
  facet normal -0.146726 0.989177 0
    outer loop
      vertex -9.04877 -8.7548 1.2
      vertex -9.0245 -8.7512 1
      vertex -9.04877 -8.7548 1
    endloop
  endfacet
  facet normal 0.427543 0.903995 -0
    outer loop
      vertex -8.88215 -8.77952 0.349999
      vertex -8.90433 -8.76903 1.2
      vertex -8.88215 -8.77952 1.2
    endloop
  endfacet
  facet normal 0.427543 0.903995 0
    outer loop
      vertex -8.90433 -8.76903 1.2
      vertex -8.88215 -8.77952 0.349999
      vertex -8.90433 -8.76903 0.349999
    endloop
  endfacet
  facet normal 0.970047 -0.242919 0
    outer loop
      vertex -8.76076 -9.07257 1.2
      vertex -8.7548 -9.04877 0.434838
      vertex -8.7548 -9.04877 1.2
    endloop
  endfacet
  facet normal 0.970139 -0.242551 1.21702e-05
    outer loop
      vertex -8.7548 -9.04877 0.434838
      vertex -8.76076 -9.07257 1.2
      vertex -8.75508 -9.04989 0.433333
    endloop
  endfacet
  facet normal 0.969777 -0.243994 -3.3206e-05
    outer loop
      vertex -8.75508 -9.04989 0.433333
      vertex -8.76076 -9.07257 1.2
      vertex -8.75584 -9.05291 0.428284
    endloop
  endfacet
  facet normal 0.97014 -0.242547 5.96457e-06
    outer loop
      vertex -8.75584 -9.05291 0.428284
      vertex -8.76076 -9.07257 1.2
      vertex -8.75647 -9.05543 0.42296
    endloop
  endfacet
  facet normal 0.969868 -0.243631 -1.94409e-05
    outer loop
      vertex -8.75647 -9.05543 0.42296
      vertex -8.76076 -9.07257 1.2
      vertex -8.75697 -9.05742 0.417417
    endloop
  endfacet
  facet normal 0.969768 -0.244027 -2.75898e-05
    outer loop
      vertex -8.75697 -9.05742 0.417417
      vertex -8.76076 -9.07257 1.2
      vertex -8.75733 -9.05885 0.411705
    endloop
  endfacet
  facet normal 0.970143 -0.242536 0
    outer loop
      vertex -8.76076 -9.07257 0.349999
      vertex -8.75733 -9.05885 0.411705
      vertex -8.76076 -9.07257 1.2
    endloop
  endfacet
  facet normal 0.967466 -0.252988 0.00247291
    outer loop
      vertex -8.75733 -9.05885 0.411705
      vertex -8.76076 -9.07257 0.349999
      vertex -8.75754 -9.05971 0.405881
    endloop
  endfacet
  facet normal 0.970143 -0.242536 0
    outer loop
      vertex -8.75508 -9.04989 0.366665
      vertex -8.7548 -9.04877 0.349999
      vertex -8.7548 -9.04877 0.36516
    endloop
  endfacet
  facet normal 0.969957 -0.243277 0.000489426
    outer loop
      vertex -8.76076 -9.07257 0.349999
      vertex -8.75508 -9.04989 0.366665
      vertex -8.75584 -9.05291 0.371716
    endloop
  endfacet
  facet normal 0.970104 -0.242688 -7.66943e-05
    outer loop
      vertex -8.76076 -9.07257 0.349999
      vertex -8.75584 -9.05291 0.371716
      vertex -8.75647 -9.05543 0.377039
    endloop
  endfacet
  facet normal 0.969996 -0.24312 0.00021442
    outer loop
      vertex -8.76076 -9.07257 0.349999
      vertex -8.75647 -9.05543 0.377039
      vertex -8.75697 -9.05742 0.382583
    endloop
  endfacet
  facet normal 0.970047 -0.242919 -2.73906e-05
    outer loop
      vertex -8.75508 -9.04989 0.366665
      vertex -8.76076 -9.07257 0.349999
      vertex -8.7548 -9.04877 0.349999
    endloop
  endfacet
  facet normal 0.969978 -0.243192 0.000249933
    outer loop
      vertex -8.75733 -9.05885 0.388294
      vertex -8.76076 -9.07257 0.349999
      vertex -8.75697 -9.05742 0.382583
    endloop
  endfacet
  facet normal 0.970529 -0.240985 -0.000590029
    outer loop
      vertex -8.75754 -9.05971 0.394118
      vertex -8.76076 -9.07257 0.349999
      vertex -8.75733 -9.05885 0.388294
    endloop
  endfacet
  facet normal 0.969206 -0.24625 0.00104113
    outer loop
      vertex -8.75762 -9.06 0.4
      vertex -8.76076 -9.07257 0.349999
      vertex -8.75754 -9.05971 0.394118
    endloop
  endfacet
  facet normal 0.971622 -0.236533 -0.00155332
    outer loop
      vertex -8.75754 -9.05971 0.405881
      vertex -8.76076 -9.07257 0.349999
      vertex -8.75762 -9.06 0.4
    endloop
  endfacet
  facet normal -0.903995 0.427543 0
    outer loop
      vertex -9.23097 -8.90433 1
      vertex -9.22048 -8.88215 1.2
      vertex -9.22048 -8.88215 1
    endloop
  endfacet
  facet normal -0.903995 0.427543 0
    outer loop
      vertex -9.22048 -8.88215 1.2
      vertex -9.23097 -8.90433 1
      vertex -9.23097 -8.90433 1.2
    endloop
  endfacet
  facet normal -0.741101 -0.671394 0
    outer loop
      vertex -9.17678 -9.17678 0.349999
      vertex -9.19325 -9.1586 1.2
      vertex -9.19325 -9.1586 0.349999
    endloop
  endfacet
  facet normal -0.741101 -0.671394 0
    outer loop
      vertex -9.19325 -9.1586 1.2
      vertex -9.17678 -9.17678 0.349999
      vertex -9.17678 -9.17678 1.2
    endloop
  endfacet
  facet normal -0.427543 0.903995 0
    outer loop
      vertex -9.09567 -8.76903 1
      vertex -9.11785 -8.77952 1.2
      vertex -9.09567 -8.76903 1.2
    endloop
  endfacet
  facet normal -0.427543 0.903995 0
    outer loop
      vertex -9.11785 -8.77952 1.2
      vertex -9.09567 -8.76903 1
      vertex -9.11785 -8.77952 1
    endloop
  endfacet
  facet normal -0.242919 0.970047 0
    outer loop
      vertex -9.04877 -8.7548 1
      vertex -9.07257 -8.76076 1.2
      vertex -9.04877 -8.7548 1.2
    endloop
  endfacet
  facet normal -0.242919 0.970047 0
    outer loop
      vertex -9.07257 -8.76076 1.2
      vertex -9.04877 -8.7548 1
      vertex -9.07257 -8.76076 1
    endloop
  endfacet
  facet normal 0.803167 0.595754 0
    outer loop
      vertex -8.79213 -8.86111 1.2
      vertex -8.80675 -8.8414 0.349999
      vertex -8.80675 -8.8414 1.2
    endloop
  endfacet
  facet normal 0.803167 0.595754 0
    outer loop
      vertex -8.80675 -8.8414 0.349999
      vertex -8.79213 -8.86111 1.2
      vertex -8.79213 -8.86111 0.349999
    endloop
  endfacet
  facet normal -0.243303 -0.96995 0
    outer loop
      vertex -9.07257 -9.23923 0.349999
      vertex -9.04877 -9.2452 1.2
      vertex -9.07257 -9.23923 1.2
    endloop
  endfacet
  facet normal -0.243303 -0.96995 -0
    outer loop
      vertex -9.04877 -9.2452 1.2
      vertex -9.07257 -9.23923 0.349999
      vertex -9.04877 -9.2452 0.349999
    endloop
  endfacet
  facet normal -0.998803 -0.0489209 0
    outer loop
      vertex -9.2488 -9.0245 0.349999
      vertex -9.25 -9 1
      vertex -9.25 -9 0.349999
    endloop
  endfacet
  facet normal -0.998803 -0.0489209 -0
    outer loop
      vertex -9.2488 -9.0245 1.2
      vertex -9.25 -9 1
      vertex -9.2488 -9.0245 0.349999
    endloop
  endfacet
  facet normal -0.998803 -0.0489209 0
    outer loop
      vertex -9.25 -9 1
      vertex -9.2488 -9.0245 1.2
      vertex -9.25 -9 1.2
    endloop
  endfacet
  facet normal 0.903995 -0.427543 0
    outer loop
      vertex -8.77952 -9.11785 1.2
      vertex -8.76903 -9.09567 0.349999
      vertex -8.76903 -9.09567 1.2
    endloop
  endfacet
  facet normal 0.903995 -0.427543 0
    outer loop
      vertex -8.76903 -9.09567 0.349999
      vertex -8.77952 -9.11785 1.2
      vertex -8.77952 -9.11785 0.349999
    endloop
  endfacet
  facet normal -0.671394 -0.741101 0
    outer loop
      vertex -9.17678 -9.17678 0.349999
      vertex -9.1586 -9.19325 1.2
      vertex -9.17678 -9.17678 1.2
    endloop
  endfacet
  facet normal -0.671394 -0.741101 -0
    outer loop
      vertex -9.1586 -9.19325 1.2
      vertex -9.17678 -9.17678 0.349999
      vertex -9.1586 -9.19325 0.349999
    endloop
  endfacet
  facet normal 0.998803 -0.0489209 0
    outer loop
      vertex -8.7512 -9.0245 1.2
      vertex -8.75 -9 0.459999
      vertex -8.75 -9 1.2
    endloop
  endfacet
  facet normal 0.998786 -0.0492593 -1.12294e-05
    outer loop
      vertex -8.75 -9 0.459999
      vertex -8.7512 -9.0245 1.2
      vertex -8.75029 -9.00588 0.459711
    endloop
  endfacet
  facet normal 0.998765 -0.0496781 -2.17876e-05
    outer loop
      vertex -8.75029 -9.00588 0.459711
      vertex -8.7512 -9.0245 1.2
      vertex -8.75058 -9.01171 0.458847
    endloop
  endfacet
  facet normal 0.9988 -0.0489755 -9.63483e-06
    outer loop
      vertex -8.75058 -9.01171 0.458847
      vertex -8.7512 -9.0245 1.2
      vertex -8.75086 -9.01742 0.457416
    endloop
  endfacet
  facet normal 0.998815 -0.0486763 -6.77497e-06
    outer loop
      vertex -8.75086 -9.01742 0.457416
      vertex -8.7512 -9.0245 1.2
      vertex -8.75113 -9.02296 0.455432
    endloop
  endfacet
  facet normal 0.998969 -0.0454077 0
    outer loop
      vertex -8.75113 -9.02296 0.455432
      vertex -8.7512 -9.0245 1.2
      vertex -8.7512 -9.0245 0.454702
    endloop
  endfacet
  facet normal -0.595754 0.803167 0
    outer loop
      vertex -9.13889 -8.79213 1
      vertex -9.1586 -8.80675 1.2
      vertex -9.13889 -8.79213 1.2
    endloop
  endfacet
  facet normal -0.595754 0.803167 0
    outer loop
      vertex -9.1586 -8.80675 1.2
      vertex -9.13889 -8.79213 1
      vertex -9.1586 -8.80675 1
    endloop
  endfacet
  facet normal -0.857745 -0.514076 0
    outer loop
      vertex -9.20787 -9.13889 0.349999
      vertex -9.22048 -9.11785 1.2
      vertex -9.22048 -9.11785 0.349999
    endloop
  endfacet
  facet normal -0.857745 -0.514076 0
    outer loop
      vertex -9.22048 -9.11785 1.2
      vertex -9.20787 -9.13889 0.349999
      vertex -9.20787 -9.13889 1.2
    endloop
  endfacet
  facet normal -0.741101 0.671394 0
    outer loop
      vertex -9.19325 -8.8414 1
      vertex -9.17678 -8.82322 1.2
      vertex -9.17678 -8.82322 1
    endloop
  endfacet
  facet normal -0.741101 0.671394 0
    outer loop
      vertex -9.17678 -8.82322 1.2
      vertex -9.19325 -8.8414 1
      vertex -9.19325 -8.8414 1.2
    endloop
  endfacet
  facet normal 0.0489209 0.998803 0
    outer loop
      vertex -8.9755 -8.7512 1.2
      vertex -9 -8.75 1
      vertex -9 -8.75 1.2
    endloop
  endfacet
  facet normal 0.0489209 0.998803 -0
    outer loop
      vertex -8.9755 -8.7512 0.454702
      vertex -9 -8.75 1
      vertex -8.9755 -8.7512 1.2
    endloop
  endfacet
  facet normal 0.0492599 0.998786 0
    outer loop
      vertex -9 -8.75 1
      vertex -8.99412 -8.75029 0.459711
      vertex -9 -8.75 0.459999
    endloop
  endfacet
  facet normal 0.049682 0.998765 4.60509e-06
    outer loop
      vertex -9 -8.75 1
      vertex -8.98829 -8.75058 0.458847
      vertex -8.99412 -8.75029 0.459711
    endloop
  endfacet
  facet normal 0.0489752 0.9988 -1.0725e-05
    outer loop
      vertex -9 -8.75 1
      vertex -8.98258 -8.75086 0.457416
      vertex -8.98829 -8.75058 0.458847
    endloop
  endfacet
  facet normal 0.0486714 0.998815 -2.0505e-05
    outer loop
      vertex -9 -8.75 1
      vertex -8.97704 -8.75113 0.455432
      vertex -8.98258 -8.75086 0.457416
    endloop
  endfacet
  facet normal 0.0453312 0.998972 -0.000161659
    outer loop
      vertex -9 -8.75 1
      vertex -8.9755 -8.7512 0.454702
      vertex -8.97704 -8.75113 0.455432
    endloop
  endfacet
  facet normal 0.595754 0.803167 -0
    outer loop
      vertex -8.8414 -8.80675 0.349999
      vertex -8.86111 -8.79213 1.2
      vertex -8.8414 -8.80675 1.2
    endloop
  endfacet
  facet normal 0.595754 0.803167 0
    outer loop
      vertex -8.86111 -8.79213 1.2
      vertex -8.8414 -8.80675 0.349999
      vertex -8.86111 -8.79213 0.349999
    endloop
  endfacet
  facet normal 0.514076 0.857745 -0
    outer loop
      vertex -8.86111 -8.79213 0.349999
      vertex -8.88215 -8.77952 1.2
      vertex -8.86111 -8.79213 1.2
    endloop
  endfacet
  facet normal 0.514076 0.857745 0
    outer loop
      vertex -8.88215 -8.77952 1.2
      vertex -8.86111 -8.79213 0.349999
      vertex -8.88215 -8.77952 0.349999
    endloop
  endfacet
  facet normal 0.0489209 -0.998803 0
    outer loop
      vertex -9 -9.25 0.349999
      vertex -8.9755 -9.2488 1.2
      vertex -9 -9.25 1.2
    endloop
  endfacet
  facet normal 0.0489209 -0.998803 0
    outer loop
      vertex -8.9755 -9.2488 1.2
      vertex -9 -9.25 0.349999
      vertex -8.9755 -9.2488 0.349999
    endloop
  endfacet
  facet normal 0.857745 -0.514076 0
    outer loop
      vertex -8.79213 -9.13889 1.2
      vertex -8.77952 -9.11785 0.349999
      vertex -8.77952 -9.11785 1.2
    endloop
  endfacet
  facet normal 0.857745 -0.514076 0
    outer loop
      vertex -8.77952 -9.11785 0.349999
      vertex -8.79213 -9.13889 1.2
      vertex -8.79213 -9.13889 0.349999
    endloop
  endfacet
  facet normal -0.998803 0.0489209 0
    outer loop
      vertex -9.25 -9 1
      vertex -9.2488 -8.9755 1.2
      vertex -9.2488 -8.9755 1
    endloop
  endfacet
  facet normal -0.998803 0.0489209 0
    outer loop
      vertex -9.2488 -8.9755 1.2
      vertex -9.25 -9 1
      vertex -9.25 -9 1.2
    endloop
  endfacet
  facet normal -0.96995 0.243303 0
    outer loop
      vertex -9.2452 -8.95123 1
      vertex -9.23923 -8.92743 1.2
      vertex -9.23923 -8.92743 1
    endloop
  endfacet
  facet normal -0.96995 0.243303 0
    outer loop
      vertex -9.23923 -8.92743 1.2
      vertex -9.2452 -8.95123 1
      vertex -9.2452 -8.95123 1.2
    endloop
  endfacet
  facet normal -0.514076 0.857745 0
    outer loop
      vertex -9.11785 -8.77952 1
      vertex -9.13889 -8.79213 1.2
      vertex -9.11785 -8.77952 1.2
    endloop
  endfacet
  facet normal -0.514076 0.857745 0
    outer loop
      vertex -9.13889 -8.79213 1.2
      vertex -9.11785 -8.77952 1
      vertex -9.13889 -8.79213 1
    endloop
  endfacet
  facet normal 0.903995 0.427543 0
    outer loop
      vertex -8.76903 -8.90433 1.2
      vertex -8.77952 -8.88215 0.349999
      vertex -8.77952 -8.88215 1.2
    endloop
  endfacet
  facet normal 0.903995 0.427543 0
    outer loop
      vertex -8.77952 -8.88215 0.349999
      vertex -8.76903 -8.90433 1.2
      vertex -8.76903 -8.90433 0.349999
    endloop
  endfacet
  facet normal 0.857745 0.514076 0
    outer loop
      vertex -8.77952 -8.88215 1.2
      vertex -8.79213 -8.86111 0.349999
      vertex -8.79213 -8.86111 1.2
    endloop
  endfacet
  facet normal 0.857745 0.514076 0
    outer loop
      vertex -8.79213 -8.86111 0.349999
      vertex -8.77952 -8.88215 1.2
      vertex -8.77952 -8.88215 0.349999
    endloop
  endfacet
  facet normal -0.0489209 0.998803 0
    outer loop
      vertex -9 -8.75 1
      vertex -9.0245 -8.7512 1.2
      vertex -9 -8.75 1.2
    endloop
  endfacet
  facet normal -0.0489209 0.998803 0
    outer loop
      vertex -9.0245 -8.7512 1.2
      vertex -9 -8.75 1
      vertex -9.0245 -8.7512 1
    endloop
  endfacet
  facet normal -0.903995 -0.427543 0
    outer loop
      vertex -9.22048 -9.11785 0.349999
      vertex -9.23097 -9.09567 1.2
      vertex -9.23097 -9.09567 0.349999
    endloop
  endfacet
  facet normal -0.903995 -0.427543 0
    outer loop
      vertex -9.23097 -9.09567 1.2
      vertex -9.22048 -9.11785 0.349999
      vertex -9.22048 -9.11785 1.2
    endloop
  endfacet
  facet normal 0.741101 0.671394 0
    outer loop
      vertex -8.80675 -8.8414 1.2
      vertex -8.82322 -8.82322 0.349999
      vertex -8.82322 -8.82322 1.2
    endloop
  endfacet
  facet normal 0.741101 0.671394 0
    outer loop
      vertex -8.82322 -8.82322 0.349999
      vertex -8.80675 -8.8414 1.2
      vertex -8.80675 -8.8414 0.349999
    endloop
  endfacet
  facet normal -0.803167 -0.595754 0
    outer loop
      vertex -9.19325 -9.1586 0.349999
      vertex -9.20787 -9.13889 1.2
      vertex -9.20787 -9.13889 0.349999
    endloop
  endfacet
  facet normal -0.803167 -0.595754 0
    outer loop
      vertex -9.20787 -9.13889 1.2
      vertex -9.19325 -9.1586 0.349999
      vertex -9.19325 -9.1586 1.2
    endloop
  endfacet
  facet normal -0.989177 -0.146726 0
    outer loop
      vertex -9.2452 -9.04877 0.349999
      vertex -9.2488 -9.0245 1.2
      vertex -9.2488 -9.0245 0.349999
    endloop
  endfacet
  facet normal -0.989177 -0.146726 0
    outer loop
      vertex -9.2488 -9.0245 1.2
      vertex -9.2452 -9.04877 0.349999
      vertex -9.2452 -9.04877 1.2
    endloop
  endfacet
  facet normal -0.595754 -0.803167 0
    outer loop
      vertex -9.1586 -9.19325 0.349999
      vertex -9.13889 -9.20787 1.2
      vertex -9.1586 -9.19325 1.2
    endloop
  endfacet
  facet normal -0.595754 -0.803167 -0
    outer loop
      vertex -9.13889 -9.20787 1.2
      vertex -9.1586 -9.19325 0.349999
      vertex -9.13889 -9.20787 0.349999
    endloop
  endfacet
  facet normal 0.941483 -0.337059 0
    outer loop
      vertex -8.76903 -9.09567 1.2
      vertex -8.76076 -9.07257 0.349999
      vertex -8.76076 -9.07257 1.2
    endloop
  endfacet
  facet normal 0.941483 -0.337059 0
    outer loop
      vertex -8.76076 -9.07257 0.349999
      vertex -8.76903 -9.09567 1.2
      vertex -8.76903 -9.09567 0.349999
    endloop
  endfacet
  facet normal -0.514076 -0.857745 0
    outer loop
      vertex -9.13889 -9.20787 0.349999
      vertex -9.11785 -9.22048 1.2
      vertex -9.13889 -9.20787 1.2
    endloop
  endfacet
  facet normal -0.514076 -0.857745 -0
    outer loop
      vertex -9.11785 -9.22048 1.2
      vertex -9.13889 -9.20787 0.349999
      vertex -9.11785 -9.22048 0.349999
    endloop
  endfacet
  facet normal -0.857745 0.514076 0
    outer loop
      vertex -9.22048 -8.88215 1
      vertex -9.20787 -8.86111 1.2
      vertex -9.20787 -8.86111 1
    endloop
  endfacet
  facet normal -0.857745 0.514076 0
    outer loop
      vertex -9.20787 -8.86111 1.2
      vertex -9.22048 -8.88215 1
      vertex -9.22048 -8.88215 1.2
    endloop
  endfacet
  facet normal 0 0 1
    outer loop
      vertex -8.7512 -8.9755 1.2
      vertex -8.7512 -9.0245 1.2
      vertex -8.75 -9 1.2
    endloop
  endfacet
  facet normal 0 0 1
    outer loop
      vertex -8.7548 -8.95123 1.2
      vertex -8.7512 -9.0245 1.2
      vertex -8.7512 -8.9755 1.2
    endloop
  endfacet
  facet normal 0 0 1
    outer loop
      vertex -8.7548 -8.95123 1.2
      vertex -8.7548 -9.04877 1.2
      vertex -8.7512 -9.0245 1.2
    endloop
  endfacet
  facet normal 0 0 1
    outer loop
      vertex -8.76076 -8.92743 1.2
      vertex -8.7548 -9.04877 1.2
      vertex -8.7548 -8.95123 1.2
    endloop
  endfacet
  facet normal 0 0 1
    outer loop
      vertex -8.76076 -8.92743 1.2
      vertex -8.76076 -9.07257 1.2
      vertex -8.7548 -9.04877 1.2
    endloop
  endfacet
  facet normal 0 0 1
    outer loop
      vertex -8.76903 -8.90433 1.2
      vertex -8.76076 -9.07257 1.2
      vertex -8.76076 -8.92743 1.2
    endloop
  endfacet
  facet normal 0 0 1
    outer loop
      vertex -8.76903 -8.90433 1.2
      vertex -8.76903 -9.09567 1.2
      vertex -8.76076 -9.07257 1.2
    endloop
  endfacet
  facet normal 0 0 1
    outer loop
      vertex -8.77952 -8.88215 1.2
      vertex -8.76903 -9.09567 1.2
      vertex -8.76903 -8.90433 1.2
    endloop
  endfacet
  facet normal 0 0 1
    outer loop
      vertex -8.77952 -8.88215 1.2
      vertex -8.77952 -9.11785 1.2
      vertex -8.76903 -9.09567 1.2
    endloop
  endfacet
  facet normal 0 0 1
    outer loop
      vertex -8.79213 -8.86111 1.2
      vertex -8.77952 -9.11785 1.2
      vertex -8.77952 -8.88215 1.2
    endloop
  endfacet
  facet normal 0 0 1
    outer loop
      vertex -8.79213 -8.86111 1.2
      vertex -8.79213 -9.13889 1.2
      vertex -8.77952 -9.11785 1.2
    endloop
  endfacet
  facet normal 0 0 1
    outer loop
      vertex -8.80675 -8.8414 1.2
      vertex -8.79213 -9.13889 1.2
      vertex -8.79213 -8.86111 1.2
    endloop
  endfacet
  facet normal 0 0 1
    outer loop
      vertex -8.80675 -8.8414 1.2
      vertex -8.80675 -9.1586 1.2
      vertex -8.79213 -9.13889 1.2
    endloop
  endfacet
  facet normal 0 0 1
    outer loop
      vertex -8.82322 -8.82322 1.2
      vertex -8.80675 -9.1586 1.2
      vertex -8.80675 -8.8414 1.2
    endloop
  endfacet
  facet normal 0 0 1
    outer loop
      vertex -8.82322 -8.82322 1.2
      vertex -8.82322 -9.17678 1.2
      vertex -8.80675 -9.1586 1.2
    endloop
  endfacet
  facet normal 0 0 1
    outer loop
      vertex -8.8414 -8.80675 1.2
      vertex -8.82322 -9.17678 1.2
      vertex -8.82322 -8.82322 1.2
    endloop
  endfacet
  facet normal 0 0 1
    outer loop
      vertex -8.8414 -8.80675 1.2
      vertex -8.8414 -9.19325 1.2
      vertex -8.82322 -9.17678 1.2
    endloop
  endfacet
  facet normal 0 0 1
    outer loop
      vertex -8.86111 -8.79213 1.2
      vertex -8.8414 -9.19325 1.2
      vertex -8.8414 -8.80675 1.2
    endloop
  endfacet
  facet normal 0 0 1
    outer loop
      vertex -8.86111 -8.79213 1.2
      vertex -8.86111 -9.20787 1.2
      vertex -8.8414 -9.19325 1.2
    endloop
  endfacet
  facet normal 0 0 1
    outer loop
      vertex -8.88215 -8.77952 1.2
      vertex -8.86111 -9.20787 1.2
      vertex -8.86111 -8.79213 1.2
    endloop
  endfacet
  facet normal 0 0 1
    outer loop
      vertex -8.88215 -8.77952 1.2
      vertex -8.88215 -9.22048 1.2
      vertex -8.86111 -9.20787 1.2
    endloop
  endfacet
  facet normal 0 0 1
    outer loop
      vertex -8.90433 -8.76903 1.2
      vertex -8.88215 -9.22048 1.2
      vertex -8.88215 -8.77952 1.2
    endloop
  endfacet
  facet normal 0 0 1
    outer loop
      vertex -8.90433 -8.76903 1.2
      vertex -8.90433 -9.23097 1.2
      vertex -8.88215 -9.22048 1.2
    endloop
  endfacet
  facet normal 0 0 1
    outer loop
      vertex -8.92743 -8.76076 1.2
      vertex -8.90433 -9.23097 1.2
      vertex -8.90433 -8.76903 1.2
    endloop
  endfacet
  facet normal 0 0 1
    outer loop
      vertex -8.92743 -8.76076 1.2
      vertex -8.92743 -9.23923 1.2
      vertex -8.90433 -9.23097 1.2
    endloop
  endfacet
  facet normal 0 0 1
    outer loop
      vertex -8.95123 -8.7548 1.2
      vertex -8.92743 -9.23923 1.2
      vertex -8.92743 -8.76076 1.2
    endloop
  endfacet
  facet normal 0 0 1
    outer loop
      vertex -8.95123 -8.7548 1.2
      vertex -8.95123 -9.2452 1.2
      vertex -8.92743 -9.23923 1.2
    endloop
  endfacet
  facet normal 0 0 1
    outer loop
      vertex -8.9755 -8.7512 1.2
      vertex -8.95123 -9.2452 1.2
      vertex -8.95123 -8.7548 1.2
    endloop
  endfacet
  facet normal 0 0 1
    outer loop
      vertex -8.9755 -8.7512 1.2
      vertex -8.9755 -9.2488 1.2
      vertex -8.95123 -9.2452 1.2
    endloop
  endfacet
  facet normal 0 0 1
    outer loop
      vertex -9 -8.75 1.2
      vertex -8.9755 -9.2488 1.2
      vertex -8.9755 -8.7512 1.2
    endloop
  endfacet
  facet normal 0 0 1
    outer loop
      vertex -9 -8.75 1.2
      vertex -9 -9.25 1.2
      vertex -8.9755 -9.2488 1.2
    endloop
  endfacet
  facet normal -0 0 1
    outer loop
      vertex -9.0245 -8.7512 1.2
      vertex -9 -9.25 1.2
      vertex -9 -8.75 1.2
    endloop
  endfacet
  facet normal 0 0 1
    outer loop
      vertex -9.0245 -8.7512 1.2
      vertex -9.0245 -9.2488 1.2
      vertex -9 -9.25 1.2
    endloop
  endfacet
  facet normal -0 0 1
    outer loop
      vertex -9.04877 -8.7548 1.2
      vertex -9.0245 -9.2488 1.2
      vertex -9.0245 -8.7512 1.2
    endloop
  endfacet
  facet normal 0 0 1
    outer loop
      vertex -9.04877 -8.7548 1.2
      vertex -9.04877 -9.2452 1.2
      vertex -9.0245 -9.2488 1.2
    endloop
  endfacet
  facet normal -0 0 1
    outer loop
      vertex -9.07257 -8.76076 1.2
      vertex -9.04877 -9.2452 1.2
      vertex -9.04877 -8.7548 1.2
    endloop
  endfacet
  facet normal 0 0 1
    outer loop
      vertex -9.07257 -8.76076 1.2
      vertex -9.07257 -9.23923 1.2
      vertex -9.04877 -9.2452 1.2
    endloop
  endfacet
  facet normal -0 0 1
    outer loop
      vertex -9.09567 -8.76903 1.2
      vertex -9.07257 -9.23923 1.2
      vertex -9.07257 -8.76076 1.2
    endloop
  endfacet
  facet normal 0 0 1
    outer loop
      vertex -9.09567 -8.76903 1.2
      vertex -9.09567 -9.23097 1.2
      vertex -9.07257 -9.23923 1.2
    endloop
  endfacet
  facet normal -0 0 1
    outer loop
      vertex -9.11785 -8.77952 1.2
      vertex -9.09567 -9.23097 1.2
      vertex -9.09567 -8.76903 1.2
    endloop
  endfacet
  facet normal 0 0 1
    outer loop
      vertex -9.11785 -8.77952 1.2
      vertex -9.11785 -9.22048 1.2
      vertex -9.09567 -9.23097 1.2
    endloop
  endfacet
  facet normal -0 0 1
    outer loop
      vertex -9.13889 -8.79213 1.2
      vertex -9.11785 -9.22048 1.2
      vertex -9.11785 -8.77952 1.2
    endloop
  endfacet
  facet normal 0 0 1
    outer loop
      vertex -9.13889 -8.79213 1.2
      vertex -9.13889 -9.20787 1.2
      vertex -9.11785 -9.22048 1.2
    endloop
  endfacet
  facet normal -0 0 1
    outer loop
      vertex -9.1586 -8.80675 1.2
      vertex -9.13889 -9.20787 1.2
      vertex -9.13889 -8.79213 1.2
    endloop
  endfacet
  facet normal 0 0 1
    outer loop
      vertex -9.1586 -8.80675 1.2
      vertex -9.1586 -9.19325 1.2
      vertex -9.13889 -9.20787 1.2
    endloop
  endfacet
  facet normal -0 0 1
    outer loop
      vertex -9.17678 -8.82322 1.2
      vertex -9.1586 -9.19325 1.2
      vertex -9.1586 -8.80675 1.2
    endloop
  endfacet
  facet normal 0 0 1
    outer loop
      vertex -9.17678 -8.82322 1.2
      vertex -9.17678 -9.17678 1.2
      vertex -9.1586 -9.19325 1.2
    endloop
  endfacet
  facet normal -0 0 1
    outer loop
      vertex -9.19325 -8.8414 1.2
      vertex -9.17678 -9.17678 1.2
      vertex -9.17678 -8.82322 1.2
    endloop
  endfacet
  facet normal 0 0 1
    outer loop
      vertex -9.19325 -8.8414 1.2
      vertex -9.19325 -9.1586 1.2
      vertex -9.17678 -9.17678 1.2
    endloop
  endfacet
  facet normal -0 0 1
    outer loop
      vertex -9.20787 -8.86111 1.2
      vertex -9.19325 -9.1586 1.2
      vertex -9.19325 -8.8414 1.2
    endloop
  endfacet
  facet normal 0 0 1
    outer loop
      vertex -9.20787 -8.86111 1.2
      vertex -9.20787 -9.13889 1.2
      vertex -9.19325 -9.1586 1.2
    endloop
  endfacet
  facet normal -0 0 1
    outer loop
      vertex -9.22048 -8.88215 1.2
      vertex -9.20787 -9.13889 1.2
      vertex -9.20787 -8.86111 1.2
    endloop
  endfacet
  facet normal 0 0 1
    outer loop
      vertex -9.22048 -8.88215 1.2
      vertex -9.22048 -9.11785 1.2
      vertex -9.20787 -9.13889 1.2
    endloop
  endfacet
  facet normal -0 0 1
    outer loop
      vertex -9.23097 -8.90433 1.2
      vertex -9.22048 -9.11785 1.2
      vertex -9.22048 -8.88215 1.2
    endloop
  endfacet
  facet normal 0 0 1
    outer loop
      vertex -9.23097 -8.90433 1.2
      vertex -9.23097 -9.09567 1.2
      vertex -9.22048 -9.11785 1.2
    endloop
  endfacet
  facet normal -0 0 1
    outer loop
      vertex -9.23923 -8.92743 1.2
      vertex -9.23097 -9.09567 1.2
      vertex -9.23097 -8.90433 1.2
    endloop
  endfacet
  facet normal 0 0 1
    outer loop
      vertex -9.23923 -8.92743 1.2
      vertex -9.23923 -9.07257 1.2
      vertex -9.23097 -9.09567 1.2
    endloop
  endfacet
  facet normal -0 0 1
    outer loop
      vertex -9.2452 -8.95123 1.2
      vertex -9.23923 -9.07257 1.2
      vertex -9.23923 -8.92743 1.2
    endloop
  endfacet
  facet normal 0 0 1
    outer loop
      vertex -9.2452 -8.95123 1.2
      vertex -9.2452 -9.04877 1.2
      vertex -9.23923 -9.07257 1.2
    endloop
  endfacet
  facet normal -0 0 1
    outer loop
      vertex -9.2488 -8.9755 1.2
      vertex -9.2452 -9.04877 1.2
      vertex -9.2452 -8.95123 1.2
    endloop
  endfacet
  facet normal 0 0 1
    outer loop
      vertex -9.2488 -8.9755 1.2
      vertex -9.2488 -9.0245 1.2
      vertex -9.2452 -9.04877 1.2
    endloop
  endfacet
  facet normal 0 -0 1
    outer loop
      vertex -9.2488 -9.0245 1.2
      vertex -9.2488 -8.9755 1.2
      vertex -9.25 -9 1.2
    endloop
  endfacet
  facet normal -0.336698 -0.941613 0
    outer loop
      vertex -9.09567 -9.23097 0.349999
      vertex -9.07257 -9.23923 1.2
      vertex -9.09567 -9.23097 1.2
    endloop
  endfacet
  facet normal -0.336698 -0.941613 -0
    outer loop
      vertex -9.07257 -9.23923 1.2
      vertex -9.09567 -9.23097 0.349999
      vertex -9.07257 -9.23923 0.349999
    endloop
  endfacet
  facet normal 0.741101 -0.671394 0
    outer loop
      vertex -8.82322 -9.17678 1.2
      vertex -8.80675 -9.1586 0.349999
      vertex -8.80675 -9.1586 1.2
    endloop
  endfacet
  facet normal 0.741101 -0.671394 0
    outer loop
      vertex -8.80675 -9.1586 0.349999
      vertex -8.82322 -9.17678 1.2
      vertex -8.82322 -9.17678 0.349999
    endloop
  endfacet
  facet normal 0.671394 -0.741101 0
    outer loop
      vertex -8.8414 -9.19325 0.349999
      vertex -8.82322 -9.17678 1.2
      vertex -8.8414 -9.19325 1.2
    endloop
  endfacet
  facet normal 0.671394 -0.741101 0
    outer loop
      vertex -8.82322 -9.17678 1.2
      vertex -8.8414 -9.19325 0.349999
      vertex -8.82322 -9.17678 0.349999
    endloop
  endfacet
  facet normal 0 0 -1
    outer loop
      vertex -8.96685 -8.96685 0.349999
      vertex -8.7548 -8.95123 0.349999
      vertex -8.75249 -8.96685 0.349999
    endloop
  endfacet
  facet normal -0 0 -1
    outer loop
      vertex -8.7548 -8.95123 0.349999
      vertex -8.96685 -8.96685 0.349999
      vertex -8.76076 -8.92743 0.349999
    endloop
  endfacet
  facet normal -0 0 -1
    outer loop
      vertex -8.76076 -8.92743 0.349999
      vertex -8.96685 -8.96685 0.349999
      vertex -8.76903 -8.90433 0.349999
    endloop
  endfacet
  facet normal -0 0 -1
    outer loop
      vertex -8.76903 -8.90433 0.349999
      vertex -8.96685 -8.96685 0.349999
      vertex -8.77952 -8.88215 0.349999
    endloop
  endfacet
  facet normal -0 0 -1
    outer loop
      vertex -8.77952 -8.88215 0.349999
      vertex -8.96685 -8.96685 0.349999
      vertex -8.79213 -8.86111 0.349999
    endloop
  endfacet
  facet normal -0 0 -1
    outer loop
      vertex -8.79213 -8.86111 0.349999
      vertex -8.96685 -8.96685 0.349999
      vertex -8.80675 -8.8414 0.349999
    endloop
  endfacet
  facet normal -0 0 -1
    outer loop
      vertex -8.80675 -8.8414 0.349999
      vertex -8.96685 -8.96685 0.349999
      vertex -8.82322 -8.82322 0.349999
    endloop
  endfacet
  facet normal -0 0 -1
    outer loop
      vertex -8.82322 -8.82322 0.349999
      vertex -8.96685 -8.96685 0.349999
      vertex -8.8414 -8.80675 0.349999
    endloop
  endfacet
  facet normal -0 0 -1
    outer loop
      vertex -8.8414 -8.80675 0.349999
      vertex -8.96685 -8.96685 0.349999
      vertex -8.86111 -8.79213 0.349999
    endloop
  endfacet
  facet normal -0 0 -1
    outer loop
      vertex -8.86111 -8.79213 0.349999
      vertex -8.96685 -8.96685 0.349999
      vertex -8.88215 -8.77952 0.349999
    endloop
  endfacet
  facet normal -0 0 -1
    outer loop
      vertex -8.88215 -8.77952 0.349999
      vertex -8.96685 -8.96685 0.349999
      vertex -8.90433 -8.76903 0.349999
    endloop
  endfacet
  facet normal -0 0 -1
    outer loop
      vertex -8.90433 -8.76903 0.349999
      vertex -8.96685 -8.96685 0.349999
      vertex -8.92743 -8.76076 0.349999
    endloop
  endfacet
  facet normal -0 0 -1
    outer loop
      vertex -8.92743 -8.76076 0.349999
      vertex -8.96685 -8.96685 0.349999
      vertex -8.95123 -8.7548 0.349999
    endloop
  endfacet
  facet normal -0 0 -1
    outer loop
      vertex -8.95123 -8.7548 0.349999
      vertex -8.96685 -8.96685 0.349999
      vertex -8.96685 -8.75249 0.349999
    endloop
  endfacet
  facet normal 0 0 -1
    outer loop
      vertex -9 -9.03315 0.349999
      vertex -8.7548 -9.04877 0.349999
      vertex -8.76076 -9.07257 0.349999
    endloop
  endfacet
  facet normal 0 0 -1
    outer loop
      vertex -9 -9.03315 0.349999
      vertex -8.76076 -9.07257 0.349999
      vertex -8.76903 -9.09567 0.349999
    endloop
  endfacet
  facet normal 0 0 -1
    outer loop
      vertex -9 -9.03315 0.349999
      vertex -8.76903 -9.09567 0.349999
      vertex -8.77952 -9.11785 0.349999
    endloop
  endfacet
  facet normal 0 0 -1
    outer loop
      vertex -9 -9.03315 0.349999
      vertex -8.77952 -9.11785 0.349999
      vertex -8.79213 -9.13889 0.349999
    endloop
  endfacet
  facet normal 0 0 -1
    outer loop
      vertex -9 -9.03315 0.349999
      vertex -8.79213 -9.13889 0.349999
      vertex -8.80675 -9.1586 0.349999
    endloop
  endfacet
  facet normal 0 0 -1
    outer loop
      vertex -9 -9.03315 0.349999
      vertex -8.80675 -9.1586 0.349999
      vertex -8.82322 -9.17678 0.349999
    endloop
  endfacet
  facet normal 0 0 -1
    outer loop
      vertex -9 -9.03315 0.349999
      vertex -8.82322 -9.17678 0.349999
      vertex -8.8414 -9.19325 0.349999
    endloop
  endfacet
  facet normal 0 0 -1
    outer loop
      vertex -9 -9.03315 0.349999
      vertex -8.8414 -9.19325 0.349999
      vertex -8.86111 -9.20787 0.349999
    endloop
  endfacet
  facet normal 0 0 -1
    outer loop
      vertex -9 -9.03315 0.349999
      vertex -8.86111 -9.20787 0.349999
      vertex -8.88215 -9.22048 0.349999
    endloop
  endfacet
  facet normal 0 0 -1
    outer loop
      vertex -9 -9.03315 0.349999
      vertex -8.88215 -9.22048 0.349999
      vertex -8.90433 -9.23097 0.349999
    endloop
  endfacet
  facet normal 0 0 -1
    outer loop
      vertex -9 -9.03315 0.349999
      vertex -8.90433 -9.23097 0.349999
      vertex -8.92743 -9.23923 0.349999
    endloop
  endfacet
  facet normal 0 0 -1
    outer loop
      vertex -9 -9.03315 0.349999
      vertex -8.92743 -9.23923 0.349999
      vertex -8.95123 -9.2452 0.349999
    endloop
  endfacet
  facet normal 0 0 -1
    outer loop
      vertex -9 -9.03315 0.349999
      vertex -8.95123 -9.2452 0.349999
      vertex -8.9755 -9.2488 0.349999
    endloop
  endfacet
  facet normal 0 0 -1
    outer loop
      vertex -9 -9.03315 0.349999
      vertex -8.9755 -9.2488 0.349999
      vertex -9 -9.25 0.349999
    endloop
  endfacet
  facet normal 0 0 -1
    outer loop
      vertex -8.7548 -9.04877 0.349999
      vertex -9 -9.03315 0.349999
      vertex -8.75249 -9.03315 0.349999
    endloop
  endfacet
  facet normal 0 0 -1
    outer loop
      vertex -9.0245 -9.2488 0.349999
      vertex -9 -9.03315 0.349999
      vertex -9 -9.25 0.349999
    endloop
  endfacet
  facet normal 0 0 -1
    outer loop
      vertex -9.04877 -9.2452 0.349999
      vertex -9 -9.03315 0.349999
      vertex -9.0245 -9.2488 0.349999
    endloop
  endfacet
  facet normal 0 0 -1
    outer loop
      vertex -9.07257 -9.23923 0.349999
      vertex -9 -9.03315 0.349999
      vertex -9.04877 -9.2452 0.349999
    endloop
  endfacet
  facet normal 0 0 -1
    outer loop
      vertex -9.09567 -9.23097 0.349999
      vertex -9 -9.03315 0.349999
      vertex -9.07257 -9.23923 0.349999
    endloop
  endfacet
  facet normal 0 0 -1
    outer loop
      vertex -9.11785 -9.22048 0.349999
      vertex -9 -9.03315 0.349999
      vertex -9.09567 -9.23097 0.349999
    endloop
  endfacet
  facet normal 0 0 -1
    outer loop
      vertex -9.13889 -9.20787 0.349999
      vertex -9 -9.03315 0.349999
      vertex -9.11785 -9.22048 0.349999
    endloop
  endfacet
  facet normal 0 0 -1
    outer loop
      vertex -9.1586 -9.19325 0.349999
      vertex -9 -9.03315 0.349999
      vertex -9.13889 -9.20787 0.349999
    endloop
  endfacet
  facet normal 0 0 -1
    outer loop
      vertex -9.17678 -9.17678 0.349999
      vertex -9 -9.03315 0.349999
      vertex -9.1586 -9.19325 0.349999
    endloop
  endfacet
  facet normal 0 0 -1
    outer loop
      vertex -9.19325 -9.1586 0.349999
      vertex -9 -9.03315 0.349999
      vertex -9.17678 -9.17678 0.349999
    endloop
  endfacet
  facet normal 0 0 -1
    outer loop
      vertex -9.20787 -9.13889 0.349999
      vertex -9 -9.03315 0.349999
      vertex -9.19325 -9.1586 0.349999
    endloop
  endfacet
  facet normal 0 0 -1
    outer loop
      vertex -9.22048 -9.11785 0.349999
      vertex -9 -9.03315 0.349999
      vertex -9.20787 -9.13889 0.349999
    endloop
  endfacet
  facet normal 0 0 -1
    outer loop
      vertex -9.23097 -9.09567 0.349999
      vertex -9 -9.03315 0.349999
      vertex -9.22048 -9.11785 0.349999
    endloop
  endfacet
  facet normal 0 0 -1
    outer loop
      vertex -9.23923 -9.07257 0.349999
      vertex -9 -9.03315 0.349999
      vertex -9.23097 -9.09567 0.349999
    endloop
  endfacet
  facet normal 0 0 -1
    outer loop
      vertex -9.2452 -9.04877 0.349999
      vertex -9 -9.03315 0.349999
      vertex -9.23923 -9.07257 0.349999
    endloop
  endfacet
  facet normal 0 0 -1
    outer loop
      vertex -9.2488 -9.0245 0.349999
      vertex -9 -9.03315 0.349999
      vertex -9.2452 -9.04877 0.349999
    endloop
  endfacet
  facet normal 0 0 -1
    outer loop
      vertex -9 -9.03315 0.349999
      vertex -9.2488 -9.0245 0.349999
      vertex -9 -9 0.349999
    endloop
  endfacet
  facet normal -0 0 -1
    outer loop
      vertex -9 -9 0.349999
      vertex -9.2488 -9.0245 0.349999
      vertex -9.25 -9 0.349999
    endloop
  endfacet
  facet normal 0.989177 0.146726 0
    outer loop
      vertex 14.2488 -8.9755 1.2
      vertex 14.2452 -8.95123 0.349999
      vertex 14.2452 -8.95123 1.2
    endloop
  endfacet
  facet normal 0.989177 0.146726 0
    outer loop
      vertex 14.2452 -8.95123 0.349999
      vertex 14.2488 -8.9755 1.2
      vertex 14.2488 -8.9755 0.349999
    endloop
  endfacet
  facet normal 0.998803 0.0489209 0
    outer loop
      vertex 14.25 -9 1.2
      vertex 14.2488 -8.9755 0.349999
      vertex 14.2488 -8.9755 1.2
    endloop
  endfacet
  facet normal 0.998803 0.0489209 0
    outer loop
      vertex 14.2488 -8.9755 0.349999
      vertex 14.25 -9 1.2
      vertex 14.25 -9 0.349999
    endloop
  endfacet
  facet normal 0.969661 0.244452 0
    outer loop
      vertex 14.2452 -8.95123 1.2
      vertex 14.2392 -8.92743 0.349999
      vertex 14.2392 -8.92743 1.2
    endloop
  endfacet
  facet normal 0.969661 0.244452 0
    outer loop
      vertex 14.2392 -8.92743 0.349999
      vertex 14.2452 -8.95123 1.2
      vertex 14.2452 -8.95123 0.349999
    endloop
  endfacet
  facet normal 0.146549 0.989203 -0
    outer loop
      vertex 14.0488 -8.7548 0.349999
      vertex 14.0245 -8.7512 1.2
      vertex 14.0488 -8.7548 1.2
    endloop
  endfacet
  facet normal 0.146549 0.989203 0
    outer loop
      vertex 14.0245 -8.7512 1.2
      vertex 14.0488 -8.7548 0.349999
      vertex 14.0245 -8.7512 0.349999
    endloop
  endfacet
  facet normal -0.145782 0.989316 0.000735407
    outer loop
      vertex 13.9755 -8.7512 0.349999
      vertex 13.966 -8.7526 0.350157
      vertex 13.9707 -8.75191 0.353619
    endloop
  endfacet
  facet normal -0.138648 0.990342 0
    outer loop
      vertex 13.9755 -8.7512 0.349999
      vertex 13.975 -8.75127 0.357574
      vertex 13.9755 -8.7512 0.358068
    endloop
  endfacet
  facet normal -0.94695 0.315809 -0.0595866
    outer loop
      vertex 13.9755 -8.7512 0.349999
      vertex 13.975 -8.75128 0.357521
      vertex 13.975 -8.75127 0.357574
    endloop
  endfacet
  facet normal -0.145707 0.989327 0.000836565
    outer loop
      vertex 13.9755 -8.7512 0.349999
      vertex 13.9707 -8.75191 0.353619
      vertex 13.975 -8.75128 0.357521
    endloop
  endfacet
  facet normal -0.145958 0.966712 -0.210155
    outer loop
      vertex 13.966 -8.7526 0.350157
      vertex 13.9755 -8.7512 0.349999
      vertex 13.966 -8.75261 0.350111
    endloop
  endfacet
  facet normal -0.146844 0.989156 -0.00273147
    outer loop
      vertex 13.966 -8.75261 0.350111
      vertex 13.9755 -8.7512 0.349999
      vertex 13.9658 -8.75264 0.349999
    endloop
  endfacet
  facet normal -0.146549 0.989203 0
    outer loop
      vertex 13.9755 -8.7512 1.2
      vertex 13.9512 -8.7548 0.457018
      vertex 13.9512 -8.7548 1.2
    endloop
  endfacet
  facet normal -0.14397 0.989582 -8.618e-05
    outer loop
      vertex 13.9755 -8.7512 1.2
      vertex 13.9556 -8.75416 0.455458
      vertex 13.9512 -8.7548 0.457018
    endloop
  endfacet
  facet normal -0.997296 0.0685954 0.0263829
    outer loop
      vertex 13.9755 -8.7512 1.2
      vertex 13.9556 -8.75415 0.455432
      vertex 13.9556 -8.75416 0.455458
    endloop
  endfacet
  facet normal -0.0999316 0.994993 -0.00127133
    outer loop
      vertex 13.9755 -8.7512 1.2
      vertex 13.9557 -8.75414 0.455398
      vertex 13.9556 -8.75415 0.455432
    endloop
  endfacet
  facet normal -0.145617 0.989341 -3.41702e-05
    outer loop
      vertex 13.9755 -8.7512 1.2
      vertex 13.961 -8.75336 0.452915
      vertex 13.9557 -8.75414 0.455398
    endloop
  endfacet
  facet normal -0.148329 0.988938 1.96253e-05
    outer loop
      vertex 13.9755 -8.7512 1.2
      vertex 13.966 -8.75261 0.449887
      vertex 13.961 -8.75336 0.452915
    endloop
  endfacet
  facet normal -0.998258 0.0576578 0.0125343
    outer loop
      vertex 13.9755 -8.7512 1.2
      vertex 13.966 -8.7526 0.449841
      vertex 13.966 -8.75261 0.449887
    endloop
  endfacet
  facet normal -0.145257 0.989394 -6.95069e-06
    outer loop
      vertex 13.9755 -8.7512 1.2
      vertex 13.9707 -8.75191 0.446381
      vertex 13.966 -8.7526 0.449841
    endloop
  endfacet
  facet normal -0.144972 0.989436 -8.80363e-06
    outer loop
      vertex 13.9755 -8.7512 1.2
      vertex 13.975 -8.75128 0.442478
      vertex 13.9707 -8.75191 0.446381
    endloop
  endfacet
  facet normal -0.999994 0.00343034 0.000659681
    outer loop
      vertex 13.9755 -8.7512 1.2
      vertex 13.975 -8.75127 0.442426
      vertex 13.975 -8.75128 0.442478
    endloop
  endfacet
  facet normal -0.138648 0.990342 0
    outer loop
      vertex 13.975 -8.75127 0.442426
      vertex 13.9755 -8.7512 1.2
      vertex 13.9755 -8.7512 0.441931
    endloop
  endfacet
  facet normal 0.803557 0.595228 0
    outer loop
      vertex 14.2079 -8.86111 1.2
      vertex 14.1933 -8.8414 0.349999
      vertex 14.1933 -8.8414 1.2
    endloop
  endfacet
  facet normal 0.803557 0.595228 0
    outer loop
      vertex 14.1933 -8.8414 0.349999
      vertex 14.2079 -8.86111 1.2
      vertex 14.2079 -8.86111 0.349999
    endloop
  endfacet
  facet normal 0.595949 -0.803023 0
    outer loop
      vertex 14.1389 -9.20787 0.349999
      vertex 14.1586 -9.19325 1.2
      vertex 14.1389 -9.20787 1.2
    endloop
  endfacet
  facet normal 0.595949 -0.803023 0
    outer loop
      vertex 14.1586 -9.19325 1.2
      vertex 14.1389 -9.20787 0.349999
      vertex 14.1586 -9.19325 0.349999
    endloop
  endfacet
  facet normal 0.595949 0.803023 -0
    outer loop
      vertex 14.1586 -8.80675 0.349999
      vertex 14.1389 -8.79213 1.2
      vertex 14.1586 -8.80675 1.2
    endloop
  endfacet
  facet normal 0.595949 0.803023 0
    outer loop
      vertex 14.1389 -8.79213 1.2
      vertex 14.1586 -8.80675 0.349999
      vertex 14.1389 -8.79213 0.349999
    endloop
  endfacet
  facet normal 0.998803 -0.0489209 0
    outer loop
      vertex 14.2488 -9.0245 1.2
      vertex 14.25 -9 0.349999
      vertex 14.25 -9 1.2
    endloop
  endfacet
  facet normal 0.998803 -0.0489209 0
    outer loop
      vertex 14.25 -9 0.349999
      vertex 14.2488 -9.0245 1.2
      vertex 14.2488 -9.0245 0.349999
    endloop
  endfacet
  facet normal -0.242919 0.970047 -3.19456e-06
    outer loop
      vertex 13.9512 -8.7548 1.2
      vertex 13.9332 -8.75931 0.459999
      vertex 13.9274 -8.76076 1.2
    endloop
  endfacet
  facet normal -0.239388 0.970924 -9.44446e-05
    outer loop
      vertex 13.9512 -8.7548 1.2
      vertex 13.939 -8.75788 0.459711
      vertex 13.9332 -8.75931 0.459999
    endloop
  endfacet
  facet normal -0.246674 0.969098 3.32372e-05
    outer loop
      vertex 13.9512 -8.7548 1.2
      vertex 13.9445 -8.75648 0.458859
      vertex 13.939 -8.75788 0.459711
    endloop
  endfacet
  facet normal -0.196168 0.98057 -0.000449351
    outer loop
      vertex 13.9512 -8.7548 1.2
      vertex 13.9446 -8.75646 0.458847
      vertex 13.9445 -8.75648 0.458859
    endloop
  endfacet
  facet normal -0.196198 0.980564 -0.000449069
    outer loop
      vertex 13.9512 -8.7548 1.2
      vertex 13.9447 -8.75644 0.458828
      vertex 13.9446 -8.75646 0.458847
    endloop
  endfacet
  facet normal -0.24591 0.969293 1.18398e-05
    outer loop
      vertex 13.9512 -8.7548 1.2
      vertex 13.9501 -8.75507 0.457416
      vertex 13.9447 -8.75644 0.458828
    endloop
  endfacet
  facet normal -0.238379 0.971172 0
    outer loop
      vertex 13.9501 -8.75507 0.457416
      vertex 13.9512 -8.7548 1.2
      vertex 13.9512 -8.7548 0.457018
    endloop
  endfacet
  facet normal -0.999968 0.0015669 -0.00783451
    outer loop
      vertex 13.9332 -8.75933 0.459995
      vertex 13.9274 -8.76076 1.2
      vertex 13.9332 -8.75931 0.459999
    endloop
  endfacet
  facet normal -0.24013 0.970741 -6.21138e-06
    outer loop
      vertex 13.9275 -8.76074 0.459711
      vertex 13.9274 -8.76076 1.2
      vertex 13.9332 -8.75933 0.459995
    endloop
  endfacet
  facet normal -0.196116 0.980581 0
    outer loop
      vertex 13.9274 -8.76076 1.2
      vertex 13.9275 -8.76074 0.459711
      vertex 13.9274 -8.76076 0.459694
    endloop
  endfacet
  facet normal 0.428807 0.903396 -0
    outer loop
      vertex 14.1178 -8.77952 0.349999
      vertex 14.0957 -8.76903 1.2
      vertex 14.1178 -8.77952 1.2
    endloop
  endfacet
  facet normal 0.428807 0.903396 0
    outer loop
      vertex 14.0957 -8.76903 1.2
      vertex 14.1178 -8.77952 0.349999
      vertex 14.0957 -8.76903 0.349999
    endloop
  endfacet
  facet normal 0 0 1
    outer loop
      vertex 14.2488 -8.9755 1.2
      vertex 14.2488 -9.0245 1.2
      vertex 14.25 -9 1.2
    endloop
  endfacet
  facet normal 0 0 1
    outer loop
      vertex 14.2452 -8.95123 1.2
      vertex 14.2488 -9.0245 1.2
      vertex 14.2488 -8.9755 1.2
    endloop
  endfacet
  facet normal 0 0 1
    outer loop
      vertex 14.2452 -8.95123 1.2
      vertex 14.2452 -9.04877 1.2
      vertex 14.2488 -9.0245 1.2
    endloop
  endfacet
  facet normal 0 0 1
    outer loop
      vertex 14.2392 -8.92743 1.2
      vertex 14.2452 -9.04877 1.2
      vertex 14.2452 -8.95123 1.2
    endloop
  endfacet
  facet normal 0 0 1
    outer loop
      vertex 14.2392 -8.92743 1.2
      vertex 14.2392 -9.07257 1.2
      vertex 14.2452 -9.04877 1.2
    endloop
  endfacet
  facet normal 0 0 1
    outer loop
      vertex 14.231 -8.90433 1.2
      vertex 14.2392 -9.07257 1.2
      vertex 14.2392 -8.92743 1.2
    endloop
  endfacet
  facet normal 0 0 1
    outer loop
      vertex 14.231 -8.90433 1.2
      vertex 14.231 -9.09567 1.2
      vertex 14.2392 -9.07257 1.2
    endloop
  endfacet
  facet normal 0 0 1
    outer loop
      vertex 14.2205 -8.88215 1.2
      vertex 14.231 -9.09567 1.2
      vertex 14.231 -8.90433 1.2
    endloop
  endfacet
  facet normal 0 0 1
    outer loop
      vertex 14.2205 -8.88215 1.2
      vertex 14.2205 -9.11785 1.2
      vertex 14.231 -9.09567 1.2
    endloop
  endfacet
  facet normal 0 0 1
    outer loop
      vertex 14.2079 -8.86111 1.2
      vertex 14.2205 -9.11785 1.2
      vertex 14.2205 -8.88215 1.2
    endloop
  endfacet
  facet normal 0 0 1
    outer loop
      vertex 14.2079 -8.86111 1.2
      vertex 14.2079 -9.13889 1.2
      vertex 14.2205 -9.11785 1.2
    endloop
  endfacet
  facet normal 0 0 1
    outer loop
      vertex 14.1933 -8.8414 1.2
      vertex 14.2079 -9.13889 1.2
      vertex 14.2079 -8.86111 1.2
    endloop
  endfacet
  facet normal 0 0 1
    outer loop
      vertex 14.1933 -8.8414 1.2
      vertex 14.1933 -9.1586 1.2
      vertex 14.2079 -9.13889 1.2
    endloop
  endfacet
  facet normal 0 0 1
    outer loop
      vertex 14.1768 -8.82322 1.2
      vertex 14.1933 -9.1586 1.2
      vertex 14.1933 -8.8414 1.2
    endloop
  endfacet
  facet normal 0 0 1
    outer loop
      vertex 14.1768 -8.82322 1.2
      vertex 14.1768 -9.17678 1.2
      vertex 14.1933 -9.1586 1.2
    endloop
  endfacet
  facet normal 0 0 1
    outer loop
      vertex 14.1586 -8.80675 1.2
      vertex 14.1768 -9.17678 1.2
      vertex 14.1768 -8.82322 1.2
    endloop
  endfacet
  facet normal 0 0 1
    outer loop
      vertex 14.1586 -8.80675 1.2
      vertex 14.1586 -9.19325 1.2
      vertex 14.1768 -9.17678 1.2
    endloop
  endfacet
  facet normal 0 0 1
    outer loop
      vertex 14.1389 -8.79213 1.2
      vertex 14.1586 -9.19325 1.2
      vertex 14.1586 -8.80675 1.2
    endloop
  endfacet
  facet normal 0 0 1
    outer loop
      vertex 14.1389 -8.79213 1.2
      vertex 14.1389 -9.20787 1.2
      vertex 14.1586 -9.19325 1.2
    endloop
  endfacet
  facet normal 0 0 1
    outer loop
      vertex 14.1178 -8.77952 1.2
      vertex 14.1389 -9.20787 1.2
      vertex 14.1389 -8.79213 1.2
    endloop
  endfacet
  facet normal 0 0 1
    outer loop
      vertex 14.1178 -8.77952 1.2
      vertex 14.1178 -9.22048 1.2
      vertex 14.1389 -9.20787 1.2
    endloop
  endfacet
  facet normal 0 0 1
    outer loop
      vertex 14.0957 -8.76903 1.2
      vertex 14.1178 -9.22048 1.2
      vertex 14.1178 -8.77952 1.2
    endloop
  endfacet
  facet normal 0 0 1
    outer loop
      vertex 14.0957 -8.76903 1.2
      vertex 14.0957 -9.23097 1.2
      vertex 14.1178 -9.22048 1.2
    endloop
  endfacet
  facet normal 0 0 1
    outer loop
      vertex 14.0726 -8.76076 1.2
      vertex 14.0957 -9.23097 1.2
      vertex 14.0957 -8.76903 1.2
    endloop
  endfacet
  facet normal 0 0 1
    outer loop
      vertex 14.0726 -8.76076 1.2
      vertex 14.0726 -9.23923 1.2
      vertex 14.0957 -9.23097 1.2
    endloop
  endfacet
  facet normal 0 0 1
    outer loop
      vertex 14.0488 -8.7548 1.2
      vertex 14.0726 -9.23923 1.2
      vertex 14.0726 -8.76076 1.2
    endloop
  endfacet
  facet normal 0 0 1
    outer loop
      vertex 14.0488 -8.7548 1.2
      vertex 14.0488 -9.2452 1.2
      vertex 14.0726 -9.23923 1.2
    endloop
  endfacet
  facet normal 0 0 1
    outer loop
      vertex 14.0245 -8.7512 1.2
      vertex 14.0488 -9.2452 1.2
      vertex 14.0488 -8.7548 1.2
    endloop
  endfacet
  facet normal 0 0 1
    outer loop
      vertex 14.0245 -8.7512 1.2
      vertex 14.0245 -9.2488 1.2
      vertex 14.0488 -9.2452 1.2
    endloop
  endfacet
  facet normal 0 0 1
    outer loop
      vertex 14 -8.75 1.2
      vertex 14.0245 -9.2488 1.2
      vertex 14.0245 -8.7512 1.2
    endloop
  endfacet
  facet normal 0 0 1
    outer loop
      vertex 14 -8.75 1.2
      vertex 14 -9.25 1.2
      vertex 14.0245 -9.2488 1.2
    endloop
  endfacet
  facet normal -0 0 1
    outer loop
      vertex 13.9755 -8.7512 1.2
      vertex 14 -9.25 1.2
      vertex 14 -8.75 1.2
    endloop
  endfacet
  facet normal 0 0 1
    outer loop
      vertex 13.9755 -8.7512 1.2
      vertex 13.9755 -9.2488 1.2
      vertex 14 -9.25 1.2
    endloop
  endfacet
  facet normal -0 0 1
    outer loop
      vertex 13.9512 -8.7548 1.2
      vertex 13.9755 -9.2488 1.2
      vertex 13.9755 -8.7512 1.2
    endloop
  endfacet
  facet normal 0 0 1
    outer loop
      vertex 13.9512 -8.7548 1.2
      vertex 13.9512 -9.2452 1.2
      vertex 13.9755 -9.2488 1.2
    endloop
  endfacet
  facet normal -0 0 1
    outer loop
      vertex 13.9274 -8.76076 1.2
      vertex 13.9512 -9.2452 1.2
      vertex 13.9512 -8.7548 1.2
    endloop
  endfacet
  facet normal 0 0 1
    outer loop
      vertex 13.9274 -8.76076 1.2
      vertex 13.9274 -9.23923 1.2
      vertex 13.9512 -9.2452 1.2
    endloop
  endfacet
  facet normal -0 0 1
    outer loop
      vertex 13.9043 -8.76903 1.2
      vertex 13.9274 -9.23923 1.2
      vertex 13.9274 -8.76076 1.2
    endloop
  endfacet
  facet normal 0 0 1
    outer loop
      vertex 13.9043 -8.76903 1.2
      vertex 13.9043 -9.23097 1.2
      vertex 13.9274 -9.23923 1.2
    endloop
  endfacet
  facet normal -0 0 1
    outer loop
      vertex 13.8822 -8.77952 1.2
      vertex 13.9043 -9.23097 1.2
      vertex 13.9043 -8.76903 1.2
    endloop
  endfacet
  facet normal 0 0 1
    outer loop
      vertex 13.8822 -8.77952 1.2
      vertex 13.8822 -9.22048 1.2
      vertex 13.9043 -9.23097 1.2
    endloop
  endfacet
  facet normal -0 0 1
    outer loop
      vertex 13.8611 -8.79213 1.2
      vertex 13.8822 -9.22048 1.2
      vertex 13.8822 -8.77952 1.2
    endloop
  endfacet
  facet normal 0 0 1
    outer loop
      vertex 13.8611 -8.79213 1.2
      vertex 13.8611 -9.20787 1.2
      vertex 13.8822 -9.22048 1.2
    endloop
  endfacet
  facet normal -0 0 1
    outer loop
      vertex 13.8414 -8.80675 1.2
      vertex 13.8611 -9.20787 1.2
      vertex 13.8611 -8.79213 1.2
    endloop
  endfacet
  facet normal 0 0 1
    outer loop
      vertex 13.8414 -8.80675 1.2
      vertex 13.8414 -9.19325 1.2
      vertex 13.8611 -9.20787 1.2
    endloop
  endfacet
  facet normal -0 0 1
    outer loop
      vertex 13.8232 -8.82322 1.2
      vertex 13.8414 -9.19325 1.2
      vertex 13.8414 -8.80675 1.2
    endloop
  endfacet
  facet normal 0 0 1
    outer loop
      vertex 13.8232 -8.82322 1.2
      vertex 13.8232 -9.17678 1.2
      vertex 13.8414 -9.19325 1.2
    endloop
  endfacet
  facet normal -0 0 1
    outer loop
      vertex 13.8067 -8.8414 1.2
      vertex 13.8232 -9.17678 1.2
      vertex 13.8232 -8.82322 1.2
    endloop
  endfacet
  facet normal 0 0 1
    outer loop
      vertex 13.8067 -8.8414 1.2
      vertex 13.8067 -9.1586 1.2
      vertex 13.8232 -9.17678 1.2
    endloop
  endfacet
  facet normal -0 0 1
    outer loop
      vertex 13.7921 -8.86111 1.2
      vertex 13.8067 -9.1586 1.2
      vertex 13.8067 -8.8414 1.2
    endloop
  endfacet
  facet normal 0 0 1
    outer loop
      vertex 13.7921 -8.86111 1.2
      vertex 13.7921 -9.13889 1.2
      vertex 13.8067 -9.1586 1.2
    endloop
  endfacet
  facet normal -0 0 1
    outer loop
      vertex 13.7795 -8.88215 1.2
      vertex 13.7921 -9.13889 1.2
      vertex 13.7921 -8.86111 1.2
    endloop
  endfacet
  facet normal 0 0 1
    outer loop
      vertex 13.7795 -8.88215 1.2
      vertex 13.7795 -9.11785 1.2
      vertex 13.7921 -9.13889 1.2
    endloop
  endfacet
  facet normal -0 0 1
    outer loop
      vertex 13.769 -8.90433 1.2
      vertex 13.7795 -9.11785 1.2
      vertex 13.7795 -8.88215 1.2
    endloop
  endfacet
  facet normal 0 0 1
    outer loop
      vertex 13.769 -8.90433 1.2
      vertex 13.769 -9.09567 1.2
      vertex 13.7795 -9.11785 1.2
    endloop
  endfacet
  facet normal -0 0 1
    outer loop
      vertex 13.7608 -8.92743 1.2
      vertex 13.769 -9.09567 1.2
      vertex 13.769 -8.90433 1.2
    endloop
  endfacet
  facet normal 0 0 1
    outer loop
      vertex 13.7608 -8.92743 1.2
      vertex 13.7608 -9.07257 1.2
      vertex 13.769 -9.09567 1.2
    endloop
  endfacet
  facet normal -0 0 1
    outer loop
      vertex 13.7548 -8.95123 1.2
      vertex 13.7608 -9.07257 1.2
      vertex 13.7608 -8.92743 1.2
    endloop
  endfacet
  facet normal 0 0 1
    outer loop
      vertex 13.7548 -8.95123 1.2
      vertex 13.7548 -9.04877 1.2
      vertex 13.7608 -9.07257 1.2
    endloop
  endfacet
  facet normal -0 0 1
    outer loop
      vertex 13.7512 -8.9755 1.2
      vertex 13.7548 -9.04877 1.2
      vertex 13.7548 -8.95123 1.2
    endloop
  endfacet
  facet normal 0 0 1
    outer loop
      vertex 13.7512 -8.9755 1.2
      vertex 13.7512 -9.0245 1.2
      vertex 13.7548 -9.04877 1.2
    endloop
  endfacet
  facet normal 0 -0 1
    outer loop
      vertex 13.7512 -9.0245 1.2
      vertex 13.7512 -8.9755 1.2
      vertex 13.75 -9 1.2
    endloop
  endfacet
  facet normal -0.243303 -0.96995 0
    outer loop
      vertex 13.9274 -9.23923 0.349999
      vertex 13.9512 -9.2452 1.2
      vertex 13.9274 -9.23923 1.2
    endloop
  endfacet
  facet normal -0.243303 -0.96995 -0
    outer loop
      vertex 13.9512 -9.2452 1.2
      vertex 13.9274 -9.23923 0.349999
      vertex 13.9512 -9.2452 0.349999
    endloop
  endfacet
  facet normal -0.98766 -0.156616 -0.000329381
    outer loop
      vertex 13.7548 -9.04877 1.2
      vertex 13.7512 -9.0245 0.454702
      vertex 13.7518 -9.02828 0.452915
    endloop
  endfacet
  facet normal -0.990512 -0.137424 0.000208443
    outer loop
      vertex 13.7548 -9.04877 1.2
      vertex 13.7518 -9.02828 0.452915
      vertex 13.7525 -9.03333 0.449887
    endloop
  endfacet
  facet normal -0.989224 -0.146411 1.9498e-05
    outer loop
      vertex 13.7548 -9.04877 1.2
      vertex 13.7525 -9.03333 0.449887
      vertex 13.7532 -9.03806 0.446381
    endloop
  endfacet
  facet normal -0.987434 -0.158035 -0.000149491
    outer loop
      vertex 13.7548 -9.04877 1.2
      vertex 13.7532 -9.03806 0.446381
      vertex 13.7539 -9.04243 0.442426
    endloop
  endfacet
  facet normal -0.992066 -0.125718 0.000126469
    outer loop
      vertex 13.7548 -9.04877 1.2
      vertex 13.7539 -9.04243 0.442426
      vertex 13.7544 -9.04638 0.438063
    endloop
  endfacet
  facet normal -0.986282 -0.165068 -0
    outer loop
      vertex 13.7548 -9.04877 1.2
      vertex 13.7544 -9.04638 0.438063
      vertex 13.7548 -9.04877 0.434838
    endloop
  endfacet
  facet normal -0.989177 -0.146726 0
    outer loop
      vertex 13.7512 -9.0245 0.454702
      vertex 13.7548 -9.04877 1.2
      vertex 13.7512 -9.0245 1.2
    endloop
  endfacet
  facet normal -0.963284 -0.141841 -0.227958
    outer loop
      vertex 13.7548 -9.04877 0.349999
      vertex 13.7525 -9.03333 0.350111
      vertex 13.7525 -9.03315 0.349999
    endloop
  endfacet
  facet normal -0.989087 -0.147329 -0.00128398
    outer loop
      vertex 13.7548 -9.04877 0.349999
      vertex 13.7532 -9.03806 0.353619
      vertex 13.7525 -9.03333 0.350111
    endloop
  endfacet
  facet normal -0.98856 -0.150584 0.00858104
    outer loop
      vertex 13.7548 -9.04877 0.349999
      vertex 13.7539 -9.04243 0.357574
      vertex 13.7532 -9.03806 0.353619
    endloop
  endfacet
  facet normal -0.991124 -0.132777 -0.00662742
    outer loop
      vertex 13.7548 -9.04877 0.349999
      vertex 13.7544 -9.04638 0.361936
      vertex 13.7539 -9.04243 0.357574
    endloop
  endfacet
  facet normal -0.986282 -0.165068 0
    outer loop
      vertex 13.7544 -9.04638 0.361936
      vertex 13.7548 -9.04877 0.349999
      vertex 13.7548 -9.04877 0.36516
    endloop
  endfacet
  facet normal -0.428807 0.903396 0
    outer loop
      vertex 13.9043 -8.76903 0.451606
      vertex 13.8822 -8.77952 1.2
      vertex 13.9043 -8.76903 1.2
    endloop
  endfacet
  facet normal -0.430441 0.902619 -5.91489e-05
    outer loop
      vertex 13.9017 -8.77027 0.449887
      vertex 13.8822 -8.77952 1.2
      vertex 13.9043 -8.76903 0.451606
    endloop
  endfacet
  facet normal -0.426945 0.904278 5.21758e-05
    outer loop
      vertex 13.8974 -8.7723 0.446427
      vertex 13.8822 -8.77952 1.2
      vertex 13.9017 -8.77027 0.449887
    endloop
  endfacet
  facet normal -0.999339 0.0304603 -0.0198654
    outer loop
      vertex 13.8974 -8.77233 0.446381
      vertex 13.8822 -8.77952 1.2
      vertex 13.8974 -8.7723 0.446427
    endloop
  endfacet
  facet normal -0.427219 0.904148 9.41027e-06
    outer loop
      vertex 13.8934 -8.77422 0.442426
      vertex 13.8822 -8.77952 1.2
      vertex 13.8974 -8.77233 0.446381
    endloop
  endfacet
  facet normal -0.419666 0.907678 0.000145769
    outer loop
      vertex 13.8897 -8.77593 0.438063
      vertex 13.8822 -8.77952 1.2
      vertex 13.8934 -8.77422 0.442426
    endloop
  endfacet
  facet normal -0.431361 0.902179 4.74126e-06
    outer loop
      vertex 13.8865 -8.77746 0.433333
      vertex 13.8822 -8.77952 1.2
      vertex 13.8897 -8.77593 0.438063
    endloop
  endfacet
  facet normal -0.999324 0.0363478 -0.00550724
    outer loop
      vertex 13.8865 -8.77747 0.433267
      vertex 13.8822 -8.77952 1.2
      vertex 13.8865 -8.77746 0.433333
    endloop
  endfacet
  facet normal -0.421203 0.906966 6.27433e-05
    outer loop
      vertex 13.8837 -8.77877 0.428284
      vertex 13.8822 -8.77952 1.2
      vertex 13.8865 -8.77747 0.433267
    endloop
  endfacet
  facet normal -0.447214 0.894427 0
    outer loop
      vertex 13.8822 -8.77952 1.2
      vertex 13.8837 -8.77877 0.428284
      vertex 13.8822 -8.77952 0.424632
    endloop
  endfacet
  facet normal -0.725538 0.680416 0.103093
    outer loop
      vertex 13.8822 -8.77952 0.349999
      vertex 13.8865 -8.77747 0.366731
      vertex 13.8865 -8.77746 0.366665
    endloop
  endfacet
  facet normal -0.447214 0.894427 0
    outer loop
      vertex 13.8837 -8.77877 0.371716
      vertex 13.8822 -8.77952 0.349999
      vertex 13.8822 -8.77952 0.375367
    endloop
  endfacet
  facet normal -0.424022 0.90565 -0.00198942
    outer loop
      vertex 13.8865 -8.77747 0.366731
      vertex 13.8822 -8.77952 0.349999
      vertex 13.8837 -8.77877 0.371716
    endloop
  endfacet
  facet normal -0.431547 0.90209 -0.000159194
    outer loop
      vertex 13.8897 -8.77593 0.361936
      vertex 13.8822 -8.77952 0.349999
      vertex 13.8865 -8.77746 0.366665
    endloop
  endfacet
  facet normal -0.424751 0.905294 -0.00539301
    outer loop
      vertex 13.8934 -8.77422 0.357574
      vertex 13.8822 -8.77952 0.349999
      vertex 13.8897 -8.77593 0.361936
    endloop
  endfacet
  facet normal -0.427525 0.904003 -0.000387797
    outer loop
      vertex 13.8974 -8.77233 0.353619
      vertex 13.8822 -8.77952 0.349999
      vertex 13.8934 -8.77422 0.357574
    endloop
  endfacet
  facet normal -0.466125 0.745749 0.47601
    outer loop
      vertex 13.8974 -8.7723 0.353572
      vertex 13.8822 -8.77952 0.349999
      vertex 13.8974 -8.77233 0.353619
    endloop
  endfacet
  facet normal -0.428571 0.903505 -0.00252557
    outer loop
      vertex 13.9017 -8.77027 0.350111
      vertex 13.8822 -8.77952 0.349999
      vertex 13.8974 -8.7723 0.353572
    endloop
  endfacet
  facet normal -0.425039 0.897456 -0.117958
    outer loop
      vertex 13.8822 -8.77952 0.349999
      vertex 13.9017 -8.77027 0.350111
      vertex 13.9019 -8.77019 0.349999
    endloop
  endfacet
  facet normal 0.242919 0.970047 -0
    outer loop
      vertex 14.0726 -8.76076 0.349999
      vertex 14.0488 -8.7548 1.2
      vertex 14.0726 -8.76076 1.2
    endloop
  endfacet
  facet normal 0.242919 0.970047 0
    outer loop
      vertex 14.0488 -8.7548 1.2
      vertex 14.0726 -8.76076 0.349999
      vertex 14.0488 -8.7548 0.349999
    endloop
  endfacet
  facet normal -0.512999 -0.858389 0
    outer loop
      vertex 13.8611 -9.20787 0.349999
      vertex 13.8822 -9.22048 1.2
      vertex 13.8611 -9.20787 1.2
    endloop
  endfacet
  facet normal -0.512999 -0.858389 -0
    outer loop
      vertex 13.8822 -9.22048 1.2
      vertex 13.8611 -9.20787 0.349999
      vertex 13.8822 -9.22048 0.349999
    endloop
  endfacet
  facet normal 0.428807 -0.903396 0
    outer loop
      vertex 14.0957 -9.23097 0.349999
      vertex 14.1178 -9.22048 1.2
      vertex 14.0957 -9.23097 1.2
    endloop
  endfacet
  facet normal 0.428807 -0.903396 0
    outer loop
      vertex 14.1178 -9.22048 1.2
      vertex 14.0957 -9.23097 0.349999
      vertex 14.1178 -9.22048 0.349999
    endloop
  endfacet
  facet normal -0.903837 0.427876 0
    outer loop
      vertex 13.769 -8.90433 0.349999
      vertex 13.7795 -8.88215 1.2
      vertex 13.7795 -8.88215 0.349999
    endloop
  endfacet
  facet normal -0.903837 0.427876 0
    outer loop
      vertex 13.7795 -8.88215 1.2
      vertex 13.769 -8.90433 0.349999
      vertex 13.769 -8.90433 1.2
    endloop
  endfacet
  facet normal -0.803557 -0.595228 0
    outer loop
      vertex 13.8067 -9.1586 0.349999
      vertex 13.7921 -9.13889 1.2
      vertex 13.7921 -9.13889 0.349999
    endloop
  endfacet
  facet normal -0.803557 -0.595228 0
    outer loop
      vertex 13.7921 -9.13889 1.2
      vertex 13.8067 -9.1586 0.349999
      vertex 13.8067 -9.1586 1.2
    endloop
  endfacet
  facet normal 0.336698 -0.941613 0
    outer loop
      vertex 14.0726 -9.23923 0.349999
      vertex 14.0957 -9.23097 1.2
      vertex 14.0726 -9.23923 1.2
    endloop
  endfacet
  facet normal 0.336698 -0.941613 0
    outer loop
      vertex 14.0957 -9.23097 1.2
      vertex 14.0726 -9.23923 0.349999
      vertex 14.0957 -9.23097 0.349999
    endloop
  endfacet
  facet normal -0.336698 -0.941613 0
    outer loop
      vertex 13.9043 -9.23097 0.349999
      vertex 13.9274 -9.23923 1.2
      vertex 13.9043 -9.23097 1.2
    endloop
  endfacet
  facet normal -0.336698 -0.941613 -0
    outer loop
      vertex 13.9274 -9.23923 1.2
      vertex 13.9043 -9.23097 0.349999
      vertex 13.9274 -9.23923 0.349999
    endloop
  endfacet
  facet normal -0.0489209 0.998803 0
    outer loop
      vertex 14 -8.75 1.2
      vertex 13.9755 -8.7512 0.441931
      vertex 13.9755 -8.7512 1.2
    endloop
  endfacet
  facet normal -0.0472284 0.998884 -5.4829e-05
    outer loop
      vertex 14 -8.75 1.2
      vertex 13.9791 -8.75103 0.438063
      vertex 13.9755 -8.7512 0.441931
    endloop
  endfacet
  facet normal -0.0492226 0.998788 0
    outer loop
      vertex 14 -8.75 1.2
      vertex 13.9791 -8.75103 0.438001
      vertex 13.9791 -8.75103 0.438063
    endloop
  endfacet
  facet normal -0.0499131 0.998754 1.89853e-05
    outer loop
      vertex 14 -8.75 1.2
      vertex 13.9827 -8.75085 0.433333
      vertex 13.9791 -8.75103 0.438001
    endloop
  endfacet
  facet normal -0.0499064 0.998754 1.88349e-05
    outer loop
      vertex 14 -8.75 1.2
      vertex 13.9857 -8.7507 0.42835
      vertex 13.9827 -8.75085 0.433333
    endloop
  endfacet
  facet normal -0.000591482 0.999999 -0.000896185
    outer loop
      vertex 14 -8.75 1.2
      vertex 13.9858 -8.7507 0.428284
      vertex 13.9857 -8.7507 0.42835
    endloop
  endfacet
  facet normal -0.0499121 0.998754 1.24721e-05
    outer loop
      vertex 14 -8.75 1.2
      vertex 13.9884 -8.75057 0.42296
      vertex 13.9858 -8.7507 0.428284
    endloop
  endfacet
  facet normal -0.0499035 0.998754 1.23426e-05
    outer loop
      vertex 14 -8.75 1.2
      vertex 13.9904 -8.75047 0.417417
      vertex 13.9884 -8.75057 0.42296
    endloop
  endfacet
  facet normal -0.0498888 0.998755 1.21615e-05
    outer loop
      vertex 14 -8.75 1.2
      vertex 13.9918 -8.7504 0.411779
      vertex 13.9904 -8.75047 0.417417
    endloop
  endfacet
  facet normal -0.0487226 0.998812 0
    outer loop
      vertex 14 -8.75 1.2
      vertex 13.9918 -8.7504 0.411705
      vertex 13.9918 -8.7504 0.411779
    endloop
  endfacet
  facet normal -0.000382618 1 -0.000503444
    outer loop
      vertex 14 -8.75 1.2
      vertex 13.9919 -8.7504 0.411629
      vertex 13.9918 -8.7504 0.411705
    endloop
  endfacet
  facet normal -0.0498953 0.998754 5.89883e-06
    outer loop
      vertex 14 -8.75 1.2
      vertex 13.9927 -8.75036 0.405881
      vertex 13.9919 -8.7504 0.411629
    endloop
  endfacet
  facet normal -0.0492552 0.998786 0
    outer loop
      vertex 14 -8.75 0.349999
      vertex 13.9927 -8.75036 0.405881
      vertex 14 -8.75 1.2
    endloop
  endfacet
  facet normal -0.049567 0.998771 -5.17125e-05
    outer loop
      vertex 14 -8.75 0.349999
      vertex 13.9919 -8.7504 0.38837
      vertex 13.9927 -8.75036 0.394118
    endloop
  endfacet
  facet normal -0.0487226 0.998812 0
    outer loop
      vertex 14 -8.75 0.349999
      vertex 13.9918 -8.7504 0.38822
      vertex 13.9918 -8.7504 0.388294
    endloop
  endfacet
  facet normal -0.0381703 0.99927 0.00145117
    outer loop
      vertex 13.9927 -8.75036 0.405881
      vertex 14 -8.75 0.349999
      vertex 13.993 -8.75034 0.4
    endloop
  endfacet
  facet normal -0.0533274 0.998577 -0.000675503
    outer loop
      vertex 14 -8.75 0.349999
      vertex 13.9927 -8.75036 0.394118
      vertex 13.993 -8.75034 0.4
    endloop
  endfacet
  facet normal -0.00682688 0.999936 0.00898274
    outer loop
      vertex 13.9919 -8.7504 0.38837
      vertex 14 -8.75 0.349999
      vertex 13.9918 -8.7504 0.388294
    endloop
  endfacet
  facet normal -0.0493745 0.99878 -0.000140204
    outer loop
      vertex 13.9918 -8.7504 0.38822
      vertex 14 -8.75 0.349999
      vertex 13.9904 -8.75047 0.382583
    endloop
  endfacet
  facet normal -0.0494711 0.998776 -0.000168726
    outer loop
      vertex 14 -8.75 0.349999
      vertex 13.9884 -8.75057 0.377039
      vertex 13.9904 -8.75047 0.382583
    endloop
  endfacet
  facet normal -0.049536 0.998772 -0.000196652
    outer loop
      vertex 14 -8.75 0.349999
      vertex 13.9858 -8.7507 0.371716
      vertex 13.9884 -8.75057 0.377039
    endloop
  endfacet
  facet normal -0.0148552 0.999636 0.0225078
    outer loop
      vertex 14 -8.75 0.349999
      vertex 13.9857 -8.7507 0.37165
      vertex 13.9858 -8.7507 0.371716
    endloop
  endfacet
  facet normal -0.0493908 0.998779 -0.0003299
    outer loop
      vertex 14 -8.75 0.349999
      vertex 13.9827 -8.75085 0.366665
      vertex 13.9857 -8.7507 0.37165
    endloop
  endfacet
  facet normal -0.049442 0.998777 -0.000383226
    outer loop
      vertex 14 -8.75 0.349999
      vertex 13.9791 -8.75103 0.361998
      vertex 13.9827 -8.75085 0.366665
    endloop
  endfacet
  facet normal -0.0492226 0.998788 0
    outer loop
      vertex 14 -8.75 0.349999
      vertex 13.9791 -8.75103 0.361936
      vertex 13.9791 -8.75103 0.361998
    endloop
  endfacet
  facet normal -0.0489209 0.998803 0.000529359
    outer loop
      vertex 13.9755 -8.7512 0.349999
      vertex 13.9791 -8.75103 0.361936
      vertex 14 -8.75 0.349999
    endloop
  endfacet
  facet normal -0.0471697 0.998887 0
    outer loop
      vertex 13.9791 -8.75103 0.361936
      vertex 13.9755 -8.7512 0.349999
      vertex 13.9755 -8.7512 0.358068
    endloop
  endfacet
  facet normal 0.803557 -0.595228 0
    outer loop
      vertex 14.1933 -9.1586 1.2
      vertex 14.2079 -9.13889 0.349999
      vertex 14.2079 -9.13889 1.2
    endloop
  endfacet
  facet normal 0.803557 -0.595228 0
    outer loop
      vertex 14.2079 -9.13889 0.349999
      vertex 14.1933 -9.1586 1.2
      vertex 14.1933 -9.1586 0.349999
    endloop
  endfacet
  facet normal -0.512999 0.858389 0
    outer loop
      vertex 13.8822 -8.77952 0.424632
      vertex 13.8611 -8.79213 1.2
      vertex 13.8822 -8.77952 1.2
    endloop
  endfacet
  facet normal -0.497143 0.867668 0.000582399
    outer loop
      vertex 13.8815 -8.77992 0.42303
      vertex 13.8611 -8.79213 1.2
      vertex 13.8822 -8.77952 0.424632
    endloop
  endfacet
  facet normal -0.202873 0.979153 0.0100607
    outer loop
      vertex 13.8814 -8.77994 0.42296
      vertex 13.8611 -8.79213 1.2
      vertex 13.8815 -8.77992 0.42303
    endloop
  endfacet
  facet normal -0.527995 0.849247 -0.000470984
    outer loop
      vertex 13.8797 -8.781 0.417417
      vertex 13.8611 -8.79213 1.2
      vertex 13.8814 -8.77994 0.42296
    endloop
  endfacet
  facet normal -0.552683 0.833258 0.0149182
    outer loop
      vertex 13.8611 -8.79213 0.349999
      vertex 13.8797 -8.781 0.417417
      vertex 13.8784 -8.78176 0.411705
    endloop
  endfacet
  facet normal -0.528697 0.848792 0.0055826
    outer loop
      vertex 13.8611 -8.79213 0.349999
      vertex 13.8784 -8.78176 0.411705
      vertex 13.8776 -8.78222 0.405881
    endloop
  endfacet
  facet normal -0.498233 0.867018 -0.0066445
    outer loop
      vertex 13.8611 -8.79213 0.349999
      vertex 13.8776 -8.78222 0.405881
      vertex 13.8774 -8.78238 0.4
    endloop
  endfacet
  facet normal -0.507247 0.861776 -0.00646836
    outer loop
      vertex 13.8611 -8.79213 0.349999
      vertex 13.8815 -8.77992 0.376969
      vertex 13.8822 -8.77952 0.375367
    endloop
  endfacet
  facet normal -0.512999 0.858389 0
    outer loop
      vertex 13.8611 -8.79213 0.349999
      vertex 13.8822 -8.77952 0.375367
      vertex 13.8822 -8.77952 0.349999
    endloop
  endfacet
  facet normal -0.314734 0.931265 -0.183544
    outer loop
      vertex 13.8815 -8.77992 0.376969
      vertex 13.8611 -8.79213 0.349999
      vertex 13.8814 -8.77994 0.377039
    endloop
  endfacet
  facet normal -0.518992 0.854768 0.00428702
    outer loop
      vertex 13.8814 -8.77994 0.377039
      vertex 13.8611 -8.79213 0.349999
      vertex 13.8797 -8.781 0.382583
    endloop
  endfacet
  facet normal -0.51099 0.859585 -0.00192647
    outer loop
      vertex 13.8797 -8.781 0.382583
      vertex 13.8611 -8.79213 0.349999
      vertex 13.8784 -8.78176 0.388294
    endloop
  endfacet
  facet normal -0.513478 0.858103 0
    outer loop
      vertex 13.8797 -8.781 0.417417
      vertex 13.8611 -8.79213 0.349999
      vertex 13.8611 -8.79213 1.2
    endloop
  endfacet
  facet normal -0.525225 0.850947 0.00528844
    outer loop
      vertex 13.8776 -8.78222 0.394118
      vertex 13.8611 -8.79213 0.349999
      vertex 13.8774 -8.78238 0.4
    endloop
  endfacet
  facet normal -0.510523 0.859861 -0.00221197
    outer loop
      vertex 13.8784 -8.78176 0.388294
      vertex 13.8611 -8.79213 0.349999
      vertex 13.8776 -8.78222 0.394118
    endloop
  endfacet
  facet normal -0.428807 -0.903396 0
    outer loop
      vertex 13.8822 -9.22048 0.349999
      vertex 13.9043 -9.23097 1.2
      vertex 13.8822 -9.22048 1.2
    endloop
  endfacet
  facet normal -0.428807 -0.903396 -0
    outer loop
      vertex 13.9043 -9.23097 1.2
      vertex 13.8822 -9.22048 0.349999
      vertex 13.9043 -9.23097 0.349999
    endloop
  endfacet
  facet normal -0.595949 -0.803023 0
    outer loop
      vertex 13.8414 -9.19325 0.349999
      vertex 13.8611 -9.20787 1.2
      vertex 13.8414 -9.19325 1.2
    endloop
  endfacet
  facet normal -0.595949 -0.803023 -0
    outer loop
      vertex 13.8611 -9.20787 1.2
      vertex 13.8414 -9.19325 0.349999
      vertex 13.8611 -9.20787 0.349999
    endloop
  endfacet
  facet normal 0 0 -1
    outer loop
      vertex 13.9564 -8.96685 0.349999
      vertex 13.8822 -8.77952 0.349999
      vertex 13.9019 -8.77019 0.349999
    endloop
  endfacet
  facet normal 0 0 -1
    outer loop
      vertex 13.9564 -8.96685 0.349999
      vertex 13.8611 -8.79213 0.349999
      vertex 13.8822 -8.77952 0.349999
    endloop
  endfacet
  facet normal 0 0 -1
    outer loop
      vertex 13.9564 -8.96685 0.349999
      vertex 13.8414 -8.80675 0.349999
      vertex 13.8611 -8.79213 0.349999
    endloop
  endfacet
  facet normal 0 0 -1
    outer loop
      vertex 13.9564 -8.96685 0.349999
      vertex 13.8232 -8.82322 0.349999
      vertex 13.8414 -8.80675 0.349999
    endloop
  endfacet
  facet normal 0 0 -1
    outer loop
      vertex 13.9564 -8.96685 0.349999
      vertex 13.8067 -8.8414 0.349999
      vertex 13.8232 -8.82322 0.349999
    endloop
  endfacet
  facet normal 0 0 -1
    outer loop
      vertex 13.9564 -8.96685 0.349999
      vertex 13.7921 -8.86111 0.349999
      vertex 13.8067 -8.8414 0.349999
    endloop
  endfacet
  facet normal 0 0 -1
    outer loop
      vertex 13.9564 -8.96685 0.349999
      vertex 13.7795 -8.88215 0.349999
      vertex 13.7921 -8.86111 0.349999
    endloop
  endfacet
  facet normal 0 0 -1
    outer loop
      vertex 13.9564 -8.96685 0.349999
      vertex 13.769 -8.90433 0.349999
      vertex 13.7795 -8.88215 0.349999
    endloop
  endfacet
  facet normal 0 0 -1
    outer loop
      vertex 13.9564 -8.96685 0.349999
      vertex 13.7608 -8.92743 0.349999
      vertex 13.769 -8.90433 0.349999
    endloop
  endfacet
  facet normal 0 0 -1
    outer loop
      vertex 13.9564 -8.96685 0.349999
      vertex 13.7548 -8.95123 0.349999
      vertex 13.7608 -8.92743 0.349999
    endloop
  endfacet
  facet normal 0 -0 -1
    outer loop
      vertex 13.7548 -8.95123 0.349999
      vertex 13.9564 -8.96685 0.349999
      vertex 13.7525 -8.96685 0.349999
    endloop
  endfacet
  facet normal 0 0 -1
    outer loop
      vertex 13.9755 -9.2488 0.349999
      vertex 14 -9.03315 0.349999
      vertex 14 -9.25 0.349999
    endloop
  endfacet
  facet normal 0 0 -1
    outer loop
      vertex 13.9512 -9.2452 0.349999
      vertex 14 -9.03315 0.349999
      vertex 13.9755 -9.2488 0.349999
    endloop
  endfacet
  facet normal 0 0 -1
    outer loop
      vertex 13.9274 -9.23923 0.349999
      vertex 14 -9.03315 0.349999
      vertex 13.9512 -9.2452 0.349999
    endloop
  endfacet
  facet normal 0 0 -1
    outer loop
      vertex 13.9043 -9.23097 0.349999
      vertex 14 -9.03315 0.349999
      vertex 13.9274 -9.23923 0.349999
    endloop
  endfacet
  facet normal 0 0 -1
    outer loop
      vertex 13.8822 -9.22048 0.349999
      vertex 14 -9.03315 0.349999
      vertex 13.9043 -9.23097 0.349999
    endloop
  endfacet
  facet normal 0 0 -1
    outer loop
      vertex 13.8611 -9.20787 0.349999
      vertex 14 -9.03315 0.349999
      vertex 13.8822 -9.22048 0.349999
    endloop
  endfacet
  facet normal 0 0 -1
    outer loop
      vertex 13.8414 -9.19325 0.349999
      vertex 14 -9.03315 0.349999
      vertex 13.8611 -9.20787 0.349999
    endloop
  endfacet
  facet normal 0 0 -1
    outer loop
      vertex 13.8232 -9.17678 0.349999
      vertex 14 -9.03315 0.349999
      vertex 13.8414 -9.19325 0.349999
    endloop
  endfacet
  facet normal 0 0 -1
    outer loop
      vertex 13.8067 -9.1586 0.349999
      vertex 14 -9.03315 0.349999
      vertex 13.8232 -9.17678 0.349999
    endloop
  endfacet
  facet normal 0 0 -1
    outer loop
      vertex 13.7921 -9.13889 0.349999
      vertex 14 -9.03315 0.349999
      vertex 13.8067 -9.1586 0.349999
    endloop
  endfacet
  facet normal 0 0 -1
    outer loop
      vertex 13.7795 -9.11785 0.349999
      vertex 14 -9.03315 0.349999
      vertex 13.7921 -9.13889 0.349999
    endloop
  endfacet
  facet normal 0 0 -1
    outer loop
      vertex 13.769 -9.09567 0.349999
      vertex 14 -9.03315 0.349999
      vertex 13.7795 -9.11785 0.349999
    endloop
  endfacet
  facet normal 0 0 -1
    outer loop
      vertex 13.7608 -9.07257 0.349999
      vertex 14 -9.03315 0.349999
      vertex 13.769 -9.09567 0.349999
    endloop
  endfacet
  facet normal 0 0 -1
    outer loop
      vertex 13.7548 -9.04877 0.349999
      vertex 14 -9.03315 0.349999
      vertex 13.7608 -9.07257 0.349999
    endloop
  endfacet
  facet normal -0 0 -1
    outer loop
      vertex 14 -9.03315 0.349999
      vertex 13.7548 -9.04877 0.349999
      vertex 13.7525 -9.03315 0.349999
    endloop
  endfacet
  facet normal 0 0 -1
    outer loop
      vertex 14.0319 -8.99114 0.349999
      vertex 14.25 -9 0.349999
      vertex 14.2488 -9.0245 0.349999
    endloop
  endfacet
  facet normal 0 0 -1
    outer loop
      vertex 14.0319 -8.99114 0.349999
      vertex 14.2488 -9.0245 0.349999
      vertex 14.2452 -9.04877 0.349999
    endloop
  endfacet
  facet normal 0 0 -1
    outer loop
      vertex 14.25 -9 0.349999
      vertex 14.0319 -8.99114 0.349999
      vertex 14.2488 -8.9755 0.349999
    endloop
  endfacet
  facet normal 0 0 -1
    outer loop
      vertex 14.0319 -8.99114 0.349999
      vertex 14.2452 -9.04877 0.349999
      vertex 14.2392 -9.07257 0.349999
    endloop
  endfacet
  facet normal -0 0 -1
    outer loop
      vertex 14.2488 -8.9755 0.349999
      vertex 14.0319 -8.99114 0.349999
      vertex 14.2452 -8.95123 0.349999
    endloop
  endfacet
  facet normal 0 0 -1
    outer loop
      vertex 14.0319 -8.99114 0.349999
      vertex 14.2392 -9.07257 0.349999
      vertex 14.231 -9.09567 0.349999
    endloop
  endfacet
  facet normal -0 0 -1
    outer loop
      vertex 14.2452 -8.95123 0.349999
      vertex 14.0319 -8.99114 0.349999
      vertex 14.2392 -8.92743 0.349999
    endloop
  endfacet
  facet normal 0 0 -1
    outer loop
      vertex 14.0319 -8.99114 0.349999
      vertex 14.231 -9.09567 0.349999
      vertex 14.2205 -9.11785 0.349999
    endloop
  endfacet
  facet normal -0 0 -1
    outer loop
      vertex 14.2392 -8.92743 0.349999
      vertex 14.0319 -8.99114 0.349999
      vertex 14.231 -8.90433 0.349999
    endloop
  endfacet
  facet normal 0 0 -1
    outer loop
      vertex 14.0319 -8.99114 0.349999
      vertex 14.2205 -9.11785 0.349999
      vertex 14.2079 -9.13889 0.349999
    endloop
  endfacet
  facet normal -0 0 -1
    outer loop
      vertex 14.231 -8.90433 0.349999
      vertex 14.0319 -8.99114 0.349999
      vertex 14.2205 -8.88215 0.349999
    endloop
  endfacet
  facet normal 0 0 -1
    outer loop
      vertex 14.0319 -8.99114 0.349999
      vertex 14.2079 -9.13889 0.349999
      vertex 14.1933 -9.1586 0.349999
    endloop
  endfacet
  facet normal -0 0 -1
    outer loop
      vertex 14.2205 -8.88215 0.349999
      vertex 14.0319 -8.99114 0.349999
      vertex 14.2079 -8.86111 0.349999
    endloop
  endfacet
  facet normal 0 0 -1
    outer loop
      vertex 14 -9.03315 0.349999
      vertex 14.1933 -9.1586 0.349999
      vertex 14.1768 -9.17678 0.349999
    endloop
  endfacet
  facet normal -0 0 -1
    outer loop
      vertex 14.2079 -8.86111 0.349999
      vertex 14.0319 -8.99114 0.349999
      vertex 14.1933 -8.8414 0.349999
    endloop
  endfacet
  facet normal 0 0 -1
    outer loop
      vertex 14 -9.03315 0.349999
      vertex 14.1768 -9.17678 0.349999
      vertex 14.1586 -9.19325 0.349999
    endloop
  endfacet
  facet normal -0 0 -1
    outer loop
      vertex 14.1933 -8.8414 0.349999
      vertex 14.0319 -8.99114 0.349999
      vertex 14.1768 -8.82322 0.349999
    endloop
  endfacet
  facet normal 0 0 -1
    outer loop
      vertex 14 -9.03315 0.349999
      vertex 14.1586 -9.19325 0.349999
      vertex 14.1389 -9.20787 0.349999
    endloop
  endfacet
  facet normal -0 0 -1
    outer loop
      vertex 14.1768 -8.82322 0.349999
      vertex 14.0319 -8.99114 0.349999
      vertex 14.1586 -8.80675 0.349999
    endloop
  endfacet
  facet normal 0 0 -1
    outer loop
      vertex 14 -9.03315 0.349999
      vertex 14.1389 -9.20787 0.349999
      vertex 14.1178 -9.22048 0.349999
    endloop
  endfacet
  facet normal -0 0 -1
    outer loop
      vertex 14.1586 -8.80675 0.349999
      vertex 14.0319 -8.99114 0.349999
      vertex 14.1389 -8.79213 0.349999
    endloop
  endfacet
  facet normal 0 0 -1
    outer loop
      vertex 14 -9.03315 0.349999
      vertex 14.1178 -9.22048 0.349999
      vertex 14.0957 -9.23097 0.349999
    endloop
  endfacet
  facet normal -0 0 -1
    outer loop
      vertex 14.1389 -8.79213 0.349999
      vertex 14.0319 -8.99114 0.349999
      vertex 14.1178 -8.77952 0.349999
    endloop
  endfacet
  facet normal 0 0 -1
    outer loop
      vertex 14 -9.03315 0.349999
      vertex 14.0957 -9.23097 0.349999
      vertex 14.0726 -9.23923 0.349999
    endloop
  endfacet
  facet normal -0 0 -1
    outer loop
      vertex 14.1178 -8.77952 0.349999
      vertex 14.0319 -8.99114 0.349999
      vertex 14.0957 -8.76903 0.349999
    endloop
  endfacet
  facet normal 0 0 -1
    outer loop
      vertex 14 -9.03315 0.349999
      vertex 14.0726 -9.23923 0.349999
      vertex 14.0488 -9.2452 0.349999
    endloop
  endfacet
  facet normal -0 0 -1
    outer loop
      vertex 14.0957 -8.76903 0.349999
      vertex 14.0319 -8.99114 0.349999
      vertex 14.0726 -8.76076 0.349999
    endloop
  endfacet
  facet normal -0 0 -1
    outer loop
      vertex 14.0726 -8.76076 0.349999
      vertex 14.0319 -8.99114 0.349999
      vertex 14.0488 -8.7548 0.349999
    endloop
  endfacet
  facet normal 0 0 -1
    outer loop
      vertex 14.1933 -9.1586 0.349999
      vertex 14 -9.03315 0.349999
      vertex 14.0319 -8.99114 0.349999
    endloop
  endfacet
  facet normal 0 0 -1
    outer loop
      vertex 14.0319 -8.99114 0.349999
      vertex 14 -9.03315 0.349999
      vertex 14.0318 -8.99117 0.349999
    endloop
  endfacet
  facet normal 0 0 -1
    outer loop
      vertex 14 -9.03315 0.349999
      vertex 14.0488 -9.2452 0.349999
      vertex 14.0245 -9.2488 0.349999
    endloop
  endfacet
  facet normal 0 0 -1
    outer loop
      vertex 14 -9.03315 0.349999
      vertex 14.0245 -9.2488 0.349999
      vertex 14 -9.25 0.349999
    endloop
  endfacet
  facet normal 0 0 1
    outer loop
      vertex 14.0318 -8.99117 0.349999
      vertex 14 -9.03315 0.349999
      vertex 14.0318 -8.99119 0.349999
    endloop
  endfacet
  facet normal 0 0 -1
    outer loop
      vertex 14.0318 -8.99119 0.349999
      vertex 14 -9.03315 0.349999
      vertex 14 -9 0.349999
    endloop
  endfacet
  facet normal 0 0 -1
    outer loop
      vertex 14.0319 -8.99114 0.349999
      vertex 14.0245 -8.7512 0.349999
      vertex 14.0488 -8.7548 0.349999
    endloop
  endfacet
  facet normal 0 0 -1
    outer loop
      vertex 14.0319 -8.99114 0.349999
      vertex 14 -8.75 0.349999
      vertex 14.0245 -8.7512 0.349999
    endloop
  endfacet
  facet normal 0 0 -1
    outer loop
      vertex 14.0319 -8.99114 0.349999
      vertex 13.9755 -8.7512 0.349999
      vertex 14 -8.75 0.349999
    endloop
  endfacet
  facet normal 0 -0 -1
    outer loop
      vertex 13.9755 -8.7512 0.349999
      vertex 14.0319 -8.99114 0.349999
      vertex 13.9658 -8.75264 0.349999
    endloop
  endfacet
  facet normal 0.337059 0.941483 -0
    outer loop
      vertex 14.0957 -8.76903 0.349999
      vertex 14.0726 -8.76076 1.2
      vertex 14.0957 -8.76903 1.2
    endloop
  endfacet
  facet normal 0.337059 0.941483 0
    outer loop
      vertex 14.0726 -8.76076 1.2
      vertex 14.0957 -8.76903 0.349999
      vertex 14.0726 -8.76076 0.349999
    endloop
  endfacet
  facet normal -0.740493 -0.672064 0
    outer loop
      vertex 13.8232 -9.17678 0.349999
      vertex 13.8067 -9.1586 1.2
      vertex 13.8067 -9.1586 0.349999
    endloop
  endfacet
  facet normal -0.740493 -0.672064 0
    outer loop
      vertex 13.8067 -9.1586 1.2
      vertex 13.8232 -9.17678 0.349999
      vertex 13.8232 -9.17678 1.2
    endloop
  endfacet
  facet normal 0.969661 -0.244452 0
    outer loop
      vertex 14.2392 -9.07257 1.2
      vertex 14.2452 -9.04877 0.349999
      vertex 14.2452 -9.04877 1.2
    endloop
  endfacet
  facet normal 0.969661 -0.244452 0
    outer loop
      vertex 14.2452 -9.04877 0.349999
      vertex 14.2392 -9.07257 1.2
      vertex 14.2392 -9.07257 0.349999
    endloop
  endfacet
  facet normal -0.337059 0.941483 0
    outer loop
      vertex 13.9274 -8.76076 0.459694
      vertex 13.9043 -8.76903 1.2
      vertex 13.9274 -8.76076 1.2
    endloop
  endfacet
  facet normal -0.339024 0.940778 -6.91939e-05
    outer loop
      vertex 13.9221 -8.76267 0.458859
      vertex 13.9043 -8.76903 1.2
      vertex 13.9274 -8.76076 0.459694
    endloop
  endfacet
  facet normal -0.196541 0.980489 0.0036936
    outer loop
      vertex 13.922 -8.76269 0.458847
      vertex 13.9043 -8.76903 1.2
      vertex 13.9221 -8.76267 0.458859
    endloop
  endfacet
  facet normal -0.336561 0.941662 1.75354e-05
    outer loop
      vertex 13.9166 -8.76462 0.457416
      vertex 13.9043 -8.76903 1.2
      vertex 13.922 -8.76269 0.458847
    endloop
  endfacet
  facet normal -0.338393 0.941005 -1.67092e-05
    outer loop
      vertex 13.9114 -8.76649 0.455432
      vertex 13.9043 -8.76903 1.2
      vertex 13.9166 -8.76462 0.457416
    endloop
  endfacet
  facet normal -0.341413 0.939913 -4.92261e-05
    outer loop
      vertex 13.9065 -8.76827 0.452949
      vertex 13.9043 -8.76903 1.2
      vertex 13.9114 -8.76649 0.455432
    endloop
  endfacet
  facet normal -0.196253 0.980553 0.000419601
    outer loop
      vertex 13.9064 -8.76829 0.452915
      vertex 13.9043 -8.76903 1.2
      vertex 13.9065 -8.76827 0.452949
    endloop
  endfacet
  facet normal -0.196277 0.980548 0.000419528
    outer loop
      vertex 13.9063 -8.76831 0.452875
      vertex 13.9043 -8.76903 1.2
      vertex 13.9064 -8.76829 0.452915
    endloop
  endfacet
  facet normal -0.338719 0.940887 0
    outer loop
      vertex 13.9043 -8.76903 1.2
      vertex 13.9063 -8.76831 0.452875
      vertex 13.9043 -8.76903 0.451606
    endloop
  endfacet
  facet normal -0.903837 -0.427876 0
    outer loop
      vertex 13.7795 -9.11785 0.349999
      vertex 13.769 -9.09567 1.2
      vertex 13.769 -9.09567 0.349999
    endloop
  endfacet
  facet normal -0.903837 -0.427876 0
    outer loop
      vertex 13.769 -9.09567 1.2
      vertex 13.7795 -9.11785 0.349999
      vertex 13.7795 -9.11785 1.2
    endloop
  endfacet
  facet normal -0.942386 -0.334527 0
    outer loop
      vertex 13.769 -9.09567 0.349999
      vertex 13.7608 -9.07257 1.2
      vertex 13.7608 -9.07257 0.349999
    endloop
  endfacet
  facet normal -0.942386 -0.334527 0
    outer loop
      vertex 13.7608 -9.07257 1.2
      vertex 13.769 -9.09567 0.349999
      vertex 13.769 -9.09567 1.2
    endloop
  endfacet
  facet normal 0.903837 0.427876 0
    outer loop
      vertex 14.231 -8.90433 1.2
      vertex 14.2205 -8.88215 0.349999
      vertex 14.2205 -8.88215 1.2
    endloop
  endfacet
  facet normal 0.903837 0.427876 0
    outer loop
      vertex 14.2205 -8.88215 0.349999
      vertex 14.231 -8.90433 1.2
      vertex 14.231 -8.90433 0.349999
    endloop
  endfacet
  facet normal -0.965948 -0.258736 0
    outer loop
      vertex 13.7548 -9.04877 0.349999
      vertex 13.7551 -9.04989 0.366665
      vertex 13.7548 -9.04877 0.36516
    endloop
  endfacet
  facet normal -0.969661 -0.244452 0.00102674
    outer loop
      vertex 13.7608 -9.07257 0.349999
      vertex 13.7551 -9.04989 0.366665
      vertex 13.7548 -9.04877 0.349999
    endloop
  endfacet
  facet normal -0.971163 -0.238285 -0.0078806
    outer loop
      vertex 13.7551 -9.04989 0.366665
      vertex 13.7608 -9.07257 0.349999
      vertex 13.7558 -9.05291 0.371716
    endloop
  endfacet
  facet normal -0.967236 -0.253781 0.00705201
    outer loop
      vertex 13.7558 -9.05291 0.371716
      vertex 13.7608 -9.07257 0.349999
      vertex 13.7565 -9.05543 0.377039
    endloop
  endfacet
  facet normal -0.965575 -0.260099 0.0035921
    outer loop
      vertex 13.7575 -9.05971 0.394118
      vertex 13.7608 -9.07257 0.349999
      vertex 13.7576 -9.06 0.4
    endloop
  endfacet
  facet normal -0.970476 -0.241185 -0.00228774
    outer loop
      vertex 13.7573 -9.05885 0.388294
      vertex 13.7608 -9.07257 0.349999
      vertex 13.7575 -9.05971 0.394118
    endloop
  endfacet
  facet normal -0.973143 -0.230111 -0.00649898
    outer loop
      vertex 13.757 -9.05742 0.382583
      vertex 13.7608 -9.07257 0.349999
      vertex 13.7573 -9.05885 0.388294
    endloop
  endfacet
  facet normal -0.969911 -0.24346 8.47176e-05
    outer loop
      vertex 13.7565 -9.05543 0.377039
      vertex 13.7608 -9.07257 0.349999
      vertex 13.757 -9.05742 0.382583
    endloop
  endfacet
  facet normal -0.9661 -0.258166 -0.000454482
    outer loop
      vertex 13.7608 -9.07257 1.2
      vertex 13.7548 -9.04877 0.434838
      vertex 13.7551 -9.04989 0.433333
    endloop
  endfacet
  facet normal -0.973976 -0.226653 0.000536322
    outer loop
      vertex 13.7608 -9.07257 1.2
      vertex 13.7551 -9.04989 0.433333
      vertex 13.7558 -9.05291 0.428284
    endloop
  endfacet
  facet normal -0.963815 -0.266572 -0.00054648
    outer loop
      vertex 13.7608 -9.07257 1.2
      vertex 13.7558 -9.05291 0.428284
      vertex 13.7565 -9.05543 0.42296
    endloop
  endfacet
  facet normal -0.96986 -0.243662 -7.68175e-06
    outer loop
      vertex 13.7608 -9.07257 1.2
      vertex 13.7565 -9.05543 0.42296
      vertex 13.757 -9.05742 0.417417
    endloop
  endfacet
  facet normal -0.978112 -0.208079 0.000721234
    outer loop
      vertex 13.7608 -9.07257 1.2
      vertex 13.757 -9.05742 0.417417
      vertex 13.7573 -9.05885 0.411705
    endloop
  endfacet
  facet normal -0.957868 -0.287052 0.00949369
    outer loop
      vertex 13.7608 -9.07257 0.349999
      vertex 13.7573 -9.05885 0.411705
      vertex 13.7575 -9.05971 0.405881
    endloop
  endfacet
  facet normal -0.973995 -0.226504 -0.00539252
    outer loop
      vertex 13.7608 -9.07257 0.349999
      vertex 13.7575 -9.05971 0.405881
      vertex 13.7576 -9.06 0.4
    endloop
  endfacet
  facet normal -0.968968 -0.247186 0
    outer loop
      vertex 13.7573 -9.05885 0.411705
      vertex 13.7608 -9.07257 0.349999
      vertex 13.7608 -9.07257 1.2
    endloop
  endfacet
  facet normal -0.969661 -0.244452 0
    outer loop
      vertex 13.7548 -9.04877 0.434838
      vertex 13.7608 -9.07257 1.2
      vertex 13.7548 -9.04877 1.2
    endloop
  endfacet
  facet normal -0.670988 -0.741468 0
    outer loop
      vertex 13.8232 -9.17678 0.349999
      vertex 13.8414 -9.19325 1.2
      vertex 13.8232 -9.17678 1.2
    endloop
  endfacet
  facet normal -0.670988 -0.741468 -0
    outer loop
      vertex 13.8414 -9.19325 1.2
      vertex 13.8232 -9.17678 0.349999
      vertex 13.8414 -9.19325 0.349999
    endloop
  endfacet
  facet normal 0.670988 0.741468 -0
    outer loop
      vertex 14.1768 -8.82322 0.349999
      vertex 14.1586 -8.80675 1.2
      vertex 14.1768 -8.82322 1.2
    endloop
  endfacet
  facet normal 0.670988 0.741468 0
    outer loop
      vertex 14.1586 -8.80675 1.2
      vertex 14.1768 -8.82322 0.349999
      vertex 14.1586 -8.80675 0.349999
    endloop
  endfacet
  facet normal 0.740493 -0.672064 0
    outer loop
      vertex 14.1768 -9.17678 1.2
      vertex 14.1933 -9.1586 0.349999
      vertex 14.1933 -9.1586 1.2
    endloop
  endfacet
  facet normal 0.740493 -0.672064 0
    outer loop
      vertex 14.1933 -9.1586 0.349999
      vertex 14.1768 -9.17678 1.2
      vertex 14.1768 -9.17678 0.349999
    endloop
  endfacet
  facet normal -0.986282 0.165068 0
    outer loop
      vertex 13.7544 -8.95362 0.438063
      vertex 13.7548 -8.95123 1.2
      vertex 13.7548 -8.95123 0.434838
    endloop
  endfacet
  facet normal -0.992066 0.125718 0.000126469
    outer loop
      vertex 13.7539 -8.95757 0.442426
      vertex 13.7548 -8.95123 1.2
      vertex 13.7544 -8.95362 0.438063
    endloop
  endfacet
  facet normal -0.987434 0.158035 -0.000149491
    outer loop
      vertex 13.7532 -8.96194 0.446381
      vertex 13.7548 -8.95123 1.2
      vertex 13.7539 -8.95757 0.442426
    endloop
  endfacet
  facet normal -0.989224 0.146411 1.9498e-05
    outer loop
      vertex 13.7525 -8.96667 0.449887
      vertex 13.7548 -8.95123 1.2
      vertex 13.7532 -8.96194 0.446381
    endloop
  endfacet
  facet normal -0.990512 0.137424 0.000208443
    outer loop
      vertex 13.7518 -8.97172 0.452915
      vertex 13.7548 -8.95123 1.2
      vertex 13.7525 -8.96667 0.449887
    endloop
  endfacet
  facet normal -0.98766 0.156616 -0.000329381
    outer loop
      vertex 13.7512 -8.9755 0.454702
      vertex 13.7548 -8.95123 1.2
      vertex 13.7518 -8.97172 0.452915
    endloop
  endfacet
  facet normal -0.989177 0.146726 0
    outer loop
      vertex 13.7548 -8.95123 1.2
      vertex 13.7512 -8.9755 0.454702
      vertex 13.7512 -8.9755 1.2
    endloop
  endfacet
  facet normal -0.986282 0.165068 0
    outer loop
      vertex 13.7548 -8.95123 0.349999
      vertex 13.7544 -8.95362 0.361936
      vertex 13.7548 -8.95123 0.36516
    endloop
  endfacet
  facet normal -0.991124 0.132777 -0.00662742
    outer loop
      vertex 13.7548 -8.95123 0.349999
      vertex 13.7539 -8.95757 0.357574
      vertex 13.7544 -8.95362 0.361936
    endloop
  endfacet
  facet normal -0.98856 0.150584 0.00858104
    outer loop
      vertex 13.7548 -8.95123 0.349999
      vertex 13.7532 -8.96194 0.353619
      vertex 13.7539 -8.95757 0.357574
    endloop
  endfacet
  facet normal -0.989087 0.147329 -0.00128398
    outer loop
      vertex 13.7548 -8.95123 0.349999
      vertex 13.7525 -8.96667 0.350111
      vertex 13.7532 -8.96194 0.353619
    endloop
  endfacet
  facet normal -0.963284 0.141841 -0.227958
    outer loop
      vertex 13.7525 -8.96667 0.350111
      vertex 13.7548 -8.95123 0.349999
      vertex 13.7525 -8.96685 0.349999
    endloop
  endfacet
  facet normal -0.973995 0.226504 -0.00539252
    outer loop
      vertex 13.7575 -8.94029 0.405881
      vertex 13.7608 -8.92743 0.349999
      vertex 13.7576 -8.94 0.4
    endloop
  endfacet
  facet normal -0.965575 0.260099 0.0035921
    outer loop
      vertex 13.7608 -8.92743 0.349999
      vertex 13.7575 -8.94029 0.394118
      vertex 13.7576 -8.94 0.4
    endloop
  endfacet
  facet normal -0.970476 0.241185 -0.00228774
    outer loop
      vertex 13.7608 -8.92743 0.349999
      vertex 13.7573 -8.94115 0.388294
      vertex 13.7575 -8.94029 0.394118
    endloop
  endfacet
  facet normal -0.973143 0.230111 -0.00649898
    outer loop
      vertex 13.7608 -8.92743 0.349999
      vertex 13.757 -8.94258 0.382583
      vertex 13.7573 -8.94115 0.388294
    endloop
  endfacet
  facet normal -0.969911 0.24346 8.47176e-05
    outer loop
      vertex 13.7608 -8.92743 0.349999
      vertex 13.7565 -8.94457 0.377039
      vertex 13.757 -8.94258 0.382583
    endloop
  endfacet
  facet normal -0.967128 0.254184 0.00732458
    outer loop
      vertex 13.7608 -8.92743 0.349999
      vertex 13.7558 -8.94708 0.371716
      vertex 13.7565 -8.94457 0.377039
    endloop
  endfacet
  facet normal -0.971217 0.238057 -0.00820847
    outer loop
      vertex 13.7608 -8.92743 0.349999
      vertex 13.7551 -8.95011 0.366665
      vertex 13.7558 -8.94708 0.371716
    endloop
  endfacet
  facet normal -0.969661 0.244452 0.00102674
    outer loop
      vertex 13.7548 -8.95123 0.349999
      vertex 13.7551 -8.95011 0.366665
      vertex 13.7608 -8.92743 0.349999
    endloop
  endfacet
  facet normal -0.965948 0.258736 0
    outer loop
      vertex 13.7551 -8.95011 0.366665
      vertex 13.7548 -8.95123 0.349999
      vertex 13.7548 -8.95123 0.36516
    endloop
  endfacet
  facet normal -0.957868 0.287052 0.00949369
    outer loop
      vertex 13.7573 -8.94115 0.411705
      vertex 13.7608 -8.92743 0.349999
      vertex 13.7575 -8.94029 0.405881
    endloop
  endfacet
  facet normal -0.968968 0.247186 0
    outer loop
      vertex 13.7608 -8.92743 0.349999
      vertex 13.7573 -8.94115 0.411705
      vertex 13.7608 -8.92743 1.2
    endloop
  endfacet
  facet normal -0.978112 0.208079 0.000721234
    outer loop
      vertex 13.757 -8.94258 0.417417
      vertex 13.7608 -8.92743 1.2
      vertex 13.7573 -8.94115 0.411705
    endloop
  endfacet
  facet normal -0.96986 0.243662 -7.68175e-06
    outer loop
      vertex 13.7565 -8.94457 0.42296
      vertex 13.7608 -8.92743 1.2
      vertex 13.757 -8.94258 0.417417
    endloop
  endfacet
  facet normal -0.963554 0.267514 -0.000568705
    outer loop
      vertex 13.7558 -8.94708 0.428284
      vertex 13.7608 -8.92743 1.2
      vertex 13.7565 -8.94457 0.42296
    endloop
  endfacet
  facet normal -0.974133 0.225976 0.000557501
    outer loop
      vertex 13.7551 -8.95011 0.433333
      vertex 13.7608 -8.92743 1.2
      vertex 13.7558 -8.94708 0.428284
    endloop
  endfacet
  facet normal -0.9661 0.258166 -0.000454482
    outer loop
      vertex 13.7548 -8.95123 0.434838
      vertex 13.7608 -8.92743 1.2
      vertex 13.7551 -8.95011 0.433333
    endloop
  endfacet
  facet normal -0.969661 0.244452 0
    outer loop
      vertex 13.7608 -8.92743 1.2
      vertex 13.7548 -8.95123 0.434838
      vertex 13.7548 -8.95123 1.2
    endloop
  endfacet
  facet normal 0.146549 -0.989203 0
    outer loop
      vertex 14.0245 -9.2488 0.349999
      vertex 14.0488 -9.2452 1.2
      vertex 14.0245 -9.2488 1.2
    endloop
  endfacet
  facet normal 0.146549 -0.989203 0
    outer loop
      vertex 14.0488 -9.2452 1.2
      vertex 14.0245 -9.2488 0.349999
      vertex 14.0488 -9.2452 0.349999
    endloop
  endfacet
  facet normal 0.857924 -0.513776 0
    outer loop
      vertex 14.2079 -9.13889 1.2
      vertex 14.2205 -9.11785 0.349999
      vertex 14.2205 -9.11785 1.2
    endloop
  endfacet
  facet normal 0.857924 -0.513776 0
    outer loop
      vertex 14.2205 -9.11785 0.349999
      vertex 14.2079 -9.13889 1.2
      vertex 14.2079 -9.13889 0.349999
    endloop
  endfacet
  facet normal 0.942386 0.334527 0
    outer loop
      vertex 14.2392 -8.92743 1.2
      vertex 14.231 -8.90433 0.349999
      vertex 14.231 -8.90433 1.2
    endloop
  endfacet
  facet normal 0.942386 0.334527 0
    outer loop
      vertex 14.231 -8.90433 0.349999
      vertex 14.2392 -8.92743 1.2
      vertex 14.2392 -8.92743 0.349999
    endloop
  endfacet
  facet normal -0.857924 0.513776 0
    outer loop
      vertex 13.7795 -8.88215 0.349999
      vertex 13.7921 -8.86111 1.2
      vertex 13.7921 -8.86111 0.349999
    endloop
  endfacet
  facet normal -0.857924 0.513776 0
    outer loop
      vertex 13.7921 -8.86111 1.2
      vertex 13.7795 -8.88215 0.349999
      vertex 13.7795 -8.88215 1.2
    endloop
  endfacet
  facet normal -0.595949 0.803023 0
    outer loop
      vertex 13.8611 -8.79213 0.349999
      vertex 13.8414 -8.80675 1.2
      vertex 13.8611 -8.79213 1.2
    endloop
  endfacet
  facet normal -0.595949 0.803023 0
    outer loop
      vertex 13.8414 -8.80675 1.2
      vertex 13.8611 -8.79213 0.349999
      vertex 13.8414 -8.80675 0.349999
    endloop
  endfacet
  facet normal 0.0489209 0.998803 -0
    outer loop
      vertex 14.0245 -8.7512 0.349999
      vertex 14 -8.75 1.2
      vertex 14.0245 -8.7512 1.2
    endloop
  endfacet
  facet normal 0.0489209 0.998803 0
    outer loop
      vertex 14 -8.75 1.2
      vertex 14.0245 -8.7512 0.349999
      vertex 14 -8.75 0.349999
    endloop
  endfacet
  facet normal 0.512999 0.858389 -0
    outer loop
      vertex 14.1389 -8.79213 0.349999
      vertex 14.1178 -8.77952 1.2
      vertex 14.1389 -8.79213 1.2
    endloop
  endfacet
  facet normal 0.512999 0.858389 0
    outer loop
      vertex 14.1178 -8.77952 1.2
      vertex 14.1389 -8.79213 0.349999
      vertex 14.1178 -8.77952 0.349999
    endloop
  endfacet
  facet normal 0.989177 -0.146726 0
    outer loop
      vertex 14.2452 -9.04877 1.2
      vertex 14.2488 -9.0245 0.349999
      vertex 14.2488 -9.0245 1.2
    endloop
  endfacet
  facet normal 0.989177 -0.146726 0
    outer loop
      vertex 14.2488 -9.0245 0.349999
      vertex 14.2452 -9.04877 1.2
      vertex 14.2452 -9.04877 0.349999
    endloop
  endfacet
  facet normal 0.857924 0.513776 0
    outer loop
      vertex 14.2205 -8.88215 1.2
      vertex 14.2079 -8.86111 0.349999
      vertex 14.2079 -8.86111 1.2
    endloop
  endfacet
  facet normal 0.857924 0.513776 0
    outer loop
      vertex 14.2079 -8.86111 0.349999
      vertex 14.2205 -8.88215 1.2
      vertex 14.2205 -8.88215 0.349999
    endloop
  endfacet
  facet normal 0.512999 -0.858389 0
    outer loop
      vertex 14.1178 -9.22048 0.349999
      vertex 14.1389 -9.20787 1.2
      vertex 14.1178 -9.22048 1.2
    endloop
  endfacet
  facet normal 0.512999 -0.858389 0
    outer loop
      vertex 14.1389 -9.20787 1.2
      vertex 14.1178 -9.22048 0.349999
      vertex 14.1389 -9.20787 0.349999
    endloop
  endfacet
  facet normal -0.670988 0.741468 0
    outer loop
      vertex 13.8414 -8.80675 0.349999
      vertex 13.8232 -8.82322 1.2
      vertex 13.8414 -8.80675 1.2
    endloop
  endfacet
  facet normal -0.670988 0.741468 0
    outer loop
      vertex 13.8232 -8.82322 1.2
      vertex 13.8414 -8.80675 0.349999
      vertex 13.8232 -8.82322 0.349999
    endloop
  endfacet
  facet normal 0.670988 -0.741468 0
    outer loop
      vertex 14.1586 -9.19325 0.349999
      vertex 14.1768 -9.17678 1.2
      vertex 14.1586 -9.19325 1.2
    endloop
  endfacet
  facet normal 0.670988 -0.741468 0
    outer loop
      vertex 14.1768 -9.17678 1.2
      vertex 14.1586 -9.19325 0.349999
      vertex 14.1768 -9.17678 0.349999
    endloop
  endfacet
  facet normal -0.0489209 -0.998803 0
    outer loop
      vertex 13.9755 -9.2488 0.349999
      vertex 14 -9.25 1.2
      vertex 13.9755 -9.2488 1.2
    endloop
  endfacet
  facet normal -0.0489209 -0.998803 -0
    outer loop
      vertex 14 -9.25 1.2
      vertex 13.9755 -9.2488 0.349999
      vertex 14 -9.25 0.349999
    endloop
  endfacet
  facet normal -0.740493 0.672064 0
    outer loop
      vertex 13.8067 -8.8414 0.349999
      vertex 13.8232 -8.82322 1.2
      vertex 13.8232 -8.82322 0.349999
    endloop
  endfacet
  facet normal -0.740493 0.672064 0
    outer loop
      vertex 13.8232 -8.82322 1.2
      vertex 13.8067 -8.8414 0.349999
      vertex 13.8067 -8.8414 1.2
    endloop
  endfacet
  facet normal -0.942386 0.334527 0
    outer loop
      vertex 13.7608 -8.92743 0.349999
      vertex 13.769 -8.90433 1.2
      vertex 13.769 -8.90433 0.349999
    endloop
  endfacet
  facet normal -0.942386 0.334527 0
    outer loop
      vertex 13.769 -8.90433 1.2
      vertex 13.7608 -8.92743 0.349999
      vertex 13.7608 -8.92743 1.2
    endloop
  endfacet
  facet normal 0.903837 -0.427876 0
    outer loop
      vertex 14.2205 -9.11785 1.2
      vertex 14.231 -9.09567 0.349999
      vertex 14.231 -9.09567 1.2
    endloop
  endfacet
  facet normal 0.903837 -0.427876 0
    outer loop
      vertex 14.231 -9.09567 0.349999
      vertex 14.2205 -9.11785 1.2
      vertex 14.2205 -9.11785 0.349999
    endloop
  endfacet
  facet normal 0.0489209 -0.998803 0
    outer loop
      vertex 14 -9.25 0.349999
      vertex 14.0245 -9.2488 1.2
      vertex 14 -9.25 1.2
    endloop
  endfacet
  facet normal 0.0489209 -0.998803 0
    outer loop
      vertex 14.0245 -9.2488 1.2
      vertex 14 -9.25 0.349999
      vertex 14.0245 -9.2488 0.349999
    endloop
  endfacet
  facet normal 0.942386 -0.334527 0
    outer loop
      vertex 14.231 -9.09567 1.2
      vertex 14.2392 -9.07257 0.349999
      vertex 14.2392 -9.07257 1.2
    endloop
  endfacet
  facet normal 0.942386 -0.334527 0
    outer loop
      vertex 14.2392 -9.07257 0.349999
      vertex 14.231 -9.09567 1.2
      vertex 14.231 -9.09567 0.349999
    endloop
  endfacet
  facet normal -0.997898 0.0647986 0
    outer loop
      vertex 13.7511 -8.97704 0.455432
      vertex 13.7512 -8.9755 1.2
      vertex 13.7512 -8.9755 0.454702
    endloop
  endfacet
  facet normal -0.999348 0.0360989 5.95547e-05
    outer loop
      vertex 13.7509 -8.98258 0.457416
      vertex 13.7512 -8.9755 1.2
      vertex 13.7511 -8.97704 0.455432
    endloop
  endfacet
  facet normal -0.998624 0.0524429 -9.65663e-05
    outer loop
      vertex 13.7506 -8.98829 0.458847
      vertex 13.7512 -8.9755 1.2
      vertex 13.7509 -8.98258 0.457416
    endloop
  endfacet
  facet normal -0.998679 0.0513784 -7.8152e-05
    outer loop
      vertex 13.7503 -8.99412 0.459711
      vertex 13.7512 -8.9755 1.2
      vertex 13.7506 -8.98829 0.458847
    endloop
  endfacet
  facet normal -0.998701 0.0509508 -6.73705e-05
    outer loop
      vertex 13.75 -9 0.459999
      vertex 13.7512 -8.9755 1.2
      vertex 13.7503 -8.99412 0.459711
    endloop
  endfacet
  facet normal -0.998803 0.0489209 0
    outer loop
      vertex 13.7512 -8.9755 1.2
      vertex 13.75 -9 0.459999
      vertex 13.75 -9 1.2
    endloop
  endfacet
  facet normal 0.740493 0.672064 0
    outer loop
      vertex 14.1933 -8.8414 1.2
      vertex 14.1768 -8.82322 0.349999
      vertex 14.1768 -8.82322 1.2
    endloop
  endfacet
  facet normal 0.740493 0.672064 0
    outer loop
      vertex 14.1768 -8.82322 0.349999
      vertex 14.1933 -8.8414 1.2
      vertex 14.1933 -8.8414 0.349999
    endloop
  endfacet
  facet normal 0.243303 -0.96995 0
    outer loop
      vertex 14.0488 -9.2452 0.349999
      vertex 14.0726 -9.23923 1.2
      vertex 14.0488 -9.2452 1.2
    endloop
  endfacet
  facet normal 0.243303 -0.96995 0
    outer loop
      vertex 14.0726 -9.23923 1.2
      vertex 14.0488 -9.2452 0.349999
      vertex 14.0726 -9.23923 0.349999
    endloop
  endfacet
  facet normal -0.857924 -0.513776 0
    outer loop
      vertex 13.7921 -9.13889 0.349999
      vertex 13.7795 -9.11785 1.2
      vertex 13.7795 -9.11785 0.349999
    endloop
  endfacet
  facet normal -0.857924 -0.513776 0
    outer loop
      vertex 13.7795 -9.11785 1.2
      vertex 13.7921 -9.13889 0.349999
      vertex 13.7921 -9.13889 1.2
    endloop
  endfacet
  facet normal -0.998701 -0.0509508 -6.73705e-05
    outer loop
      vertex 13.7512 -9.0245 1.2
      vertex 13.75 -9 0.459999
      vertex 13.7503 -9.00588 0.459711
    endloop
  endfacet
  facet normal -0.998679 -0.0513784 -7.8152e-05
    outer loop
      vertex 13.7512 -9.0245 1.2
      vertex 13.7503 -9.00588 0.459711
      vertex 13.7506 -9.01171 0.458847
    endloop
  endfacet
  facet normal -0.998624 -0.0524429 -9.65663e-05
    outer loop
      vertex 13.7512 -9.0245 1.2
      vertex 13.7506 -9.01171 0.458847
      vertex 13.7509 -9.01742 0.457416
    endloop
  endfacet
  facet normal -0.999348 -0.0360989 5.95547e-05
    outer loop
      vertex 13.7512 -9.0245 1.2
      vertex 13.7509 -9.01742 0.457416
      vertex 13.7511 -9.02296 0.455432
    endloop
  endfacet
  facet normal -0.997898 -0.0647986 -0
    outer loop
      vertex 13.7512 -9.0245 1.2
      vertex 13.7511 -9.02296 0.455432
      vertex 13.7512 -9.0245 0.454702
    endloop
  endfacet
  facet normal -0.998803 -0.0489209 0
    outer loop
      vertex 13.75 -9 0.459999
      vertex 13.7512 -9.0245 1.2
      vertex 13.75 -9 1.2
    endloop
  endfacet
  facet normal -0.146549 -0.989203 0
    outer loop
      vertex 13.9512 -9.2452 0.349999
      vertex 13.9755 -9.2488 1.2
      vertex 13.9512 -9.2452 1.2
    endloop
  endfacet
  facet normal -0.146549 -0.989203 -0
    outer loop
      vertex 13.9755 -9.2488 1.2
      vertex 13.9512 -9.2452 0.349999
      vertex 13.9755 -9.2488 0.349999
    endloop
  endfacet
  facet normal -0.803557 0.595228 0
    outer loop
      vertex 13.7921 -8.86111 0.349999
      vertex 13.8067 -8.8414 1.2
      vertex 13.8067 -8.8414 0.349999
    endloop
  endfacet
  facet normal -0.803557 0.595228 0
    outer loop
      vertex 13.8067 -8.8414 1.2
      vertex 13.7921 -8.86111 0.349999
      vertex 13.7921 -8.86111 1.2
    endloop
  endfacet
  facet normal 0.989177 0.146726 0
    outer loop
      vertex 9.2488 9.0245 1.2
      vertex 9.2452 9.04877 0.349999
      vertex 9.2452 9.04877 1.2
    endloop
  endfacet
  facet normal 0.989177 0.146726 0
    outer loop
      vertex 9.2452 9.04877 0.349999
      vertex 9.2488 9.0245 1.2
      vertex 9.2488 9.0245 0.349999
    endloop
  endfacet
  facet normal -0.0489209 -0.998803 0
    outer loop
      vertex 8.9755 8.7512 0.349999
      vertex 9 8.75 1.2
      vertex 8.9755 8.7512 1.2
    endloop
  endfacet
  facet normal -0.0489209 -0.998803 -0
    outer loop
      vertex 9 8.75 1.2
      vertex 8.9755 8.7512 0.349999
      vertex 9 8.75 0.349999
    endloop
  endfacet
  facet normal 0.741101 0.671394 0
    outer loop
      vertex 9.19325 9.1586 1.2
      vertex 9.17678 9.17678 0.349999
      vertex 9.17678 9.17678 1.2
    endloop
  endfacet
  facet normal 0.741101 0.671394 0
    outer loop
      vertex 9.17678 9.17678 0.349999
      vertex 9.19325 9.1586 1.2
      vertex 9.19325 9.1586 0.349999
    endloop
  endfacet
  facet normal 0.242919 -0.970047 0
    outer loop
      vertex 9.04877 8.7548 1.2
      vertex 9.07257 8.76076 0.459908
      vertex 9.07257 8.76076 1.2
    endloop
  endfacet
  facet normal 0.241343 -0.97044 -5.38725e-05
    outer loop
      vertex 9.04877 8.7548 1.2
      vertex 9.06875 8.75981 0.459715
      vertex 9.07257 8.76076 0.459908
    endloop
  endfacet
  facet normal 0.242537 -0.970142 -1.9631e-05
    outer loop
      vertex 9.04877 8.7548 1.2
      vertex 9.06867 8.75979 0.459711
      vertex 9.06875 8.75981 0.459715
    endloop
  endfacet
  facet normal 0.27459 -0.961561 0.000899862
    outer loop
      vertex 9.04877 8.7548 1.2
      vertex 9.0686 8.75977 0.4597
      vertex 9.06867 8.75979 0.459711
    endloop
  endfacet
  facet normal 0.243353 -0.969938 6.87503e-06
    outer loop
      vertex 9.04877 8.7548 1.2
      vertex 9.06302 8.75837 0.458847
      vertex 9.0686 8.75977 0.4597
    endloop
  endfacet
  facet normal 0.243358 -0.969937 6.98121e-06
    outer loop
      vertex 9.04877 8.7548 1.2
      vertex 9.05748 8.75698 0.457416
      vertex 9.06302 8.75837 0.458847
    endloop
  endfacet
  facet normal 0.241692 -0.970353 -1.37849e-05
    outer loop
      vertex 9.04877 8.7548 1.2
      vertex 9.0521 8.75564 0.455432
      vertex 9.05748 8.75698 0.457416
    endloop
  endfacet
  facet normal 0.274659 -0.961542 0.000143597
    outer loop
      vertex 9.04877 8.7548 1.2
      vertex 9.05203 8.75562 0.455399
      vertex 9.0521 8.75564 0.455432
    endloop
  endfacet
  facet normal 0.243935 -0.969792 0
    outer loop
      vertex 9.05203 8.75562 0.455399
      vertex 9.04877 8.7548 1.2
      vertex 9.04877 8.7548 0.453811
    endloop
  endfacet
  facet normal 0.803167 -0.595754 0
    outer loop
      vertex 9.19325 8.8414 1.2
      vertex 9.20787 8.86111 0.349999
      vertex 9.20787 8.86111 1.2
    endloop
  endfacet
  facet normal 0.803167 -0.595754 0
    outer loop
      vertex 9.20787 8.86111 0.349999
      vertex 9.19325 8.8414 1.2
      vertex 9.19325 8.8414 0.349999
    endloop
  endfacet
  facet normal 0.595754 -0.803167 0
    outer loop
      vertex 9.13889 8.79213 0.349999
      vertex 9.1586 8.80675 1.2
      vertex 9.13889 8.79213 1.2
    endloop
  endfacet
  facet normal 0.595754 -0.803167 0
    outer loop
      vertex 9.1586 8.80675 1.2
      vertex 9.13889 8.79213 0.349999
      vertex 9.1586 8.80675 0.349999
    endloop
  endfacet
  facet normal -0.803167 0.595754 0
    outer loop
      vertex 8.79213 9.13889 0.349999
      vertex 8.80675 9.1586 1.2
      vertex 8.80675 9.1586 0.349999
    endloop
  endfacet
  facet normal -0.803167 0.595754 0
    outer loop
      vertex 8.80675 9.1586 1.2
      vertex 8.79213 9.13889 0.349999
      vertex 8.79213 9.13889 1.2
    endloop
  endfacet
  facet normal 0.941613 0.336698 0
    outer loop
      vertex 9.23923 9.07257 1.2
      vertex 9.23097 9.09567 0.349999
      vertex 9.23097 9.09567 1.2
    endloop
  endfacet
  facet normal 0.941613 0.336698 0
    outer loop
      vertex 9.23097 9.09567 0.349999
      vertex 9.23923 9.07257 1.2
      vertex 9.23923 9.07257 0.349999
    endloop
  endfacet
  facet normal -0.941483 -0.337059 0
    outer loop
      vertex 8.76903 8.90433 0.349999
      vertex 8.76076 8.92743 1.2
      vertex 8.76076 8.92743 0.349999
    endloop
  endfacet
  facet normal -0.941483 -0.337059 0
    outer loop
      vertex 8.76076 8.92743 1.2
      vertex 8.76903 8.90433 0.349999
      vertex 8.76903 8.90433 1.2
    endloop
  endfacet
  facet normal 0.336698 0.941613 -0
    outer loop
      vertex 9.09567 9.23097 0.349999
      vertex 9.07257 9.23923 1.2
      vertex 9.09567 9.23097 1.2
    endloop
  endfacet
  facet normal 0.336698 0.941613 0
    outer loop
      vertex 9.07257 9.23923 1.2
      vertex 9.09567 9.23097 0.349999
      vertex 9.07257 9.23923 0.349999
    endloop
  endfacet
  facet normal 0.671394 -0.741101 0
    outer loop
      vertex 9.1586 8.80675 0.349999
      vertex 9.17678 8.82322 1.2
      vertex 9.1586 8.80675 1.2
    endloop
  endfacet
  facet normal 0.671394 -0.741101 0
    outer loop
      vertex 9.17678 8.82322 1.2
      vertex 9.1586 8.80675 0.349999
      vertex 9.17678 8.82322 0.349999
    endloop
  endfacet
  facet normal 0.989177 -0.146726 0
    outer loop
      vertex 9.2452 8.95123 1.2
      vertex 9.2488 8.9755 0.349999
      vertex 9.2488 8.9755 1.2
    endloop
  endfacet
  facet normal 0.989177 -0.146726 0
    outer loop
      vertex 9.2488 8.9755 0.349999
      vertex 9.2452 8.95123 1.2
      vertex 9.2452 8.95123 0.349999
    endloop
  endfacet
  facet normal -0.741101 -0.671394 0
    outer loop
      vertex 8.82322 8.82322 0.349999
      vertex 8.80675 8.8414 1.2
      vertex 8.80675 8.8414 0.349999
    endloop
  endfacet
  facet normal -0.741101 -0.671394 0
    outer loop
      vertex 8.80675 8.8414 1.2
      vertex 8.82322 8.82322 0.349999
      vertex 8.82322 8.82322 1.2
    endloop
  endfacet
  facet normal 0.903995 -0.427543 0
    outer loop
      vertex 9.22048 8.88215 1.2
      vertex 9.23097 8.90433 0.349999
      vertex 9.23097 8.90433 1.2
    endloop
  endfacet
  facet normal 0.903995 -0.427543 0
    outer loop
      vertex 9.23097 8.90433 0.349999
      vertex 9.22048 8.88215 1.2
      vertex 9.22048 8.88215 0.349999
    endloop
  endfacet
  facet normal -0.0489209 0.998803 0
    outer loop
      vertex 9 9.25 0.349999
      vertex 8.9755 9.2488 1.2
      vertex 9 9.25 1.2
    endloop
  endfacet
  facet normal -0.0489209 0.998803 0
    outer loop
      vertex 8.9755 9.2488 1.2
      vertex 9 9.25 0.349999
      vertex 8.9755 9.2488 0.349999
    endloop
  endfacet
  facet normal -0.857745 -0.514076 0
    outer loop
      vertex 8.79213 8.86111 0.349999
      vertex 8.77952 8.88215 1.2
      vertex 8.77952 8.88215 0.349999
    endloop
  endfacet
  facet normal -0.857745 -0.514076 0
    outer loop
      vertex 8.77952 8.88215 1.2
      vertex 8.79213 8.86111 0.349999
      vertex 8.79213 8.86111 1.2
    endloop
  endfacet
  facet normal 0.998803 0.0489209 0
    outer loop
      vertex 9.25 9 1.2
      vertex 9.2488 9.0245 0.349999
      vertex 9.2488 9.0245 1.2
    endloop
  endfacet
  facet normal 0.998803 0.0489209 0
    outer loop
      vertex 9.2488 9.0245 0.349999
      vertex 9.25 9 1.2
      vertex 9.25 9 0.349999
    endloop
  endfacet
  facet normal 0.96995 0.243303 0
    outer loop
      vertex 9.2452 9.04877 1.2
      vertex 9.23923 9.07257 0.349999
      vertex 9.23923 9.07257 1.2
    endloop
  endfacet
  facet normal 0.96995 0.243303 0
    outer loop
      vertex 9.23923 9.07257 0.349999
      vertex 9.2452 9.04877 1.2
      vertex 9.2452 9.04877 0.349999
    endloop
  endfacet
  facet normal -0.146726 0.989177 0
    outer loop
      vertex 8.9755 9.2488 0.349999
      vertex 8.95123 9.2452 1.2
      vertex 8.9755 9.2488 1.2
    endloop
  endfacet
  facet normal -0.146726 0.989177 0
    outer loop
      vertex 8.95123 9.2452 1.2
      vertex 8.9755 9.2488 0.349999
      vertex 8.95123 9.2452 0.349999
    endloop
  endfacet
  facet normal -0.243303 0.96995 0
    outer loop
      vertex 8.95123 9.2452 0.349999
      vertex 8.92743 9.23923 1.2
      vertex 8.95123 9.2452 1.2
    endloop
  endfacet
  facet normal -0.243303 0.96995 0
    outer loop
      vertex 8.92743 9.23923 1.2
      vertex 8.95123 9.2452 0.349999
      vertex 8.92743 9.23923 0.349999
    endloop
  endfacet
  facet normal 0.0489209 -0.998803 0
    outer loop
      vertex 9 8.75 1.2
      vertex 9.0245 8.7512 0.431918
      vertex 9.0245 8.7512 1.2
    endloop
  endfacet
  facet normal 0.0457779 -0.998952 -0.000100487
    outer loop
      vertex 9 8.75 1.2
      vertex 9.02231 8.7511 0.42835
      vertex 9.0245 8.7512 0.431918
    endloop
  endfacet
  facet normal 0.234162 -0.972183 0.00538424
    outer loop
      vertex 9 8.75 1.2
      vertex 9.02227 8.75109 0.428284
      vertex 9.02231 8.7511 0.42835
    endloop
  endfacet
  facet normal 0.00308775 -0.999994 -0.00132332
    outer loop
      vertex 9 8.75 1.2
      vertex 9.02224 8.75109 0.428214
      vertex 9.02227 8.75109 0.428284
    endloop
  endfacet
  facet normal 0.0472905 -0.998881 -4.7992e-05
    outer loop
      vertex 9 8.75 1.2
      vertex 9.0197 8.75097 0.42296
      vertex 9.02224 8.75109 0.428214
    endloop
  endfacet
  facet normal 0.0489749 -0.9988 -5.18747e-06
    outer loop
      vertex 9 8.75 1.2
      vertex 9.01766 8.75087 0.417417
      vertex 9.0197 8.75097 0.42296
    endloop
  endfacet
  facet normal 0.0479968 -0.998847 -2.73119e-05
    outer loop
      vertex 9 8.75 1.2
      vertex 9.0162 8.7508 0.411705
      vertex 9.01766 8.75087 0.417417
    endloop
  endfacet
  facet normal 0.0493226 -0.998783 0
    outer loop
      vertex 9 8.75 0.349999
      vertex 9.0162 8.7508 0.411705
      vertex 9 8.75 1.2
    endloop
  endfacet
  facet normal 0.0392704 -0.999225 0.0026448
    outer loop
      vertex 9.0162 8.7508 0.411705
      vertex 9 8.75 0.349999
      vertex 9.01532 8.75075 0.405881
    endloop
  endfacet
  facet normal 0.0524547 -0.998623 -0.000977756
    outer loop
      vertex 9.01532 8.75075 0.405881
      vertex 9 8.75 0.349999
      vertex 9.01502 8.75074 0.4
    endloop
  endfacet
  facet normal 0.0469032 -0.998899 0.000693976
    outer loop
      vertex 9 8.75 0.349999
      vertex 9.01532 8.75075 0.394118
      vertex 9.01502 8.75074 0.4
    endloop
  endfacet
  facet normal 0.051272 -0.998684 -0.000826723
    outer loop
      vertex 9 8.75 0.349999
      vertex 9.0162 8.7508 0.388294
      vertex 9.01532 8.75075 0.394118
    endloop
  endfacet
  facet normal 0.0487831 -0.998809 0.000228793
    outer loop
      vertex 9 8.75 0.349999
      vertex 9.01766 8.75087 0.382583
      vertex 9.0162 8.7508 0.388294
    endloop
  endfacet
  facet normal 0.0491058 -0.998794 5.34704e-05
    outer loop
      vertex 9 8.75 0.349999
      vertex 9.0197 8.75097 0.377039
      vertex 9.01766 8.75087 0.382583
    endloop
  endfacet
  facet normal 0.0483863 -0.998829 0.000578929
    outer loop
      vertex 9 8.75 0.349999
      vertex 9.02224 8.75109 0.371785
      vertex 9.0197 8.75097 0.377039
    endloop
  endfacet
  facet normal 0.0343475 -0.999298 0.0149337
    outer loop
      vertex 9 8.75 0.349999
      vertex 9.02227 8.75109 0.371716
      vertex 9.02224 8.75109 0.371785
    endloop
  endfacet
  facet normal 0.122344 -0.98959 -0.0757903
    outer loop
      vertex 9 8.75 0.349999
      vertex 9.02231 8.7511 0.37165
      vertex 9.02227 8.75109 0.371716
    endloop
  endfacet
  facet normal 0.0478904 -0.998852 0.00139952
    outer loop
      vertex 9 8.75 0.349999
      vertex 9.0245 8.7512 0.368081
      vertex 9.02231 8.7511 0.37165
    endloop
  endfacet
  facet normal 0.0489209 -0.998803 0
    outer loop
      vertex 9.0245 8.7512 0.368081
      vertex 9 8.75 0.349999
      vertex 9.0245 8.7512 0.349999
    endloop
  endfacet
  facet normal -0.337059 -0.941483 0
    outer loop
      vertex 8.90433 8.76903 0.349999
      vertex 8.92743 8.76076 1.2
      vertex 8.90433 8.76903 1.2
    endloop
  endfacet
  facet normal -0.337059 -0.941483 -0
    outer loop
      vertex 8.92743 8.76076 1.2
      vertex 8.90433 8.76903 0.349999
      vertex 8.92743 8.76076 0.349999
    endloop
  endfacet
  facet normal 0.671394 0.741101 -0
    outer loop
      vertex 9.17678 9.17678 0.349999
      vertex 9.1586 9.19325 1.2
      vertex 9.17678 9.17678 1.2
    endloop
  endfacet
  facet normal 0.671394 0.741101 0
    outer loop
      vertex 9.1586 9.19325 1.2
      vertex 9.17678 9.17678 0.349999
      vertex 9.1586 9.19325 0.349999
    endloop
  endfacet
  facet normal 0.514076 0.857745 -0
    outer loop
      vertex 9.13889 9.20787 0.349999
      vertex 9.11785 9.22048 1.2
      vertex 9.13889 9.20787 1.2
    endloop
  endfacet
  facet normal 0.514076 0.857745 0
    outer loop
      vertex 9.11785 9.22048 1.2
      vertex 9.13889 9.20787 0.349999
      vertex 9.11785 9.22048 0.349999
    endloop
  endfacet
  facet normal 0.903995 0.427543 0
    outer loop
      vertex 9.23097 9.09567 1.2
      vertex 9.22048 9.11785 0.349999
      vertex 9.22048 9.11785 1.2
    endloop
  endfacet
  facet normal 0.903995 0.427543 0
    outer loop
      vertex 9.22048 9.11785 0.349999
      vertex 9.23097 9.09567 1.2
      vertex 9.23097 9.09567 0.349999
    endloop
  endfacet
  facet normal -0.336698 0.941613 0
    outer loop
      vertex 8.92743 9.23923 0.349999
      vertex 8.90433 9.23097 1.2
      vertex 8.92743 9.23923 1.2
    endloop
  endfacet
  facet normal -0.336698 0.941613 0
    outer loop
      vertex 8.90433 9.23097 1.2
      vertex 8.92743 9.23923 0.349999
      vertex 8.90433 9.23097 0.349999
    endloop
  endfacet
  facet normal -0.671394 -0.741101 0
    outer loop
      vertex 8.82322 8.82322 0.349999
      vertex 8.8414 8.80675 1.2
      vertex 8.82322 8.82322 1.2
    endloop
  endfacet
  facet normal -0.671394 -0.741101 -0
    outer loop
      vertex 8.8414 8.80675 1.2
      vertex 8.82322 8.82322 0.349999
      vertex 8.8414 8.80675 0.349999
    endloop
  endfacet
  facet normal -0.998969 0.0454077 0
    outer loop
      vertex 8.75113 9.02296 0.455432
      vertex 8.7512 9.0245 1.2
      vertex 8.7512 9.0245 0.454702
    endloop
  endfacet
  facet normal -0.998815 0.0486763 -6.77497e-06
    outer loop
      vertex 8.75086 9.01742 0.457416
      vertex 8.7512 9.0245 1.2
      vertex 8.75113 9.02296 0.455432
    endloop
  endfacet
  facet normal -0.9988 0.0489755 -9.63483e-06
    outer loop
      vertex 8.75058 9.01171 0.458847
      vertex 8.7512 9.0245 1.2
      vertex 8.75086 9.01742 0.457416
    endloop
  endfacet
  facet normal -0.998765 0.0496781 -2.17876e-05
    outer loop
      vertex 8.75029 9.00588 0.459711
      vertex 8.7512 9.0245 1.2
      vertex 8.75058 9.01171 0.458847
    endloop
  endfacet
  facet normal -0.998786 0.0492593 -1.12294e-05
    outer loop
      vertex 8.75 9 0.459999
      vertex 8.7512 9.0245 1.2
      vertex 8.75029 9.00588 0.459711
    endloop
  endfacet
  facet normal -0.998803 0.0489209 0
    outer loop
      vertex 8.7512 9.0245 1.2
      vertex 8.75 9 0.459999
      vertex 8.75 9 1.2
    endloop
  endfacet
  facet normal -0.741101 0.671394 0
    outer loop
      vertex 8.80675 9.1586 0.349999
      vertex 8.82322 9.17678 1.2
      vertex 8.82322 9.17678 0.349999
    endloop
  endfacet
  facet normal -0.741101 0.671394 0
    outer loop
      vertex 8.82322 9.17678 1.2
      vertex 8.80675 9.1586 0.349999
      vertex 8.80675 9.1586 1.2
    endloop
  endfacet
  facet normal 0.0489209 0.998803 -0
    outer loop
      vertex 9.0245 9.2488 0.349999
      vertex 9 9.25 1.2
      vertex 9.0245 9.2488 1.2
    endloop
  endfacet
  facet normal 0.0489209 0.998803 0
    outer loop
      vertex 9 9.25 1.2
      vertex 9.0245 9.2488 0.349999
      vertex 9 9.25 0.349999
    endloop
  endfacet
  facet normal 0.998803 -0.0489209 0
    outer loop
      vertex 9.2488 8.9755 1.2
      vertex 9.25 9 0.349999
      vertex 9.25 9 1.2
    endloop
  endfacet
  facet normal 0.998803 -0.0489209 0
    outer loop
      vertex 9.25 9 0.349999
      vertex 9.2488 8.9755 1.2
      vertex 9.2488 8.9755 0.349999
    endloop
  endfacet
  facet normal 0.337059 -0.941483 1.21169e-07
    outer loop
      vertex 9.07257 8.76076 1.2
      vertex 9.07433 8.76139 0.459999
      vertex 9.09567 8.76903 1.2
    endloop
  endfacet
  facet normal 0.337014 -0.9415 0
    outer loop
      vertex 9.07433 8.76139 0.459999
      vertex 9.07257 8.76076 1.2
      vertex 9.07257 8.76076 0.459908
    endloop
  endfacet
  facet normal 0.337517 -0.941319 -1.47841e-05
    outer loop
      vertex 9.07988 8.76338 0.459711
      vertex 9.09567 8.76903 1.2
      vertex 9.07433 8.76139 0.459999
    endloop
  endfacet
  facet normal 0.393735 -0.919223 -0.00138253
    outer loop
      vertex 9.07995 8.76341 0.4597
      vertex 9.09567 8.76903 1.2
      vertex 9.07988 8.76338 0.459711
    endloop
  endfacet
  facet normal 0.336447 -0.941702 4.62301e-06
    outer loop
      vertex 9.08538 8.76535 0.458847
      vertex 9.09567 8.76903 1.2
      vertex 9.07995 8.76341 0.4597
    endloop
  endfacet
  facet normal 0.336338 -0.941741 6.32989e-06
    outer loop
      vertex 9.0907 8.76725 0.457435
      vertex 9.09567 8.76903 1.2
      vertex 9.08538 8.76535 0.458847
    endloop
  endfacet
  facet normal 0.39382 -0.919187 -0.000432463
    outer loop
      vertex 9.09077 8.76728 0.457416
      vertex 9.09567 8.76903 1.2
      vertex 9.0907 8.76725 0.457435
    endloop
  endfacet
  facet normal 0.274882 -0.961478 0.00045202
    outer loop
      vertex 9.09084 8.7673 0.457389
      vertex 9.09567 8.76903 1.2
      vertex 9.09077 8.76728 0.457416
    endloop
  endfacet
  facet normal 0.337201 -0.941433 0
    outer loop
      vertex 9.09567 8.76903 1.2
      vertex 9.09084 8.7673 0.457389
      vertex 9.09567 8.76903 0.455559
    endloop
  endfacet
  facet normal -0.803167 -0.595754 0
    outer loop
      vertex 8.80675 8.8414 0.349999
      vertex 8.79213 8.86111 1.2
      vertex 8.79213 8.86111 0.349999
    endloop
  endfacet
  facet normal -0.803167 -0.595754 0
    outer loop
      vertex 8.79213 8.86111 1.2
      vertex 8.80675 8.8414 0.349999
      vertex 8.80675 8.8414 1.2
    endloop
  endfacet
  facet normal 0.427543 0.903995 -0
    outer loop
      vertex 9.11785 9.22048 0.349999
      vertex 9.09567 9.23097 1.2
      vertex 9.11785 9.22048 1.2
    endloop
  endfacet
  facet normal 0.427543 0.903995 0
    outer loop
      vertex 9.09567 9.23097 1.2
      vertex 9.11785 9.22048 0.349999
      vertex 9.09567 9.23097 0.349999
    endloop
  endfacet
  facet normal 0.595754 0.803167 -0
    outer loop
      vertex 9.1586 9.19325 0.349999
      vertex 9.13889 9.20787 1.2
      vertex 9.1586 9.19325 1.2
    endloop
  endfacet
  facet normal 0.595754 0.803167 0
    outer loop
      vertex 9.13889 9.20787 1.2
      vertex 9.1586 9.19325 0.349999
      vertex 9.13889 9.20787 0.349999
    endloop
  endfacet
  facet normal 0.857745 -0.514076 0
    outer loop
      vertex 9.20787 8.86111 1.2
      vertex 9.22048 8.88215 0.349999
      vertex 9.22048 8.88215 1.2
    endloop
  endfacet
  facet normal 0.857745 -0.514076 0
    outer loop
      vertex 9.22048 8.88215 0.349999
      vertex 9.20787 8.86111 1.2
      vertex 9.20787 8.86111 0.349999
    endloop
  endfacet
  facet normal -0.595754 0.803167 0
    outer loop
      vertex 8.86111 9.20787 0.349999
      vertex 8.8414 9.19325 1.2
      vertex 8.86111 9.20787 1.2
    endloop
  endfacet
  facet normal -0.595754 0.803167 0
    outer loop
      vertex 8.8414 9.19325 1.2
      vertex 8.86111 9.20787 0.349999
      vertex 8.8414 9.19325 0.349999
    endloop
  endfacet
  facet normal -0.998786 -0.0492593 -1.12294e-05
    outer loop
      vertex 8.7512 8.9755 1.2
      vertex 8.75 9 0.459999
      vertex 8.75029 8.99412 0.459711
    endloop
  endfacet
  facet normal -0.998765 -0.0496781 -2.17876e-05
    outer loop
      vertex 8.7512 8.9755 1.2
      vertex 8.75029 8.99412 0.459711
      vertex 8.75058 8.98829 0.458847
    endloop
  endfacet
  facet normal -0.9988 -0.0489755 -9.63483e-06
    outer loop
      vertex 8.7512 8.9755 1.2
      vertex 8.75058 8.98829 0.458847
      vertex 8.75086 8.98258 0.457416
    endloop
  endfacet
  facet normal -0.998815 -0.0486763 -6.77497e-06
    outer loop
      vertex 8.7512 8.9755 1.2
      vertex 8.75086 8.98258 0.457416
      vertex 8.75113 8.97704 0.455432
    endloop
  endfacet
  facet normal -0.998969 -0.0454077 -0
    outer loop
      vertex 8.7512 8.9755 1.2
      vertex 8.75113 8.97704 0.455432
      vertex 8.7512 8.9755 0.454702
    endloop
  endfacet
  facet normal -0.998803 -0.0489209 0
    outer loop
      vertex 8.75 9 0.459999
      vertex 8.7512 8.9755 1.2
      vertex 8.75 9 1.2
    endloop
  endfacet
  facet normal -0.989203 -0.146551 5.80949e-06
    outer loop
      vertex 8.7548 8.95123 1.2
      vertex 8.7512 8.9755 0.454702
      vertex 8.75176 8.97172 0.452915
    endloop
  endfacet
  facet normal -0.989151 -0.146901 -3.99806e-06
    outer loop
      vertex 8.7548 8.95123 1.2
      vertex 8.75176 8.97172 0.452915
      vertex 8.75251 8.96667 0.449887
    endloop
  endfacet
  facet normal -0.989225 -0.146402 6.50848e-06
    outer loop
      vertex 8.7548 8.95123 1.2
      vertex 8.75251 8.96667 0.449887
      vertex 8.75321 8.96194 0.446381
    endloop
  endfacet
  facet normal -0.989119 -0.147119 -3.91416e-06
    outer loop
      vertex 8.7548 8.95123 1.2
      vertex 8.75321 8.96194 0.446381
      vertex 8.75386 8.95757 0.442426
    endloop
  endfacet
  facet normal -0.989029 -0.147718 -9.03858e-06
    outer loop
      vertex 8.7548 8.95123 1.2
      vertex 8.75386 8.95757 0.442426
      vertex 8.75445 8.95362 0.438063
    endloop
  endfacet
  facet normal -0.989447 -0.144898 -0
    outer loop
      vertex 8.7548 8.95123 1.2
      vertex 8.75445 8.95362 0.438063
      vertex 8.7548 8.95123 0.434838
    endloop
  endfacet
  facet normal -0.989177 -0.146726 0
    outer loop
      vertex 8.7512 8.9755 0.454702
      vertex 8.7548 8.95123 1.2
      vertex 8.7512 8.9755 1.2
    endloop
  endfacet
  facet normal -0.987554 -0.146047 -0.058369
    outer loop
      vertex 8.7548 8.95123 0.349999
      vertex 8.75251 8.96667 0.350111
      vertex 8.75249 8.96685 0.349999
    endloop
  endfacet
  facet normal -0.98918 -0.146708 -0.000428637
    outer loop
      vertex 8.7548 8.95123 0.349999
      vertex 8.75321 8.96194 0.353619
      vertex 8.75251 8.96667 0.350111
    endloop
  endfacet
  facet normal -0.989148 -0.146924 0.00022443
    outer loop
      vertex 8.7548 8.95123 0.349999
      vertex 8.75386 8.95757 0.357574
      vertex 8.75321 8.96194 0.353619
    endloop
  endfacet
  facet normal -0.989104 -0.147216 0.000474141
    outer loop
      vertex 8.7548 8.95123 0.349999
      vertex 8.75445 8.95362 0.361936
      vertex 8.75386 8.95757 0.357574
    endloop
  endfacet
  facet normal -0.989447 -0.144898 0
    outer loop
      vertex 8.75445 8.95362 0.361936
      vertex 8.7548 8.95123 0.349999
      vertex 8.7548 8.95123 0.36516
    endloop
  endfacet
  facet normal 0.147023 -0.989133 0.000333016
    outer loop
      vertex 9.0245 8.7512 0.349999
      vertex 9.04179 8.75377 0.350157
      vertex 9.03714 8.75308 0.353619
    endloop
  endfacet
  facet normal 0.151183 -0.988506 0
    outer loop
      vertex 9.0245 8.7512 0.349999
      vertex 9.02535 8.75133 0.366665
      vertex 9.0245 8.7512 0.368081
    endloop
  endfacet
  facet normal 0.147231 -0.989102 0.000206226
    outer loop
      vertex 9.0245 8.7512 0.349999
      vertex 9.02885 8.75185 0.361936
      vertex 9.02535 8.75133 0.366665
    endloop
  endfacet
  facet normal 0.146256 -0.989247 0.00056951
    outer loop
      vertex 9.0245 8.7512 0.349999
      vertex 9.03279 8.75243 0.357574
      vertex 9.02885 8.75185 0.361936
    endloop
  endfacet
  facet normal 0.147276 -0.989095 -0.000571747
    outer loop
      vertex 9.0245 8.7512 0.349999
      vertex 9.03714 8.75308 0.353619
      vertex 9.03279 8.75243 0.357574
    endloop
  endfacet
  facet normal 0.147192 -0.988841 -0.0229757
    outer loop
      vertex 9.04179 8.75377 0.350157
      vertex 9.0245 8.7512 0.349999
      vertex 9.04185 8.75378 0.350111
    endloop
  endfacet
  facet normal 0.147201 -0.988755 -0.0263867
    outer loop
      vertex 9.0245 8.7512 0.349999
      vertex 9.04191 8.75379 0.350071
      vertex 9.04185 8.75378 0.350111
    endloop
  endfacet
  facet normal 0.145877 -0.983551 0.106525
    outer loop
      vertex 9.04191 8.75379 0.350071
      vertex 9.0245 8.7512 0.349999
      vertex 9.04203 8.7538 0.349999
    endloop
  endfacet
  facet normal 0.146726 -0.989177 0
    outer loop
      vertex 9.0245 8.7512 1.2
      vertex 9.04877 8.7548 0.453811
      vertex 9.04877 8.7548 1.2
    endloop
  endfacet
  facet normal 0.146551 -0.989203 -5.80241e-06
    outer loop
      vertex 9.0245 8.7512 1.2
      vertex 9.04688 8.75452 0.452915
      vertex 9.04877 8.7548 0.453811
    endloop
  endfacet
  facet normal 0.145347 -0.989381 -4.26651e-05
    outer loop
      vertex 9.0245 8.7512 1.2
      vertex 9.04191 8.75379 0.449927
      vertex 9.04688 8.75452 0.452915
    endloop
  endfacet
  facet normal 0.164137 -0.986437 0.000403634
    outer loop
      vertex 9.0245 8.7512 1.2
      vertex 9.04185 8.75378 0.449887
      vertex 9.04191 8.75379 0.449927
    endloop
  endfacet
  facet normal 0.164099 -0.986444 0.000402719
    outer loop
      vertex 9.0245 8.7512 1.2
      vertex 9.04179 8.75377 0.449841
      vertex 9.04185 8.75378 0.449887
    endloop
  endfacet
  facet normal 0.146784 -0.989169 -5.68734e-06
    outer loop
      vertex 9.0245 8.7512 1.2
      vertex 9.03714 8.75308 0.446381
      vertex 9.04179 8.75377 0.449841
    endloop
  endfacet
  facet normal 0.147774 -0.989021 1.12921e-05
    outer loop
      vertex 9.0245 8.7512 1.2
      vertex 9.03279 8.75243 0.442426
      vertex 9.03714 8.75308 0.446381
    endloop
  endfacet
  facet normal 0.145652 -0.989336 -1.24444e-05
    outer loop
      vertex 9.0245 8.7512 1.2
      vertex 9.02885 8.75185 0.438063
      vertex 9.03279 8.75243 0.442426
    endloop
  endfacet
  facet normal 0.146965 -0.989142 -4.78494e-06
    outer loop
      vertex 9.0245 8.7512 1.2
      vertex 9.02535 8.75133 0.433333
      vertex 9.02885 8.75185 0.438063
    endloop
  endfacet
  facet normal 0.151183 -0.988506 0
    outer loop
      vertex 9.02535 8.75133 0.433333
      vertex 9.0245 8.7512 1.2
      vertex 9.0245 8.7512 0.431918
    endloop
  endfacet
  facet normal -0.427543 -0.903995 0
    outer loop
      vertex 8.88215 8.77952 0.349999
      vertex 8.90433 8.76903 1.2
      vertex 8.88215 8.77952 1.2
    endloop
  endfacet
  facet normal -0.427543 -0.903995 -0
    outer loop
      vertex 8.90433 8.76903 1.2
      vertex 8.88215 8.77952 0.349999
      vertex 8.90433 8.76903 0.349999
    endloop
  endfacet
  facet normal 0 0 -1
    outer loop
      vertex 9.03993 9.00947 0.349999
      vertex 9.25 9 0.349999
      vertex 9.2488 8.9755 0.349999
    endloop
  endfacet
  facet normal 0 0 -1
    outer loop
      vertex 9.03993 9.00947 0.349999
      vertex 9.2488 8.9755 0.349999
      vertex 9.2452 8.95123 0.349999
    endloop
  endfacet
  facet normal 0 0 -1
    outer loop
      vertex 9.25 9 0.349999
      vertex 9.03993 9.00947 0.349999
      vertex 9.2488 9.0245 0.349999
    endloop
  endfacet
  facet normal 0 0 -1
    outer loop
      vertex 9.03993 9.00947 0.349999
      vertex 9.2452 8.95123 0.349999
      vertex 9.23923 8.92743 0.349999
    endloop
  endfacet
  facet normal -0 0 -1
    outer loop
      vertex 9.2488 9.0245 0.349999
      vertex 9.03993 9.00947 0.349999
      vertex 9.2452 9.04877 0.349999
    endloop
  endfacet
  facet normal 0 0 -1
    outer loop
      vertex 9.03993 9.00947 0.349999
      vertex 9.23923 8.92743 0.349999
      vertex 9.23097 8.90433 0.349999
    endloop
  endfacet
  facet normal -0 0 -1
    outer loop
      vertex 9.2452 9.04877 0.349999
      vertex 9.03993 9.00947 0.349999
      vertex 9.23923 9.07257 0.349999
    endloop
  endfacet
  facet normal 0 0 -1
    outer loop
      vertex 9.03993 9.00947 0.349999
      vertex 9.23097 8.90433 0.349999
      vertex 9.22048 8.88215 0.349999
    endloop
  endfacet
  facet normal -0 0 -1
    outer loop
      vertex 9.23923 9.07257 0.349999
      vertex 9.03993 9.00947 0.349999
      vertex 9.23097 9.09567 0.349999
    endloop
  endfacet
  facet normal 0 0 -1
    outer loop
      vertex 9.03993 9.00947 0.349999
      vertex 9.22048 8.88215 0.349999
      vertex 9.20787 8.86111 0.349999
    endloop
  endfacet
  facet normal -0 0 -1
    outer loop
      vertex 9.23097 9.09567 0.349999
      vertex 9.03993 9.00947 0.349999
      vertex 9.22048 9.11785 0.349999
    endloop
  endfacet
  facet normal 0 0 -1
    outer loop
      vertex 9.03993 9.00947 0.349999
      vertex 9.20787 8.86111 0.349999
      vertex 9.19325 8.8414 0.349999
    endloop
  endfacet
  facet normal -0 0 -1
    outer loop
      vertex 9.22048 9.11785 0.349999
      vertex 9.03993 9.00947 0.349999
      vertex 9.20787 9.13889 0.349999
    endloop
  endfacet
  facet normal 0 0 -1
    outer loop
      vertex 9.03993 9.00947 0.349999
      vertex 9.19325 8.8414 0.349999
      vertex 9.17678 8.82322 0.349999
    endloop
  endfacet
  facet normal -0 0 -1
    outer loop
      vertex 9.20787 9.13889 0.349999
      vertex 9.03993 9.00947 0.349999
      vertex 9.19325 9.1586 0.349999
    endloop
  endfacet
  facet normal 0 0 -1
    outer loop
      vertex 9.03993 9.00947 0.349999
      vertex 9.17678 8.82322 0.349999
      vertex 9.1586 8.80675 0.349999
    endloop
  endfacet
  facet normal -0 0 -1
    outer loop
      vertex 9.19325 9.1586 0.349999
      vertex 9.03993 9.00947 0.349999
      vertex 9.17678 9.17678 0.349999
    endloop
  endfacet
  facet normal 0 0 -1
    outer loop
      vertex 9.03993 9.00947 0.349999
      vertex 9.1586 8.80675 0.349999
      vertex 9.13889 8.79213 0.349999
    endloop
  endfacet
  facet normal -0 0 -1
    outer loop
      vertex 9.17678 9.17678 0.349999
      vertex 9.03993 9.00947 0.349999
      vertex 9.1586 9.19325 0.349999
    endloop
  endfacet
  facet normal 0 0 -1
    outer loop
      vertex 9.03993 9.00947 0.349999
      vertex 9.13889 8.79213 0.349999
      vertex 9.11785 8.77952 0.349999
    endloop
  endfacet
  facet normal -0 0 -1
    outer loop
      vertex 9.1586 9.19325 0.349999
      vertex 9.03993 9.00947 0.349999
      vertex 9.13889 9.20787 0.349999
    endloop
  endfacet
  facet normal 0 0 -1
    outer loop
      vertex 9.03993 9.00947 0.349999
      vertex 9.11785 8.77952 0.349999
      vertex 9.10534 8.7736 0.349999
    endloop
  endfacet
  facet normal 0 0 -1
    outer loop
      vertex 9 9.03315 0.349999
      vertex 9.13889 9.20787 0.349999
      vertex 9.03993 9.00947 0.349999
    endloop
  endfacet
  facet normal -0 0 -1
    outer loop
      vertex 9.13889 9.20787 0.349999
      vertex 9 9.03315 0.349999
      vertex 9.11785 9.22048 0.349999
    endloop
  endfacet
  facet normal -0 0 -1
    outer loop
      vertex 9.11785 9.22048 0.349999
      vertex 9 9.03315 0.349999
      vertex 9.09567 9.23097 0.349999
    endloop
  endfacet
  facet normal -0 0 -1
    outer loop
      vertex 9.09567 9.23097 0.349999
      vertex 9 9.03315 0.349999
      vertex 9.07257 9.23923 0.349999
    endloop
  endfacet
  facet normal 0 0 -1
    outer loop
      vertex 9 9.03315 0.349999
      vertex 9.03993 9.00947 0.349999
      vertex 9.03945 9.00934 0.349999
    endloop
  endfacet
  facet normal 0 0 -1
    outer loop
      vertex 9 9.03315 0.349999
      vertex 9.03945 9.00934 0.349999
      vertex 9.03814 9.00898 0.349999
    endloop
  endfacet
  facet normal 0 0 -1
    outer loop
      vertex 9 9.03315 0.349999
      vertex 9.03814 9.00898 0.349999
      vertex 9.02713 9.00593 0.349999
    endloop
  endfacet
  facet normal -0 0 -1
    outer loop
      vertex 9.07257 9.23923 0.349999
      vertex 9 9.03315 0.349999
      vertex 9.04877 9.2452 0.349999
    endloop
  endfacet
  facet normal 0 0 -1
    outer loop
      vertex 9 9.03315 0.349999
      vertex 9.02713 9.00593 0.349999
      vertex 9 8.9984 0.349999
    endloop
  endfacet
  facet normal -0 0 -1
    outer loop
      vertex 9.04877 9.2452 0.349999
      vertex 9 9.03315 0.349999
      vertex 9.0245 9.2488 0.349999
    endloop
  endfacet
  facet normal 0 0 -1
    outer loop
      vertex 9 9.03315 0.349999
      vertex 9 9.25 0.349999
      vertex 9.0245 9.2488 0.349999
    endloop
  endfacet
  facet normal 0 0 -1
    outer loop
      vertex 9 9.03315 0.349999
      vertex 8.9755 9.2488 0.349999
      vertex 9 9.25 0.349999
    endloop
  endfacet
  facet normal 0 0 -1
    outer loop
      vertex 9 9.03315 0.349999
      vertex 8.95123 9.2452 0.349999
      vertex 8.9755 9.2488 0.349999
    endloop
  endfacet
  facet normal 0 0 -1
    outer loop
      vertex 9 9.03315 0.349999
      vertex 8.92743 9.23923 0.349999
      vertex 8.95123 9.2452 0.349999
    endloop
  endfacet
  facet normal 0 0 -1
    outer loop
      vertex 9 9.03315 0.349999
      vertex 8.90433 9.23097 0.349999
      vertex 8.92743 9.23923 0.349999
    endloop
  endfacet
  facet normal 0 0 -1
    outer loop
      vertex 9 9.03315 0.349999
      vertex 8.88215 9.22048 0.349999
      vertex 8.90433 9.23097 0.349999
    endloop
  endfacet
  facet normal 0 0 -1
    outer loop
      vertex 9 9.03315 0.349999
      vertex 8.86111 9.20787 0.349999
      vertex 8.88215 9.22048 0.349999
    endloop
  endfacet
  facet normal 0 0 -1
    outer loop
      vertex 9 9.03315 0.349999
      vertex 8.8414 9.19325 0.349999
      vertex 8.86111 9.20787 0.349999
    endloop
  endfacet
  facet normal 0 0 -1
    outer loop
      vertex 9 9.03315 0.349999
      vertex 8.82322 9.17678 0.349999
      vertex 8.8414 9.19325 0.349999
    endloop
  endfacet
  facet normal 0 0 -1
    outer loop
      vertex 9 9.03315 0.349999
      vertex 8.80675 9.1586 0.349999
      vertex 8.82322 9.17678 0.349999
    endloop
  endfacet
  facet normal 0 0 -1
    outer loop
      vertex 9 9.03315 0.349999
      vertex 8.79213 9.13889 0.349999
      vertex 8.80675 9.1586 0.349999
    endloop
  endfacet
  facet normal 0 0 -1
    outer loop
      vertex 9 9.03315 0.349999
      vertex 8.77952 9.11785 0.349999
      vertex 8.79213 9.13889 0.349999
    endloop
  endfacet
  facet normal 0 0 -1
    outer loop
      vertex 9 9.03315 0.349999
      vertex 8.76903 9.09567 0.349999
      vertex 8.77952 9.11785 0.349999
    endloop
  endfacet
  facet normal 0 0 -1
    outer loop
      vertex 9 9.03315 0.349999
      vertex 8.76076 9.07257 0.349999
      vertex 8.76903 9.09567 0.349999
    endloop
  endfacet
  facet normal 0 0 -1
    outer loop
      vertex 9 9.03315 0.349999
      vertex 8.7548 9.04877 0.349999
      vertex 8.76076 9.07257 0.349999
    endloop
  endfacet
  facet normal 0 -0 -1
    outer loop
      vertex 8.7548 9.04877 0.349999
      vertex 9 9.03315 0.349999
      vertex 8.75249 9.03315 0.349999
    endloop
  endfacet
  facet normal 0 0 -1
    outer loop
      vertex 8.98295 8.96685 0.349999
      vertex 9.0245 8.7512 0.349999
      vertex 9 8.75 0.349999
    endloop
  endfacet
  facet normal 0 0 -1
    outer loop
      vertex 9.0245 8.7512 0.349999
      vertex 8.98295 8.96685 0.349999
      vertex 9.04203 8.7538 0.349999
    endloop
  endfacet
  facet normal 0 0 -1
    outer loop
      vertex 8.9755 8.7512 0.349999
      vertex 8.98295 8.96685 0.349999
      vertex 9 8.75 0.349999
    endloop
  endfacet
  facet normal 0 0 -1
    outer loop
      vertex 8.95123 8.7548 0.349999
      vertex 8.98295 8.96685 0.349999
      vertex 8.9755 8.7512 0.349999
    endloop
  endfacet
  facet normal 0 0 -1
    outer loop
      vertex 8.92743 8.76076 0.349999
      vertex 8.98295 8.96685 0.349999
      vertex 8.95123 8.7548 0.349999
    endloop
  endfacet
  facet normal 0 0 -1
    outer loop
      vertex 8.90433 8.76903 0.349999
      vertex 8.98295 8.96685 0.349999
      vertex 8.92743 8.76076 0.349999
    endloop
  endfacet
  facet normal 0 0 -1
    outer loop
      vertex 8.88215 8.77952 0.349999
      vertex 8.98295 8.96685 0.349999
      vertex 8.90433 8.76903 0.349999
    endloop
  endfacet
  facet normal 0 0 -1
    outer loop
      vertex 8.86111 8.79213 0.349999
      vertex 8.98295 8.96685 0.349999
      vertex 8.88215 8.77952 0.349999
    endloop
  endfacet
  facet normal 0 0 -1
    outer loop
      vertex 8.8414 8.80675 0.349999
      vertex 8.98295 8.96685 0.349999
      vertex 8.86111 8.79213 0.349999
    endloop
  endfacet
  facet normal 0 0 -1
    outer loop
      vertex 8.82322 8.82322 0.349999
      vertex 8.98295 8.96685 0.349999
      vertex 8.8414 8.80675 0.349999
    endloop
  endfacet
  facet normal 0 0 -1
    outer loop
      vertex 8.80675 8.8414 0.349999
      vertex 8.98295 8.96685 0.349999
      vertex 8.82322 8.82322 0.349999
    endloop
  endfacet
  facet normal 0 0 -1
    outer loop
      vertex 8.79213 8.86111 0.349999
      vertex 8.98295 8.96685 0.349999
      vertex 8.80675 8.8414 0.349999
    endloop
  endfacet
  facet normal 0 0 -1
    outer loop
      vertex 8.77952 8.88215 0.349999
      vertex 8.98295 8.96685 0.349999
      vertex 8.79213 8.86111 0.349999
    endloop
  endfacet
  facet normal 0 0 -1
    outer loop
      vertex 8.76903 8.90433 0.349999
      vertex 8.98295 8.96685 0.349999
      vertex 8.77952 8.88215 0.349999
    endloop
  endfacet
  facet normal 0 0 -1
    outer loop
      vertex 8.76076 8.92743 0.349999
      vertex 8.98295 8.96685 0.349999
      vertex 8.76903 8.90433 0.349999
    endloop
  endfacet
  facet normal 0 0 -1
    outer loop
      vertex 8.7548 8.95123 0.349999
      vertex 8.98295 8.96685 0.349999
      vertex 8.76076 8.92743 0.349999
    endloop
  endfacet
  facet normal -0 0 -1
    outer loop
      vertex 8.98295 8.96685 0.349999
      vertex 8.7548 8.95123 0.349999
      vertex 8.75249 8.96685 0.349999
    endloop
  endfacet
  facet normal 0.803167 0.595754 0
    outer loop
      vertex 9.20787 9.13889 1.2
      vertex 9.19325 9.1586 0.349999
      vertex 9.19325 9.1586 1.2
    endloop
  endfacet
  facet normal 0.803167 0.595754 0
    outer loop
      vertex 9.19325 9.1586 0.349999
      vertex 9.20787 9.13889 1.2
      vertex 9.20787 9.13889 0.349999
    endloop
  endfacet
  facet normal 0.96995 -0.243303 0
    outer loop
      vertex 9.23923 8.92743 1.2
      vertex 9.2452 8.95123 0.349999
      vertex 9.2452 8.95123 1.2
    endloop
  endfacet
  facet normal 0.96995 -0.243303 0
    outer loop
      vertex 9.2452 8.95123 0.349999
      vertex 9.23923 8.92743 1.2
      vertex 9.23923 8.92743 0.349999
    endloop
  endfacet
  facet normal 0.941613 -0.336698 0
    outer loop
      vertex 9.23097 8.90433 1.2
      vertex 9.23923 8.92743 0.349999
      vertex 9.23923 8.92743 1.2
    endloop
  endfacet
  facet normal 0.941613 -0.336698 0
    outer loop
      vertex 9.23923 8.92743 0.349999
      vertex 9.23097 8.90433 1.2
      vertex 9.23097 8.90433 0.349999
    endloop
  endfacet
  facet normal -0.595754 -0.803167 0
    outer loop
      vertex 8.8414 8.80675 0.349999
      vertex 8.86111 8.79213 1.2
      vertex 8.8414 8.80675 1.2
    endloop
  endfacet
  facet normal -0.595754 -0.803167 -0
    outer loop
      vertex 8.86111 8.79213 1.2
      vertex 8.8414 8.80675 0.349999
      vertex 8.86111 8.79213 0.349999
    endloop
  endfacet
  facet normal 0.857745 0.514076 0
    outer loop
      vertex 9.22048 9.11785 1.2
      vertex 9.20787 9.13889 0.349999
      vertex 9.20787 9.13889 1.2
    endloop
  endfacet
  facet normal 0.857745 0.514076 0
    outer loop
      vertex 9.20787 9.13889 0.349999
      vertex 9.22048 9.11785 1.2
      vertex 9.22048 9.11785 0.349999
    endloop
  endfacet
  facet normal -0.242919 -0.970047 0
    outer loop
      vertex 8.92743 8.76076 0.349999
      vertex 8.95123 8.7548 1.2
      vertex 8.92743 8.76076 1.2
    endloop
  endfacet
  facet normal -0.242919 -0.970047 -0
    outer loop
      vertex 8.95123 8.7548 1.2
      vertex 8.92743 8.76076 0.349999
      vertex 8.95123 8.7548 0.349999
    endloop
  endfacet
  facet normal -0.671394 0.741101 0
    outer loop
      vertex 8.8414 9.19325 0.349999
      vertex 8.82322 9.17678 1.2
      vertex 8.8414 9.19325 1.2
    endloop
  endfacet
  facet normal -0.671394 0.741101 0
    outer loop
      vertex 8.82322 9.17678 1.2
      vertex 8.8414 9.19325 0.349999
      vertex 8.82322 9.17678 0.349999
    endloop
  endfacet
  facet normal -0.903995 -0.427543 0
    outer loop
      vertex 8.77952 8.88215 0.349999
      vertex 8.76903 8.90433 1.2
      vertex 8.76903 8.90433 0.349999
    endloop
  endfacet
  facet normal -0.903995 -0.427543 0
    outer loop
      vertex 8.76903 8.90433 1.2
      vertex 8.77952 8.88215 0.349999
      vertex 8.77952 8.88215 1.2
    endloop
  endfacet
  facet normal 0.146726 0.989177 -0
    outer loop
      vertex 9.04877 9.2452 0.349999
      vertex 9.0245 9.2488 1.2
      vertex 9.04877 9.2452 1.2
    endloop
  endfacet
  facet normal 0.146726 0.989177 0
    outer loop
      vertex 9.0245 9.2488 1.2
      vertex 9.04877 9.2452 0.349999
      vertex 9.0245 9.2488 0.349999
    endloop
  endfacet
  facet normal -0.857745 0.514076 0
    outer loop
      vertex 8.77952 9.11785 0.349999
      vertex 8.79213 9.13889 1.2
      vertex 8.79213 9.13889 0.349999
    endloop
  endfacet
  facet normal -0.857745 0.514076 0
    outer loop
      vertex 8.79213 9.13889 1.2
      vertex 8.77952 9.11785 0.349999
      vertex 8.77952 9.11785 1.2
    endloop
  endfacet
  facet normal -0.989447 0.144898 0
    outer loop
      vertex 8.75445 9.04638 0.438063
      vertex 8.7548 9.04877 1.2
      vertex 8.7548 9.04877 0.434838
    endloop
  endfacet
  facet normal -0.989029 0.147718 -9.03858e-06
    outer loop
      vertex 8.75386 9.04243 0.442426
      vertex 8.7548 9.04877 1.2
      vertex 8.75445 9.04638 0.438063
    endloop
  endfacet
  facet normal -0.989119 0.147119 -3.91416e-06
    outer loop
      vertex 8.75321 9.03806 0.446381
      vertex 8.7548 9.04877 1.2
      vertex 8.75386 9.04243 0.442426
    endloop
  endfacet
  facet normal -0.989225 0.146402 6.50848e-06
    outer loop
      vertex 8.75251 9.03333 0.449887
      vertex 8.7548 9.04877 1.2
      vertex 8.75321 9.03806 0.446381
    endloop
  endfacet
  facet normal -0.989151 0.146901 -3.99806e-06
    outer loop
      vertex 8.75176 9.02828 0.452915
      vertex 8.7548 9.04877 1.2
      vertex 8.75251 9.03333 0.449887
    endloop
  endfacet
  facet normal -0.989203 0.146551 5.80949e-06
    outer loop
      vertex 8.7512 9.0245 0.454702
      vertex 8.7548 9.04877 1.2
      vertex 8.75176 9.02828 0.452915
    endloop
  endfacet
  facet normal -0.989177 0.146726 0
    outer loop
      vertex 8.7548 9.04877 1.2
      vertex 8.7512 9.0245 0.454702
      vertex 8.7512 9.0245 1.2
    endloop
  endfacet
  facet normal -0.989447 0.144898 0
    outer loop
      vertex 8.7548 9.04877 0.349999
      vertex 8.75445 9.04638 0.361936
      vertex 8.7548 9.04877 0.36516
    endloop
  endfacet
  facet normal -0.989104 0.147216 0.000474141
    outer loop
      vertex 8.7548 9.04877 0.349999
      vertex 8.75386 9.04243 0.357574
      vertex 8.75445 9.04638 0.361936
    endloop
  endfacet
  facet normal -0.989148 0.146924 0.00022443
    outer loop
      vertex 8.7548 9.04877 0.349999
      vertex 8.75321 9.03806 0.353619
      vertex 8.75386 9.04243 0.357574
    endloop
  endfacet
  facet normal -0.98918 0.146708 -0.000428637
    outer loop
      vertex 8.7548 9.04877 0.349999
      vertex 8.75251 9.03333 0.350111
      vertex 8.75321 9.03806 0.353619
    endloop
  endfacet
  facet normal -0.987554 0.146047 -0.058369
    outer loop
      vertex 8.75251 9.03333 0.350111
      vertex 8.7548 9.04877 0.349999
      vertex 8.75249 9.03315 0.349999
    endloop
  endfacet
  facet normal -0.971622 0.236533 -0.00155332
    outer loop
      vertex 8.75754 9.05971 0.405881
      vertex 8.76076 9.07257 0.349999
      vertex 8.75762 9.06 0.4
    endloop
  endfacet
  facet normal -0.969206 0.24625 0.00104113
    outer loop
      vertex 8.76076 9.07257 0.349999
      vertex 8.75754 9.05971 0.394118
      vertex 8.75762 9.06 0.4
    endloop
  endfacet
  facet normal -0.970529 0.240985 -0.000590029
    outer loop
      vertex 8.76076 9.07257 0.349999
      vertex 8.75733 9.05885 0.388294
      vertex 8.75754 9.05971 0.394118
    endloop
  endfacet
  facet normal -0.969978 0.243192 0.000249933
    outer loop
      vertex 8.76076 9.07257 0.349999
      vertex 8.75697 9.05742 0.382583
      vertex 8.75733 9.05885 0.388294
    endloop
  endfacet
  facet normal -0.969996 0.24312 0.00021442
    outer loop
      vertex 8.76076 9.07257 0.349999
      vertex 8.75647 9.05543 0.377039
      vertex 8.75697 9.05742 0.382583
    endloop
  endfacet
  facet normal -0.970104 0.242688 -7.66943e-05
    outer loop
      vertex 8.76076 9.07257 0.349999
      vertex 8.75584 9.05291 0.371716
      vertex 8.75647 9.05543 0.377039
    endloop
  endfacet
  facet normal -0.969957 0.243277 0.000489426
    outer loop
      vertex 8.76076 9.07257 0.349999
      vertex 8.75508 9.04989 0.366665
      vertex 8.75584 9.05291 0.371716
    endloop
  endfacet
  facet normal -0.970047 0.242919 -2.73906e-05
    outer loop
      vertex 8.7548 9.04877 0.349999
      vertex 8.75508 9.04989 0.366665
      vertex 8.76076 9.07257 0.349999
    endloop
  endfacet
  facet normal -0.970143 0.242536 0
    outer loop
      vertex 8.75508 9.04989 0.366665
      vertex 8.7548 9.04877 0.349999
      vertex 8.7548 9.04877 0.36516
    endloop
  endfacet
  facet normal -0.967466 0.252988 0.00247291
    outer loop
      vertex 8.75733 9.05885 0.411705
      vertex 8.76076 9.07257 0.349999
      vertex 8.75754 9.05971 0.405881
    endloop
  endfacet
  facet normal -0.970143 0.242536 0
    outer loop
      vertex 8.76076 9.07257 0.349999
      vertex 8.75733 9.05885 0.411705
      vertex 8.76076 9.07257 1.2
    endloop
  endfacet
  facet normal -0.969768 0.244027 -2.75898e-05
    outer loop
      vertex 8.75697 9.05742 0.417417
      vertex 8.76076 9.07257 1.2
      vertex 8.75733 9.05885 0.411705
    endloop
  endfacet
  facet normal -0.969868 0.243631 -1.94409e-05
    outer loop
      vertex 8.75647 9.05543 0.42296
      vertex 8.76076 9.07257 1.2
      vertex 8.75697 9.05742 0.417417
    endloop
  endfacet
  facet normal -0.97014 0.242547 5.96457e-06
    outer loop
      vertex 8.75584 9.05291 0.428284
      vertex 8.76076 9.07257 1.2
      vertex 8.75647 9.05543 0.42296
    endloop
  endfacet
  facet normal -0.969777 0.243994 -3.3206e-05
    outer loop
      vertex 8.75508 9.04989 0.433333
      vertex 8.76076 9.07257 1.2
      vertex 8.75584 9.05291 0.428284
    endloop
  endfacet
  facet normal -0.970139 0.242551 1.21702e-05
    outer loop
      vertex 8.7548 9.04877 0.434838
      vertex 8.76076 9.07257 1.2
      vertex 8.75508 9.04989 0.433333
    endloop
  endfacet
  facet normal -0.970047 0.242919 0
    outer loop
      vertex 8.76076 9.07257 1.2
      vertex 8.7548 9.04877 0.434838
      vertex 8.7548 9.04877 1.2
    endloop
  endfacet
  facet normal -0.146726 -0.989177 0
    outer loop
      vertex 8.95123 8.7548 0.349999
      vertex 8.9755 8.7512 1.2
      vertex 8.95123 8.7548 1.2
    endloop
  endfacet
  facet normal -0.146726 -0.989177 -0
    outer loop
      vertex 8.9755 8.7512 1.2
      vertex 8.95123 8.7548 0.349999
      vertex 8.9755 8.7512 0.349999
    endloop
  endfacet
  facet normal -0.427543 0.903995 0
    outer loop
      vertex 8.90433 9.23097 0.349999
      vertex 8.88215 9.22048 1.2
      vertex 8.90433 9.23097 1.2
    endloop
  endfacet
  facet normal -0.427543 0.903995 0
    outer loop
      vertex 8.88215 9.22048 1.2
      vertex 8.90433 9.23097 0.349999
      vertex 8.88215 9.22048 0.349999
    endloop
  endfacet
  facet normal 0.741101 -0.671394 0
    outer loop
      vertex 9.17678 8.82322 1.2
      vertex 9.19325 8.8414 0.349999
      vertex 9.19325 8.8414 1.2
    endloop
  endfacet
  facet normal 0.741101 -0.671394 0
    outer loop
      vertex 9.19325 8.8414 0.349999
      vertex 9.17678 8.82322 1.2
      vertex 9.17678 8.82322 0.349999
    endloop
  endfacet
  facet normal -0.941483 0.337059 0
    outer loop
      vertex 8.76076 9.07257 0.349999
      vertex 8.76903 9.09567 1.2
      vertex 8.76903 9.09567 0.349999
    endloop
  endfacet
  facet normal -0.941483 0.337059 0
    outer loop
      vertex 8.76903 9.09567 1.2
      vertex 8.76076 9.07257 0.349999
      vertex 8.76076 9.07257 1.2
    endloop
  endfacet
  facet normal -0.970143 -0.242536 0
    outer loop
      vertex 8.7548 8.95123 0.349999
      vertex 8.75508 8.95011 0.366665
      vertex 8.7548 8.95123 0.36516
    endloop
  endfacet
  facet normal -0.970047 -0.242919 -2.73906e-05
    outer loop
      vertex 8.76076 8.92743 0.349999
      vertex 8.75508 8.95011 0.366665
      vertex 8.7548 8.95123 0.349999
    endloop
  endfacet
  facet normal -0.970015 -0.243045 0.000155151
    outer loop
      vertex 8.75508 8.95011 0.366665
      vertex 8.76076 8.92743 0.349999
      vertex 8.75584 8.94708 0.371716
    endloop
  endfacet
  facet normal -0.970007 -0.243076 0.000184727
    outer loop
      vertex 8.75584 8.94708 0.371716
      vertex 8.76076 8.92743 0.349999
      vertex 8.75647 8.94457 0.377039
    endloop
  endfacet
  facet normal -0.969206 -0.24625 0.00104113
    outer loop
      vertex 8.75754 8.94029 0.394118
      vertex 8.76076 8.92743 0.349999
      vertex 8.75762 8.94 0.4
    endloop
  endfacet
  facet normal -0.970529 -0.240985 -0.000590029
    outer loop
      vertex 8.75733 8.94115 0.388294
      vertex 8.76076 8.92743 0.349999
      vertex 8.75754 8.94029 0.394118
    endloop
  endfacet
  facet normal -0.969978 -0.243192 0.000249933
    outer loop
      vertex 8.75697 8.94258 0.382583
      vertex 8.76076 8.92743 0.349999
      vertex 8.75733 8.94115 0.388294
    endloop
  endfacet
  facet normal -0.969996 -0.24312 0.00021442
    outer loop
      vertex 8.75647 8.94457 0.377039
      vertex 8.76076 8.92743 0.349999
      vertex 8.75697 8.94258 0.382583
    endloop
  endfacet
  facet normal -0.970139 -0.242551 1.21702e-05
    outer loop
      vertex 8.76076 8.92743 1.2
      vertex 8.7548 8.95123 0.434838
      vertex 8.75508 8.95011 0.433333
    endloop
  endfacet
  facet normal -0.969958 -0.243272 -1.05053e-05
    outer loop
      vertex 8.76076 8.92743 1.2
      vertex 8.75508 8.95011 0.433333
      vertex 8.75584 8.94708 0.428284
    endloop
  endfacet
  facet normal -0.969922 -0.243416 -1.43947e-05
    outer loop
      vertex 8.76076 8.92743 1.2
      vertex 8.75584 8.94708 0.428284
      vertex 8.75647 8.94457 0.42296
    endloop
  endfacet
  facet normal -0.969868 -0.243631 -1.94409e-05
    outer loop
      vertex 8.76076 8.92743 1.2
      vertex 8.75647 8.94457 0.42296
      vertex 8.75697 8.94258 0.417417
    endloop
  endfacet
  facet normal -0.969768 -0.244027 -2.75898e-05
    outer loop
      vertex 8.76076 8.92743 1.2
      vertex 8.75697 8.94258 0.417417
      vertex 8.75733 8.94115 0.411705
    endloop
  endfacet
  facet normal -0.967466 -0.252988 0.00247291
    outer loop
      vertex 8.76076 8.92743 0.349999
      vertex 8.75733 8.94115 0.411705
      vertex 8.75754 8.94029 0.405881
    endloop
  endfacet
  facet normal -0.971622 -0.236533 -0.00155332
    outer loop
      vertex 8.76076 8.92743 0.349999
      vertex 8.75754 8.94029 0.405881
      vertex 8.75762 8.94 0.4
    endloop
  endfacet
  facet normal -0.970143 -0.242536 0
    outer loop
      vertex 8.75733 8.94115 0.411705
      vertex 8.76076 8.92743 0.349999
      vertex 8.76076 8.92743 1.2
    endloop
  endfacet
  facet normal -0.970047 -0.242919 0
    outer loop
      vertex 8.7548 8.95123 0.434838
      vertex 8.76076 8.92743 1.2
      vertex 8.7548 8.95123 1.2
    endloop
  endfacet
  facet normal 0.243303 0.96995 -0
    outer loop
      vertex 9.07257 9.23923 0.349999
      vertex 9.04877 9.2452 1.2
      vertex 9.07257 9.23923 1.2
    endloop
  endfacet
  facet normal 0.243303 0.96995 0
    outer loop
      vertex 9.04877 9.2452 1.2
      vertex 9.07257 9.23923 0.349999
      vertex 9.04877 9.2452 0.349999
    endloop
  endfacet
  facet normal 0.4175 -0.908677 0
    outer loop
      vertex 9.11748 8.77935 0.361936
      vertex 9.11785 8.77952 0.349999
      vertex 9.11785 8.77952 0.362475
    endloop
  endfacet
  facet normal 0.427812 -0.903867 0.000388131
    outer loop
      vertex 9.11385 8.77763 0.357574
      vertex 9.11785 8.77952 0.349999
      vertex 9.11748 8.77935 0.361936
    endloop
  endfacet
  facet normal 0.427657 -0.903941 0.000287833
    outer loop
      vertex 9.1099 8.77576 0.35367
      vertex 9.11785 8.77952 0.349999
      vertex 9.11385 8.77763 0.357574
    endloop
  endfacet
  facet normal 0.410119 -0.910929 -0.0448505
    outer loop
      vertex 9.10985 8.77574 0.353619
      vertex 9.11785 8.77952 0.349999
      vertex 9.1099 8.77576 0.35367
    endloop
  endfacet
  facet normal 0.455971 -0.886179 0.0823227
    outer loop
      vertex 9.1098 8.77571 0.353573
      vertex 9.11785 8.77952 0.349999
      vertex 9.10985 8.77574 0.353619
    endloop
  endfacet
  facet normal 0.427771 -0.903887 -7.11367e-05
    outer loop
      vertex 9.10551 8.77368 0.350111
      vertex 9.11785 8.77952 0.349999
      vertex 9.1098 8.77571 0.353573
    endloop
  endfacet
  facet normal 0.427742 -0.903894 -0.00361268
    outer loop
      vertex 9.11785 8.77952 0.349999
      vertex 9.10551 8.77368 0.350111
      vertex 9.10534 8.7736 0.349999
    endloop
  endfacet
  facet normal 0.427543 -0.903995 0
    outer loop
      vertex 9.09567 8.76903 0.455559
      vertex 9.11785 8.77952 1.2
      vertex 9.09567 8.76903 1.2
    endloop
  endfacet
  facet normal 0.41396 -0.910295 0.000493462
    outer loop
      vertex 9.096 8.76918 0.455432
      vertex 9.11785 8.77952 1.2
      vertex 9.09567 8.76903 0.455559
    endloop
  endfacet
  facet normal 0.427605 -0.903966 5.16113e-06
    outer loop
      vertex 9.10082 8.77146 0.452948
      vertex 9.11785 8.77952 1.2
      vertex 9.096 8.76918 0.455432
    endloop
  endfacet
  facet normal 0.446977 -0.894545 -0.000538086
    outer loop
      vertex 9.10088 8.77149 0.452915
      vertex 9.11785 8.77952 1.2
      vertex 9.10082 8.77146 0.452948
    endloop
  endfacet
  facet normal 0.427585 -0.903975 3.75971e-06
    outer loop
      vertex 9.10551 8.77368 0.449887
      vertex 9.11785 8.77952 1.2
      vertex 9.10088 8.77149 0.452915
    endloop
  endfacet
  facet normal 0.427725 -0.903909 9.42527e-07
    outer loop
      vertex 9.1098 8.77571 0.446426
      vertex 9.11785 8.77952 1.2
      vertex 9.10551 8.77368 0.449887
    endloop
  endfacet
  facet normal 0.513734 -0.857949 -0.00115022
    outer loop
      vertex 9.10985 8.77574 0.446381
      vertex 9.11785 8.77952 1.2
      vertex 9.1098 8.77571 0.446426
    endloop
  endfacet
  facet normal 0.372024 -0.928223 0.000706578
    outer loop
      vertex 9.1099 8.77576 0.446329
      vertex 9.11785 8.77952 1.2
      vertex 9.10985 8.77574 0.446381
    endloop
  endfacet
  facet normal 0.427886 -0.903833 -4.35686e-06
    outer loop
      vertex 9.11385 8.77763 0.442426
      vertex 9.11785 8.77952 1.2
      vertex 9.1099 8.77576 0.446329
    endloop
  endfacet
  facet normal 0.428187 -0.90369 -6.30228e-06
    outer loop
      vertex 9.11748 8.77935 0.438063
      vertex 9.11785 8.77952 1.2
      vertex 9.11385 8.77763 0.442426
    endloop
  endfacet
  facet normal 0.4175 -0.908677 0
    outer loop
      vertex 9.11785 8.77952 1.2
      vertex 9.11748 8.77935 0.438063
      vertex 9.11785 8.77952 0.437523
    endloop
  endfacet
  facet normal 0.514076 -0.857745 0
    outer loop
      vertex 9.11785 8.77952 0.437523
      vertex 9.13889 8.79213 1.2
      vertex 9.11785 8.77952 1.2
    endloop
  endfacet
  facet normal 0.514034 -0.85777 1.58788e-06
    outer loop
      vertex 9.12057 8.78115 0.433395
      vertex 9.13889 8.79213 1.2
      vertex 9.11785 8.77952 0.437523
    endloop
  endfacet
  facet normal 0.597232 -0.802064 -0.00278452
    outer loop
      vertex 9.12061 8.78118 0.433333
      vertex 9.13889 8.79213 1.2
      vertex 9.12057 8.78115 0.433395
    endloop
  endfacet
  facet normal 0.44985 -0.893102 0.00202985
    outer loop
      vertex 9.12065 8.7812 0.433268
      vertex 9.13889 8.79213 1.2
      vertex 9.12061 8.78118 0.433333
    endloop
  endfacet
  facet normal 0.513112 -0.858322 2.90886e-05
    outer loop
      vertex 9.12331 8.78279 0.428284
      vertex 9.13889 8.79213 1.2
      vertex 9.12065 8.7812 0.433268
    endloop
  endfacet
  facet normal 0.513405 -0.858146 2.10322e-05
    outer loop
      vertex 9.12555 8.78413 0.42296
      vertex 9.13889 8.79213 1.2
      vertex 9.12331 8.78279 0.428284
    endloop
  endfacet
  facet normal 0.515844 -0.856683 -3.58948e-05
    outer loop
      vertex 9.12731 8.78519 0.417417
      vertex 9.13889 8.79213 1.2
      vertex 9.12555 8.78413 0.42296
    endloop
  endfacet
  facet normal 0.45089 -0.892578 0.00124355
    outer loop
      vertex 9.12733 8.7852 0.417343
      vertex 9.13889 8.79213 1.2
      vertex 9.12731 8.78519 0.417417
    endloop
  endfacet
  facet normal 0.511651 -0.859194 5.0506e-05
    outer loop
      vertex 9.12859 8.78595 0.411705
      vertex 9.13889 8.79213 1.2
      vertex 9.12733 8.7852 0.417343
    endloop
  endfacet
  facet normal 0.483475 -0.875331 -0.00696451
    outer loop
      vertex 9.13889 8.79213 0.349999
      vertex 9.12859 8.78595 0.411705
      vertex 9.12934 8.78641 0.405955
    endloop
  endfacet
  facet normal -0.667452 -0.72064 -0.18758
    outer loop
      vertex 9.13889 8.79213 0.349999
      vertex 9.12934 8.78641 0.405955
      vertex 9.12935 8.78642 0.405881
    endloop
  endfacet
  facet normal 0.518316 -0.855188 0.00110253
    outer loop
      vertex 9.13889 8.79213 0.349999
      vertex 9.12935 8.78642 0.405881
      vertex 9.12961 8.78657 0.4
    endloop
  endfacet
  facet normal 0.485948 -0.873885 -0.0134262
    outer loop
      vertex 9.13889 8.79213 0.349999
      vertex 9.12733 8.7852 0.382656
      vertex 9.12731 8.78519 0.382583
    endloop
  endfacet
  facet normal 0.514076 -0.857745 0
    outer loop
      vertex 9.13889 8.79213 0.349999
      vertex 9.11785 8.77952 0.362475
      vertex 9.11785 8.77952 0.349999
    endloop
  endfacet
  facet normal 0.514064 -0.857752 -2.84003e-05
    outer loop
      vertex 9.11785 8.77952 0.362475
      vertex 9.13889 8.79213 0.349999
      vertex 9.12057 8.78115 0.366604
    endloop
  endfacet
  facet normal 0.547487 -0.835212 0.0517519
    outer loop
      vertex 9.12057 8.78115 0.366604
      vertex 9.13889 8.79213 0.349999
      vertex 9.12061 8.78118 0.366665
    endloop
  endfacet
  facet normal 0.490592 -0.870726 -0.0339871
    outer loop
      vertex 9.12061 8.78118 0.366665
      vertex 9.13889 8.79213 0.349999
      vertex 9.12065 8.7812 0.36673
    endloop
  endfacet
  facet normal 0.513703 -0.857968 -0.000457333
    outer loop
      vertex 9.12065 8.7812 0.36673
      vertex 9.13889 8.79213 0.349999
      vertex 9.12331 8.78279 0.371716
    endloop
  endfacet
  facet normal 0.513875 -0.857865 -0.000289479
    outer loop
      vertex 9.12331 8.78279 0.371716
      vertex 9.13889 8.79213 0.349999
      vertex 9.12555 8.78413 0.377039
    endloop
  endfacet
  facet normal 0.514496 -0.857493 0
    outer loop
      vertex 9.12859 8.78595 0.411705
      vertex 9.13889 8.79213 0.349999
      vertex 9.13889 8.79213 1.2
    endloop
  endfacet
  facet normal 0.511247 -0.859434 -0.000681593
    outer loop
      vertex 9.12935 8.78642 0.394118
      vertex 9.13889 8.79213 0.349999
      vertex 9.12961 8.78657 0.4
    endloop
  endfacet
  facet normal 0.601286 -0.798589 0.0266626
    outer loop
      vertex 9.12934 8.78641 0.394044
      vertex 9.13889 8.79213 0.349999
      vertex 9.12935 8.78642 0.394118
    endloop
  endfacet
  facet normal 0.517233 -0.855844 0.00100234
    outer loop
      vertex 9.12859 8.78595 0.388294
      vertex 9.13889 8.79213 0.349999
      vertex 9.12934 8.78641 0.394044
    endloop
  endfacet
  facet normal 0.513131 -0.85831 -0.00049889
    outer loop
      vertex 9.12733 8.7852 0.382656
      vertex 9.13889 8.79213 0.349999
      vertex 9.12859 8.78595 0.388294
    endloop
  endfacet
  facet normal 0.514942 -0.857225 0.000425977
    outer loop
      vertex 9.12555 8.78413 0.377039
      vertex 9.13889 8.79213 0.349999
      vertex 9.12731 8.78519 0.382583
    endloop
  endfacet
  facet normal -0.514076 0.857745 0
    outer loop
      vertex 8.88215 9.22048 0.349999
      vertex 8.86111 9.20787 1.2
      vertex 8.88215 9.22048 1.2
    endloop
  endfacet
  facet normal -0.514076 0.857745 0
    outer loop
      vertex 8.86111 9.20787 1.2
      vertex 8.88215 9.22048 0.349999
      vertex 8.86111 9.20787 0.349999
    endloop
  endfacet
  facet normal 0 0 1
    outer loop
      vertex 9.2488 9.0245 1.2
      vertex 9.2488 8.9755 1.2
      vertex 9.25 9 1.2
    endloop
  endfacet
  facet normal 0 0 1
    outer loop
      vertex 9.2452 9.04877 1.2
      vertex 9.2488 8.9755 1.2
      vertex 9.2488 9.0245 1.2
    endloop
  endfacet
  facet normal 0 0 1
    outer loop
      vertex 9.2452 9.04877 1.2
      vertex 9.2452 8.95123 1.2
      vertex 9.2488 8.9755 1.2
    endloop
  endfacet
  facet normal 0 0 1
    outer loop
      vertex 9.23923 9.07257 1.2
      vertex 9.2452 8.95123 1.2
      vertex 9.2452 9.04877 1.2
    endloop
  endfacet
  facet normal 0 0 1
    outer loop
      vertex 9.23923 9.07257 1.2
      vertex 9.23923 8.92743 1.2
      vertex 9.2452 8.95123 1.2
    endloop
  endfacet
  facet normal 0 0 1
    outer loop
      vertex 9.23097 9.09567 1.2
      vertex 9.23923 8.92743 1.2
      vertex 9.23923 9.07257 1.2
    endloop
  endfacet
  facet normal 0 0 1
    outer loop
      vertex 9.23097 9.09567 1.2
      vertex 9.23097 8.90433 1.2
      vertex 9.23923 8.92743 1.2
    endloop
  endfacet
  facet normal 0 0 1
    outer loop
      vertex 9.22048 9.11785 1.2
      vertex 9.23097 8.90433 1.2
      vertex 9.23097 9.09567 1.2
    endloop
  endfacet
  facet normal 0 0 1
    outer loop
      vertex 9.22048 9.11785 1.2
      vertex 9.22048 8.88215 1.2
      vertex 9.23097 8.90433 1.2
    endloop
  endfacet
  facet normal 0 0 1
    outer loop
      vertex 9.20787 9.13889 1.2
      vertex 9.22048 8.88215 1.2
      vertex 9.22048 9.11785 1.2
    endloop
  endfacet
  facet normal 0 0 1
    outer loop
      vertex 9.20787 9.13889 1.2
      vertex 9.20787 8.86111 1.2
      vertex 9.22048 8.88215 1.2
    endloop
  endfacet
  facet normal 0 0 1
    outer loop
      vertex 9.19325 9.1586 1.2
      vertex 9.20787 8.86111 1.2
      vertex 9.20787 9.13889 1.2
    endloop
  endfacet
  facet normal 0 0 1
    outer loop
      vertex 9.19325 9.1586 1.2
      vertex 9.19325 8.8414 1.2
      vertex 9.20787 8.86111 1.2
    endloop
  endfacet
  facet normal 0 0 1
    outer loop
      vertex 9.17678 9.17678 1.2
      vertex 9.19325 8.8414 1.2
      vertex 9.19325 9.1586 1.2
    endloop
  endfacet
  facet normal 0 0 1
    outer loop
      vertex 9.17678 9.17678 1.2
      vertex 9.17678 8.82322 1.2
      vertex 9.19325 8.8414 1.2
    endloop
  endfacet
  facet normal 0 0 1
    outer loop
      vertex 9.1586 9.19325 1.2
      vertex 9.17678 8.82322 1.2
      vertex 9.17678 9.17678 1.2
    endloop
  endfacet
  facet normal 0 0 1
    outer loop
      vertex 9.1586 9.19325 1.2
      vertex 9.1586 8.80675 1.2
      vertex 9.17678 8.82322 1.2
    endloop
  endfacet
  facet normal 0 0 1
    outer loop
      vertex 9.13889 9.20787 1.2
      vertex 9.1586 8.80675 1.2
      vertex 9.1586 9.19325 1.2
    endloop
  endfacet
  facet normal 0 0 1
    outer loop
      vertex 9.13889 9.20787 1.2
      vertex 9.13889 8.79213 1.2
      vertex 9.1586 8.80675 1.2
    endloop
  endfacet
  facet normal 0 0 1
    outer loop
      vertex 9.11785 9.22048 1.2
      vertex 9.13889 8.79213 1.2
      vertex 9.13889 9.20787 1.2
    endloop
  endfacet
  facet normal 0 0 1
    outer loop
      vertex 9.11785 9.22048 1.2
      vertex 9.11785 8.77952 1.2
      vertex 9.13889 8.79213 1.2
    endloop
  endfacet
  facet normal 0 0 1
    outer loop
      vertex 9.09567 9.23097 1.2
      vertex 9.11785 8.77952 1.2
      vertex 9.11785 9.22048 1.2
    endloop
  endfacet
  facet normal 0 0 1
    outer loop
      vertex 9.09567 9.23097 1.2
      vertex 9.09567 8.76903 1.2
      vertex 9.11785 8.77952 1.2
    endloop
  endfacet
  facet normal 0 0 1
    outer loop
      vertex 9.07257 9.23923 1.2
      vertex 9.09567 8.76903 1.2
      vertex 9.09567 9.23097 1.2
    endloop
  endfacet
  facet normal 0 0 1
    outer loop
      vertex 9.07257 9.23923 1.2
      vertex 9.07257 8.76076 1.2
      vertex 9.09567 8.76903 1.2
    endloop
  endfacet
  facet normal 0 0 1
    outer loop
      vertex 9.04877 9.2452 1.2
      vertex 9.07257 8.76076 1.2
      vertex 9.07257 9.23923 1.2
    endloop
  endfacet
  facet normal 0 0 1
    outer loop
      vertex 9.04877 9.2452 1.2
      vertex 9.04877 8.7548 1.2
      vertex 9.07257 8.76076 1.2
    endloop
  endfacet
  facet normal 0 0 1
    outer loop
      vertex 9.0245 9.2488 1.2
      vertex 9.04877 8.7548 1.2
      vertex 9.04877 9.2452 1.2
    endloop
  endfacet
  facet normal 0 0 1
    outer loop
      vertex 9.0245 9.2488 1.2
      vertex 9.0245 8.7512 1.2
      vertex 9.04877 8.7548 1.2
    endloop
  endfacet
  facet normal 0 0 1
    outer loop
      vertex 9 9.25 1.2
      vertex 9.0245 8.7512 1.2
      vertex 9.0245 9.2488 1.2
    endloop
  endfacet
  facet normal 0 0 1
    outer loop
      vertex 9 9.25 1.2
      vertex 9 8.75 1.2
      vertex 9.0245 8.7512 1.2
    endloop
  endfacet
  facet normal -0 0 1
    outer loop
      vertex 8.9755 9.2488 1.2
      vertex 9 8.75 1.2
      vertex 9 9.25 1.2
    endloop
  endfacet
  facet normal 0 0 1
    outer loop
      vertex 8.9755 9.2488 1.2
      vertex 8.9755 8.7512 1.2
      vertex 9 8.75 1.2
    endloop
  endfacet
  facet normal -0 0 1
    outer loop
      vertex 8.95123 9.2452 1.2
      vertex 8.9755 8.7512 1.2
      vertex 8.9755 9.2488 1.2
    endloop
  endfacet
  facet normal 0 0 1
    outer loop
      vertex 8.95123 9.2452 1.2
      vertex 8.95123 8.7548 1.2
      vertex 8.9755 8.7512 1.2
    endloop
  endfacet
  facet normal -0 0 1
    outer loop
      vertex 8.92743 9.23923 1.2
      vertex 8.95123 8.7548 1.2
      vertex 8.95123 9.2452 1.2
    endloop
  endfacet
  facet normal 0 0 1
    outer loop
      vertex 8.92743 9.23923 1.2
      vertex 8.92743 8.76076 1.2
      vertex 8.95123 8.7548 1.2
    endloop
  endfacet
  facet normal -0 0 1
    outer loop
      vertex 8.90433 9.23097 1.2
      vertex 8.92743 8.76076 1.2
      vertex 8.92743 9.23923 1.2
    endloop
  endfacet
  facet normal 0 0 1
    outer loop
      vertex 8.90433 9.23097 1.2
      vertex 8.90433 8.76903 1.2
      vertex 8.92743 8.76076 1.2
    endloop
  endfacet
  facet normal -0 0 1
    outer loop
      vertex 8.88215 9.22048 1.2
      vertex 8.90433 8.76903 1.2
      vertex 8.90433 9.23097 1.2
    endloop
  endfacet
  facet normal 0 0 1
    outer loop
      vertex 8.88215 9.22048 1.2
      vertex 8.88215 8.77952 1.2
      vertex 8.90433 8.76903 1.2
    endloop
  endfacet
  facet normal -0 0 1
    outer loop
      vertex 8.86111 9.20787 1.2
      vertex 8.88215 8.77952 1.2
      vertex 8.88215 9.22048 1.2
    endloop
  endfacet
  facet normal 0 0 1
    outer loop
      vertex 8.86111 9.20787 1.2
      vertex 8.86111 8.79213 1.2
      vertex 8.88215 8.77952 1.2
    endloop
  endfacet
  facet normal -0 0 1
    outer loop
      vertex 8.8414 9.19325 1.2
      vertex 8.86111 8.79213 1.2
      vertex 8.86111 9.20787 1.2
    endloop
  endfacet
  facet normal 0 0 1
    outer loop
      vertex 8.8414 9.19325 1.2
      vertex 8.8414 8.80675 1.2
      vertex 8.86111 8.79213 1.2
    endloop
  endfacet
  facet normal -0 0 1
    outer loop
      vertex 8.82322 9.17678 1.2
      vertex 8.8414 8.80675 1.2
      vertex 8.8414 9.19325 1.2
    endloop
  endfacet
  facet normal 0 0 1
    outer loop
      vertex 8.82322 9.17678 1.2
      vertex 8.82322 8.82322 1.2
      vertex 8.8414 8.80675 1.2
    endloop
  endfacet
  facet normal -0 0 1
    outer loop
      vertex 8.80675 9.1586 1.2
      vertex 8.82322 8.82322 1.2
      vertex 8.82322 9.17678 1.2
    endloop
  endfacet
  facet normal 0 0 1
    outer loop
      vertex 8.80675 9.1586 1.2
      vertex 8.80675 8.8414 1.2
      vertex 8.82322 8.82322 1.2
    endloop
  endfacet
  facet normal -0 0 1
    outer loop
      vertex 8.79213 9.13889 1.2
      vertex 8.80675 8.8414 1.2
      vertex 8.80675 9.1586 1.2
    endloop
  endfacet
  facet normal 0 0 1
    outer loop
      vertex 8.79213 9.13889 1.2
      vertex 8.79213 8.86111 1.2
      vertex 8.80675 8.8414 1.2
    endloop
  endfacet
  facet normal -0 0 1
    outer loop
      vertex 8.77952 9.11785 1.2
      vertex 8.79213 8.86111 1.2
      vertex 8.79213 9.13889 1.2
    endloop
  endfacet
  facet normal 0 0 1
    outer loop
      vertex 8.77952 9.11785 1.2
      vertex 8.77952 8.88215 1.2
      vertex 8.79213 8.86111 1.2
    endloop
  endfacet
  facet normal -0 0 1
    outer loop
      vertex 8.76903 9.09567 1.2
      vertex 8.77952 8.88215 1.2
      vertex 8.77952 9.11785 1.2
    endloop
  endfacet
  facet normal 0 0 1
    outer loop
      vertex 8.76903 9.09567 1.2
      vertex 8.76903 8.90433 1.2
      vertex 8.77952 8.88215 1.2
    endloop
  endfacet
  facet normal -0 0 1
    outer loop
      vertex 8.76076 9.07257 1.2
      vertex 8.76903 8.90433 1.2
      vertex 8.76903 9.09567 1.2
    endloop
  endfacet
  facet normal 0 0 1
    outer loop
      vertex 8.76076 9.07257 1.2
      vertex 8.76076 8.92743 1.2
      vertex 8.76903 8.90433 1.2
    endloop
  endfacet
  facet normal -0 0 1
    outer loop
      vertex 8.7548 9.04877 1.2
      vertex 8.76076 8.92743 1.2
      vertex 8.76076 9.07257 1.2
    endloop
  endfacet
  facet normal 0 0 1
    outer loop
      vertex 8.7548 9.04877 1.2
      vertex 8.7548 8.95123 1.2
      vertex 8.76076 8.92743 1.2
    endloop
  endfacet
  facet normal -0 0 1
    outer loop
      vertex 8.7512 9.0245 1.2
      vertex 8.7548 8.95123 1.2
      vertex 8.7548 9.04877 1.2
    endloop
  endfacet
  facet normal 0 0 1
    outer loop
      vertex 8.7512 9.0245 1.2
      vertex 8.7512 8.9755 1.2
      vertex 8.7548 8.95123 1.2
    endloop
  endfacet
  facet normal 0 -0 1
    outer loop
      vertex 8.7512 8.9755 1.2
      vertex 8.7512 9.0245 1.2
      vertex 8.75 9 1.2
    endloop
  endfacet
  facet normal -0.903995 0.427543 0
    outer loop
      vertex 8.76903 9.09567 0.349999
      vertex 8.77952 9.11785 1.2
      vertex 8.77952 9.11785 0.349999
    endloop
  endfacet
  facet normal -0.903995 0.427543 0
    outer loop
      vertex 8.77952 9.11785 1.2
      vertex 8.76903 9.09567 0.349999
      vertex 8.76903 9.09567 1.2
    endloop
  endfacet
  facet normal -0.514076 -0.857745 0
    outer loop
      vertex 8.86111 8.79213 0.349999
      vertex 8.88215 8.77952 1.2
      vertex 8.86111 8.79213 1.2
    endloop
  endfacet
  facet normal -0.514076 -0.857745 -0
    outer loop
      vertex 8.88215 8.77952 1.2
      vertex 8.86111 8.79213 0.349999
      vertex 8.88215 8.77952 0.349999
    endloop
  endfacet
  facet normal 0.903995 -0.427543 0
    outer loop
      vertex -8.77952 8.88215 1.2
      vertex -8.76903 8.90433 0.349999
      vertex -8.76903 8.90433 1.2
    endloop
  endfacet
  facet normal 0.903995 -0.427543 0
    outer loop
      vertex -8.76903 8.90433 0.349999
      vertex -8.77952 8.88215 1.2
      vertex -8.77952 8.88215 0.349999
    endloop
  endfacet
  facet normal 0.989177 0.146726 0
    outer loop
      vertex -8.7512 9.0245 1.2
      vertex -8.7548 9.04877 0.985015
      vertex -8.7548 9.04877 1.2
    endloop
  endfacet
  facet normal 0.989177 0.146726 0
    outer loop
      vertex -8.7548 9.04877 0.985015
      vertex -8.7512 9.0245 1.2
      vertex -8.7512 9.0245 0.984795
    endloop
  endfacet
  facet normal 0.998803 0.0489209 0
    outer loop
      vertex -8.75 9 1.2
      vertex -8.7512 9.0245 0.984795
      vertex -8.7512 9.0245 1.2
    endloop
  endfacet
  facet normal 0.998803 0.0489209 0
    outer loop
      vertex -8.7512 9.0245 0.984795
      vertex -8.75 9 1.2
      vertex -8.75 9 0.984722
    endloop
  endfacet
  facet normal 0.970047 0.242919 0
    outer loop
      vertex -8.7548 9.04877 1.2
      vertex -8.76076 9.07257 0.98538
      vertex -8.76076 9.07257 1.2
    endloop
  endfacet
  facet normal 0.970047 0.242919 0
    outer loop
      vertex -8.76076 9.07257 0.98538
      vertex -8.7548 9.04877 1.2
      vertex -8.7548 9.04877 0.985015
    endloop
  endfacet
  facet normal -0.242919 -0.970047 0
    outer loop
      vertex -9.07257 8.76076 1
      vertex -9.04877 8.7548 1.2
      vertex -9.07257 8.76076 1.2
    endloop
  endfacet
  facet normal -0.242919 -0.970047 -0
    outer loop
      vertex -9.04877 8.7548 1.2
      vertex -9.07257 8.76076 1
      vertex -9.04877 8.7548 1
    endloop
  endfacet
  facet normal -0.146726 0.989177 0
    outer loop
      vertex -9.0245 9.2488 1.2
      vertex -9.04877 9.2452 1.00298
      vertex -9.04877 9.2452 1.2
    endloop
  endfacet
  facet normal -0.146726 0.989177 0
    outer loop
      vertex -9.04877 9.2452 1.00298
      vertex -9.0245 9.2488 1.2
      vertex -9.0245 9.2488 1.0015
    endloop
  endfacet
  facet normal 0.144898 -0.989447 0
    outer loop
      vertex -8.95362 8.75445 0.361936
      vertex -8.95123 8.7548 0.349999
      vertex -8.95123 8.7548 0.36516
    endloop
  endfacet
  facet normal 0.147216 -0.989104 0.000474141
    outer loop
      vertex -8.95757 8.75386 0.357574
      vertex -8.95123 8.7548 0.349999
      vertex -8.95362 8.75445 0.361936
    endloop
  endfacet
  facet normal 0.146924 -0.989148 0.00022443
    outer loop
      vertex -8.96194 8.75321 0.353619
      vertex -8.95123 8.7548 0.349999
      vertex -8.95757 8.75386 0.357574
    endloop
  endfacet
  facet normal 0.146708 -0.98918 -0.000428637
    outer loop
      vertex -8.96667 8.75251 0.350111
      vertex -8.95123 8.7548 0.349999
      vertex -8.96194 8.75321 0.353619
    endloop
  endfacet
  facet normal 0.146047 -0.987554 -0.058369
    outer loop
      vertex -8.95123 8.7548 0.349999
      vertex -8.96667 8.75251 0.350111
      vertex -8.96685 8.75249 0.349999
    endloop
  endfacet
  facet normal 0.146726 -0.989177 0
    outer loop
      vertex -8.9755 8.7512 0.454702
      vertex -8.95123 8.7548 1.2
      vertex -8.9755 8.7512 1.2
    endloop
  endfacet
  facet normal 0.146551 -0.989203 5.80949e-06
    outer loop
      vertex -8.97172 8.75176 0.452915
      vertex -8.95123 8.7548 1.2
      vertex -8.9755 8.7512 0.454702
    endloop
  endfacet
  facet normal 0.146901 -0.989151 -3.99806e-06
    outer loop
      vertex -8.96667 8.75251 0.449887
      vertex -8.95123 8.7548 1.2
      vertex -8.97172 8.75176 0.452915
    endloop
  endfacet
  facet normal 0.146402 -0.989225 6.50848e-06
    outer loop
      vertex -8.96194 8.75321 0.446381
      vertex -8.95123 8.7548 1.2
      vertex -8.96667 8.75251 0.449887
    endloop
  endfacet
  facet normal 0.147119 -0.989119 -3.91416e-06
    outer loop
      vertex -8.95757 8.75386 0.442426
      vertex -8.95123 8.7548 1.2
      vertex -8.96194 8.75321 0.446381
    endloop
  endfacet
  facet normal 0.147718 -0.989029 -9.03858e-06
    outer loop
      vertex -8.95362 8.75445 0.438063
      vertex -8.95123 8.7548 1.2
      vertex -8.95757 8.75386 0.442426
    endloop
  endfacet
  facet normal 0.144898 -0.989447 0
    outer loop
      vertex -8.95123 8.7548 1.2
      vertex -8.95362 8.75445 0.438063
      vertex -8.95123 8.7548 0.434838
    endloop
  endfacet
  facet normal -0.741101 0.671394 0
    outer loop
      vertex -9.19325 9.1586 1.01181
      vertex -9.17678 9.17678 1.2
      vertex -9.17678 9.17678 1.0108
    endloop
  endfacet
  facet normal -0.741101 0.671394 0
    outer loop
      vertex -9.17678 9.17678 1.2
      vertex -9.19325 9.1586 1.01181
      vertex -9.19325 9.1586 1.2
    endloop
  endfacet
  facet normal 0.998803 -0.0489209 0
    outer loop
      vertex -8.7512 8.9755 1.2
      vertex -8.75 9 0.984722
      vertex -8.75 9 1.2
    endloop
  endfacet
  facet normal 0.998803 -0.0489209 0
    outer loop
      vertex -8.7512 8.9755 0.454702
      vertex -8.75 9 0.984722
      vertex -8.7512 8.9755 1.2
    endloop
  endfacet
  facet normal 0.998786 -0.0492599 0
    outer loop
      vertex -8.75 9 0.984722
      vertex -8.75029 8.99412 0.459711
      vertex -8.75 9 0.459999
    endloop
  endfacet
  facet normal 0.998765 -0.049682 4.73932e-06
    outer loop
      vertex -8.75 9 0.984722
      vertex -8.75058 8.98829 0.458847
      vertex -8.75029 8.99412 0.459711
    endloop
  endfacet
  facet normal 0.9988 -0.0489752 -1.10384e-05
    outer loop
      vertex -8.75 9 0.984722
      vertex -8.75086 8.98258 0.457416
      vertex -8.75058 8.98829 0.458847
    endloop
  endfacet
  facet normal 0.998815 -0.0486711 -2.11062e-05
    outer loop
      vertex -8.75 9 0.984722
      vertex -8.75113 8.97704 0.455432
      vertex -8.75086 8.98258 0.457416
    endloop
  endfacet
  facet normal 0.998972 -0.0453289 -0.000166423
    outer loop
      vertex -8.75 9 0.984722
      vertex -8.7512 8.9755 0.454702
      vertex -8.75113 8.97704 0.455432
    endloop
  endfacet
  facet normal 0.803167 -0.595754 0
    outer loop
      vertex -8.80675 8.8414 1.2
      vertex -8.79213 8.86111 0.349999
      vertex -8.79213 8.86111 1.2
    endloop
  endfacet
  facet normal 0.803167 -0.595754 0
    outer loop
      vertex -8.79213 8.86111 0.349999
      vertex -8.80675 8.8414 1.2
      vertex -8.80675 8.8414 0.349999
    endloop
  endfacet
  facet normal 0.0489209 -0.998803 0
    outer loop
      vertex -9 8.75 1
      vertex -8.9755 8.7512 1.2
      vertex -9 8.75 1.2
    endloop
  endfacet
  facet normal 0.0492599 -0.998786 0
    outer loop
      vertex -8.99412 8.75029 0.459711
      vertex -9 8.75 1
      vertex -9 8.75 0.459999
    endloop
  endfacet
  facet normal 0.049682 -0.998765 4.60509e-06
    outer loop
      vertex -8.98829 8.75058 0.458847
      vertex -9 8.75 1
      vertex -8.99412 8.75029 0.459711
    endloop
  endfacet
  facet normal 0.0489752 -0.9988 -1.0725e-05
    outer loop
      vertex -8.98258 8.75086 0.457416
      vertex -9 8.75 1
      vertex -8.98829 8.75058 0.458847
    endloop
  endfacet
  facet normal 0.0486714 -0.998815 -2.0505e-05
    outer loop
      vertex -8.97704 8.75113 0.455432
      vertex -9 8.75 1
      vertex -8.98258 8.75086 0.457416
    endloop
  endfacet
  facet normal 0.0453312 -0.998972 -0.000161659
    outer loop
      vertex -8.9755 8.7512 0.454702
      vertex -9 8.75 1
      vertex -8.97704 8.75113 0.455432
    endloop
  endfacet
  facet normal 0.0489209 -0.998803 0
    outer loop
      vertex -9 8.75 1
      vertex -8.9755 8.7512 0.454702
      vertex -8.9755 8.7512 1.2
    endloop
  endfacet
  facet normal 0.427543 0.903995 0
    outer loop
      vertex -8.88215 9.22048 1.2
      vertex -8.90433 9.23097 0.994153
      vertex -8.90433 9.23097 1.2
    endloop
  endfacet
  facet normal 0.427543 0.903995 0
    outer loop
      vertex -8.90433 9.23097 0.994153
      vertex -8.88215 9.22048 1.2
      vertex -8.88215 9.22048 0.992798
    endloop
  endfacet
  facet normal -0.989177 0.146726 0
    outer loop
      vertex -9.2488 9.0245 1.0152
      vertex -9.2452 9.04877 1.2
      vertex -9.2452 9.04877 1.01498
    endloop
  endfacet
  facet normal -0.989177 0.146726 0
    outer loop
      vertex -9.2452 9.04877 1.2
      vertex -9.2488 9.0245 1.0152
      vertex -9.2488 9.0245 1.2
    endloop
  endfacet
  facet normal 0.427543 -0.903995 0
    outer loop
      vertex -8.90433 8.76903 0.349999
      vertex -8.88215 8.77952 1.2
      vertex -8.90433 8.76903 1.2
    endloop
  endfacet
  facet normal 0.427543 -0.903995 0
    outer loop
      vertex -8.88215 8.77952 1.2
      vertex -8.90433 8.76903 0.349999
      vertex -8.88215 8.77952 0.349999
    endloop
  endfacet
  facet normal -0.941613 0.336698 0
    outer loop
      vertex -9.23923 9.07257 1.01462
      vertex -9.23097 9.09567 1.2
      vertex -9.23097 9.09567 1.01411
    endloop
  endfacet
  facet normal -0.941613 0.336698 0
    outer loop
      vertex -9.23097 9.09567 1.2
      vertex -9.23923 9.07257 1.01462
      vertex -9.23923 9.07257 1.2
    endloop
  endfacet
  facet normal -0.243303 0.96995 0
    outer loop
      vertex -9.04877 9.2452 1.2
      vertex -9.07257 9.23923 1.00443
      vertex -9.07257 9.23923 1.2
    endloop
  endfacet
  facet normal -0.243303 0.96995 0
    outer loop
      vertex -9.07257 9.23923 1.00443
      vertex -9.04877 9.2452 1.2
      vertex -9.04877 9.2452 1.00298
    endloop
  endfacet
  facet normal 0.595754 0.803167 0
    outer loop
      vertex -8.8414 9.19325 1.2
      vertex -8.86111 9.20787 0.991512
      vertex -8.86111 9.20787 1.2
    endloop
  endfacet
  facet normal 0.595754 0.803167 0
    outer loop
      vertex -8.86111 9.20787 0.991512
      vertex -8.8414 9.19325 1.2
      vertex -8.8414 9.19325 0.990308
    endloop
  endfacet
  facet normal -0.427543 0.903995 0
    outer loop
      vertex -9.09567 9.23097 1.2
      vertex -9.11785 9.22048 1.0072
      vertex -9.11785 9.22048 1.2
    endloop
  endfacet
  facet normal -0.427543 0.903995 0
    outer loop
      vertex -9.11785 9.22048 1.0072
      vertex -9.09567 9.23097 1.2
      vertex -9.09567 9.23097 1.00585
    endloop
  endfacet
  facet normal -0.998803 0.0489209 0
    outer loop
      vertex -9.25 9 1.01528
      vertex -9.2488 9.0245 1.2
      vertex -9.2488 9.0245 1.0152
    endloop
  endfacet
  facet normal -0.998803 0.0489209 0
    outer loop
      vertex -9.2488 9.0245 1.2
      vertex -9.25 9 1.01528
      vertex -9.25 9 1.2
    endloop
  endfacet
  facet normal -0.336698 0.941613 0
    outer loop
      vertex -9.07257 9.23923 1.2
      vertex -9.09567 9.23097 1.00585
      vertex -9.09567 9.23097 1.2
    endloop
  endfacet
  facet normal -0.336698 0.941613 0
    outer loop
      vertex -9.09567 9.23097 1.00585
      vertex -9.07257 9.23923 1.2
      vertex -9.07257 9.23923 1.00443
    endloop
  endfacet
  facet normal -0.989177 -0.146726 0
    outer loop
      vertex -9.2452 8.95123 1
      vertex -9.2488 8.9755 1.2
      vertex -9.2488 8.9755 1
    endloop
  endfacet
  facet normal -0.989177 -0.146726 0
    outer loop
      vertex -9.2488 8.9755 1.2
      vertex -9.2452 8.95123 1
      vertex -9.2452 8.95123 1.2
    endloop
  endfacet
  facet normal 0.803167 0.595754 0
    outer loop
      vertex -8.79213 9.13889 1.2
      vertex -8.80675 9.1586 0.98819
      vertex -8.80675 9.1586 1.2
    endloop
  endfacet
  facet normal 0.803167 0.595754 0
    outer loop
      vertex -8.80675 9.1586 0.98819
      vertex -8.79213 9.13889 1.2
      vertex -8.79213 9.13889 0.987297
    endloop
  endfacet
  facet normal 0.514076 -0.857745 0
    outer loop
      vertex -8.88215 8.77952 0.349999
      vertex -8.86111 8.79213 1.2
      vertex -8.88215 8.77952 1.2
    endloop
  endfacet
  facet normal 0.514076 -0.857745 0
    outer loop
      vertex -8.86111 8.79213 1.2
      vertex -8.88215 8.77952 0.349999
      vertex -8.86111 8.79213 0.349999
    endloop
  endfacet
  facet normal 0 0 -1
    outer loop
      vertex -8.96685 8.96685 0.349999
      vertex -8.7548 8.95123 0.349999
      vertex -8.76076 8.92743 0.349999
    endloop
  endfacet
  facet normal 0 0 -1
    outer loop
      vertex -8.96685 8.96685 0.349999
      vertex -8.76076 8.92743 0.349999
      vertex -8.76903 8.90433 0.349999
    endloop
  endfacet
  facet normal 0 0 -1
    outer loop
      vertex -8.96685 8.96685 0.349999
      vertex -8.76903 8.90433 0.349999
      vertex -8.77952 8.88215 0.349999
    endloop
  endfacet
  facet normal 0 0 -1
    outer loop
      vertex -8.96685 8.96685 0.349999
      vertex -8.77952 8.88215 0.349999
      vertex -8.79213 8.86111 0.349999
    endloop
  endfacet
  facet normal 0 0 -1
    outer loop
      vertex -8.96685 8.96685 0.349999
      vertex -8.79213 8.86111 0.349999
      vertex -8.80675 8.8414 0.349999
    endloop
  endfacet
  facet normal 0 0 -1
    outer loop
      vertex -8.96685 8.96685 0.349999
      vertex -8.80675 8.8414 0.349999
      vertex -8.82322 8.82322 0.349999
    endloop
  endfacet
  facet normal 0 0 -1
    outer loop
      vertex -8.96685 8.96685 0.349999
      vertex -8.82322 8.82322 0.349999
      vertex -8.8414 8.80675 0.349999
    endloop
  endfacet
  facet normal 0 0 -1
    outer loop
      vertex -8.96685 8.96685 0.349999
      vertex -8.8414 8.80675 0.349999
      vertex -8.86111 8.79213 0.349999
    endloop
  endfacet
  facet normal 0 0 -1
    outer loop
      vertex -8.96685 8.96685 0.349999
      vertex -8.86111 8.79213 0.349999
      vertex -8.88215 8.77952 0.349999
    endloop
  endfacet
  facet normal 0 0 -1
    outer loop
      vertex -8.96685 8.96685 0.349999
      vertex -8.88215 8.77952 0.349999
      vertex -8.90433 8.76903 0.349999
    endloop
  endfacet
  facet normal 0 0 -1
    outer loop
      vertex -8.96685 8.96685 0.349999
      vertex -8.90433 8.76903 0.349999
      vertex -8.92743 8.76076 0.349999
    endloop
  endfacet
  facet normal 0 0 -1
    outer loop
      vertex -8.96685 8.96685 0.349999
      vertex -8.92743 8.76076 0.349999
      vertex -8.95123 8.7548 0.349999
    endloop
  endfacet
  facet normal 0 0 -1
    outer loop
      vertex -8.96685 8.96685 0.349999
      vertex -8.95123 8.7548 0.349999
      vertex -8.96685 8.75249 0.349999
    endloop
  endfacet
  facet normal 0 0 -1
    outer loop
      vertex -8.7548 8.95123 0.349999
      vertex -8.96685 8.96685 0.349999
      vertex -8.75249 8.96685 0.349999
    endloop
  endfacet
  facet normal 0.514076 0.857745 0
    outer loop
      vertex -8.86111 9.20787 1.2
      vertex -8.88215 9.22048 0.992798
      vertex -8.88215 9.22048 1.2
    endloop
  endfacet
  facet normal 0.514076 0.857745 0
    outer loop
      vertex -8.88215 9.22048 0.992798
      vertex -8.86111 9.20787 1.2
      vertex -8.86111 9.20787 0.991512
    endloop
  endfacet
  facet normal -0.0489209 -0.998803 0
    outer loop
      vertex -9.0245 8.7512 1
      vertex -9 8.75 1.2
      vertex -9.0245 8.7512 1.2
    endloop
  endfacet
  facet normal -0.0489209 -0.998803 -0
    outer loop
      vertex -9 8.75 1.2
      vertex -9.0245 8.7512 1
      vertex -9 8.75 1
    endloop
  endfacet
  facet normal -0.741101 -0.671394 0
    outer loop
      vertex -9.17678 8.82322 1
      vertex -9.19325 8.8414 1.2
      vertex -9.19325 8.8414 1
    endloop
  endfacet
  facet normal -0.741101 -0.671394 0
    outer loop
      vertex -9.19325 8.8414 1.2
      vertex -9.17678 8.82322 1
      vertex -9.17678 8.82322 1.2
    endloop
  endfacet
  facet normal 0 0 1
    outer loop
      vertex -8.7512 9.0245 1.2
      vertex -8.7512 8.9755 1.2
      vertex -8.75 9 1.2
    endloop
  endfacet
  facet normal 0 0 1
    outer loop
      vertex -8.7548 9.04877 1.2
      vertex -8.7512 8.9755 1.2
      vertex -8.7512 9.0245 1.2
    endloop
  endfacet
  facet normal 0 0 1
    outer loop
      vertex -8.7548 9.04877 1.2
      vertex -8.7548 8.95123 1.2
      vertex -8.7512 8.9755 1.2
    endloop
  endfacet
  facet normal 0 0 1
    outer loop
      vertex -8.76076 9.07257 1.2
      vertex -8.7548 8.95123 1.2
      vertex -8.7548 9.04877 1.2
    endloop
  endfacet
  facet normal 0 0 1
    outer loop
      vertex -8.76076 9.07257 1.2
      vertex -8.76076 8.92743 1.2
      vertex -8.7548 8.95123 1.2
    endloop
  endfacet
  facet normal 0 0 1
    outer loop
      vertex -8.76903 9.09567 1.2
      vertex -8.76076 8.92743 1.2
      vertex -8.76076 9.07257 1.2
    endloop
  endfacet
  facet normal 0 0 1
    outer loop
      vertex -8.76903 9.09567 1.2
      vertex -8.76903 8.90433 1.2
      vertex -8.76076 8.92743 1.2
    endloop
  endfacet
  facet normal 0 0 1
    outer loop
      vertex -8.77952 9.11785 1.2
      vertex -8.76903 8.90433 1.2
      vertex -8.76903 9.09567 1.2
    endloop
  endfacet
  facet normal 0 0 1
    outer loop
      vertex -8.77952 9.11785 1.2
      vertex -8.77952 8.88215 1.2
      vertex -8.76903 8.90433 1.2
    endloop
  endfacet
  facet normal 0 0 1
    outer loop
      vertex -8.79213 9.13889 1.2
      vertex -8.77952 8.88215 1.2
      vertex -8.77952 9.11785 1.2
    endloop
  endfacet
  facet normal 0 0 1
    outer loop
      vertex -8.79213 9.13889 1.2
      vertex -8.79213 8.86111 1.2
      vertex -8.77952 8.88215 1.2
    endloop
  endfacet
  facet normal 0 0 1
    outer loop
      vertex -8.80675 9.1586 1.2
      vertex -8.79213 8.86111 1.2
      vertex -8.79213 9.13889 1.2
    endloop
  endfacet
  facet normal 0 0 1
    outer loop
      vertex -8.80675 9.1586 1.2
      vertex -8.80675 8.8414 1.2
      vertex -8.79213 8.86111 1.2
    endloop
  endfacet
  facet normal 0 0 1
    outer loop
      vertex -8.82322 9.17678 1.2
      vertex -8.80675 8.8414 1.2
      vertex -8.80675 9.1586 1.2
    endloop
  endfacet
  facet normal 0 0 1
    outer loop
      vertex -8.82322 9.17678 1.2
      vertex -8.82322 8.82322 1.2
      vertex -8.80675 8.8414 1.2
    endloop
  endfacet
  facet normal 0 0 1
    outer loop
      vertex -8.8414 9.19325 1.2
      vertex -8.82322 8.82322 1.2
      vertex -8.82322 9.17678 1.2
    endloop
  endfacet
  facet normal 0 0 1
    outer loop
      vertex -8.8414 9.19325 1.2
      vertex -8.8414 8.80675 1.2
      vertex -8.82322 8.82322 1.2
    endloop
  endfacet
  facet normal 0 0 1
    outer loop
      vertex -8.86111 9.20787 1.2
      vertex -8.8414 8.80675 1.2
      vertex -8.8414 9.19325 1.2
    endloop
  endfacet
  facet normal 0 0 1
    outer loop
      vertex -8.86111 9.20787 1.2
      vertex -8.86111 8.79213 1.2
      vertex -8.8414 8.80675 1.2
    endloop
  endfacet
  facet normal 0 0 1
    outer loop
      vertex -8.88215 9.22048 1.2
      vertex -8.86111 8.79213 1.2
      vertex -8.86111 9.20787 1.2
    endloop
  endfacet
  facet normal 0 0 1
    outer loop
      vertex -8.88215 9.22048 1.2
      vertex -8.88215 8.77952 1.2
      vertex -8.86111 8.79213 1.2
    endloop
  endfacet
  facet normal 0 0 1
    outer loop
      vertex -8.90433 9.23097 1.2
      vertex -8.88215 8.77952 1.2
      vertex -8.88215 9.22048 1.2
    endloop
  endfacet
  facet normal 0 0 1
    outer loop
      vertex -8.90433 9.23097 1.2
      vertex -8.90433 8.76903 1.2
      vertex -8.88215 8.77952 1.2
    endloop
  endfacet
  facet normal 0 0 1
    outer loop
      vertex -8.92743 9.23923 1.2
      vertex -8.90433 8.76903 1.2
      vertex -8.90433 9.23097 1.2
    endloop
  endfacet
  facet normal 0 0 1
    outer loop
      vertex -8.92743 9.23923 1.2
      vertex -8.92743 8.76076 1.2
      vertex -8.90433 8.76903 1.2
    endloop
  endfacet
  facet normal 0 0 1
    outer loop
      vertex -8.95123 9.2452 1.2
      vertex -8.92743 8.76076 1.2
      vertex -8.92743 9.23923 1.2
    endloop
  endfacet
  facet normal 0 0 1
    outer loop
      vertex -8.95123 9.2452 1.2
      vertex -8.95123 8.7548 1.2
      vertex -8.92743 8.76076 1.2
    endloop
  endfacet
  facet normal 0 0 1
    outer loop
      vertex -8.9755 9.2488 1.2
      vertex -8.95123 8.7548 1.2
      vertex -8.95123 9.2452 1.2
    endloop
  endfacet
  facet normal 0 0 1
    outer loop
      vertex -8.9755 9.2488 1.2
      vertex -8.9755 8.7512 1.2
      vertex -8.95123 8.7548 1.2
    endloop
  endfacet
  facet normal 0 0 1
    outer loop
      vertex -9 9.25 1.2
      vertex -8.9755 8.7512 1.2
      vertex -8.9755 9.2488 1.2
    endloop
  endfacet
  facet normal 0 0 1
    outer loop
      vertex -9 9.25 1.2
      vertex -9 8.75 1.2
      vertex -8.9755 8.7512 1.2
    endloop
  endfacet
  facet normal -0 0 1
    outer loop
      vertex -9.0245 9.2488 1.2
      vertex -9 8.75 1.2
      vertex -9 9.25 1.2
    endloop
  endfacet
  facet normal 0 0 1
    outer loop
      vertex -9.0245 9.2488 1.2
      vertex -9.0245 8.7512 1.2
      vertex -9 8.75 1.2
    endloop
  endfacet
  facet normal -0 0 1
    outer loop
      vertex -9.04877 9.2452 1.2
      vertex -9.0245 8.7512 1.2
      vertex -9.0245 9.2488 1.2
    endloop
  endfacet
  facet normal 0 0 1
    outer loop
      vertex -9.04877 9.2452 1.2
      vertex -9.04877 8.7548 1.2
      vertex -9.0245 8.7512 1.2
    endloop
  endfacet
  facet normal -0 0 1
    outer loop
      vertex -9.07257 9.23923 1.2
      vertex -9.04877 8.7548 1.2
      vertex -9.04877 9.2452 1.2
    endloop
  endfacet
  facet normal 0 0 1
    outer loop
      vertex -9.07257 9.23923 1.2
      vertex -9.07257 8.76076 1.2
      vertex -9.04877 8.7548 1.2
    endloop
  endfacet
  facet normal -0 0 1
    outer loop
      vertex -9.09567 9.23097 1.2
      vertex -9.07257 8.76076 1.2
      vertex -9.07257 9.23923 1.2
    endloop
  endfacet
  facet normal 0 0 1
    outer loop
      vertex -9.09567 9.23097 1.2
      vertex -9.09567 8.76903 1.2
      vertex -9.07257 8.76076 1.2
    endloop
  endfacet
  facet normal -0 0 1
    outer loop
      vertex -9.11785 9.22048 1.2
      vertex -9.09567 8.76903 1.2
      vertex -9.09567 9.23097 1.2
    endloop
  endfacet
  facet normal 0 0 1
    outer loop
      vertex -9.11785 9.22048 1.2
      vertex -9.11785 8.77952 1.2
      vertex -9.09567 8.76903 1.2
    endloop
  endfacet
  facet normal -0 0 1
    outer loop
      vertex -9.13889 9.20787 1.2
      vertex -9.11785 8.77952 1.2
      vertex -9.11785 9.22048 1.2
    endloop
  endfacet
  facet normal 0 0 1
    outer loop
      vertex -9.13889 9.20787 1.2
      vertex -9.13889 8.79213 1.2
      vertex -9.11785 8.77952 1.2
    endloop
  endfacet
  facet normal -0 0 1
    outer loop
      vertex -9.1586 9.19325 1.2
      vertex -9.13889 8.79213 1.2
      vertex -9.13889 9.20787 1.2
    endloop
  endfacet
  facet normal 0 0 1
    outer loop
      vertex -9.1586 9.19325 1.2
      vertex -9.1586 8.80675 1.2
      vertex -9.13889 8.79213 1.2
    endloop
  endfacet
  facet normal -0 0 1
    outer loop
      vertex -9.17678 9.17678 1.2
      vertex -9.1586 8.80675 1.2
      vertex -9.1586 9.19325 1.2
    endloop
  endfacet
  facet normal 0 0 1
    outer loop
      vertex -9.17678 9.17678 1.2
      vertex -9.17678 8.82322 1.2
      vertex -9.1586 8.80675 1.2
    endloop
  endfacet
  facet normal -0 0 1
    outer loop
      vertex -9.19325 9.1586 1.2
      vertex -9.17678 8.82322 1.2
      vertex -9.17678 9.17678 1.2
    endloop
  endfacet
  facet normal 0 0 1
    outer loop
      vertex -9.19325 9.1586 1.2
      vertex -9.19325 8.8414 1.2
      vertex -9.17678 8.82322 1.2
    endloop
  endfacet
  facet normal -0 0 1
    outer loop
      vertex -9.20787 9.13889 1.2
      vertex -9.19325 8.8414 1.2
      vertex -9.19325 9.1586 1.2
    endloop
  endfacet
  facet normal 0 0 1
    outer loop
      vertex -9.20787 9.13889 1.2
      vertex -9.20787 8.86111 1.2
      vertex -9.19325 8.8414 1.2
    endloop
  endfacet
  facet normal -0 0 1
    outer loop
      vertex -9.22048 9.11785 1.2
      vertex -9.20787 8.86111 1.2
      vertex -9.20787 9.13889 1.2
    endloop
  endfacet
  facet normal 0 0 1
    outer loop
      vertex -9.22048 9.11785 1.2
      vertex -9.22048 8.88215 1.2
      vertex -9.20787 8.86111 1.2
    endloop
  endfacet
  facet normal -0 0 1
    outer loop
      vertex -9.23097 9.09567 1.2
      vertex -9.22048 8.88215 1.2
      vertex -9.22048 9.11785 1.2
    endloop
  endfacet
  facet normal 0 0 1
    outer loop
      vertex -9.23097 9.09567 1.2
      vertex -9.23097 8.90433 1.2
      vertex -9.22048 8.88215 1.2
    endloop
  endfacet
  facet normal -0 0 1
    outer loop
      vertex -9.23923 9.07257 1.2
      vertex -9.23097 8.90433 1.2
      vertex -9.23097 9.09567 1.2
    endloop
  endfacet
  facet normal 0 0 1
    outer loop
      vertex -9.23923 9.07257 1.2
      vertex -9.23923 8.92743 1.2
      vertex -9.23097 8.90433 1.2
    endloop
  endfacet
  facet normal -0 0 1
    outer loop
      vertex -9.2452 9.04877 1.2
      vertex -9.23923 8.92743 1.2
      vertex -9.23923 9.07257 1.2
    endloop
  endfacet
  facet normal 0 0 1
    outer loop
      vertex -9.2452 9.04877 1.2
      vertex -9.2452 8.95123 1.2
      vertex -9.23923 8.92743 1.2
    endloop
  endfacet
  facet normal -0 0 1
    outer loop
      vertex -9.2488 9.0245 1.2
      vertex -9.2452 8.95123 1.2
      vertex -9.2452 9.04877 1.2
    endloop
  endfacet
  facet normal 0 0 1
    outer loop
      vertex -9.2488 9.0245 1.2
      vertex -9.2488 8.9755 1.2
      vertex -9.2452 8.95123 1.2
    endloop
  endfacet
  facet normal 0 -0 1
    outer loop
      vertex -9.2488 8.9755 1.2
      vertex -9.2488 9.0245 1.2
      vertex -9.25 9 1.2
    endloop
  endfacet
  facet normal 0.337059 -0.941483 0
    outer loop
      vertex -8.92743 8.76076 0.349999
      vertex -8.90433 8.76903 1.2
      vertex -8.92743 8.76076 1.2
    endloop
  endfacet
  facet normal 0.337059 -0.941483 0
    outer loop
      vertex -8.90433 8.76903 1.2
      vertex -8.92743 8.76076 0.349999
      vertex -8.90433 8.76903 0.349999
    endloop
  endfacet
  facet normal -0.514076 0.857745 0
    outer loop
      vertex -9.11785 9.22048 1.2
      vertex -9.13889 9.20787 1.00849
      vertex -9.13889 9.20787 1.2
    endloop
  endfacet
  facet normal -0.514076 0.857745 0
    outer loop
      vertex -9.13889 9.20787 1.00849
      vertex -9.11785 9.22048 1.2
      vertex -9.11785 9.22048 1.0072
    endloop
  endfacet
  facet normal 0.970047 -0.242919 0
    outer loop
      vertex -8.76076 8.92743 1.2
      vertex -8.7548 8.95123 0.434838
      vertex -8.7548 8.95123 1.2
    endloop
  endfacet
  facet normal 0.970139 -0.242551 1.21702e-05
    outer loop
      vertex -8.7548 8.95123 0.434838
      vertex -8.76076 8.92743 1.2
      vertex -8.75508 8.95011 0.433333
    endloop
  endfacet
  facet normal 0.969958 -0.243272 -1.05053e-05
    outer loop
      vertex -8.75508 8.95011 0.433333
      vertex -8.76076 8.92743 1.2
      vertex -8.75584 8.94708 0.428284
    endloop
  endfacet
  facet normal 0.969922 -0.243416 -1.43947e-05
    outer loop
      vertex -8.75584 8.94708 0.428284
      vertex -8.76076 8.92743 1.2
      vertex -8.75647 8.94457 0.42296
    endloop
  endfacet
  facet normal 0.969868 -0.243631 -1.94409e-05
    outer loop
      vertex -8.75647 8.94457 0.42296
      vertex -8.76076 8.92743 1.2
      vertex -8.75697 8.94258 0.417417
    endloop
  endfacet
  facet normal 0.969768 -0.244027 -2.75898e-05
    outer loop
      vertex -8.75697 8.94258 0.417417
      vertex -8.76076 8.92743 1.2
      vertex -8.75733 8.94115 0.411705
    endloop
  endfacet
  facet normal 0.970143 -0.242536 0
    outer loop
      vertex -8.76076 8.92743 0.349999
      vertex -8.75733 8.94115 0.411705
      vertex -8.76076 8.92743 1.2
    endloop
  endfacet
  facet normal 0.967466 -0.252988 0.00247291
    outer loop
      vertex -8.75733 8.94115 0.411705
      vertex -8.76076 8.92743 0.349999
      vertex -8.75754 8.94029 0.405881
    endloop
  endfacet
  facet normal 0.970143 -0.242536 0
    outer loop
      vertex -8.75508 8.95011 0.366665
      vertex -8.7548 8.95123 0.349999
      vertex -8.7548 8.95123 0.36516
    endloop
  endfacet
  facet normal 0.970015 -0.243045 0.000155151
    outer loop
      vertex -8.76076 8.92743 0.349999
      vertex -8.75508 8.95011 0.366665
      vertex -8.75584 8.94708 0.371716
    endloop
  endfacet
  facet normal 0.970007 -0.243076 0.000184727
    outer loop
      vertex -8.76076 8.92743 0.349999
      vertex -8.75584 8.94708 0.371716
      vertex -8.75647 8.94457 0.377039
    endloop
  endfacet
  facet normal 0.969996 -0.24312 0.00021442
    outer loop
      vertex -8.76076 8.92743 0.349999
      vertex -8.75647 8.94457 0.377039
      vertex -8.75697 8.94258 0.382583
    endloop
  endfacet
  facet normal 0.970047 -0.242919 -2.73906e-05
    outer loop
      vertex -8.75508 8.95011 0.366665
      vertex -8.76076 8.92743 0.349999
      vertex -8.7548 8.95123 0.349999
    endloop
  endfacet
  facet normal 0.969978 -0.243192 0.000249933
    outer loop
      vertex -8.75733 8.94115 0.388294
      vertex -8.76076 8.92743 0.349999
      vertex -8.75697 8.94258 0.382583
    endloop
  endfacet
  facet normal 0.970529 -0.240985 -0.000590029
    outer loop
      vertex -8.75754 8.94029 0.394118
      vertex -8.76076 8.92743 0.349999
      vertex -8.75733 8.94115 0.388294
    endloop
  endfacet
  facet normal 0.969206 -0.24625 0.00104113
    outer loop
      vertex -8.75762 8.94 0.4
      vertex -8.76076 8.92743 0.349999
      vertex -8.75754 8.94029 0.394118
    endloop
  endfacet
  facet normal 0.971622 -0.236533 -0.00155332
    outer loop
      vertex -8.75754 8.94029 0.405881
      vertex -8.76076 8.92743 0.349999
      vertex -8.75762 8.94 0.4
    endloop
  endfacet
  facet normal -0.337059 -0.941483 0
    outer loop
      vertex -9.09567 8.76903 1
      vertex -9.07257 8.76076 1.2
      vertex -9.09567 8.76903 1.2
    endloop
  endfacet
  facet normal -0.337059 -0.941483 -0
    outer loop
      vertex -9.07257 8.76076 1.2
      vertex -9.09567 8.76903 1
      vertex -9.07257 8.76076 1
    endloop
  endfacet
  facet normal -0.146726 -0.989177 0
    outer loop
      vertex -9.04877 8.7548 1
      vertex -9.0245 8.7512 1.2
      vertex -9.04877 8.7548 1.2
    endloop
  endfacet
  facet normal -0.146726 -0.989177 -0
    outer loop
      vertex -9.0245 8.7512 1.2
      vertex -9.04877 8.7548 1
      vertex -9.0245 8.7512 1
    endloop
  endfacet
  facet normal 0.0489209 0.998803 0
    outer loop
      vertex -8.9755 9.2488 1.2
      vertex -9 9.25 1
      vertex -9 9.25 1.2
    endloop
  endfacet
  facet normal 0.0489209 0.998803 0
    outer loop
      vertex -9 9.25 1
      vertex -8.9755 9.2488 1.2
      vertex -8.9755 9.2488 0.998502
    endloop
  endfacet
  facet normal 0.941483 0.337059 0
    outer loop
      vertex -8.76076 9.07257 1.2
      vertex -8.76903 9.09567 0.985885
      vertex -8.76903 9.09567 1.2
    endloop
  endfacet
  facet normal 0.941483 0.337059 0
    outer loop
      vertex -8.76903 9.09567 0.985885
      vertex -8.76076 9.07257 1.2
      vertex -8.76076 9.07257 0.98538
    endloop
  endfacet
  facet normal -0.96995 -0.243303 0
    outer loop
      vertex -9.23923 8.92743 1
      vertex -9.2452 8.95123 1.2
      vertex -9.2452 8.95123 1
    endloop
  endfacet
  facet normal -0.96995 -0.243303 0
    outer loop
      vertex -9.2452 8.95123 1.2
      vertex -9.23923 8.92743 1
      vertex -9.23923 8.92743 1.2
    endloop
  endfacet
  facet normal 0.903995 0.427543 0
    outer loop
      vertex -8.76903 9.09567 1.2
      vertex -8.77952 9.11785 0.986526
      vertex -8.77952 9.11785 1.2
    endloop
  endfacet
  facet normal 0.903995 0.427543 0
    outer loop
      vertex -8.77952 9.11785 0.986526
      vertex -8.76903 9.09567 1.2
      vertex -8.76903 9.09567 0.985885
    endloop
  endfacet
  facet normal -0.803167 -0.595754 0
    outer loop
      vertex -9.19325 8.8414 1
      vertex -9.20787 8.86111 1.2
      vertex -9.20787 8.86111 1
    endloop
  endfacet
  facet normal -0.803167 -0.595754 0
    outer loop
      vertex -9.20787 8.86111 1.2
      vertex -9.19325 8.8414 1
      vertex -9.19325 8.8414 1.2
    endloop
  endfacet
  facet normal 0.989177 -0.146726 0
    outer loop
      vertex -8.7548 8.95123 1.2
      vertex -8.7512 8.9755 0.454702
      vertex -8.7512 8.9755 1.2
    endloop
  endfacet
  facet normal 0.989203 -0.146551 5.80949e-06
    outer loop
      vertex -8.7512 8.9755 0.454702
      vertex -8.7548 8.95123 1.2
      vertex -8.75176 8.97172 0.452915
    endloop
  endfacet
  facet normal 0.989151 -0.146901 -3.99806e-06
    outer loop
      vertex -8.75176 8.97172 0.452915
      vertex -8.7548 8.95123 1.2
      vertex -8.75251 8.96667 0.449887
    endloop
  endfacet
  facet normal 0.989225 -0.146402 6.50848e-06
    outer loop
      vertex -8.75251 8.96667 0.449887
      vertex -8.7548 8.95123 1.2
      vertex -8.75321 8.96194 0.446381
    endloop
  endfacet
  facet normal 0.989119 -0.147119 -3.91416e-06
    outer loop
      vertex -8.75321 8.96194 0.446381
      vertex -8.7548 8.95123 1.2
      vertex -8.75386 8.95757 0.442426
    endloop
  endfacet
  facet normal 0.989029 -0.147718 -9.03858e-06
    outer loop
      vertex -8.75386 8.95757 0.442426
      vertex -8.7548 8.95123 1.2
      vertex -8.75445 8.95362 0.438063
    endloop
  endfacet
  facet normal 0.989447 -0.144898 0
    outer loop
      vertex -8.75445 8.95362 0.438063
      vertex -8.7548 8.95123 1.2
      vertex -8.7548 8.95123 0.434838
    endloop
  endfacet
  facet normal 0.987554 -0.146047 -0.058369
    outer loop
      vertex -8.75251 8.96667 0.350111
      vertex -8.7548 8.95123 0.349999
      vertex -8.75249 8.96685 0.349999
    endloop
  endfacet
  facet normal 0.98918 -0.146708 -0.000428637
    outer loop
      vertex -8.75321 8.96194 0.353619
      vertex -8.7548 8.95123 0.349999
      vertex -8.75251 8.96667 0.350111
    endloop
  endfacet
  facet normal 0.989148 -0.146924 0.00022443
    outer loop
      vertex -8.75386 8.95757 0.357574
      vertex -8.7548 8.95123 0.349999
      vertex -8.75321 8.96194 0.353619
    endloop
  endfacet
  facet normal 0.989104 -0.147216 0.000474141
    outer loop
      vertex -8.75445 8.95362 0.361936
      vertex -8.7548 8.95123 0.349999
      vertex -8.75386 8.95757 0.357574
    endloop
  endfacet
  facet normal 0.989447 -0.144898 0
    outer loop
      vertex -8.7548 8.95123 0.349999
      vertex -8.75445 8.95362 0.361936
      vertex -8.7548 8.95123 0.36516
    endloop
  endfacet
  facet normal 0.857745 0.514076 0
    outer loop
      vertex -8.77952 9.11785 1.2
      vertex -8.79213 9.13889 0.987297
      vertex -8.79213 9.13889 1.2
    endloop
  endfacet
  facet normal 0.857745 0.514076 0
    outer loop
      vertex -8.79213 9.13889 0.987297
      vertex -8.77952 9.11785 1.2
      vertex -8.77952 9.11785 0.986526
    endloop
  endfacet
  facet normal 0.336698 0.941613 0
    outer loop
      vertex -8.90433 9.23097 1.2
      vertex -8.92743 9.23923 0.995565
      vertex -8.92743 9.23923 1.2
    endloop
  endfacet
  facet normal 0.336698 0.941613 0
    outer loop
      vertex -8.92743 9.23923 0.995565
      vertex -8.90433 9.23097 1.2
      vertex -8.90433 9.23097 0.994153
    endloop
  endfacet
  facet normal 0.242919 -0.970047 0
    outer loop
      vertex -8.95123 8.7548 0.434838
      vertex -8.92743 8.76076 1.2
      vertex -8.95123 8.7548 1.2
    endloop
  endfacet
  facet normal 0.242551 -0.970139 1.21702e-05
    outer loop
      vertex -8.95011 8.75508 0.433333
      vertex -8.92743 8.76076 1.2
      vertex -8.95123 8.7548 0.434838
    endloop
  endfacet
  facet normal 0.243272 -0.969958 -1.05053e-05
    outer loop
      vertex -8.94708 8.75584 0.428284
      vertex -8.92743 8.76076 1.2
      vertex -8.95011 8.75508 0.433333
    endloop
  endfacet
  facet normal 0.243416 -0.969922 -1.43947e-05
    outer loop
      vertex -8.94457 8.75647 0.42296
      vertex -8.92743 8.76076 1.2
      vertex -8.94708 8.75584 0.428284
    endloop
  endfacet
  facet normal 0.243631 -0.969868 -1.94409e-05
    outer loop
      vertex -8.94258 8.75697 0.417417
      vertex -8.92743 8.76076 1.2
      vertex -8.94457 8.75647 0.42296
    endloop
  endfacet
  facet normal 0.244027 -0.969768 -2.75898e-05
    outer loop
      vertex -8.94115 8.75733 0.411705
      vertex -8.92743 8.76076 1.2
      vertex -8.94258 8.75697 0.417417
    endloop
  endfacet
  facet normal 0.252988 -0.967466 0.00247291
    outer loop
      vertex -8.92743 8.76076 0.349999
      vertex -8.94115 8.75733 0.411705
      vertex -8.94029 8.75754 0.405881
    endloop
  endfacet
  facet normal 0.236533 -0.971622 -0.00155332
    outer loop
      vertex -8.92743 8.76076 0.349999
      vertex -8.94029 8.75754 0.405881
      vertex -8.94 8.75762 0.4
    endloop
  endfacet
  facet normal 0.242536 -0.970143 0
    outer loop
      vertex -8.95123 8.7548 0.349999
      vertex -8.95011 8.75508 0.366665
      vertex -8.95123 8.7548 0.36516
    endloop
  endfacet
  facet normal 0.242919 -0.970047 -2.73906e-05
    outer loop
      vertex -8.92743 8.76076 0.349999
      vertex -8.95011 8.75508 0.366665
      vertex -8.95123 8.7548 0.349999
    endloop
  endfacet
  facet normal 0.243045 -0.970015 0.000155151
    outer loop
      vertex -8.95011 8.75508 0.366665
      vertex -8.92743 8.76076 0.349999
      vertex -8.94708 8.75584 0.371716
    endloop
  endfacet
  facet normal 0.243076 -0.970007 0.000184727
    outer loop
      vertex -8.94708 8.75584 0.371716
      vertex -8.92743 8.76076 0.349999
      vertex -8.94457 8.75647 0.377039
    endloop
  endfacet
  facet normal 0.242536 -0.970143 0
    outer loop
      vertex -8.94115 8.75733 0.411705
      vertex -8.92743 8.76076 0.349999
      vertex -8.92743 8.76076 1.2
    endloop
  endfacet
  facet normal 0.24625 -0.969206 0.00104113
    outer loop
      vertex -8.94029 8.75754 0.394118
      vertex -8.92743 8.76076 0.349999
      vertex -8.94 8.75762 0.4
    endloop
  endfacet
  facet normal 0.240985 -0.970529 -0.000590029
    outer loop
      vertex -8.94115 8.75733 0.388294
      vertex -8.92743 8.76076 0.349999
      vertex -8.94029 8.75754 0.394118
    endloop
  endfacet
  facet normal 0.243192 -0.969978 0.000249933
    outer loop
      vertex -8.94258 8.75697 0.382583
      vertex -8.92743 8.76076 0.349999
      vertex -8.94115 8.75733 0.388294
    endloop
  endfacet
  facet normal 0.24312 -0.969996 0.00021442
    outer loop
      vertex -8.94457 8.75647 0.377039
      vertex -8.92743 8.76076 0.349999
      vertex -8.94258 8.75697 0.382583
    endloop
  endfacet
  facet normal -0.595754 0.803167 0
    outer loop
      vertex -9.13889 9.20787 1.2
      vertex -9.1586 9.19325 1.00969
      vertex -9.1586 9.19325 1.2
    endloop
  endfacet
  facet normal -0.595754 0.803167 0
    outer loop
      vertex -9.1586 9.19325 1.00969
      vertex -9.13889 9.20787 1.2
      vertex -9.13889 9.20787 1.00849
    endloop
  endfacet
  facet normal -0.0489209 0.998803 0
    outer loop
      vertex -9 9.25 1.2
      vertex -9.0245 9.2488 1.0015
      vertex -9.0245 9.2488 1.2
    endloop
  endfacet
  facet normal -0.0489209 0.998803 0
    outer loop
      vertex -9.0245 9.2488 1.0015
      vertex -9 9.25 1.2
      vertex -9 9.25 1
    endloop
  endfacet
  facet normal -0.857745 -0.514076 0
    outer loop
      vertex -9.20787 8.86111 1
      vertex -9.22048 8.88215 1.2
      vertex -9.22048 8.88215 1
    endloop
  endfacet
  facet normal -0.857745 -0.514076 0
    outer loop
      vertex -9.22048 8.88215 1.2
      vertex -9.20787 8.86111 1
      vertex -9.20787 8.86111 1.2
    endloop
  endfacet
  facet normal -0.671394 0.741101 0
    outer loop
      vertex -9.1586 9.19325 1.2
      vertex -9.17678 9.17678 1.0108
      vertex -9.17678 9.17678 1.2
    endloop
  endfacet
  facet normal -0.671394 0.741101 0
    outer loop
      vertex -9.17678 9.17678 1.0108
      vertex -9.1586 9.19325 1.2
      vertex -9.1586 9.19325 1.00969
    endloop
  endfacet
  facet normal 0.595754 -0.803167 0
    outer loop
      vertex -8.86111 8.79213 0.349999
      vertex -8.8414 8.80675 1.2
      vertex -8.86111 8.79213 1.2
    endloop
  endfacet
  facet normal 0.595754 -0.803167 0
    outer loop
      vertex -8.8414 8.80675 1.2
      vertex -8.86111 8.79213 0.349999
      vertex -8.8414 8.80675 0.349999
    endloop
  endfacet
  facet normal 0.857745 -0.514076 0
    outer loop
      vertex -8.79213 8.86111 1.2
      vertex -8.77952 8.88215 0.349999
      vertex -8.77952 8.88215 1.2
    endloop
  endfacet
  facet normal 0.857745 -0.514076 0
    outer loop
      vertex -8.77952 8.88215 0.349999
      vertex -8.79213 8.86111 1.2
      vertex -8.79213 8.86111 0.349999
    endloop
  endfacet
  facet normal 0.941483 -0.337059 0
    outer loop
      vertex -8.76903 8.90433 1.2
      vertex -8.76076 8.92743 0.349999
      vertex -8.76076 8.92743 1.2
    endloop
  endfacet
  facet normal 0.941483 -0.337059 0
    outer loop
      vertex -8.76076 8.92743 0.349999
      vertex -8.76903 8.90433 1.2
      vertex -8.76903 8.90433 0.349999
    endloop
  endfacet
  facet normal 0.671394 0.741101 0
    outer loop
      vertex -8.82322 9.17678 1.2
      vertex -8.8414 9.19325 0.990308
      vertex -8.8414 9.19325 1.2
    endloop
  endfacet
  facet normal 0.671394 0.741101 0
    outer loop
      vertex -8.8414 9.19325 0.990308
      vertex -8.82322 9.17678 1.2
      vertex -8.82322 9.17678 0.989197
    endloop
  endfacet
  facet normal 0.741101 0.671394 0
    outer loop
      vertex -8.80675 9.1586 1.2
      vertex -8.82322 9.17678 0.989197
      vertex -8.82322 9.17678 1.2
    endloop
  endfacet
  facet normal 0.741101 0.671394 0
    outer loop
      vertex -8.82322 9.17678 0.989197
      vertex -8.80675 9.1586 1.2
      vertex -8.80675 9.1586 0.98819
    endloop
  endfacet
  facet normal -0.671394 -0.741101 0
    outer loop
      vertex -9.17678 8.82322 1
      vertex -9.1586 8.80675 1.2
      vertex -9.17678 8.82322 1.2
    endloop
  endfacet
  facet normal -0.671394 -0.741101 -0
    outer loop
      vertex -9.1586 8.80675 1.2
      vertex -9.17678 8.82322 1
      vertex -9.1586 8.80675 1
    endloop
  endfacet
  facet normal -0.903995 -0.427543 0
    outer loop
      vertex -9.22048 8.88215 1
      vertex -9.23097 8.90433 1.2
      vertex -9.23097 8.90433 1
    endloop
  endfacet
  facet normal -0.903995 -0.427543 0
    outer loop
      vertex -9.23097 8.90433 1.2
      vertex -9.22048 8.88215 1
      vertex -9.22048 8.88215 1.2
    endloop
  endfacet
  facet normal 0.741101 -0.671394 0
    outer loop
      vertex -8.82322 8.82322 1.2
      vertex -8.80675 8.8414 0.349999
      vertex -8.80675 8.8414 1.2
    endloop
  endfacet
  facet normal 0.741101 -0.671394 0
    outer loop
      vertex -8.80675 8.8414 0.349999
      vertex -8.82322 8.82322 1.2
      vertex -8.82322 8.82322 0.349999
    endloop
  endfacet
  facet normal -0.857745 0.514076 0
    outer loop
      vertex -9.22048 9.11785 1.01347
      vertex -9.20787 9.13889 1.2
      vertex -9.20787 9.13889 1.0127
    endloop
  endfacet
  facet normal -0.857745 0.514076 0
    outer loop
      vertex -9.20787 9.13889 1.2
      vertex -9.22048 9.11785 1.01347
      vertex -9.22048 9.11785 1.2
    endloop
  endfacet
  facet normal -0.941613 -0.336698 0
    outer loop
      vertex -9.23097 8.90433 1
      vertex -9.23923 8.92743 1.2
      vertex -9.23923 8.92743 1
    endloop
  endfacet
  facet normal -0.941613 -0.336698 0
    outer loop
      vertex -9.23923 8.92743 1.2
      vertex -9.23097 8.90433 1
      vertex -9.23097 8.90433 1.2
    endloop
  endfacet
  facet normal 0.671394 -0.741101 0
    outer loop
      vertex -8.8414 8.80675 0.349999
      vertex -8.82322 8.82322 1.2
      vertex -8.8414 8.80675 1.2
    endloop
  endfacet
  facet normal 0.671394 -0.741101 0
    outer loop
      vertex -8.82322 8.82322 1.2
      vertex -8.8414 8.80675 0.349999
      vertex -8.82322 8.82322 0.349999
    endloop
  endfacet
  facet normal -0.96995 0.243303 0
    outer loop
      vertex -9.2452 9.04877 1.01498
      vertex -9.23923 9.07257 1.2
      vertex -9.23923 9.07257 1.01462
    endloop
  endfacet
  facet normal -0.96995 0.243303 0
    outer loop
      vertex -9.23923 9.07257 1.2
      vertex -9.2452 9.04877 1.01498
      vertex -9.2452 9.04877 1.2
    endloop
  endfacet
  facet normal 0.146726 0.989177 0
    outer loop
      vertex -8.95123 9.2452 1.2
      vertex -8.9755 9.2488 0.998502
      vertex -8.9755 9.2488 1.2
    endloop
  endfacet
  facet normal 0.146726 0.989177 0
    outer loop
      vertex -8.9755 9.2488 0.998502
      vertex -8.95123 9.2452 1.2
      vertex -8.95123 9.2452 0.997019
    endloop
  endfacet
  facet normal -0.903995 0.427543 0
    outer loop
      vertex -9.23097 9.09567 1.01411
      vertex -9.22048 9.11785 1.2
      vertex -9.22048 9.11785 1.01347
    endloop
  endfacet
  facet normal -0.903995 0.427543 0
    outer loop
      vertex -9.22048 9.11785 1.2
      vertex -9.23097 9.09567 1.01411
      vertex -9.23097 9.09567 1.2
    endloop
  endfacet
  facet normal -0.803167 0.595754 0
    outer loop
      vertex -9.20787 9.13889 1.0127
      vertex -9.19325 9.1586 1.2
      vertex -9.19325 9.1586 1.01181
    endloop
  endfacet
  facet normal -0.803167 0.595754 0
    outer loop
      vertex -9.19325 9.1586 1.2
      vertex -9.20787 9.13889 1.0127
      vertex -9.20787 9.13889 1.2
    endloop
  endfacet
  facet normal -0.595754 -0.803167 0
    outer loop
      vertex -9.1586 8.80675 1
      vertex -9.13889 8.79213 1.2
      vertex -9.1586 8.80675 1.2
    endloop
  endfacet
  facet normal -0.595754 -0.803167 -0
    outer loop
      vertex -9.13889 8.79213 1.2
      vertex -9.1586 8.80675 1
      vertex -9.13889 8.79213 1
    endloop
  endfacet
  facet normal -0.514076 -0.857745 0
    outer loop
      vertex -9.13889 8.79213 1
      vertex -9.11785 8.77952 1.2
      vertex -9.13889 8.79213 1.2
    endloop
  endfacet
  facet normal -0.514076 -0.857745 -0
    outer loop
      vertex -9.11785 8.77952 1.2
      vertex -9.13889 8.79213 1
      vertex -9.11785 8.77952 1
    endloop
  endfacet
  facet normal -0.427543 -0.903995 0
    outer loop
      vertex -9.11785 8.77952 1
      vertex -9.09567 8.76903 1.2
      vertex -9.11785 8.77952 1.2
    endloop
  endfacet
  facet normal -0.427543 -0.903995 -0
    outer loop
      vertex -9.09567 8.76903 1.2
      vertex -9.11785 8.77952 1
      vertex -9.09567 8.76903 1
    endloop
  endfacet
  facet normal -0.998803 -0.0489209 0
    outer loop
      vertex -9.2488 8.9755 1
      vertex -9.25 9 1.01528
      vertex -9.25 9 1
    endloop
  endfacet
  facet normal -0.998803 -0.0489209 -0
    outer loop
      vertex -9.2488 8.9755 1.2
      vertex -9.25 9 1.01528
      vertex -9.2488 8.9755 1
    endloop
  endfacet
  facet normal -0.998803 -0.0489209 0
    outer loop
      vertex -9.25 9 1.01528
      vertex -9.2488 8.9755 1.2
      vertex -9.25 9 1.2
    endloop
  endfacet
  facet normal 0.243303 0.96995 0
    outer loop
      vertex -8.92743 9.23923 1.2
      vertex -8.95123 9.2452 0.997019
      vertex -8.95123 9.2452 1.2
    endloop
  endfacet
  facet normal 0.243303 0.96995 0
    outer loop
      vertex -8.95123 9.2452 0.997019
      vertex -8.92743 9.23923 1.2
      vertex -8.92743 9.23923 0.995565
    endloop
  endfacet
  facet normal 0 0.243095 -0.970002
    outer loop
      vertex 1.78114 9.01171 0.341152
      vertex 9 9.01742 0.342583
      vertex 9 9.01171 0.341152
    endloop
  endfacet
  facet normal 0 0.243095 -0.970002
    outer loop
      vertex 9 9.01742 0.342583
      vertex 1.78114 9.01171 0.341152
      vertex 1.75773 9.01742 0.342583
    endloop
  endfacet
  facet normal -0 0.337154 0.941449
    outer loop
      vertex -0.0888894 9.02296 0.455432
      vertex 8.75086 9.01742 0.457416
      vertex 8.75113 9.02296 0.455432
    endloop
  endfacet
  facet normal 0 0.337154 0.941449
    outer loop
      vertex 8.75086 9.01742 0.457416
      vertex -0.0888894 9.02296 0.455432
      vertex -0.121349 9.01742 0.457416
    endloop
  endfacet
  facet normal -0 0.970063 0.242855
    outer loop
      vertex 0.626642 9.05885 0.411705
      vertex 8.75697 9.05742 0.417417
      vertex 8.75733 9.05885 0.411705
    endloop
  endfacet
  facet normal 0 0.970063 0.242855
    outer loop
      vertex 8.75697 9.05742 0.417417
      vertex 0.626642 9.05885 0.411705
      vertex 0.53318 9.05742 0.417417
    endloop
  endfacet
  facet normal -0 0.989273 0.146081
    outer loop
      vertex 0.721946 9.05971 0.405881
      vertex 8.75733 9.05885 0.411705
      vertex 8.75754 9.05971 0.405881
    endloop
  endfacet
  facet normal 0 0.989273 0.146081
    outer loop
      vertex 8.75733 9.05885 0.411705
      vertex 0.721946 9.05971 0.405881
      vertex 0.626642 9.05885 0.411705
    endloop
  endfacet
  facet normal 0 -0.857538 -0.514421
    outer loop
      vertex -8.75508 8.95011 0.366665
      vertex 8.75584 8.94708 0.371716
      vertex -8.75584 8.94708 0.371716
    endloop
  endfacet
  facet normal 0 -0.857538 -0.514421
    outer loop
      vertex 8.75584 8.94708 0.371716
      vertex -8.75508 8.95011 0.366665
      vertex 8.75508 8.95011 0.366665
    endloop
  endfacet
  facet normal 0 -0.0490904 -0.998794
    outer loop
      vertex 9 8.99412 0.340288
      vertex 1.80001 9 0.339999
      vertex 9 9 0.339999
    endloop
  endfacet
  facet normal 0 -0.0490904 -0.998794
    outer loop
      vertex -8.99412 8.99412 0.340288
      vertex 1.80001 9 0.339999
      vertex 9 8.99412 0.340288
    endloop
  endfacet
  facet normal -0 -0.0490904 -0.998794
    outer loop
      vertex 1.80001 9 0.339999
      vertex -8.99412 8.99412 0.340288
      vertex -9 9 0.339999
    endloop
  endfacet
  facet normal 0 0.0490904 -0.998794
    outer loop
      vertex 1.80001 9 0.339999
      vertex 9 9.00588 0.340288
      vertex 9 9 0.339999
    endloop
  endfacet
  facet normal 0 0.0490904 -0.998794
    outer loop
      vertex 9 9.00588 0.340288
      vertex 1.80001 9 0.339999
      vertex 1.79528 9.00588 0.340288
    endloop
  endfacet
  facet normal 0 -0.337004 -0.941503
    outer loop
      vertex -8.97704 8.97704 0.344566
      vertex 8.99491 8.98258 0.342583
      vertex 8.9907 8.97704 0.344566
    endloop
  endfacet
  facet normal -0 -0.337004 -0.941503
    outer loop
      vertex 8.99491 8.98258 0.342583
      vertex -8.97704 8.97704 0.344566
      vertex -8.98258 8.98258 0.342583
    endloop
  endfacet
  facet normal 0 0.741246 -0.671234
    outer loop
      vertex 1.51243 9.04243 0.357574
      vertex 8.75445 9.04638 0.361936
      vertex 8.75386 9.04243 0.357574
    endloop
  endfacet
  facet normal 0 0.741246 -0.671234
    outer loop
      vertex 8.75445 9.04638 0.361936
      vertex 1.51243 9.04243 0.357574
      vertex 1.44105 9.04638 0.361936
    endloop
  endfacet
  facet normal 0 -0.243095 0.970002
    outer loop
      vertex -8.75058 8.98829 0.458847
      vertex 8.75086 8.98258 0.457416
      vertex 8.75058 8.98829 0.458847
    endloop
  endfacet
  facet normal 0 -0.243095 0.970002
    outer loop
      vertex 8.75086 8.98258 0.457416
      vertex -8.75058 8.98829 0.458847
      vertex -8.75086 8.98258 0.457416
    endloop
  endfacet
  facet normal 0 -0.941184 0.337896
    outer loop
      vertex -8.75697 8.94258 0.417417
      vertex 8.75647 8.94457 0.42296
      vertex -8.75647 8.94457 0.42296
    endloop
  endfacet
  facet normal 0 -0.941184 0.337896
    outer loop
      vertex 8.75647 8.94457 0.42296
      vertex -8.75697 8.94258 0.417417
      vertex 8.75697 8.94258 0.417417
    endloop
  endfacet
  facet normal 0 -0.671024 0.741435
    outer loop
      vertex -8.75321 8.96194 0.446381
      vertex 8.75386 8.95757 0.442426
      vertex 8.75321 8.96194 0.446381
    endloop
  endfacet
  facet normal 0 -0.671024 0.741435
    outer loop
      vertex 8.75386 8.95757 0.442426
      vertex -8.75321 8.96194 0.446381
      vertex -8.75386 8.95757 0.442426
    endloop
  endfacet
  facet normal -0 0.858197 0.51332
    outer loop
      vertex 0.355355 9.05291 0.428284
      vertex 8.75508 9.04989 0.433333
      vertex 8.75584 9.05291 0.428284
    endloop
  endfacet
  facet normal 0 0.858197 0.51332
    outer loop
      vertex 8.75508 9.04989 0.433333
      vertex 0.355355 9.05291 0.428284
      vertex 0.272723 9.04989 0.433333
    endloop
  endfacet
  facet normal 0 0.671024 -0.741435
    outer loop
      vertex 1.57715 9.03806 0.353619
      vertex 8.75386 9.04243 0.357574
      vertex 8.75321 9.03806 0.353619
    endloop
  endfacet
  facet normal 0 0.671024 -0.741435
    outer loop
      vertex 8.75386 9.04243 0.357574
      vertex 1.57715 9.03806 0.353619
      vertex 1.51243 9.04243 0.357574
    endloop
  endfacet
  facet normal 0 0.858287 -0.513171
    outer loop
      vertex 1.36366 9.04989 0.366665
      vertex 8.75584 9.05291 0.371716
      vertex 8.75508 9.04989 0.366665
    endloop
  endfacet
  facet normal 0 0.858287 -0.513171
    outer loop
      vertex 8.75584 9.05291 0.371716
      vertex 1.36366 9.04989 0.366665
      vertex 1.28102 9.05291 0.371716
    endloop
  endfacet
  facet normal 1 -0 0
    outer loop
      vertex 9 8.9984 0.349999
      vertex 9 9.02828 0.347084
      vertex 9 9.03315 0.349999
    endloop
  endfacet
  facet normal 1 0 0
    outer loop
      vertex 9 9.02828 0.347084
      vertex 9 8.9984 0.349999
      vertex 9 9.02296 0.344566
    endloop
  endfacet
  facet normal 1 0 0
    outer loop
      vertex 9 9.02296 0.344566
      vertex 9 8.9984 0.349999
      vertex 9 9.01742 0.342583
    endloop
  endfacet
  facet normal 1 0 0
    outer loop
      vertex 9 9.01742 0.342583
      vertex 9 8.9984 0.349999
      vertex 9 9.01171 0.341152
    endloop
  endfacet
  facet normal 1 0 0
    outer loop
      vertex 9 9.01171 0.341152
      vertex 9 8.9984 0.349999
      vertex 9 9.00588 0.340288
    endloop
  endfacet
  facet normal 1 -0 0
    outer loop
      vertex 9 8.9984 0.344399
      vertex 9 9.00588 0.340288
      vertex 9 8.9984 0.349999
    endloop
  endfacet
  facet normal 1 0 0
    outer loop
      vertex 9 9.00588 0.340288
      vertex 9 8.9984 0.344399
      vertex 9 9 0.339999
    endloop
  endfacet
  facet normal 1 -0 0
    outer loop
      vertex 9 8.9984 0.342583
      vertex 9 9 0.339999
      vertex 9 8.9984 0.344399
    endloop
  endfacet
  facet normal 1 -0 0
    outer loop
      vertex 9 8.9984 0.341684
      vertex 9 9 0.339999
      vertex 9 8.9984 0.342583
    endloop
  endfacet
  facet normal 1 -0 0
    outer loop
      vertex 9 8.9984 0.340767
      vertex 9 9 0.339999
      vertex 9 8.9984 0.341684
    endloop
  endfacet
  facet normal 1 -0 0
    outer loop
      vertex 9 8.9984 0.340645
      vertex 9 9 0.339999
      vertex 9 8.9984 0.340767
    endloop
  endfacet
  facet normal 1 0 0
    outer loop
      vertex 9 8.9984 0.340645
      vertex 9 8.99412 0.340288
      vertex 9 9 0.339999
    endloop
  endfacet
  facet normal 1 0 -0
    outer loop
      vertex 9 8.99412 0.340288
      vertex 9 8.9984 0.340645
      vertex 9 8.98927 0.341007
    endloop
  endfacet
  facet normal 0 -0.904487 -0.426501
    outer loop
      vertex -8.75584 8.94708 0.371716
      vertex 8.75647 8.94457 0.377039
      vertex -8.75647 8.94457 0.377039
    endloop
  endfacet
  facet normal 0 -0.904487 -0.426501
    outer loop
      vertex 8.75647 8.94457 0.377039
      vertex -8.75584 8.94708 0.371716
      vertex 8.75584 8.94708 0.371716
    endloop
  endfacet
  facet normal 0 0.595699 -0.803208
    outer loop
      vertex 1.63454 9.03333 0.350111
      vertex 8.75321 9.03806 0.353619
      vertex 8.75251 9.03333 0.350111
    endloop
  endfacet
  facet normal 0 0.595699 -0.803208
    outer loop
      vertex 8.75321 9.03806 0.353619
      vertex 1.63454 9.03333 0.350111
      vertex 1.57715 9.03806 0.353619
    endloop
  endfacet
  facet normal -0 0.146598 0.989196
    outer loop
      vertex -0.144773 9.01171 0.458847
      vertex 8.75029 9.00588 0.459711
      vertex 8.75058 9.01171 0.458847
    endloop
  endfacet
  facet normal 0 0.146598 0.989196
    outer loop
      vertex 8.75029 9.00588 0.459711
      vertex -0.144773 9.01171 0.458847
      vertex -0.158912 9.00588 0.459711
    endloop
  endfacet
  facet normal 0 -0.337154 0.941449
    outer loop
      vertex -8.75086 8.98258 0.457416
      vertex 8.75113 8.97704 0.455432
      vertex 8.75086 8.98258 0.457416
    endloop
  endfacet
  facet normal 0 -0.337154 0.941449
    outer loop
      vertex 8.75113 8.97704 0.455432
      vertex -8.75086 8.98258 0.457416
      vertex -8.75113 8.97704 0.455432
    endloop
  endfacet
  facet normal -0 0.514246 0.857643
    outer loop
      vertex 0.00184146 9.03333 0.449887
      vertex 8.75176 9.02828 0.452915
      vertex 8.75251 9.03333 0.449887
    endloop
  endfacet
  facet normal 0 0.514246 0.857643
    outer loop
      vertex 8.75176 9.02828 0.452915
      vertex 0.00184146 9.03333 0.449887
      vertex -0.0477063 9.02828 0.452915
    endloop
  endfacet
  facet normal 0 -0.528302 -0.849057
    outer loop
      vertex 8.75251 8.96667 0.350111
      vertex -8.75249 8.96685 0.349999
      vertex 8.75249 8.96685 0.349999
    endloop
  endfacet
  facet normal 0 -0.528302 -0.849057
    outer loop
      vertex -8.75249 8.96685 0.349999
      vertex 8.75251 8.96667 0.350111
      vertex -8.75251 8.96667 0.350111
    endloop
  endfacet
  facet normal 0 -0.513589 -0.858037
    outer loop
      vertex 8.75249 8.96685 0.349999
      vertex 8.98665 8.97172 0.347084
      vertex 8.98295 8.96685 0.349999
    endloop
  endfacet
  facet normal 0 -0.513589 -0.858037
    outer loop
      vertex -8.75249 8.96685 0.349999
      vertex 8.98665 8.97172 0.347084
      vertex 8.75249 8.96685 0.349999
    endloop
  endfacet
  facet normal 0 -0.513589 -0.858037
    outer loop
      vertex -8.97172 8.97172 0.347084
      vertex -8.75249 8.96685 0.349999
      vertex -8.96685 8.96685 0.349999
    endloop
  endfacet
  facet normal 0 -0.513589 -0.858037
    outer loop
      vertex -8.75249 8.96685 0.349999
      vertex -8.97172 8.97172 0.347084
      vertex 8.98665 8.97172 0.347084
    endloop
  endfacet
  facet normal 0 -0.970053 -0.242895
    outer loop
      vertex -8.75697 8.94258 0.382583
      vertex 8.75733 8.94115 0.388294
      vertex -8.75733 8.94115 0.388294
    endloop
  endfacet
  facet normal 0 -0.970053 -0.242895
    outer loop
      vertex 8.75733 8.94115 0.388294
      vertex -8.75697 8.94258 0.382583
      vertex 8.75697 8.94258 0.382583
    endloop
  endfacet
  facet normal 0 0.427809 -0.903869
    outer loop
      vertex 1.72528 9.02296 0.344566
      vertex 9 9.02828 0.347084
      vertex 9 9.02296 0.344566
    endloop
  endfacet
  facet normal 0 0.427809 -0.903869
    outer loop
      vertex 9 9.02828 0.347084
      vertex 1.72528 9.02296 0.344566
      vertex 1.68408 9.02828 0.347084
    endloop
  endfacet
  facet normal 0 0.998787 -0.0492431
    outer loop
      vertex 0.914425 9.05971 0.394118
      vertex 8.75762 9.06 0.4
      vertex 8.75754 9.05971 0.394118
    endloop
  endfacet
  facet normal 0 0.998787 -0.0492431
    outer loop
      vertex 8.75762 9.06 0.4
      vertex 0.914425 9.05971 0.394118
      vertex 0.818185 9.06 0.4
    endloop
  endfacet
  facet normal 0 -0.998786 0.0492515
    outer loop
      vertex -8.75762 8.94 0.4
      vertex 8.75754 8.94029 0.405881
      vertex -8.75754 8.94029 0.405881
    endloop
  endfacet
  facet normal 0 -0.998786 0.0492515
    outer loop
      vertex 8.75754 8.94029 0.405881
      vertex -8.75762 8.94 0.4
      vertex 8.75762 8.94 0.4
    endloop
  endfacet
  facet normal -0 0.595479 0.803371
    outer loop
      vertex 0.0592232 9.03806 0.446381
      vertex 8.75251 9.03333 0.449887
      vertex 8.75321 9.03806 0.446381
    endloop
  endfacet
  facet normal 0 0.595479 0.803371
    outer loop
      vertex 8.75251 9.03333 0.449887
      vertex 0.0592232 9.03806 0.446381
      vertex 0.00184146 9.03333 0.449887
    endloop
  endfacet
  facet normal -0 0.941184 0.337896
    outer loop
      vertex 0.53318 9.05742 0.417417
      vertex 8.75647 9.05543 0.42296
      vertex 8.75697 9.05742 0.417417
    endloop
  endfacet
  facet normal 0 0.941184 0.337896
    outer loop
      vertex 8.75647 9.05543 0.42296
      vertex 0.53318 9.05742 0.417417
      vertex 0.442465 9.05543 0.42296
    endloop
  endfacet
  facet normal 0 0.903831 -0.427889
    outer loop
      vertex 1.28102 9.05291 0.371716
      vertex 8.75647 9.05543 0.377039
      vertex 8.75584 9.05291 0.371716
    endloop
  endfacet
  facet normal 0 0.903831 -0.427889
    outer loop
      vertex 8.75647 9.05543 0.377039
      vertex 1.28102 9.05291 0.371716
      vertex 1.19391 9.05543 0.377039
    endloop
  endfacet
  facet normal 0 -0.428339 0.903618
    outer loop
      vertex -8.75113 8.97704 0.455432
      vertex 8.7512 8.9755 0.454702
      vertex 8.75113 8.97704 0.455432
    endloop
  endfacet
  facet normal 0 -0.428339 0.903618
    outer loop
      vertex -8.7512 8.9755 0.454702
      vertex 8.7512 8.9755 0.454702
      vertex -8.75113 8.97704 0.455432
    endloop
  endfacet
  facet normal 0 -0.427397 0.904064
    outer loop
      vertex 8.7512 8.9755 0.454702
      vertex -8.7512 8.9755 0.454702
      vertex 8.75176 8.97172 0.452915
    endloop
  endfacet
  facet normal 0 -0.427397 0.904064
    outer loop
      vertex 8.75176 8.97172 0.452915
      vertex -8.7512 8.9755 0.454702
      vertex -8.75176 8.97172 0.452915
    endloop
  endfacet
  facet normal 0 0.989273 -0.146081
    outer loop
      vertex 1.00973 9.05885 0.388294
      vertex 8.75754 9.05971 0.394118
      vertex 8.75733 9.05885 0.388294
    endloop
  endfacet
  facet normal 0 0.989273 -0.146081
    outer loop
      vertex 8.75754 9.05971 0.394118
      vertex 1.00973 9.05885 0.388294
      vertex 0.914425 9.05971 0.394118
    endloop
  endfacet
  facet normal 0 0.146598 -0.989196
    outer loop
      vertex 1.79528 9.00588 0.340288
      vertex 9 9.01171 0.341152
      vertex 9 9.00588 0.340288
    endloop
  endfacet
  facet normal 0 0.146598 -0.989196
    outer loop
      vertex 9 9.01171 0.341152
      vertex 1.79528 9.00588 0.340288
      vertex 1.78114 9.01171 0.341152
    endloop
  endfacet
  facet normal 0 -0.42805 -0.903755
    outer loop
      vertex -8.97172 8.97172 0.347084
      vertex 8.99069 8.97703 0.344569
      vertex 8.98665 8.97172 0.347084
    endloop
  endfacet
  facet normal -4.91799e-05 -0.287303 -0.95784
    outer loop
      vertex -8.97172 8.97172 0.347084
      vertex 8.9907 8.97704 0.344566
      vertex 8.99069 8.97703 0.344569
    endloop
  endfacet
  facet normal -0 -0.427809 -0.903869
    outer loop
      vertex 8.9907 8.97704 0.344566
      vertex -8.97172 8.97172 0.347084
      vertex -8.97704 8.97704 0.344566
    endloop
  endfacet
  facet normal 0 0.941203 -0.337842
    outer loop
      vertex 1.19391 9.05543 0.377039
      vertex 8.75697 9.05742 0.382583
      vertex 8.75647 9.05543 0.377039
    endloop
  endfacet
  facet normal 0 0.941203 -0.337842
    outer loop
      vertex 8.75697 9.05742 0.382583
      vertex 1.19391 9.05543 0.377039
      vertex 1.10319 9.05742 0.382583
    endloop
  endfacet
  facet normal 0 -0.941203 -0.337842
    outer loop
      vertex -8.75647 8.94457 0.377039
      vertex 8.75697 8.94258 0.382583
      vertex -8.75697 8.94258 0.382583
    endloop
  endfacet
  facet normal 0 -0.941203 -0.337842
    outer loop
      vertex 8.75697 8.94258 0.382583
      vertex -8.75647 8.94457 0.377039
      vertex 8.75647 8.94457 0.377039
    endloop
  endfacet
  facet normal 0 -0.595479 0.803371
    outer loop
      vertex -8.75251 8.96667 0.449887
      vertex 8.75321 8.96194 0.446381
      vertex 8.75251 8.96667 0.449887
    endloop
  endfacet
  facet normal 0 -0.595479 0.803371
    outer loop
      vertex 8.75321 8.96194 0.446381
      vertex -8.75251 8.96667 0.449887
      vertex -8.75321 8.96194 0.446381
    endloop
  endfacet
  facet normal 0 -0.595699 -0.803208
    outer loop
      vertex 8.75321 8.96194 0.353619
      vertex -8.75251 8.96667 0.350111
      vertex 8.75251 8.96667 0.350111
    endloop
  endfacet
  facet normal 0 -0.595699 -0.803208
    outer loop
      vertex -8.75251 8.96667 0.350111
      vertex 8.75321 8.96194 0.353619
      vertex -8.75321 8.96194 0.353619
    endloop
  endfacet
  facet normal 0 -0.243095 -0.970002
    outer loop
      vertex -8.98258 8.98258 0.342583
      vertex 8.99926 8.98829 0.341152
      vertex 8.99491 8.98258 0.342583
    endloop
  endfacet
  facet normal -0 -0.243095 -0.970002
    outer loop
      vertex 8.99926 8.98829 0.341152
      vertex -8.98258 8.98258 0.342583
      vertex -8.98829 8.98829 0.341152
    endloop
  endfacet
  facet normal 0 -0.989273 -0.146081
    outer loop
      vertex -8.75733 8.94115 0.388294
      vertex 8.75754 8.94029 0.394118
      vertex -8.75754 8.94029 0.394118
    endloop
  endfacet
  facet normal 0 -0.989273 -0.146081
    outer loop
      vertex 8.75754 8.94029 0.394118
      vertex -8.75733 8.94115 0.388294
      vertex 8.75733 8.94115 0.388294
    endloop
  endfacet
  facet normal -0 0.243095 0.970002
    outer loop
      vertex -0.121349 9.01742 0.457416
      vertex 8.75058 9.01171 0.458847
      vertex 8.75086 9.01742 0.457416
    endloop
  endfacet
  facet normal 0 0.243095 0.970002
    outer loop
      vertex 8.75058 9.01171 0.458847
      vertex -0.121349 9.01742 0.457416
      vertex -0.144773 9.01171 0.458847
    endloop
  endfacet
  facet normal 0 0.337004 -0.941503
    outer loop
      vertex 1.75773 9.01742 0.342583
      vertex 9 9.02296 0.344566
      vertex 9 9.01742 0.342583
    endloop
  endfacet
  facet normal 0 0.337004 -0.941503
    outer loop
      vertex 9 9.02296 0.344566
      vertex 1.75773 9.01742 0.342583
      vertex 1.72528 9.02296 0.344566
    endloop
  endfacet
  facet normal -0 0.903862 0.427824
    outer loop
      vertex 0.442465 9.05543 0.42296
      vertex 8.75584 9.05291 0.428284
      vertex 8.75647 9.05543 0.42296
    endloop
  endfacet
  facet normal 0 0.903862 0.427824
    outer loop
      vertex 8.75584 9.05291 0.428284
      vertex 0.442465 9.05543 0.42296
      vertex 0.355355 9.05291 0.428284
    endloop
  endfacet
  facet normal 1.01534e-06 0.802233 -0.597011
    outer loop
      vertex 1.44105 9.04638 0.361936
      vertex 8.75508 9.04989 0.366665
      vertex 8.7548 9.04877 0.36516
    endloop
  endfacet
  facet normal 0 0.803336 -0.595525
    outer loop
      vertex 1.44105 9.04638 0.361936
      vertex 8.7548 9.04877 0.36516
      vertex 8.75445 9.04638 0.361936
    endloop
  endfacet
  facet normal 0 0.802985 -0.595999
    outer loop
      vertex 8.75508 9.04989 0.366665
      vertex 1.44105 9.04638 0.361936
      vertex 1.36366 9.04989 0.366665
    endloop
  endfacet
  facet normal -0 0.427397 0.904064
    outer loop
      vertex -0.0477063 9.02828 0.452915
      vertex 8.7512 9.0245 0.454702
      vertex 8.75176 9.02828 0.452915
    endloop
  endfacet
  facet normal 4.94802e-07 0.428339 0.903618
    outer loop
      vertex -0.0477063 9.02828 0.452915
      vertex 8.75113 9.02296 0.455432
      vertex 8.7512 9.0245 0.454702
    endloop
  endfacet
  facet normal 0 0.42767 0.903935
    outer loop
      vertex 8.75113 9.02296 0.455432
      vertex -0.0477063 9.02828 0.452915
      vertex -0.0888894 9.02296 0.455432
    endloop
  endfacet
  facet normal 0.000377595 -0.146645 -0.989189
    outer loop
      vertex 8.99926 8.98829 0.341152
      vertex 9 8.99412 0.340288
      vertex 9 8.98927 0.341007
    endloop
  endfacet
  facet normal 0 -0.146598 -0.989196
    outer loop
      vertex -8.98829 8.98829 0.341152
      vertex 9 8.99412 0.340288
      vertex 8.99926 8.98829 0.341152
    endloop
  endfacet
  facet normal -0 -0.146598 -0.989196
    outer loop
      vertex 9 8.99412 0.340288
      vertex -8.98829 8.98829 0.341152
      vertex -8.99412 8.99412 0.340288
    endloop
  endfacet
  facet normal 0 -0.904518 0.426435
    outer loop
      vertex -8.75647 8.94457 0.42296
      vertex 8.75584 8.94708 0.428284
      vertex -8.75584 8.94708 0.428284
    endloop
  endfacet
  facet normal 0 -0.904518 0.426435
    outer loop
      vertex 8.75584 8.94708 0.428284
      vertex -8.75647 8.94457 0.42296
      vertex 8.75647 8.94457 0.42296
    endloop
  endfacet
  facet normal 0 0.513589 -0.858037
    outer loop
      vertex 9 9.02828 0.347084
      vertex 8.75249 9.03315 0.349999
      vertex 9 9.03315 0.349999
    endloop
  endfacet
  facet normal 0 0.513589 -0.858037
    outer loop
      vertex 8.75249 9.03315 0.349999
      vertex 9 9.02828 0.347084
      vertex 1.68408 9.02828 0.347084
    endloop
  endfacet
  facet normal -1.38415e-05 0.528303 -0.849056
    outer loop
      vertex 1.68408 9.02828 0.347084
      vertex 8.75251 9.03333 0.350111
      vertex 8.75249 9.03315 0.349999
    endloop
  endfacet
  facet normal 0 0.514121 -0.857718
    outer loop
      vertex 8.75251 9.03333 0.350111
      vertex 1.68408 9.02828 0.347084
      vertex 1.63454 9.03333 0.350111
    endloop
  endfacet
  facet normal -0 0.741322 0.671149
    outer loop
      vertex 0.195335 9.04638 0.438063
      vertex 8.75386 9.04243 0.442426
      vertex 8.75445 9.04638 0.438063
    endloop
  endfacet
  facet normal 0 0.741322 0.671149
    outer loop
      vertex 8.75386 9.04243 0.442426
      vertex 0.195335 9.04638 0.438063
      vertex 0.12394 9.04243 0.442426
    endloop
  endfacet
  facet normal -0 0.998786 0.0492515
    outer loop
      vertex 0.818185 9.06 0.4
      vertex 8.75754 9.05971 0.405881
      vertex 8.75762 9.06 0.4
    endloop
  endfacet
  facet normal 0 0.998786 0.0492515
    outer loop
      vertex 8.75754 9.05971 0.405881
      vertex 0.818185 9.06 0.4
      vertex 0.721946 9.05971 0.405881
    endloop
  endfacet
  facet normal 4.42019e-07 0.803425 0.595406
    outer loop
      vertex 0.272723 9.04989 0.433333
      vertex 8.75445 9.04638 0.438063
      vertex 8.7548 9.04877 0.434838
    endloop
  endfacet
  facet normal -0 0.802233 0.597011
    outer loop
      vertex 0.272723 9.04989 0.433333
      vertex 8.7548 9.04877 0.434838
      vertex 8.75508 9.04989 0.433333
    endloop
  endfacet
  facet normal 0 0.803046 0.595918
    outer loop
      vertex 8.75445 9.04638 0.438063
      vertex 0.272723 9.04989 0.433333
      vertex 0.195335 9.04638 0.438063
    endloop
  endfacet
  facet normal 0 -0.0489209 0.998803
    outer loop
      vertex -0.163625 9 0.459999
      vertex 8.75029 8.99412 0.459711
      vertex 8.75 9 0.459999
    endloop
  endfacet
  facet normal 0 -0.0489209 0.998803
    outer loop
      vertex -8.75029 8.99412 0.459711
      vertex -0.163625 9 0.459999
      vertex -8.75 9 0.459999
    endloop
  endfacet
  facet normal 0 -0.0489209 0.998803
    outer loop
      vertex -0.163625 9 0.459999
      vertex -8.75029 8.99412 0.459711
      vertex 8.75029 8.99412 0.459711
    endloop
  endfacet
  facet normal -0 0.671024 0.741435
    outer loop
      vertex 0.12394 9.04243 0.442426
      vertex 8.75321 9.03806 0.446381
      vertex 8.75386 9.04243 0.442426
    endloop
  endfacet
  facet normal 0 0.671024 0.741435
    outer loop
      vertex 8.75321 9.03806 0.446381
      vertex 0.12394 9.04243 0.442426
      vertex 0.0592232 9.03806 0.446381
    endloop
  endfacet
  facet normal 0 -0.970063 0.242855
    outer loop
      vertex -8.75733 8.94115 0.411705
      vertex 8.75697 8.94258 0.417417
      vertex -8.75697 8.94258 0.417417
    endloop
  endfacet
  facet normal 0 -0.970063 0.242855
    outer loop
      vertex 8.75697 8.94258 0.417417
      vertex -8.75733 8.94115 0.411705
      vertex 8.75733 8.94115 0.411705
    endloop
  endfacet
  facet normal 0 -0.802233 -0.597011
    outer loop
      vertex -8.7548 8.95123 0.36516
      vertex 8.75508 8.95011 0.366665
      vertex -8.75508 8.95011 0.366665
    endloop
  endfacet
  facet normal 0 -0.802233 -0.597011
    outer loop
      vertex -8.7548 8.95123 0.36516
      vertex 8.7548 8.95123 0.36516
      vertex 8.75508 8.95011 0.366665
    endloop
  endfacet
  facet normal 0 -0.803336 -0.595525
    outer loop
      vertex -8.75445 8.95362 0.361936
      vertex 8.7548 8.95123 0.36516
      vertex -8.7548 8.95123 0.36516
    endloop
  endfacet
  facet normal 0 -0.803336 -0.595525
    outer loop
      vertex 8.7548 8.95123 0.36516
      vertex -8.75445 8.95362 0.361936
      vertex 8.75445 8.95362 0.361936
    endloop
  endfacet
  facet normal 0 -0.989273 0.146081
    outer loop
      vertex -8.75754 8.94029 0.405881
      vertex 8.75733 8.94115 0.411705
      vertex -8.75733 8.94115 0.411705
    endloop
  endfacet
  facet normal 0 -0.989273 0.146081
    outer loop
      vertex 8.75733 8.94115 0.411705
      vertex -8.75754 8.94029 0.405881
      vertex 8.75754 8.94029 0.405881
    endloop
  endfacet
  facet normal 0 0.970053 -0.242895
    outer loop
      vertex 1.10319 9.05742 0.382583
      vertex 8.75733 9.05885 0.388294
      vertex 8.75697 9.05742 0.382583
    endloop
  endfacet
  facet normal 0 0.970053 -0.242895
    outer loop
      vertex 8.75733 9.05885 0.388294
      vertex 1.10319 9.05742 0.382583
      vertex 1.00973 9.05885 0.388294
    endloop
  endfacet
  facet normal 0 -0.146598 0.989196
    outer loop
      vertex -8.75029 8.99412 0.459711
      vertex 8.75058 8.98829 0.458847
      vertex 8.75029 8.99412 0.459711
    endloop
  endfacet
  facet normal 0 -0.146598 0.989196
    outer loop
      vertex 8.75058 8.98829 0.458847
      vertex -8.75029 8.99412 0.459711
      vertex -8.75058 8.98829 0.458847
    endloop
  endfacet
  facet normal 0 -0.998787 -0.0492431
    outer loop
      vertex -8.75754 8.94029 0.394118
      vertex 8.75762 8.94 0.4
      vertex -8.75762 8.94 0.4
    endloop
  endfacet
  facet normal 0 -0.998787 -0.0492431
    outer loop
      vertex 8.75762 8.94 0.4
      vertex -8.75754 8.94029 0.394118
      vertex 8.75754 8.94029 0.394118
    endloop
  endfacet
  facet normal 0 -0.803425 0.595406
    outer loop
      vertex -8.7548 8.95123 0.434838
      vertex 8.75445 8.95362 0.438063
      vertex -8.75445 8.95362 0.438063
    endloop
  endfacet
  facet normal 0 -0.803425 0.595406
    outer loop
      vertex -8.7548 8.95123 0.434838
      vertex 8.7548 8.95123 0.434838
      vertex 8.75445 8.95362 0.438063
    endloop
  endfacet
  facet normal 0 -0.802233 0.597011
    outer loop
      vertex -8.75508 8.95011 0.433333
      vertex 8.7548 8.95123 0.434838
      vertex -8.7548 8.95123 0.434838
    endloop
  endfacet
  facet normal 0 -0.802233 0.597011
    outer loop
      vertex 8.7548 8.95123 0.434838
      vertex -8.75508 8.95011 0.433333
      vertex 8.75508 8.95011 0.433333
    endloop
  endfacet
  facet normal 0 -0.857448 0.514571
    outer loop
      vertex -8.75584 8.94708 0.428284
      vertex 8.75508 8.95011 0.433333
      vertex -8.75508 8.95011 0.433333
    endloop
  endfacet
  facet normal 0 -0.857448 0.514571
    outer loop
      vertex 8.75508 8.95011 0.433333
      vertex -8.75584 8.94708 0.428284
      vertex 8.75584 8.94708 0.428284
    endloop
  endfacet
  facet normal 0 -0.514246 0.857643
    outer loop
      vertex -8.75176 8.97172 0.452915
      vertex 8.75251 8.96667 0.449887
      vertex 8.75176 8.97172 0.452915
    endloop
  endfacet
  facet normal 0 -0.514246 0.857643
    outer loop
      vertex 8.75251 8.96667 0.449887
      vertex -8.75176 8.97172 0.452915
      vertex -8.75251 8.96667 0.449887
    endloop
  endfacet
  facet normal 0 -0.741322 0.671149
    outer loop
      vertex -8.75445 8.95362 0.438063
      vertex 8.75386 8.95757 0.442426
      vertex -8.75386 8.95757 0.442426
    endloop
  endfacet
  facet normal 0 -0.741322 0.671149
    outer loop
      vertex 8.75386 8.95757 0.442426
      vertex -8.75445 8.95362 0.438063
      vertex 8.75445 8.95362 0.438063
    endloop
  endfacet
  facet normal 0 -0.741246 -0.671234
    outer loop
      vertex -8.75386 8.95757 0.357574
      vertex 8.75445 8.95362 0.361936
      vertex -8.75445 8.95362 0.361936
    endloop
  endfacet
  facet normal 0 -0.741246 -0.671234
    outer loop
      vertex 8.75445 8.95362 0.361936
      vertex -8.75386 8.95757 0.357574
      vertex 8.75386 8.95757 0.357574
    endloop
  endfacet
  facet normal -0 0.0489209 0.998803
    outer loop
      vertex -0.158912 9.00588 0.459711
      vertex 8.75 9 0.459999
      vertex 8.75029 9.00588 0.459711
    endloop
  endfacet
  facet normal 0 0.0489209 0.998803
    outer loop
      vertex 8.75 9 0.459999
      vertex -0.158912 9.00588 0.459711
      vertex -0.163625 9 0.459999
    endloop
  endfacet
  facet normal 0 -0.671024 -0.741435
    outer loop
      vertex 8.75386 8.95757 0.357574
      vertex -8.75321 8.96194 0.353619
      vertex 8.75321 8.96194 0.353619
    endloop
  endfacet
  facet normal 0 -0.671024 -0.741435
    outer loop
      vertex -8.75321 8.96194 0.353619
      vertex 8.75386 8.95757 0.357574
      vertex -8.75386 8.95757 0.357574
    endloop
  endfacet
  facet normal 0.146598 0 0.989196
    outer loop
      vertex -8.99412 8.75029 0.459711
      vertex -8.98829 -8.75058 0.458847
      vertex -8.98829 8.75058 0.458847
    endloop
  endfacet
  facet normal 0.146598 0 0.989196
    outer loop
      vertex -8.98829 -8.75058 0.458847
      vertex -8.99412 8.75029 0.459711
      vertex -8.99412 -8.75029 0.459711
    endloop
  endfacet
  facet normal 0.989273 0 -0.146081
    outer loop
      vertex -8.94029 8.75754 0.394118
      vertex -8.94115 -8.75733 0.388294
      vertex -8.94115 8.75733 0.388294
    endloop
  endfacet
  facet normal 0.989273 0 -0.146081
    outer loop
      vertex -8.94115 -8.75733 0.388294
      vertex -8.94029 8.75754 0.394118
      vertex -8.94029 -8.75754 0.394118
    endloop
  endfacet
  facet normal 0.998787 0 -0.0492431
    outer loop
      vertex -8.94 8.75762 0.4
      vertex -8.94029 -8.75754 0.394118
      vertex -8.94029 8.75754 0.394118
    endloop
  endfacet
  facet normal 0.998787 0 -0.0492431
    outer loop
      vertex -8.94029 -8.75754 0.394118
      vertex -8.94 8.75762 0.4
      vertex -8.94 -8.75762 0.4
    endloop
  endfacet
  facet normal 0.970053 0 -0.242895
    outer loop
      vertex -8.94115 8.75733 0.388294
      vertex -8.94258 -8.75697 0.382583
      vertex -8.94258 8.75697 0.382583
    endloop
  endfacet
  facet normal 0.970053 0 -0.242895
    outer loop
      vertex -8.94258 -8.75697 0.382583
      vertex -8.94115 8.75733 0.388294
      vertex -8.94115 -8.75733 0.388294
    endloop
  endfacet
  facet normal 0.857448 -0 0.514571
    outer loop
      vertex -8.95011 -8.75508 0.433333
      vertex -8.94708 8.75584 0.428284
      vertex -8.95011 8.75508 0.433333
    endloop
  endfacet
  facet normal 0.857448 0 0.514571
    outer loop
      vertex -8.94708 8.75584 0.428284
      vertex -8.95011 -8.75508 0.433333
      vertex -8.94708 -8.75584 0.428284
    endloop
  endfacet
  facet normal 0.427397 0 0.904064
    outer loop
      vertex -8.9755 8.7512 0.454702
      vertex -8.97172 -8.75176 0.452915
      vertex -8.97172 8.75176 0.452915
    endloop
  endfacet
  facet normal 0.427397 0 0.904064
    outer loop
      vertex -8.9755 8.7512 0.454702
      vertex -8.9755 -8.7512 0.454702
      vertex -8.97172 -8.75176 0.452915
    endloop
  endfacet
  facet normal 0.428339 0 0.903618
    outer loop
      vertex -8.97704 8.75113 0.455432
      vertex -8.9755 -8.7512 0.454702
      vertex -8.9755 8.7512 0.454702
    endloop
  endfacet
  facet normal 0.428339 0 0.903618
    outer loop
      vertex -8.9755 -8.7512 0.454702
      vertex -8.97704 8.75113 0.455432
      vertex -8.97704 -8.75113 0.455432
    endloop
  endfacet
  facet normal 0.998786 -0 0.0492515
    outer loop
      vertex -8.94029 -8.75754 0.405881
      vertex -8.94 8.75762 0.4
      vertex -8.94029 8.75754 0.405881
    endloop
  endfacet
  facet normal 0.998786 0 0.0492515
    outer loop
      vertex -8.94 8.75762 0.4
      vertex -8.94029 -8.75754 0.405881
      vertex -8.94 -8.75762 0.4
    endloop
  endfacet
  facet normal 0.904518 -0 0.426435
    outer loop
      vertex -8.94708 -8.75584 0.428284
      vertex -8.94457 8.75647 0.42296
      vertex -8.94708 8.75584 0.428284
    endloop
  endfacet
  facet normal 0.904518 0 0.426435
    outer loop
      vertex -8.94457 8.75647 0.42296
      vertex -8.94708 -8.75584 0.428284
      vertex -8.94457 -8.75647 0.42296
    endloop
  endfacet
  facet normal 0.671024 0 -0.741435
    outer loop
      vertex -8.96194 -8.75321 0.353619
      vertex -8.95757 8.75386 0.357574
      vertex -8.95757 -8.75386 0.357574
    endloop
  endfacet
  facet normal 0.671024 0 -0.741435
    outer loop
      vertex -8.95757 8.75386 0.357574
      vertex -8.96194 -8.75321 0.353619
      vertex -8.96194 8.75321 0.353619
    endloop
  endfacet
  facet normal 0.427809 0 -0.903869
    outer loop
      vertex -8.97704 -8.97704 0.344566
      vertex -8.97172 8.97172 0.347084
      vertex -8.97172 -8.97172 0.347084
    endloop
  endfacet
  facet normal 0.427809 0 -0.903869
    outer loop
      vertex -8.97172 8.97172 0.347084
      vertex -8.97704 -8.97704 0.344566
      vertex -8.97704 8.97704 0.344566
    endloop
  endfacet
  facet normal 0.595699 0 -0.803208
    outer loop
      vertex -8.96667 -8.75251 0.350111
      vertex -8.96194 8.75321 0.353619
      vertex -8.96194 -8.75321 0.353619
    endloop
  endfacet
  facet normal 0.595699 0 -0.803208
    outer loop
      vertex -8.96194 8.75321 0.353619
      vertex -8.96667 -8.75251 0.350111
      vertex -8.96667 8.75251 0.350111
    endloop
  endfacet
  facet normal 0.595479 0 0.803371
    outer loop
      vertex -8.96667 8.75251 0.449887
      vertex -8.96194 -8.75321 0.446381
      vertex -8.96194 8.75321 0.446381
    endloop
  endfacet
  facet normal 0.595479 0 0.803371
    outer loop
      vertex -8.96194 -8.75321 0.446381
      vertex -8.96667 8.75251 0.449887
      vertex -8.96667 -8.75251 0.449887
    endloop
  endfacet
  facet normal 0.803336 0 -0.595525
    outer loop
      vertex -8.95123 8.7548 0.36516
      vertex -8.95362 -8.75445 0.361936
      vertex -8.95362 8.75445 0.361936
    endloop
  endfacet
  facet normal 0.802233 0 -0.597011
    outer loop
      vertex -8.95123 -8.7548 0.36516
      vertex -8.95123 8.7548 0.36516
      vertex -8.95011 8.75508 0.366665
    endloop
  endfacet
  facet normal 0.803336 0 -0.595525
    outer loop
      vertex -8.95123 8.7548 0.36516
      vertex -8.95123 -8.7548 0.36516
      vertex -8.95362 -8.75445 0.361936
    endloop
  endfacet
  facet normal 0.802233 0 -0.597011
    outer loop
      vertex -8.95123 -8.7548 0.36516
      vertex -8.95011 8.75508 0.366665
      vertex -8.95011 -8.75508 0.366665
    endloop
  endfacet
  facet normal 0.513589 0 -0.858037
    outer loop
      vertex -8.97172 -8.97172 0.347084
      vertex -8.96685 -8.75249 0.349999
      vertex -8.96685 -8.96685 0.349999
    endloop
  endfacet
  facet normal 0.513589 0 -0.858037
    outer loop
      vertex -8.96685 -8.75249 0.349999
      vertex -8.97172 -8.97172 0.347084
      vertex -8.96685 8.75249 0.349999
    endloop
  endfacet
  facet normal 0.513589 0 -0.858037
    outer loop
      vertex -8.97172 8.97172 0.347084
      vertex -8.96685 8.75249 0.349999
      vertex -8.97172 -8.97172 0.347084
    endloop
  endfacet
  facet normal 0.513589 0 -0.858037
    outer loop
      vertex -8.96685 8.75249 0.349999
      vertex -8.97172 8.97172 0.347084
      vertex -8.96685 8.96685 0.349999
    endloop
  endfacet
  facet normal 0.528302 0 -0.849057
    outer loop
      vertex -8.96685 -8.75249 0.349999
      vertex -8.96667 8.75251 0.350111
      vertex -8.96667 -8.75251 0.350111
    endloop
  endfacet
  facet normal 0.528302 0 -0.849057
    outer loop
      vertex -8.96667 8.75251 0.350111
      vertex -8.96685 -8.75249 0.349999
      vertex -8.96685 8.75249 0.349999
    endloop
  endfacet
  facet normal 0.803425 -0 0.595406
    outer loop
      vertex -8.95362 -8.75445 0.438063
      vertex -8.95123 8.7548 0.434838
      vertex -8.95362 8.75445 0.438063
    endloop
  endfacet
  facet normal 0.803425 -0 0.595406
    outer loop
      vertex -8.95123 -8.7548 0.434838
      vertex -8.95123 8.7548 0.434838
      vertex -8.95362 -8.75445 0.438063
    endloop
  endfacet
  facet normal 0.802233 0 0.597011
    outer loop
      vertex -8.95123 8.7548 0.434838
      vertex -8.95123 -8.7548 0.434838
      vertex -8.95011 8.75508 0.433333
    endloop
  endfacet
  facet normal 0.802233 0 0.597011
    outer loop
      vertex -8.95011 8.75508 0.433333
      vertex -8.95123 -8.7548 0.434838
      vertex -8.95011 -8.75508 0.433333
    endloop
  endfacet
  facet normal 0.0490904 0 -0.998794
    outer loop
      vertex -9 -9 0.339999
      vertex -8.99412 8.99412 0.340288
      vertex -8.99412 -8.99412 0.340288
    endloop
  endfacet
  facet normal 0.0490904 0 -0.998794
    outer loop
      vertex -8.99412 8.99412 0.340288
      vertex -9 -9 0.339999
      vertex -9 9 0.339999
    endloop
  endfacet
  facet normal 0.941203 0 -0.337842
    outer loop
      vertex -8.94258 8.75697 0.382583
      vertex -8.94457 -8.75647 0.377039
      vertex -8.94457 8.75647 0.377039
    endloop
  endfacet
  facet normal 0.941203 0 -0.337842
    outer loop
      vertex -8.94457 -8.75647 0.377039
      vertex -8.94258 8.75697 0.382583
      vertex -8.94258 -8.75697 0.382583
    endloop
  endfacet
  facet normal 0.970063 -0 0.242855
    outer loop
      vertex -8.94258 -8.75697 0.417417
      vertex -8.94115 8.75733 0.411705
      vertex -8.94258 8.75697 0.417417
    endloop
  endfacet
  facet normal 0.970063 0 0.242855
    outer loop
      vertex -8.94115 8.75733 0.411705
      vertex -8.94258 -8.75697 0.417417
      vertex -8.94115 -8.75733 0.411705
    endloop
  endfacet
  facet normal 0.904487 0 -0.426501
    outer loop
      vertex -8.94457 8.75647 0.377039
      vertex -8.94708 -8.75584 0.371716
      vertex -8.94708 8.75584 0.371716
    endloop
  endfacet
  facet normal 0.904487 0 -0.426501
    outer loop
      vertex -8.94708 -8.75584 0.371716
      vertex -8.94457 8.75647 0.377039
      vertex -8.94457 -8.75647 0.377039
    endloop
  endfacet
  facet normal 0.989273 -0 0.146081
    outer loop
      vertex -8.94115 -8.75733 0.411705
      vertex -8.94029 8.75754 0.405881
      vertex -8.94115 8.75733 0.411705
    endloop
  endfacet
  facet normal 0.989273 0 0.146081
    outer loop
      vertex -8.94029 8.75754 0.405881
      vertex -8.94115 -8.75733 0.411705
      vertex -8.94029 -8.75754 0.405881
    endloop
  endfacet
  facet normal 0.243095 0 -0.970002
    outer loop
      vertex -8.98829 -8.98829 0.341152
      vertex -8.98258 8.98258 0.342583
      vertex -8.98258 -8.98258 0.342583
    endloop
  endfacet
  facet normal 0.243095 0 -0.970002
    outer loop
      vertex -8.98258 8.98258 0.342583
      vertex -8.98829 -8.98829 0.341152
      vertex -8.98829 8.98829 0.341152
    endloop
  endfacet
  facet normal 0.857538 0 -0.514421
    outer loop
      vertex -8.94708 8.75584 0.371716
      vertex -8.95011 -8.75508 0.366665
      vertex -8.95011 8.75508 0.366665
    endloop
  endfacet
  facet normal 0.857538 0 -0.514421
    outer loop
      vertex -8.95011 -8.75508 0.366665
      vertex -8.94708 8.75584 0.371716
      vertex -8.94708 -8.75584 0.371716
    endloop
  endfacet
  facet normal 0.337004 0 -0.941503
    outer loop
      vertex -8.98258 -8.98258 0.342583
      vertex -8.97704 8.97704 0.344566
      vertex -8.97704 -8.97704 0.344566
    endloop
  endfacet
  facet normal 0.337004 0 -0.941503
    outer loop
      vertex -8.97704 8.97704 0.344566
      vertex -8.98258 -8.98258 0.342583
      vertex -8.98258 8.98258 0.342583
    endloop
  endfacet
  facet normal 0.514246 0 0.857643
    outer loop
      vertex -8.97172 8.75176 0.452915
      vertex -8.96667 -8.75251 0.449887
      vertex -8.96667 8.75251 0.449887
    endloop
  endfacet
  facet normal 0.514246 0 0.857643
    outer loop
      vertex -8.96667 -8.75251 0.449887
      vertex -8.97172 8.75176 0.452915
      vertex -8.97172 -8.75176 0.452915
    endloop
  endfacet
  facet normal 0.741246 0 -0.671234
    outer loop
      vertex -8.95362 8.75445 0.361936
      vertex -8.95757 -8.75386 0.357574
      vertex -8.95757 8.75386 0.357574
    endloop
  endfacet
  facet normal 0.741246 0 -0.671234
    outer loop
      vertex -8.95757 -8.75386 0.357574
      vertex -8.95362 8.75445 0.361936
      vertex -8.95362 -8.75445 0.361936
    endloop
  endfacet
  facet normal 0.146598 0 -0.989196
    outer loop
      vertex -8.99412 -8.99412 0.340288
      vertex -8.98829 8.98829 0.341152
      vertex -8.98829 -8.98829 0.341152
    endloop
  endfacet
  facet normal 0.146598 0 -0.989196
    outer loop
      vertex -8.98829 8.98829 0.341152
      vertex -8.99412 -8.99412 0.340288
      vertex -8.99412 8.99412 0.340288
    endloop
  endfacet
  facet normal 0.0489209 0 0.998803
    outer loop
      vertex -9 8.75 0.459999
      vertex -8.99412 -8.75029 0.459711
      vertex -8.99412 8.75029 0.459711
    endloop
  endfacet
  facet normal 0.0489209 0 0.998803
    outer loop
      vertex -8.99412 -8.75029 0.459711
      vertex -9 8.75 0.459999
      vertex -9 -8.75 0.459999
    endloop
  endfacet
  facet normal 0.941184 -0 0.337896
    outer loop
      vertex -8.94457 -8.75647 0.42296
      vertex -8.94258 8.75697 0.417417
      vertex -8.94457 8.75647 0.42296
    endloop
  endfacet
  facet normal 0.941184 0 0.337896
    outer loop
      vertex -8.94258 8.75697 0.417417
      vertex -8.94457 -8.75647 0.42296
      vertex -8.94258 -8.75697 0.417417
    endloop
  endfacet
  facet normal 0.337154 0 0.941449
    outer loop
      vertex -8.98258 8.75086 0.457416
      vertex -8.97704 -8.75113 0.455432
      vertex -8.97704 8.75113 0.455432
    endloop
  endfacet
  facet normal 0.337154 0 0.941449
    outer loop
      vertex -8.97704 -8.75113 0.455432
      vertex -8.98258 8.75086 0.457416
      vertex -8.98258 -8.75086 0.457416
    endloop
  endfacet
  facet normal 0.243095 0 0.970002
    outer loop
      vertex -8.98829 8.75058 0.458847
      vertex -8.98258 -8.75086 0.457416
      vertex -8.98258 8.75086 0.457416
    endloop
  endfacet
  facet normal 0.243095 0 0.970002
    outer loop
      vertex -8.98258 -8.75086 0.457416
      vertex -8.98829 8.75058 0.458847
      vertex -8.98829 -8.75058 0.458847
    endloop
  endfacet
  facet normal 0.741322 -0 0.671149
    outer loop
      vertex -8.95757 -8.75386 0.442426
      vertex -8.95362 8.75445 0.438063
      vertex -8.95757 8.75386 0.442426
    endloop
  endfacet
  facet normal 0.741322 0 0.671149
    outer loop
      vertex -8.95362 8.75445 0.438063
      vertex -8.95757 -8.75386 0.442426
      vertex -8.95362 -8.75445 0.438063
    endloop
  endfacet
  facet normal 0.671024 0 0.741435
    outer loop
      vertex -8.96194 8.75321 0.446381
      vertex -8.95757 -8.75386 0.442426
      vertex -8.95757 8.75386 0.442426
    endloop
  endfacet
  facet normal 0.671024 0 0.741435
    outer loop
      vertex -8.95757 -8.75386 0.442426
      vertex -8.96194 8.75321 0.446381
      vertex -8.96194 -8.75321 0.446381
    endloop
  endfacet
  facet normal 0 0.243095 -0.970002
    outer loop
      vertex -8.98829 -8.98829 0.341152
      vertex 13.9771 -8.98258 0.342583
      vertex 13.9846 -8.98829 0.341152
    endloop
  endfacet
  facet normal 0 0.243095 -0.970002
    outer loop
      vertex 13.9771 -8.98258 0.342583
      vertex -8.98829 -8.98829 0.341152
      vertex -8.98258 -8.98258 0.342583
    endloop
  endfacet
  facet normal 0 0.337154 0.941449
    outer loop
      vertex 13.7511 -8.97704 0.455432
      vertex -8.75086 -8.98258 0.457416
      vertex 13.7509 -8.98258 0.457416
    endloop
  endfacet
  facet normal 0 0.337154 0.941449
    outer loop
      vertex -8.75086 -8.98258 0.457416
      vertex 13.7511 -8.97704 0.455432
      vertex -8.75113 -8.97704 0.455432
    endloop
  endfacet
  facet normal 0 0.970063 0.242855
    outer loop
      vertex 13.7573 -8.94115 0.411705
      vertex -8.75697 -8.94258 0.417417
      vertex 13.757 -8.94258 0.417417
    endloop
  endfacet
  facet normal 0 0.970063 0.242855
    outer loop
      vertex -8.75697 -8.94258 0.417417
      vertex 13.7573 -8.94115 0.411705
      vertex -8.75733 -8.94115 0.411705
    endloop
  endfacet
  facet normal 0 0.989273 0.146081
    outer loop
      vertex 13.7575 -8.94029 0.405881
      vertex -8.75733 -8.94115 0.411705
      vertex 13.7573 -8.94115 0.411705
    endloop
  endfacet
  facet normal 0 0.989273 0.146081
    outer loop
      vertex -8.75733 -8.94115 0.411705
      vertex 13.7575 -8.94029 0.405881
      vertex -8.75754 -8.94029 0.405881
    endloop
  endfacet
  facet normal 0 -0.858287 -0.513171
    outer loop
      vertex -8.75508 -9.04989 0.366665
      vertex 13.7558 -9.05291 0.371716
      vertex -8.75584 -9.05291 0.371716
    endloop
  endfacet
  facet normal 0 -0.858287 -0.513171
    outer loop
      vertex 13.7558 -9.05291 0.371716
      vertex -8.75508 -9.04989 0.366665
      vertex 13.7551 -9.04989 0.366665
    endloop
  endfacet
  facet normal 0 -0.0490904 -0.998794
    outer loop
      vertex -9 -9.00588 0.340288
      vertex 14 -9 0.339999
      vertex 14 -9.00588 0.340288
    endloop
  endfacet
  facet normal -0 -0.0490904 -0.998794
    outer loop
      vertex 14 -9 0.339999
      vertex -9 -9.00588 0.340288
      vertex -9 -9 0.339999
    endloop
  endfacet
  facet normal 0 0.0490904 -0.998794
    outer loop
      vertex -9 -9 0.339999
      vertex 13.9923 -8.99412 0.340288
      vertex 14 -9 0.339999
    endloop
  endfacet
  facet normal 0 0.0490904 -0.998794
    outer loop
      vertex 13.9923 -8.99412 0.340288
      vertex -9 -9 0.339999
      vertex -8.99412 -8.99412 0.340288
    endloop
  endfacet
  facet normal 0 -0.337004 -0.941503
    outer loop
      vertex -9 -9.02296 0.344566
      vertex 14 -9.01742 0.342583
      vertex 14 -9.02296 0.344566
    endloop
  endfacet
  facet normal -0 -0.337004 -0.941503
    outer loop
      vertex 14 -9.01742 0.342583
      vertex -9 -9.02296 0.344566
      vertex -9 -9.01742 0.342583
    endloop
  endfacet
  facet normal 0 0.741246 -0.671234
    outer loop
      vertex 13.7539 -8.95757 0.357574
      vertex -8.75445 -8.95362 0.361936
      vertex 13.7544 -8.95362 0.361936
    endloop
  endfacet
  facet normal 0 0.741246 -0.671234
    outer loop
      vertex -8.75445 -8.95362 0.361936
      vertex 13.7539 -8.95757 0.357574
      vertex -8.75386 -8.95757 0.357574
    endloop
  endfacet
  facet normal 0 -0.243095 0.970002
    outer loop
      vertex -8.75058 -9.01171 0.458847
      vertex 13.7509 -9.01742 0.457416
      vertex 13.7506 -9.01171 0.458847
    endloop
  endfacet
  facet normal 0 -0.243095 0.970002
    outer loop
      vertex 13.7509 -9.01742 0.457416
      vertex -8.75058 -9.01171 0.458847
      vertex -8.75086 -9.01742 0.457416
    endloop
  endfacet
  facet normal 0 -0.941184 0.337896
    outer loop
      vertex -8.75697 -9.05742 0.417417
      vertex 13.7565 -9.05543 0.42296
      vertex -8.75647 -9.05543 0.42296
    endloop
  endfacet
  facet normal 0 -0.941184 0.337896
    outer loop
      vertex 13.7565 -9.05543 0.42296
      vertex -8.75697 -9.05742 0.417417
      vertex 13.757 -9.05742 0.417417
    endloop
  endfacet
  facet normal 0 -0.671024 0.741435
    outer loop
      vertex -8.75321 -9.03806 0.446381
      vertex 13.7539 -9.04243 0.442426
      vertex 13.7532 -9.03806 0.446381
    endloop
  endfacet
  facet normal 0 -0.671024 0.741435
    outer loop
      vertex 13.7539 -9.04243 0.442426
      vertex -8.75321 -9.03806 0.446381
      vertex -8.75386 -9.04243 0.442426
    endloop
  endfacet
  facet normal 0 0.857448 0.514571
    outer loop
      vertex 13.7558 -8.94708 0.428284
      vertex -8.75508 -8.95011 0.433333
      vertex 13.7551 -8.95011 0.433333
    endloop
  endfacet
  facet normal 0 0.857448 0.514571
    outer loop
      vertex -8.75508 -8.95011 0.433333
      vertex 13.7558 -8.94708 0.428284
      vertex -8.75584 -8.94708 0.428284
    endloop
  endfacet
  facet normal 0 0.671024 -0.741435
    outer loop
      vertex -8.75321 -8.96194 0.353619
      vertex 13.7539 -8.95757 0.357574
      vertex 13.7532 -8.96194 0.353619
    endloop
  endfacet
  facet normal 0 0.671024 -0.741435
    outer loop
      vertex 13.7539 -8.95757 0.357574
      vertex -8.75321 -8.96194 0.353619
      vertex -8.75386 -8.95757 0.357574
    endloop
  endfacet
  facet normal 0 0.857538 -0.514421
    outer loop
      vertex 13.7551 -8.95011 0.366665
      vertex -8.75584 -8.94708 0.371716
      vertex 13.7558 -8.94708 0.371716
    endloop
  endfacet
  facet normal 0 0.857538 -0.514421
    outer loop
      vertex -8.75584 -8.94708 0.371716
      vertex 13.7551 -8.95011 0.366665
      vertex -8.75508 -8.95011 0.366665
    endloop
  endfacet
  facet normal 1 0 0
    outer loop
      vertex 14 -9 0.349999
      vertex 14 -9.00588 0.340288
      vertex 14 -9 0.339999
    endloop
  endfacet
  facet normal 1 0 0
    outer loop
      vertex 14 -9 0.349999
      vertex 14 -9.01171 0.341152
      vertex 14 -9.00588 0.340288
    endloop
  endfacet
  facet normal 1 0 0
    outer loop
      vertex 14 -9 0.349999
      vertex 14 -9.01742 0.342583
      vertex 14 -9.01171 0.341152
    endloop
  endfacet
  facet normal 1 0 0
    outer loop
      vertex 14 -9 0.349999
      vertex 14 -9.02296 0.344566
      vertex 14 -9.01742 0.342583
    endloop
  endfacet
  facet normal 1 0 0
    outer loop
      vertex 14 -9 0.349999
      vertex 14 -9.02828 0.347084
      vertex 14 -9.02296 0.344566
    endloop
  endfacet
  facet normal 1 0 -0
    outer loop
      vertex 14 -9.02828 0.347084
      vertex 14 -9 0.349999
      vertex 14 -9.03315 0.349999
    endloop
  endfacet
  facet normal 0 -0.903831 -0.427889
    outer loop
      vertex -8.75584 -9.05291 0.371716
      vertex 13.7565 -9.05543 0.377039
      vertex -8.75647 -9.05543 0.377039
    endloop
  endfacet
  facet normal 0 -0.903831 -0.427889
    outer loop
      vertex 13.7565 -9.05543 0.377039
      vertex -8.75584 -9.05291 0.371716
      vertex 13.7558 -9.05291 0.371716
    endloop
  endfacet
  facet normal 0 0.595699 -0.803208
    outer loop
      vertex -8.75251 -8.96667 0.350111
      vertex 13.7532 -8.96194 0.353619
      vertex 13.7525 -8.96667 0.350111
    endloop
  endfacet
  facet normal 0 0.595699 -0.803208
    outer loop
      vertex 13.7532 -8.96194 0.353619
      vertex -8.75251 -8.96667 0.350111
      vertex -8.75321 -8.96194 0.353619
    endloop
  endfacet
  facet normal 0 0.146598 0.989196
    outer loop
      vertex 13.7506 -8.98829 0.458847
      vertex -8.75029 -8.99412 0.459711
      vertex 13.7503 -8.99412 0.459711
    endloop
  endfacet
  facet normal 0 0.146598 0.989196
    outer loop
      vertex -8.75029 -8.99412 0.459711
      vertex 13.7506 -8.98829 0.458847
      vertex -8.75058 -8.98829 0.458847
    endloop
  endfacet
  facet normal 0 -0.337154 0.941449
    outer loop
      vertex -8.75086 -9.01742 0.457416
      vertex 13.7511 -9.02296 0.455432
      vertex 13.7509 -9.01742 0.457416
    endloop
  endfacet
  facet normal 0 -0.337154 0.941449
    outer loop
      vertex 13.7511 -9.02296 0.455432
      vertex -8.75086 -9.01742 0.457416
      vertex -8.75113 -9.02296 0.455432
    endloop
  endfacet
  facet normal 0 0.514246 0.857643
    outer loop
      vertex 13.7525 -8.96667 0.449887
      vertex -8.75176 -8.97172 0.452915
      vertex 13.7518 -8.97172 0.452915
    endloop
  endfacet
  facet normal 0 0.514246 0.857643
    outer loop
      vertex -8.75176 -8.97172 0.452915
      vertex 13.7525 -8.96667 0.449887
      vertex -8.75251 -8.96667 0.449887
    endloop
  endfacet
  facet normal 0 -0.528302 -0.849057
    outer loop
      vertex 13.7525 -9.03333 0.350111
      vertex -8.75249 -9.03315 0.349999
      vertex 13.7525 -9.03315 0.349999
    endloop
  endfacet
  facet normal 0 -0.528302 -0.849057
    outer loop
      vertex -8.75249 -9.03315 0.349999
      vertex 13.7525 -9.03333 0.350111
      vertex -8.75251 -9.03333 0.350111
    endloop
  endfacet
  facet normal 0 -0.513589 -0.858037
    outer loop
      vertex 13.7525 -9.03315 0.349999
      vertex 14 -9.02828 0.347084
      vertex 14 -9.03315 0.349999
    endloop
  endfacet
  facet normal 0 -0.513589 -0.858037
    outer loop
      vertex -8.75249 -9.03315 0.349999
      vertex 14 -9.02828 0.347084
      vertex 13.7525 -9.03315 0.349999
    endloop
  endfacet
  facet normal 0 -0.513589 -0.858037
    outer loop
      vertex -9 -9.02828 0.347084
      vertex -8.75249 -9.03315 0.349999
      vertex -9 -9.03315 0.349999
    endloop
  endfacet
  facet normal 0 -0.513589 -0.858037
    outer loop
      vertex -8.75249 -9.03315 0.349999
      vertex -9 -9.02828 0.347084
      vertex 14 -9.02828 0.347084
    endloop
  endfacet
  facet normal 0 -0.671024 -0.741435
    outer loop
      vertex 13.7539 -9.04243 0.357574
      vertex -8.75321 -9.03806 0.353619
      vertex 13.7532 -9.03806 0.353619
    endloop
  endfacet
  facet normal 0 -0.671024 -0.741435
    outer loop
      vertex -8.75321 -9.03806 0.353619
      vertex 13.7539 -9.04243 0.357574
      vertex -8.75386 -9.04243 0.357574
    endloop
  endfacet
  facet normal -1 0 0
    outer loop
      vertex -9 -9.00588 0.340288
      vertex -9 -9 0.349999
      vertex -9 -9 0.339999
    endloop
  endfacet
  facet normal -1 0 0
    outer loop
      vertex -9 -9.01171 0.341152
      vertex -9 -9 0.349999
      vertex -9 -9.00588 0.340288
    endloop
  endfacet
  facet normal -1 0 0
    outer loop
      vertex -9 -9.01742 0.342583
      vertex -9 -9 0.349999
      vertex -9 -9.01171 0.341152
    endloop
  endfacet
  facet normal -1 0 0
    outer loop
      vertex -9 -9.02296 0.344566
      vertex -9 -9 0.349999
      vertex -9 -9.01742 0.342583
    endloop
  endfacet
  facet normal -1 0 0
    outer loop
      vertex -9 -9.02828 0.347084
      vertex -9 -9 0.349999
      vertex -9 -9.02296 0.344566
    endloop
  endfacet
  facet normal -1 -0 0
    outer loop
      vertex -9 -9 0.349999
      vertex -9 -9.02828 0.347084
      vertex -9 -9.03315 0.349999
    endloop
  endfacet
  facet normal 0 -0.970053 -0.242895
    outer loop
      vertex -8.75697 -9.05742 0.382583
      vertex 13.7573 -9.05885 0.388294
      vertex -8.75733 -9.05885 0.388294
    endloop
  endfacet
  facet normal 0 -0.970053 -0.242895
    outer loop
      vertex 13.7573 -9.05885 0.388294
      vertex -8.75697 -9.05742 0.382583
      vertex 13.757 -9.05742 0.382583
    endloop
  endfacet
  facet normal -0.0181411 -0.44714 0.89428
    outer loop
      vertex 13.9698 -8.97704 0.344566
      vertex 13.9628 -8.97172 0.347084
      vertex 13.9628 -8.97173 0.347079
    endloop
  endfacet
  facet normal 0 0.427809 -0.903869
    outer loop
      vertex -8.97704 -8.97704 0.344566
      vertex 13.9628 -8.97172 0.347084
      vertex 13.9698 -8.97704 0.344566
    endloop
  endfacet
  facet normal 0 0.427809 -0.903869
    outer loop
      vertex 13.9628 -8.97172 0.347084
      vertex -8.97704 -8.97704 0.344566
      vertex -8.97172 -8.97172 0.347084
    endloop
  endfacet
  facet normal 0 0.998787 -0.0492431
    outer loop
      vertex 13.7575 -8.94029 0.394118
      vertex -8.75762 -8.94 0.4
      vertex 13.7576 -8.94 0.4
    endloop
  endfacet
  facet normal 0 0.998787 -0.0492431
    outer loop
      vertex -8.75762 -8.94 0.4
      vertex 13.7575 -8.94029 0.394118
      vertex -8.75754 -8.94029 0.394118
    endloop
  endfacet
  facet normal 0 -0.998786 0.0492515
    outer loop
      vertex -8.75762 -9.06 0.4
      vertex 13.7575 -9.05971 0.405881
      vertex -8.75754 -9.05971 0.405881
    endloop
  endfacet
  facet normal 0 -0.998786 0.0492515
    outer loop
      vertex 13.7575 -9.05971 0.405881
      vertex -8.75762 -9.06 0.4
      vertex 13.7576 -9.06 0.4
    endloop
  endfacet
  facet normal 0 0.595479 0.803371
    outer loop
      vertex 13.7532 -8.96194 0.446381
      vertex -8.75251 -8.96667 0.449887
      vertex 13.7525 -8.96667 0.449887
    endloop
  endfacet
  facet normal 0 0.595479 0.803371
    outer loop
      vertex -8.75251 -8.96667 0.449887
      vertex 13.7532 -8.96194 0.446381
      vertex -8.75321 -8.96194 0.446381
    endloop
  endfacet
  facet normal 0 0.941184 0.337896
    outer loop
      vertex 13.757 -8.94258 0.417417
      vertex -8.75647 -8.94457 0.42296
      vertex 13.7565 -8.94457 0.42296
    endloop
  endfacet
  facet normal 0 0.941184 0.337896
    outer loop
      vertex -8.75647 -8.94457 0.42296
      vertex 13.757 -8.94258 0.417417
      vertex -8.75697 -8.94258 0.417417
    endloop
  endfacet
  facet normal 0 0.904487 -0.426501
    outer loop
      vertex 13.7558 -8.94708 0.371716
      vertex -8.75647 -8.94457 0.377039
      vertex 13.7565 -8.94457 0.377039
    endloop
  endfacet
  facet normal 0 0.904487 -0.426501
    outer loop
      vertex -8.75647 -8.94457 0.377039
      vertex 13.7558 -8.94708 0.371716
      vertex -8.75584 -8.94708 0.371716
    endloop
  endfacet
  facet normal 0 -0.428339 0.903618
    outer loop
      vertex -8.75113 -9.02296 0.455432
      vertex 13.7512 -9.0245 0.454702
      vertex 13.7511 -9.02296 0.455432
    endloop
  endfacet
  facet normal 0 -0.428339 0.903618
    outer loop
      vertex -8.7512 -9.0245 0.454702
      vertex 13.7512 -9.0245 0.454702
      vertex -8.75113 -9.02296 0.455432
    endloop
  endfacet
  facet normal 0 -0.427397 0.904064
    outer loop
      vertex 13.7512 -9.0245 0.454702
      vertex -8.7512 -9.0245 0.454702
      vertex 13.7518 -9.02828 0.452915
    endloop
  endfacet
  facet normal 0 -0.427397 0.904064
    outer loop
      vertex 13.7518 -9.02828 0.452915
      vertex -8.7512 -9.0245 0.454702
      vertex -8.75176 -9.02828 0.452915
    endloop
  endfacet
  facet normal 0 0.989273 -0.146081
    outer loop
      vertex 13.7573 -8.94115 0.388294
      vertex -8.75754 -8.94029 0.394118
      vertex 13.7575 -8.94029 0.394118
    endloop
  endfacet
  facet normal 0 0.989273 -0.146081
    outer loop
      vertex -8.75754 -8.94029 0.394118
      vertex 13.7573 -8.94115 0.388294
      vertex -8.75733 -8.94115 0.388294
    endloop
  endfacet
  facet normal 0.0362885 -0.0994382 0.994382
    outer loop
      vertex 13.9923 -8.99412 0.340288
      vertex 13.9846 -8.98829 0.341152
      vertex 13.9846 -8.9883 0.341151
    endloop
  endfacet
  facet normal 0 0.146598 -0.989196
    outer loop
      vertex -8.99412 -8.99412 0.340288
      vertex 13.9846 -8.98829 0.341152
      vertex 13.9923 -8.99412 0.340288
    endloop
  endfacet
  facet normal 0 0.146598 -0.989196
    outer loop
      vertex 13.9846 -8.98829 0.341152
      vertex -8.99412 -8.99412 0.340288
      vertex -8.98829 -8.98829 0.341152
    endloop
  endfacet
  facet normal 0 -0.427809 -0.903869
    outer loop
      vertex -9 -9.02828 0.347084
      vertex 14 -9.02296 0.344566
      vertex 14 -9.02828 0.347084
    endloop
  endfacet
  facet normal -0 -0.427809 -0.903869
    outer loop
      vertex 14 -9.02296 0.344566
      vertex -9 -9.02828 0.347084
      vertex -9 -9.02296 0.344566
    endloop
  endfacet
  facet normal 0 0.941203 -0.337842
    outer loop
      vertex 13.7565 -8.94457 0.377039
      vertex -8.75697 -8.94258 0.382583
      vertex 13.757 -8.94258 0.382583
    endloop
  endfacet
  facet normal 0 0.941203 -0.337842
    outer loop
      vertex -8.75697 -8.94258 0.382583
      vertex 13.7565 -8.94457 0.377039
      vertex -8.75647 -8.94457 0.377039
    endloop
  endfacet
  facet normal 0 -0.941203 -0.337842
    outer loop
      vertex -8.75647 -9.05543 0.377039
      vertex 13.757 -9.05742 0.382583
      vertex -8.75697 -9.05742 0.382583
    endloop
  endfacet
  facet normal 0 -0.941203 -0.337842
    outer loop
      vertex 13.757 -9.05742 0.382583
      vertex -8.75647 -9.05543 0.377039
      vertex 13.7565 -9.05543 0.377039
    endloop
  endfacet
  facet normal 0 -0.595479 0.803371
    outer loop
      vertex -8.75251 -9.03333 0.449887
      vertex 13.7532 -9.03806 0.446381
      vertex 13.7525 -9.03333 0.449887
    endloop
  endfacet
  facet normal 0 -0.595479 0.803371
    outer loop
      vertex 13.7532 -9.03806 0.446381
      vertex -8.75251 -9.03333 0.449887
      vertex -8.75321 -9.03806 0.446381
    endloop
  endfacet
  facet normal 0 -0.595699 -0.803208
    outer loop
      vertex 13.7532 -9.03806 0.353619
      vertex -8.75251 -9.03333 0.350111
      vertex 13.7525 -9.03333 0.350111
    endloop
  endfacet
  facet normal 0 -0.595699 -0.803208
    outer loop
      vertex -8.75251 -9.03333 0.350111
      vertex 13.7532 -9.03806 0.353619
      vertex -8.75321 -9.03806 0.353619
    endloop
  endfacet
  facet normal 0 -0.243095 -0.970002
    outer loop
      vertex -9 -9.01742 0.342583
      vertex 14 -9.01171 0.341152
      vertex 14 -9.01742 0.342583
    endloop
  endfacet
  facet normal -0 -0.243095 -0.970002
    outer loop
      vertex 14 -9.01171 0.341152
      vertex -9 -9.01742 0.342583
      vertex -9 -9.01171 0.341152
    endloop
  endfacet
  facet normal 0 -0.989273 -0.146081
    outer loop
      vertex -8.75733 -9.05885 0.388294
      vertex 13.7575 -9.05971 0.394118
      vertex -8.75754 -9.05971 0.394118
    endloop
  endfacet
  facet normal 0 -0.989273 -0.146081
    outer loop
      vertex 13.7575 -9.05971 0.394118
      vertex -8.75733 -9.05885 0.388294
      vertex 13.7573 -9.05885 0.388294
    endloop
  endfacet
  facet normal 0 0.243095 0.970002
    outer loop
      vertex 13.7509 -8.98258 0.457416
      vertex -8.75058 -8.98829 0.458847
      vertex 13.7506 -8.98829 0.458847
    endloop
  endfacet
  facet normal 0 0.243095 0.970002
    outer loop
      vertex -8.75058 -8.98829 0.458847
      vertex 13.7509 -8.98258 0.457416
      vertex -8.75086 -8.98258 0.457416
    endloop
  endfacet
  facet normal 0 0.337004 -0.941503
    outer loop
      vertex -8.98258 -8.98258 0.342583
      vertex 13.9698 -8.97704 0.344566
      vertex 13.9771 -8.98258 0.342583
    endloop
  endfacet
  facet normal 0 0.337004 -0.941503
    outer loop
      vertex 13.9698 -8.97704 0.344566
      vertex -8.98258 -8.98258 0.342583
      vertex -8.97704 -8.97704 0.344566
    endloop
  endfacet
  facet normal 0 0.904518 0.426435
    outer loop
      vertex 13.7565 -8.94457 0.42296
      vertex -8.75584 -8.94708 0.428284
      vertex 13.7558 -8.94708 0.428284
    endloop
  endfacet
  facet normal 0 0.904518 0.426435
    outer loop
      vertex -8.75584 -8.94708 0.428284
      vertex 13.7565 -8.94457 0.42296
      vertex -8.75647 -8.94457 0.42296
    endloop
  endfacet
  facet normal 0 0.802233 -0.597011
    outer loop
      vertex 13.7548 -8.95123 0.36516
      vertex -8.75508 -8.95011 0.366665
      vertex 13.7551 -8.95011 0.366665
    endloop
  endfacet
  facet normal 0 0.802233 -0.597011
    outer loop
      vertex 13.7548 -8.95123 0.36516
      vertex -8.7548 -8.95123 0.36516
      vertex -8.75508 -8.95011 0.366665
    endloop
  endfacet
  facet normal 0 0.803336 -0.595525
    outer loop
      vertex 13.7544 -8.95362 0.361936
      vertex -8.7548 -8.95123 0.36516
      vertex 13.7548 -8.95123 0.36516
    endloop
  endfacet
  facet normal 0 0.803336 -0.595525
    outer loop
      vertex -8.7548 -8.95123 0.36516
      vertex 13.7544 -8.95362 0.361936
      vertex -8.75445 -8.95362 0.361936
    endloop
  endfacet
  facet normal 0 0.428339 0.903618
    outer loop
      vertex 13.7512 -8.9755 0.454702
      vertex -8.75113 -8.97704 0.455432
      vertex 13.7511 -8.97704 0.455432
    endloop
  endfacet
  facet normal -0 0.427397 0.904064
    outer loop
      vertex -8.7512 -8.9755 0.454702
      vertex 13.7512 -8.9755 0.454702
      vertex 13.7518 -8.97172 0.452915
    endloop
  endfacet
  facet normal 0 0.428339 0.903618
    outer loop
      vertex 13.7512 -8.9755 0.454702
      vertex -8.7512 -8.9755 0.454702
      vertex -8.75113 -8.97704 0.455432
    endloop
  endfacet
  facet normal 0 0.427397 0.904064
    outer loop
      vertex -8.7512 -8.9755 0.454702
      vertex 13.7518 -8.97172 0.452915
      vertex -8.75176 -8.97172 0.452915
    endloop
  endfacet
  facet normal 0 -0.146598 -0.989196
    outer loop
      vertex -9 -9.01171 0.341152
      vertex 14 -9.00588 0.340288
      vertex 14 -9.01171 0.341152
    endloop
  endfacet
  facet normal -0 -0.146598 -0.989196
    outer loop
      vertex 14 -9.00588 0.340288
      vertex -9 -9.01171 0.341152
      vertex -9 -9.00588 0.340288
    endloop
  endfacet
  facet normal 0 -0.903862 0.427824
    outer loop
      vertex -8.75647 -9.05543 0.42296
      vertex 13.7558 -9.05291 0.428284
      vertex -8.75584 -9.05291 0.428284
    endloop
  endfacet
  facet normal 0 -0.903862 0.427824
    outer loop
      vertex 13.7558 -9.05291 0.428284
      vertex -8.75647 -9.05543 0.42296
      vertex 13.7565 -9.05543 0.42296
    endloop
  endfacet
  facet normal 0.000937882 0.514496 -0.857493
    outer loop
      vertex 13.9628 -8.97172 0.347084
      vertex 13.9564 -8.96685 0.349999
      vertex 13.9628 -8.97171 0.34709
    endloop
  endfacet
  facet normal 0 0.513589 -0.858037
    outer loop
      vertex 13.9628 -8.97172 0.347084
      vertex 13.7525 -8.96685 0.349999
      vertex 13.9564 -8.96685 0.349999
    endloop
  endfacet
  facet normal 0 0.513589 -0.858037
    outer loop
      vertex 13.9628 -8.97172 0.347084
      vertex -8.75249 -8.96685 0.349999
      vertex 13.7525 -8.96685 0.349999
    endloop
  endfacet
  facet normal 0 0.513589 -0.858037
    outer loop
      vertex -8.97172 -8.97172 0.347084
      vertex -8.75249 -8.96685 0.349999
      vertex 13.9628 -8.97172 0.347084
    endloop
  endfacet
  facet normal 0 0.513589 -0.858037
    outer loop
      vertex -8.75249 -8.96685 0.349999
      vertex -8.97172 -8.97172 0.347084
      vertex -8.96685 -8.96685 0.349999
    endloop
  endfacet
  facet normal 0 0.528302 -0.849057
    outer loop
      vertex -8.75249 -8.96685 0.349999
      vertex 13.7525 -8.96667 0.350111
      vertex 13.7525 -8.96685 0.349999
    endloop
  endfacet
  facet normal 0 0.528302 -0.849057
    outer loop
      vertex 13.7525 -8.96667 0.350111
      vertex -8.75249 -8.96685 0.349999
      vertex -8.75251 -8.96667 0.350111
    endloop
  endfacet
  facet normal 0 0.741322 0.671149
    outer loop
      vertex 13.7544 -8.95362 0.438063
      vertex -8.75386 -8.95757 0.442426
      vertex 13.7539 -8.95757 0.442426
    endloop
  endfacet
  facet normal 0 0.741322 0.671149
    outer loop
      vertex -8.75386 -8.95757 0.442426
      vertex 13.7544 -8.95362 0.438063
      vertex -8.75445 -8.95362 0.438063
    endloop
  endfacet
  facet normal 0 0.998786 0.0492515
    outer loop
      vertex 13.7576 -8.94 0.4
      vertex -8.75754 -8.94029 0.405881
      vertex 13.7575 -8.94029 0.405881
    endloop
  endfacet
  facet normal 0 0.998786 0.0492515
    outer loop
      vertex -8.75754 -8.94029 0.405881
      vertex 13.7576 -8.94 0.4
      vertex -8.75762 -8.94 0.4
    endloop
  endfacet
  facet normal 0 0.803425 0.595406
    outer loop
      vertex 13.7548 -8.95123 0.434838
      vertex -8.75445 -8.95362 0.438063
      vertex 13.7544 -8.95362 0.438063
    endloop
  endfacet
  facet normal 0 0.803425 0.595406
    outer loop
      vertex 13.7548 -8.95123 0.434838
      vertex -8.7548 -8.95123 0.434838
      vertex -8.75445 -8.95362 0.438063
    endloop
  endfacet
  facet normal 0 0.802233 0.597011
    outer loop
      vertex 13.7551 -8.95011 0.433333
      vertex -8.7548 -8.95123 0.434838
      vertex 13.7548 -8.95123 0.434838
    endloop
  endfacet
  facet normal 0 0.802233 0.597011
    outer loop
      vertex -8.7548 -8.95123 0.434838
      vertex 13.7551 -8.95011 0.433333
      vertex -8.75508 -8.95011 0.433333
    endloop
  endfacet
  facet normal 0 -0.0489209 0.998803
    outer loop
      vertex -8.75 -9 0.459999
      vertex 13.7503 -9.00588 0.459711
      vertex 13.75 -9 0.459999
    endloop
  endfacet
  facet normal 0 -0.0489209 0.998803
    outer loop
      vertex 13.7503 -9.00588 0.459711
      vertex -8.75 -9 0.459999
      vertex -8.75029 -9.00588 0.459711
    endloop
  endfacet
  facet normal 0 0.671024 0.741435
    outer loop
      vertex 13.7539 -8.95757 0.442426
      vertex -8.75321 -8.96194 0.446381
      vertex 13.7532 -8.96194 0.446381
    endloop
  endfacet
  facet normal 0 0.671024 0.741435
    outer loop
      vertex -8.75321 -8.96194 0.446381
      vertex 13.7539 -8.95757 0.442426
      vertex -8.75386 -8.95757 0.442426
    endloop
  endfacet
  facet normal 0 -0.802233 -0.597011
    outer loop
      vertex -8.7548 -9.04877 0.36516
      vertex 13.7551 -9.04989 0.366665
      vertex -8.75508 -9.04989 0.366665
    endloop
  endfacet
  facet normal 0 -0.802233 -0.597011
    outer loop
      vertex -8.7548 -9.04877 0.36516
      vertex 13.7548 -9.04877 0.36516
      vertex 13.7551 -9.04989 0.366665
    endloop
  endfacet
  facet normal 0 -0.803336 -0.595525
    outer loop
      vertex -8.75445 -9.04638 0.361936
      vertex 13.7548 -9.04877 0.36516
      vertex -8.7548 -9.04877 0.36516
    endloop
  endfacet
  facet normal 0 -0.803336 -0.595525
    outer loop
      vertex 13.7548 -9.04877 0.36516
      vertex -8.75445 -9.04638 0.361936
      vertex 13.7544 -9.04638 0.361936
    endloop
  endfacet
  facet normal 0 -0.989273 0.146081
    outer loop
      vertex -8.75754 -9.05971 0.405881
      vertex 13.7573 -9.05885 0.411705
      vertex -8.75733 -9.05885 0.411705
    endloop
  endfacet
  facet normal 0 -0.989273 0.146081
    outer loop
      vertex 13.7573 -9.05885 0.411705
      vertex -8.75754 -9.05971 0.405881
      vertex 13.7575 -9.05971 0.405881
    endloop
  endfacet
  facet normal 0 0.970053 -0.242895
    outer loop
      vertex 13.757 -8.94258 0.382583
      vertex -8.75733 -8.94115 0.388294
      vertex 13.7573 -8.94115 0.388294
    endloop
  endfacet
  facet normal 0 0.970053 -0.242895
    outer loop
      vertex -8.75733 -8.94115 0.388294
      vertex 13.757 -8.94258 0.382583
      vertex -8.75697 -8.94258 0.382583
    endloop
  endfacet
  facet normal 0 -0.146598 0.989196
    outer loop
      vertex -8.75029 -9.00588 0.459711
      vertex 13.7506 -9.01171 0.458847
      vertex 13.7503 -9.00588 0.459711
    endloop
  endfacet
  facet normal 0 -0.146598 0.989196
    outer loop
      vertex 13.7506 -9.01171 0.458847
      vertex -8.75029 -9.00588 0.459711
      vertex -8.75058 -9.01171 0.458847
    endloop
  endfacet
  facet normal 0 -0.998787 -0.0492431
    outer loop
      vertex -8.75754 -9.05971 0.394118
      vertex 13.7576 -9.06 0.4
      vertex -8.75762 -9.06 0.4
    endloop
  endfacet
  facet normal 0 -0.998787 -0.0492431
    outer loop
      vertex 13.7576 -9.06 0.4
      vertex -8.75754 -9.05971 0.394118
      vertex 13.7575 -9.05971 0.394118
    endloop
  endfacet
  facet normal 0 -0.803425 0.595406
    outer loop
      vertex -8.7548 -9.04877 0.434838
      vertex 13.7544 -9.04638 0.438063
      vertex -8.75445 -9.04638 0.438063
    endloop
  endfacet
  facet normal 0 -0.803425 0.595406
    outer loop
      vertex -8.7548 -9.04877 0.434838
      vertex 13.7548 -9.04877 0.434838
      vertex 13.7544 -9.04638 0.438063
    endloop
  endfacet
  facet normal 0 -0.802233 0.597011
    outer loop
      vertex -8.75508 -9.04989 0.433333
      vertex 13.7548 -9.04877 0.434838
      vertex -8.7548 -9.04877 0.434838
    endloop
  endfacet
  facet normal 0 -0.802233 0.597011
    outer loop
      vertex 13.7548 -9.04877 0.434838
      vertex -8.75508 -9.04989 0.433333
      vertex 13.7551 -9.04989 0.433333
    endloop
  endfacet
  facet normal 0 -0.858197 0.51332
    outer loop
      vertex -8.75584 -9.05291 0.428284
      vertex 13.7551 -9.04989 0.433333
      vertex -8.75508 -9.04989 0.433333
    endloop
  endfacet
  facet normal 0 -0.858197 0.51332
    outer loop
      vertex 13.7551 -9.04989 0.433333
      vertex -8.75584 -9.05291 0.428284
      vertex 13.7558 -9.05291 0.428284
    endloop
  endfacet
  facet normal 0 -0.970063 0.242855
    outer loop
      vertex -8.75733 -9.05885 0.411705
      vertex 13.757 -9.05742 0.417417
      vertex -8.75697 -9.05742 0.417417
    endloop
  endfacet
  facet normal 0 -0.970063 0.242855
    outer loop
      vertex 13.757 -9.05742 0.417417
      vertex -8.75733 -9.05885 0.411705
      vertex 13.7573 -9.05885 0.411705
    endloop
  endfacet
  facet normal 0 -0.514246 0.857643
    outer loop
      vertex -8.75176 -9.02828 0.452915
      vertex 13.7525 -9.03333 0.449887
      vertex 13.7518 -9.02828 0.452915
    endloop
  endfacet
  facet normal 0 -0.514246 0.857643
    outer loop
      vertex 13.7525 -9.03333 0.449887
      vertex -8.75176 -9.02828 0.452915
      vertex -8.75251 -9.03333 0.449887
    endloop
  endfacet
  facet normal 0 -0.741322 0.671149
    outer loop
      vertex -8.75445 -9.04638 0.438063
      vertex 13.7539 -9.04243 0.442426
      vertex -8.75386 -9.04243 0.442426
    endloop
  endfacet
  facet normal 0 -0.741322 0.671149
    outer loop
      vertex 13.7539 -9.04243 0.442426
      vertex -8.75445 -9.04638 0.438063
      vertex 13.7544 -9.04638 0.438063
    endloop
  endfacet
  facet normal 0 -0.741246 -0.671234
    outer loop
      vertex -8.75386 -9.04243 0.357574
      vertex 13.7544 -9.04638 0.361936
      vertex -8.75445 -9.04638 0.361936
    endloop
  endfacet
  facet normal 0 -0.741246 -0.671234
    outer loop
      vertex 13.7544 -9.04638 0.361936
      vertex -8.75386 -9.04243 0.357574
      vertex 13.7539 -9.04243 0.357574
    endloop
  endfacet
  facet normal 0 0.0489209 0.998803
    outer loop
      vertex 13.7503 -8.99412 0.459711
      vertex -8.75 -9 0.459999
      vertex 13.75 -9 0.459999
    endloop
  endfacet
  facet normal 0 0.0489209 0.998803
    outer loop
      vertex -8.75 -9 0.459999
      vertex 13.7503 -8.99412 0.459711
      vertex -8.75029 -8.99412 0.459711
    endloop
  endfacet
  facet normal -0.0475585 -0.0131892 -0.998781
    outer loop
      vertex 13.9923 -8.99412 0.340288
      vertex 9.00232 8.99904 0.340288
      vertex 14 -9 0.339999
    endloop
  endfacet
  facet normal -0.714148 -0.198052 -0.671392
    outer loop
      vertex 13.8934 -8.77422 0.357574
      vertex 9.02885 8.75185 0.361936
      vertex 9.03279 8.75243 0.357574
    endloop
  endfacet
  facet normal -0.708407 -0.196457 -0.677911
    outer loop
      vertex 9.02885 8.75185 0.361936
      vertex 13.8934 -8.77422 0.357574
      vertex 13.8897 -8.77593 0.361936
    endloop
  endfacet
  facet normal -0.0472567 -0.0131054 -0.998797
    outer loop
      vertex 14 -9 0.339999
      vertex 9.00232 8.99904 0.340288
      vertex 9.00799 9.00062 0.339999
    endloop
  endfacet
  facet normal -0.871449 -0.241675 0.426814
    outer loop
      vertex 9.0197 8.75097 0.42296
      vertex 13.8815 -8.77992 0.42303
      vertex 9.02224 8.75109 0.428214
    endloop
  endfacet
  facet normal -0.546327 -0.151508 0.823755
    outer loop
      vertex 13.8815 -8.77992 0.42303
      vertex 9.0197 8.75097 0.42296
      vertex 13.8814 -8.77994 0.42296
    endloop
  endfacet
  facet normal 0.141382 0.0392086 0.989178
    outer loop
      vertex 9.07995 8.76341 0.4597
      vertex 13.9446 -8.75646 0.458847
      vertex 9.08538 8.76535 0.458847
    endloop
  endfacet
  facet normal 0.112913 0.0313035 0.993112
    outer loop
      vertex 13.9446 -8.75646 0.458847
      vertex 9.07995 8.76341 0.4597
      vertex 13.9445 -8.75648 0.458859
    endloop
  endfacet
  facet normal -0.262728 0.964629 -0.0215781
    outer loop
      vertex 9.01927 9.00374 0.341152
      vertex 9.01365 9.00219 0.340288
      vertex 9.02477 9.00527 0.342583
    endloop
  endfacet
  facet normal -0.962448 -0.266908 -0.0495416
    outer loop
      vertex 13.8776 -8.78222 0.394118
      vertex 9.01502 8.75074 0.4
      vertex 9.01532 8.75075 0.394118
    endloop
  endfacet
  facet normal -0.962859 -0.267025 -0.0400027
    outer loop
      vertex 9.01502 8.75074 0.4
      vertex 13.8776 -8.78222 0.394118
      vertex 13.8774 -8.78238 0.4
    endloop
  endfacet
  facet normal 0.138982 0.038542 0.989545
    outer loop
      vertex 9.07988 8.76338 0.459711
      vertex 13.9445 -8.75648 0.458859
      vertex 9.07995 8.76341 0.4597
    endloop
  endfacet
  facet normal 0.143091 0.0396829 0.988914
    outer loop
      vertex 13.9445 -8.75648 0.458859
      vertex 9.07988 8.76338 0.459711
      vertex 13.939 -8.75788 0.459711
    endloop
  endfacet
  facet normal -0.646986 -0.179426 0.741091
    outer loop
      vertex 9.03279 8.75243 0.442426
      vertex 13.8974 -8.77233 0.446381
      vertex 9.03714 8.75308 0.446381
    endloop
  endfacet
  facet normal -0.647465 -0.17956 0.74064
    outer loop
      vertex 13.8974 -8.77233 0.446381
      vertex 9.03279 8.75243 0.442426
      vertex 13.8934 -8.77422 0.442426
    endloop
  endfacet
  facet normal -0.267442 0.963574 0
    outer loop
      vertex 9.02713 9.00593 0.349999
      vertex 9 8.9984 0.344399
      vertex 9 8.9984 0.349999
    endloop
  endfacet
  facet normal -0.337804 -0.0936546 0.936546
    outer loop
      vertex 9 8.98927 0.341007
      vertex 13.9846 -8.9883 0.341151
      vertex 13.9846 -8.98829 0.341152
    endloop
  endfacet
  facet normal -0.14141 -0.0392164 -0.989174
    outer loop
      vertex 13.9846 -8.9883 0.341151
      vertex 9 8.98927 0.341007
      vertex 9.00232 8.99904 0.340288
    endloop
  endfacet
  facet normal -0.141753 -0.0393115 -0.989121
    outer loop
      vertex 9 8.98927 0.341007
      vertex 13.9846 -8.98829 0.341152
      vertex 8.99926 8.98829 0.341152
    endloop
  endfacet
  facet normal -0.141394 -0.0392203 -0.989176
    outer loop
      vertex 9.00232 8.99904 0.340288
      vertex 9 8.98927 0.341007
      vertex 9 8.9984 0.340645
    endloop
  endfacet
  facet normal -0.140291 -0.0389064 -0.989346
    outer loop
      vertex 13.9846 -8.9883 0.341151
      vertex 9.00232 8.99904 0.340288
      vertex 13.9923 -8.99412 0.340288
    endloop
  endfacet
  facet normal 0.235255 0.0652413 0.969742
    outer loop
      vertex 9.0907 8.76725 0.457435
      vertex 13.9501 -8.75507 0.457416
      vertex 9.09077 8.76728 0.457416
    endloop
  endfacet
  facet normal 0.236803 0.0656705 0.969336
    outer loop
      vertex 13.9501 -8.75507 0.457416
      vertex 9.0907 8.76725 0.457435
      vertex 13.9447 -8.75644 0.458828
    endloop
  endfacet
  facet normal -0.411177 -0.114029 -0.904395
    outer loop
      vertex 13.9628 -8.97173 0.347079
      vertex 8.9907 8.97704 0.344566
      vertex 13.9698 -8.97704 0.344566
    endloop
  endfacet
  facet normal -0.228137 -0.0633336 -0.971567
    outer loop
      vertex 8.9907 8.97704 0.344566
      vertex 13.9628 -8.97173 0.347079
      vertex 8.99069 8.97703 0.344569
    endloop
  endfacet
  facet normal -0.817338 -0.226663 -0.5297
    outer loop
      vertex 13.8865 -8.77747 0.366731
      vertex 9.02227 8.75109 0.371716
      vertex 9.02231 8.7511 0.37165
    endloop
  endfacet
  facet normal -0.822309 -0.228045 -0.521348
    outer loop
      vertex 9.02227 8.75109 0.371716
      vertex 13.8865 -8.77747 0.366731
      vertex 13.8837 -8.77877 0.371716
    endloop
  endfacet
  facet normal -0.871449 -0.241675 -0.426814
    outer loop
      vertex 13.8815 -8.77992 0.376969
      vertex 9.0197 8.75097 0.377039
      vertex 9.02224 8.75109 0.371785
    endloop
  endfacet
  facet normal -0.546327 -0.151508 -0.823755
    outer loop
      vertex 9.0197 8.75097 0.377039
      vertex 13.8815 -8.77992 0.376969
      vertex 13.8814 -8.77994 0.377039
    endloop
  endfacet
  facet normal -0.953261 -0.264362 -0.146306
    outer loop
      vertex 13.8784 -8.78176 0.388294
      vertex 9.01532 8.75075 0.394118
      vertex 9.0162 8.7508 0.388294
    endloop
  endfacet
  facet normal -0.952479 -0.264143 -0.151698
    outer loop
      vertex 9.01532 8.75075 0.394118
      vertex 13.8784 -8.78176 0.388294
      vertex 13.8776 -8.78222 0.394118
    endloop
  endfacet
  facet normal 0.32468 0.0900413 -0.941528
    outer loop
      vertex 14.0221 -8.99386 0.344566
      vertex 9.02477 9.00527 0.342583
      vertex 9.03011 9.00675 0.344566
    endloop
  endfacet
  facet normal 0.326553 0.0905614 -0.94083
    outer loop
      vertex 14.0168 -8.99535 0.342583
      vertex 9.02477 9.00527 0.342583
      vertex 14.0221 -8.99386 0.344566
    endloop
  endfacet
  facet normal -0.267844 0.963387 0.0120336
    outer loop
      vertex 9.00799 9.00062 0.339999
      vertex 9.00232 8.99904 0.340288
      vertex 9.01365 9.00219 0.340288
    endloop
  endfacet
  facet normal -0.265929 0.963993 0
    outer loop
      vertex 9.00232 8.99904 0.340288
      vertex 9 8.9984 0.340645
      vertex 9 8.9984 0.340767
    endloop
  endfacet
  facet normal -0.23459 -0.0650575 -0.969915
    outer loop
      vertex 13.9771 -8.98258 0.342583
      vertex 8.99926 8.98829 0.341152
      vertex 13.9846 -8.98829 0.341152
    endloop
  endfacet
  facet normal -0.233956 -0.0648819 -0.97008
    outer loop
      vertex 8.99926 8.98829 0.341152
      vertex 13.9771 -8.98258 0.342583
      vertex 8.99491 8.98258 0.342583
    endloop
  endfacet
  facet normal 0.570441 0.158197 -0.805959
    outer loop
      vertex 9.1098 8.77571 0.353573
      vertex 13.9707 -8.75191 0.353619
      vertex 13.966 -8.7526 0.350157
    endloop
  endfacet
  facet normal 0.61036 0.169268 -0.773827
    outer loop
      vertex 13.9707 -8.75191 0.353619
      vertex 9.1098 8.77571 0.353573
      vertex 9.10985 8.77574 0.353619
    endloop
  endfacet
  facet normal 0.294082 -0.953231 -0.0697532
    outer loop
      vertex 14.0273 -8.99244 0.347084
      vertex 14.0168 -8.99535 0.342583
      vertex 14.0221 -8.99386 0.344566
    endloop
  endfacet
  facet normal -0.500967 -0.138933 -0.854242
    outer loop
      vertex 13.9628 -8.97171 0.34709
      vertex 9.04191 8.75379 0.350071
      vertex 9.04203 8.7538 0.349999
    endloop
  endfacet
  facet normal -0.880007 -0.244365 0.407275
    outer loop
      vertex 9.04203 8.7538 0.349999
      vertex 13.9628 -8.97172 0.347084
      vertex 13.9628 -8.97171 0.34709
    endloop
  endfacet
  facet normal -0.49486 -0.137237 -0.858067
    outer loop
      vertex 9.04203 8.7538 0.349999
      vertex 8.98665 8.97172 0.347084
      vertex 13.9628 -8.97172 0.347084
    endloop
  endfacet
  facet normal -0.49515 -0.137308 -0.857889
    outer loop
      vertex 8.98665 8.97172 0.347084
      vertex 9.04203 8.7538 0.349999
      vertex 8.98295 8.96685 0.349999
    endloop
  endfacet
  facet normal -0.949909 -0.263435 -0.16815
    outer loop
      vertex 9.03714 8.75308 0.353619
      vertex 13.8974 -8.7723 0.353572
      vertex 13.8974 -8.77233 0.353619
    endloop
  endfacet
  facet normal -0.574248 -0.159252 -0.803043
    outer loop
      vertex 13.8974 -8.7723 0.353572
      vertex 9.03714 8.75308 0.353619
      vertex 9.04179 8.75377 0.350157
    endloop
  endfacet
  facet normal -0.647465 -0.17956 -0.74064
    outer loop
      vertex 9.03279 8.75243 0.357574
      vertex 13.8974 -8.77233 0.353619
      vertex 13.8934 -8.77422 0.357574
    endloop
  endfacet
  facet normal -0.646986 -0.179426 -0.741091
    outer loop
      vertex 13.8974 -8.77233 0.353619
      vertex 9.03279 8.75243 0.357574
      vertex 9.03714 8.75308 0.353619
    endloop
  endfacet
  facet normal -0.266967 0.963705 -0.000809676
    outer loop
      vertex 9.02477 9.00527 0.342583
      vertex 9.02713 9.00593 0.349999
      vertex 9.03814 9.00898 0.349999
    endloop
  endfacet
  facet normal -0.26731 0.96361 -0.000692028
    outer loop
      vertex 9.02713 9.00593 0.349999
      vertex 9.02477 9.00527 0.342583
      vertex 9 8.9984 0.344399
    endloop
  endfacet
  facet normal -0.267263 0.963624 0
    outer loop
      vertex 9 8.9984 0.344399
      vertex 9.02477 9.00527 0.342583
      vertex 9 8.9984 0.342583
    endloop
  endfacet
  facet normal -0.906841 -0.251487 -0.338222
    outer loop
      vertex 13.8814 -8.77994 0.377039
      vertex 9.01766 8.75087 0.382583
      vertex 9.0197 8.75097 0.377039
    endloop
  endfacet
  facet normal -0.910497 -0.252504 -0.327471
    outer loop
      vertex 9.01766 8.75087 0.382583
      vertex 13.8814 -8.77994 0.377039
      vertex 13.8797 -8.781 0.382583
    endloop
  endfacet
  facet normal -0.890665 -0.247002 0.381714
    outer loop
      vertex 9.02224 8.75109 0.428214
      vertex 13.8837 -8.77877 0.428284
      vertex 9.02227 8.75109 0.428284
    endloop
  endfacet
  facet normal -0.878533 -0.243637 0.410878
    outer loop
      vertex 9.02224 8.75109 0.428214
      vertex 13.8822 -8.77952 0.424632
      vertex 13.8837 -8.77877 0.428284
    endloop
  endfacet
  facet normal -0.866085 -0.240192 0.438412
    outer loop
      vertex 13.8822 -8.77952 0.424632
      vertex 9.02224 8.75109 0.428214
      vertex 13.8815 -8.77992 0.42303
    endloop
  endfacet
  facet normal 0.047142 0.0130738 0.998803
    outer loop
      vertex 9.07433 8.76139 0.459999
      vertex 13.939 -8.75788 0.459711
      vertex 9.07988 8.76338 0.459711
    endloop
  endfacet
  facet normal 0.0464234 0.0128742 0.998839
    outer loop
      vertex 13.939 -8.75788 0.459711
      vertex 9.07433 8.76139 0.459999
      vertex 13.9332 -8.75931 0.459999
    endloop
  endfacet
  facet normal -0.574034 -0.159193 0.803208
    outer loop
      vertex 9.03714 8.75308 0.446381
      vertex 13.8974 -8.7723 0.446427
      vertex 9.04179 8.75377 0.449841
    endloop
  endfacet
  facet normal -0.94932 -0.263271 0.171699
    outer loop
      vertex 13.8974 -8.7723 0.446427
      vertex 9.03714 8.75308 0.446381
      vertex 13.8974 -8.77233 0.446381
    endloop
  endfacet
  facet normal 0.234299 0.064977 -0.969991
    outer loop
      vertex 14.0113 -8.99687 0.341152
      vertex 9.01927 9.00374 0.341152
      vertex 9.02477 9.00527 0.342583
    endloop
  endfacet
  facet normal 0.14127 0.0391779 -0.989196
    outer loop
      vertex 14.0113 -8.99687 0.341152
      vertex 9.01365 9.00219 0.340288
      vertex 9.01927 9.00374 0.341152
    endloop
  endfacet
  facet normal -0.850186 -0.23545 0.4709
    outer loop
      vertex 13.9628 -8.97172 0.347084
      vertex 8.99069 8.97703 0.344569
      vertex 13.9628 -8.97173 0.347079
    endloop
  endfacet
  facet normal -0.412349 -0.114354 -0.903821
    outer loop
      vertex 8.99069 8.97703 0.344569
      vertex 13.9628 -8.97172 0.347084
      vertex 8.98665 8.97172 0.347084
    endloop
  endfacet
  facet normal 0.93466 0.259202 -0.243362
    outer loop
      vertex 13.9918 -8.7504 0.388294
      vertex 9.12733 8.7852 0.382656
      vertex 9.12859 8.78595 0.388294
    endloop
  endfacet
  facet normal 0.96361 0.267311 0
    outer loop
      vertex 9.12733 8.7852 0.382656
      vertex 13.9918 -8.7504 0.388294
      vertex 13.9918 -8.7504 0.38822
    endloop
  endfacet
  facet normal -0.268059 0.963398 0.00282545
    outer loop
      vertex 9.03011 9.00675 0.344566
      vertex 9.02477 9.00527 0.342583
      vertex 9.03524 9.00817 0.347084
    endloop
  endfacet
  facet normal 0.412066 0.114276 -0.903959
    outer loop
      vertex 14.0221 -8.99386 0.344566
      vertex 9.03011 9.00675 0.344566
      vertex 9.03524 9.00817 0.347084
    endloop
  endfacet
  facet normal 0.962008 0.26679 -0.0579977
    outer loop
      vertex 9.10551 8.77368 0.350111
      vertex 13.966 -8.7526 0.350157
      vertex 13.966 -8.75261 0.350111
    endloop
  endfacet
  facet normal 0.573361 0.159006 -0.803726
    outer loop
      vertex 13.966 -8.7526 0.350157
      vertex 9.10551 8.77368 0.350111
      vertex 9.1098 8.77571 0.353573
    endloop
  endfacet
  facet normal 0.267654 -0.963514 -0.00145289
    outer loop
      vertex 14.0273 -8.99244 0.347084
      vertex 14.0057 -8.99843 0.340288
      vertex 14.0168 -8.99535 0.342583
    endloop
  endfacet
  facet normal -0.494212 -0.13696 -0.858485
    outer loop
      vertex 13.9019 -8.77019 0.349999
      vertex 13.9628 -8.97171 0.34709
      vertex 13.9564 -8.96685 0.349999
    endloop
  endfacet
  facet normal -0.497104 -0.13786 -0.856669
    outer loop
      vertex 13.9019 -8.77019 0.349999
      vertex 9.04191 8.75379 0.350071
      vertex 13.9628 -8.97171 0.34709
    endloop
  endfacet
  facet normal -0.446661 -0.12387 -0.886087
    outer loop
      vertex 9.04185 8.75378 0.350111
      vertex 13.9019 -8.77019 0.349999
      vertex 13.9017 -8.77027 0.350111
    endloop
  endfacet
  facet normal -0.531516 -0.147404 -0.834124
    outer loop
      vertex 13.9019 -8.77019 0.349999
      vertex 9.04185 8.75378 0.350111
      vertex 9.04191 8.75379 0.350071
    endloop
  endfacet
  facet normal -0.572491 -0.158766 -0.804393
    outer loop
      vertex 9.04179 8.75377 0.350157
      vertex 13.9017 -8.77027 0.350111
      vertex 13.8974 -8.7723 0.353572
    endloop
  endfacet
  facet normal -0.583297 -0.161763 -0.795988
    outer loop
      vertex 13.9017 -8.77027 0.350111
      vertex 9.04179 8.75377 0.350157
      vertex 9.04185 8.75378 0.350111
    endloop
  endfacet
  facet normal 0.962346 0.267114 -0.0503989
    outer loop
      vertex 9.1099 8.77576 0.35367
      vertex 13.975 -8.75127 0.357574
      vertex 13.975 -8.75128 0.357521
    endloop
  endfacet
  facet normal 0.647244 0.179495 -0.740848
    outer loop
      vertex 13.975 -8.75127 0.357574
      vertex 9.1099 8.77576 0.35367
      vertex 9.11385 8.77763 0.357574
    endloop
  endfacet
  facet normal -0.825218 -0.228852 -0.516374
    outer loop
      vertex 13.8865 -8.77746 0.366665
      vertex 9.0245 8.7512 0.368081
      vertex 9.02535 8.75133 0.366665
    endloop
  endfacet
  facet normal -0.826748 -0.229277 -0.513731
    outer loop
      vertex 13.8865 -8.77746 0.366665
      vertex 9.02231 8.7511 0.37165
      vertex 9.0245 8.7512 0.368081
    endloop
  endfacet
  facet normal -0.9628 -0.267166 -0.0404797
    outer loop
      vertex 9.02231 8.7511 0.37165
      vertex 13.8865 -8.77746 0.366665
      vertex 13.8865 -8.77747 0.366731
    endloop
  endfacet
  facet normal -0.888777 -0.246478 -0.386425
    outer loop
      vertex 13.8837 -8.77877 0.371716
      vertex 9.02224 8.75109 0.371785
      vertex 9.02227 8.75109 0.371716
    endloop
  endfacet
  facet normal -0.878492 -0.243626 -0.410972
    outer loop
      vertex 13.8822 -8.77952 0.375367
      vertex 9.02224 8.75109 0.371785
      vertex 13.8837 -8.77877 0.371716
    endloop
  endfacet
  facet normal -0.866085 -0.240192 -0.438412
    outer loop
      vertex 9.02224 8.75109 0.371785
      vertex 13.8822 -8.77952 0.375367
      vertex 13.8815 -8.77992 0.376969
    endloop
  endfacet
  facet normal 0.573254 0.158976 0.803808
    outer loop
      vertex 9.10551 8.77368 0.449887
      vertex 13.966 -8.7526 0.449841
      vertex 9.1098 8.77571 0.446426
    endloop
  endfacet
  facet normal 0.962008 0.26679 0.0579977
    outer loop
      vertex 13.966 -8.7526 0.449841
      vertex 9.10551 8.77368 0.449887
      vertex 13.966 -8.75261 0.449887
    endloop
  endfacet
  facet normal 0.826469 0.229201 0.514213
    outer loop
      vertex 9.12065 8.7812 0.433268
      vertex 13.9858 -8.7507 0.428284
      vertex 9.12331 8.78279 0.428284
    endloop
  endfacet
  facet normal 0.544537 0.150876 0.825055
    outer loop
      vertex 13.9858 -8.7507 0.428284
      vertex 9.12065 8.7812 0.433268
      vertex 13.9857 -8.7507 0.42835
    endloop
  endfacet
  facet normal -0.583297 -0.161763 0.795988
    outer loop
      vertex 9.04179 8.75377 0.449841
      vertex 13.9017 -8.77027 0.449887
      vertex 9.04185 8.75378 0.449887
    endloop
  endfacet
  facet normal -0.572384 -0.158736 0.804475
    outer loop
      vertex 13.9017 -8.77027 0.449887
      vertex 9.04179 8.75377 0.449841
      vertex 13.8974 -8.7723 0.446427
    endloop
  endfacet
  facet normal 0.234402 0.0650056 -0.969964
    outer loop
      vertex 14.0113 -8.99687 0.341152
      vertex 9.02477 9.00527 0.342583
      vertex 14.0168 -8.99535 0.342583
    endloop
  endfacet
  facet normal 0.141665 0.0392875 -0.989135
    outer loop
      vertex 14.0057 -8.99843 0.340288
      vertex 9.01365 9.00219 0.340288
      vertex 14.0113 -8.99687 0.341152
    endloop
  endfacet
  facet normal -0.267262 0.963622 0.00174257
    outer loop
      vertex 9.01365 9.00219 0.340288
      vertex 9 8.9984 0.342583
      vertex 9.02477 9.00527 0.342583
    endloop
  endfacet
  facet normal -0.267535 0.963548 0
    outer loop
      vertex 9 8.9984 0.342583
      vertex 9.01365 9.00219 0.340288
      vertex 9 8.9984 0.341684
    endloop
  endfacet
  facet normal -0.267862 0.963451 -0.00345989
    outer loop
      vertex 9.00232 8.99904 0.340288
      vertex 9 8.9984 0.341684
      vertex 9.01365 9.00219 0.340288
    endloop
  endfacet
  facet normal -0.265929 0.963993 0
    outer loop
      vertex 9 8.9984 0.341684
      vertex 9.00232 8.99904 0.340288
      vertex 9 8.9984 0.340767
    endloop
  endfacet
  facet normal 0.431812 0.119753 0.893979
    outer loop
      vertex 9.10082 8.77146 0.452948
      vertex 13.961 -8.75336 0.452915
      vertex 9.10088 8.77149 0.452915
    endloop
  endfacet
  facet normal 0.407822 0.1131 0.90603
    outer loop
      vertex 13.961 -8.75336 0.452915
      vertex 9.10082 8.77146 0.452948
      vertex 13.9557 -8.75414 0.455398
    endloop
  endfacet
  facet normal 0.67146 0.186224 0.71726
    outer loop
      vertex 9.10985 8.77574 0.446381
      vertex 13.975 -8.75128 0.442478
      vertex 9.1099 8.77576 0.446329
    endloop
  endfacet
  facet normal 0.646667 0.179337 0.741391
    outer loop
      vertex 13.975 -8.75128 0.442478
      vertex 9.10985 8.77574 0.446381
      vertex 13.9707 -8.75191 0.446381
    endloop
  endfacet
  facet normal 0.60231 0.167035 0.780591
    outer loop
      vertex 9.1098 8.77571 0.446426
      vertex 13.9707 -8.75191 0.446381
      vertex 9.10985 8.77574 0.446381
    endloop
  endfacet
  facet normal 0.570227 0.158138 0.806122
    outer loop
      vertex 13.9707 -8.75191 0.446381
      vertex 9.1098 8.77571 0.446426
      vertex 13.966 -8.7526 0.449841
    endloop
  endfacet
  facet normal 0.922838 0.255909 -0.287888
    outer loop
      vertex 13.9918 -8.7504 0.38822
      vertex 9.12731 8.78519 0.382583
      vertex 9.12733 8.7852 0.382656
    endloop
  endfacet
  facet normal 0.936457 0.259704 -0.235803
    outer loop
      vertex 9.12731 8.78519 0.382583
      vertex 13.9918 -8.7504 0.38822
      vertex 13.9904 -8.75047 0.382583
    endloop
  endfacet
  facet normal -0.264983 0.964243 -0.0043179
    outer loop
      vertex 9.03524 9.00817 0.347084
      vertex 9.03814 9.00898 0.349999
      vertex 9.03945 9.00934 0.349999
    endloop
  endfacet
  facet normal -0.265371 0.964138 -0.00390244
    outer loop
      vertex 9.03814 9.00898 0.349999
      vertex 9.03524 9.00817 0.347084
      vertex 9.02477 9.00527 0.342583
    endloop
  endfacet
  facet normal -0.261403 0.965179 -0.00986425
    outer loop
      vertex 9.03993 9.00947 0.349999
      vertex 9.03524 9.00817 0.347084
      vertex 9.03945 9.00934 0.349999
    endloop
  endfacet
  facet normal 0.646576 0.179311 -0.741477
    outer loop
      vertex 9.10985 8.77574 0.353619
      vertex 13.975 -8.75128 0.357521
      vertex 13.9707 -8.75191 0.353619
    endloop
  endfacet
  facet normal 0.664724 0.184353 -0.723986
    outer loop
      vertex 13.975 -8.75128 0.357521
      vertex 9.10985 8.77574 0.353619
      vertex 9.1099 8.77576 0.35367
    endloop
  endfacet
  facet normal 0.798625 0.221459 -0.559602
    outer loop
      vertex 13.9857 -8.7507 0.37165
      vertex 9.12061 8.78118 0.366665
      vertex 9.12065 8.7812 0.36673
    endloop
  endfacet
  facet normal 0.830686 0.230371 -0.506843
    outer loop
      vertex 9.12061 8.78118 0.366665
      vertex 13.9857 -8.7507 0.37165
      vertex 13.9827 -8.75085 0.366665
    endloop
  endfacet
  facet normal 0.774498 0.214786 -0.594995
    outer loop
      vertex 13.9791 -8.75103 0.361998
      vertex 9.11785 8.77952 0.362475
      vertex 9.12057 8.78115 0.366604
    endloop
  endfacet
  facet normal 0.772468 0.214223 -0.597831
    outer loop
      vertex 13.9791 -8.75103 0.361998
      vertex 9.11748 8.77935 0.361936
      vertex 9.11785 8.77952 0.362475
    endloop
  endfacet
  facet normal 0.96363 0.267239 0
    outer loop
      vertex 9.11748 8.77935 0.361936
      vertex 13.9791 -8.75103 0.361998
      vertex 13.9791 -8.75103 0.361936
    endloop
  endfacet
  facet normal -0.934941 -0.259283 -0.242193
    outer loop
      vertex 13.8797 -8.781 0.382583
      vertex 9.0162 8.7508 0.388294
      vertex 9.01766 8.75087 0.382583
    endloop
  endfacet
  facet normal -0.933769 -0.258957 -0.247016
    outer loop
      vertex 9.0162 8.7508 0.388294
      vertex 13.8797 -8.781 0.382583
      vertex 13.8784 -8.78176 0.388294
    endloop
  endfacet
  facet normal -0.962447 -0.266908 0.04955
    outer loop
      vertex 9.01502 8.75074 0.4
      vertex 13.8776 -8.78222 0.405881
      vertex 9.01532 8.75075 0.405881
    endloop
  endfacet
  facet normal -0.962859 -0.267025 0.0400095
    outer loop
      vertex 13.8776 -8.78222 0.405881
      vertex 9.01502 8.75074 0.4
      vertex 13.8774 -8.78238 0.4
    endloop
  endfacet
  facet normal -0.773651 -0.214551 -0.596182
    outer loop
      vertex 13.8897 -8.77593 0.361936
      vertex 9.02535 8.75133 0.366665
      vertex 9.02885 8.75185 0.361936
    endloop
  endfacet
  facet normal -0.775152 -0.214968 -0.594077
    outer loop
      vertex 9.02535 8.75133 0.366665
      vertex 13.8897 -8.77593 0.361936
      vertex 13.8865 -8.77746 0.366665
    endloop
  endfacet
  facet normal 0.49577 0.13749 0.857502
    outer loop
      vertex 9.10088 8.77149 0.452915
      vertex 13.966 -8.75261 0.449887
      vertex 9.10551 8.77368 0.449887
    endloop
  endfacet
  facet normal 0.497819 0.138059 0.856222
    outer loop
      vertex 13.966 -8.75261 0.449887
      vertex 9.10088 8.77149 0.452915
      vertex 13.961 -8.75336 0.452915
    endloop
  endfacet
  facet normal 0.962456 0.266911 0.0493582
    outer loop
      vertex 9.12935 8.78642 0.405881
      vertex 13.993 -8.75034 0.4
      vertex 9.12961 8.78657 0.4
    endloop
  endfacet
  facet normal 0.962425 0.266903 0.0500027
    outer loop
      vertex 13.993 -8.75034 0.4
      vertex 9.12935 8.78642 0.405881
      vertex 13.9927 -8.75036 0.405881
    endloop
  endfacet
  facet normal 0.647153 0.17947 0.740934
    outer loop
      vertex 9.1099 8.77576 0.446329
      vertex 13.975 -8.75127 0.442426
      vertex 9.11385 8.77763 0.442426
    endloop
  endfacet
  facet normal 0.962299 0.267101 0.0513655
    outer loop
      vertex 13.975 -8.75127 0.442426
      vertex 9.1099 8.77576 0.446329
      vertex 13.975 -8.75128 0.442478
    endloop
  endfacet
  facet normal 0.713739 0.197938 0.671861
    outer loop
      vertex 9.11385 8.77763 0.442426
      vertex 13.9791 -8.75103 0.438063
      vertex 9.11748 8.77935 0.438063
    endloop
  endfacet
  facet normal 0.7132 0.197788 0.672478
    outer loop
      vertex 9.11385 8.77763 0.442426
      vertex 13.9755 -8.7512 0.441931
      vertex 13.9791 -8.75103 0.438063
    endloop
  endfacet
  facet normal 0.6776 0.187913 0.711018
    outer loop
      vertex 13.9755 -8.7512 0.441931
      vertex 9.11385 8.77763 0.442426
      vertex 13.975 -8.75127 0.442426
    endloop
  endfacet
  facet normal 0.770532 0.213689 0.600515
    outer loop
      vertex 9.12057 8.78115 0.433395
      vertex 13.9827 -8.75085 0.433333
      vertex 9.12061 8.78118 0.433333
    endloop
  endfacet
  facet normal 0.769622 0.213436 0.601769
    outer loop
      vertex 13.9827 -8.75085 0.433333
      vertex 9.12057 8.78115 0.433395
      vertex 13.9791 -8.75103 0.438001
    endloop
  endfacet
  facet normal -0.324766 -0.0900647 0.941496
    outer loop
      vertex 9.0521 8.75564 0.455432
      vertex 13.9166 -8.76462 0.457416
      vertex 9.05748 8.75698 0.457416
    endloop
  endfacet
  facet normal -0.326427 -0.0905258 0.940878
    outer loop
      vertex 13.9166 -8.76462 0.457416
      vertex 9.0521 8.75564 0.455432
      vertex 13.9114 -8.76649 0.455432
    endloop
  endfacet
  facet normal 0.266987 -0.9637 0
    outer loop
      vertex 14 -9 0.349999
      vertex 14 -9 0.339999
      vertex 14.0318 -8.99119 0.349999
    endloop
  endfacet
  facet normal -0.817338 -0.226663 0.5297
    outer loop
      vertex 9.02227 8.75109 0.428284
      vertex 13.8865 -8.77747 0.433267
      vertex 9.02231 8.7511 0.42835
    endloop
  endfacet
  facet normal -0.822219 -0.22802 0.521501
    outer loop
      vertex 13.8865 -8.77747 0.433267
      vertex 9.02227 8.75109 0.428284
      vertex 13.8837 -8.77877 0.428284
    endloop
  endfacet
  facet normal -0.39785 -0.110333 0.910792
    outer loop
      vertex 9.05203 8.75562 0.455399
      vertex 13.9114 -8.76649 0.455432
      vertex 9.0521 8.75564 0.455432
    endloop
  endfacet
  facet normal -0.41539 -0.115197 0.90232
    outer loop
      vertex 13.9114 -8.76649 0.455432
      vertex 9.05203 8.75562 0.455399
      vertex 13.9065 -8.76827 0.452949
    endloop
  endfacet
  facet normal 0.348714 0 -0.937229
    outer loop
      vertex 14.0318 -8.99119 0.349999
      vertex 14.0057 -8.99843 0.340288
      vertex 14.0318 -8.99117 0.349999
    endloop
  endfacet
  facet normal 0.265268 -0.964157 0.00586845
    outer loop
      vertex 14.0057 -8.99843 0.340288
      vertex 14.0318 -8.99119 0.349999
      vertex 14 -9 0.339999
    endloop
  endfacet
  facet normal 0.0470475 0.0130475 -0.998807
    outer loop
      vertex 14 -9 0.339999
      vertex 9.01365 9.00219 0.340288
      vertex 14.0057 -8.99843 0.340288
    endloop
  endfacet
  facet normal 0.0473555 0.0131328 -0.998792
    outer loop
      vertex 9.01365 9.00219 0.340288
      vertex 14 -9 0.339999
      vertex 9.00799 9.00062 0.339999
    endloop
  endfacet
  facet normal 0.287249 -0.957496 -0.0262778
    outer loop
      vertex 14.0318 -8.99117 0.349999
      vertex 14.0273 -8.99244 0.347084
      vertex 14.0319 -8.99114 0.349999
    endloop
  endfacet
  facet normal 0.263049 -0.964678 0.0142101
    outer loop
      vertex 14.0273 -8.99244 0.347084
      vertex 14.0318 -8.99117 0.349999
      vertex 14.0057 -8.99843 0.340288
    endloop
  endfacet
  facet normal 0.271171 -0.962322 -0.0200631
    outer loop
      vertex 14.0168 -8.99535 0.342583
      vertex 14.0057 -8.99843 0.340288
      vertex 14.0113 -8.99687 0.341152
    endloop
  endfacet
  facet normal -0.324021 -0.0898592 -0.941773
    outer loop
      vertex 13.9698 -8.97704 0.344566
      vertex 8.99491 8.98258 0.342583
      vertex 13.9771 -8.98258 0.342583
    endloop
  endfacet
  facet normal -0.324883 -0.090098 -0.941453
    outer loop
      vertex 8.99491 8.98258 0.342583
      vertex 13.9698 -8.97704 0.344566
      vertex 8.9907 8.97704 0.344566
    endloop
  endfacet
  facet normal 0.950571 0.263615 -0.164079
    outer loop
      vertex 13.9927 -8.75036 0.394118
      vertex 9.12934 8.78641 0.394044
      vertex 9.12935 8.78642 0.394118
    endloop
  endfacet
  facet normal 0.954844 0.2648 -0.134737
    outer loop
      vertex 9.12934 8.78641 0.394044
      vertex 13.9927 -8.75036 0.394118
      vertex 13.9919 -8.7504 0.38837
    endloop
  endfacet
  facet normal 0.962457 0.266911 -0.0493498
    outer loop
      vertex 13.993 -8.75034 0.4
      vertex 9.12935 8.78642 0.394118
      vertex 9.12961 8.78657 0.4
    endloop
  endfacet
  facet normal 0.962426 0.266903 -0.0499942
    outer loop
      vertex 9.12935 8.78642 0.394118
      vertex 13.993 -8.75034 0.4
      vertex 13.9927 -8.75036 0.394118
    endloop
  endfacet
  facet normal 0.713666 0.197918 -0.671945
    outer loop
      vertex 13.9791 -8.75103 0.361936
      vertex 9.11385 8.77763 0.357574
      vertex 9.11748 8.77935 0.361936
    endloop
  endfacet
  facet normal 0.7132 0.197788 -0.672478
    outer loop
      vertex 13.9755 -8.7512 0.358068
      vertex 9.11385 8.77763 0.357574
      vertex 13.9791 -8.75103 0.361936
    endloop
  endfacet
  facet normal 0.676907 0.187721 -0.711729
    outer loop
      vertex 9.11385 8.77763 0.357574
      vertex 13.9755 -8.7512 0.358068
      vertex 13.975 -8.75127 0.357574
    endloop
  endfacet
  facet normal 0.826557 0.229226 -0.514061
    outer loop
      vertex 13.9858 -8.7507 0.371716
      vertex 9.12065 8.7812 0.36673
      vertex 9.12331 8.78279 0.371716
    endloop
  endfacet
  facet normal 0.544537 0.150876 -0.825055
    outer loop
      vertex 9.12065 8.7812 0.36673
      vertex 13.9858 -8.7507 0.371716
      vertex 13.9857 -8.7507 0.37165
    endloop
  endfacet
  facet normal 0.234251 0.0649637 0.970003
    outer loop
      vertex 9.08538 8.76535 0.458847
      vertex 13.9447 -8.75644 0.458828
      vertex 9.0907 8.76725 0.457435
    endloop
  endfacet
  facet normal 0.176954 0.0490737 0.982995
    outer loop
      vertex 13.9447 -8.75644 0.458828
      vertex 9.08538 8.76535 0.458847
      vertex 13.9446 -8.75646 0.458847
    endloop
  endfacet
  facet normal 0.321297 0.0891029 0.942777
    outer loop
      vertex 9.09084 8.7673 0.457389
      vertex 13.9512 -8.7548 0.457018
      vertex 13.9556 -8.75416 0.455458
    endloop
  endfacet
  facet normal 0.335091 0.0929293 0.937592
    outer loop
      vertex 9.09077 8.76728 0.457416
      vertex 13.9512 -8.7548 0.457018
      vertex 9.09084 8.7673 0.457389
    endloop
  endfacet
  facet normal 0.319586 0.0886282 0.943403
    outer loop
      vertex 13.9512 -8.7548 0.457018
      vertex 9.09077 8.76728 0.457416
      vertex 13.9501 -8.75507 0.457416
    endloop
  endfacet
  facet normal 0.907511 0.251676 0.336279
    outer loop
      vertex 9.12555 8.78413 0.42296
      vertex 13.9904 -8.75047 0.417417
      vertex 9.12731 8.78519 0.417417
    endloop
  endfacet
  facet normal 0.908815 0.252039 0.332462
    outer loop
      vertex 13.9904 -8.75047 0.417417
      vertex 9.12555 8.78413 0.42296
      vertex 13.9884 -8.75057 0.42296
    endloop
  endfacet
  facet normal 0.950571 0.263615 0.164079
    outer loop
      vertex 9.12934 8.78641 0.405955
      vertex 13.9927 -8.75036 0.405881
      vertex 9.12935 8.78642 0.405881
    endloop
  endfacet
  facet normal 0.954844 0.2648 0.134737
    outer loop
      vertex 13.9927 -8.75036 0.405881
      vertex 9.12934 8.78641 0.405955
      vertex 13.9919 -8.7504 0.411629
    endloop
  endfacet
  facet normal 0.774432 0.214767 0.595089
    outer loop
      vertex 9.11785 8.77952 0.437523
      vertex 13.9791 -8.75103 0.438001
      vertex 9.12057 8.78115 0.433395
    endloop
  endfacet
  facet normal 0.772979 0.214365 0.597119
    outer loop
      vertex 9.11748 8.77935 0.438063
      vertex 13.9791 -8.75103 0.438001
      vertex 9.11785 8.77952 0.437523
    endloop
  endfacet
  facet normal 0.96363 0.267239 -0
    outer loop
      vertex 13.9791 -8.75103 0.438001
      vertex 9.11748 8.77935 0.438063
      vertex 13.9791 -8.75103 0.438063
    endloop
  endfacet
  facet normal 0.798624 0.221459 0.559602
    outer loop
      vertex 9.12061 8.78118 0.433333
      vertex 13.9857 -8.7507 0.42835
      vertex 9.12065 8.7812 0.433268
    endloop
  endfacet
  facet normal 0.8306 0.230347 0.506994
    outer loop
      vertex 13.9857 -8.7507 0.42835
      vertex 9.12061 8.78118 0.433333
      vertex 13.9827 -8.75085 0.433333
    endloop
  endfacet
  facet normal -0.0469795 -0.0130284 0.998811
    outer loop
      vertex 9.07257 8.76076 0.459908
      vertex 13.9332 -8.75931 0.459999
      vertex 9.07433 8.76139 0.459999
    endloop
  endfacet
  facet normal -0.577246 -0.160143 0.800713
    outer loop
      vertex 13.9332 -8.75931 0.459999
      vertex 9.07257 8.76076 0.459908
      vertex 13.9332 -8.75933 0.459995
    endloop
  endfacet
  facet normal -0.0472071 -0.0130918 0.998799
    outer loop
      vertex 13.9332 -8.75933 0.459995
      vertex 9.07257 8.76076 0.459908
      vertex 9.06875 8.75981 0.459715
    endloop
  endfacet
  facet normal -0.714222 -0.198073 0.671308
    outer loop
      vertex 9.02885 8.75185 0.438063
      vertex 13.8934 -8.77422 0.442426
      vertex 9.03279 8.75243 0.442426
    endloop
  endfacet
  facet normal -0.708482 -0.196478 0.677827
    outer loop
      vertex 13.8934 -8.77422 0.442426
      vertex 9.02885 8.75185 0.438063
      vertex 13.8897 -8.77593 0.438063
    endloop
  endfacet
  facet normal -0.906822 -0.251481 0.338276
    outer loop
      vertex 9.01766 8.75087 0.417417
      vertex 13.8814 -8.77994 0.42296
      vertex 9.0197 8.75097 0.42296
    endloop
  endfacet
  facet normal -0.910479 -0.252499 0.327524
    outer loop
      vertex 13.8814 -8.77994 0.42296
      vertex 9.01766 8.75087 0.417417
      vertex 13.8797 -8.781 0.417417
    endloop
  endfacet
  facet normal -0.411702 -0.114176 0.904138
    outer loop
      vertex 9.04877 8.7548 0.453811
      vertex 13.9065 -8.76827 0.452949
      vertex 9.05203 8.75562 0.455399
    endloop
  endfacet
  facet normal -0.305511 -0.0847403 0.94841
    outer loop
      vertex 13.9065 -8.76827 0.452949
      vertex 9.04877 8.7548 0.453811
      vertex 13.9064 -8.76829 0.452915
    endloop
  endfacet
  facet normal -0.411711 -0.114178 0.904134
    outer loop
      vertex 13.9064 -8.76829 0.452915
      vertex 9.04877 8.7548 0.453811
      vertex 9.04688 8.75452 0.452915
    endloop
  endfacet
  facet normal -0.352685 -0.0978085 0.930616
    outer loop
      vertex 9.04688 8.75452 0.452915
      vertex 13.9063 -8.76831 0.452875
      vertex 13.9064 -8.76829 0.452915
    endloop
  endfacet
  facet normal -0.495467 -0.137405 0.85769
    outer loop
      vertex 13.9063 -8.76831 0.452875
      vertex 9.04688 8.75452 0.452915
      vertex 9.04191 8.75379 0.449927
    endloop
  endfacet
  facet normal 0.407838 0.113104 -0.906022
    outer loop
      vertex 14.0221 -8.99386 0.344566
      vertex 9.03524 9.00817 0.347084
      vertex 14.0273 -8.99244 0.347084
    endloop
  endfacet
  facet normal 0.501734 0.139055 -0.853772
    outer loop
      vertex 14.0273 -8.99244 0.347084
      vertex 13.9658 -8.75264 0.349999
      vertex 14.0319 -8.99114 0.349999
    endloop
  endfacet
  facet normal 0.498633 0.138283 -0.855712
    outer loop
      vertex 9.10534 8.7736 0.349999
      vertex 13.9658 -8.75264 0.349999
      vertex 14.0273 -8.99244 0.347084
    endloop
  endfacet
  facet normal 0.498669 0.138293 -0.855689
    outer loop
      vertex 13.9658 -8.75264 0.349999
      vertex 9.10534 8.7736 0.349999
      vertex 9.10551 8.77368 0.350111
    endloop
  endfacet
  facet normal 0.495376 0.137381 -0.857747
    outer loop
      vertex 9.03524 9.00817 0.347084
      vertex 9.10534 8.7736 0.349999
      vertex 14.0273 -8.99244 0.347084
    endloop
  endfacet
  facet normal 0.495148 0.137311 -0.857889
    outer loop
      vertex 9.10534 8.7736 0.349999
      vertex 9.03524 9.00817 0.347084
      vertex 9.03993 9.00947 0.349999
    endloop
  endfacet
  facet normal 0.469504 0.130206 -0.873277
    outer loop
      vertex 13.966 -8.75261 0.350111
      vertex 13.9658 -8.75264 0.349999
      vertex 9.10551 8.77368 0.350111
    endloop
  endfacet
  facet normal 0.76598 0.212426 -0.606754
    outer loop
      vertex 13.9827 -8.75085 0.366665
      vertex 9.12057 8.78115 0.366604
      vertex 9.12061 8.78118 0.366665
    endloop
  endfacet
  facet normal 0.769563 0.21342 -0.601852
    outer loop
      vertex 9.12057 8.78115 0.366604
      vertex 13.9827 -8.75085 0.366665
      vertex 13.9791 -8.75103 0.361998
    endloop
  endfacet
  facet normal 0.871172 0.2416 -0.427422
    outer loop
      vertex 13.9884 -8.75057 0.377039
      vertex 9.12331 8.78279 0.371716
      vertex 9.12555 8.78413 0.377039
    endloop
  endfacet
  facet normal 0.86968 0.241185 -0.430682
    outer loop
      vertex 9.12331 8.78279 0.371716
      vertex 13.9884 -8.75057 0.377039
      vertex 13.9858 -8.7507 0.371716
    endloop
  endfacet
  facet normal 0.907529 0.251681 -0.336225
    outer loop
      vertex 13.9904 -8.75047 0.382583
      vertex 9.12555 8.78413 0.377039
      vertex 9.12731 8.78519 0.382583
    endloop
  endfacet
  facet normal 0.908834 0.252044 -0.332408
    outer loop
      vertex 9.12555 8.78413 0.377039
      vertex 13.9904 -8.75047 0.382583
      vertex 13.9884 -8.75057 0.377039
    endloop
  endfacet
  facet normal 0.322108 0.0893276 0.942479
    outer loop
      vertex 9.09567 8.76903 0.455559
      vertex 13.9556 -8.75415 0.455432
      vertex 9.096 8.76918 0.455432
    endloop
  endfacet
  facet normal 0.958575 0.265853 0.102251
    outer loop
      vertex 13.9556 -8.75415 0.455432
      vertex 9.09567 8.76903 0.455559
      vertex 13.9556 -8.75416 0.455458
    endloop
  endfacet
  facet normal 0.324516 0.0899968 0.941589
    outer loop
      vertex 13.9556 -8.75416 0.455458
      vertex 9.09567 8.76903 0.455559
      vertex 9.09084 8.7673 0.457389
    endloop
  endfacet
  facet normal 0.411875 0.114223 0.904053
    outer loop
      vertex 9.096 8.76918 0.455432
      vertex 13.9557 -8.75414 0.455398
      vertex 9.10082 8.77146 0.452948
    endloop
  endfacet
  facet normal 0.312899 0.0867738 0.945814
    outer loop
      vertex 13.9557 -8.75414 0.455398
      vertex 9.096 8.76918 0.455432
      vertex 13.9556 -8.75415 0.455432
    endloop
  endfacet
  facet normal 0.871201 0.241608 0.427356
    outer loop
      vertex 9.12331 8.78279 0.428284
      vertex 13.9884 -8.75057 0.42296
      vertex 9.12555 8.78413 0.42296
    endloop
  endfacet
  facet normal 0.86971 0.241193 0.430616
    outer loop
      vertex 13.9884 -8.75057 0.42296
      vertex 9.12331 8.78279 0.428284
      vertex 13.9858 -8.7507 0.428284
    endloop
  endfacet
  facet normal 0.923866 0.256195 0.284315
    outer loop
      vertex 9.12731 8.78519 0.417417
      vertex 13.9918 -8.7504 0.411779
      vertex 9.12733 8.7852 0.417343
    endloop
  endfacet
  facet normal 0.936466 0.259706 0.235763
    outer loop
      vertex 13.9918 -8.7504 0.411779
      vertex 9.12731 8.78519 0.417417
      vertex 13.9904 -8.75047 0.417417
    endloop
  endfacet
  facet normal 0.93466 0.259202 0.243362
    outer loop
      vertex 9.12733 8.7852 0.417343
      vertex 13.9918 -8.7504 0.411705
      vertex 9.12859 8.78595 0.411705
    endloop
  endfacet
  facet normal 0.96361 0.267311 -0
    outer loop
      vertex 13.9918 -8.7504 0.411705
      vertex 9.12733 8.7852 0.417343
      vertex 13.9918 -8.7504 0.411779
    endloop
  endfacet
  facet normal 0.953375 0.264396 -0.145505
    outer loop
      vertex 13.9919 -8.7504 0.38837
      vertex 9.12859 8.78595 0.388294
      vertex 9.12934 8.78641 0.394044
    endloop
  endfacet
  facet normal 0.59674 0.165489 -0.785184
    outer loop
      vertex 9.12859 8.78595 0.388294
      vertex 13.9919 -8.7504 0.38837
      vertex 13.9918 -8.7504 0.388294
    endloop
  endfacet
  facet normal -0.158863 -0.0440561 0.986317
    outer loop
      vertex 9.06867 8.75979 0.459711
      vertex 13.9274 -8.76076 0.459694
      vertex 13.9275 -8.76074 0.459711
    endloop
  endfacet
  facet normal -0.143972 -0.0399266 0.988776
    outer loop
      vertex 9.0686 8.75977 0.4597
      vertex 13.9274 -8.76076 0.459694
      vertex 9.06867 8.75979 0.459711
    endloop
  endfacet
  facet normal -0.141676 -0.03929 0.989133
    outer loop
      vertex 13.9274 -8.76076 0.459694
      vertex 9.0686 8.75977 0.4597
      vertex 13.9221 -8.76267 0.458859
    endloop
  endfacet
  facet normal -0.0465715 -0.0129153 0.998831
    outer loop
      vertex 9.06875 8.75981 0.459715
      vertex 13.9275 -8.76074 0.459711
      vertex 13.9332 -8.75933 0.459995
    endloop
  endfacet
  facet normal -0.0467033 -0.0129519 0.998825
    outer loop
      vertex 13.9275 -8.76074 0.459711
      vertex 9.06875 8.75981 0.459715
      vertex 9.06867 8.75979 0.459711
    endloop
  endfacet
  facet normal -0.141376 -0.039207 0.989179
    outer loop
      vertex 9.06302 8.75837 0.458847
      vertex 13.9221 -8.76267 0.458859
      vertex 9.0686 8.75977 0.4597
    endloop
  endfacet
  facet normal -0.112911 -0.0313127 0.993112
    outer loop
      vertex 13.9221 -8.76267 0.458859
      vertex 9.06302 8.75837 0.458847
      vertex 13.922 -8.76269 0.458847
    endloop
  endfacet
  facet normal -0.234255 -0.0649641 0.970002
    outer loop
      vertex 9.05748 8.75698 0.457416
      vertex 13.922 -8.76269 0.458847
      vertex 9.06302 8.75837 0.458847
    endloop
  endfacet
  facet normal -0.233893 -0.0648636 0.970096
    outer loop
      vertex 13.922 -8.76269 0.458847
      vertex 9.05748 8.75698 0.457416
      vertex 13.9166 -8.76462 0.457416
    endloop
  endfacet
  facet normal -0.934951 -0.259286 0.242153
    outer loop
      vertex 9.0162 8.7508 0.411705
      vertex 13.8797 -8.781 0.417417
      vertex 9.01766 8.75087 0.417417
    endloop
  endfacet
  facet normal -0.933779 -0.258959 0.246975
    outer loop
      vertex 13.8797 -8.781 0.417417
      vertex 9.0162 8.7508 0.411705
      vertex 13.8784 -8.78176 0.411705
    endloop
  endfacet
  facet normal -0.825062 -0.228809 0.516642
    outer loop
      vertex 9.0245 8.7512 0.431918
      vertex 13.8865 -8.77746 0.433333
      vertex 9.02535 8.75133 0.433333
    endloop
  endfacet
  facet normal -0.826687 -0.22926 0.513837
    outer loop
      vertex 9.02231 8.7511 0.42835
      vertex 13.8865 -8.77746 0.433333
      vertex 9.0245 8.7512 0.431918
    endloop
  endfacet
  facet normal -0.9628 -0.267166 0.0404797
    outer loop
      vertex 13.8865 -8.77746 0.433333
      vertex 9.02231 8.7511 0.42835
      vertex 13.8865 -8.77747 0.433267
    endloop
  endfacet
  facet normal -0.773709 -0.214567 0.596101
    outer loop
      vertex 9.02535 8.75133 0.433333
      vertex 13.8897 -8.77593 0.438063
      vertex 9.02885 8.75185 0.438063
    endloop
  endfacet
  facet normal -0.77521 -0.214984 0.593996
    outer loop
      vertex 13.8897 -8.77593 0.438063
      vertex 9.02535 8.75133 0.433333
      vertex 13.8865 -8.77746 0.433333
    endloop
  endfacet
  facet normal -0.49498 -0.137269 0.857993
    outer loop
      vertex 9.04191 8.75379 0.449927
      vertex 13.9043 -8.76903 0.451606
      vertex 13.9063 -8.76831 0.452875
    endloop
  endfacet
  facet normal -0.531514 -0.147409 0.834124
    outer loop
      vertex 9.04185 8.75378 0.449887
      vertex 13.9043 -8.76903 0.451606
      vertex 9.04191 8.75379 0.449927
    endloop
  endfacet
  facet normal -0.499391 -0.138494 0.855235
    outer loop
      vertex 13.9043 -8.76903 0.451606
      vertex 9.04185 8.75378 0.449887
      vertex 13.9017 -8.77027 0.449887
    endloop
  endfacet
  facet normal 0.953375 0.264396 0.145505
    outer loop
      vertex 9.12859 8.78595 0.411705
      vertex 13.9919 -8.7504 0.411629
      vertex 9.12934 8.78641 0.405955
    endloop
  endfacet
  facet normal 0.59674 0.165489 0.785184
    outer loop
      vertex 13.9919 -8.7504 0.411629
      vertex 9.12859 8.78595 0.411705
      vertex 13.9918 -8.7504 0.411705
    endloop
  endfacet
  facet normal -0.953261 -0.264362 0.146306
    outer loop
      vertex 9.01532 8.75075 0.405881
      vertex 13.8784 -8.78176 0.411705
      vertex 9.0162 8.7508 0.411705
    endloop
  endfacet
  facet normal -0.952479 -0.264143 0.151698
    outer loop
      vertex 13.8784 -8.78176 0.411705
      vertex 9.01532 8.75075 0.405881
      vertex 13.8776 -8.78222 0.405881
    endloop
  endfacet
  facet normal -0.242835 -0.970068 0
    outer loop
      vertex 17.3033 16.7033 0.43
      vertex 17.5318 16.6461 0.57
      vertex 17.3033 16.7033 0.57
    endloop
  endfacet
  facet normal -0.242835 -0.970068 -0
    outer loop
      vertex 17.5318 16.6461 0.57
      vertex 17.3033 16.7033 0.43
      vertex 17.5318 16.6461 0.43
    endloop
  endfacet
  facet normal 0.33717 0.941444 -0
    outer loop
      vertex 18.9184 21.2173 0.43
      vertex 18.6967 21.2967 0.57
      vertex 18.9184 21.2173 0.57
    endloop
  endfacet
  facet normal 0.33717 0.941444 0
    outer loop
      vertex 18.6967 21.2967 0.57
      vertex 18.9184 21.2173 0.43
      vertex 18.6967 21.2967 0.43
    endloop
  endfacet
  facet normal 0.989215 0.146472 0
    outer loop
      vertex 20.3884 19.2352 0.57
      vertex 20.3539 19.4682 0.43
      vertex 20.3539 19.4682 0.57
    endloop
  endfacet
  facet normal 0.989215 0.146472 0
    outer loop
      vertex 20.3539 19.4682 0.43
      vertex 20.3884 19.2352 0.57
      vertex 20.3884 19.2352 0.43
    endloop
  endfacet
  facet normal 0.998786 0.0492599 0
    outer loop
      vertex 20.4 19 0.57
      vertex 20.3884 19.2352 0.43
      vertex 20.3884 19.2352 0.57
    endloop
  endfacet
  facet normal 0.998786 0.0492599 0
    outer loop
      vertex 20.3884 19.2352 0.43
      vertex 20.4 19 0.57
      vertex 20.4 19 0.43
    endloop
  endfacet
  facet normal 0.970068 0.242835 0
    outer loop
      vertex 20.3539 19.4682 0.57
      vertex 20.2967 19.6967 0.43
      vertex 20.2967 19.6967 0.57
    endloop
  endfacet
  facet normal 0.970068 0.242835 0
    outer loop
      vertex 20.2967 19.6967 0.43
      vertex 20.3539 19.4682 0.57
      vertex 20.3539 19.4682 0.43
    endloop
  endfacet
  facet normal 0.0492599 -0.998786 0
    outer loop
      vertex 18 16.6 0.43
      vertex 18.2352 16.6116 0.57
      vertex 18 16.6 0.57
    endloop
  endfacet
  facet normal 0.0492599 -0.998786 0
    outer loop
      vertex 18.2352 16.6116 0.57
      vertex 18 16.6 0.43
      vertex 18.2352 16.6116 0.43
    endloop
  endfacet
  facet normal 0.671213 -0.741264 0
    outer loop
      vertex 19.5225 17.1448 0.43
      vertex 19.6971 17.3029 0.57
      vertex 19.5225 17.1448 0.57
    endloop
  endfacet
  facet normal 0.671213 -0.741264 0
    outer loop
      vertex 19.6971 17.3029 0.57
      vertex 19.5225 17.1448 0.43
      vertex 19.6971 17.3029 0.43
    endloop
  endfacet
  facet normal 0.85768 0.514184 0
    outer loop
      vertex 20.1166 20.1314 0.57
      vertex 19.9955 20.3334 0.43
      vertex 19.9955 20.3334 0.57
    endloop
  endfacet
  facet normal 0.85768 0.514184 0
    outer loop
      vertex 19.9955 20.3334 0.43
      vertex 20.1166 20.1314 0.57
      vertex 20.1166 20.1314 0.43
    endloop
  endfacet
  facet normal 0.803098 -0.595847 0
    outer loop
      vertex 19.8552 17.4775 0.57
      vertex 19.9955 17.6666 0.43
      vertex 19.9955 17.6666 0.57
    endloop
  endfacet
  facet normal 0.803098 -0.595847 0
    outer loop
      vertex 19.9955 17.6666 0.43
      vertex 19.8552 17.4775 0.57
      vertex 19.8552 17.4775 0.43
    endloop
  endfacet
  facet normal 0.998786 -0.0492599 0
    outer loop
      vertex 20.3884 18.7648 0.57
      vertex 20.4 19 0.43
      vertex 20.4 19 0.57
    endloop
  endfacet
  facet normal 0.998786 -0.0492599 0
    outer loop
      vertex 20.4 19 0.43
      vertex 20.3884 18.7648 0.57
      vertex 20.3884 18.7648 0.43
    endloop
  endfacet
  facet normal 0.33717 -0.941444 0
    outer loop
      vertex 18.6967 16.7033 0.43
      vertex 18.9184 16.7827 0.57
      vertex 18.6967 16.7033 0.57
    endloop
  endfacet
  facet normal 0.33717 -0.941444 0
    outer loop
      vertex 18.9184 16.7827 0.57
      vertex 18.6967 16.7033 0.43
      vertex 18.9184 16.7827 0.43
    endloop
  endfacet
  facet normal 0.146472 -0.989215 0
    outer loop
      vertex 18.2352 16.6116 0.43
      vertex 18.4682 16.6461 0.57
      vertex 18.2352 16.6116 0.57
    endloop
  endfacet
  facet normal 0.146472 -0.989215 0
    outer loop
      vertex 18.4682 16.6461 0.57
      vertex 18.2352 16.6116 0.43
      vertex 18.4682 16.6461 0.43
    endloop
  endfacet
  facet normal 0.941444 0.33717 0
    outer loop
      vertex 20.2967 19.6967 0.57
      vertex 20.2173 19.9184 0.43
      vertex 20.2173 19.9184 0.57
    endloop
  endfacet
  facet normal 0.941444 0.33717 0
    outer loop
      vertex 20.2173 19.9184 0.43
      vertex 20.2967 19.6967 0.57
      vertex 20.2967 19.6967 0.43
    endloop
  endfacet
  facet normal 0.904057 0.427411 0
    outer loop
      vertex 20.2173 19.9184 0.57
      vertex 20.1166 20.1314 0.43
      vertex 20.1166 20.1314 0.57
    endloop
  endfacet
  facet normal 0.904057 0.427411 0
    outer loop
      vertex 20.1166 20.1314 0.43
      vertex 20.2173 19.9184 0.57
      vertex 20.2173 19.9184 0.43
    endloop
  endfacet
  facet normal 0.146472 0.989215 -0
    outer loop
      vertex 18.4682 21.3539 0.43
      vertex 18.2352 21.3884 0.57
      vertex 18.4682 21.3539 0.57
    endloop
  endfacet
  facet normal 0.146472 0.989215 0
    outer loop
      vertex 18.2352 21.3884 0.57
      vertex 18.4682 21.3539 0.43
      vertex 18.2352 21.3884 0.43
    endloop
  endfacet
  facet normal 0.595847 0.803098 -0
    outer loop
      vertex 19.5225 20.8552 0.43
      vertex 19.3334 20.9955 0.57
      vertex 19.5225 20.8552 0.57
    endloop
  endfacet
  facet normal 0.595847 0.803098 0
    outer loop
      vertex 19.3334 20.9955 0.57
      vertex 19.5225 20.8552 0.43
      vertex 19.3334 20.9955 0.43
    endloop
  endfacet
  facet normal 0.0492599 0.998786 -0
    outer loop
      vertex 18.2352 21.3884 0.43
      vertex 18 21.4 0.57
      vertex 18.2352 21.3884 0.57
    endloop
  endfacet
  facet normal 0.0492599 0.998786 0
    outer loop
      vertex 18 21.4 0.57
      vertex 18.2352 21.3884 0.43
      vertex 18 21.4 0.43
    endloop
  endfacet
  facet normal 0.514184 0.85768 -0
    outer loop
      vertex 19.3334 20.9955 0.43
      vertex 19.1314 21.1166 0.57
      vertex 19.3334 20.9955 0.57
    endloop
  endfacet
  facet normal 0.514184 0.85768 0
    outer loop
      vertex 19.1314 21.1166 0.57
      vertex 19.3334 20.9955 0.43
      vertex 19.1314 21.1166 0.43
    endloop
  endfacet
  facet normal 0.514184 -0.85768 0
    outer loop
      vertex 19.1314 16.8834 0.43
      vertex 19.3334 17.0045 0.57
      vertex 19.1314 16.8834 0.57
    endloop
  endfacet
  facet normal 0.514184 -0.85768 0
    outer loop
      vertex 19.3334 17.0045 0.57
      vertex 19.1314 16.8834 0.43
      vertex 19.3334 17.0045 0.43
    endloop
  endfacet
  facet normal 0.671213 0.741264 -0
    outer loop
      vertex 19.6971 20.6971 0.43
      vertex 19.5225 20.8552 0.57
      vertex 19.6971 20.6971 0.57
    endloop
  endfacet
  facet normal 0.671213 0.741264 0
    outer loop
      vertex 19.5225 20.8552 0.57
      vertex 19.6971 20.6971 0.43
      vertex 19.5225 20.8552 0.43
    endloop
  endfacet
  facet normal -0.146472 0.989215 0
    outer loop
      vertex 17.7648 21.3884 0.43
      vertex 17.5318 21.3539 0.57
      vertex 17.7648 21.3884 0.57
    endloop
  endfacet
  facet normal -0.146472 0.989215 0
    outer loop
      vertex 17.5318 21.3539 0.57
      vertex 17.7648 21.3884 0.43
      vertex 17.5318 21.3539 0.43
    endloop
  endfacet
  facet normal -0.803098 0.595847 0
    outer loop
      vertex 16.0045 20.3334 0.43
      vertex 16.1448 20.5225 0.57
      vertex 16.1448 20.5225 0.43
    endloop
  endfacet
  facet normal -0.803098 0.595847 0
    outer loop
      vertex 16.1448 20.5225 0.57
      vertex 16.0045 20.3334 0.43
      vertex 16.0045 20.3334 0.57
    endloop
  endfacet
  facet normal -0.970068 0.242835 0
    outer loop
      vertex 15.6461 19.4682 0.43
      vertex 15.7033 19.6967 0.57
      vertex 15.7033 19.6967 0.43
    endloop
  endfacet
  facet normal -0.970068 0.242835 0
    outer loop
      vertex 15.7033 19.6967 0.57
      vertex 15.6461 19.4682 0.43
      vertex 15.6461 19.4682 0.57
    endloop
  endfacet
  facet normal 0.427411 -0.904057 0
    outer loop
      vertex 18.9184 16.7827 0.43
      vertex 19.1314 16.8834 0.57
      vertex 18.9184 16.7827 0.57
    endloop
  endfacet
  facet normal 0.427411 -0.904057 0
    outer loop
      vertex 19.1314 16.8834 0.57
      vertex 18.9184 16.7827 0.43
      vertex 19.1314 16.8834 0.43
    endloop
  endfacet
  facet normal 0.803098 0.595847 0
    outer loop
      vertex 19.9955 20.3334 0.57
      vertex 19.8552 20.5225 0.43
      vertex 19.8552 20.5225 0.57
    endloop
  endfacet
  facet normal 0.803098 0.595847 0
    outer loop
      vertex 19.8552 20.5225 0.43
      vertex 19.9955 20.3334 0.57
      vertex 19.9955 20.3334 0.43
    endloop
  endfacet
  facet normal -0.941444 -0.33717 0
    outer loop
      vertex 15.7827 18.0816 0.43
      vertex 15.7033 18.3033 0.57
      vertex 15.7033 18.3033 0.43
    endloop
  endfacet
  facet normal -0.941444 -0.33717 0
    outer loop
      vertex 15.7033 18.3033 0.57
      vertex 15.7827 18.0816 0.43
      vertex 15.7827 18.0816 0.57
    endloop
  endfacet
  facet normal -0.514184 0.85768 0
    outer loop
      vertex 16.8686 21.1166 0.43
      vertex 16.6666 20.9955 0.57
      vertex 16.8686 21.1166 0.57
    endloop
  endfacet
  facet normal -0.514184 0.85768 0
    outer loop
      vertex 16.6666 20.9955 0.57
      vertex 16.8686 21.1166 0.43
      vertex 16.6666 20.9955 0.43
    endloop
  endfacet
  facet normal -0.33717 0.941444 0
    outer loop
      vertex 17.3033 21.2967 0.43
      vertex 17.0816 21.2173 0.57
      vertex 17.3033 21.2967 0.57
    endloop
  endfacet
  facet normal -0.33717 0.941444 0
    outer loop
      vertex 17.0816 21.2173 0.57
      vertex 17.3033 21.2967 0.43
      vertex 17.0816 21.2173 0.43
    endloop
  endfacet
  facet normal 0.427411 0.904057 -0
    outer loop
      vertex 19.1314 21.1166 0.43
      vertex 18.9184 21.2173 0.57
      vertex 19.1314 21.1166 0.57
    endloop
  endfacet
  facet normal 0.427411 0.904057 0
    outer loop
      vertex 18.9184 21.2173 0.57
      vertex 19.1314 21.1166 0.43
      vertex 18.9184 21.2173 0.43
    endloop
  endfacet
  facet normal -0.941444 0.33717 0
    outer loop
      vertex 15.7033 19.6967 0.43
      vertex 15.7827 19.9184 0.57
      vertex 15.7827 19.9184 0.43
    endloop
  endfacet
  facet normal -0.941444 0.33717 0
    outer loop
      vertex 15.7827 19.9184 0.57
      vertex 15.7033 19.6967 0.43
      vertex 15.7033 19.6967 0.57
    endloop
  endfacet
  facet normal -0.242835 0.970068 0
    outer loop
      vertex 17.5318 21.3539 0.43
      vertex 17.3033 21.2967 0.57
      vertex 17.5318 21.3539 0.57
    endloop
  endfacet
  facet normal -0.242835 0.970068 0
    outer loop
      vertex 17.3033 21.2967 0.57
      vertex 17.5318 21.3539 0.43
      vertex 17.3033 21.2967 0.43
    endloop
  endfacet
  facet normal -0.595847 -0.803098 0
    outer loop
      vertex 16.4775 17.1448 0.43
      vertex 16.6666 17.0045 0.57
      vertex 16.4775 17.1448 0.57
    endloop
  endfacet
  facet normal -0.595847 -0.803098 -0
    outer loop
      vertex 16.6666 17.0045 0.57
      vertex 16.4775 17.1448 0.43
      vertex 16.6666 17.0045 0.43
    endloop
  endfacet
  facet normal -0.970068 -0.242835 0
    outer loop
      vertex 15.7033 18.3033 0.43
      vertex 15.6461 18.5318 0.57
      vertex 15.6461 18.5318 0.43
    endloop
  endfacet
  facet normal -0.970068 -0.242835 0
    outer loop
      vertex 15.6461 18.5318 0.57
      vertex 15.7033 18.3033 0.43
      vertex 15.7033 18.3033 0.57
    endloop
  endfacet
  facet normal 0.970068 -0.242835 0
    outer loop
      vertex 20.2967 18.3033 0.57
      vertex 20.3539 18.5318 0.43
      vertex 20.3539 18.5318 0.57
    endloop
  endfacet
  facet normal 0.970068 -0.242835 0
    outer loop
      vertex 20.3539 18.5318 0.43
      vertex 20.2967 18.3033 0.57
      vertex 20.2967 18.3033 0.43
    endloop
  endfacet
  facet normal -0.998786 -0.0492599 0
    outer loop
      vertex 15.6116 18.7648 0.43
      vertex 15.6 19 0.57
      vertex 15.6 19 0.43
    endloop
  endfacet
  facet normal -0.998786 -0.0492599 0
    outer loop
      vertex 15.6 19 0.57
      vertex 15.6116 18.7648 0.43
      vertex 15.6116 18.7648 0.57
    endloop
  endfacet
  facet normal 0.941444 -0.33717 0
    outer loop
      vertex 20.2173 18.0816 0.57
      vertex 20.2967 18.3033 0.43
      vertex 20.2967 18.3033 0.57
    endloop
  endfacet
  facet normal 0.941444 -0.33717 0
    outer loop
      vertex 20.2967 18.3033 0.43
      vertex 20.2173 18.0816 0.57
      vertex 20.2173 18.0816 0.43
    endloop
  endfacet
  facet normal 0.741264 0.671213 0
    outer loop
      vertex 19.8552 20.5225 0.57
      vertex 19.6971 20.6971 0.43
      vertex 19.6971 20.6971 0.57
    endloop
  endfacet
  facet normal 0.741264 0.671213 0
    outer loop
      vertex 19.6971 20.6971 0.43
      vertex 19.8552 20.5225 0.57
      vertex 19.8552 20.5225 0.43
    endloop
  endfacet
  facet normal -0.595847 0.803098 0
    outer loop
      vertex 16.6666 20.9955 0.43
      vertex 16.4775 20.8552 0.57
      vertex 16.6666 20.9955 0.57
    endloop
  endfacet
  facet normal -0.595847 0.803098 0
    outer loop
      vertex 16.4775 20.8552 0.57
      vertex 16.6666 20.9955 0.43
      vertex 16.4775 20.8552 0.43
    endloop
  endfacet
  facet normal -0.989215 -0.146472 0
    outer loop
      vertex 15.6461 18.5318 0.43
      vertex 15.6116 18.7648 0.57
      vertex 15.6116 18.7648 0.43
    endloop
  endfacet
  facet normal -0.989215 -0.146472 0
    outer loop
      vertex 15.6116 18.7648 0.57
      vertex 15.6461 18.5318 0.43
      vertex 15.6461 18.5318 0.57
    endloop
  endfacet
  facet normal -0.33717 -0.941444 0
    outer loop
      vertex 17.0816 16.7827 0.43
      vertex 17.3033 16.7033 0.57
      vertex 17.0816 16.7827 0.57
    endloop
  endfacet
  facet normal -0.33717 -0.941444 -0
    outer loop
      vertex 17.3033 16.7033 0.57
      vertex 17.0816 16.7827 0.43
      vertex 17.3033 16.7033 0.43
    endloop
  endfacet
  facet normal 0.904057 -0.427411 0
    outer loop
      vertex 20.1166 17.8686 0.57
      vertex 20.2173 18.0816 0.43
      vertex 20.2173 18.0816 0.57
    endloop
  endfacet
  facet normal 0.904057 -0.427411 0
    outer loop
      vertex 20.2173 18.0816 0.43
      vertex 20.1166 17.8686 0.57
      vertex 20.1166 17.8686 0.43
    endloop
  endfacet
  facet normal -0.0492599 0.998786 0
    outer loop
      vertex 18 21.4 0.43
      vertex 17.7648 21.3884 0.57
      vertex 18 21.4 0.57
    endloop
  endfacet
  facet normal -0.0492599 0.998786 0
    outer loop
      vertex 17.7648 21.3884 0.57
      vertex 18 21.4 0.43
      vertex 17.7648 21.3884 0.43
    endloop
  endfacet
  facet normal 0.242835 0.970068 -0
    outer loop
      vertex 18.6967 21.2967 0.43
      vertex 18.4682 21.3539 0.57
      vertex 18.6967 21.2967 0.57
    endloop
  endfacet
  facet normal 0.242835 0.970068 0
    outer loop
      vertex 18.4682 21.3539 0.57
      vertex 18.6967 21.2967 0.43
      vertex 18.4682 21.3539 0.43
    endloop
  endfacet
  facet normal -0.671213 -0.741264 0
    outer loop
      vertex 16.3029 17.3029 0.43
      vertex 16.4775 17.1448 0.57
      vertex 16.3029 17.3029 0.57
    endloop
  endfacet
  facet normal -0.671213 -0.741264 -0
    outer loop
      vertex 16.4775 17.1448 0.57
      vertex 16.3029 17.3029 0.43
      vertex 16.4775 17.1448 0.43
    endloop
  endfacet
  facet normal 0.989215 -0.146472 0
    outer loop
      vertex 20.3539 18.5318 0.57
      vertex 20.3884 18.7648 0.43
      vertex 20.3884 18.7648 0.57
    endloop
  endfacet
  facet normal 0.989215 -0.146472 0
    outer loop
      vertex 20.3884 18.7648 0.43
      vertex 20.3539 18.5318 0.57
      vertex 20.3539 18.5318 0.43
    endloop
  endfacet
  facet normal 0.741264 -0.671213 0
    outer loop
      vertex 19.6971 17.3029 0.57
      vertex 19.8552 17.4775 0.43
      vertex 19.8552 17.4775 0.57
    endloop
  endfacet
  facet normal 0.741264 -0.671213 0
    outer loop
      vertex 19.8552 17.4775 0.43
      vertex 19.6971 17.3029 0.57
      vertex 19.6971 17.3029 0.43
    endloop
  endfacet
  facet normal -0.427411 0.904057 0
    outer loop
      vertex 17.0816 21.2173 0.43
      vertex 16.8686 21.1166 0.57
      vertex 17.0816 21.2173 0.57
    endloop
  endfacet
  facet normal -0.427411 0.904057 0
    outer loop
      vertex 16.8686 21.1166 0.57
      vertex 17.0816 21.2173 0.43
      vertex 16.8686 21.1166 0.43
    endloop
  endfacet
  facet normal 0 0 1
    outer loop
      vertex 20.15 19 0.57
      vertex 20.4 19 0.57
      vertex 20.3884 19.2352 0.57
    endloop
  endfacet
  facet normal 0 0 1
    outer loop
      vertex 20.1396 19.2107 0.57
      vertex 20.3884 19.2352 0.57
      vertex 20.3539 19.4682 0.57
    endloop
  endfacet
  facet normal 0 0 1
    outer loop
      vertex 20.4 19 0.57
      vertex 20.15 19 0.57
      vertex 20.3884 18.7648 0.57
    endloop
  endfacet
  facet normal 0 0 1
    outer loop
      vertex 20.1087 19.4194 0.57
      vertex 20.3539 19.4682 0.57
      vertex 20.2967 19.6967 0.57
    endloop
  endfacet
  facet normal -0 0 1
    outer loop
      vertex 20.1396 18.7893 0.57
      vertex 20.3884 18.7648 0.57
      vertex 20.15 19 0.57
    endloop
  endfacet
  facet normal 0 0 1
    outer loop
      vertex 20.0574 19.6241 0.57
      vertex 20.2967 19.6967 0.57
      vertex 20.2173 19.9184 0.57
    endloop
  endfacet
  facet normal 0 0 1
    outer loop
      vertex 20.3884 18.7648 0.57
      vertex 20.1396 18.7893 0.57
      vertex 20.3539 18.5318 0.57
    endloop
  endfacet
  facet normal -0 0 1
    outer loop
      vertex 20.1087 18.5806 0.57
      vertex 20.3539 18.5318 0.57
      vertex 20.1396 18.7893 0.57
    endloop
  endfacet
  facet normal 0 0 1
    outer loop
      vertex 20.3884 19.2352 0.57
      vertex 20.1396 19.2107 0.57
      vertex 20.15 19 0.57
    endloop
  endfacet
  facet normal 0 0 1
    outer loop
      vertex 19.9863 19.8228 0.57
      vertex 20.2173 19.9184 0.57
      vertex 20.1166 20.1314 0.57
    endloop
  endfacet
  facet normal 0 0 1
    outer loop
      vertex 20.3539 19.4682 0.57
      vertex 20.1087 19.4194 0.57
      vertex 20.1396 19.2107 0.57
    endloop
  endfacet
  facet normal 0 0 1
    outer loop
      vertex 20.2967 19.6967 0.57
      vertex 20.0574 19.6241 0.57
      vertex 20.1087 19.4194 0.57
    endloop
  endfacet
  facet normal 0 0 1
    outer loop
      vertex 19.8961 20.0135 0.57
      vertex 20.1166 20.1314 0.57
      vertex 19.9955 20.3334 0.57
    endloop
  endfacet
  facet normal 0 0 1
    outer loop
      vertex 20.2173 19.9184 0.57
      vertex 19.9863 19.8228 0.57
      vertex 20.0574 19.6241 0.57
    endloop
  endfacet
  facet normal 0 0 1
    outer loop
      vertex 20.1166 20.1314 0.57
      vertex 19.8961 20.0135 0.57
      vertex 19.9863 19.8228 0.57
    endloop
  endfacet
  facet normal 0 0 1
    outer loop
      vertex 19.7877 20.1945 0.57
      vertex 19.9955 20.3334 0.57
      vertex 19.8552 20.5225 0.57
    endloop
  endfacet
  facet normal 0 0 1
    outer loop
      vertex 19.9955 20.3334 0.57
      vertex 19.7877 20.1945 0.57
      vertex 19.8961 20.0135 0.57
    endloop
  endfacet
  facet normal 0 0 1
    outer loop
      vertex 19.662 20.3639 0.57
      vertex 19.8552 20.5225 0.57
      vertex 19.6971 20.6971 0.57
    endloop
  endfacet
  facet normal 0 0 1
    outer loop
      vertex 19.8552 20.5225 0.57
      vertex 19.662 20.3639 0.57
      vertex 19.7877 20.1945 0.57
    endloop
  endfacet
  facet normal 0 0 1
    outer loop
      vertex 19.5203 20.5203 0.57
      vertex 19.6971 20.6971 0.57
      vertex 19.5225 20.8552 0.57
    endloop
  endfacet
  facet normal 0 0 1
    outer loop
      vertex 19.6971 20.6971 0.57
      vertex 19.5203 20.5203 0.57
      vertex 19.662 20.3639 0.57
    endloop
  endfacet
  facet normal 0 0 1
    outer loop
      vertex 19.5225 20.8552 0.57
      vertex 19.3639 20.662 0.57
      vertex 19.5203 20.5203 0.57
    endloop
  endfacet
  facet normal 0 0 1
    outer loop
      vertex 19.3334 20.9955 0.57
      vertex 19.3639 20.662 0.57
      vertex 19.5225 20.8552 0.57
    endloop
  endfacet
  facet normal 0 0 1
    outer loop
      vertex 19.3334 20.9955 0.57
      vertex 19.1945 20.7877 0.57
      vertex 19.3639 20.662 0.57
    endloop
  endfacet
  facet normal 0 0 1
    outer loop
      vertex 19.1314 21.1166 0.57
      vertex 19.1945 20.7877 0.57
      vertex 19.3334 20.9955 0.57
    endloop
  endfacet
  facet normal 0 0 1
    outer loop
      vertex 19.1314 21.1166 0.57
      vertex 19.0135 20.8961 0.57
      vertex 19.1945 20.7877 0.57
    endloop
  endfacet
  facet normal 0 0 1
    outer loop
      vertex 18.9184 21.2173 0.57
      vertex 19.0135 20.8961 0.57
      vertex 19.1314 21.1166 0.57
    endloop
  endfacet
  facet normal 0 0 1
    outer loop
      vertex 18.9184 21.2173 0.57
      vertex 18.8228 20.9863 0.57
      vertex 19.0135 20.8961 0.57
    endloop
  endfacet
  facet normal 0 0 1
    outer loop
      vertex 18.6967 21.2967 0.57
      vertex 18.8228 20.9863 0.57
      vertex 18.9184 21.2173 0.57
    endloop
  endfacet
  facet normal 0 0 1
    outer loop
      vertex 18.6967 21.2967 0.57
      vertex 18.6241 21.0574 0.57
      vertex 18.8228 20.9863 0.57
    endloop
  endfacet
  facet normal 0 0 1
    outer loop
      vertex 18.4682 21.3539 0.57
      vertex 18.6241 21.0574 0.57
      vertex 18.6967 21.2967 0.57
    endloop
  endfacet
  facet normal 0 0 1
    outer loop
      vertex 18.4682 21.3539 0.57
      vertex 18.4194 21.1087 0.57
      vertex 18.6241 21.0574 0.57
    endloop
  endfacet
  facet normal 0 0 1
    outer loop
      vertex 18.2352 21.3884 0.57
      vertex 18.4194 21.1087 0.57
      vertex 18.4682 21.3539 0.57
    endloop
  endfacet
  facet normal 0 0 1
    outer loop
      vertex 18.2352 21.3884 0.57
      vertex 18.2107 21.1396 0.57
      vertex 18.4194 21.1087 0.57
    endloop
  endfacet
  facet normal 0 0 1
    outer loop
      vertex 18 21.4 0.57
      vertex 18.2107 21.1396 0.57
      vertex 18.2352 21.3884 0.57
    endloop
  endfacet
  facet normal 0 0 1
    outer loop
      vertex 18 21.4 0.57
      vertex 18 21.15 0.57
      vertex 18.2107 21.1396 0.57
    endloop
  endfacet
  facet normal 0 0 1
    outer loop
      vertex 18 21.4 0.57
      vertex 17.7893 21.1396 0.57
      vertex 18 21.15 0.57
    endloop
  endfacet
  facet normal -0 0 1
    outer loop
      vertex 17.7648 21.3884 0.57
      vertex 17.7893 21.1396 0.57
      vertex 18 21.4 0.57
    endloop
  endfacet
  facet normal 0 0 1
    outer loop
      vertex 17.7648 21.3884 0.57
      vertex 17.5806 21.1087 0.57
      vertex 17.7893 21.1396 0.57
    endloop
  endfacet
  facet normal -0 0 1
    outer loop
      vertex 17.5318 21.3539 0.57
      vertex 17.5806 21.1087 0.57
      vertex 17.7648 21.3884 0.57
    endloop
  endfacet
  facet normal 0 0 1
    outer loop
      vertex 17.5318 21.3539 0.57
      vertex 17.3759 21.0574 0.57
      vertex 17.5806 21.1087 0.57
    endloop
  endfacet
  facet normal -0 0 1
    outer loop
      vertex 17.3033 21.2967 0.57
      vertex 17.3759 21.0574 0.57
      vertex 17.5318 21.3539 0.57
    endloop
  endfacet
  facet normal 0 0 1
    outer loop
      vertex 17.3033 21.2967 0.57
      vertex 17.1772 20.9863 0.57
      vertex 17.3759 21.0574 0.57
    endloop
  endfacet
  facet normal -0 0 1
    outer loop
      vertex 17.0816 21.2173 0.57
      vertex 17.1772 20.9863 0.57
      vertex 17.3033 21.2967 0.57
    endloop
  endfacet
  facet normal 0 0 1
    outer loop
      vertex 17.0816 21.2173 0.57
      vertex 16.9865 20.8961 0.57
      vertex 17.1772 20.9863 0.57
    endloop
  endfacet
  facet normal -0 0 1
    outer loop
      vertex 16.8686 21.1166 0.57
      vertex 16.9865 20.8961 0.57
      vertex 17.0816 21.2173 0.57
    endloop
  endfacet
  facet normal 0 0 1
    outer loop
      vertex 16.8686 21.1166 0.57
      vertex 16.8055 20.7877 0.57
      vertex 16.9865 20.8961 0.57
    endloop
  endfacet
  facet normal -0 0 1
    outer loop
      vertex 16.6666 20.9955 0.57
      vertex 16.8055 20.7877 0.57
      vertex 16.8686 21.1166 0.57
    endloop
  endfacet
  facet normal 0 0 1
    outer loop
      vertex 16.6666 20.9955 0.57
      vertex 16.6361 20.662 0.57
      vertex 16.8055 20.7877 0.57
    endloop
  endfacet
  facet normal -0 0 1
    outer loop
      vertex 16.4775 20.8552 0.57
      vertex 16.6361 20.662 0.57
      vertex 16.6666 20.9955 0.57
    endloop
  endfacet
  facet normal 0 0 1
    outer loop
      vertex 16.6361 20.662 0.57
      vertex 16.4775 20.8552 0.57
      vertex 16.4797 20.5203 0.57
    endloop
  endfacet
  facet normal -0 0 1
    outer loop
      vertex 16.3029 20.6971 0.57
      vertex 16.4797 20.5203 0.57
      vertex 16.4775 20.8552 0.57
    endloop
  endfacet
  facet normal 0 0 1
    outer loop
      vertex 16.4797 20.5203 0.57
      vertex 16.3029 20.6971 0.57
      vertex 16.338 20.3639 0.57
    endloop
  endfacet
  facet normal -0 0 1
    outer loop
      vertex 16.1448 20.5225 0.57
      vertex 16.338 20.3639 0.57
      vertex 16.3029 20.6971 0.57
    endloop
  endfacet
  facet normal 0 0 1
    outer loop
      vertex 16.338 20.3639 0.57
      vertex 16.1448 20.5225 0.57
      vertex 16.2123 20.1945 0.57
    endloop
  endfacet
  facet normal -0 0 1
    outer loop
      vertex 16.0045 20.3334 0.57
      vertex 16.2123 20.1945 0.57
      vertex 16.1448 20.5225 0.57
    endloop
  endfacet
  facet normal 0 0 1
    outer loop
      vertex 16.2123 20.1945 0.57
      vertex 16.0045 20.3334 0.57
      vertex 16.1039 20.0135 0.57
    endloop
  endfacet
  facet normal -0 0 1
    outer loop
      vertex 15.8834 20.1314 0.57
      vertex 16.1039 20.0135 0.57
      vertex 16.0045 20.3334 0.57
    endloop
  endfacet
  facet normal 0 0 1
    outer loop
      vertex 16.1039 20.0135 0.57
      vertex 15.8834 20.1314 0.57
      vertex 16.0137 19.8228 0.57
    endloop
  endfacet
  facet normal -0 0 1
    outer loop
      vertex 15.7827 19.9184 0.57
      vertex 16.0137 19.8228 0.57
      vertex 15.8834 20.1314 0.57
    endloop
  endfacet
  facet normal 0 0 1
    outer loop
      vertex 16.0137 19.8228 0.57
      vertex 15.7827 19.9184 0.57
      vertex 15.9426 19.6241 0.57
    endloop
  endfacet
  facet normal -0 0 1
    outer loop
      vertex 15.7033 19.6967 0.57
      vertex 15.9426 19.6241 0.57
      vertex 15.7827 19.9184 0.57
    endloop
  endfacet
  facet normal 0 0 1
    outer loop
      vertex 15.9426 19.6241 0.57
      vertex 15.7033 19.6967 0.57
      vertex 15.8913 19.4194 0.57
    endloop
  endfacet
  facet normal -0 0 1
    outer loop
      vertex 15.6461 19.4682 0.57
      vertex 15.8913 19.4194 0.57
      vertex 15.7033 19.6967 0.57
    endloop
  endfacet
  facet normal 0 0 1
    outer loop
      vertex 20.3539 18.5318 0.57
      vertex 20.1087 18.5806 0.57
      vertex 20.2967 18.3033 0.57
    endloop
  endfacet
  facet normal -0 0 1
    outer loop
      vertex 20.0574 18.3759 0.57
      vertex 20.2967 18.3033 0.57
      vertex 20.1087 18.5806 0.57
    endloop
  endfacet
  facet normal 0 0 1
    outer loop
      vertex 20.2967 18.3033 0.57
      vertex 20.0574 18.3759 0.57
      vertex 20.2173 18.0816 0.57
    endloop
  endfacet
  facet normal -0 0 1
    outer loop
      vertex 19.9863 18.1772 0.57
      vertex 20.2173 18.0816 0.57
      vertex 20.0574 18.3759 0.57
    endloop
  endfacet
  facet normal 0 0 1
    outer loop
      vertex 20.2173 18.0816 0.57
      vertex 19.9863 18.1772 0.57
      vertex 20.1166 17.8686 0.57
    endloop
  endfacet
  facet normal -0 0 1
    outer loop
      vertex 19.8961 17.9865 0.57
      vertex 20.1166 17.8686 0.57
      vertex 19.9863 18.1772 0.57
    endloop
  endfacet
  facet normal 0 0 1
    outer loop
      vertex 20.1166 17.8686 0.57
      vertex 19.8961 17.9865 0.57
      vertex 19.9955 17.6666 0.57
    endloop
  endfacet
  facet normal -0 0 1
    outer loop
      vertex 19.7877 17.8055 0.57
      vertex 19.9955 17.6666 0.57
      vertex 19.8961 17.9865 0.57
    endloop
  endfacet
  facet normal 0 0 1
    outer loop
      vertex 19.9955 17.6666 0.57
      vertex 19.7877 17.8055 0.57
      vertex 19.8552 17.4775 0.57
    endloop
  endfacet
  facet normal -0 0 1
    outer loop
      vertex 19.662 17.6361 0.57
      vertex 19.8552 17.4775 0.57
      vertex 19.7877 17.8055 0.57
    endloop
  endfacet
  facet normal 0 0 1
    outer loop
      vertex 19.8552 17.4775 0.57
      vertex 19.662 17.6361 0.57
      vertex 19.6971 17.3029 0.57
    endloop
  endfacet
  facet normal -0 0 1
    outer loop
      vertex 19.5203 17.4797 0.57
      vertex 19.6971 17.3029 0.57
      vertex 19.662 17.6361 0.57
    endloop
  endfacet
  facet normal 0 0 1
    outer loop
      vertex 19.6971 17.3029 0.57
      vertex 19.5203 17.4797 0.57
      vertex 19.5225 17.1448 0.57
    endloop
  endfacet
  facet normal -0 0 1
    outer loop
      vertex 19.3639 17.338 0.57
      vertex 19.5225 17.1448 0.57
      vertex 19.5203 17.4797 0.57
    endloop
  endfacet
  facet normal 0 0 1
    outer loop
      vertex 19.3639 17.338 0.57
      vertex 19.3334 17.0045 0.57
      vertex 19.5225 17.1448 0.57
    endloop
  endfacet
  facet normal -0 0 1
    outer loop
      vertex 19.1945 17.2123 0.57
      vertex 19.3334 17.0045 0.57
      vertex 19.3639 17.338 0.57
    endloop
  endfacet
  facet normal 0 0 1
    outer loop
      vertex 19.1945 17.2123 0.57
      vertex 19.1314 16.8834 0.57
      vertex 19.3334 17.0045 0.57
    endloop
  endfacet
  facet normal -0 0 1
    outer loop
      vertex 19.0135 17.1039 0.57
      vertex 19.1314 16.8834 0.57
      vertex 19.1945 17.2123 0.57
    endloop
  endfacet
  facet normal 0 0 1
    outer loop
      vertex 19.0135 17.1039 0.57
      vertex 18.9184 16.7827 0.57
      vertex 19.1314 16.8834 0.57
    endloop
  endfacet
  facet normal -0 0 1
    outer loop
      vertex 18.8228 17.0137 0.57
      vertex 18.9184 16.7827 0.57
      vertex 19.0135 17.1039 0.57
    endloop
  endfacet
  facet normal 0 0 1
    outer loop
      vertex 18.8228 17.0137 0.57
      vertex 18.6967 16.7033 0.57
      vertex 18.9184 16.7827 0.57
    endloop
  endfacet
  facet normal -0 0 1
    outer loop
      vertex 18.6241 16.9426 0.57
      vertex 18.6967 16.7033 0.57
      vertex 18.8228 17.0137 0.57
    endloop
  endfacet
  facet normal 0 0 1
    outer loop
      vertex 18.6241 16.9426 0.57
      vertex 18.4682 16.6461 0.57
      vertex 18.6967 16.7033 0.57
    endloop
  endfacet
  facet normal -0 0 1
    outer loop
      vertex 18.4194 16.8913 0.57
      vertex 18.4682 16.6461 0.57
      vertex 18.6241 16.9426 0.57
    endloop
  endfacet
  facet normal 0 0 1
    outer loop
      vertex 18.4194 16.8913 0.57
      vertex 18.2352 16.6116 0.57
      vertex 18.4682 16.6461 0.57
    endloop
  endfacet
  facet normal -0 0 1
    outer loop
      vertex 18.2107 16.8604 0.57
      vertex 18.2352 16.6116 0.57
      vertex 18.4194 16.8913 0.57
    endloop
  endfacet
  facet normal -0 0 1
    outer loop
      vertex 18 16.85 0.57
      vertex 18.2352 16.6116 0.57
      vertex 18.2107 16.8604 0.57
    endloop
  endfacet
  facet normal 0 0 1
    outer loop
      vertex 18 16.85 0.57
      vertex 18 16.6 0.57
      vertex 18.2352 16.6116 0.57
    endloop
  endfacet
  facet normal 0 0 1
    outer loop
      vertex 17.7893 16.8604 0.57
      vertex 18 16.6 0.57
      vertex 18 16.85 0.57
    endloop
  endfacet
  facet normal 0 0 1
    outer loop
      vertex 17.7893 16.8604 0.57
      vertex 17.7648 16.6116 0.57
      vertex 18 16.6 0.57
    endloop
  endfacet
  facet normal 0 0 1
    outer loop
      vertex 17.5806 16.8913 0.57
      vertex 17.7648 16.6116 0.57
      vertex 17.7893 16.8604 0.57
    endloop
  endfacet
  facet normal 0 0 1
    outer loop
      vertex 17.5806 16.8913 0.57
      vertex 17.5318 16.6461 0.57
      vertex 17.7648 16.6116 0.57
    endloop
  endfacet
  facet normal 0 0 1
    outer loop
      vertex 17.3759 16.9426 0.57
      vertex 17.5318 16.6461 0.57
      vertex 17.5806 16.8913 0.57
    endloop
  endfacet
  facet normal 0 0 1
    outer loop
      vertex 17.3759 16.9426 0.57
      vertex 17.3033 16.7033 0.57
      vertex 17.5318 16.6461 0.57
    endloop
  endfacet
  facet normal 0 0 1
    outer loop
      vertex 17.1772 17.0137 0.57
      vertex 17.3033 16.7033 0.57
      vertex 17.3759 16.9426 0.57
    endloop
  endfacet
  facet normal 0 0 1
    outer loop
      vertex 17.1772 17.0137 0.57
      vertex 17.0816 16.7827 0.57
      vertex 17.3033 16.7033 0.57
    endloop
  endfacet
  facet normal 0 0 1
    outer loop
      vertex 16.9865 17.1039 0.57
      vertex 17.0816 16.7827 0.57
      vertex 17.1772 17.0137 0.57
    endloop
  endfacet
  facet normal 0 0 1
    outer loop
      vertex 16.9865 17.1039 0.57
      vertex 16.8686 16.8834 0.57
      vertex 17.0816 16.7827 0.57
    endloop
  endfacet
  facet normal 0 0 1
    outer loop
      vertex 16.8055 17.2123 0.57
      vertex 16.8686 16.8834 0.57
      vertex 16.9865 17.1039 0.57
    endloop
  endfacet
  facet normal 0 0 1
    outer loop
      vertex 16.8055 17.2123 0.57
      vertex 16.6666 17.0045 0.57
      vertex 16.8686 16.8834 0.57
    endloop
  endfacet
  facet normal 0 0 1
    outer loop
      vertex 16.6361 17.338 0.57
      vertex 16.6666 17.0045 0.57
      vertex 16.8055 17.2123 0.57
    endloop
  endfacet
  facet normal 0 0 1
    outer loop
      vertex 16.4775 17.1448 0.57
      vertex 16.6361 17.338 0.57
      vertex 16.4797 17.4797 0.57
    endloop
  endfacet
  facet normal 0 0 1
    outer loop
      vertex 16.6361 17.338 0.57
      vertex 16.4775 17.1448 0.57
      vertex 16.6666 17.0045 0.57
    endloop
  endfacet
  facet normal 0 0 1
    outer loop
      vertex 16.3029 17.3029 0.57
      vertex 16.4797 17.4797 0.57
      vertex 16.338 17.6361 0.57
    endloop
  endfacet
  facet normal 0 0 1
    outer loop
      vertex 16.4797 17.4797 0.57
      vertex 16.3029 17.3029 0.57
      vertex 16.4775 17.1448 0.57
    endloop
  endfacet
  facet normal 0 0 1
    outer loop
      vertex 16.1448 17.4775 0.57
      vertex 16.338 17.6361 0.57
      vertex 16.2123 17.8055 0.57
    endloop
  endfacet
  facet normal 0 0 1
    outer loop
      vertex 16.338 17.6361 0.57
      vertex 16.1448 17.4775 0.57
      vertex 16.3029 17.3029 0.57
    endloop
  endfacet
  facet normal 0 0 1
    outer loop
      vertex 16.0045 17.6666 0.57
      vertex 16.2123 17.8055 0.57
      vertex 16.1039 17.9865 0.57
    endloop
  endfacet
  facet normal 0 0 1
    outer loop
      vertex 15.8834 17.8686 0.57
      vertex 16.1039 17.9865 0.57
      vertex 16.0137 18.1772 0.57
    endloop
  endfacet
  facet normal 0 0 1
    outer loop
      vertex 16.2123 17.8055 0.57
      vertex 16.0045 17.6666 0.57
      vertex 16.1448 17.4775 0.57
    endloop
  endfacet
  facet normal 0 0 1
    outer loop
      vertex 15.7827 18.0816 0.57
      vertex 16.0137 18.1772 0.57
      vertex 15.9426 18.3759 0.57
    endloop
  endfacet
  facet normal 0 0 1
    outer loop
      vertex 15.7033 18.3033 0.57
      vertex 15.9426 18.3759 0.57
      vertex 15.8913 18.5806 0.57
    endloop
  endfacet
  facet normal 0 0 1
    outer loop
      vertex 16.1039 17.9865 0.57
      vertex 15.8834 17.8686 0.57
      vertex 16.0045 17.6666 0.57
    endloop
  endfacet
  facet normal 0 0 1
    outer loop
      vertex 15.6461 18.5318 0.57
      vertex 15.8913 18.5806 0.57
      vertex 15.8604 18.7893 0.57
    endloop
  endfacet
  facet normal 0 0 1
    outer loop
      vertex 15.6116 18.7648 0.57
      vertex 15.8604 18.7893 0.57
      vertex 15.85 19 0.57
    endloop
  endfacet
  facet normal 0 0 1
    outer loop
      vertex 15.8913 19.4194 0.57
      vertex 15.6461 19.4682 0.57
      vertex 15.8604 19.2107 0.57
    endloop
  endfacet
  facet normal 0 0 1
    outer loop
      vertex 16.0137 18.1772 0.57
      vertex 15.7827 18.0816 0.57
      vertex 15.8834 17.8686 0.57
    endloop
  endfacet
  facet normal -0 0 1
    outer loop
      vertex 15.6116 19.2352 0.57
      vertex 15.8604 19.2107 0.57
      vertex 15.6461 19.4682 0.57
    endloop
  endfacet
  facet normal 0 0 1
    outer loop
      vertex 15.9426 18.3759 0.57
      vertex 15.7033 18.3033 0.57
      vertex 15.7827 18.0816 0.57
    endloop
  endfacet
  facet normal 0 0 1
    outer loop
      vertex 15.8604 19.2107 0.57
      vertex 15.6116 19.2352 0.57
      vertex 15.85 19 0.57
    endloop
  endfacet
  facet normal 0 0 1
    outer loop
      vertex 15.8913 18.5806 0.57
      vertex 15.6461 18.5318 0.57
      vertex 15.7033 18.3033 0.57
    endloop
  endfacet
  facet normal 0 0 1
    outer loop
      vertex 15.6 19 0.57
      vertex 15.85 19 0.57
      vertex 15.6116 19.2352 0.57
    endloop
  endfacet
  facet normal 0 0 1
    outer loop
      vertex 15.8604 18.7893 0.57
      vertex 15.6116 18.7648 0.57
      vertex 15.6461 18.5318 0.57
    endloop
  endfacet
  facet normal 0 0 1
    outer loop
      vertex 15.85 19 0.57
      vertex 15.6 19 0.57
      vertex 15.6116 18.7648 0.57
    endloop
  endfacet
  facet normal 0.85768 -0.514184 0
    outer loop
      vertex 19.9955 17.6666 0.57
      vertex 20.1166 17.8686 0.43
      vertex 20.1166 17.8686 0.57
    endloop
  endfacet
  facet normal 0.85768 -0.514184 0
    outer loop
      vertex 20.1166 17.8686 0.43
      vertex 19.9955 17.6666 0.57
      vertex 19.9955 17.6666 0.43
    endloop
  endfacet
  facet normal -0.741264 -0.671213 0
    outer loop
      vertex 16.3029 17.3029 0.43
      vertex 16.1448 17.4775 0.57
      vertex 16.1448 17.4775 0.43
    endloop
  endfacet
  facet normal -0.741264 -0.671213 0
    outer loop
      vertex 16.1448 17.4775 0.57
      vertex 16.3029 17.3029 0.43
      vertex 16.3029 17.3029 0.57
    endloop
  endfacet
  facet normal -0.989215 0.146472 0
    outer loop
      vertex 15.6116 19.2352 0.43
      vertex 15.6461 19.4682 0.57
      vertex 15.6461 19.4682 0.43
    endloop
  endfacet
  facet normal -0.989215 0.146472 0
    outer loop
      vertex 15.6461 19.4682 0.57
      vertex 15.6116 19.2352 0.43
      vertex 15.6116 19.2352 0.57
    endloop
  endfacet
  facet normal -0.803098 -0.595847 0
    outer loop
      vertex 16.1448 17.4775 0.43
      vertex 16.0045 17.6666 0.57
      vertex 16.0045 17.6666 0.43
    endloop
  endfacet
  facet normal -0.803098 -0.595847 0
    outer loop
      vertex 16.0045 17.6666 0.57
      vertex 16.1448 17.4775 0.43
      vertex 16.1448 17.4775 0.57
    endloop
  endfacet
  facet normal 0.242835 -0.970068 0
    outer loop
      vertex 18.4682 16.6461 0.43
      vertex 18.6967 16.7033 0.57
      vertex 18.4682 16.6461 0.57
    endloop
  endfacet
  facet normal 0.242835 -0.970068 0
    outer loop
      vertex 18.6967 16.7033 0.57
      vertex 18.4682 16.6461 0.43
      vertex 18.6967 16.7033 0.43
    endloop
  endfacet
  facet normal -0.671213 0.741264 0
    outer loop
      vertex 16.4775 20.8552 0.43
      vertex 16.3029 20.6971 0.57
      vertex 16.4775 20.8552 0.57
    endloop
  endfacet
  facet normal -0.671213 0.741264 0
    outer loop
      vertex 16.3029 20.6971 0.57
      vertex 16.4775 20.8552 0.43
      vertex 16.3029 20.6971 0.43
    endloop
  endfacet
  facet normal -0.514184 -0.85768 0
    outer loop
      vertex 16.6666 17.0045 0.43
      vertex 16.8686 16.8834 0.57
      vertex 16.6666 17.0045 0.57
    endloop
  endfacet
  facet normal -0.514184 -0.85768 -0
    outer loop
      vertex 16.8686 16.8834 0.57
      vertex 16.6666 17.0045 0.43
      vertex 16.8686 16.8834 0.43
    endloop
  endfacet
  facet normal -0.0492599 -0.998786 0
    outer loop
      vertex 17.7648 16.6116 0.43
      vertex 18 16.6 0.57
      vertex 17.7648 16.6116 0.57
    endloop
  endfacet
  facet normal -0.0492599 -0.998786 -0
    outer loop
      vertex 18 16.6 0.57
      vertex 17.7648 16.6116 0.43
      vertex 18 16.6 0.43
    endloop
  endfacet
  facet normal -0.904057 0.427411 0
    outer loop
      vertex 15.7827 19.9184 0.43
      vertex 15.8834 20.1314 0.57
      vertex 15.8834 20.1314 0.43
    endloop
  endfacet
  facet normal -0.904057 0.427411 0
    outer loop
      vertex 15.8834 20.1314 0.57
      vertex 15.7827 19.9184 0.43
      vertex 15.7827 19.9184 0.57
    endloop
  endfacet
  facet normal -0.741264 0.671213 0
    outer loop
      vertex 16.1448 20.5225 0.43
      vertex 16.3029 20.6971 0.57
      vertex 16.3029 20.6971 0.43
    endloop
  endfacet
  facet normal -0.741264 0.671213 0
    outer loop
      vertex 16.3029 20.6971 0.57
      vertex 16.1448 20.5225 0.43
      vertex 16.1448 20.5225 0.57
    endloop
  endfacet
  facet normal 0.595847 -0.803098 0
    outer loop
      vertex 19.3334 17.0045 0.43
      vertex 19.5225 17.1448 0.57
      vertex 19.3334 17.0045 0.57
    endloop
  endfacet
  facet normal 0.595847 -0.803098 0
    outer loop
      vertex 19.5225 17.1448 0.57
      vertex 19.3334 17.0045 0.43
      vertex 19.5225 17.1448 0.43
    endloop
  endfacet
  facet normal -0.85768 0.514184 0
    outer loop
      vertex 15.8834 20.1314 0.43
      vertex 16.0045 20.3334 0.57
      vertex 16.0045 20.3334 0.43
    endloop
  endfacet
  facet normal -0.85768 0.514184 0
    outer loop
      vertex 16.0045 20.3334 0.57
      vertex 15.8834 20.1314 0.43
      vertex 15.8834 20.1314 0.57
    endloop
  endfacet
  facet normal -0.904057 -0.427411 0
    outer loop
      vertex 15.8834 17.8686 0.43
      vertex 15.7827 18.0816 0.57
      vertex 15.7827 18.0816 0.43
    endloop
  endfacet
  facet normal -0.904057 -0.427411 0
    outer loop
      vertex 15.7827 18.0816 0.57
      vertex 15.8834 17.8686 0.43
      vertex 15.8834 17.8686 0.57
    endloop
  endfacet
  facet normal -0.85768 -0.514184 0
    outer loop
      vertex 16.0045 17.6666 0.43
      vertex 15.8834 17.8686 0.57
      vertex 15.8834 17.8686 0.43
    endloop
  endfacet
  facet normal -0.85768 -0.514184 0
    outer loop
      vertex 15.8834 17.8686 0.57
      vertex 16.0045 17.6666 0.43
      vertex 16.0045 17.6666 0.57
    endloop
  endfacet
  facet normal 0 0 -1
    outer loop
      vertex 20.15 19 0.43
      vertex 20.4 19 0.43
      vertex 20.3884 18.7648 0.43
    endloop
  endfacet
  facet normal 0 0 -1
    outer loop
      vertex 20.1396 18.7893 0.43
      vertex 20.3884 18.7648 0.43
      vertex 20.3539 18.5318 0.43
    endloop
  endfacet
  facet normal 0 0 -1
    outer loop
      vertex 20.4 19 0.43
      vertex 20.15 19 0.43
      vertex 20.3884 19.2352 0.43
    endloop
  endfacet
  facet normal 0 0 -1
    outer loop
      vertex 20.1087 18.5806 0.43
      vertex 20.3539 18.5318 0.43
      vertex 20.2967 18.3033 0.43
    endloop
  endfacet
  facet normal 0 0 -1
    outer loop
      vertex 20.1396 19.2107 0.43
      vertex 20.3884 19.2352 0.43
      vertex 20.15 19 0.43
    endloop
  endfacet
  facet normal 0 0 -1
    outer loop
      vertex 20.0574 18.3759 0.43
      vertex 20.2967 18.3033 0.43
      vertex 20.2173 18.0816 0.43
    endloop
  endfacet
  facet normal -0 0 -1
    outer loop
      vertex 20.3884 19.2352 0.43
      vertex 20.1396 19.2107 0.43
      vertex 20.3539 19.4682 0.43
    endloop
  endfacet
  facet normal 0 0 -1
    outer loop
      vertex 20.1087 19.4194 0.43
      vertex 20.3539 19.4682 0.43
      vertex 20.1396 19.2107 0.43
    endloop
  endfacet
  facet normal 0 0 -1
    outer loop
      vertex 20.3884 18.7648 0.43
      vertex 20.1396 18.7893 0.43
      vertex 20.15 19 0.43
    endloop
  endfacet
  facet normal 0 0 -1
    outer loop
      vertex 19.9863 18.1772 0.43
      vertex 20.2173 18.0816 0.43
      vertex 20.1166 17.8686 0.43
    endloop
  endfacet
  facet normal 0 0 -1
    outer loop
      vertex 20.3539 18.5318 0.43
      vertex 20.1087 18.5806 0.43
      vertex 20.1396 18.7893 0.43
    endloop
  endfacet
  facet normal 0 0 -1
    outer loop
      vertex 20.2967 18.3033 0.43
      vertex 20.0574 18.3759 0.43
      vertex 20.1087 18.5806 0.43
    endloop
  endfacet
  facet normal 0 0 -1
    outer loop
      vertex 19.8961 17.9865 0.43
      vertex 20.1166 17.8686 0.43
      vertex 19.9955 17.6666 0.43
    endloop
  endfacet
  facet normal 0 0 -1
    outer loop
      vertex 20.2173 18.0816 0.43
      vertex 19.9863 18.1772 0.43
      vertex 20.0574 18.3759 0.43
    endloop
  endfacet
  facet normal 0 0 -1
    outer loop
      vertex 20.1166 17.8686 0.43
      vertex 19.8961 17.9865 0.43
      vertex 19.9863 18.1772 0.43
    endloop
  endfacet
  facet normal 0 0 -1
    outer loop
      vertex 19.7877 17.8055 0.43
      vertex 19.9955 17.6666 0.43
      vertex 19.8552 17.4775 0.43
    endloop
  endfacet
  facet normal 0 0 -1
    outer loop
      vertex 19.9955 17.6666 0.43
      vertex 19.7877 17.8055 0.43
      vertex 19.8961 17.9865 0.43
    endloop
  endfacet
  facet normal 0 0 -1
    outer loop
      vertex 19.662 17.6361 0.43
      vertex 19.8552 17.4775 0.43
      vertex 19.6971 17.3029 0.43
    endloop
  endfacet
  facet normal 0 0 -1
    outer loop
      vertex 19.8552 17.4775 0.43
      vertex 19.662 17.6361 0.43
      vertex 19.7877 17.8055 0.43
    endloop
  endfacet
  facet normal 0 0 -1
    outer loop
      vertex 19.5203 17.4797 0.43
      vertex 19.6971 17.3029 0.43
      vertex 19.5225 17.1448 0.43
    endloop
  endfacet
  facet normal 0 0 -1
    outer loop
      vertex 19.6971 17.3029 0.43
      vertex 19.5203 17.4797 0.43
      vertex 19.662 17.6361 0.43
    endloop
  endfacet
  facet normal 0 0 -1
    outer loop
      vertex 19.5225 17.1448 0.43
      vertex 19.3639 17.338 0.43
      vertex 19.5203 17.4797 0.43
    endloop
  endfacet
  facet normal 0 0 -1
    outer loop
      vertex 19.3334 17.0045 0.43
      vertex 19.3639 17.338 0.43
      vertex 19.5225 17.1448 0.43
    endloop
  endfacet
  facet normal 0 0 -1
    outer loop
      vertex 19.3334 17.0045 0.43
      vertex 19.1945 17.2123 0.43
      vertex 19.3639 17.338 0.43
    endloop
  endfacet
  facet normal 0 0 -1
    outer loop
      vertex 19.1314 16.8834 0.43
      vertex 19.1945 17.2123 0.43
      vertex 19.3334 17.0045 0.43
    endloop
  endfacet
  facet normal 0 0 -1
    outer loop
      vertex 19.1314 16.8834 0.43
      vertex 19.0135 17.1039 0.43
      vertex 19.1945 17.2123 0.43
    endloop
  endfacet
  facet normal 0 0 -1
    outer loop
      vertex 18.9184 16.7827 0.43
      vertex 19.0135 17.1039 0.43
      vertex 19.1314 16.8834 0.43
    endloop
  endfacet
  facet normal 0 0 -1
    outer loop
      vertex 18.9184 16.7827 0.43
      vertex 18.8228 17.0137 0.43
      vertex 19.0135 17.1039 0.43
    endloop
  endfacet
  facet normal 0 0 -1
    outer loop
      vertex 18.6967 16.7033 0.43
      vertex 18.8228 17.0137 0.43
      vertex 18.9184 16.7827 0.43
    endloop
  endfacet
  facet normal 0 0 -1
    outer loop
      vertex 18.6967 16.7033 0.43
      vertex 18.6241 16.9426 0.43
      vertex 18.8228 17.0137 0.43
    endloop
  endfacet
  facet normal 0 0 -1
    outer loop
      vertex 18.4682 16.6461 0.43
      vertex 18.6241 16.9426 0.43
      vertex 18.6967 16.7033 0.43
    endloop
  endfacet
  facet normal 0 0 -1
    outer loop
      vertex 18.4682 16.6461 0.43
      vertex 18.4194 16.8913 0.43
      vertex 18.6241 16.9426 0.43
    endloop
  endfacet
  facet normal 0 0 -1
    outer loop
      vertex 18.2352 16.6116 0.43
      vertex 18.4194 16.8913 0.43
      vertex 18.4682 16.6461 0.43
    endloop
  endfacet
  facet normal 0 0 -1
    outer loop
      vertex 18.2352 16.6116 0.43
      vertex 18.2107 16.8604 0.43
      vertex 18.4194 16.8913 0.43
    endloop
  endfacet
  facet normal 0 0 -1
    outer loop
      vertex 18 16.6 0.43
      vertex 18.2107 16.8604 0.43
      vertex 18.2352 16.6116 0.43
    endloop
  endfacet
  facet normal 0 0 -1
    outer loop
      vertex 18 16.6 0.43
      vertex 18 16.85 0.43
      vertex 18.2107 16.8604 0.43
    endloop
  endfacet
  facet normal 0 0 -1
    outer loop
      vertex 18 16.6 0.43
      vertex 17.7893 16.8604 0.43
      vertex 18 16.85 0.43
    endloop
  endfacet
  facet normal 0 0 -1
    outer loop
      vertex 17.7648 16.6116 0.43
      vertex 17.7893 16.8604 0.43
      vertex 18 16.6 0.43
    endloop
  endfacet
  facet normal 0 0 -1
    outer loop
      vertex 17.7648 16.6116 0.43
      vertex 17.5806 16.8913 0.43
      vertex 17.7893 16.8604 0.43
    endloop
  endfacet
  facet normal 0 0 -1
    outer loop
      vertex 17.5318 16.6461 0.43
      vertex 17.5806 16.8913 0.43
      vertex 17.7648 16.6116 0.43
    endloop
  endfacet
  facet normal 0 0 -1
    outer loop
      vertex 17.5318 16.6461 0.43
      vertex 17.3759 16.9426 0.43
      vertex 17.5806 16.8913 0.43
    endloop
  endfacet
  facet normal 0 0 -1
    outer loop
      vertex 17.3033 16.7033 0.43
      vertex 17.3759 16.9426 0.43
      vertex 17.5318 16.6461 0.43
    endloop
  endfacet
  facet normal 0 0 -1
    outer loop
      vertex 17.3033 16.7033 0.43
      vertex 17.1772 17.0137 0.43
      vertex 17.3759 16.9426 0.43
    endloop
  endfacet
  facet normal 0 0 -1
    outer loop
      vertex 17.0816 16.7827 0.43
      vertex 17.1772 17.0137 0.43
      vertex 17.3033 16.7033 0.43
    endloop
  endfacet
  facet normal 0 0 -1
    outer loop
      vertex 17.0816 16.7827 0.43
      vertex 16.9865 17.1039 0.43
      vertex 17.1772 17.0137 0.43
    endloop
  endfacet
  facet normal 0 0 -1
    outer loop
      vertex 16.8686 16.8834 0.43
      vertex 16.9865 17.1039 0.43
      vertex 17.0816 16.7827 0.43
    endloop
  endfacet
  facet normal 0 0 -1
    outer loop
      vertex 16.8686 16.8834 0.43
      vertex 16.8055 17.2123 0.43
      vertex 16.9865 17.1039 0.43
    endloop
  endfacet
  facet normal 0 0 -1
    outer loop
      vertex 16.6666 17.0045 0.43
      vertex 16.8055 17.2123 0.43
      vertex 16.8686 16.8834 0.43
    endloop
  endfacet
  facet normal 0 0 -1
    outer loop
      vertex 16.6666 17.0045 0.43
      vertex 16.6361 17.338 0.43
      vertex 16.8055 17.2123 0.43
    endloop
  endfacet
  facet normal 0 0 -1
    outer loop
      vertex 16.4775 17.1448 0.43
      vertex 16.6361 17.338 0.43
      vertex 16.6666 17.0045 0.43
    endloop
  endfacet
  facet normal -0 0 -1
    outer loop
      vertex 16.6361 17.338 0.43
      vertex 16.4775 17.1448 0.43
      vertex 16.4797 17.4797 0.43
    endloop
  endfacet
  facet normal 0 0 -1
    outer loop
      vertex 16.3029 17.3029 0.43
      vertex 16.4797 17.4797 0.43
      vertex 16.4775 17.1448 0.43
    endloop
  endfacet
  facet normal -0 0 -1
    outer loop
      vertex 16.4797 17.4797 0.43
      vertex 16.3029 17.3029 0.43
      vertex 16.338 17.6361 0.43
    endloop
  endfacet
  facet normal 0 0 -1
    outer loop
      vertex 16.1448 17.4775 0.43
      vertex 16.338 17.6361 0.43
      vertex 16.3029 17.3029 0.43
    endloop
  endfacet
  facet normal -0 0 -1
    outer loop
      vertex 16.338 17.6361 0.43
      vertex 16.1448 17.4775 0.43
      vertex 16.2123 17.8055 0.43
    endloop
  endfacet
  facet normal 0 0 -1
    outer loop
      vertex 16.0045 17.6666 0.43
      vertex 16.2123 17.8055 0.43
      vertex 16.1448 17.4775 0.43
    endloop
  endfacet
  facet normal -0 0 -1
    outer loop
      vertex 16.2123 17.8055 0.43
      vertex 16.0045 17.6666 0.43
      vertex 16.1039 17.9865 0.43
    endloop
  endfacet
  facet normal 0 0 -1
    outer loop
      vertex 15.8834 17.8686 0.43
      vertex 16.1039 17.9865 0.43
      vertex 16.0045 17.6666 0.43
    endloop
  endfacet
  facet normal -0 0 -1
    outer loop
      vertex 16.1039 17.9865 0.43
      vertex 15.8834 17.8686 0.43
      vertex 16.0137 18.1772 0.43
    endloop
  endfacet
  facet normal 0 0 -1
    outer loop
      vertex 15.7827 18.0816 0.43
      vertex 16.0137 18.1772 0.43
      vertex 15.8834 17.8686 0.43
    endloop
  endfacet
  facet normal -0 0 -1
    outer loop
      vertex 16.0137 18.1772 0.43
      vertex 15.7827 18.0816 0.43
      vertex 15.9426 18.3759 0.43
    endloop
  endfacet
  facet normal 0 0 -1
    outer loop
      vertex 15.7033 18.3033 0.43
      vertex 15.9426 18.3759 0.43
      vertex 15.7827 18.0816 0.43
    endloop
  endfacet
  facet normal -0 0 -1
    outer loop
      vertex 15.9426 18.3759 0.43
      vertex 15.7033 18.3033 0.43
      vertex 15.8913 18.5806 0.43
    endloop
  endfacet
  facet normal 0 0 -1
    outer loop
      vertex 15.6461 18.5318 0.43
      vertex 15.8913 18.5806 0.43
      vertex 15.7033 18.3033 0.43
    endloop
  endfacet
  facet normal -0 0 -1
    outer loop
      vertex 20.3539 19.4682 0.43
      vertex 20.1087 19.4194 0.43
      vertex 20.2967 19.6967 0.43
    endloop
  endfacet
  facet normal 0 0 -1
    outer loop
      vertex 20.0574 19.6241 0.43
      vertex 20.2967 19.6967 0.43
      vertex 20.1087 19.4194 0.43
    endloop
  endfacet
  facet normal -0 0 -1
    outer loop
      vertex 20.2967 19.6967 0.43
      vertex 20.0574 19.6241 0.43
      vertex 20.2173 19.9184 0.43
    endloop
  endfacet
  facet normal 0 0 -1
    outer loop
      vertex 19.9863 19.8228 0.43
      vertex 20.2173 19.9184 0.43
      vertex 20.0574 19.6241 0.43
    endloop
  endfacet
  facet normal -0 0 -1
    outer loop
      vertex 20.2173 19.9184 0.43
      vertex 19.9863 19.8228 0.43
      vertex 20.1166 20.1314 0.43
    endloop
  endfacet
  facet normal 0 0 -1
    outer loop
      vertex 19.8961 20.0135 0.43
      vertex 20.1166 20.1314 0.43
      vertex 19.9863 19.8228 0.43
    endloop
  endfacet
  facet normal -0 0 -1
    outer loop
      vertex 20.1166 20.1314 0.43
      vertex 19.8961 20.0135 0.43
      vertex 19.9955 20.3334 0.43
    endloop
  endfacet
  facet normal 0 0 -1
    outer loop
      vertex 19.7877 20.1945 0.43
      vertex 19.9955 20.3334 0.43
      vertex 19.8961 20.0135 0.43
    endloop
  endfacet
  facet normal -0 0 -1
    outer loop
      vertex 19.9955 20.3334 0.43
      vertex 19.7877 20.1945 0.43
      vertex 19.8552 20.5225 0.43
    endloop
  endfacet
  facet normal 0 0 -1
    outer loop
      vertex 19.662 20.3639 0.43
      vertex 19.8552 20.5225 0.43
      vertex 19.7877 20.1945 0.43
    endloop
  endfacet
  facet normal -0 0 -1
    outer loop
      vertex 19.8552 20.5225 0.43
      vertex 19.662 20.3639 0.43
      vertex 19.6971 20.6971 0.43
    endloop
  endfacet
  facet normal 0 0 -1
    outer loop
      vertex 19.5203 20.5203 0.43
      vertex 19.6971 20.6971 0.43
      vertex 19.662 20.3639 0.43
    endloop
  endfacet
  facet normal -0 0 -1
    outer loop
      vertex 19.6971 20.6971 0.43
      vertex 19.5203 20.5203 0.43
      vertex 19.5225 20.8552 0.43
    endloop
  endfacet
  facet normal 0 0 -1
    outer loop
      vertex 19.3639 20.662 0.43
      vertex 19.5225 20.8552 0.43
      vertex 19.5203 20.5203 0.43
    endloop
  endfacet
  facet normal 0 0 -1
    outer loop
      vertex 19.3639 20.662 0.43
      vertex 19.3334 20.9955 0.43
      vertex 19.5225 20.8552 0.43
    endloop
  endfacet
  facet normal 0 0 -1
    outer loop
      vertex 19.1945 20.7877 0.43
      vertex 19.3334 20.9955 0.43
      vertex 19.3639 20.662 0.43
    endloop
  endfacet
  facet normal 0 0 -1
    outer loop
      vertex 19.1945 20.7877 0.43
      vertex 19.1314 21.1166 0.43
      vertex 19.3334 20.9955 0.43
    endloop
  endfacet
  facet normal 0 0 -1
    outer loop
      vertex 19.0135 20.8961 0.43
      vertex 19.1314 21.1166 0.43
      vertex 19.1945 20.7877 0.43
    endloop
  endfacet
  facet normal 0 0 -1
    outer loop
      vertex 19.0135 20.8961 0.43
      vertex 18.9184 21.2173 0.43
      vertex 19.1314 21.1166 0.43
    endloop
  endfacet
  facet normal 0 0 -1
    outer loop
      vertex 18.8228 20.9863 0.43
      vertex 18.9184 21.2173 0.43
      vertex 19.0135 20.8961 0.43
    endloop
  endfacet
  facet normal 0 0 -1
    outer loop
      vertex 18.8228 20.9863 0.43
      vertex 18.6967 21.2967 0.43
      vertex 18.9184 21.2173 0.43
    endloop
  endfacet
  facet normal 0 0 -1
    outer loop
      vertex 18.6241 21.0574 0.43
      vertex 18.6967 21.2967 0.43
      vertex 18.8228 20.9863 0.43
    endloop
  endfacet
  facet normal 0 0 -1
    outer loop
      vertex 18.6241 21.0574 0.43
      vertex 18.4682 21.3539 0.43
      vertex 18.6967 21.2967 0.43
    endloop
  endfacet
  facet normal 0 0 -1
    outer loop
      vertex 18.4194 21.1087 0.43
      vertex 18.4682 21.3539 0.43
      vertex 18.6241 21.0574 0.43
    endloop
  endfacet
  facet normal 0 0 -1
    outer loop
      vertex 18.4194 21.1087 0.43
      vertex 18.2352 21.3884 0.43
      vertex 18.4682 21.3539 0.43
    endloop
  endfacet
  facet normal 0 0 -1
    outer loop
      vertex 18.2107 21.1396 0.43
      vertex 18.2352 21.3884 0.43
      vertex 18.4194 21.1087 0.43
    endloop
  endfacet
  facet normal 0 0 -1
    outer loop
      vertex 18 21.15 0.43
      vertex 18.2352 21.3884 0.43
      vertex 18.2107 21.1396 0.43
    endloop
  endfacet
  facet normal 0 0 -1
    outer loop
      vertex 18 21.15 0.43
      vertex 18 21.4 0.43
      vertex 18.2352 21.3884 0.43
    endloop
  endfacet
  facet normal 0 0 -1
    outer loop
      vertex 17.7893 21.1396 0.43
      vertex 18 21.4 0.43
      vertex 18 21.15 0.43
    endloop
  endfacet
  facet normal 0 0 -1
    outer loop
      vertex 17.7893 21.1396 0.43
      vertex 17.7648 21.3884 0.43
      vertex 18 21.4 0.43
    endloop
  endfacet
  facet normal 0 0 -1
    outer loop
      vertex 17.5806 21.1087 0.43
      vertex 17.7648 21.3884 0.43
      vertex 17.7893 21.1396 0.43
    endloop
  endfacet
  facet normal 0 0 -1
    outer loop
      vertex 17.5806 21.1087 0.43
      vertex 17.5318 21.3539 0.43
      vertex 17.7648 21.3884 0.43
    endloop
  endfacet
  facet normal 0 0 -1
    outer loop
      vertex 17.3759 21.0574 0.43
      vertex 17.5318 21.3539 0.43
      vertex 17.5806 21.1087 0.43
    endloop
  endfacet
  facet normal 0 0 -1
    outer loop
      vertex 17.3759 21.0574 0.43
      vertex 17.3033 21.2967 0.43
      vertex 17.5318 21.3539 0.43
    endloop
  endfacet
  facet normal 0 0 -1
    outer loop
      vertex 17.1772 20.9863 0.43
      vertex 17.3033 21.2967 0.43
      vertex 17.3759 21.0574 0.43
    endloop
  endfacet
  facet normal 0 0 -1
    outer loop
      vertex 17.1772 20.9863 0.43
      vertex 17.0816 21.2173 0.43
      vertex 17.3033 21.2967 0.43
    endloop
  endfacet
  facet normal 0 0 -1
    outer loop
      vertex 16.9865 20.8961 0.43
      vertex 17.0816 21.2173 0.43
      vertex 17.1772 20.9863 0.43
    endloop
  endfacet
  facet normal 0 0 -1
    outer loop
      vertex 16.9865 20.8961 0.43
      vertex 16.8686 21.1166 0.43
      vertex 17.0816 21.2173 0.43
    endloop
  endfacet
  facet normal 0 0 -1
    outer loop
      vertex 16.8055 20.7877 0.43
      vertex 16.8686 21.1166 0.43
      vertex 16.9865 20.8961 0.43
    endloop
  endfacet
  facet normal 0 0 -1
    outer loop
      vertex 16.8055 20.7877 0.43
      vertex 16.6666 20.9955 0.43
      vertex 16.8686 21.1166 0.43
    endloop
  endfacet
  facet normal 0 0 -1
    outer loop
      vertex 16.6361 20.662 0.43
      vertex 16.6666 20.9955 0.43
      vertex 16.8055 20.7877 0.43
    endloop
  endfacet
  facet normal 0 0 -1
    outer loop
      vertex 16.4775 20.8552 0.43
      vertex 16.6361 20.662 0.43
      vertex 16.4797 20.5203 0.43
    endloop
  endfacet
  facet normal 0 0 -1
    outer loop
      vertex 16.6361 20.662 0.43
      vertex 16.4775 20.8552 0.43
      vertex 16.6666 20.9955 0.43
    endloop
  endfacet
  facet normal 0 0 -1
    outer loop
      vertex 16.3029 20.6971 0.43
      vertex 16.4797 20.5203 0.43
      vertex 16.338 20.3639 0.43
    endloop
  endfacet
  facet normal 0 0 -1
    outer loop
      vertex 16.4797 20.5203 0.43
      vertex 16.3029 20.6971 0.43
      vertex 16.4775 20.8552 0.43
    endloop
  endfacet
  facet normal 0 0 -1
    outer loop
      vertex 16.1448 20.5225 0.43
      vertex 16.338 20.3639 0.43
      vertex 16.2123 20.1945 0.43
    endloop
  endfacet
  facet normal 0 0 -1
    outer loop
      vertex 16.338 20.3639 0.43
      vertex 16.1448 20.5225 0.43
      vertex 16.3029 20.6971 0.43
    endloop
  endfacet
  facet normal 0 0 -1
    outer loop
      vertex 16.0045 20.3334 0.43
      vertex 16.2123 20.1945 0.43
      vertex 16.1039 20.0135 0.43
    endloop
  endfacet
  facet normal 0 0 -1
    outer loop
      vertex 15.8834 20.1314 0.43
      vertex 16.1039 20.0135 0.43
      vertex 16.0137 19.8228 0.43
    endloop
  endfacet
  facet normal 0 0 -1
    outer loop
      vertex 16.2123 20.1945 0.43
      vertex 16.0045 20.3334 0.43
      vertex 16.1448 20.5225 0.43
    endloop
  endfacet
  facet normal 0 0 -1
    outer loop
      vertex 15.7827 19.9184 0.43
      vertex 16.0137 19.8228 0.43
      vertex 15.9426 19.6241 0.43
    endloop
  endfacet
  facet normal 0 0 -1
    outer loop
      vertex 15.7033 19.6967 0.43
      vertex 15.9426 19.6241 0.43
      vertex 15.8913 19.4194 0.43
    endloop
  endfacet
  facet normal 0 0 -1
    outer loop
      vertex 16.1039 20.0135 0.43
      vertex 15.8834 20.1314 0.43
      vertex 16.0045 20.3334 0.43
    endloop
  endfacet
  facet normal 0 0 -1
    outer loop
      vertex 15.6461 19.4682 0.43
      vertex 15.8913 19.4194 0.43
      vertex 15.8604 19.2107 0.43
    endloop
  endfacet
  facet normal 0 0 -1
    outer loop
      vertex 15.6116 19.2352 0.43
      vertex 15.8604 19.2107 0.43
      vertex 15.85 19 0.43
    endloop
  endfacet
  facet normal -0 0 -1
    outer loop
      vertex 15.8913 18.5806 0.43
      vertex 15.6461 18.5318 0.43
      vertex 15.8604 18.7893 0.43
    endloop
  endfacet
  facet normal 0 0 -1
    outer loop
      vertex 16.0137 19.8228 0.43
      vertex 15.7827 19.9184 0.43
      vertex 15.8834 20.1314 0.43
    endloop
  endfacet
  facet normal 0 0 -1
    outer loop
      vertex 15.6116 18.7648 0.43
      vertex 15.8604 18.7893 0.43
      vertex 15.6461 18.5318 0.43
    endloop
  endfacet
  facet normal 0 0 -1
    outer loop
      vertex 15.9426 19.6241 0.43
      vertex 15.7033 19.6967 0.43
      vertex 15.7827 19.9184 0.43
    endloop
  endfacet
  facet normal -0 0 -1
    outer loop
      vertex 15.8604 18.7893 0.43
      vertex 15.6116 18.7648 0.43
      vertex 15.85 19 0.43
    endloop
  endfacet
  facet normal 0 0 -1
    outer loop
      vertex 15.8913 19.4194 0.43
      vertex 15.6461 19.4682 0.43
      vertex 15.7033 19.6967 0.43
    endloop
  endfacet
  facet normal 0 0 -1
    outer loop
      vertex 15.6 19 0.43
      vertex 15.85 19 0.43
      vertex 15.6116 18.7648 0.43
    endloop
  endfacet
  facet normal 0 0 -1
    outer loop
      vertex 15.8604 19.2107 0.43
      vertex 15.6116 19.2352 0.43
      vertex 15.6461 19.4682 0.43
    endloop
  endfacet
  facet normal 0 0 -1
    outer loop
      vertex 15.85 19 0.43
      vertex 15.6 19 0.43
      vertex 15.6116 19.2352 0.43
    endloop
  endfacet
  facet normal -0.998786 0.0492599 0
    outer loop
      vertex 15.6 19 0.43
      vertex 15.6116 19.2352 0.57
      vertex 15.6116 19.2352 0.43
    endloop
  endfacet
  facet normal -0.998786 0.0492599 0
    outer loop
      vertex 15.6116 19.2352 0.57
      vertex 15.6 19 0.43
      vertex 15.6 19 0.57
    endloop
  endfacet
  facet normal -0.146472 -0.989215 0
    outer loop
      vertex 17.5318 16.6461 0.43
      vertex 17.7648 16.6116 0.57
      vertex 17.5318 16.6461 0.57
    endloop
  endfacet
  facet normal -0.146472 -0.989215 -0
    outer loop
      vertex 17.7648 16.6116 0.57
      vertex 17.5318 16.6461 0.43
      vertex 17.7648 16.6116 0.43
    endloop
  endfacet
  facet normal -0.427411 -0.904057 0
    outer loop
      vertex 16.8686 16.8834 0.43
      vertex 17.0816 16.7827 0.57
      vertex 16.8686 16.8834 0.57
    endloop
  endfacet
  facet normal -0.427411 -0.904057 -0
    outer loop
      vertex 17.0816 16.7827 0.57
      vertex 16.8686 16.8834 0.43
      vertex 17.0816 16.7827 0.43
    endloop
  endfacet
  facet normal -0.989216 -0.146463 0
    outer loop
      vertex 20.1396 19.2107 0.43
      vertex 20.1087 19.4194 0.450001
      vertex 20.1087 19.4194 0.43
    endloop
  endfacet
  facet normal -0.989216 -0.146463 0
    outer loop
      vertex 20.1087 19.4194 0.450001
      vertex 20.1396 19.2107 0.43
      vertex 20.1396 19.2107 0.450001
    endloop
  endfacet
  facet normal -0.989216 -0.146463 0
    outer loop
      vertex 20.1396 19.2107 0.549999
      vertex 20.1087 19.4194 0.57
      vertex 20.1087 19.4194 0.549999
    endloop
  endfacet
  facet normal -0.989216 -0.146463 0
    outer loop
      vertex 20.1087 19.4194 0.57
      vertex 20.1396 19.2107 0.549999
      vertex 20.1396 19.2107 0.57
    endloop
  endfacet
  facet normal -0.998784 -0.0492993 0
    outer loop
      vertex 20.15 19 0.43
      vertex 20.1396 19.2107 0.450001
      vertex 20.1396 19.2107 0.43
    endloop
  endfacet
  facet normal -0.998784 -0.0492993 0
    outer loop
      vertex 20.1396 19.2107 0.450001
      vertex 20.15 19 0.43
      vertex 20.15 19 0.450001
    endloop
  endfacet
  facet normal -0.998784 -0.0492993 0
    outer loop
      vertex 20.15 19 0.549999
      vertex 20.1396 19.2107 0.57
      vertex 20.1396 19.2107 0.549999
    endloop
  endfacet
  facet normal -0.998784 -0.0492993 0
    outer loop
      vertex 20.1396 19.2107 0.57
      vertex 20.15 19 0.549999
      vertex 20.15 19 0.57
    endloop
  endfacet
  facet normal -0.970003 -0.243093 0
    outer loop
      vertex 20.1087 19.4194 0.43
      vertex 20.0574 19.6241 0.450001
      vertex 20.0574 19.6241 0.43
    endloop
  endfacet
  facet normal -0.970003 -0.243093 0
    outer loop
      vertex 20.0574 19.6241 0.450001
      vertex 20.1087 19.4194 0.43
      vertex 20.1087 19.4194 0.450001
    endloop
  endfacet
  facet normal -0.970003 -0.243093 0
    outer loop
      vertex 20.1087 19.4194 0.549999
      vertex 20.0574 19.6241 0.57
      vertex 20.0574 19.6241 0.549999
    endloop
  endfacet
  facet normal -0.970003 -0.243093 0
    outer loop
      vertex 20.0574 19.6241 0.57
      vertex 20.1087 19.4194 0.549999
      vertex 20.1087 19.4194 0.57
    endloop
  endfacet
  facet normal -0.427577 0.903979 0
    outer loop
      vertex 19.0135 17.1039 0.43
      vertex 18.8228 17.0137 0.450001
      vertex 19.0135 17.1039 0.450001
    endloop
  endfacet
  facet normal -0.427577 0.903979 0
    outer loop
      vertex 18.8228 17.0137 0.450001
      vertex 19.0135 17.1039 0.43
      vertex 18.8228 17.0137 0.43
    endloop
  endfacet
  facet normal -0.427577 0.903979 0
    outer loop
      vertex 19.0135 17.1039 0.549999
      vertex 18.8228 17.0137 0.57
      vertex 19.0135 17.1039 0.57
    endloop
  endfacet
  facet normal -0.427577 0.903979 0
    outer loop
      vertex 18.8228 17.0137 0.57
      vertex 19.0135 17.1039 0.549999
      vertex 18.8228 17.0137 0.549999
    endloop
  endfacet
  facet normal 0.595896 -0.803061 0
    outer loop
      vertex 16.6361 20.662 0.43
      vertex 16.8055 20.7877 0.450001
      vertex 16.6361 20.662 0.450001
    endloop
  endfacet
  facet normal 0.595896 -0.803061 0
    outer loop
      vertex 16.8055 20.7877 0.450001
      vertex 16.6361 20.662 0.43
      vertex 16.8055 20.7877 0.43
    endloop
  endfacet
  facet normal 0.595896 -0.803061 0
    outer loop
      vertex 16.6361 20.662 0.549999
      vertex 16.8055 20.7877 0.57
      vertex 16.6361 20.662 0.57
    endloop
  endfacet
  facet normal 0.595896 -0.803061 0
    outer loop
      vertex 16.8055 20.7877 0.57
      vertex 16.6361 20.662 0.549999
      vertex 16.8055 20.7877 0.549999
    endloop
  endfacet
  facet normal 0.903979 -0.427577 0
    outer loop
      vertex 16.0137 19.8228 0.450001
      vertex 16.1039 20.0135 0.43
      vertex 16.1039 20.0135 0.450001
    endloop
  endfacet
  facet normal 0.903979 -0.427577 0
    outer loop
      vertex 16.1039 20.0135 0.43
      vertex 16.0137 19.8228 0.450001
      vertex 16.0137 19.8228 0.43
    endloop
  endfacet
  facet normal 0.903979 -0.427577 0
    outer loop
      vertex 16.0137 19.8228 0.57
      vertex 16.1039 20.0135 0.549999
      vertex 16.1039 20.0135 0.57
    endloop
  endfacet
  facet normal 0.903979 -0.427577 0
    outer loop
      vertex 16.1039 20.0135 0.549999
      vertex 16.0137 19.8228 0.57
      vertex 16.0137 19.8228 0.549999
    endloop
  endfacet
  facet normal 0.970003 -0.243093 0
    outer loop
      vertex 15.8913 19.4194 0.450001
      vertex 15.9426 19.6241 0.43
      vertex 15.9426 19.6241 0.450001
    endloop
  endfacet
  facet normal 0.970003 -0.243093 0
    outer loop
      vertex 15.9426 19.6241 0.43
      vertex 15.8913 19.4194 0.450001
      vertex 15.8913 19.4194 0.43
    endloop
  endfacet
  facet normal 0.970003 -0.243093 0
    outer loop
      vertex 15.8913 19.4194 0.57
      vertex 15.9426 19.6241 0.549999
      vertex 15.9426 19.6241 0.57
    endloop
  endfacet
  facet normal 0.970003 -0.243093 0
    outer loop
      vertex 15.9426 19.6241 0.549999
      vertex 15.8913 19.4194 0.57
      vertex 15.8913 19.4194 0.549999
    endloop
  endfacet
  facet normal -0.513799 0.857911 0
    outer loop
      vertex 19.1945 17.2123 0.43
      vertex 19.0135 17.1039 0.450001
      vertex 19.1945 17.2123 0.450001
    endloop
  endfacet
  facet normal -0.513799 0.857911 0
    outer loop
      vertex 19.0135 17.1039 0.450001
      vertex 19.1945 17.2123 0.43
      vertex 19.0135 17.1039 0.43
    endloop
  endfacet
  facet normal -0.513799 0.857911 0
    outer loop
      vertex 19.1945 17.2123 0.549999
      vertex 19.0135 17.1039 0.57
      vertex 19.1945 17.2123 0.57
    endloop
  endfacet
  facet normal -0.513799 0.857911 0
    outer loop
      vertex 19.0135 17.1039 0.57
      vertex 19.1945 17.2123 0.549999
      vertex 19.0135 17.1039 0.549999
    endloop
  endfacet
  facet normal -0.243093 0.970003 0
    outer loop
      vertex 18.6241 16.9426 0.43
      vertex 18.4194 16.8913 0.450001
      vertex 18.6241 16.9426 0.450001
    endloop
  endfacet
  facet normal -0.243093 0.970003 0
    outer loop
      vertex 18.4194 16.8913 0.450001
      vertex 18.6241 16.9426 0.43
      vertex 18.4194 16.8913 0.43
    endloop
  endfacet
  facet normal -0.243093 0.970003 0
    outer loop
      vertex 18.6241 16.9426 0.549999
      vertex 18.4194 16.8913 0.57
      vertex 18.6241 16.9426 0.57
    endloop
  endfacet
  facet normal -0.243093 0.970003 0
    outer loop
      vertex 18.4194 16.8913 0.57
      vertex 18.6241 16.9426 0.549999
      vertex 18.4194 16.8913 0.549999
    endloop
  endfacet
  facet normal -0.0492993 -0.998784 0
    outer loop
      vertex 18 21.15 0.43
      vertex 18.2107 21.1396 0.450001
      vertex 18 21.15 0.450001
    endloop
  endfacet
  facet normal -0.0492993 -0.998784 -0
    outer loop
      vertex 18.2107 21.1396 0.450001
      vertex 18 21.15 0.43
      vertex 18.2107 21.1396 0.43
    endloop
  endfacet
  facet normal -0.0492993 -0.998784 0
    outer loop
      vertex 18 21.15 0.549999
      vertex 18.2107 21.1396 0.57
      vertex 18 21.15 0.57
    endloop
  endfacet
  facet normal -0.0492993 -0.998784 -0
    outer loop
      vertex 18.2107 21.1396 0.57
      vertex 18 21.15 0.549999
      vertex 18.2107 21.1396 0.549999
    endloop
  endfacet
  facet normal -0.146463 -0.989216 0
    outer loop
      vertex 18.2107 21.1396 0.43
      vertex 18.4194 21.1087 0.450001
      vertex 18.2107 21.1396 0.450001
    endloop
  endfacet
  facet normal -0.146463 -0.989216 -0
    outer loop
      vertex 18.4194 21.1087 0.450001
      vertex 18.2107 21.1396 0.43
      vertex 18.4194 21.1087 0.43
    endloop
  endfacet
  facet normal -0.146463 -0.989216 0
    outer loop
      vertex 18.2107 21.1396 0.549999
      vertex 18.4194 21.1087 0.57
      vertex 18.2107 21.1396 0.57
    endloop
  endfacet
  facet normal -0.146463 -0.989216 -0
    outer loop
      vertex 18.4194 21.1087 0.57
      vertex 18.2107 21.1396 0.549999
      vertex 18.4194 21.1087 0.549999
    endloop
  endfacet
  facet normal -0.427577 -0.903979 0
    outer loop
      vertex 18.8228 20.9863 0.43
      vertex 19.0135 20.8961 0.450001
      vertex 18.8228 20.9863 0.450001
    endloop
  endfacet
  facet normal -0.427577 -0.903979 -0
    outer loop
      vertex 19.0135 20.8961 0.450001
      vertex 18.8228 20.9863 0.43
      vertex 19.0135 20.8961 0.43
    endloop
  endfacet
  facet normal -0.427577 -0.903979 0
    outer loop
      vertex 18.8228 20.9863 0.549999
      vertex 19.0135 20.8961 0.57
      vertex 18.8228 20.9863 0.57
    endloop
  endfacet
  facet normal -0.427577 -0.903979 -0
    outer loop
      vertex 19.0135 20.8961 0.57
      vertex 18.8228 20.9863 0.549999
      vertex 19.0135 20.8961 0.549999
    endloop
  endfacet
  facet normal -0.146463 0.989216 0
    outer loop
      vertex 18.4194 16.8913 0.43
      vertex 18.2107 16.8604 0.450001
      vertex 18.4194 16.8913 0.450001
    endloop
  endfacet
  facet normal -0.146463 0.989216 0
    outer loop
      vertex 18.2107 16.8604 0.450001
      vertex 18.4194 16.8913 0.43
      vertex 18.2107 16.8604 0.43
    endloop
  endfacet
  facet normal -0.146463 0.989216 0
    outer loop
      vertex 18.4194 16.8913 0.549999
      vertex 18.2107 16.8604 0.57
      vertex 18.4194 16.8913 0.57
    endloop
  endfacet
  facet normal -0.146463 0.989216 0
    outer loop
      vertex 18.2107 16.8604 0.57
      vertex 18.4194 16.8913 0.549999
      vertex 18.2107 16.8604 0.549999
    endloop
  endfacet
  facet normal -0.803061 0.595896 0
    outer loop
      vertex 19.662 17.6361 0.43
      vertex 19.7877 17.8055 0.450001
      vertex 19.7877 17.8055 0.43
    endloop
  endfacet
  facet normal -0.803061 0.595896 0
    outer loop
      vertex 19.7877 17.8055 0.450001
      vertex 19.662 17.6361 0.43
      vertex 19.662 17.6361 0.450001
    endloop
  endfacet
  facet normal -0.803061 0.595896 0
    outer loop
      vertex 19.662 17.6361 0.549999
      vertex 19.7877 17.8055 0.57
      vertex 19.7877 17.8055 0.549999
    endloop
  endfacet
  facet normal -0.803061 0.595896 0
    outer loop
      vertex 19.7877 17.8055 0.57
      vertex 19.662 17.6361 0.549999
      vertex 19.662 17.6361 0.57
    endloop
  endfacet
  facet normal 0.741075 0.671422 0
    outer loop
      vertex 16.4797 17.4797 0.450001
      vertex 16.338 17.6361 0.43
      vertex 16.338 17.6361 0.450001
    endloop
  endfacet
  facet normal 0.741075 0.671422 0
    outer loop
      vertex 16.338 17.6361 0.43
      vertex 16.4797 17.4797 0.450001
      vertex 16.4797 17.4797 0.43
    endloop
  endfacet
  facet normal 0.741075 0.671422 0
    outer loop
      vertex 16.4797 17.4797 0.57
      vertex 16.338 17.6361 0.549999
      vertex 16.338 17.6361 0.57
    endloop
  endfacet
  facet normal 0.741075 0.671422 0
    outer loop
      vertex 16.338 17.6361 0.549999
      vertex 16.4797 17.4797 0.57
      vertex 16.4797 17.4797 0.549999
    endloop
  endfacet
  facet normal 0.513799 -0.857911 0
    outer loop
      vertex 16.8055 20.7877 0.43
      vertex 16.9865 20.8961 0.450001
      vertex 16.8055 20.7877 0.450001
    endloop
  endfacet
  facet normal 0.513799 -0.857911 0
    outer loop
      vertex 16.9865 20.8961 0.450001
      vertex 16.8055 20.7877 0.43
      vertex 16.9865 20.8961 0.43
    endloop
  endfacet
  facet normal 0.513799 -0.857911 0
    outer loop
      vertex 16.8055 20.7877 0.549999
      vertex 16.9865 20.8961 0.57
      vertex 16.8055 20.7877 0.57
    endloop
  endfacet
  facet normal 0.513799 -0.857911 0
    outer loop
      vertex 16.9865 20.8961 0.57
      vertex 16.8055 20.7877 0.549999
      vertex 16.9865 20.8961 0.549999
    endloop
  endfacet
  facet normal -0.989216 0.146463 0
    outer loop
      vertex 20.1087 18.5806 0.43
      vertex 20.1396 18.7893 0.450001
      vertex 20.1396 18.7893 0.43
    endloop
  endfacet
  facet normal -0.989216 0.146463 0
    outer loop
      vertex 20.1396 18.7893 0.450001
      vertex 20.1087 18.5806 0.43
      vertex 20.1087 18.5806 0.450001
    endloop
  endfacet
  facet normal -0.989216 0.146463 0
    outer loop
      vertex 20.1087 18.5806 0.549999
      vertex 20.1396 18.7893 0.57
      vertex 20.1396 18.7893 0.549999
    endloop
  endfacet
  facet normal -0.989216 0.146463 0
    outer loop
      vertex 20.1396 18.7893 0.57
      vertex 20.1087 18.5806 0.549999
      vertex 20.1087 18.5806 0.57
    endloop
  endfacet
  facet normal 0.146463 0.989216 -0
    outer loop
      vertex 17.7893 16.8604 0.43
      vertex 17.5806 16.8913 0.450001
      vertex 17.7893 16.8604 0.450001
    endloop
  endfacet
  facet normal 0.146463 0.989216 0
    outer loop
      vertex 17.5806 16.8913 0.450001
      vertex 17.7893 16.8604 0.43
      vertex 17.5806 16.8913 0.43
    endloop
  endfacet
  facet normal 0.146463 0.989216 -0
    outer loop
      vertex 17.7893 16.8604 0.549999
      vertex 17.5806 16.8913 0.57
      vertex 17.7893 16.8604 0.57
    endloop
  endfacet
  facet normal 0.146463 0.989216 0
    outer loop
      vertex 17.5806 16.8913 0.57
      vertex 17.7893 16.8604 0.549999
      vertex 17.5806 16.8913 0.549999
    endloop
  endfacet
  facet normal -0.595896 0.803061 0
    outer loop
      vertex 19.3639 17.338 0.43
      vertex 19.1945 17.2123 0.450001
      vertex 19.3639 17.338 0.450001
    endloop
  endfacet
  facet normal -0.595896 0.803061 0
    outer loop
      vertex 19.1945 17.2123 0.450001
      vertex 19.3639 17.338 0.43
      vertex 19.1945 17.2123 0.43
    endloop
  endfacet
  facet normal -0.595896 0.803061 0
    outer loop
      vertex 19.3639 17.338 0.549999
      vertex 19.1945 17.2123 0.57
      vertex 19.3639 17.338 0.57
    endloop
  endfacet
  facet normal -0.595896 0.803061 0
    outer loop
      vertex 19.1945 17.2123 0.57
      vertex 19.3639 17.338 0.549999
      vertex 19.1945 17.2123 0.549999
    endloop
  endfacet
  facet normal 0.0492993 0.998784 -0
    outer loop
      vertex 18 16.85 0.43
      vertex 17.7893 16.8604 0.450001
      vertex 18 16.85 0.450001
    endloop
  endfacet
  facet normal 0.0492993 0.998784 0
    outer loop
      vertex 17.7893 16.8604 0.450001
      vertex 18 16.85 0.43
      vertex 17.7893 16.8604 0.43
    endloop
  endfacet
  facet normal 0.0492993 0.998784 -0
    outer loop
      vertex 18 16.85 0.549999
      vertex 17.7893 16.8604 0.57
      vertex 18 16.85 0.57
    endloop
  endfacet
  facet normal 0.0492993 0.998784 0
    outer loop
      vertex 17.7893 16.8604 0.57
      vertex 18 16.85 0.549999
      vertex 17.7893 16.8604 0.549999
    endloop
  endfacet
  facet normal -0.595896 -0.803061 0
    outer loop
      vertex 19.1945 20.7877 0.43
      vertex 19.3639 20.662 0.450001
      vertex 19.1945 20.7877 0.450001
    endloop
  endfacet
  facet normal -0.595896 -0.803061 -0
    outer loop
      vertex 19.3639 20.662 0.450001
      vertex 19.1945 20.7877 0.43
      vertex 19.3639 20.662 0.43
    endloop
  endfacet
  facet normal -0.595896 -0.803061 0
    outer loop
      vertex 19.1945 20.7877 0.549999
      vertex 19.3639 20.662 0.57
      vertex 19.1945 20.7877 0.57
    endloop
  endfacet
  facet normal -0.595896 -0.803061 -0
    outer loop
      vertex 19.3639 20.662 0.57
      vertex 19.1945 20.7877 0.549999
      vertex 19.3639 20.662 0.549999
    endloop
  endfacet
  facet normal -0.970003 0.243093 0
    outer loop
      vertex 20.0574 18.3759 0.43
      vertex 20.1087 18.5806 0.450001
      vertex 20.1087 18.5806 0.43
    endloop
  endfacet
  facet normal -0.970003 0.243093 0
    outer loop
      vertex 20.1087 18.5806 0.450001
      vertex 20.0574 18.3759 0.43
      vertex 20.0574 18.3759 0.450001
    endloop
  endfacet
  facet normal -0.970003 0.243093 0
    outer loop
      vertex 20.0574 18.3759 0.549999
      vertex 20.1087 18.5806 0.57
      vertex 20.1087 18.5806 0.549999
    endloop
  endfacet
  facet normal -0.970003 0.243093 0
    outer loop
      vertex 20.1087 18.5806 0.57
      vertex 20.0574 18.3759 0.549999
      vertex 20.0574 18.3759 0.57
    endloop
  endfacet
  facet normal 0.989216 -0.146463 0
    outer loop
      vertex 15.8604 19.2107 0.450001
      vertex 15.8913 19.4194 0.43
      vertex 15.8913 19.4194 0.450001
    endloop
  endfacet
  facet normal 0.989216 -0.146463 0
    outer loop
      vertex 15.8913 19.4194 0.43
      vertex 15.8604 19.2107 0.450001
      vertex 15.8604 19.2107 0.43
    endloop
  endfacet
  facet normal 0.989216 -0.146463 0
    outer loop
      vertex 15.8604 19.2107 0.57
      vertex 15.8913 19.4194 0.549999
      vertex 15.8913 19.4194 0.57
    endloop
  endfacet
  facet normal 0.989216 -0.146463 0
    outer loop
      vertex 15.8913 19.4194 0.549999
      vertex 15.8604 19.2107 0.57
      vertex 15.8604 19.2107 0.549999
    endloop
  endfacet
  facet normal 0.857911 -0.513799 0
    outer loop
      vertex 16.1039 20.0135 0.450001
      vertex 16.2123 20.1945 0.43
      vertex 16.2123 20.1945 0.450001
    endloop
  endfacet
  facet normal 0.857911 -0.513799 0
    outer loop
      vertex 16.2123 20.1945 0.43
      vertex 16.1039 20.0135 0.450001
      vertex 16.1039 20.0135 0.43
    endloop
  endfacet
  facet normal 0.857911 -0.513799 0
    outer loop
      vertex 16.1039 20.0135 0.57
      vertex 16.2123 20.1945 0.549999
      vertex 16.2123 20.1945 0.57
    endloop
  endfacet
  facet normal 0.857911 -0.513799 0
    outer loop
      vertex 16.2123 20.1945 0.549999
      vertex 16.1039 20.0135 0.57
      vertex 16.1039 20.0135 0.549999
    endloop
  endfacet
  facet normal 0.941538 0.336907 0
    outer loop
      vertex 16.0137 18.1772 0.450001
      vertex 15.9426 18.3759 0.43
      vertex 15.9426 18.3759 0.450001
    endloop
  endfacet
  facet normal 0.941538 0.336907 0
    outer loop
      vertex 15.9426 18.3759 0.43
      vertex 16.0137 18.1772 0.450001
      vertex 16.0137 18.1772 0.43
    endloop
  endfacet
  facet normal 0.941538 0.336907 0
    outer loop
      vertex 16.0137 18.1772 0.57
      vertex 15.9426 18.3759 0.549999
      vertex 15.9426 18.3759 0.57
    endloop
  endfacet
  facet normal 0.941538 0.336907 0
    outer loop
      vertex 15.9426 18.3759 0.549999
      vertex 16.0137 18.1772 0.57
      vertex 16.0137 18.1772 0.549999
    endloop
  endfacet
  facet normal 0.146463 -0.989216 0
    outer loop
      vertex 17.5806 21.1087 0.43
      vertex 17.7893 21.1396 0.450001
      vertex 17.5806 21.1087 0.450001
    endloop
  endfacet
  facet normal 0.146463 -0.989216 0
    outer loop
      vertex 17.7893 21.1396 0.450001
      vertex 17.5806 21.1087 0.43
      vertex 17.7893 21.1396 0.43
    endloop
  endfacet
  facet normal 0.146463 -0.989216 0
    outer loop
      vertex 17.5806 21.1087 0.549999
      vertex 17.7893 21.1396 0.57
      vertex 17.5806 21.1087 0.57
    endloop
  endfacet
  facet normal 0.146463 -0.989216 0
    outer loop
      vertex 17.7893 21.1396 0.57
      vertex 17.5806 21.1087 0.549999
      vertex 17.7893 21.1396 0.549999
    endloop
  endfacet
  facet normal -0.803061 -0.595896 0
    outer loop
      vertex 19.7877 20.1945 0.43
      vertex 19.662 20.3639 0.450001
      vertex 19.662 20.3639 0.43
    endloop
  endfacet
  facet normal -0.803061 -0.595896 0
    outer loop
      vertex 19.662 20.3639 0.450001
      vertex 19.7877 20.1945 0.43
      vertex 19.7877 20.1945 0.450001
    endloop
  endfacet
  facet normal -0.803061 -0.595896 0
    outer loop
      vertex 19.7877 20.1945 0.549999
      vertex 19.662 20.3639 0.57
      vertex 19.662 20.3639 0.549999
    endloop
  endfacet
  facet normal -0.803061 -0.595896 0
    outer loop
      vertex 19.662 20.3639 0.57
      vertex 19.7877 20.1945 0.549999
      vertex 19.7877 20.1945 0.57
    endloop
  endfacet
  facet normal 0.970003 0.243093 0
    outer loop
      vertex 15.9426 18.3759 0.450001
      vertex 15.8913 18.5806 0.43
      vertex 15.8913 18.5806 0.450001
    endloop
  endfacet
  facet normal 0.970003 0.243093 0
    outer loop
      vertex 15.8913 18.5806 0.43
      vertex 15.9426 18.3759 0.450001
      vertex 15.9426 18.3759 0.43
    endloop
  endfacet
  facet normal 0.970003 0.243093 0
    outer loop
      vertex 15.9426 18.3759 0.57
      vertex 15.8913 18.5806 0.549999
      vertex 15.8913 18.5806 0.57
    endloop
  endfacet
  facet normal 0.970003 0.243093 0
    outer loop
      vertex 15.8913 18.5806 0.549999
      vertex 15.9426 18.3759 0.57
      vertex 15.9426 18.3759 0.549999
    endloop
  endfacet
  facet normal 0.998784 0.0492993 0
    outer loop
      vertex 15.8604 18.7893 0.450001
      vertex 15.85 19 0.43
      vertex 15.85 19 0.450001
    endloop
  endfacet
  facet normal 0.998784 0.0492993 0
    outer loop
      vertex 15.85 19 0.43
      vertex 15.8604 18.7893 0.450001
      vertex 15.8604 18.7893 0.43
    endloop
  endfacet
  facet normal 0.998784 0.0492993 0
    outer loop
      vertex 15.8604 18.7893 0.57
      vertex 15.85 19 0.549999
      vertex 15.85 19 0.57
    endloop
  endfacet
  facet normal 0.998784 0.0492993 0
    outer loop
      vertex 15.85 19 0.549999
      vertex 15.8604 18.7893 0.57
      vertex 15.8604 18.7893 0.549999
    endloop
  endfacet
  facet normal -0.513799 -0.857911 0
    outer loop
      vertex 19.0135 20.8961 0.43
      vertex 19.1945 20.7877 0.450001
      vertex 19.0135 20.8961 0.450001
    endloop
  endfacet
  facet normal -0.513799 -0.857911 -0
    outer loop
      vertex 19.1945 20.7877 0.450001
      vertex 19.0135 20.8961 0.43
      vertex 19.1945 20.7877 0.43
    endloop
  endfacet
  facet normal -0.513799 -0.857911 0
    outer loop
      vertex 19.0135 20.8961 0.549999
      vertex 19.1945 20.7877 0.57
      vertex 19.0135 20.8961 0.57
    endloop
  endfacet
  facet normal -0.513799 -0.857911 -0
    outer loop
      vertex 19.1945 20.7877 0.57
      vertex 19.0135 20.8961 0.549999
      vertex 19.1945 20.7877 0.549999
    endloop
  endfacet
  facet normal -0.998784 0.0492993 0
    outer loop
      vertex 20.1396 18.7893 0.43
      vertex 20.15 19 0.450001
      vertex 20.15 19 0.43
    endloop
  endfacet
  facet normal -0.998784 0.0492993 0
    outer loop
      vertex 20.15 19 0.450001
      vertex 20.1396 18.7893 0.43
      vertex 20.1396 18.7893 0.450001
    endloop
  endfacet
  facet normal -0.998784 0.0492993 0
    outer loop
      vertex 20.1396 18.7893 0.549999
      vertex 20.15 19 0.57
      vertex 20.15 19 0.549999
    endloop
  endfacet
  facet normal -0.998784 0.0492993 0
    outer loop
      vertex 20.15 19 0.57
      vertex 20.1396 18.7893 0.549999
      vertex 20.1396 18.7893 0.57
    endloop
  endfacet
  facet normal -0.903979 0.427577 0
    outer loop
      vertex 19.8961 17.9865 0.43
      vertex 19.9863 18.1772 0.450001
      vertex 19.9863 18.1772 0.43
    endloop
  endfacet
  facet normal -0.903979 0.427577 0
    outer loop
      vertex 19.9863 18.1772 0.450001
      vertex 19.8961 17.9865 0.43
      vertex 19.8961 17.9865 0.450001
    endloop
  endfacet
  facet normal -0.903979 0.427577 0
    outer loop
      vertex 19.8961 17.9865 0.549999
      vertex 19.9863 18.1772 0.57
      vertex 19.9863 18.1772 0.549999
    endloop
  endfacet
  facet normal -0.903979 0.427577 0
    outer loop
      vertex 19.9863 18.1772 0.57
      vertex 19.8961 17.9865 0.549999
      vertex 19.8961 17.9865 0.57
    endloop
  endfacet
  facet normal -0.857911 -0.513799 0
    outer loop
      vertex 19.8961 20.0135 0.43
      vertex 19.7877 20.1945 0.450001
      vertex 19.7877 20.1945 0.43
    endloop
  endfacet
  facet normal -0.857911 -0.513799 0
    outer loop
      vertex 19.7877 20.1945 0.450001
      vertex 19.8961 20.0135 0.43
      vertex 19.8961 20.0135 0.450001
    endloop
  endfacet
  facet normal -0.857911 -0.513799 0
    outer loop
      vertex 19.8961 20.0135 0.549999
      vertex 19.7877 20.1945 0.57
      vertex 19.7877 20.1945 0.549999
    endloop
  endfacet
  facet normal -0.857911 -0.513799 0
    outer loop
      vertex 19.7877 20.1945 0.57
      vertex 19.8961 20.0135 0.549999
      vertex 19.8961 20.0135 0.57
    endloop
  endfacet
  facet normal -0.741075 -0.671422 0
    outer loop
      vertex 19.662 20.3639 0.43
      vertex 19.5203 20.5203 0.450001
      vertex 19.5203 20.5203 0.43
    endloop
  endfacet
  facet normal -0.741075 -0.671422 0
    outer loop
      vertex 19.5203 20.5203 0.450001
      vertex 19.662 20.3639 0.43
      vertex 19.662 20.3639 0.450001
    endloop
  endfacet
  facet normal -0.741075 -0.671422 0
    outer loop
      vertex 19.662 20.3639 0.549999
      vertex 19.5203 20.5203 0.57
      vertex 19.5203 20.5203 0.549999
    endloop
  endfacet
  facet normal -0.741075 -0.671422 0
    outer loop
      vertex 19.5203 20.5203 0.57
      vertex 19.662 20.3639 0.549999
      vertex 19.662 20.3639 0.57
    endloop
  endfacet
  facet normal 0.0492993 -0.998784 0
    outer loop
      vertex 17.7893 21.1396 0.43
      vertex 18 21.15 0.450001
      vertex 17.7893 21.1396 0.450001
    endloop
  endfacet
  facet normal 0.0492993 -0.998784 0
    outer loop
      vertex 18 21.15 0.450001
      vertex 17.7893 21.1396 0.43
      vertex 18 21.15 0.43
    endloop
  endfacet
  facet normal 0.0492993 -0.998784 0
    outer loop
      vertex 17.7893 21.1396 0.549999
      vertex 18 21.15 0.57
      vertex 17.7893 21.1396 0.57
    endloop
  endfacet
  facet normal 0.0492993 -0.998784 0
    outer loop
      vertex 18 21.15 0.57
      vertex 17.7893 21.1396 0.549999
      vertex 18 21.15 0.549999
    endloop
  endfacet
  facet normal 0.741075 -0.671422 0
    outer loop
      vertex 16.338 20.3639 0.450001
      vertex 16.4797 20.5203 0.43
      vertex 16.4797 20.5203 0.450001
    endloop
  endfacet
  facet normal 0.741075 -0.671422 0
    outer loop
      vertex 16.4797 20.5203 0.43
      vertex 16.338 20.3639 0.450001
      vertex 16.338 20.3639 0.43
    endloop
  endfacet
  facet normal 0.741075 -0.671422 0
    outer loop
      vertex 16.338 20.3639 0.57
      vertex 16.4797 20.5203 0.549999
      vertex 16.4797 20.5203 0.57
    endloop
  endfacet
  facet normal 0.741075 -0.671422 0
    outer loop
      vertex 16.4797 20.5203 0.549999
      vertex 16.338 20.3639 0.57
      vertex 16.338 20.3639 0.549999
    endloop
  endfacet
  facet normal 0.671422 0.741075 -0
    outer loop
      vertex 16.6361 17.338 0.43
      vertex 16.4797 17.4797 0.450001
      vertex 16.6361 17.338 0.450001
    endloop
  endfacet
  facet normal 0.671422 0.741075 0
    outer loop
      vertex 16.4797 17.4797 0.450001
      vertex 16.6361 17.338 0.43
      vertex 16.4797 17.4797 0.43
    endloop
  endfacet
  facet normal 0.671422 0.741075 -0
    outer loop
      vertex 16.6361 17.338 0.549999
      vertex 16.4797 17.4797 0.57
      vertex 16.6361 17.338 0.57
    endloop
  endfacet
  facet normal 0.671422 0.741075 0
    outer loop
      vertex 16.4797 17.4797 0.57
      vertex 16.6361 17.338 0.549999
      vertex 16.4797 17.4797 0.549999
    endloop
  endfacet
  facet normal -0.0492993 0.998784 0
    outer loop
      vertex 18.2107 16.8604 0.43
      vertex 18 16.85 0.450001
      vertex 18.2107 16.8604 0.450001
    endloop
  endfacet
  facet normal -0.0492993 0.998784 0
    outer loop
      vertex 18 16.85 0.450001
      vertex 18.2107 16.8604 0.43
      vertex 18 16.85 0.43
    endloop
  endfacet
  facet normal -0.0492993 0.998784 0
    outer loop
      vertex 18.2107 16.8604 0.549999
      vertex 18 16.85 0.57
      vertex 18.2107 16.8604 0.57
    endloop
  endfacet
  facet normal -0.0492993 0.998784 0
    outer loop
      vertex 18 16.85 0.57
      vertex 18.2107 16.8604 0.549999
      vertex 18 16.85 0.549999
    endloop
  endfacet
  facet normal -0.941538 -0.336907 0
    outer loop
      vertex 20.0574 19.6241 0.43
      vertex 19.9863 19.8228 0.450001
      vertex 19.9863 19.8228 0.43
    endloop
  endfacet
  facet normal -0.941538 -0.336907 0
    outer loop
      vertex 19.9863 19.8228 0.450001
      vertex 20.0574 19.6241 0.43
      vertex 20.0574 19.6241 0.450001
    endloop
  endfacet
  facet normal -0.941538 -0.336907 0
    outer loop
      vertex 20.0574 19.6241 0.549999
      vertex 19.9863 19.8228 0.57
      vertex 19.9863 19.8228 0.549999
    endloop
  endfacet
  facet normal -0.941538 -0.336907 0
    outer loop
      vertex 19.9863 19.8228 0.57
      vertex 20.0574 19.6241 0.549999
      vertex 20.0574 19.6241 0.57
    endloop
  endfacet
  facet normal -0.857911 0.513799 0
    outer loop
      vertex 19.7877 17.8055 0.43
      vertex 19.8961 17.9865 0.450001
      vertex 19.8961 17.9865 0.43
    endloop
  endfacet
  facet normal -0.857911 0.513799 0
    outer loop
      vertex 19.8961 17.9865 0.450001
      vertex 19.7877 17.8055 0.43
      vertex 19.7877 17.8055 0.450001
    endloop
  endfacet
  facet normal -0.857911 0.513799 0
    outer loop
      vertex 19.7877 17.8055 0.549999
      vertex 19.8961 17.9865 0.57
      vertex 19.8961 17.9865 0.549999
    endloop
  endfacet
  facet normal -0.857911 0.513799 0
    outer loop
      vertex 19.8961 17.9865 0.57
      vertex 19.7877 17.8055 0.549999
      vertex 19.7877 17.8055 0.57
    endloop
  endfacet
  facet normal 0.243093 -0.970003 0
    outer loop
      vertex 17.3759 21.0574 0.43
      vertex 17.5806 21.1087 0.450001
      vertex 17.3759 21.0574 0.450001
    endloop
  endfacet
  facet normal 0.243093 -0.970003 0
    outer loop
      vertex 17.5806 21.1087 0.450001
      vertex 17.3759 21.0574 0.43
      vertex 17.5806 21.1087 0.43
    endloop
  endfacet
  facet normal 0.243093 -0.970003 0
    outer loop
      vertex 17.3759 21.0574 0.549999
      vertex 17.5806 21.1087 0.57
      vertex 17.3759 21.0574 0.57
    endloop
  endfacet
  facet normal 0.243093 -0.970003 0
    outer loop
      vertex 17.5806 21.1087 0.57
      vertex 17.3759 21.0574 0.549999
      vertex 17.5806 21.1087 0.549999
    endloop
  endfacet
  facet normal -0.941538 0.336907 0
    outer loop
      vertex 19.9863 18.1772 0.43
      vertex 20.0574 18.3759 0.450001
      vertex 20.0574 18.3759 0.43
    endloop
  endfacet
  facet normal -0.941538 0.336907 0
    outer loop
      vertex 20.0574 18.3759 0.450001
      vertex 19.9863 18.1772 0.43
      vertex 19.9863 18.1772 0.450001
    endloop
  endfacet
  facet normal -0.941538 0.336907 0
    outer loop
      vertex 19.9863 18.1772 0.549999
      vertex 20.0574 18.3759 0.57
      vertex 20.0574 18.3759 0.549999
    endloop
  endfacet
  facet normal -0.941538 0.336907 0
    outer loop
      vertex 20.0574 18.3759 0.57
      vertex 19.9863 18.1772 0.549999
      vertex 19.9863 18.1772 0.57
    endloop
  endfacet
  facet normal -0.336907 0.941538 0
    outer loop
      vertex 18.8228 17.0137 0.43
      vertex 18.6241 16.9426 0.450001
      vertex 18.8228 17.0137 0.450001
    endloop
  endfacet
  facet normal -0.336907 0.941538 0
    outer loop
      vertex 18.6241 16.9426 0.450001
      vertex 18.8228 17.0137 0.43
      vertex 18.6241 16.9426 0.43
    endloop
  endfacet
  facet normal -0.336907 0.941538 0
    outer loop
      vertex 18.8228 17.0137 0.549999
      vertex 18.6241 16.9426 0.57
      vertex 18.8228 17.0137 0.57
    endloop
  endfacet
  facet normal -0.336907 0.941538 0
    outer loop
      vertex 18.6241 16.9426 0.57
      vertex 18.8228 17.0137 0.549999
      vertex 18.6241 16.9426 0.549999
    endloop
  endfacet
  facet normal 0.427577 -0.903979 0
    outer loop
      vertex 16.9865 20.8961 0.43
      vertex 17.1772 20.9863 0.450001
      vertex 16.9865 20.8961 0.450001
    endloop
  endfacet
  facet normal 0.427577 -0.903979 0
    outer loop
      vertex 17.1772 20.9863 0.450001
      vertex 16.9865 20.8961 0.43
      vertex 17.1772 20.9863 0.43
    endloop
  endfacet
  facet normal 0.427577 -0.903979 0
    outer loop
      vertex 16.9865 20.8961 0.549999
      vertex 17.1772 20.9863 0.57
      vertex 16.9865 20.8961 0.57
    endloop
  endfacet
  facet normal 0.427577 -0.903979 0
    outer loop
      vertex 17.1772 20.9863 0.57
      vertex 16.9865 20.8961 0.549999
      vertex 17.1772 20.9863 0.549999
    endloop
  endfacet
  facet normal -0.903979 -0.427577 0
    outer loop
      vertex 19.9863 19.8228 0.43
      vertex 19.8961 20.0135 0.450001
      vertex 19.8961 20.0135 0.43
    endloop
  endfacet
  facet normal -0.903979 -0.427577 0
    outer loop
      vertex 19.8961 20.0135 0.450001
      vertex 19.9863 19.8228 0.43
      vertex 19.9863 19.8228 0.450001
    endloop
  endfacet
  facet normal -0.903979 -0.427577 0
    outer loop
      vertex 19.9863 19.8228 0.549999
      vertex 19.8961 20.0135 0.57
      vertex 19.8961 20.0135 0.549999
    endloop
  endfacet
  facet normal -0.903979 -0.427577 0
    outer loop
      vertex 19.8961 20.0135 0.57
      vertex 19.9863 19.8228 0.549999
      vertex 19.9863 19.8228 0.57
    endloop
  endfacet
  facet normal 0.671422 -0.741075 0
    outer loop
      vertex 16.4797 20.5203 0.43
      vertex 16.6361 20.662 0.450001
      vertex 16.4797 20.5203 0.450001
    endloop
  endfacet
  facet normal 0.671422 -0.741075 0
    outer loop
      vertex 16.6361 20.662 0.450001
      vertex 16.4797 20.5203 0.43
      vertex 16.6361 20.662 0.43
    endloop
  endfacet
  facet normal 0.671422 -0.741075 0
    outer loop
      vertex 16.4797 20.5203 0.549999
      vertex 16.6361 20.662 0.57
      vertex 16.4797 20.5203 0.57
    endloop
  endfacet
  facet normal 0.671422 -0.741075 0
    outer loop
      vertex 16.6361 20.662 0.57
      vertex 16.4797 20.5203 0.549999
      vertex 16.6361 20.662 0.549999
    endloop
  endfacet
  facet normal -0.336907 -0.941538 0
    outer loop
      vertex 18.6241 21.0574 0.43
      vertex 18.8228 20.9863 0.450001
      vertex 18.6241 21.0574 0.450001
    endloop
  endfacet
  facet normal -0.336907 -0.941538 -0
    outer loop
      vertex 18.8228 20.9863 0.450001
      vertex 18.6241 21.0574 0.43
      vertex 18.8228 20.9863 0.43
    endloop
  endfacet
  facet normal -0.336907 -0.941538 0
    outer loop
      vertex 18.6241 21.0574 0.549999
      vertex 18.8228 20.9863 0.57
      vertex 18.6241 21.0574 0.57
    endloop
  endfacet
  facet normal -0.336907 -0.941538 -0
    outer loop
      vertex 18.8228 20.9863 0.57
      vertex 18.6241 21.0574 0.549999
      vertex 18.8228 20.9863 0.549999
    endloop
  endfacet
  facet normal 0.336907 -0.941538 0
    outer loop
      vertex 17.1772 20.9863 0.43
      vertex 17.3759 21.0574 0.450001
      vertex 17.1772 20.9863 0.450001
    endloop
  endfacet
  facet normal 0.336907 -0.941538 0
    outer loop
      vertex 17.3759 21.0574 0.450001
      vertex 17.1772 20.9863 0.43
      vertex 17.3759 21.0574 0.43
    endloop
  endfacet
  facet normal 0.336907 -0.941538 0
    outer loop
      vertex 17.1772 20.9863 0.549999
      vertex 17.3759 21.0574 0.57
      vertex 17.1772 20.9863 0.57
    endloop
  endfacet
  facet normal 0.336907 -0.941538 0
    outer loop
      vertex 17.3759 21.0574 0.57
      vertex 17.1772 20.9863 0.549999
      vertex 17.3759 21.0574 0.549999
    endloop
  endfacet
  facet normal 0.857911 0.513799 0
    outer loop
      vertex 16.2123 17.8055 0.450001
      vertex 16.1039 17.9865 0.43
      vertex 16.1039 17.9865 0.450001
    endloop
  endfacet
  facet normal 0.857911 0.513799 0
    outer loop
      vertex 16.1039 17.9865 0.43
      vertex 16.2123 17.8055 0.450001
      vertex 16.2123 17.8055 0.43
    endloop
  endfacet
  facet normal 0.857911 0.513799 0
    outer loop
      vertex 16.2123 17.8055 0.57
      vertex 16.1039 17.9865 0.549999
      vertex 16.1039 17.9865 0.57
    endloop
  endfacet
  facet normal 0.857911 0.513799 0
    outer loop
      vertex 16.1039 17.9865 0.549999
      vertex 16.2123 17.8055 0.57
      vertex 16.2123 17.8055 0.549999
    endloop
  endfacet
  facet normal 0.513799 0.857911 -0
    outer loop
      vertex 16.9865 17.1039 0.43
      vertex 16.8055 17.2123 0.450001
      vertex 16.9865 17.1039 0.450001
    endloop
  endfacet
  facet normal 0.513799 0.857911 0
    outer loop
      vertex 16.8055 17.2123 0.450001
      vertex 16.9865 17.1039 0.43
      vertex 16.8055 17.2123 0.43
    endloop
  endfacet
  facet normal 0.513799 0.857911 -0
    outer loop
      vertex 16.9865 17.1039 0.549999
      vertex 16.8055 17.2123 0.57
      vertex 16.9865 17.1039 0.57
    endloop
  endfacet
  facet normal 0.513799 0.857911 0
    outer loop
      vertex 16.8055 17.2123 0.57
      vertex 16.9865 17.1039 0.549999
      vertex 16.8055 17.2123 0.549999
    endloop
  endfacet
  facet normal -0.671422 0.741075 0
    outer loop
      vertex 19.5203 17.4797 0.43
      vertex 19.3639 17.338 0.450001
      vertex 19.5203 17.4797 0.450001
    endloop
  endfacet
  facet normal -0.671422 0.741075 0
    outer loop
      vertex 19.3639 17.338 0.450001
      vertex 19.5203 17.4797 0.43
      vertex 19.3639 17.338 0.43
    endloop
  endfacet
  facet normal -0.671422 0.741075 0
    outer loop
      vertex 19.5203 17.4797 0.549999
      vertex 19.3639 17.338 0.57
      vertex 19.5203 17.4797 0.57
    endloop
  endfacet
  facet normal -0.671422 0.741075 0
    outer loop
      vertex 19.3639 17.338 0.57
      vertex 19.5203 17.4797 0.549999
      vertex 19.3639 17.338 0.549999
    endloop
  endfacet
  facet normal -0.671422 -0.741075 0
    outer loop
      vertex 19.3639 20.662 0.43
      vertex 19.5203 20.5203 0.450001
      vertex 19.3639 20.662 0.450001
    endloop
  endfacet
  facet normal -0.671422 -0.741075 -0
    outer loop
      vertex 19.5203 20.5203 0.450001
      vertex 19.3639 20.662 0.43
      vertex 19.5203 20.5203 0.43
    endloop
  endfacet
  facet normal -0.671422 -0.741075 0
    outer loop
      vertex 19.3639 20.662 0.549999
      vertex 19.5203 20.5203 0.57
      vertex 19.3639 20.662 0.57
    endloop
  endfacet
  facet normal -0.671422 -0.741075 -0
    outer loop
      vertex 19.5203 20.5203 0.57
      vertex 19.3639 20.662 0.549999
      vertex 19.5203 20.5203 0.549999
    endloop
  endfacet
  facet normal -0.243093 -0.970003 0
    outer loop
      vertex 18.4194 21.1087 0.43
      vertex 18.6241 21.0574 0.450001
      vertex 18.4194 21.1087 0.450001
    endloop
  endfacet
  facet normal -0.243093 -0.970003 -0
    outer loop
      vertex 18.6241 21.0574 0.450001
      vertex 18.4194 21.1087 0.43
      vertex 18.6241 21.0574 0.43
    endloop
  endfacet
  facet normal -0.243093 -0.970003 0
    outer loop
      vertex 18.4194 21.1087 0.549999
      vertex 18.6241 21.0574 0.57
      vertex 18.4194 21.1087 0.57
    endloop
  endfacet
  facet normal -0.243093 -0.970003 -0
    outer loop
      vertex 18.6241 21.0574 0.57
      vertex 18.4194 21.1087 0.549999
      vertex 18.6241 21.0574 0.549999
    endloop
  endfacet
  facet normal 0.427577 0.903979 -0
    outer loop
      vertex 17.1772 17.0137 0.43
      vertex 16.9865 17.1039 0.450001
      vertex 17.1772 17.0137 0.450001
    endloop
  endfacet
  facet normal 0.427577 0.903979 0
    outer loop
      vertex 16.9865 17.1039 0.450001
      vertex 17.1772 17.0137 0.43
      vertex 16.9865 17.1039 0.43
    endloop
  endfacet
  facet normal 0.427577 0.903979 -0
    outer loop
      vertex 17.1772 17.0137 0.549999
      vertex 16.9865 17.1039 0.57
      vertex 17.1772 17.0137 0.57
    endloop
  endfacet
  facet normal 0.427577 0.903979 0
    outer loop
      vertex 16.9865 17.1039 0.57
      vertex 17.1772 17.0137 0.549999
      vertex 16.9865 17.1039 0.549999
    endloop
  endfacet
  facet normal 0.803061 0.595896 0
    outer loop
      vertex 16.338 17.6361 0.450001
      vertex 16.2123 17.8055 0.43
      vertex 16.2123 17.8055 0.450001
    endloop
  endfacet
  facet normal 0.803061 0.595896 0
    outer loop
      vertex 16.2123 17.8055 0.43
      vertex 16.338 17.6361 0.450001
      vertex 16.338 17.6361 0.43
    endloop
  endfacet
  facet normal 0.803061 0.595896 0
    outer loop
      vertex 16.338 17.6361 0.57
      vertex 16.2123 17.8055 0.549999
      vertex 16.2123 17.8055 0.57
    endloop
  endfacet
  facet normal 0.803061 0.595896 0
    outer loop
      vertex 16.2123 17.8055 0.549999
      vertex 16.338 17.6361 0.57
      vertex 16.338 17.6361 0.549999
    endloop
  endfacet
  facet normal 0.243093 0.970003 -0
    outer loop
      vertex 17.5806 16.8913 0.43
      vertex 17.3759 16.9426 0.450001
      vertex 17.5806 16.8913 0.450001
    endloop
  endfacet
  facet normal 0.243093 0.970003 0
    outer loop
      vertex 17.3759 16.9426 0.450001
      vertex 17.5806 16.8913 0.43
      vertex 17.3759 16.9426 0.43
    endloop
  endfacet
  facet normal 0.243093 0.970003 -0
    outer loop
      vertex 17.5806 16.8913 0.549999
      vertex 17.3759 16.9426 0.57
      vertex 17.5806 16.8913 0.57
    endloop
  endfacet
  facet normal 0.243093 0.970003 0
    outer loop
      vertex 17.3759 16.9426 0.57
      vertex 17.5806 16.8913 0.549999
      vertex 17.3759 16.9426 0.549999
    endloop
  endfacet
  facet normal 0.989216 0.146463 0
    outer loop
      vertex 15.8913 18.5806 0.450001
      vertex 15.8604 18.7893 0.43
      vertex 15.8604 18.7893 0.450001
    endloop
  endfacet
  facet normal 0.989216 0.146463 0
    outer loop
      vertex 15.8604 18.7893 0.43
      vertex 15.8913 18.5806 0.450001
      vertex 15.8913 18.5806 0.43
    endloop
  endfacet
  facet normal 0.989216 0.146463 0
    outer loop
      vertex 15.8913 18.5806 0.57
      vertex 15.8604 18.7893 0.549999
      vertex 15.8604 18.7893 0.57
    endloop
  endfacet
  facet normal 0.989216 0.146463 0
    outer loop
      vertex 15.8604 18.7893 0.549999
      vertex 15.8913 18.5806 0.57
      vertex 15.8913 18.5806 0.549999
    endloop
  endfacet
  facet normal 0.595896 0.803061 -0
    outer loop
      vertex 16.8055 17.2123 0.43
      vertex 16.6361 17.338 0.450001
      vertex 16.8055 17.2123 0.450001
    endloop
  endfacet
  facet normal 0.595896 0.803061 0
    outer loop
      vertex 16.6361 17.338 0.450001
      vertex 16.8055 17.2123 0.43
      vertex 16.6361 17.338 0.43
    endloop
  endfacet
  facet normal 0.595896 0.803061 -0
    outer loop
      vertex 16.8055 17.2123 0.549999
      vertex 16.6361 17.338 0.57
      vertex 16.8055 17.2123 0.57
    endloop
  endfacet
  facet normal 0.595896 0.803061 0
    outer loop
      vertex 16.6361 17.338 0.57
      vertex 16.8055 17.2123 0.549999
      vertex 16.6361 17.338 0.549999
    endloop
  endfacet
  facet normal 0.903979 0.427577 0
    outer loop
      vertex 16.1039 17.9865 0.450001
      vertex 16.0137 18.1772 0.43
      vertex 16.0137 18.1772 0.450001
    endloop
  endfacet
  facet normal 0.903979 0.427577 0
    outer loop
      vertex 16.0137 18.1772 0.43
      vertex 16.1039 17.9865 0.450001
      vertex 16.1039 17.9865 0.43
    endloop
  endfacet
  facet normal 0.903979 0.427577 0
    outer loop
      vertex 16.1039 17.9865 0.57
      vertex 16.0137 18.1772 0.549999
      vertex 16.0137 18.1772 0.57
    endloop
  endfacet
  facet normal 0.903979 0.427577 0
    outer loop
      vertex 16.0137 18.1772 0.549999
      vertex 16.1039 17.9865 0.57
      vertex 16.1039 17.9865 0.549999
    endloop
  endfacet
  facet normal 0.941538 -0.336907 0
    outer loop
      vertex 15.9426 19.6241 0.450001
      vertex 16.0137 19.8228 0.43
      vertex 16.0137 19.8228 0.450001
    endloop
  endfacet
  facet normal 0.941538 -0.336907 0
    outer loop
      vertex 16.0137 19.8228 0.43
      vertex 15.9426 19.6241 0.450001
      vertex 15.9426 19.6241 0.43
    endloop
  endfacet
  facet normal 0.941538 -0.336907 0
    outer loop
      vertex 15.9426 19.6241 0.57
      vertex 16.0137 19.8228 0.549999
      vertex 16.0137 19.8228 0.57
    endloop
  endfacet
  facet normal 0.941538 -0.336907 0
    outer loop
      vertex 16.0137 19.8228 0.549999
      vertex 15.9426 19.6241 0.57
      vertex 15.9426 19.6241 0.549999
    endloop
  endfacet
  facet normal 0.803061 -0.595896 0
    outer loop
      vertex 16.2123 20.1945 0.450001
      vertex 16.338 20.3639 0.43
      vertex 16.338 20.3639 0.450001
    endloop
  endfacet
  facet normal 0.803061 -0.595896 0
    outer loop
      vertex 16.338 20.3639 0.43
      vertex 16.2123 20.1945 0.450001
      vertex 16.2123 20.1945 0.43
    endloop
  endfacet
  facet normal 0.803061 -0.595896 0
    outer loop
      vertex 16.2123 20.1945 0.57
      vertex 16.338 20.3639 0.549999
      vertex 16.338 20.3639 0.57
    endloop
  endfacet
  facet normal 0.803061 -0.595896 0
    outer loop
      vertex 16.338 20.3639 0.549999
      vertex 16.2123 20.1945 0.57
      vertex 16.2123 20.1945 0.549999
    endloop
  endfacet
  facet normal 0.998784 -0.0492993 0
    outer loop
      vertex 15.85 19 0.450001
      vertex 15.8604 19.2107 0.43
      vertex 15.8604 19.2107 0.450001
    endloop
  endfacet
  facet normal 0.998784 -0.0492993 0
    outer loop
      vertex 15.8604 19.2107 0.43
      vertex 15.85 19 0.450001
      vertex 15.85 19 0.43
    endloop
  endfacet
  facet normal 0.998784 -0.0492993 0
    outer loop
      vertex 15.85 19 0.57
      vertex 15.8604 19.2107 0.549999
      vertex 15.8604 19.2107 0.57
    endloop
  endfacet
  facet normal 0.998784 -0.0492993 0
    outer loop
      vertex 15.8604 19.2107 0.549999
      vertex 15.85 19 0.57
      vertex 15.85 19 0.549999
    endloop
  endfacet
  facet normal 0.336907 0.941538 -0
    outer loop
      vertex 17.3759 16.9426 0.43
      vertex 17.1772 17.0137 0.450001
      vertex 17.3759 16.9426 0.450001
    endloop
  endfacet
  facet normal 0.336907 0.941538 0
    outer loop
      vertex 17.1772 17.0137 0.450001
      vertex 17.3759 16.9426 0.43
      vertex 17.1772 17.0137 0.43
    endloop
  endfacet
  facet normal 0.336907 0.941538 -0
    outer loop
      vertex 17.3759 16.9426 0.549999
      vertex 17.1772 17.0137 0.57
      vertex 17.3759 16.9426 0.57
    endloop
  endfacet
  facet normal 0.336907 0.941538 0
    outer loop
      vertex 17.1772 17.0137 0.57
      vertex 17.3759 16.9426 0.549999
      vertex 17.1772 17.0137 0.549999
    endloop
  endfacet
  facet normal -0.741075 0.671422 0
    outer loop
      vertex 19.5203 17.4797 0.43
      vertex 19.662 17.6361 0.450001
      vertex 19.662 17.6361 0.43
    endloop
  endfacet
  facet normal -0.741075 0.671422 0
    outer loop
      vertex 19.662 17.6361 0.450001
      vertex 19.5203 17.4797 0.43
      vertex 19.5203 17.4797 0.450001
    endloop
  endfacet
  facet normal -0.741075 0.671422 0
    outer loop
      vertex 19.5203 17.4797 0.549999
      vertex 19.662 17.6361 0.57
      vertex 19.662 17.6361 0.549999
    endloop
  endfacet
  facet normal -0.741075 0.671422 0
    outer loop
      vertex 19.662 17.6361 0.57
      vertex 19.5203 17.4797 0.549999
      vertex 19.5203 17.4797 0.57
    endloop
  endfacet
  facet normal -0.480395 0.277348 0.832045
    outer loop
      vertex 18 21.05 0.599999
      vertex 17.3505 19.925 0.599999
      vertex 18 20.3 0.849999
    endloop
  endfacet
  facet normal 3.87542e-06 -0.554696 0.832053
    outer loop
      vertex 18 20.3 0.849999
      vertex 18.175 20.075 0.7
      vertex 18.6495 19.925 0.599999
    endloop
  endfacet
  facet normal 0 -0.554698 0.832052
    outer loop
      vertex 18 20.3 0.849999
      vertex 17.825 20.075 0.7
      vertex 18.175 20.075 0.7
    endloop
  endfacet
  facet normal 0 -0.554704 0.832048
    outer loop
      vertex 17.825 20.075 0.7
      vertex 17.3505 19.925 0.599999
      vertex 17.825 19.925 0.599999
    endloop
  endfacet
  facet normal -3.87542e-06 -0.554696 0.832053
    outer loop
      vertex 17.3505 19.925 0.599999
      vertex 17.825 20.075 0.7
      vertex 18 20.3 0.849999
    endloop
  endfacet
  facet normal 0 -0.554704 0.832048
    outer loop
      vertex 18.6495 19.925 0.599999
      vertex 18.175 20.075 0.7
      vertex 18.175 19.925 0.599999
    endloop
  endfacet
  facet normal 0.480395 0.277348 0.832045
    outer loop
      vertex 18 21.05 0.599999
      vertex 18 20.3 0.849999
      vertex 18.6495 19.925 0.599999
    endloop
  endfacet
  facet normal 0 0 -1
    outer loop
      vertex 17.825 19.925 0.599999
      vertex 17.3505 19.925 0.599999
      vertex 17.825 20.1 0.599999
    endloop
  endfacet
  facet normal 0 0 -1
    outer loop
      vertex 18.175 20.1 0.599999
      vertex 18.6495 19.925 0.599999
      vertex 18.175 19.925 0.599999
    endloop
  endfacet
  facet normal 0 0 -1
    outer loop
      vertex 18.175 20.1 0.599999
      vertex 18 21.05 0.599999
      vertex 18.6495 19.925 0.599999
    endloop
  endfacet
  facet normal 0 0 -1
    outer loop
      vertex 17.825 20.1 0.599999
      vertex 18 21.05 0.599999
      vertex 18.175 20.1 0.599999
    endloop
  endfacet
  facet normal 0 0 -1
    outer loop
      vertex 18 21.05 0.599999
      vertex 17.825 20.1 0.599999
      vertex 17.3505 19.925 0.599999
    endloop
  endfacet
  facet normal 1 0 0
    outer loop
      vertex 18.175 20.075 0.7
      vertex 18.175 18.8 0.7
      vertex 18.175 19.925 0.599999
    endloop
  endfacet
  facet normal 1 -0 0
    outer loop
      vertex 18.175 19.925 0.599999
      vertex 18.175 20.1 0.549999
      vertex 18.175 20.1 0.599999
    endloop
  endfacet
  facet normal 1 0 0
    outer loop
      vertex 18.175 18.8 0.549999
      vertex 18.175 19.925 0.599999
      vertex 18.175 18.8 0.7
    endloop
  endfacet
  facet normal 1 0 0
    outer loop
      vertex 18.175 19.925 0.599999
      vertex 18.175 18.8 0.549999
      vertex 18.175 20.1 0.549999
    endloop
  endfacet
  facet normal -0 0 1
    outer loop
      vertex 17.825 20.075 0.7
      vertex 18.175 18.8 0.7
      vertex 18.175 20.075 0.7
    endloop
  endfacet
  facet normal 0 0 1
    outer loop
      vertex 18.175 18.8 0.7
      vertex 17.825 20.075 0.7
      vertex 17.825 18.8 0.7
    endloop
  endfacet
  facet normal -1 0 0
    outer loop
      vertex 17.825 20.1 0.549999
      vertex 17.825 19.925 0.599999
      vertex 17.825 20.1 0.599999
    endloop
  endfacet
  facet normal -1 0 -0
    outer loop
      vertex 17.825 19.925 0.599999
      vertex 17.825 20.1 0.549999
      vertex 17.825 18.8 0.549999
    endloop
  endfacet
  facet normal -1 0 0
    outer loop
      vertex 17.825 18.8 0.7
      vertex 17.825 19.925 0.599999
      vertex 17.825 18.8 0.549999
    endloop
  endfacet
  facet normal -1 0 0
    outer loop
      vertex 17.825 19.925 0.599999
      vertex 17.825 18.8 0.7
      vertex 17.825 20.075 0.7
    endloop
  endfacet
  facet normal 0 1 -0
    outer loop
      vertex 18.175 20.1 0.549999
      vertex 17.825 20.1 0.599999
      vertex 18.175 20.1 0.599999
    endloop
  endfacet
  facet normal 0 1 0
    outer loop
      vertex 17.825 20.1 0.599999
      vertex 18.175 20.1 0.549999
      vertex 17.825 20.1 0.549999
    endloop
  endfacet
  facet normal 0 -1 0
    outer loop
      vertex 17.825 18.8 0.549999
      vertex 18.175 18.8 0.7
      vertex 17.825 18.8 0.7
    endloop
  endfacet
  facet normal 0 -1 -0
    outer loop
      vertex 18.175 18.8 0.7
      vertex 17.825 18.8 0.549999
      vertex 18.175 18.8 0.549999
    endloop
  endfacet
  facet normal 0 0 -1
    outer loop
      vertex 20.1396 18.7893 0.450001
      vertex 20.1396 19.2107 0.450001
      vertex 20.15 19 0.450001
    endloop
  endfacet
  facet normal 0 0 -1
    outer loop
      vertex 20.1087 18.5806 0.450001
      vertex 20.1396 19.2107 0.450001
      vertex 20.1396 18.7893 0.450001
    endloop
  endfacet
  facet normal 0 0 -1
    outer loop
      vertex 20.1087 18.5806 0.450001
      vertex 20.1087 19.4194 0.450001
      vertex 20.1396 19.2107 0.450001
    endloop
  endfacet
  facet normal 0 0 -1
    outer loop
      vertex 20.0574 18.3759 0.450001
      vertex 20.1087 19.4194 0.450001
      vertex 20.1087 18.5806 0.450001
    endloop
  endfacet
  facet normal 0 0 -1
    outer loop
      vertex 20.0574 18.3759 0.450001
      vertex 20.0574 19.6241 0.450001
      vertex 20.1087 19.4194 0.450001
    endloop
  endfacet
  facet normal 0 0 -1
    outer loop
      vertex 19.9863 18.1772 0.450001
      vertex 20.0574 19.6241 0.450001
      vertex 20.0574 18.3759 0.450001
    endloop
  endfacet
  facet normal 0 0 -1
    outer loop
      vertex 19.9863 18.1772 0.450001
      vertex 19.9863 19.8228 0.450001
      vertex 20.0574 19.6241 0.450001
    endloop
  endfacet
  facet normal 0 0 -1
    outer loop
      vertex 19.8961 17.9865 0.450001
      vertex 19.9863 19.8228 0.450001
      vertex 19.9863 18.1772 0.450001
    endloop
  endfacet
  facet normal 0 0 -1
    outer loop
      vertex 19.8961 17.9865 0.450001
      vertex 19.8961 20.0135 0.450001
      vertex 19.9863 19.8228 0.450001
    endloop
  endfacet
  facet normal 0 0 -1
    outer loop
      vertex 19.7877 17.8055 0.450001
      vertex 19.8961 20.0135 0.450001
      vertex 19.8961 17.9865 0.450001
    endloop
  endfacet
  facet normal 0 0 -1
    outer loop
      vertex 19.7877 17.8055 0.450001
      vertex 19.7877 20.1945 0.450001
      vertex 19.8961 20.0135 0.450001
    endloop
  endfacet
  facet normal 0 0 -1
    outer loop
      vertex 19.662 17.6361 0.450001
      vertex 19.7877 20.1945 0.450001
      vertex 19.7877 17.8055 0.450001
    endloop
  endfacet
  facet normal 0 0 -1
    outer loop
      vertex 19.662 17.6361 0.450001
      vertex 19.662 20.3639 0.450001
      vertex 19.7877 20.1945 0.450001
    endloop
  endfacet
  facet normal 0 0 -1
    outer loop
      vertex 19.5203 17.4797 0.450001
      vertex 19.662 20.3639 0.450001
      vertex 19.662 17.6361 0.450001
    endloop
  endfacet
  facet normal 0 0 -1
    outer loop
      vertex 19.5203 17.4797 0.450001
      vertex 19.5203 20.5203 0.450001
      vertex 19.662 20.3639 0.450001
    endloop
  endfacet
  facet normal 0 0 -1
    outer loop
      vertex 19.3639 17.338 0.450001
      vertex 19.5203 20.5203 0.450001
      vertex 19.5203 17.4797 0.450001
    endloop
  endfacet
  facet normal 0 0 -1
    outer loop
      vertex 19.3639 17.338 0.450001
      vertex 19.3639 20.662 0.450001
      vertex 19.5203 20.5203 0.450001
    endloop
  endfacet
  facet normal 0 0 -1
    outer loop
      vertex 19.1945 17.2123 0.450001
      vertex 19.3639 20.662 0.450001
      vertex 19.3639 17.338 0.450001
    endloop
  endfacet
  facet normal 0 0 -1
    outer loop
      vertex 19.1945 17.2123 0.450001
      vertex 19.1945 20.7877 0.450001
      vertex 19.3639 20.662 0.450001
    endloop
  endfacet
  facet normal 0 0 -1
    outer loop
      vertex 19.0135 17.1039 0.450001
      vertex 19.1945 20.7877 0.450001
      vertex 19.1945 17.2123 0.450001
    endloop
  endfacet
  facet normal 0 0 -1
    outer loop
      vertex 19.0135 17.1039 0.450001
      vertex 19.0135 20.8961 0.450001
      vertex 19.1945 20.7877 0.450001
    endloop
  endfacet
  facet normal 0 0 -1
    outer loop
      vertex 18.8228 17.0137 0.450001
      vertex 19.0135 20.8961 0.450001
      vertex 19.0135 17.1039 0.450001
    endloop
  endfacet
  facet normal 0 0 -1
    outer loop
      vertex 18.8228 17.0137 0.450001
      vertex 18.8228 20.9863 0.450001
      vertex 19.0135 20.8961 0.450001
    endloop
  endfacet
  facet normal 0 0 -1
    outer loop
      vertex 18.6241 16.9426 0.450001
      vertex 18.8228 20.9863 0.450001
      vertex 18.8228 17.0137 0.450001
    endloop
  endfacet
  facet normal 0 0 -1
    outer loop
      vertex 18.6241 16.9426 0.450001
      vertex 18.6241 21.0574 0.450001
      vertex 18.8228 20.9863 0.450001
    endloop
  endfacet
  facet normal 0 0 -1
    outer loop
      vertex 18.4194 16.8913 0.450001
      vertex 18.6241 21.0574 0.450001
      vertex 18.6241 16.9426 0.450001
    endloop
  endfacet
  facet normal 0 0 -1
    outer loop
      vertex 18.4194 16.8913 0.450001
      vertex 18.4194 21.1087 0.450001
      vertex 18.6241 21.0574 0.450001
    endloop
  endfacet
  facet normal 0 0 -1
    outer loop
      vertex 18.2107 16.8604 0.450001
      vertex 18.4194 21.1087 0.450001
      vertex 18.4194 16.8913 0.450001
    endloop
  endfacet
  facet normal 0 0 -1
    outer loop
      vertex 18.2107 16.8604 0.450001
      vertex 18.2107 21.1396 0.450001
      vertex 18.4194 21.1087 0.450001
    endloop
  endfacet
  facet normal 0 0 -1
    outer loop
      vertex 18 16.85 0.450001
      vertex 18.2107 21.1396 0.450001
      vertex 18.2107 16.8604 0.450001
    endloop
  endfacet
  facet normal 0 0 -1
    outer loop
      vertex 18 16.85 0.450001
      vertex 18 21.15 0.450001
      vertex 18.2107 21.1396 0.450001
    endloop
  endfacet
  facet normal 0 0 -1
    outer loop
      vertex 17.7893 16.8604 0.450001
      vertex 18 21.15 0.450001
      vertex 18 16.85 0.450001
    endloop
  endfacet
  facet normal 0 0 -1
    outer loop
      vertex 17.7893 16.8604 0.450001
      vertex 17.7893 21.1396 0.450001
      vertex 18 21.15 0.450001
    endloop
  endfacet
  facet normal 0 0 -1
    outer loop
      vertex 17.5806 16.8913 0.450001
      vertex 17.7893 21.1396 0.450001
      vertex 17.7893 16.8604 0.450001
    endloop
  endfacet
  facet normal 0 0 -1
    outer loop
      vertex 17.5806 16.8913 0.450001
      vertex 17.5806 21.1087 0.450001
      vertex 17.7893 21.1396 0.450001
    endloop
  endfacet
  facet normal 0 0 -1
    outer loop
      vertex 17.3759 16.9426 0.450001
      vertex 17.5806 21.1087 0.450001
      vertex 17.5806 16.8913 0.450001
    endloop
  endfacet
  facet normal 0 0 -1
    outer loop
      vertex 17.3759 16.9426 0.450001
      vertex 17.3759 21.0574 0.450001
      vertex 17.5806 21.1087 0.450001
    endloop
  endfacet
  facet normal 0 0 -1
    outer loop
      vertex 17.1772 17.0137 0.450001
      vertex 17.3759 21.0574 0.450001
      vertex 17.3759 16.9426 0.450001
    endloop
  endfacet
  facet normal 0 0 -1
    outer loop
      vertex 17.1772 17.0137 0.450001
      vertex 17.1772 20.9863 0.450001
      vertex 17.3759 21.0574 0.450001
    endloop
  endfacet
  facet normal 0 0 -1
    outer loop
      vertex 16.9865 17.1039 0.450001
      vertex 17.1772 20.9863 0.450001
      vertex 17.1772 17.0137 0.450001
    endloop
  endfacet
  facet normal 0 0 -1
    outer loop
      vertex 16.9865 17.1039 0.450001
      vertex 16.9865 20.8961 0.450001
      vertex 17.1772 20.9863 0.450001
    endloop
  endfacet
  facet normal 0 0 -1
    outer loop
      vertex 16.8055 17.2123 0.450001
      vertex 16.9865 20.8961 0.450001
      vertex 16.9865 17.1039 0.450001
    endloop
  endfacet
  facet normal 0 0 -1
    outer loop
      vertex 16.8055 17.2123 0.450001
      vertex 16.8055 20.7877 0.450001
      vertex 16.9865 20.8961 0.450001
    endloop
  endfacet
  facet normal 0 0 -1
    outer loop
      vertex 16.6361 17.338 0.450001
      vertex 16.8055 20.7877 0.450001
      vertex 16.8055 17.2123 0.450001
    endloop
  endfacet
  facet normal 0 0 -1
    outer loop
      vertex 16.6361 17.338 0.450001
      vertex 16.6361 20.662 0.450001
      vertex 16.8055 20.7877 0.450001
    endloop
  endfacet
  facet normal 0 0 -1
    outer loop
      vertex 16.4797 17.4797 0.450001
      vertex 16.6361 20.662 0.450001
      vertex 16.6361 17.338 0.450001
    endloop
  endfacet
  facet normal 0 0 -1
    outer loop
      vertex 16.4797 17.4797 0.450001
      vertex 16.4797 20.5203 0.450001
      vertex 16.6361 20.662 0.450001
    endloop
  endfacet
  facet normal 0 0 -1
    outer loop
      vertex 16.338 17.6361 0.450001
      vertex 16.4797 20.5203 0.450001
      vertex 16.4797 17.4797 0.450001
    endloop
  endfacet
  facet normal 0 0 -1
    outer loop
      vertex 16.338 17.6361 0.450001
      vertex 16.338 20.3639 0.450001
      vertex 16.4797 20.5203 0.450001
    endloop
  endfacet
  facet normal 0 0 -1
    outer loop
      vertex 16.2123 17.8055 0.450001
      vertex 16.338 20.3639 0.450001
      vertex 16.338 17.6361 0.450001
    endloop
  endfacet
  facet normal 0 0 -1
    outer loop
      vertex 16.2123 17.8055 0.450001
      vertex 16.2123 20.1945 0.450001
      vertex 16.338 20.3639 0.450001
    endloop
  endfacet
  facet normal 0 0 -1
    outer loop
      vertex 16.1039 17.9865 0.450001
      vertex 16.2123 20.1945 0.450001
      vertex 16.2123 17.8055 0.450001
    endloop
  endfacet
  facet normal 0 0 -1
    outer loop
      vertex 16.1039 17.9865 0.450001
      vertex 16.1039 20.0135 0.450001
      vertex 16.2123 20.1945 0.450001
    endloop
  endfacet
  facet normal 0 0 -1
    outer loop
      vertex 16.0137 18.1772 0.450001
      vertex 16.1039 20.0135 0.450001
      vertex 16.1039 17.9865 0.450001
    endloop
  endfacet
  facet normal 0 0 -1
    outer loop
      vertex 16.0137 18.1772 0.450001
      vertex 16.0137 19.8228 0.450001
      vertex 16.1039 20.0135 0.450001
    endloop
  endfacet
  facet normal 0 0 -1
    outer loop
      vertex 15.9426 18.3759 0.450001
      vertex 16.0137 19.8228 0.450001
      vertex 16.0137 18.1772 0.450001
    endloop
  endfacet
  facet normal 0 0 -1
    outer loop
      vertex 15.9426 18.3759 0.450001
      vertex 15.9426 19.6241 0.450001
      vertex 16.0137 19.8228 0.450001
    endloop
  endfacet
  facet normal 0 0 -1
    outer loop
      vertex 15.8913 18.5806 0.450001
      vertex 15.9426 19.6241 0.450001
      vertex 15.9426 18.3759 0.450001
    endloop
  endfacet
  facet normal 0 0 -1
    outer loop
      vertex 15.8913 18.5806 0.450001
      vertex 15.8913 19.4194 0.450001
      vertex 15.9426 19.6241 0.450001
    endloop
  endfacet
  facet normal 0 0 -1
    outer loop
      vertex 15.8604 18.7893 0.450001
      vertex 15.8913 19.4194 0.450001
      vertex 15.8913 18.5806 0.450001
    endloop
  endfacet
  facet normal 0 0 -1
    outer loop
      vertex 15.8604 18.7893 0.450001
      vertex 15.8604 19.2107 0.450001
      vertex 15.8913 19.4194 0.450001
    endloop
  endfacet
  facet normal 0 -0 -1
    outer loop
      vertex 15.8604 19.2107 0.450001
      vertex 15.8604 18.7893 0.450001
      vertex 15.85 19 0.450001
    endloop
  endfacet
  facet normal 0 0 1
    outer loop
      vertex 18.175 18.8 0.549999
      vertex 20.15 19 0.549999
      vertex 20.1396 19.2107 0.549999
    endloop
  endfacet
  facet normal 0 0 1
    outer loop
      vertex 18.175 18.8 0.549999
      vertex 20.1396 19.2107 0.549999
      vertex 20.1087 19.4194 0.549999
    endloop
  endfacet
  facet normal 0 0 1
    outer loop
      vertex 20.15 19 0.549999
      vertex 18.175 18.8 0.549999
      vertex 20.1396 18.7893 0.549999
    endloop
  endfacet
  facet normal 0 0 1
    outer loop
      vertex 18.175 18.8 0.549999
      vertex 20.1087 19.4194 0.549999
      vertex 20.0574 19.6241 0.549999
    endloop
  endfacet
  facet normal 0 0 1
    outer loop
      vertex 20.1396 18.7893 0.549999
      vertex 18.175 18.8 0.549999
      vertex 20.1087 18.5806 0.549999
    endloop
  endfacet
  facet normal 0 0 1
    outer loop
      vertex 18.175 18.8 0.549999
      vertex 20.0574 19.6241 0.549999
      vertex 19.9863 19.8228 0.549999
    endloop
  endfacet
  facet normal 0 0 1
    outer loop
      vertex 20.1087 18.5806 0.549999
      vertex 18.175 18.8 0.549999
      vertex 20.0574 18.3759 0.549999
    endloop
  endfacet
  facet normal 0 0 1
    outer loop
      vertex 18.175 20.1 0.549999
      vertex 19.9863 19.8228 0.549999
      vertex 19.8961 20.0135 0.549999
    endloop
  endfacet
  facet normal 0 0 1
    outer loop
      vertex 20.0574 18.3759 0.549999
      vertex 18.175 18.8 0.549999
      vertex 19.9863 18.1772 0.549999
    endloop
  endfacet
  facet normal -0 0 1
    outer loop
      vertex 18.175 20.1 0.549999
      vertex 19.8961 20.0135 0.549999
      vertex 19.7877 20.1945 0.549999
    endloop
  endfacet
  facet normal 0 0 1
    outer loop
      vertex 19.9863 18.1772 0.549999
      vertex 18.175 18.8 0.549999
      vertex 19.8961 17.9865 0.549999
    endloop
  endfacet
  facet normal 0 0 1
    outer loop
      vertex 18.175 20.1 0.549999
      vertex 19.7877 20.1945 0.549999
      vertex 19.662 20.3639 0.549999
    endloop
  endfacet
  facet normal 0 0 1
    outer loop
      vertex 19.8961 17.9865 0.549999
      vertex 18.175 18.8 0.549999
      vertex 19.7877 17.8055 0.549999
    endloop
  endfacet
  facet normal 0 0 1
    outer loop
      vertex 18.175 20.1 0.549999
      vertex 19.662 20.3639 0.549999
      vertex 19.5203 20.5203 0.549999
    endloop
  endfacet
  facet normal 0 0 1
    outer loop
      vertex 19.7877 17.8055 0.549999
      vertex 18.175 18.8 0.549999
      vertex 19.662 17.6361 0.549999
    endloop
  endfacet
  facet normal 0 0 1
    outer loop
      vertex 18.175 20.1 0.549999
      vertex 19.5203 20.5203 0.549999
      vertex 19.3639 20.662 0.549999
    endloop
  endfacet
  facet normal 0 0 1
    outer loop
      vertex 19.662 17.6361 0.549999
      vertex 18.175 18.8 0.549999
      vertex 19.5203 17.4797 0.549999
    endloop
  endfacet
  facet normal 0 0 1
    outer loop
      vertex 18.175 20.1 0.549999
      vertex 19.3639 20.662 0.549999
      vertex 19.1945 20.7877 0.549999
    endloop
  endfacet
  facet normal 0 0 1
    outer loop
      vertex 19.5203 17.4797 0.549999
      vertex 18.175 18.8 0.549999
      vertex 19.3639 17.338 0.549999
    endloop
  endfacet
  facet normal 0 0 1
    outer loop
      vertex 18.175 20.1 0.549999
      vertex 19.1945 20.7877 0.549999
      vertex 19.0135 20.8961 0.549999
    endloop
  endfacet
  facet normal 0 0 1
    outer loop
      vertex 19.3639 17.338 0.549999
      vertex 18.175 18.8 0.549999
      vertex 19.1945 17.2123 0.549999
    endloop
  endfacet
  facet normal 0 0 1
    outer loop
      vertex 18.175 20.1 0.549999
      vertex 19.0135 20.8961 0.549999
      vertex 18.8228 20.9863 0.549999
    endloop
  endfacet
  facet normal 0 0 1
    outer loop
      vertex 19.1945 17.2123 0.549999
      vertex 18.175 18.8 0.549999
      vertex 19.0135 17.1039 0.549999
    endloop
  endfacet
  facet normal 0 0 1
    outer loop
      vertex 18.175 20.1 0.549999
      vertex 18.8228 20.9863 0.549999
      vertex 18.6241 21.0574 0.549999
    endloop
  endfacet
  facet normal 0 0 1
    outer loop
      vertex 19.0135 17.1039 0.549999
      vertex 18.175 18.8 0.549999
      vertex 18.8228 17.0137 0.549999
    endloop
  endfacet
  facet normal 0 0 1
    outer loop
      vertex 18.175 20.1 0.549999
      vertex 18.6241 21.0574 0.549999
      vertex 18.4194 21.1087 0.549999
    endloop
  endfacet
  facet normal 0 0 1
    outer loop
      vertex 18.8228 17.0137 0.549999
      vertex 18.175 18.8 0.549999
      vertex 18.6241 16.9426 0.549999
    endloop
  endfacet
  facet normal 0 0 1
    outer loop
      vertex 18.175 20.1 0.549999
      vertex 18.4194 21.1087 0.549999
      vertex 18.2107 21.1396 0.549999
    endloop
  endfacet
  facet normal 0 0 1
    outer loop
      vertex 19.9863 19.8228 0.549999
      vertex 18.175 20.1 0.549999
      vertex 18.175 18.8 0.549999
    endloop
  endfacet
  facet normal 0 0 1
    outer loop
      vertex 18.6241 16.9426 0.549999
      vertex 18.175 18.8 0.549999
      vertex 18.4194 16.8913 0.549999
    endloop
  endfacet
  facet normal 0 0 1
    outer loop
      vertex 18 21.15 0.549999
      vertex 18.175 20.1 0.549999
      vertex 18.2107 21.1396 0.549999
    endloop
  endfacet
  facet normal 0 0 1
    outer loop
      vertex 18 21.15 0.549999
      vertex 17.825 20.1 0.549999
      vertex 18.175 20.1 0.549999
    endloop
  endfacet
  facet normal -0 0 1
    outer loop
      vertex 17.5806 21.1087 0.549999
      vertex 17.825 20.1 0.549999
      vertex 17.7893 21.1396 0.549999
    endloop
  endfacet
  facet normal -0 0 1
    outer loop
      vertex 17.7893 21.1396 0.549999
      vertex 17.825 20.1 0.549999
      vertex 18 21.15 0.549999
    endloop
  endfacet
  facet normal 0 0 1
    outer loop
      vertex 18.4194 16.8913 0.549999
      vertex 18.175 18.8 0.549999
      vertex 18.2107 16.8604 0.549999
    endloop
  endfacet
  facet normal 0 0 1
    outer loop
      vertex 18.175 18.8 0.549999
      vertex 18 16.85 0.549999
      vertex 18.2107 16.8604 0.549999
    endloop
  endfacet
  facet normal -0 0 1
    outer loop
      vertex 17.825 18.8 0.549999
      vertex 18 16.85 0.549999
      vertex 18.175 18.8 0.549999
    endloop
  endfacet
  facet normal 0 0 1
    outer loop
      vertex 17.825 18.8 0.549999
      vertex 17.7893 16.8604 0.549999
      vertex 18 16.85 0.549999
    endloop
  endfacet
  facet normal -0 0 1
    outer loop
      vertex 17.3759 21.0574 0.549999
      vertex 17.825 20.1 0.549999
      vertex 17.5806 21.1087 0.549999
    endloop
  endfacet
  facet normal -0 0 1
    outer loop
      vertex 17.1772 20.9863 0.549999
      vertex 17.825 20.1 0.549999
      vertex 17.3759 21.0574 0.549999
    endloop
  endfacet
  facet normal 0 0 1
    outer loop
      vertex 17.825 18.8 0.549999
      vertex 17.5806 16.8913 0.549999
      vertex 17.7893 16.8604 0.549999
    endloop
  endfacet
  facet normal -0 0 1
    outer loop
      vertex 16.9865 20.8961 0.549999
      vertex 17.825 20.1 0.549999
      vertex 17.1772 20.9863 0.549999
    endloop
  endfacet
  facet normal 0 0 1
    outer loop
      vertex 17.825 18.8 0.549999
      vertex 17.3759 16.9426 0.549999
      vertex 17.5806 16.8913 0.549999
    endloop
  endfacet
  facet normal -0 0 1
    outer loop
      vertex 16.8055 20.7877 0.549999
      vertex 17.825 20.1 0.549999
      vertex 16.9865 20.8961 0.549999
    endloop
  endfacet
  facet normal 0 0 1
    outer loop
      vertex 17.825 18.8 0.549999
      vertex 17.1772 17.0137 0.549999
      vertex 17.3759 16.9426 0.549999
    endloop
  endfacet
  facet normal -0 0 1
    outer loop
      vertex 16.6361 20.662 0.549999
      vertex 17.825 20.1 0.549999
      vertex 16.8055 20.7877 0.549999
    endloop
  endfacet
  facet normal 0 0 1
    outer loop
      vertex 17.825 18.8 0.549999
      vertex 16.9865 17.1039 0.549999
      vertex 17.1772 17.0137 0.549999
    endloop
  endfacet
  facet normal -0 0 1
    outer loop
      vertex 16.4797 20.5203 0.549999
      vertex 17.825 20.1 0.549999
      vertex 16.6361 20.662 0.549999
    endloop
  endfacet
  facet normal 0 0 1
    outer loop
      vertex 17.825 18.8 0.549999
      vertex 16.8055 17.2123 0.549999
      vertex 16.9865 17.1039 0.549999
    endloop
  endfacet
  facet normal -0 0 1
    outer loop
      vertex 16.338 20.3639 0.549999
      vertex 17.825 20.1 0.549999
      vertex 16.4797 20.5203 0.549999
    endloop
  endfacet
  facet normal 0 0 1
    outer loop
      vertex 17.825 18.8 0.549999
      vertex 16.6361 17.338 0.549999
      vertex 16.8055 17.2123 0.549999
    endloop
  endfacet
  facet normal -0 0 1
    outer loop
      vertex 16.2123 20.1945 0.549999
      vertex 17.825 20.1 0.549999
      vertex 16.338 20.3639 0.549999
    endloop
  endfacet
  facet normal 0 0 1
    outer loop
      vertex 17.825 18.8 0.549999
      vertex 16.4797 17.4797 0.549999
      vertex 16.6361 17.338 0.549999
    endloop
  endfacet
  facet normal 0 0 1
    outer loop
      vertex 16.1039 20.0135 0.549999
      vertex 17.825 20.1 0.549999
      vertex 16.2123 20.1945 0.549999
    endloop
  endfacet
  facet normal 0 0 1
    outer loop
      vertex 17.825 18.8 0.549999
      vertex 16.338 17.6361 0.549999
      vertex 16.4797 17.4797 0.549999
    endloop
  endfacet
  facet normal 0 0 1
    outer loop
      vertex 16.0137 19.8228 0.549999
      vertex 17.825 20.1 0.549999
      vertex 16.1039 20.0135 0.549999
    endloop
  endfacet
  facet normal 0 0 1
    outer loop
      vertex 17.825 18.8 0.549999
      vertex 16.2123 17.8055 0.549999
      vertex 16.338 17.6361 0.549999
    endloop
  endfacet
  facet normal 0 0 1
    outer loop
      vertex 17.825 20.1 0.549999
      vertex 16.0137 19.8228 0.549999
      vertex 17.825 18.8 0.549999
    endloop
  endfacet
  facet normal 0 0 1
    outer loop
      vertex 17.825 18.8 0.549999
      vertex 16.1039 17.9865 0.549999
      vertex 16.2123 17.8055 0.549999
    endloop
  endfacet
  facet normal -0 0 1
    outer loop
      vertex 15.9426 19.6241 0.549999
      vertex 17.825 18.8 0.549999
      vertex 16.0137 19.8228 0.549999
    endloop
  endfacet
  facet normal 0 0 1
    outer loop
      vertex 17.825 18.8 0.549999
      vertex 16.0137 18.1772 0.549999
      vertex 16.1039 17.9865 0.549999
    endloop
  endfacet
  facet normal -0 0 1
    outer loop
      vertex 15.8913 19.4194 0.549999
      vertex 17.825 18.8 0.549999
      vertex 15.9426 19.6241 0.549999
    endloop
  endfacet
  facet normal 0 0 1
    outer loop
      vertex 17.825 18.8 0.549999
      vertex 15.9426 18.3759 0.549999
      vertex 16.0137 18.1772 0.549999
    endloop
  endfacet
  facet normal -0 0 1
    outer loop
      vertex 15.8604 19.2107 0.549999
      vertex 17.825 18.8 0.549999
      vertex 15.8913 19.4194 0.549999
    endloop
  endfacet
  facet normal 0 0 1
    outer loop
      vertex 17.825 18.8 0.549999
      vertex 15.8913 18.5806 0.549999
      vertex 15.9426 18.3759 0.549999
    endloop
  endfacet
  facet normal -0 0 1
    outer loop
      vertex 15.85 19 0.549999
      vertex 17.825 18.8 0.549999
      vertex 15.8604 19.2107 0.549999
    endloop
  endfacet
  facet normal 0 0 1
    outer loop
      vertex 17.825 18.8 0.549999
      vertex 15.8604 18.7893 0.549999
      vertex 15.8913 18.5806 0.549999
    endloop
  endfacet
  facet normal 0 0 1
    outer loop
      vertex 17.825 18.8 0.549999
      vertex 15.85 19 0.549999
      vertex 15.8604 18.7893 0.549999
    endloop
  endfacet
  facet normal 0.506036 -0.292151 0.811527
    outer loop
      vertex 18 17.7 0.78
      vertex 18 17.2 0.599999
      vertex 18.433 17.95 0.599999
    endloop
  endfacet
  facet normal 0 0.584307 0.811533
    outer loop
      vertex 18.433 17.95 0.599999
      vertex 17.567 17.95 0.599999
      vertex 18 17.7 0.78
    endloop
  endfacet
  facet normal -0.506036 -0.292151 0.811527
    outer loop
      vertex 18 17.7 0.78
      vertex 17.567 17.95 0.599999
      vertex 18 17.2 0.599999
    endloop
  endfacet
  facet normal 0 0 -1
    outer loop
      vertex 18 17.2 0.599999
      vertex 17.567 17.95 0.599999
      vertex 18.433 17.95 0.599999
    endloop
  endfacet
  facet normal 0.292151 0.506036 0.811527
    outer loop
      vertex 19.8 19 0.599999
      vertex 19.05 19.433 0.599999
      vertex 19.3 19 0.78
    endloop
  endfacet
  facet normal -0.584307 0 0.811533
    outer loop
      vertex 19.05 19.433 0.599999
      vertex 19.05 18.567 0.599999
      vertex 19.3 19 0.78
    endloop
  endfacet
  facet normal 0.292151 -0.506036 0.811527
    outer loop
      vertex 19.3 19 0.78
      vertex 19.05 18.567 0.599999
      vertex 19.8 19 0.599999
    endloop
  endfacet
  facet normal -0 0 -1
    outer loop
      vertex 19.8 19 0.599999
      vertex 19.05 18.567 0.599999
      vertex 19.05 19.433 0.599999
    endloop
  endfacet
  facet normal -0.292151 -0.506036 0.811527
    outer loop
      vertex 16.7 19 0.78
      vertex 16.2 19 0.599999
      vertex 16.95 18.567 0.599999
    endloop
  endfacet
  facet normal 0.584307 0 0.811533
    outer loop
      vertex 16.95 19.433 0.599999
      vertex 16.7 19 0.78
      vertex 16.95 18.567 0.599999
    endloop
  endfacet
  facet normal -0.292151 0.506036 0.811527
    outer loop
      vertex 16.95 19.433 0.599999
      vertex 16.2 19 0.599999
      vertex 16.7 19 0.78
    endloop
  endfacet
  facet normal 0 0 -1
    outer loop
      vertex 16.95 18.567 0.599999
      vertex 16.2 19 0.599999
      vertex 16.95 19.433 0.599999
    endloop
  endfacet
  facet normal 0 0 -1
    outer loop
      vertex 17.8961 21.5 0.599999
      vertex 17.7499 21.5 0.599999
      vertex 17.8961 22.4317 0.599999
    endloop
  endfacet
  facet normal 0 0 -1
    outer loop
      vertex 18.5928 21.5 0.599999
      vertex 18.4466 21.682 0.599999
      vertex 18.5928 22.6137 0.599999
    endloop
  endfacet
  facet normal 0 0 -1
    outer loop
      vertex 18.3899 21.5 0.599999
      vertex 18.4466 21.682 0.599999
      vertex 18.5928 21.5 0.599999
    endloop
  endfacet
  facet normal 0 0 -1
    outer loop
      vertex 17.8961 22.4317 0.599999
      vertex 18.4466 21.682 0.599999
      vertex 18.3899 21.5 0.599999
    endloop
  endfacet
  facet normal 0 0 -1
    outer loop
      vertex 18.4466 21.682 0.599999
      vertex 17.8961 22.4317 0.599999
      vertex 17.9528 22.6137 0.599999
    endloop
  endfacet
  facet normal 0 0 -1
    outer loop
      vertex 17.8961 22.4317 0.599999
      vertex 17.7499 22.6137 0.599999
      vertex 17.9528 22.6137 0.599999
    endloop
  endfacet
  facet normal 0 0 -1
    outer loop
      vertex 17.7499 22.6137 0.599999
      vertex 17.8961 22.4317 0.599999
      vertex 17.7499 21.5 0.599999
    endloop
  endfacet
  facet normal -0 0 -1
    outer loop
      vertex 18.5928 22.6137 0.599999
      vertex 18.4466 21.682 0.599999
      vertex 18.4466 22.6137 0.599999
    endloop
  endfacet
  facet normal 0 0 1
    outer loop
      vertex 18.4466 21.682 0.9
      vertex 18.5928 22.6137 0.9
      vertex 18.4466 22.6137 0.9
    endloop
  endfacet
  facet normal 0 0 1
    outer loop
      vertex 18.5928 22.6137 0.9
      vertex 18.4466 21.682 0.9
      vertex 18.5928 21.5 0.9
    endloop
  endfacet
  facet normal 0 0 1
    outer loop
      vertex 18.4466 21.682 0.9
      vertex 18.3899 21.5 0.9
      vertex 18.5928 21.5 0.9
    endloop
  endfacet
  facet normal -0 0 1
    outer loop
      vertex 17.8961 22.4317 0.9
      vertex 18.4466 21.682 0.9
      vertex 17.9528 22.6137 0.9
    endloop
  endfacet
  facet normal 0 0 1
    outer loop
      vertex 18.4466 21.682 0.9
      vertex 17.8961 22.4317 0.9
      vertex 18.3899 21.5 0.9
    endloop
  endfacet
  facet normal -0 0 1
    outer loop
      vertex 17.7499 22.6137 0.9
      vertex 17.8961 22.4317 0.9
      vertex 17.9528 22.6137 0.9
    endloop
  endfacet
  facet normal 0 0 1
    outer loop
      vertex 17.7499 21.5 0.9
      vertex 17.8961 22.4317 0.9
      vertex 17.7499 22.6137 0.9
    endloop
  endfacet
  facet normal 0 0 1
    outer loop
      vertex 17.8961 22.4317 0.9
      vertex 17.7499 21.5 0.9
      vertex 17.8961 21.5 0.9
    endloop
  endfacet
  facet normal -0.883573 -0.468293 0
    outer loop
      vertex 18.3899 21.5 0.599999
      vertex 17.8961 22.4317 0.9
      vertex 17.8961 22.4317 0.599999
    endloop
  endfacet
  facet normal -0.883573 -0.468293 0
    outer loop
      vertex 17.8961 22.4317 0.9
      vertex 18.3899 21.5 0.599999
      vertex 18.3899 21.5 0.9
    endloop
  endfacet
  facet normal 0 -1 0
    outer loop
      vertex 18.3899 21.5 0.599999
      vertex 18.5928 21.5 0.9
      vertex 18.3899 21.5 0.9
    endloop
  endfacet
  facet normal 0 -1 -0
    outer loop
      vertex 18.5928 21.5 0.9
      vertex 18.3899 21.5 0.599999
      vertex 18.5928 21.5 0.599999
    endloop
  endfacet
  facet normal 1 -0 0
    outer loop
      vertex 18.5928 21.5 0.9
      vertex 18.5928 22.6137 0.599999
      vertex 18.5928 22.6137 0.9
    endloop
  endfacet
  facet normal 1 0 0
    outer loop
      vertex 18.5928 22.6137 0.599999
      vertex 18.5928 21.5 0.9
      vertex 18.5928 21.5 0.599999
    endloop
  endfacet
  facet normal 0 1 -0
    outer loop
      vertex 18.5928 22.6137 0.599999
      vertex 18.4466 22.6137 0.9
      vertex 18.5928 22.6137 0.9
    endloop
  endfacet
  facet normal 0 1 0
    outer loop
      vertex 18.4466 22.6137 0.9
      vertex 18.5928 22.6137 0.599999
      vertex 18.4466 22.6137 0.599999
    endloop
  endfacet
  facet normal -1 0 0
    outer loop
      vertex 18.4466 21.682 0.599999
      vertex 18.4466 22.6137 0.9
      vertex 18.4466 22.6137 0.599999
    endloop
  endfacet
  facet normal -1 -0 0
    outer loop
      vertex 18.4466 22.6137 0.9
      vertex 18.4466 21.682 0.599999
      vertex 18.4466 21.682 0.9
    endloop
  endfacet
  facet normal 0.883573 0.468293 0
    outer loop
      vertex 18.4466 21.682 0.9
      vertex 17.9528 22.6137 0.599999
      vertex 17.9528 22.6137 0.9
    endloop
  endfacet
  facet normal 0.883573 0.468293 0
    outer loop
      vertex 17.9528 22.6137 0.599999
      vertex 18.4466 21.682 0.9
      vertex 18.4466 21.682 0.599999
    endloop
  endfacet
  facet normal 0 1 -0
    outer loop
      vertex 17.9528 22.6137 0.599999
      vertex 17.7499 22.6137 0.9
      vertex 17.9528 22.6137 0.9
    endloop
  endfacet
  facet normal 0 1 0
    outer loop
      vertex 17.7499 22.6137 0.9
      vertex 17.9528 22.6137 0.599999
      vertex 17.7499 22.6137 0.599999
    endloop
  endfacet
  facet normal -1 0 0
    outer loop
      vertex 17.7499 21.5 0.599999
      vertex 17.7499 22.6137 0.9
      vertex 17.7499 22.6137 0.599999
    endloop
  endfacet
  facet normal -1 -0 0
    outer loop
      vertex 17.7499 22.6137 0.9
      vertex 17.7499 21.5 0.599999
      vertex 17.7499 21.5 0.9
    endloop
  endfacet
  facet normal 0 -1 0
    outer loop
      vertex 17.7499 21.5 0.599999
      vertex 17.8961 21.5 0.9
      vertex 17.7499 21.5 0.9
    endloop
  endfacet
  facet normal 0 -1 -0
    outer loop
      vertex 17.8961 21.5 0.9
      vertex 17.7499 21.5 0.599999
      vertex 17.8961 21.5 0.599999
    endloop
  endfacet
  facet normal 1 -0 0
    outer loop
      vertex 17.8961 21.5 0.9
      vertex 17.8961 22.4317 0.599999
      vertex 17.8961 22.4317 0.9
    endloop
  endfacet
  facet normal 1 0 0
    outer loop
      vertex 17.8961 22.4317 0.599999
      vertex 17.8961 21.5 0.9
      vertex 17.8961 21.5 0.599999
    endloop
  endfacet
  facet normal 1 -0 0
    outer loop
      vertex 14 -9.39999 0
      vertex 14 -9 -1
      vertex 14 -9 0
    endloop
  endfacet
  facet normal 1 0 0
    outer loop
      vertex 14 -9 -1
      vertex 14 -9.39999 0
      vertex 14 -9.39999 -1
    endloop
  endfacet
  facet normal 0 -1 0
    outer loop
      vertex -9 -9.39999 -1
      vertex 14 -9.39999 0
      vertex -9 -9.39999 0
    endloop
  endfacet
  facet normal 0 -1 -0
    outer loop
      vertex 14 -9.39999 0
      vertex -9 -9.39999 -1
      vertex 14 -9.39999 -1
    endloop
  endfacet
endsolid OpenSCAD_Model
