solid OpenSCAD_Model
  facet normal 1 0 0
    outer loop
      vertex -9 16 1
      vertex -9 15 0.0499992
      vertex -9 16 0
    endloop
  endfacet
  facet normal 1 0 0
    outer loop
      vertex -9 16 1
      vertex -9 9 0.0499992
      vertex -9 15 0.0499992
    endloop
  endfacet
  facet normal 1 0 0
    outer loop
      vertex -9 9 0.0499992
      vertex -9 -9 0
      vertex -9 9 0
    endloop
  endfacet
  facet normal 1 0 0
    outer loop
      vertex -9 16 1
      vertex -9 -9 0
      vertex -9 9 0.0499992
    endloop
  endfacet
  facet normal 1 -0 0
    outer loop
      vertex -9 -16 1
      vertex -9 -9 0
      vertex -9 16 1
    endloop
  endfacet
  facet normal 1 0 0
    outer loop
      vertex -9 -9 0
      vertex -9 -16 1
      vertex -9 -16 0
    endloop
  endfacet
  facet normal 1 0 0
    outer loop
      vertex -9 16 0
      vertex -9 15 0.0499992
      vertex -9 15 0
    endloop
  endfacet
  facet normal -0 0 1
    outer loop
      vertex -35 16 1
      vertex -9 -16 1
      vertex -9 16 1
    endloop
  endfacet
  facet normal 0 0 1
    outer loop
      vertex -9 -16 1
      vertex -35 16 1
      vertex -35 -16 1
    endloop
  endfacet
  facet normal 0 0 -1
    outer loop
      vertex -35 -16 0
      vertex -9 -9 0
      vertex -9 -16 0
    endloop
  endfacet
  facet normal 0 0 -1
    outer loop
      vertex -35 9 0
      vertex -9 -9 0
      vertex -35 -16 0
    endloop
  endfacet
  facet normal 0 0 -1
    outer loop
      vertex -9 -9 0
      vertex -35 9 0
      vertex -9 9 0
    endloop
  endfacet
  facet normal 0 0 -1
    outer loop
      vertex -35 15 0
      vertex -9 16 0
      vertex -9 15 0
    endloop
  endfacet
  facet normal -0 0 -1
    outer loop
      vertex -9 16 0
      vertex -35 15 0
      vertex -35 16 0
    endloop
  endfacet
  facet normal -1 0 0
    outer loop
      vertex -35 15 -0.0999994
      vertex -35 9 -0.0999994
      vertex -35 15 0
    endloop
  endfacet
  facet normal -1 0 0
    outer loop
      vertex -35 15 0
      vertex -35 16 1
      vertex -35 16 0
    endloop
  endfacet
  facet normal -1 0 0
    outer loop
      vertex -35 9 0
      vertex -35 15 0
      vertex -35 9 -0.0999994
    endloop
  endfacet
  facet normal -1 0 0
    outer loop
      vertex -35 15 0
      vertex -35 9 0
      vertex -35 16 1
    endloop
  endfacet
  facet normal -1 0 0
    outer loop
      vertex -35 -16 1
      vertex -35 9 0
      vertex -35 -16 0
    endloop
  endfacet
  facet normal -1 0 0
    outer loop
      vertex -35 9 0
      vertex -35 -16 1
      vertex -35 16 1
    endloop
  endfacet
  facet normal 0 1 -0
    outer loop
      vertex -9 16 0
      vertex -35 16 1
      vertex -9 16 1
    endloop
  endfacet
  facet normal 0 1 0
    outer loop
      vertex -35 16 1
      vertex -9 16 0
      vertex -35 16 0
    endloop
  endfacet
  facet normal 0 -1 0
    outer loop
      vertex -35 -16 0
      vertex -9 -16 1
      vertex -35 -16 1
    endloop
  endfacet
  facet normal 0 -1 -0
    outer loop
      vertex -9 -16 1
      vertex -35 -16 0
      vertex -9 -16 0
    endloop
  endfacet
  facet normal 1 -0 0
    outer loop
      vertex 35 9 0.0499992
      vertex 35 15 -0.0999994
      vertex 35 15 0.0499992
    endloop
  endfacet
  facet normal 1 0 0
    outer loop
      vertex 35 15 -0.0999994
      vertex 35 9 0.0499992
      vertex 35 9 -0.0999994
    endloop
  endfacet
  facet normal -0 0 1
    outer loop
      vertex -9 15 0.0499992
      vertex 35 9 0.0499992
      vertex 35 15 0.0499992
    endloop
  endfacet
  facet normal 0 0 1
    outer loop
      vertex 35 9 0.0499992
      vertex -9 15 0.0499992
      vertex -9 9 0.0499992
    endloop
  endfacet
  facet normal 0 0 -1
    outer loop
      vertex 9 9 -0.0999994
      vertex 35 15 -0.0999994
      vertex 35 9 -0.0999994
    endloop
  endfacet
  facet normal 0 0 -1
    outer loop
      vertex -9 9 -0.0999994
      vertex 35 15 -0.0999994
      vertex 9 9 -0.0999994
    endloop
  endfacet
  facet normal 0 0 -1
    outer loop
      vertex -35 15 -0.0999994
      vertex -9 9 -0.0999994
      vertex -35 9 -0.0999994
    endloop
  endfacet
  facet normal 0 0 -1
    outer loop
      vertex -9 9 -0.0999994
      vertex -35 15 -0.0999994
      vertex 35 15 -0.0999994
    endloop
  endfacet
  facet normal 0 1 0
    outer loop
      vertex 35 15 0.0499992
      vertex -9 15 0
      vertex -9 15 0.0499992
    endloop
  endfacet
  facet normal 0 1 -0
    outer loop
      vertex 35 15 -0.0999994
      vertex -9 15 0
      vertex 35 15 0.0499992
    endloop
  endfacet
  facet normal 0 1 0
    outer loop
      vertex -35 15 -0.0999994
      vertex -9 15 0
      vertex 35 15 -0.0999994
    endloop
  endfacet
  facet normal 0 1 0
    outer loop
      vertex -9 15 0
      vertex -35 15 -0.0999994
      vertex -35 15 0
    endloop
  endfacet
  facet normal 0 1 -0
    outer loop
      vertex 9 9 -1
      vertex -9 9 -0.0999994
      vertex 9 9 -0.0999994
    endloop
  endfacet
  facet normal 0 1 0
    outer loop
      vertex -9 9 -0.0999994
      vertex 9 9 -1
      vertex -9 9 -1
    endloop
  endfacet
  facet normal 0 -1 0
    outer loop
      vertex 9 9 0
      vertex -9 9 0.0499992
      vertex -9 9 0
    endloop
  endfacet
  facet normal 0 -1 0
    outer loop
      vertex -9 9 0.0499992
      vertex 9 9 0
      vertex 35 9 0.0499992
    endloop
  endfacet
  facet normal 0 -1 0
    outer loop
      vertex 9 9 -0.0999994
      vertex 35 9 0.0499992
      vertex 9 9 0
    endloop
  endfacet
  facet normal 0 -1 -0
    outer loop
      vertex 35 9 0.0499992
      vertex 9 9 -0.0999994
      vertex 35 9 -0.0999994
    endloop
  endfacet
  facet normal 0 -1 0
    outer loop
      vertex -35 9 -0.0999994
      vertex -9 9 0
      vertex -35 9 0
    endloop
  endfacet
  facet normal 0 -1 -0
    outer loop
      vertex -9 9 0
      vertex -35 9 -0.0999994
      vertex -9 9 -0.0999994
    endloop
  endfacet
  facet normal 1 0 0
    outer loop
      vertex 9.6 4 1.3
      vertex 9.6 0 1.3
      vertex 9.6 4 0.2
    endloop
  endfacet
  facet normal 1 -0 0
    outer loop
      vertex 9.6 4 0.2
      vertex 9.6 4.1 0
      vertex 9.6 4.1 0.2
    endloop
  endfacet
  facet normal 1 0 0
    outer loop
      vertex 9.6 0 0.2
      vertex 9.6 4 0.2
      vertex 9.6 0 1.3
    endloop
  endfacet
  facet normal 1 0 0
    outer loop
      vertex 9.6 4 0.2
      vertex 9.6 0 0.2
      vertex 9.6 4.1 0
    endloop
  endfacet
  facet normal 1 0 0
    outer loop
      vertex 9.6 -0.0999994 0
      vertex 9.6 0 0.2
      vertex 9.6 -0.0999994 0.2
    endloop
  endfacet
  facet normal 1 0 0
    outer loop
      vertex 9.6 0 0.2
      vertex 9.6 -0.0999994 0
      vertex 9.6 4.1 0
    endloop
  endfacet
  facet normal 0 0 1
    outer loop
      vertex 9.4 3.9 1.3
      vertex 9.5 4 1.3
      vertex 9.5 4.1 1.3
    endloop
  endfacet
  facet normal 0 0 1
    outer loop
      vertex 9.5 4 1.3
      vertex 9.4 3.9 1.3
      vertex 9.5 0 1.3
    endloop
  endfacet
  facet normal -0 0 1
    outer loop
      vertex 9.4 0.1 1.3
      vertex 9.5 0 1.3
      vertex 9.4 3.9 1.3
    endloop
  endfacet
  facet normal -0 0 1
    outer loop
      vertex 6.5 4.1 1.3
      vertex 9.4 3.9 1.3
      vertex 9.5 4.1 1.3
    endloop
  endfacet
  facet normal 0 0 1
    outer loop
      vertex 9.4 3.9 1.3
      vertex 6.5 4.1 1.3
      vertex 6.5 3.9 1.3
    endloop
  endfacet
  facet normal -0 0 1
    outer loop
      vertex 9.5 4 1.3
      vertex 9.6 0 1.3
      vertex 9.6 4 1.3
    endloop
  endfacet
  facet normal 0 0 1
    outer loop
      vertex 9.6 0 1.3
      vertex 9.5 4 1.3
      vertex 9.5 0 1.3
    endloop
  endfacet
  facet normal 0 0 1
    outer loop
      vertex 9.5 0 1.3
      vertex 9.4 0.1 1.3
      vertex 9.5 -0.0999994 1.3
    endloop
  endfacet
  facet normal 0 0 1
    outer loop
      vertex 6.5 -0.0999994 1.3
      vertex 9.4 0.1 1.3
      vertex 6.5 0.1 1.3
    endloop
  endfacet
  facet normal 0 0 1
    outer loop
      vertex 9.4 0.1 1.3
      vertex 6.5 -0.0999994 1.3
      vertex 9.5 -0.0999994 1.3
    endloop
  endfacet
  facet normal -1 0 0
    outer loop
      vertex 9.4 0.1 0.2
      vertex 9.4 3.9 1.3
      vertex 9.4 3.9 0.2
    endloop
  endfacet
  facet normal -1 -0 0
    outer loop
      vertex 9.4 3.9 1.3
      vertex 9.4 0.1 0.2
      vertex 9.4 0.1 1.3
    endloop
  endfacet
  facet normal 0 1 -0
    outer loop
      vertex 9.6 4 0.2
      vertex 9.5 4 1.3
      vertex 9.6 4 1.3
    endloop
  endfacet
  facet normal 0 1 0
    outer loop
      vertex 9.5 4 1.3
      vertex 9.6 4 0.2
      vertex 9.5 4 0.2
    endloop
  endfacet
  facet normal 0 -1 0
    outer loop
      vertex 9.5 0 0.2
      vertex 9.6 0 1.3
      vertex 9.5 0 1.3
    endloop
  endfacet
  facet normal 0 -1 -0
    outer loop
      vertex 9.6 0 1.3
      vertex 9.5 0 0.2
      vertex 9.6 0 0.2
    endloop
  endfacet
  facet normal 1 -0 0
    outer loop
      vertex 9.5 -0.0999994 1.3
      vertex 9.5 0 0.2
      vertex 9.5 0 1.3
    endloop
  endfacet
  facet normal 1 0 0
    outer loop
      vertex 9.5 0 0.2
      vertex 9.5 -0.0999994 1.3
      vertex 9.5 -0.0999994 0.2
    endloop
  endfacet
  facet normal -1 0 0
    outer loop
      vertex 6.5 -0.0999994 0.2
      vertex 6.5 0.1 1.3
      vertex 6.5 0.1 0.2
    endloop
  endfacet
  facet normal -1 -0 0
    outer loop
      vertex 6.5 0.1 1.3
      vertex 6.5 -0.0999994 0.2
      vertex 6.5 -0.0999994 1.3
    endloop
  endfacet
  facet normal 0 1 -0
    outer loop
      vertex 9.4 0.1 0.2
      vertex 6.5 0.1 1.3
      vertex 9.4 0.1 1.3
    endloop
  endfacet
  facet normal 0 1 0
    outer loop
      vertex 6.5 0.1 1.3
      vertex 9.4 0.1 0.2
      vertex 6.5 0.1 0.2
    endloop
  endfacet
  facet normal 0 -1 0
    outer loop
      vertex 6.4 -0.0999994 0
      vertex 6.5 -0.0999994 0.2
      vertex 6.4 -0.0999994 0.2
    endloop
  endfacet
  facet normal 0 -1 -0
    outer loop
      vertex 6.5 -0.0999994 0.2
      vertex 6.4 -0.0999994 0
      vertex 9.5 -0.0999994 0.2
    endloop
  endfacet
  facet normal 0 -1 0
    outer loop
      vertex 9.6 -0.0999994 0
      vertex 9.5 -0.0999994 0.2
      vertex 6.4 -0.0999994 0
    endloop
  endfacet
  facet normal 0 -1 0
    outer loop
      vertex 9.5 -0.0999994 0.2
      vertex 9.6 -0.0999994 0
      vertex 9.6 -0.0999994 0.2
    endloop
  endfacet
  facet normal 0 -1 0
    outer loop
      vertex 6.5 -0.0999994 0.2
      vertex 9.5 -0.0999994 1.3
      vertex 6.5 -0.0999994 1.3
    endloop
  endfacet
  facet normal 0 -1 -0
    outer loop
      vertex 9.5 -0.0999994 1.3
      vertex 6.5 -0.0999994 0.2
      vertex 9.5 -0.0999994 0.2
    endloop
  endfacet
  facet normal 1 -0 0
    outer loop
      vertex 9.5 4 1.3
      vertex 9.5 4.1 0.2
      vertex 9.5 4.1 1.3
    endloop
  endfacet
  facet normal 1 0 0
    outer loop
      vertex 9.5 4.1 0.2
      vertex 9.5 4 1.3
      vertex 9.5 4 0.2
    endloop
  endfacet
  facet normal -1 0 0
    outer loop
      vertex 6.5 3.9 0.2
      vertex 6.5 4.1 1.3
      vertex 6.5 4.1 0.2
    endloop
  endfacet
  facet normal -1 -0 0
    outer loop
      vertex 6.5 4.1 1.3
      vertex 6.5 3.9 0.2
      vertex 6.5 3.9 1.3
    endloop
  endfacet
  facet normal 0 1 -0
    outer loop
      vertex 9.6 4.1 0
      vertex 9.5 4.1 0.2
      vertex 9.6 4.1 0.2
    endloop
  endfacet
  facet normal 0 1 0
    outer loop
      vertex 9.5 4.1 0.2
      vertex 9.6 4.1 0
      vertex 6.5 4.1 0.2
    endloop
  endfacet
  facet normal 0 1 0
    outer loop
      vertex 6.4 4.1 0
      vertex 6.5 4.1 0.2
      vertex 9.6 4.1 0
    endloop
  endfacet
  facet normal 0 1 0
    outer loop
      vertex 6.5 4.1 0.2
      vertex 6.4 4.1 0
      vertex 6.4 4.1 0.2
    endloop
  endfacet
  facet normal 0 1 -0
    outer loop
      vertex 9.5 4.1 0.2
      vertex 6.5 4.1 1.3
      vertex 9.5 4.1 1.3
    endloop
  endfacet
  facet normal 0 1 0
    outer loop
      vertex 6.5 4.1 1.3
      vertex 9.5 4.1 0.2
      vertex 6.5 4.1 0.2
    endloop
  endfacet
  facet normal 0 -1 0
    outer loop
      vertex 6.5 3.9 0.2
      vertex 9.4 3.9 1.3
      vertex 6.5 3.9 1.3
    endloop
  endfacet
  facet normal 0 -1 -0
    outer loop
      vertex 9.4 3.9 1.3
      vertex 6.5 3.9 0.2
      vertex 9.4 3.9 0.2
    endloop
  endfacet
  facet normal 1 -0 0
    outer loop
      vertex 7.7 0.400001 0.549999
      vertex 7.7 0.8 0.2
      vertex 7.7 0.8 0.549999
    endloop
  endfacet
  facet normal 1 0 0
    outer loop
      vertex 7.7 0.8 0.2
      vertex 7.7 0.400001 0.549999
      vertex 7.7 0.400001 0.2
    endloop
  endfacet
  facet normal -0 0 1
    outer loop
      vertex 7.3 0.8 0.549999
      vertex 7.7 0.400001 0.549999
      vertex 7.7 0.8 0.549999
    endloop
  endfacet
  facet normal 0 0 1
    outer loop
      vertex 7.7 0.400001 0.549999
      vertex 7.3 0.8 0.549999
      vertex 7.3 0.400001 0.549999
    endloop
  endfacet
  facet normal -1 0 0
    outer loop
      vertex 7.3 0.400001 0.2
      vertex 7.3 0.8 0.549999
      vertex 7.3 0.8 0.2
    endloop
  endfacet
  facet normal -1 -0 0
    outer loop
      vertex 7.3 0.8 0.549999
      vertex 7.3 0.400001 0.2
      vertex 7.3 0.400001 0.549999
    endloop
  endfacet
  facet normal 0 1 -0
    outer loop
      vertex 7.7 0.8 0.2
      vertex 7.3 0.8 0.549999
      vertex 7.7 0.8 0.549999
    endloop
  endfacet
  facet normal 0 1 0
    outer loop
      vertex 7.3 0.8 0.549999
      vertex 7.7 0.8 0.2
      vertex 7.3 0.8 0.2
    endloop
  endfacet
  facet normal 0 -1 0
    outer loop
      vertex 7.3 0.400001 0.2
      vertex 7.7 0.400001 0.549999
      vertex 7.3 0.400001 0.549999
    endloop
  endfacet
  facet normal 0 -1 -0
    outer loop
      vertex 7.7 0.400001 0.549999
      vertex 7.3 0.400001 0.2
      vertex 7.7 0.400001 0.2
    endloop
  endfacet
  facet normal 1 -0 0
    outer loop
      vertex 7.7 1.1 0.549999
      vertex 7.7 1.5 0.2
      vertex 7.7 1.5 0.549999
    endloop
  endfacet
  facet normal 1 0 0
    outer loop
      vertex 7.7 1.5 0.2
      vertex 7.7 1.1 0.549999
      vertex 7.7 1.1 0.2
    endloop
  endfacet
  facet normal -0 0 1
    outer loop
      vertex 7.3 1.5 0.549999
      vertex 7.7 1.1 0.549999
      vertex 7.7 1.5 0.549999
    endloop
  endfacet
  facet normal 0 0 1
    outer loop
      vertex 7.7 1.1 0.549999
      vertex 7.3 1.5 0.549999
      vertex 7.3 1.1 0.549999
    endloop
  endfacet
  facet normal -1 0 0
    outer loop
      vertex 7.3 1.1 0.2
      vertex 7.3 1.5 0.549999
      vertex 7.3 1.5 0.2
    endloop
  endfacet
  facet normal -1 -0 0
    outer loop
      vertex 7.3 1.5 0.549999
      vertex 7.3 1.1 0.2
      vertex 7.3 1.1 0.549999
    endloop
  endfacet
  facet normal 0 1 -0
    outer loop
      vertex 7.7 1.5 0.2
      vertex 7.3 1.5 0.549999
      vertex 7.7 1.5 0.549999
    endloop
  endfacet
  facet normal 0 1 0
    outer loop
      vertex 7.3 1.5 0.549999
      vertex 7.7 1.5 0.2
      vertex 7.3 1.5 0.2
    endloop
  endfacet
  facet normal 0 -1 0
    outer loop
      vertex 7.3 1.1 0.2
      vertex 7.7 1.1 0.549999
      vertex 7.3 1.1 0.549999
    endloop
  endfacet
  facet normal 0 -1 -0
    outer loop
      vertex 7.7 1.1 0.549999
      vertex 7.3 1.1 0.2
      vertex 7.7 1.1 0.2
    endloop
  endfacet
  facet normal 1 -0 0
    outer loop
      vertex 7.7 1.8 0.549999
      vertex 7.7 2.2 0.2
      vertex 7.7 2.2 0.549999
    endloop
  endfacet
  facet normal 1 0 0
    outer loop
      vertex 7.7 2.2 0.2
      vertex 7.7 1.8 0.549999
      vertex 7.7 1.8 0.2
    endloop
  endfacet
  facet normal -0 0 1
    outer loop
      vertex 7.3 2.2 0.549999
      vertex 7.7 1.8 0.549999
      vertex 7.7 2.2 0.549999
    endloop
  endfacet
  facet normal 0 0 1
    outer loop
      vertex 7.7 1.8 0.549999
      vertex 7.3 2.2 0.549999
      vertex 7.3 1.8 0.549999
    endloop
  endfacet
  facet normal -1 0 0
    outer loop
      vertex 7.3 1.8 0.2
      vertex 7.3 2.2 0.549999
      vertex 7.3 2.2 0.2
    endloop
  endfacet
  facet normal -1 -0 0
    outer loop
      vertex 7.3 2.2 0.549999
      vertex 7.3 1.8 0.2
      vertex 7.3 1.8 0.549999
    endloop
  endfacet
  facet normal 0 1 -0
    outer loop
      vertex 7.7 2.2 0.2
      vertex 7.3 2.2 0.549999
      vertex 7.7 2.2 0.549999
    endloop
  endfacet
  facet normal 0 1 0
    outer loop
      vertex 7.3 2.2 0.549999
      vertex 7.7 2.2 0.2
      vertex 7.3 2.2 0.2
    endloop
  endfacet
  facet normal 0 -1 0
    outer loop
      vertex 7.3 1.8 0.2
      vertex 7.7 1.8 0.549999
      vertex 7.3 1.8 0.549999
    endloop
  endfacet
  facet normal 0 -1 -0
    outer loop
      vertex 7.7 1.8 0.549999
      vertex 7.3 1.8 0.2
      vertex 7.7 1.8 0.2
    endloop
  endfacet
  facet normal 1 -0 0
    outer loop
      vertex 7.7 2.5 0.549999
      vertex 7.7 2.9 0.2
      vertex 7.7 2.9 0.549999
    endloop
  endfacet
  facet normal 1 0 0
    outer loop
      vertex 7.7 2.9 0.2
      vertex 7.7 2.5 0.549999
      vertex 7.7 2.5 0.2
    endloop
  endfacet
  facet normal -0 0 1
    outer loop
      vertex 7.3 2.9 0.549999
      vertex 7.7 2.5 0.549999
      vertex 7.7 2.9 0.549999
    endloop
  endfacet
  facet normal 0 0 1
    outer loop
      vertex 7.7 2.5 0.549999
      vertex 7.3 2.9 0.549999
      vertex 7.3 2.5 0.549999
    endloop
  endfacet
  facet normal -1 0 0
    outer loop
      vertex 7.3 2.5 0.2
      vertex 7.3 2.9 0.549999
      vertex 7.3 2.9 0.2
    endloop
  endfacet
  facet normal -1 -0 0
    outer loop
      vertex 7.3 2.9 0.549999
      vertex 7.3 2.5 0.2
      vertex 7.3 2.5 0.549999
    endloop
  endfacet
  facet normal 0 1 -0
    outer loop
      vertex 7.7 2.9 0.2
      vertex 7.3 2.9 0.549999
      vertex 7.7 2.9 0.549999
    endloop
  endfacet
  facet normal 0 1 0
    outer loop
      vertex 7.3 2.9 0.549999
      vertex 7.7 2.9 0.2
      vertex 7.3 2.9 0.2
    endloop
  endfacet
  facet normal 0 -1 0
    outer loop
      vertex 7.3 2.5 0.2
      vertex 7.7 2.5 0.549999
      vertex 7.3 2.5 0.549999
    endloop
  endfacet
  facet normal 0 -1 -0
    outer loop
      vertex 7.7 2.5 0.549999
      vertex 7.3 2.5 0.2
      vertex 7.7 2.5 0.2
    endloop
  endfacet
  facet normal 1 -0 0
    outer loop
      vertex 7.7 3.2 0.549999
      vertex 7.7 3.6 0.2
      vertex 7.7 3.6 0.549999
    endloop
  endfacet
  facet normal 1 0 0
    outer loop
      vertex 7.7 3.6 0.2
      vertex 7.7 3.2 0.549999
      vertex 7.7 3.2 0.2
    endloop
  endfacet
  facet normal -0 0 1
    outer loop
      vertex 7.3 3.6 0.549999
      vertex 7.7 3.2 0.549999
      vertex 7.7 3.6 0.549999
    endloop
  endfacet
  facet normal 0 0 1
    outer loop
      vertex 7.7 3.2 0.549999
      vertex 7.3 3.6 0.549999
      vertex 7.3 3.2 0.549999
    endloop
  endfacet
  facet normal -1 0 0
    outer loop
      vertex 7.3 3.2 0.2
      vertex 7.3 3.6 0.549999
      vertex 7.3 3.6 0.2
    endloop
  endfacet
  facet normal -1 -0 0
    outer loop
      vertex 7.3 3.6 0.549999
      vertex 7.3 3.2 0.2
      vertex 7.3 3.2 0.549999
    endloop
  endfacet
  facet normal 0 1 -0
    outer loop
      vertex 7.7 3.6 0.2
      vertex 7.3 3.6 0.549999
      vertex 7.7 3.6 0.549999
    endloop
  endfacet
  facet normal 0 1 0
    outer loop
      vertex 7.3 3.6 0.549999
      vertex 7.7 3.6 0.2
      vertex 7.3 3.6 0.2
    endloop
  endfacet
  facet normal 0 -1 0
    outer loop
      vertex 7.3 3.2 0.2
      vertex 7.7 3.2 0.549999
      vertex 7.3 3.2 0.549999
    endloop
  endfacet
  facet normal 0 -1 -0
    outer loop
      vertex 7.7 3.2 0.549999
      vertex 7.3 3.2 0.2
      vertex 7.7 3.2 0.2
    endloop
  endfacet
  facet normal 0 0.243255 -0.969962
    outer loop
      vertex 8.45 0.608708 0.821293
      vertex 8.72572 0.605853 0.820577
      vertex 8.45 0.605853 0.820577
    endloop
  endfacet
  facet normal -7.59713e-07 0.243186 -0.96998
    outer loop
      vertex 8.72572 0.605853 0.820577
      vertex 8.45 0.608708 0.821293
      vertex 8.72608 0.607257 0.820929
    endloop
  endfacet
  facet normal 0 0.243322 -0.969946
    outer loop
      vertex 8.72608 0.607257 0.820929
      vertex 8.45 0.608708 0.821293
      vertex 8.72659 0.608708 0.821293
    endloop
  endfacet
  facet normal 0 -0.941634 -0.336638
    outer loop
      vertex 8.45 0.572284 0.83852
      vertex 8.75 0.571293 0.841292
      vertex 8.45 0.571293 0.841292
    endloop
  endfacet
  facet normal 0 -0.941634 -0.336638
    outer loop
      vertex 8.75 0.571293 0.841292
      vertex 8.45 0.572284 0.83852
      vertex 8.75 0.572284 0.83852
    endloop
  endfacet
  facet normal 0 0.740908 0.671607
    outer loop
      vertex 8.75 0.62319 0.869032
      vertex 8.45 0.621213 0.871213
      vertex 8.75 0.621213 0.871213
    endloop
  endfacet
  facet normal 0 0.740908 0.671607
    outer loop
      vertex 8.45 0.621213 0.871213
      vertex 8.75 0.62319 0.869032
      vertex 8.45 0.62319 0.869032
    endloop
  endfacet
  facet normal 0 -0.242935 0.970042
    outer loop
      vertex 8.45 0.594147 0.879423
      vertex 8.75 0.591292 0.878708
      vertex 8.75 0.594147 0.879423
    endloop
  endfacet
  facet normal 0 -0.242935 0.970042
    outer loop
      vertex 8.75 0.591292 0.878708
      vertex 8.45 0.594147 0.879423
      vertex 8.45 0.591292 0.878708
    endloop
  endfacet
  facet normal 0 0.0492599 -0.998786
    outer loop
      vertex 8.45 0.60294 0.820145
      vertex 8.725 0.6 0.82
      vertex 8.45 0.6 0.82
    endloop
  endfacet
  facet normal 7.26007e-07 0.0493276 -0.998783
    outer loop
      vertex 8.725 0.6 0.82
      vertex 8.45 0.60294 0.820145
      vertex 8.72512 0.60245 0.820121
    endloop
  endfacet
  facet normal 0 0.0489209 -0.998803
    outer loop
      vertex 8.72512 0.60245 0.820121
      vertex 8.45 0.60294 0.820145
      vertex 8.72519 0.60294 0.820145
    endloop
  endfacet
  facet normal 0 -0.969962 0.243255
    outer loop
      vertex 8.45 0.570577 0.855853
      vertex 8.75 0.571293 0.858708
      vertex 8.45 0.571293 0.858708
    endloop
  endfacet
  facet normal 0 -0.969962 0.243255
    outer loop
      vertex 8.75 0.571293 0.858708
      vertex 8.45 0.570577 0.855853
      vertex 8.75 0.570577 0.855853
    endloop
  endfacet
  facet normal 0 -0.857643 0.514246
    outer loop
      vertex 8.45 0.573543 0.864141
      vertex 8.75 0.575057 0.866666
      vertex 8.45 0.575057 0.866666
    endloop
  endfacet
  facet normal 0 -0.857643 0.514246
    outer loop
      vertex 8.75 0.575057 0.866666
      vertex 8.45 0.573543 0.864141
      vertex 8.75 0.573543 0.864141
    endloop
  endfacet
  facet normal -0 0.671607 0.740908
    outer loop
      vertex 8.45 0.621213 0.871213
      vertex 8.75 0.619032 0.87319
      vertex 8.75 0.621213 0.871213
    endloop
  endfacet
  facet normal 0 0.671607 0.740908
    outer loop
      vertex 8.75 0.619032 0.87319
      vertex 8.45 0.621213 0.871213
      vertex 8.45 0.619032 0.87319
    endloop
  endfacet
  facet normal 0 0.427677 -0.903931
    outer loop
      vertex 8.45 0.614141 0.823543
      vertex 8.72781 0.61148 0.822284
      vertex 8.45 0.61148 0.822284
    endloop
  endfacet
  facet normal -8.61728e-06 0.426942 -0.904279
    outer loop
      vertex 8.72781 0.61148 0.822284
      vertex 8.45 0.614141 0.823543
      vertex 8.72795 0.611785 0.822428
    endloop
  endfacet
  facet normal 2.66285e-06 0.42803 -0.903765
    outer loop
      vertex 8.72795 0.611785 0.822428
      vertex 8.45 0.614141 0.823543
      vertex 8.72921 0.613888 0.823424
    endloop
  endfacet
  facet normal 0 0.425625 -0.9049
    outer loop
      vertex 8.72921 0.613888 0.823424
      vertex 8.45 0.614141 0.823543
      vertex 8.7294 0.614141 0.823543
    endloop
  endfacet
  facet normal 0 0.941527 0.336939
    outer loop
      vertex 8.75 0.628708 0.858708
      vertex 8.45 0.627716 0.86148
      vertex 8.75 0.627716 0.86148
    endloop
  endfacet
  facet normal 0 0.941527 0.336939
    outer loop
      vertex 8.45 0.627716 0.86148
      vertex 8.75 0.628708 0.858708
      vertex 8.45 0.628708 0.858708
    endloop
  endfacet
  facet normal 0 -0.998786 -0.0492599
    outer loop
      vertex 8.45 0.570145 0.84706
      vertex 8.75 0.57 0.85
      vertex 8.45 0.57 0.85
    endloop
  endfacet
  facet normal 0 -0.998786 -0.0492599
    outer loop
      vertex 8.75 0.57 0.85
      vertex 8.45 0.570145 0.84706
      vertex 8.75 0.570145 0.84706
    endloop
  endfacet
  facet normal 1 0 0
    outer loop
      vertex 8.75 0.625 0.845001
      vertex 8.75 0.63 0.85
      vertex 8.75 0.629855 0.85294
    endloop
  endfacet
  facet normal 1 0 0
    outer loop
      vertex 8.75 0.625 0.845001
      vertex 8.75 0.629855 0.85294
      vertex 8.75 0.629423 0.855853
    endloop
  endfacet
  facet normal 1 0 0
    outer loop
      vertex 8.75 0.63 0.85
      vertex 8.75 0.625 0.845001
      vertex 8.75 0.629855 0.84706
    endloop
  endfacet
  facet normal 1 0 0
    outer loop
      vertex 8.75 0.625 0.845001
      vertex 8.75 0.629423 0.855853
      vertex 8.75 0.628708 0.858708
    endloop
  endfacet
  facet normal 1 0 0
    outer loop
      vertex 8.75 0.629855 0.84706
      vertex 8.75 0.625 0.845001
      vertex 8.75 0.629423 0.844147
    endloop
  endfacet
  facet normal 1 0 0
    outer loop
      vertex 8.75 0.625 0.845001
      vertex 8.75 0.628708 0.858708
      vertex 8.75 0.627716 0.86148
    endloop
  endfacet
  facet normal 1 0 0
    outer loop
      vertex 8.75 0.629423 0.844147
      vertex 8.75 0.625 0.845001
      vertex 8.75 0.628708 0.841292
    endloop
  endfacet
  facet normal 1 0 0
    outer loop
      vertex 8.75 0.625 0.845001
      vertex 8.75 0.627716 0.86148
      vertex 8.75 0.626457 0.864141
    endloop
  endfacet
  facet normal 1 0 0
    outer loop
      vertex 8.75 0.628708 0.841292
      vertex 8.75 0.625 0.845001
      vertex 8.75 0.627716 0.83852
    endloop
  endfacet
  facet normal 1 0 0
    outer loop
      vertex 8.75 0.627716 0.83852
      vertex 8.75 0.625 0.845001
      vertex 8.75 0.626457 0.835859
    endloop
  endfacet
  facet normal 1 0 0
    outer loop
      vertex 8.75 0.624943 0.866666
      vertex 8.75 0.625 0.845001
      vertex 8.75 0.626457 0.864141
    endloop
  endfacet
  facet normal 1 0 0
    outer loop
      vertex 8.75 0.62319 0.869032
      vertex 8.75 0.625 0.845001
      vertex 8.75 0.624943 0.866666
    endloop
  endfacet
  facet normal 1 0 0
    outer loop
      vertex 8.75 0.621213 0.871213
      vertex 8.75 0.625 0.845001
      vertex 8.75 0.62319 0.869032
    endloop
  endfacet
  facet normal 1 0 0
    outer loop
      vertex 8.75 0.619032 0.87319
      vertex 8.75 0.625 0.845001
      vertex 8.75 0.621213 0.871213
    endloop
  endfacet
  facet normal 1 0 0
    outer loop
      vertex 8.75 0.616666 0.874943
      vertex 8.75 0.625 0.845001
      vertex 8.75 0.619032 0.87319
    endloop
  endfacet
  facet normal 1 0 0
    outer loop
      vertex 8.75 0.614141 0.876457
      vertex 8.75 0.625 0.845001
      vertex 8.75 0.616666 0.874943
    endloop
  endfacet
  facet normal 1 0 0
    outer loop
      vertex 8.75 0.61148 0.877716
      vertex 8.75 0.625 0.845001
      vertex 8.75 0.614141 0.876457
    endloop
  endfacet
  facet normal 1 0 0
    outer loop
      vertex 8.75 0.608708 0.878708
      vertex 8.75 0.625 0.845001
      vertex 8.75 0.61148 0.877716
    endloop
  endfacet
  facet normal 1 0 0
    outer loop
      vertex 8.75 0.605853 0.879423
      vertex 8.75 0.625 0.845001
      vertex 8.75 0.608708 0.878708
    endloop
  endfacet
  facet normal 1 0 0
    outer loop
      vertex 8.75 0.60294 0.879855
      vertex 8.75 0.625 0.845001
      vertex 8.75 0.605853 0.879423
    endloop
  endfacet
  facet normal 1 0 0
    outer loop
      vertex 8.75 0.6 0.88
      vertex 8.75 0.625 0.845001
      vertex 8.75 0.60294 0.879855
    endloop
  endfacet
  facet normal 1 -0 0
    outer loop
      vertex 8.75 0.59706 0.879855
      vertex 8.75 0.625 0.845001
      vertex 8.75 0.6 0.88
    endloop
  endfacet
  facet normal 1 0 0
    outer loop
      vertex 8.75 0.575 0.845001
      vertex 8.75 0.59706 0.879855
      vertex 8.75 0.594147 0.879423
    endloop
  endfacet
  facet normal 1 0 0
    outer loop
      vertex 8.75 0.575 0.845001
      vertex 8.75 0.594147 0.879423
      vertex 8.75 0.591292 0.878708
    endloop
  endfacet
  facet normal 1 0 0
    outer loop
      vertex 8.75 0.575 0.845001
      vertex 8.75 0.591292 0.878708
      vertex 8.75 0.58852 0.877716
    endloop
  endfacet
  facet normal 1 0 0
    outer loop
      vertex 8.75 0.575 0.845001
      vertex 8.75 0.58852 0.877716
      vertex 8.75 0.585859 0.876457
    endloop
  endfacet
  facet normal 1 0 0
    outer loop
      vertex 8.75 0.575 0.845001
      vertex 8.75 0.585859 0.876457
      vertex 8.75 0.583334 0.874943
    endloop
  endfacet
  facet normal 1 0 0
    outer loop
      vertex 8.75 0.575 0.845001
      vertex 8.75 0.583334 0.874943
      vertex 8.75 0.580968 0.87319
    endloop
  endfacet
  facet normal 1 0 0
    outer loop
      vertex 8.75 0.575 0.845001
      vertex 8.75 0.580968 0.87319
      vertex 8.75 0.578787 0.871213
    endloop
  endfacet
  facet normal 1 0 0
    outer loop
      vertex 8.75 0.575 0.845001
      vertex 8.75 0.578787 0.871213
      vertex 8.75 0.57681 0.869032
    endloop
  endfacet
  facet normal 1 0 0
    outer loop
      vertex 8.75 0.575 0.845001
      vertex 8.75 0.57681 0.869032
      vertex 8.75 0.575057 0.866666
    endloop
  endfacet
  facet normal 1 0 0
    outer loop
      vertex 8.75 0.59706 0.879855
      vertex 8.75 0.575 0.845001
      vertex 8.75 0.625 0.845001
    endloop
  endfacet
  facet normal 1 -0 0
    outer loop
      vertex 8.75 0.573543 0.864141
      vertex 8.75 0.575 0.845001
      vertex 8.75 0.575057 0.866666
    endloop
  endfacet
  facet normal 1 -0 0
    outer loop
      vertex 8.75 0.572284 0.86148
      vertex 8.75 0.575 0.845001
      vertex 8.75 0.573543 0.864141
    endloop
  endfacet
  facet normal 1 0 0
    outer loop
      vertex 8.75 0.575 0.845001
      vertex 8.75 0.573543 0.835859
      vertex 8.75 0.575 0.833427
    endloop
  endfacet
  facet normal 1 -0 0
    outer loop
      vertex 8.75 0.571293 0.858708
      vertex 8.75 0.575 0.845001
      vertex 8.75 0.572284 0.86148
    endloop
  endfacet
  facet normal 1 0 0
    outer loop
      vertex 8.75 0.575 0.845001
      vertex 8.75 0.572284 0.83852
      vertex 8.75 0.573543 0.835859
    endloop
  endfacet
  facet normal 1 -0 0
    outer loop
      vertex 8.75 0.570577 0.855853
      vertex 8.75 0.575 0.845001
      vertex 8.75 0.571293 0.858708
    endloop
  endfacet
  facet normal 1 0 0
    outer loop
      vertex 8.75 0.575 0.845001
      vertex 8.75 0.571293 0.841292
      vertex 8.75 0.572284 0.83852
    endloop
  endfacet
  facet normal 1 -0 0
    outer loop
      vertex 8.75 0.570145 0.85294
      vertex 8.75 0.575 0.845001
      vertex 8.75 0.570577 0.855853
    endloop
  endfacet
  facet normal 1 0 0
    outer loop
      vertex 8.75 0.575 0.845001
      vertex 8.75 0.570577 0.844147
      vertex 8.75 0.571293 0.841292
    endloop
  endfacet
  facet normal 1 -0 0
    outer loop
      vertex 8.75 0.57 0.85
      vertex 8.75 0.575 0.845001
      vertex 8.75 0.570145 0.85294
    endloop
  endfacet
  facet normal 1 0 0
    outer loop
      vertex 8.75 0.575 0.845001
      vertex 8.75 0.570145 0.84706
      vertex 8.75 0.570577 0.844147
    endloop
  endfacet
  facet normal 1 0 0
    outer loop
      vertex 8.75 0.575 0.845001
      vertex 8.75 0.57 0.85
      vertex 8.75 0.570145 0.84706
    endloop
  endfacet
  facet normal 1 0 0
    outer loop
      vertex 8.75 0.626457 0.835859
      vertex 8.75 0.625 0.845001
      vertex 8.75 0.625 0.833427
    endloop
  endfacet
  facet normal 0 0.998786 0.0492599
    outer loop
      vertex 8.75 0.63 0.85
      vertex 8.45 0.629855 0.85294
      vertex 8.75 0.629855 0.85294
    endloop
  endfacet
  facet normal 0 0.998786 0.0492599
    outer loop
      vertex 8.45 0.629855 0.85294
      vertex 8.75 0.63 0.85
      vertex 8.45 0.63 0.85
    endloop
  endfacet
  facet normal 0 0.989182 0.146696
    outer loop
      vertex 8.75 0.629855 0.85294
      vertex 8.45 0.629423 0.855853
      vertex 8.75 0.629423 0.855853
    endloop
  endfacet
  facet normal 0 0.989182 0.146696
    outer loop
      vertex 8.45 0.629423 0.855853
      vertex 8.75 0.629855 0.85294
      vertex 8.45 0.629855 0.85294
    endloop
  endfacet
  facet normal 0 -0.805521 -0.592567
    outer loop
      vertex 8.45 0.575057 0.833334
      vertex 8.74755 0.575121 0.833247
      vertex 8.74885 0.575057 0.833334
    endloop
  endfacet
  facet normal -1.19851e-06 -0.80356 -0.595224
    outer loop
      vertex 8.45 0.575057 0.833334
      vertex 8.74512 0.575481 0.832761
      vertex 8.74755 0.575121 0.833247
    endloop
  endfacet
  facet normal -2.06021e-06 -0.803348 -0.59551
    outer loop
      vertex 8.45 0.575057 0.833334
      vertex 8.74274 0.576077 0.831957
      vertex 8.74512 0.575481 0.832761
    endloop
  endfacet
  facet normal -0 -0.803491 -0.595317
    outer loop
      vertex 8.74069 0.57681 0.830968
      vertex 8.45 0.575057 0.833334
      vertex 8.45 0.57681 0.830968
    endloop
  endfacet
  facet normal -1.54171e-06 -0.8034 -0.595439
    outer loop
      vertex 8.45 0.575057 0.833334
      vertex 8.74069 0.57681 0.830968
      vertex 8.74274 0.576077 0.831957
    endloop
  endfacet
  facet normal 0 0.989182 -0.146696
    outer loop
      vertex 8.75 0.629423 0.844147
      vertex 8.45 0.629855 0.84706
      vertex 8.75 0.629855 0.84706
    endloop
  endfacet
  facet normal 0 0.989182 -0.146696
    outer loop
      vertex 8.45 0.629855 0.84706
      vertex 8.75 0.629423 0.844147
      vertex 8.45 0.629423 0.844147
    endloop
  endfacet
  facet normal -0.000957887 0.857835 -0.513925
    outer loop
      vertex 8.74885 0.624943 0.833334
      vertex 8.75 0.626457 0.835859
      vertex 8.75 0.625 0.833427
    endloop
  endfacet
  facet normal 0 0.857643 -0.514246
    outer loop
      vertex 8.75 0.626457 0.835859
      vertex 8.74885 0.624943 0.833334
      vertex 8.45 0.626457 0.835859
    endloop
  endfacet
  facet normal 0 0.857643 -0.514246
    outer loop
      vertex 8.45 0.626457 0.835859
      vertex 8.74885 0.624943 0.833334
      vertex 8.45 0.624943 0.833334
    endloop
  endfacet
  facet normal 0 -0.0492599 0.998786
    outer loop
      vertex 8.45 0.6 0.88
      vertex 8.75 0.59706 0.879855
      vertex 8.75 0.6 0.88
    endloop
  endfacet
  facet normal 0 -0.0492599 0.998786
    outer loop
      vertex 8.75 0.59706 0.879855
      vertex 8.45 0.6 0.88
      vertex 8.45 0.59706 0.879855
    endloop
  endfacet
  facet normal -0 0.427677 0.903931
    outer loop
      vertex 8.45 0.614141 0.876457
      vertex 8.75 0.61148 0.877716
      vertex 8.75 0.614141 0.876457
    endloop
  endfacet
  facet normal 0 0.427677 0.903931
    outer loop
      vertex 8.75 0.61148 0.877716
      vertex 8.45 0.614141 0.876457
      vertex 8.45 0.61148 0.877716
    endloop
  endfacet
  facet normal 0 -0.243164 -0.969985
    outer loop
      vertex 8.45 0.591292 0.821293
      vertex 8.72608 0.592744 0.820929
      vertex 8.72659 0.591292 0.821293
    endloop
  endfacet
  facet normal 1.0303e-06 -0.243349 -0.969939
    outer loop
      vertex 8.45 0.591292 0.821293
      vertex 8.72572 0.594147 0.820577
      vertex 8.72608 0.592744 0.820929
    endloop
  endfacet
  facet normal -0 -0.243255 -0.969962
    outer loop
      vertex 8.72572 0.594147 0.820577
      vertex 8.45 0.591292 0.821293
      vertex 8.45 0.594147 0.820577
    endloop
  endfacet
  facet normal 0 0.738641 -0.674099
    outer loop
      vertex 8.74043 0.623096 0.830865
      vertex 8.45 0.62319 0.830968
      vertex 8.74069 0.62319 0.830968
    endloop
  endfacet
  facet normal 1.58774e-06 0.740866 -0.671653
    outer loop
      vertex 8.73822 0.622048 0.829709
      vertex 8.45 0.62319 0.830968
      vertex 8.74043 0.623096 0.830865
    endloop
  endfacet
  facet normal 4.59685e-06 0.741208 -0.671275
    outer loop
      vertex 8.73682 0.621213 0.828787
      vertex 8.45 0.62319 0.830968
      vertex 8.73822 0.622048 0.829709
    endloop
  endfacet
  facet normal 0 0.740908 -0.671607
    outer loop
      vertex 8.45 0.62319 0.830968
      vertex 8.73682 0.621213 0.828787
      vertex 8.45 0.621213 0.828787
    endloop
  endfacet
  facet normal 0 0.595317 -0.803491
    outer loop
      vertex 8.45 0.619032 0.82681
      vertex 8.73141 0.616666 0.825057
      vertex 8.45 0.616666 0.825057
    endloop
  endfacet
  facet normal -4.17653e-07 0.595285 -0.803515
    outer loop
      vertex 8.73141 0.616666 0.825057
      vertex 8.45 0.619032 0.82681
      vertex 8.73232 0.617677 0.825806
    endloop
  endfacet
  facet normal 0 0.595341 -0.803473
    outer loop
      vertex 8.73232 0.617677 0.825806
      vertex 8.45 0.619032 0.82681
      vertex 8.73382 0.619032 0.82681
    endloop
  endfacet
  facet normal 0 0.805521 -0.592567
    outer loop
      vertex 8.74755 0.624879 0.833247
      vertex 8.45 0.624943 0.833334
      vertex 8.74885 0.624943 0.833334
    endloop
  endfacet
  facet normal -1.19851e-06 0.80356 -0.595224
    outer loop
      vertex 8.74512 0.624519 0.832761
      vertex 8.45 0.624943 0.833334
      vertex 8.74755 0.624879 0.833247
    endloop
  endfacet
  facet normal -2.06021e-06 0.803348 -0.59551
    outer loop
      vertex 8.74274 0.623923 0.831957
      vertex 8.45 0.624943 0.833334
      vertex 8.74512 0.624519 0.832761
    endloop
  endfacet
  facet normal -1.54171e-06 0.8034 -0.595439
    outer loop
      vertex 8.74069 0.62319 0.830968
      vertex 8.45 0.624943 0.833334
      vertex 8.74274 0.623923 0.831957
    endloop
  endfacet
  facet normal 0 0.803491 -0.595317
    outer loop
      vertex 8.45 0.624943 0.833334
      vertex 8.74069 0.62319 0.830968
      vertex 8.45 0.62319 0.830968
    endloop
  endfacet
  facet normal 0 0.803491 0.595317
    outer loop
      vertex 8.75 0.624943 0.866666
      vertex 8.45 0.62319 0.869032
      vertex 8.75 0.62319 0.869032
    endloop
  endfacet
  facet normal 0 0.803491 0.595317
    outer loop
      vertex 8.45 0.62319 0.869032
      vertex 8.75 0.624943 0.866666
      vertex 8.45 0.624943 0.866666
    endloop
  endfacet
  facet normal 0 0.903931 -0.427677
    outer loop
      vertex 8.75 0.626457 0.835859
      vertex 8.45 0.627716 0.83852
      vertex 8.75 0.627716 0.83852
    endloop
  endfacet
  facet normal 0 0.903931 -0.427677
    outer loop
      vertex 8.45 0.627716 0.83852
      vertex 8.75 0.626457 0.835859
      vertex 8.45 0.626457 0.835859
    endloop
  endfacet
  facet normal 0 -0.857643 -0.514246
    outer loop
      vertex 8.74885 0.575057 0.833334
      vertex 8.75 0.573543 0.835859
      vertex 8.45 0.573543 0.835859
    endloop
  endfacet
  facet normal -0 -0.857643 -0.514246
    outer loop
      vertex 8.74885 0.575057 0.833334
      vertex 8.45 0.573543 0.835859
      vertex 8.45 0.575057 0.833334
    endloop
  endfacet
  facet normal -0.000957887 -0.857835 -0.513925
    outer loop
      vertex 8.75 0.573543 0.835859
      vertex 8.74885 0.575057 0.833334
      vertex 8.75 0.575 0.833427
    endloop
  endfacet
  facet normal 0 0.146696 -0.989182
    outer loop
      vertex 8.45 0.605853 0.820577
      vertex 8.72519 0.60294 0.820145
      vertex 8.45 0.60294 0.820145
    endloop
  endfacet
  facet normal 4.0018e-06 0.147066 -0.989127
    outer loop
      vertex 8.72519 0.60294 0.820145
      vertex 8.45 0.605853 0.820577
      vertex 8.72548 0.604877 0.820433
    endloop
  endfacet
  facet normal 0 0.145961 -0.98929
    outer loop
      vertex 8.72548 0.604877 0.820433
      vertex 8.45 0.605853 0.820577
      vertex 8.72572 0.605853 0.820577
    endloop
  endfacet
  facet normal 0 -0.145961 -0.98929
    outer loop
      vertex 8.45 0.594147 0.820577
      vertex 8.72548 0.595123 0.820433
      vertex 8.72572 0.594147 0.820577
    endloop
  endfacet
  facet normal 4.0018e-06 -0.147066 -0.989127
    outer loop
      vertex 8.45 0.594147 0.820577
      vertex 8.72519 0.59706 0.820145
      vertex 8.72548 0.595123 0.820433
    endloop
  endfacet
  facet normal -0 -0.146696 -0.989182
    outer loop
      vertex 8.72519 0.59706 0.820145
      vertex 8.45 0.594147 0.820577
      vertex 8.45 0.59706 0.820145
    endloop
  endfacet
  facet normal -0 0.336939 0.941527
    outer loop
      vertex 8.45 0.61148 0.877716
      vertex 8.75 0.608708 0.878708
      vertex 8.75 0.61148 0.877716
    endloop
  endfacet
  facet normal 0 0.336939 0.941527
    outer loop
      vertex 8.75 0.608708 0.878708
      vertex 8.45 0.61148 0.877716
      vertex 8.45 0.608708 0.878708
    endloop
  endfacet
  facet normal 0 -0.425625 -0.9049
    outer loop
      vertex 8.45 0.585859 0.823543
      vertex 8.72921 0.586112 0.823424
      vertex 8.7294 0.585859 0.823543
    endloop
  endfacet
  facet normal 2.66285e-06 -0.42803 -0.903765
    outer loop
      vertex 8.45 0.585859 0.823543
      vertex 8.72795 0.588215 0.822428
      vertex 8.72921 0.586112 0.823424
    endloop
  endfacet
  facet normal -8.61728e-06 -0.426942 -0.904279
    outer loop
      vertex 8.45 0.585859 0.823543
      vertex 8.72781 0.58852 0.822284
      vertex 8.72795 0.588215 0.822428
    endloop
  endfacet
  facet normal -0 -0.427677 -0.903931
    outer loop
      vertex 8.72781 0.58852 0.822284
      vertex 8.45 0.585859 0.823543
      vertex 8.45 0.58852 0.822284
    endloop
  endfacet
  facet normal 0 0.970042 -0.242935
    outer loop
      vertex 8.75 0.628708 0.841292
      vertex 8.45 0.629423 0.844147
      vertex 8.75 0.629423 0.844147
    endloop
  endfacet
  facet normal 0 0.970042 -0.242935
    outer loop
      vertex 8.45 0.629423 0.844147
      vertex 8.75 0.628708 0.841292
      vertex 8.45 0.628708 0.841292
    endloop
  endfacet
  facet normal 0 -0.0489209 -0.998803
    outer loop
      vertex 8.45 0.59706 0.820145
      vertex 8.72512 0.59755 0.820121
      vertex 8.72519 0.59706 0.820145
    endloop
  endfacet
  facet normal 7.26007e-07 -0.0493276 -0.998783
    outer loop
      vertex 8.45 0.59706 0.820145
      vertex 8.725 0.6 0.82
      vertex 8.72512 0.59755 0.820121
    endloop
  endfacet
  facet normal -0 -0.0492599 -0.998786
    outer loop
      vertex 8.725 0.6 0.82
      vertex 8.45 0.59706 0.820145
      vertex 8.45 0.6 0.82
    endloop
  endfacet
  facet normal 0 -0.336939 0.941527
    outer loop
      vertex 8.45 0.591292 0.878708
      vertex 8.75 0.58852 0.877716
      vertex 8.75 0.591292 0.878708
    endloop
  endfacet
  facet normal 0 -0.336939 0.941527
    outer loop
      vertex 8.75 0.58852 0.877716
      vertex 8.45 0.591292 0.878708
      vertex 8.45 0.58852 0.877716
    endloop
  endfacet
  facet normal 0 -0.427677 0.903931
    outer loop
      vertex 8.45 0.58852 0.877716
      vertex 8.75 0.585859 0.876457
      vertex 8.75 0.58852 0.877716
    endloop
  endfacet
  facet normal 0 -0.427677 0.903931
    outer loop
      vertex 8.75 0.585859 0.876457
      vertex 8.45 0.58852 0.877716
      vertex 8.45 0.585859 0.876457
    endloop
  endfacet
  facet normal 0 -0.969962 -0.243255
    outer loop
      vertex 8.45 0.571293 0.841292
      vertex 8.75 0.570577 0.844147
      vertex 8.45 0.570577 0.844147
    endloop
  endfacet
  facet normal 0 -0.969962 -0.243255
    outer loop
      vertex 8.75 0.570577 0.844147
      vertex 8.45 0.571293 0.841292
      vertex 8.75 0.571293 0.841292
    endloop
  endfacet
  facet normal 0 -0.989182 -0.146696
    outer loop
      vertex 8.45 0.570577 0.844147
      vertex 8.75 0.570145 0.84706
      vertex 8.45 0.570145 0.84706
    endloop
  endfacet
  facet normal 0 -0.989182 -0.146696
    outer loop
      vertex 8.75 0.570145 0.84706
      vertex 8.45 0.570577 0.844147
      vertex 8.75 0.570577 0.844147
    endloop
  endfacet
  facet normal 0 0.336638 -0.941634
    outer loop
      vertex 8.45 0.61148 0.822284
      vertex 8.72659 0.608708 0.821293
      vertex 8.45 0.608708 0.821293
    endloop
  endfacet
  facet normal 2.87001e-06 0.336892 -0.941543
    outer loop
      vertex 8.72659 0.608708 0.821293
      vertex 8.45 0.61148 0.822284
      vertex 8.7269 0.609566 0.8216
    endloop
  endfacet
  facet normal 0 0.336523 -0.941675
    outer loop
      vertex 8.7269 0.609566 0.8216
      vertex 8.45 0.61148 0.822284
      vertex 8.72781 0.61148 0.822284
    endloop
  endfacet
  facet normal 0 -0.595341 -0.803473
    outer loop
      vertex 8.45 0.580968 0.82681
      vertex 8.73232 0.582323 0.825806
      vertex 8.73382 0.580968 0.82681
    endloop
  endfacet
  facet normal -4.17653e-07 -0.595285 -0.803515
    outer loop
      vertex 8.45 0.580968 0.82681
      vertex 8.73141 0.583334 0.825057
      vertex 8.73232 0.582323 0.825806
    endloop
  endfacet
  facet normal -0 -0.595317 -0.803491
    outer loop
      vertex 8.73141 0.583334 0.825057
      vertex 8.45 0.580968 0.82681
      vertex 8.45 0.583334 0.825057
    endloop
  endfacet
  facet normal 0 -0.514809 -0.857305
    outer loop
      vertex 8.45 0.583334 0.825057
      vertex 8.73067 0.58414 0.824573
      vertex 8.73141 0.583334 0.825057
    endloop
  endfacet
  facet normal -3.22188e-06 -0.513984 -0.8578
    outer loop
      vertex 8.45 0.583334 0.825057
      vertex 8.7294 0.585859 0.823543
      vertex 8.73067 0.58414 0.824573
    endloop
  endfacet
  facet normal -0 -0.514246 -0.857643
    outer loop
      vertex 8.7294 0.585859 0.823543
      vertex 8.45 0.583334 0.825057
      vertex 8.45 0.585859 0.823543
    endloop
  endfacet
  facet normal 0 -0.903931 -0.427677
    outer loop
      vertex 8.45 0.573543 0.835859
      vertex 8.75 0.572284 0.83852
      vertex 8.45 0.572284 0.83852
    endloop
  endfacet
  facet normal 0 -0.903931 -0.427677
    outer loop
      vertex 8.75 0.572284 0.83852
      vertex 8.45 0.573543 0.835859
      vertex 8.75 0.573543 0.835859
    endloop
  endfacet
  facet normal 0 0.998786 -0.0492599
    outer loop
      vertex 8.75 0.629855 0.84706
      vertex 8.45 0.63 0.85
      vertex 8.75 0.63 0.85
    endloop
  endfacet
  facet normal 0 0.998786 -0.0492599
    outer loop
      vertex 8.45 0.63 0.85
      vertex 8.75 0.629855 0.84706
      vertex 8.45 0.629855 0.84706
    endloop
  endfacet
  facet normal 0 -0.336523 -0.941675
    outer loop
      vertex 8.45 0.58852 0.822284
      vertex 8.7269 0.590434 0.8216
      vertex 8.72781 0.58852 0.822284
    endloop
  endfacet
  facet normal 2.87001e-06 -0.336892 -0.941543
    outer loop
      vertex 8.45 0.58852 0.822284
      vertex 8.72659 0.591292 0.821293
      vertex 8.7269 0.590434 0.8216
    endloop
  endfacet
  facet normal -0 -0.336638 -0.941634
    outer loop
      vertex 8.72659 0.591292 0.821293
      vertex 8.45 0.58852 0.822284
      vertex 8.45 0.591292 0.821293
    endloop
  endfacet
  facet normal 0 0.970042 0.242935
    outer loop
      vertex 8.75 0.629423 0.855853
      vertex 8.45 0.628708 0.858708
      vertex 8.75 0.628708 0.858708
    endloop
  endfacet
  facet normal 0 0.970042 0.242935
    outer loop
      vertex 8.45 0.628708 0.858708
      vertex 8.75 0.629423 0.855853
      vertex 8.45 0.629423 0.855853
    endloop
  endfacet
  facet normal 0 0.903931 0.427677
    outer loop
      vertex 8.75 0.627716 0.86148
      vertex 8.45 0.626457 0.864141
      vertex 8.75 0.626457 0.864141
    endloop
  endfacet
  facet normal 0 0.903931 0.427677
    outer loop
      vertex 8.45 0.626457 0.864141
      vertex 8.75 0.627716 0.86148
      vertex 8.45 0.627716 0.86148
    endloop
  endfacet
  facet normal 0 -0.514246 0.857643
    outer loop
      vertex 8.45 0.585859 0.876457
      vertex 8.75 0.583334 0.874943
      vertex 8.75 0.585859 0.876457
    endloop
  endfacet
  facet normal 0 -0.514246 0.857643
    outer loop
      vertex 8.75 0.583334 0.874943
      vertex 8.45 0.585859 0.876457
      vertex 8.45 0.583334 0.874943
    endloop
  endfacet
  facet normal 0 0.514246 -0.857643
    outer loop
      vertex 8.45 0.616666 0.825057
      vertex 8.7294 0.614141 0.823543
      vertex 8.45 0.614141 0.823543
    endloop
  endfacet
  facet normal -3.22188e-06 0.513984 -0.8578
    outer loop
      vertex 8.7294 0.614141 0.823543
      vertex 8.45 0.616666 0.825057
      vertex 8.73067 0.61586 0.824573
    endloop
  endfacet
  facet normal 0 0.514809 -0.857305
    outer loop
      vertex 8.73067 0.61586 0.824573
      vertex 8.45 0.616666 0.825057
      vertex 8.73141 0.616666 0.825057
    endloop
  endfacet
  facet normal 0 0.857643 0.514246
    outer loop
      vertex 8.75 0.626457 0.864141
      vertex 8.45 0.624943 0.866666
      vertex 8.75 0.624943 0.866666
    endloop
  endfacet
  facet normal 0 0.857643 0.514246
    outer loop
      vertex 8.45 0.624943 0.866666
      vertex 8.75 0.626457 0.864141
      vertex 8.45 0.626457 0.864141
    endloop
  endfacet
  facet normal 0 -0.903931 0.427677
    outer loop
      vertex 8.45 0.572284 0.86148
      vertex 8.75 0.573543 0.864141
      vertex 8.45 0.573543 0.864141
    endloop
  endfacet
  facet normal 0 -0.903931 0.427677
    outer loop
      vertex 8.75 0.573543 0.864141
      vertex 8.45 0.572284 0.86148
      vertex 8.75 0.572284 0.86148
    endloop
  endfacet
  facet normal -1 0 0
    outer loop
      vertex 8.45 0.629855 0.84706
      vertex 8.45 0.629855 0.85294
      vertex 8.45 0.63 0.85
    endloop
  endfacet
  facet normal -1 0 0
    outer loop
      vertex 8.45 0.629423 0.844147
      vertex 8.45 0.629855 0.85294
      vertex 8.45 0.629855 0.84706
    endloop
  endfacet
  facet normal -1 0 0
    outer loop
      vertex 8.45 0.629423 0.844147
      vertex 8.45 0.629423 0.855853
      vertex 8.45 0.629855 0.85294
    endloop
  endfacet
  facet normal -1 0 0
    outer loop
      vertex 8.45 0.628708 0.841292
      vertex 8.45 0.629423 0.855853
      vertex 8.45 0.629423 0.844147
    endloop
  endfacet
  facet normal -1 0 0
    outer loop
      vertex 8.45 0.628708 0.841292
      vertex 8.45 0.628708 0.858708
      vertex 8.45 0.629423 0.855853
    endloop
  endfacet
  facet normal -1 0 0
    outer loop
      vertex 8.45 0.627716 0.83852
      vertex 8.45 0.628708 0.858708
      vertex 8.45 0.628708 0.841292
    endloop
  endfacet
  facet normal -1 0 0
    outer loop
      vertex 8.45 0.627716 0.83852
      vertex 8.45 0.627716 0.86148
      vertex 8.45 0.628708 0.858708
    endloop
  endfacet
  facet normal -1 0 0
    outer loop
      vertex 8.45 0.626457 0.835859
      vertex 8.45 0.627716 0.86148
      vertex 8.45 0.627716 0.83852
    endloop
  endfacet
  facet normal -1 0 0
    outer loop
      vertex 8.45 0.626457 0.835859
      vertex 8.45 0.626457 0.864141
      vertex 8.45 0.627716 0.86148
    endloop
  endfacet
  facet normal -1 0 0
    outer loop
      vertex 8.45 0.624943 0.833334
      vertex 8.45 0.626457 0.864141
      vertex 8.45 0.626457 0.835859
    endloop
  endfacet
  facet normal -1 0 0
    outer loop
      vertex 8.45 0.624943 0.833334
      vertex 8.45 0.624943 0.866666
      vertex 8.45 0.626457 0.864141
    endloop
  endfacet
  facet normal -1 0 0
    outer loop
      vertex 8.45 0.62319 0.830968
      vertex 8.45 0.624943 0.866666
      vertex 8.45 0.624943 0.833334
    endloop
  endfacet
  facet normal -1 0 0
    outer loop
      vertex 8.45 0.62319 0.830968
      vertex 8.45 0.62319 0.869032
      vertex 8.45 0.624943 0.866666
    endloop
  endfacet
  facet normal -1 0 0
    outer loop
      vertex 8.45 0.621213 0.828787
      vertex 8.45 0.62319 0.869032
      vertex 8.45 0.62319 0.830968
    endloop
  endfacet
  facet normal -1 0 0
    outer loop
      vertex 8.45 0.621213 0.828787
      vertex 8.45 0.621213 0.871213
      vertex 8.45 0.62319 0.869032
    endloop
  endfacet
  facet normal -1 0 0
    outer loop
      vertex 8.45 0.619032 0.82681
      vertex 8.45 0.621213 0.871213
      vertex 8.45 0.621213 0.828787
    endloop
  endfacet
  facet normal -1 0 0
    outer loop
      vertex 8.45 0.619032 0.82681
      vertex 8.45 0.619032 0.87319
      vertex 8.45 0.621213 0.871213
    endloop
  endfacet
  facet normal -1 0 0
    outer loop
      vertex 8.45 0.616666 0.825057
      vertex 8.45 0.619032 0.87319
      vertex 8.45 0.619032 0.82681
    endloop
  endfacet
  facet normal -1 0 0
    outer loop
      vertex 8.45 0.616666 0.825057
      vertex 8.45 0.616666 0.874943
      vertex 8.45 0.619032 0.87319
    endloop
  endfacet
  facet normal -1 0 0
    outer loop
      vertex 8.45 0.614141 0.823543
      vertex 8.45 0.616666 0.874943
      vertex 8.45 0.616666 0.825057
    endloop
  endfacet
  facet normal -1 0 0
    outer loop
      vertex 8.45 0.614141 0.823543
      vertex 8.45 0.614141 0.876457
      vertex 8.45 0.616666 0.874943
    endloop
  endfacet
  facet normal -1 0 0
    outer loop
      vertex 8.45 0.61148 0.822284
      vertex 8.45 0.614141 0.876457
      vertex 8.45 0.614141 0.823543
    endloop
  endfacet
  facet normal -1 0 0
    outer loop
      vertex 8.45 0.61148 0.822284
      vertex 8.45 0.61148 0.877716
      vertex 8.45 0.614141 0.876457
    endloop
  endfacet
  facet normal -1 0 0
    outer loop
      vertex 8.45 0.608708 0.821293
      vertex 8.45 0.61148 0.877716
      vertex 8.45 0.61148 0.822284
    endloop
  endfacet
  facet normal -1 0 0
    outer loop
      vertex 8.45 0.608708 0.821293
      vertex 8.45 0.608708 0.878708
      vertex 8.45 0.61148 0.877716
    endloop
  endfacet
  facet normal -1 0 0
    outer loop
      vertex 8.45 0.605853 0.820577
      vertex 8.45 0.608708 0.878708
      vertex 8.45 0.608708 0.821293
    endloop
  endfacet
  facet normal -1 0 0
    outer loop
      vertex 8.45 0.605853 0.820577
      vertex 8.45 0.605853 0.879423
      vertex 8.45 0.608708 0.878708
    endloop
  endfacet
  facet normal -1 0 0
    outer loop
      vertex 8.45 0.60294 0.820145
      vertex 8.45 0.605853 0.879423
      vertex 8.45 0.605853 0.820577
    endloop
  endfacet
  facet normal -1 0 0
    outer loop
      vertex 8.45 0.60294 0.820145
      vertex 8.45 0.60294 0.879855
      vertex 8.45 0.605853 0.879423
    endloop
  endfacet
  facet normal -1 0 0
    outer loop
      vertex 8.45 0.6 0.82
      vertex 8.45 0.60294 0.879855
      vertex 8.45 0.60294 0.820145
    endloop
  endfacet
  facet normal -1 0 0
    outer loop
      vertex 8.45 0.6 0.82
      vertex 8.45 0.6 0.88
      vertex 8.45 0.60294 0.879855
    endloop
  endfacet
  facet normal -1 0 0
    outer loop
      vertex 8.45 0.59706 0.820145
      vertex 8.45 0.6 0.88
      vertex 8.45 0.6 0.82
    endloop
  endfacet
  facet normal -1 0 0
    outer loop
      vertex 8.45 0.59706 0.820145
      vertex 8.45 0.59706 0.879855
      vertex 8.45 0.6 0.88
    endloop
  endfacet
  facet normal -1 0 0
    outer loop
      vertex 8.45 0.594147 0.820577
      vertex 8.45 0.59706 0.879855
      vertex 8.45 0.59706 0.820145
    endloop
  endfacet
  facet normal -1 0 0
    outer loop
      vertex 8.45 0.594147 0.820577
      vertex 8.45 0.594147 0.879423
      vertex 8.45 0.59706 0.879855
    endloop
  endfacet
  facet normal -1 0 0
    outer loop
      vertex 8.45 0.591292 0.821293
      vertex 8.45 0.594147 0.879423
      vertex 8.45 0.594147 0.820577
    endloop
  endfacet
  facet normal -1 0 0
    outer loop
      vertex 8.45 0.591292 0.821293
      vertex 8.45 0.591292 0.878708
      vertex 8.45 0.594147 0.879423
    endloop
  endfacet
  facet normal -1 0 0
    outer loop
      vertex 8.45 0.58852 0.822284
      vertex 8.45 0.591292 0.878708
      vertex 8.45 0.591292 0.821293
    endloop
  endfacet
  facet normal -1 0 0
    outer loop
      vertex 8.45 0.58852 0.822284
      vertex 8.45 0.58852 0.877716
      vertex 8.45 0.591292 0.878708
    endloop
  endfacet
  facet normal -1 0 0
    outer loop
      vertex 8.45 0.585859 0.823543
      vertex 8.45 0.58852 0.877716
      vertex 8.45 0.58852 0.822284
    endloop
  endfacet
  facet normal -1 0 0
    outer loop
      vertex 8.45 0.585859 0.823543
      vertex 8.45 0.585859 0.876457
      vertex 8.45 0.58852 0.877716
    endloop
  endfacet
  facet normal -1 0 0
    outer loop
      vertex 8.45 0.583334 0.825057
      vertex 8.45 0.585859 0.876457
      vertex 8.45 0.585859 0.823543
    endloop
  endfacet
  facet normal -1 0 0
    outer loop
      vertex 8.45 0.583334 0.825057
      vertex 8.45 0.583334 0.874943
      vertex 8.45 0.585859 0.876457
    endloop
  endfacet
  facet normal -1 0 0
    outer loop
      vertex 8.45 0.580968 0.82681
      vertex 8.45 0.583334 0.874943
      vertex 8.45 0.583334 0.825057
    endloop
  endfacet
  facet normal -1 0 0
    outer loop
      vertex 8.45 0.580968 0.82681
      vertex 8.45 0.580968 0.87319
      vertex 8.45 0.583334 0.874943
    endloop
  endfacet
  facet normal -1 0 0
    outer loop
      vertex 8.45 0.578787 0.828787
      vertex 8.45 0.580968 0.87319
      vertex 8.45 0.580968 0.82681
    endloop
  endfacet
  facet normal -1 0 0
    outer loop
      vertex 8.45 0.578787 0.828787
      vertex 8.45 0.578787 0.871213
      vertex 8.45 0.580968 0.87319
    endloop
  endfacet
  facet normal -1 0 0
    outer loop
      vertex 8.45 0.57681 0.830968
      vertex 8.45 0.578787 0.871213
      vertex 8.45 0.578787 0.828787
    endloop
  endfacet
  facet normal -1 0 0
    outer loop
      vertex 8.45 0.57681 0.830968
      vertex 8.45 0.57681 0.869032
      vertex 8.45 0.578787 0.871213
    endloop
  endfacet
  facet normal -1 0 0
    outer loop
      vertex 8.45 0.575057 0.833334
      vertex 8.45 0.57681 0.869032
      vertex 8.45 0.57681 0.830968
    endloop
  endfacet
  facet normal -1 0 0
    outer loop
      vertex 8.45 0.575057 0.833334
      vertex 8.45 0.575057 0.866666
      vertex 8.45 0.57681 0.869032
    endloop
  endfacet
  facet normal -1 0 0
    outer loop
      vertex 8.45 0.573543 0.835859
      vertex 8.45 0.575057 0.866666
      vertex 8.45 0.575057 0.833334
    endloop
  endfacet
  facet normal -1 0 0
    outer loop
      vertex 8.45 0.573543 0.835859
      vertex 8.45 0.573543 0.864141
      vertex 8.45 0.575057 0.866666
    endloop
  endfacet
  facet normal -1 0 0
    outer loop
      vertex 8.45 0.572284 0.83852
      vertex 8.45 0.573543 0.864141
      vertex 8.45 0.573543 0.835859
    endloop
  endfacet
  facet normal -1 0 0
    outer loop
      vertex 8.45 0.572284 0.83852
      vertex 8.45 0.572284 0.86148
      vertex 8.45 0.573543 0.864141
    endloop
  endfacet
  facet normal -1 0 0
    outer loop
      vertex 8.45 0.571293 0.841292
      vertex 8.45 0.572284 0.86148
      vertex 8.45 0.572284 0.83852
    endloop
  endfacet
  facet normal -1 0 0
    outer loop
      vertex 8.45 0.571293 0.841292
      vertex 8.45 0.571293 0.858708
      vertex 8.45 0.572284 0.86148
    endloop
  endfacet
  facet normal -1 0 0
    outer loop
      vertex 8.45 0.570577 0.844147
      vertex 8.45 0.571293 0.858708
      vertex 8.45 0.571293 0.841292
    endloop
  endfacet
  facet normal -1 0 0
    outer loop
      vertex 8.45 0.570577 0.844147
      vertex 8.45 0.570577 0.855853
      vertex 8.45 0.571293 0.858708
    endloop
  endfacet
  facet normal -1 0 0
    outer loop
      vertex 8.45 0.570145 0.84706
      vertex 8.45 0.570577 0.855853
      vertex 8.45 0.570577 0.844147
    endloop
  endfacet
  facet normal -1 0 0
    outer loop
      vertex 8.45 0.570145 0.84706
      vertex 8.45 0.570145 0.85294
      vertex 8.45 0.570577 0.855853
    endloop
  endfacet
  facet normal -1 0 -0
    outer loop
      vertex 8.45 0.570145 0.85294
      vertex 8.45 0.570145 0.84706
      vertex 8.45 0.57 0.85
    endloop
  endfacet
  facet normal -0 0.242935 0.970042
    outer loop
      vertex 8.45 0.608708 0.878708
      vertex 8.75 0.605853 0.879423
      vertex 8.75 0.608708 0.878708
    endloop
  endfacet
  facet normal 0 0.242935 0.970042
    outer loop
      vertex 8.75 0.605853 0.879423
      vertex 8.45 0.608708 0.878708
      vertex 8.45 0.605853 0.879423
    endloop
  endfacet
  facet normal -0 0.146696 0.989182
    outer loop
      vertex 8.45 0.605853 0.879423
      vertex 8.75 0.60294 0.879855
      vertex 8.75 0.605853 0.879423
    endloop
  endfacet
  facet normal 0 0.146696 0.989182
    outer loop
      vertex 8.75 0.60294 0.879855
      vertex 8.45 0.605853 0.879423
      vertex 8.45 0.60294 0.879855
    endloop
  endfacet
  facet normal 0 0.671607 -0.740908
    outer loop
      vertex 8.45 0.621213 0.828787
      vertex 8.73382 0.619032 0.82681
      vertex 8.45 0.619032 0.82681
    endloop
  endfacet
  facet normal 2.70251e-05 0.673535 -0.739155
    outer loop
      vertex 8.73382 0.619032 0.82681
      vertex 8.45 0.621213 0.828787
      vertex 8.73414 0.619325 0.827077
    endloop
  endfacet
  facet normal 2.48032e-06 0.671509 -0.740997
    outer loop
      vertex 8.73414 0.619325 0.827077
      vertex 8.45 0.621213 0.828787
      vertex 8.73611 0.620786 0.828401
    endloop
  endfacet
  facet normal 0 0.670595 -0.741824
    outer loop
      vertex 8.73611 0.620786 0.828401
      vertex 8.45 0.621213 0.828787
      vertex 8.73682 0.621213 0.828787
    endloop
  endfacet
  facet normal 0 -0.146696 0.989182
    outer loop
      vertex 8.45 0.59706 0.879855
      vertex 8.75 0.594147 0.879423
      vertex 8.75 0.59706 0.879855
    endloop
  endfacet
  facet normal 0 -0.146696 0.989182
    outer loop
      vertex 8.75 0.594147 0.879423
      vertex 8.45 0.59706 0.879855
      vertex 8.45 0.594147 0.879423
    endloop
  endfacet
  facet normal 0 -0.671607 0.740908
    outer loop
      vertex 8.45 0.580968 0.87319
      vertex 8.75 0.578787 0.871213
      vertex 8.75 0.580968 0.87319
    endloop
  endfacet
  facet normal 0 -0.671607 0.740908
    outer loop
      vertex 8.75 0.578787 0.871213
      vertex 8.45 0.580968 0.87319
      vertex 8.45 0.578787 0.871213
    endloop
  endfacet
  facet normal 0 -0.595317 0.803491
    outer loop
      vertex 8.45 0.583334 0.874943
      vertex 8.75 0.580968 0.87319
      vertex 8.75 0.583334 0.874943
    endloop
  endfacet
  facet normal 0 -0.595317 0.803491
    outer loop
      vertex 8.75 0.580968 0.87319
      vertex 8.45 0.583334 0.874943
      vertex 8.45 0.580968 0.87319
    endloop
  endfacet
  facet normal 0 -0.803491 0.595317
    outer loop
      vertex 8.45 0.575057 0.866666
      vertex 8.75 0.57681 0.869032
      vertex 8.45 0.57681 0.869032
    endloop
  endfacet
  facet normal 0 -0.803491 0.595317
    outer loop
      vertex 8.75 0.57681 0.869032
      vertex 8.45 0.575057 0.866666
      vertex 8.75 0.575057 0.866666
    endloop
  endfacet
  facet normal 0 -0.740908 0.671607
    outer loop
      vertex 8.45 0.57681 0.869032
      vertex 8.75 0.578787 0.871213
      vertex 8.45 0.578787 0.871213
    endloop
  endfacet
  facet normal 0 -0.740908 0.671607
    outer loop
      vertex 8.75 0.578787 0.871213
      vertex 8.45 0.57681 0.869032
      vertex 8.75 0.57681 0.869032
    endloop
  endfacet
  facet normal -0 0.595317 0.803491
    outer loop
      vertex 8.45 0.619032 0.87319
      vertex 8.75 0.616666 0.874943
      vertex 8.75 0.619032 0.87319
    endloop
  endfacet
  facet normal 0 0.595317 0.803491
    outer loop
      vertex 8.75 0.616666 0.874943
      vertex 8.45 0.619032 0.87319
      vertex 8.45 0.616666 0.874943
    endloop
  endfacet
  facet normal -0 0.514246 0.857643
    outer loop
      vertex 8.45 0.616666 0.874943
      vertex 8.75 0.614141 0.876457
      vertex 8.75 0.616666 0.874943
    endloop
  endfacet
  facet normal 0 0.514246 0.857643
    outer loop
      vertex 8.75 0.614141 0.876457
      vertex 8.45 0.616666 0.874943
      vertex 8.45 0.614141 0.876457
    endloop
  endfacet
  facet normal 0 -0.998786 0.0492599
    outer loop
      vertex 8.45 0.57 0.85
      vertex 8.75 0.570145 0.85294
      vertex 8.45 0.570145 0.85294
    endloop
  endfacet
  facet normal 0 -0.998786 0.0492599
    outer loop
      vertex 8.75 0.570145 0.85294
      vertex 8.45 0.57 0.85
      vertex 8.75 0.57 0.85
    endloop
  endfacet
  facet normal 0 -0.989182 0.146696
    outer loop
      vertex 8.45 0.570145 0.85294
      vertex 8.75 0.570577 0.855853
      vertex 8.45 0.570577 0.855853
    endloop
  endfacet
  facet normal 0 -0.989182 0.146696
    outer loop
      vertex 8.75 0.570577 0.855853
      vertex 8.45 0.570145 0.85294
      vertex 8.75 0.570145 0.85294
    endloop
  endfacet
  facet normal -0 0.0492599 0.998786
    outer loop
      vertex 8.45 0.60294 0.879855
      vertex 8.75 0.6 0.88
      vertex 8.75 0.60294 0.879855
    endloop
  endfacet
  facet normal 0 0.0492599 0.998786
    outer loop
      vertex 8.75 0.6 0.88
      vertex 8.45 0.60294 0.879855
      vertex 8.45 0.6 0.88
    endloop
  endfacet
  facet normal 0 -0.941634 0.336638
    outer loop
      vertex 8.45 0.571293 0.858708
      vertex 8.75 0.572284 0.86148
      vertex 8.45 0.572284 0.86148
    endloop
  endfacet
  facet normal 0 -0.941634 0.336638
    outer loop
      vertex 8.75 0.572284 0.86148
      vertex 8.45 0.571293 0.858708
      vertex 8.75 0.571293 0.858708
    endloop
  endfacet
  facet normal 0 0.941527 -0.336939
    outer loop
      vertex 8.75 0.627716 0.83852
      vertex 8.45 0.628708 0.841292
      vertex 8.75 0.628708 0.841292
    endloop
  endfacet
  facet normal 0 0.941527 -0.336939
    outer loop
      vertex 8.45 0.628708 0.841292
      vertex 8.75 0.627716 0.83852
      vertex 8.45 0.627716 0.83852
    endloop
  endfacet
  facet normal 0 -0.670595 -0.741824
    outer loop
      vertex 8.45 0.578787 0.828787
      vertex 8.73611 0.579214 0.828401
      vertex 8.73682 0.578787 0.828787
    endloop
  endfacet
  facet normal 2.48032e-06 -0.671509 -0.740997
    outer loop
      vertex 8.45 0.578787 0.828787
      vertex 8.73414 0.580675 0.827077
      vertex 8.73611 0.579214 0.828401
    endloop
  endfacet
  facet normal 2.70251e-05 -0.673535 -0.739155
    outer loop
      vertex 8.45 0.578787 0.828787
      vertex 8.73382 0.580968 0.82681
      vertex 8.73414 0.580675 0.827077
    endloop
  endfacet
  facet normal -0 -0.671607 -0.740908
    outer loop
      vertex 8.73382 0.580968 0.82681
      vertex 8.45 0.578787 0.828787
      vertex 8.45 0.580968 0.82681
    endloop
  endfacet
  facet normal 0 -0.738641 -0.674099
    outer loop
      vertex 8.45 0.57681 0.830968
      vertex 8.74043 0.576904 0.830865
      vertex 8.74069 0.57681 0.830968
    endloop
  endfacet
  facet normal 1.58774e-06 -0.740866 -0.671653
    outer loop
      vertex 8.45 0.57681 0.830968
      vertex 8.73822 0.577952 0.829709
      vertex 8.74043 0.576904 0.830865
    endloop
  endfacet
  facet normal -0 -0.740908 -0.671607
    outer loop
      vertex 8.73682 0.578787 0.828787
      vertex 8.45 0.57681 0.830968
      vertex 8.45 0.578787 0.828787
    endloop
  endfacet
  facet normal 4.59685e-06 -0.741208 -0.671275
    outer loop
      vertex 8.45 0.57681 0.830968
      vertex 8.73682 0.578787 0.828787
      vertex 8.73822 0.577952 0.829709
    endloop
  endfacet
  facet normal 0.595686 -0.803218 0
    outer loop
      vertex 8.76389 0.579214 0.695
      vertex 8.76586 0.580675 0.845001
      vertex 8.76389 0.579214 0.845001
    endloop
  endfacet
  facet normal 0.595686 -0.803218 0
    outer loop
      vertex 8.76586 0.580675 0.845001
      vertex 8.76389 0.579214 0.695
      vertex 8.76586 0.580675 0.695
    endloop
  endfacet
  facet normal 0.989177 0.146726 0
    outer loop
      vertex 8.77488 0.60245 0.845001
      vertex 8.77452 0.604877 0.695
      vertex 8.77452 0.604877 0.845001
    endloop
  endfacet
  facet normal 0.989177 0.146726 0
    outer loop
      vertex 8.77452 0.604877 0.695
      vertex 8.77488 0.60245 0.845001
      vertex 8.77488 0.60245 0.695
    endloop
  endfacet
  facet normal 0.998803 0.0489209 0
    outer loop
      vertex 8.775 0.6 0.845001
      vertex 8.77488 0.60245 0.695
      vertex 8.77488 0.60245 0.845001
    endloop
  endfacet
  facet normal 0.998803 0.0489209 0
    outer loop
      vertex 8.77488 0.60245 0.695
      vertex 8.775 0.6 0.845001
      vertex 8.775 0.6 0.695
    endloop
  endfacet
  facet normal 0.969661 0.244452 0
    outer loop
      vertex 8.77452 0.604877 0.845001
      vertex 8.77392 0.607257 0.695
      vertex 8.77392 0.607257 0.845001
    endloop
  endfacet
  facet normal 0.969661 0.244452 0
    outer loop
      vertex 8.77392 0.607257 0.695
      vertex 8.77452 0.604877 0.845001
      vertex 8.77452 0.604877 0.695
    endloop
  endfacet
  facet normal 0.998803 -0.0489209 0
    outer loop
      vertex 8.77488 0.59755 0.845001
      vertex 8.775 0.6 0.695
      vertex 8.775 0.6 0.845001
    endloop
  endfacet
  facet normal 0.998803 -0.0489209 0
    outer loop
      vertex 8.775 0.6 0.695
      vertex 8.77488 0.59755 0.845001
      vertex 8.77488 0.59755 0.695
    endloop
  endfacet
  facet normal -0.428473 0.903555 0
    outer loop
      vertex 8.74043 0.623096 0.695
      vertex 8.73822 0.622048 0.829709
      vertex 8.74043 0.623096 0.830865
    endloop
  endfacet
  facet normal -0.428473 0.903555 0
    outer loop
      vertex 8.73822 0.622048 0.829709
      vertex 8.74043 0.623096 0.695
      vertex 8.73822 0.622048 0.695
    endloop
  endfacet
  facet normal 0.0493276 0.998783 0
    outer loop
      vertex 8.75245 0.624879 0.845001
      vertex 8.75 0.625 0.833427
      vertex 8.75 0.625 0.845001
    endloop
  endfacet
  facet normal 0.0493276 0.998783 -0
    outer loop
      vertex 8.75245 0.624879 0.695
      vertex 8.75 0.625 0.833427
      vertex 8.75245 0.624879 0.845001
    endloop
  endfacet
  facet normal 0.0493276 0.998783 0
    outer loop
      vertex 8.75 0.625 0.833427
      vertex 8.75245 0.624879 0.695
      vertex 8.75 0.625 0.695
    endloop
  endfacet
  facet normal -0.90883 0.417168 0
    outer loop
      vertex 8.72795 0.611785 0.695
      vertex 8.72781 0.61148 0.822284
      vertex 8.72795 0.611785 0.822428
    endloop
  endfacet
  facet normal -0.903912 0.427719 0
    outer loop
      vertex 8.7269 0.609566 0.8216
      vertex 8.72795 0.611785 0.695
      vertex 8.7269 0.609566 0.695
    endloop
  endfacet
  facet normal -0.903127 0.429374 3.55206e-05
    outer loop
      vertex 8.72795 0.611785 0.695
      vertex 8.7269 0.609566 0.8216
      vertex 8.72781 0.61148 0.822284
    endloop
  endfacet
  facet normal -0.675307 0.737537 0
    outer loop
      vertex 8.73414 0.619325 0.695
      vertex 8.73382 0.619032 0.82681
      vertex 8.73414 0.619325 0.827077
    endloop
  endfacet
  facet normal -0.670338 0.742056 2.21077e-05
    outer loop
      vertex 8.73414 0.619325 0.695
      vertex 8.73232 0.617677 0.825806
      vertex 8.73382 0.619032 0.82681
    endloop
  endfacet
  facet normal -0.671212 0.741266 0
    outer loop
      vertex 8.73232 0.617677 0.825806
      vertex 8.73414 0.619325 0.695
      vertex 8.73232 0.617677 0.695
    endloop
  endfacet
  facet normal -0.242919 -0.970047 0
    outer loop
      vertex 8.74512 0.575481 0.695
      vertex 8.74274 0.576077 0.831957
      vertex 8.74274 0.576077 0.695
    endloop
  endfacet
  facet normal -0.242919 -0.970047 0
    outer loop
      vertex 8.74274 0.576077 0.831957
      vertex 8.74512 0.575481 0.695
      vertex 8.74512 0.575481 0.832761
    endloop
  endfacet
  facet normal 0.337059 -0.941483 0
    outer loop
      vertex 8.75726 0.576077 0.695
      vertex 8.75957 0.576904 0.845001
      vertex 8.75726 0.576077 0.845001
    endloop
  endfacet
  facet normal 0.337059 -0.941483 0
    outer loop
      vertex 8.75957 0.576904 0.845001
      vertex 8.75726 0.576077 0.695
      vertex 8.75957 0.576904 0.695
    endloop
  endfacet
  facet normal -0.146549 -0.989203 0
    outer loop
      vertex 8.74755 0.575121 0.695
      vertex 8.74512 0.575481 0.832761
      vertex 8.74512 0.575481 0.695
    endloop
  endfacet
  facet normal -0.146549 -0.989203 0
    outer loop
      vertex 8.74512 0.575481 0.832761
      vertex 8.74755 0.575121 0.695
      vertex 8.74755 0.575121 0.833247
    endloop
  endfacet
  facet normal -0.513299 -0.85821 0
    outer loop
      vertex 8.73822 0.577952 0.695
      vertex 8.73611 0.579214 0.828401
      vertex 8.73611 0.579214 0.695
    endloop
  endfacet
  facet normal -0.515365 -0.856971 -4.44053e-05
    outer loop
      vertex 8.73611 0.579214 0.828401
      vertex 8.73822 0.577952 0.695
      vertex 8.73682 0.578787 0.828787
    endloop
  endfacet
  facet normal -0.512239 -0.858843 0
    outer loop
      vertex 8.73682 0.578787 0.828787
      vertex 8.73822 0.577952 0.695
      vertex 8.73822 0.577952 0.829709
    endloop
  endfacet
  facet normal -0.988978 0.148066 0
    outer loop
      vertex 8.72548 0.604877 0.695
      vertex 8.72519 0.60294 0.820145
      vertex 8.72548 0.604877 0.820433
    endloop
  endfacet
  facet normal -0.989177 0.146726 0
    outer loop
      vertex 8.72512 0.60245 0.820121
      vertex 8.72548 0.604877 0.695
      vertex 8.72512 0.60245 0.695
    endloop
  endfacet
  facet normal -0.989949 0.141426 -0.000105016
    outer loop
      vertex 8.72548 0.604877 0.695
      vertex 8.72512 0.60245 0.820121
      vertex 8.72519 0.60294 0.820145
    endloop
  endfacet
  facet normal -0.803702 -0.595033 0
    outer loop
      vertex 8.73067 0.58414 0.695
      vertex 8.72921 0.586112 0.823424
      vertex 8.72921 0.586112 0.695
    endloop
  endfacet
  facet normal -0.79965 -0.600467 0.000129504
    outer loop
      vertex 8.72921 0.586112 0.823424
      vertex 8.73067 0.58414 0.695
      vertex 8.7294 0.585859 0.823543
    endloop
  endfacet
  facet normal -0.804303 -0.59422 0
    outer loop
      vertex 8.7294 0.585859 0.823543
      vertex 8.73067 0.58414 0.695
      vertex 8.73067 0.58414 0.824573
    endloop
  endfacet
  facet normal -0.428473 -0.903555 0
    outer loop
      vertex 8.74043 0.576904 0.695
      vertex 8.73822 0.577952 0.829709
      vertex 8.73822 0.577952 0.695
    endloop
  endfacet
  facet normal -0.428473 -0.903555 0
    outer loop
      vertex 8.73822 0.577952 0.829709
      vertex 8.74043 0.576904 0.695
      vertex 8.74043 0.576904 0.830865
    endloop
  endfacet
  facet normal -0.337059 -0.941483 0
    outer loop
      vertex 8.74274 0.576077 0.695
      vertex 8.74043 0.576904 0.830865
      vertex 8.74043 0.576904 0.695
    endloop
  endfacet
  facet normal -0.33998 -0.940433 -5.60618e-05
    outer loop
      vertex 8.74043 0.576904 0.830865
      vertex 8.74274 0.576077 0.695
      vertex 8.74069 0.57681 0.830968
    endloop
  endfacet
  facet normal -0.336686 -0.941617 0
    outer loop
      vertex 8.74069 0.57681 0.830968
      vertex 8.74274 0.576077 0.695
      vertex 8.74274 0.576077 0.831957
    endloop
  endfacet
  facet normal 0.740309 0.672267 0
    outer loop
      vertex 8.76933 0.61586 0.845001
      vertex 8.76768 0.617677 0.695
      vertex 8.76768 0.617677 0.845001
    endloop
  endfacet
  facet normal 0.740309 0.672267 0
    outer loop
      vertex 8.76768 0.617677 0.695
      vertex 8.76933 0.61586 0.845001
      vertex 8.76933 0.61586 0.695
    endloop
  endfacet
  facet normal 0.989177 -0.146726 0
    outer loop
      vertex 8.77452 0.595123 0.845001
      vertex 8.77488 0.59755 0.695
      vertex 8.77488 0.59755 0.845001
    endloop
  endfacet
  facet normal 0.989177 -0.146726 0
    outer loop
      vertex 8.77488 0.59755 0.695
      vertex 8.77452 0.595123 0.845001
      vertex 8.77452 0.595123 0.695
    endloop
  endfacet
  facet normal -0.857817 -0.513956 0
    outer loop
      vertex 8.72921 0.586112 0.695
      vertex 8.72795 0.588215 0.822428
      vertex 8.72795 0.588215 0.695
    endloop
  endfacet
  facet normal -0.857817 -0.513956 0
    outer loop
      vertex 8.72795 0.588215 0.822428
      vertex 8.72921 0.586112 0.695
      vertex 8.72921 0.586112 0.823424
    endloop
  endfacet
  facet normal -0.336686 0.941617 0
    outer loop
      vertex 8.74274 0.623923 0.695
      vertex 8.74069 0.62319 0.830968
      vertex 8.74274 0.623923 0.831957
    endloop
  endfacet
  facet normal -0.33998 0.940433 -5.60618e-05
    outer loop
      vertex 8.74274 0.623923 0.695
      vertex 8.74043 0.623096 0.830865
      vertex 8.74069 0.62319 0.830968
    endloop
  endfacet
  facet normal -0.337059 0.941483 0
    outer loop
      vertex 8.74043 0.623096 0.830865
      vertex 8.74274 0.623923 0.695
      vertex 8.74043 0.623096 0.695
    endloop
  endfacet
  facet normal -0.512239 0.858843 0
    outer loop
      vertex 8.73822 0.622048 0.695
      vertex 8.73682 0.621213 0.828787
      vertex 8.73822 0.622048 0.829709
    endloop
  endfacet
  facet normal -0.515365 0.856971 -4.44053e-05
    outer loop
      vertex 8.73822 0.622048 0.695
      vertex 8.73611 0.620786 0.828401
      vertex 8.73682 0.621213 0.828787
    endloop
  endfacet
  facet normal -0.513299 0.85821 0
    outer loop
      vertex 8.73611 0.620786 0.828401
      vertex 8.73822 0.622048 0.695
      vertex 8.73611 0.620786 0.695
    endloop
  endfacet
  facet normal 0.146549 -0.989203 0
    outer loop
      vertex 8.75245 0.575121 0.695
      vertex 8.75488 0.575481 0.845001
      vertex 8.75245 0.575121 0.845001
    endloop
  endfacet
  facet normal 0.146549 -0.989203 0
    outer loop
      vertex 8.75488 0.575481 0.845001
      vertex 8.75245 0.575121 0.695
      vertex 8.75488 0.575481 0.695
    endloop
  endfacet
  facet normal -0.989177 -0.146726 0
    outer loop
      vertex 8.72548 0.595123 0.695
      vertex 8.72512 0.59755 0.820121
      vertex 8.72512 0.59755 0.695
    endloop
  endfacet
  facet normal -0.989949 -0.141426 -0.000105016
    outer loop
      vertex 8.72512 0.59755 0.820121
      vertex 8.72548 0.595123 0.695
      vertex 8.72519 0.59706 0.820145
    endloop
  endfacet
  facet normal -0.988978 -0.148066 0
    outer loop
      vertex 8.72519 0.59706 0.820145
      vertex 8.72548 0.595123 0.695
      vertex 8.72548 0.595123 0.820433
    endloop
  endfacet
  facet normal 0.969637 -0.244549 0
    outer loop
      vertex 8.77392 0.592744 0.845001
      vertex 8.77452 0.595123 0.695
      vertex 8.77452 0.595123 0.845001
    endloop
  endfacet
  facet normal 0.969637 -0.244549 0
    outer loop
      vertex 8.77452 0.595123 0.695
      vertex 8.77392 0.592744 0.845001
      vertex 8.77392 0.592744 0.695
    endloop
  endfacet
  facet normal 0.671212 0.741266 -0
    outer loop
      vertex 8.76768 0.617677 0.695
      vertex 8.76586 0.619325 0.845001
      vertex 8.76768 0.617677 0.845001
    endloop
  endfacet
  facet normal 0.671212 0.741266 0
    outer loop
      vertex 8.76586 0.619325 0.845001
      vertex 8.76768 0.617677 0.695
      vertex 8.76586 0.619325 0.695
    endloop
  endfacet
  facet normal -0.998803 0.0489209 0
    outer loop
      vertex 8.725 0.6 0.82
      vertex 8.72512 0.60245 0.695
      vertex 8.725 0.6 0.695
    endloop
  endfacet
  facet normal -0.998803 0.0489209 0
    outer loop
      vertex 8.72512 0.60245 0.695
      vertex 8.725 0.6 0.82
      vertex 8.72512 0.60245 0.820121
    endloop
  endfacet
  facet normal 0.0493276 -0.998783 0
    outer loop
      vertex 8.75 0.575 0.833427
      vertex 8.75245 0.575121 0.845001
      vertex 8.75 0.575 0.845001
    endloop
  endfacet
  facet normal 0.0493276 -0.998783 0
    outer loop
      vertex 8.75245 0.575121 0.695
      vertex 8.75 0.575 0.833427
      vertex 8.75 0.575 0.695
    endloop
  endfacet
  facet normal 0.0493276 -0.998783 0
    outer loop
      vertex 8.75 0.575 0.833427
      vertex 8.75245 0.575121 0.695
      vertex 8.75245 0.575121 0.845001
    endloop
  endfacet
  facet normal 0.903912 0.427719 0
    outer loop
      vertex 8.7731 0.609566 0.845001
      vertex 8.77205 0.611785 0.695
      vertex 8.77205 0.611785 0.845001
    endloop
  endfacet
  facet normal 0.903912 0.427719 0
    outer loop
      vertex 8.77205 0.611785 0.695
      vertex 8.7731 0.609566 0.845001
      vertex 8.7731 0.609566 0.695
    endloop
  endfacet
  facet normal 0.428473 -0.903555 0
    outer loop
      vertex 8.75957 0.576904 0.695
      vertex 8.76178 0.577952 0.845001
      vertex 8.75957 0.576904 0.845001
    endloop
  endfacet
  facet normal 0.428473 -0.903555 0
    outer loop
      vertex 8.76178 0.577952 0.845001
      vertex 8.75957 0.576904 0.695
      vertex 8.76178 0.577952 0.695
    endloop
  endfacet
  facet normal 0.803702 0.595033 0
    outer loop
      vertex 8.77079 0.613888 0.845001
      vertex 8.76933 0.61586 0.695
      vertex 8.76933 0.61586 0.845001
    endloop
  endfacet
  facet normal 0.803702 0.595033 0
    outer loop
      vertex 8.76933 0.61586 0.695
      vertex 8.77079 0.613888 0.845001
      vertex 8.77079 0.613888 0.695
    endloop
  endfacet
  facet normal -0.242919 0.970047 0
    outer loop
      vertex 8.74512 0.624519 0.695
      vertex 8.74274 0.623923 0.831957
      vertex 8.74512 0.624519 0.832761
    endloop
  endfacet
  facet normal -0.242919 0.970047 0
    outer loop
      vertex 8.74274 0.623923 0.831957
      vertex 8.74512 0.624519 0.695
      vertex 8.74274 0.623923 0.695
    endloop
  endfacet
  facet normal -0.740309 -0.672267 0
    outer loop
      vertex 8.73232 0.582323 0.695
      vertex 8.73067 0.58414 0.824573
      vertex 8.73067 0.58414 0.695
    endloop
  endfacet
  facet normal -0.736654 -0.67627 0.000102683
    outer loop
      vertex 8.73067 0.58414 0.824573
      vertex 8.73232 0.582323 0.695
      vertex 8.73141 0.583334 0.825057
    endloop
  endfacet
  facet normal -0.743258 -0.669005 0
    outer loop
      vertex 8.73141 0.583334 0.825057
      vertex 8.73232 0.582323 0.695
      vertex 8.73232 0.582323 0.825806
    endloop
  endfacet
  facet normal -0.998803 -0.0489209 0
    outer loop
      vertex 8.72512 0.59755 0.695
      vertex 8.725 0.6 0.82
      vertex 8.725 0.6 0.695
    endloop
  endfacet
  facet normal -0.998803 -0.0489209 0
    outer loop
      vertex 8.725 0.6 0.82
      vertex 8.72512 0.59755 0.695
      vertex 8.72512 0.59755 0.820121
    endloop
  endfacet
  facet normal -0.942386 -0.334527 0
    outer loop
      vertex 8.7269 0.590434 0.695
      vertex 8.72608 0.592744 0.820929
      vertex 8.72608 0.592744 0.695
    endloop
  endfacet
  facet normal -0.943488 -0.331407 -6.44094e-05
    outer loop
      vertex 8.72608 0.592744 0.820929
      vertex 8.7269 0.590434 0.695
      vertex 8.72659 0.591292 0.821293
    endloop
  endfacet
  facet normal -0.940496 -0.339806 0
    outer loop
      vertex 8.72659 0.591292 0.821293
      vertex 8.7269 0.590434 0.695
      vertex 8.7269 0.590434 0.8216
    endloop
  endfacet
  facet normal 0 0 1
    outer loop
      vertex 8.77488 0.60245 0.845001
      vertex 8.77488 0.59755 0.845001
      vertex 8.775 0.6 0.845001
    endloop
  endfacet
  facet normal 0 0 1
    outer loop
      vertex 8.77452 0.604877 0.845001
      vertex 8.77488 0.59755 0.845001
      vertex 8.77488 0.60245 0.845001
    endloop
  endfacet
  facet normal 0 0 1
    outer loop
      vertex 8.77452 0.604877 0.845001
      vertex 8.77452 0.595123 0.845001
      vertex 8.77488 0.59755 0.845001
    endloop
  endfacet
  facet normal 0 0 1
    outer loop
      vertex 8.77392 0.607257 0.845001
      vertex 8.77452 0.595123 0.845001
      vertex 8.77452 0.604877 0.845001
    endloop
  endfacet
  facet normal 0 0 1
    outer loop
      vertex 8.77392 0.607257 0.845001
      vertex 8.77392 0.592744 0.845001
      vertex 8.77452 0.595123 0.845001
    endloop
  endfacet
  facet normal 0 0 1
    outer loop
      vertex 8.7731 0.609566 0.845001
      vertex 8.77392 0.592744 0.845001
      vertex 8.77392 0.607257 0.845001
    endloop
  endfacet
  facet normal 0 0 1
    outer loop
      vertex 8.7731 0.609566 0.845001
      vertex 8.7731 0.590434 0.845001
      vertex 8.77392 0.592744 0.845001
    endloop
  endfacet
  facet normal 0 0 1
    outer loop
      vertex 8.77205 0.611785 0.845001
      vertex 8.7731 0.590434 0.845001
      vertex 8.7731 0.609566 0.845001
    endloop
  endfacet
  facet normal 0 0 1
    outer loop
      vertex 8.77205 0.611785 0.845001
      vertex 8.77205 0.588215 0.845001
      vertex 8.7731 0.590434 0.845001
    endloop
  endfacet
  facet normal 0 0 1
    outer loop
      vertex 8.77079 0.613888 0.845001
      vertex 8.77205 0.588215 0.845001
      vertex 8.77205 0.611785 0.845001
    endloop
  endfacet
  facet normal 0 0 1
    outer loop
      vertex 8.77079 0.613888 0.845001
      vertex 8.77079 0.586112 0.845001
      vertex 8.77205 0.588215 0.845001
    endloop
  endfacet
  facet normal 0 0 1
    outer loop
      vertex 8.76933 0.61586 0.845001
      vertex 8.77079 0.586112 0.845001
      vertex 8.77079 0.613888 0.845001
    endloop
  endfacet
  facet normal 0 0 1
    outer loop
      vertex 8.76933 0.61586 0.845001
      vertex 8.76933 0.58414 0.845001
      vertex 8.77079 0.586112 0.845001
    endloop
  endfacet
  facet normal 0 0 1
    outer loop
      vertex 8.76768 0.617677 0.845001
      vertex 8.76933 0.58414 0.845001
      vertex 8.76933 0.61586 0.845001
    endloop
  endfacet
  facet normal 0 0 1
    outer loop
      vertex 8.76768 0.617677 0.845001
      vertex 8.76768 0.582323 0.845001
      vertex 8.76933 0.58414 0.845001
    endloop
  endfacet
  facet normal 0 0 1
    outer loop
      vertex 8.76586 0.619325 0.845001
      vertex 8.76768 0.582323 0.845001
      vertex 8.76768 0.617677 0.845001
    endloop
  endfacet
  facet normal 0 0 1
    outer loop
      vertex 8.76586 0.619325 0.845001
      vertex 8.76586 0.580675 0.845001
      vertex 8.76768 0.582323 0.845001
    endloop
  endfacet
  facet normal 0 0 1
    outer loop
      vertex 8.76389 0.620786 0.845001
      vertex 8.76586 0.580675 0.845001
      vertex 8.76586 0.619325 0.845001
    endloop
  endfacet
  facet normal 0 0 1
    outer loop
      vertex 8.76389 0.620786 0.845001
      vertex 8.76389 0.579214 0.845001
      vertex 8.76586 0.580675 0.845001
    endloop
  endfacet
  facet normal 0 0 1
    outer loop
      vertex 8.76178 0.622048 0.845001
      vertex 8.76389 0.579214 0.845001
      vertex 8.76389 0.620786 0.845001
    endloop
  endfacet
  facet normal 0 0 1
    outer loop
      vertex 8.76178 0.622048 0.845001
      vertex 8.76178 0.577952 0.845001
      vertex 8.76389 0.579214 0.845001
    endloop
  endfacet
  facet normal 0 0 1
    outer loop
      vertex 8.75957 0.623096 0.845001
      vertex 8.76178 0.577952 0.845001
      vertex 8.76178 0.622048 0.845001
    endloop
  endfacet
  facet normal 0 0 1
    outer loop
      vertex 8.75957 0.623096 0.845001
      vertex 8.75957 0.576904 0.845001
      vertex 8.76178 0.577952 0.845001
    endloop
  endfacet
  facet normal 0 0 1
    outer loop
      vertex 8.75726 0.623923 0.845001
      vertex 8.75957 0.576904 0.845001
      vertex 8.75957 0.623096 0.845001
    endloop
  endfacet
  facet normal 0 0 1
    outer loop
      vertex 8.75726 0.623923 0.845001
      vertex 8.75726 0.576077 0.845001
      vertex 8.75957 0.576904 0.845001
    endloop
  endfacet
  facet normal 0 0 1
    outer loop
      vertex 8.75488 0.624519 0.845001
      vertex 8.75726 0.576077 0.845001
      vertex 8.75726 0.623923 0.845001
    endloop
  endfacet
  facet normal 0 0 1
    outer loop
      vertex 8.75488 0.624519 0.845001
      vertex 8.75488 0.575481 0.845001
      vertex 8.75726 0.576077 0.845001
    endloop
  endfacet
  facet normal 0 0 1
    outer loop
      vertex 8.75245 0.624879 0.845001
      vertex 8.75488 0.575481 0.845001
      vertex 8.75488 0.624519 0.845001
    endloop
  endfacet
  facet normal 0 0 1
    outer loop
      vertex 8.75245 0.624879 0.845001
      vertex 8.75245 0.575121 0.845001
      vertex 8.75488 0.575481 0.845001
    endloop
  endfacet
  facet normal 0 0 1
    outer loop
      vertex 8.75 0.625 0.845001
      vertex 8.75245 0.575121 0.845001
      vertex 8.75245 0.624879 0.845001
    endloop
  endfacet
  facet normal 0 0 1
    outer loop
      vertex 8.75245 0.575121 0.845001
      vertex 8.75 0.625 0.845001
      vertex 8.75 0.575 0.845001
    endloop
  endfacet
  facet normal 0.595686 0.803218 -0
    outer loop
      vertex 8.76586 0.619325 0.695
      vertex 8.76389 0.620786 0.845001
      vertex 8.76586 0.619325 0.845001
    endloop
  endfacet
  facet normal 0.595686 0.803218 0
    outer loop
      vertex 8.76389 0.620786 0.845001
      vertex 8.76586 0.619325 0.695
      vertex 8.76389 0.620786 0.695
    endloop
  endfacet
  facet normal 0.428473 0.903555 -0
    outer loop
      vertex 8.76178 0.622048 0.695
      vertex 8.75957 0.623096 0.845001
      vertex 8.76178 0.622048 0.845001
    endloop
  endfacet
  facet normal 0.428473 0.903555 0
    outer loop
      vertex 8.75957 0.623096 0.845001
      vertex 8.76178 0.622048 0.695
      vertex 8.75957 0.623096 0.695
    endloop
  endfacet
  facet normal -0.940496 0.339806 0
    outer loop
      vertex 8.7269 0.609566 0.695
      vertex 8.72659 0.608708 0.821293
      vertex 8.7269 0.609566 0.8216
    endloop
  endfacet
  facet normal -0.942341 0.334655 0
    outer loop
      vertex 8.72608 0.607257 0.820929
      vertex 8.7269 0.609566 0.695
      vertex 8.72608 0.607257 0.695
    endloop
  endfacet
  facet normal -0.943417 0.33161 -6.28556e-05
    outer loop
      vertex 8.7269 0.609566 0.695
      vertex 8.72608 0.607257 0.820929
      vertex 8.72659 0.608708 0.821293
    endloop
  endfacet
  facet normal 0.513299 0.85821 -0
    outer loop
      vertex 8.76389 0.620786 0.695
      vertex 8.76178 0.622048 0.845001
      vertex 8.76389 0.620786 0.845001
    endloop
  endfacet
  facet normal 0.513299 0.85821 0
    outer loop
      vertex 8.76178 0.622048 0.845001
      vertex 8.76389 0.620786 0.695
      vertex 8.76178 0.622048 0.695
    endloop
  endfacet
  facet normal 0.942341 0.334655 0
    outer loop
      vertex 8.77392 0.607257 0.845001
      vertex 8.7731 0.609566 0.695
      vertex 8.7731 0.609566 0.845001
    endloop
  endfacet
  facet normal 0.942341 0.334655 0
    outer loop
      vertex 8.7731 0.609566 0.695
      vertex 8.77392 0.607257 0.845001
      vertex 8.77392 0.607257 0.695
    endloop
  endfacet
  facet normal 0.337059 0.941483 -0
    outer loop
      vertex 8.75957 0.623096 0.695
      vertex 8.75726 0.623923 0.845001
      vertex 8.75957 0.623096 0.845001
    endloop
  endfacet
  facet normal 0.337059 0.941483 0
    outer loop
      vertex 8.75726 0.623923 0.845001
      vertex 8.75957 0.623096 0.695
      vertex 8.75726 0.623923 0.695
    endloop
  endfacet
  facet normal -0.743258 0.669005 0
    outer loop
      vertex 8.73232 0.617677 0.695
      vertex 8.73141 0.616666 0.825057
      vertex 8.73232 0.617677 0.825806
    endloop
  endfacet
  facet normal -0.740309 0.672267 0
    outer loop
      vertex 8.73067 0.61586 0.824573
      vertex 8.73232 0.617677 0.695
      vertex 8.73067 0.61586 0.695
    endloop
  endfacet
  facet normal -0.736654 0.67627 0.000102683
    outer loop
      vertex 8.73232 0.617677 0.695
      vertex 8.73067 0.61586 0.824573
      vertex 8.73141 0.616666 0.825057
    endloop
  endfacet
  facet normal 0.513299 -0.85821 0
    outer loop
      vertex 8.76178 0.577952 0.695
      vertex 8.76389 0.579214 0.845001
      vertex 8.76178 0.577952 0.845001
    endloop
  endfacet
  facet normal 0.513299 -0.85821 0
    outer loop
      vertex 8.76389 0.579214 0.845001
      vertex 8.76178 0.577952 0.695
      vertex 8.76389 0.579214 0.695
    endloop
  endfacet
  facet normal -0.595686 -0.803218 0
    outer loop
      vertex 8.73611 0.579214 0.695
      vertex 8.73414 0.580675 0.827077
      vertex 8.73414 0.580675 0.695
    endloop
  endfacet
  facet normal -0.595686 -0.803218 0
    outer loop
      vertex 8.73414 0.580675 0.827077
      vertex 8.73611 0.579214 0.695
      vertex 8.73611 0.579214 0.828401
    endloop
  endfacet
  facet normal -0.857817 0.513956 0
    outer loop
      vertex 8.72795 0.611785 0.822428
      vertex 8.72921 0.613888 0.695
      vertex 8.72795 0.611785 0.695
    endloop
  endfacet
  facet normal -0.857817 0.513956 0
    outer loop
      vertex 8.72921 0.613888 0.695
      vertex 8.72795 0.611785 0.822428
      vertex 8.72921 0.613888 0.823424
    endloop
  endfacet
  facet normal -0.0493276 -0.998783 0
    outer loop
      vertex 8.75 0.575 0.695
      vertex 8.74755 0.575121 0.833247
      vertex 8.74755 0.575121 0.695
    endloop
  endfacet
  facet normal -0.0491714 -0.99879 2.77543e-06
    outer loop
      vertex 8.74755 0.575121 0.833247
      vertex 8.75 0.575 0.695
      vertex 8.74885 0.575057 0.833334
    endloop
  endfacet
  facet normal -0.0495044 -0.998774 0
    outer loop
      vertex 8.74885 0.575057 0.833334
      vertex 8.75 0.575 0.695
      vertex 8.75 0.575 0.833427
    endloop
  endfacet
  facet normal 0.857817 0.513956 0
    outer loop
      vertex 8.77205 0.611785 0.845001
      vertex 8.77079 0.613888 0.695
      vertex 8.77079 0.613888 0.845001
    endloop
  endfacet
  facet normal 0.857817 0.513956 0
    outer loop
      vertex 8.77079 0.613888 0.695
      vertex 8.77205 0.611785 0.845001
      vertex 8.77205 0.611785 0.695
    endloop
  endfacet
  facet normal 0.803702 -0.595033 0
    outer loop
      vertex 8.76933 0.58414 0.845001
      vertex 8.77079 0.586112 0.695
      vertex 8.77079 0.586112 0.845001
    endloop
  endfacet
  facet normal 0.803702 -0.595033 0
    outer loop
      vertex 8.77079 0.586112 0.695
      vertex 8.76933 0.58414 0.845001
      vertex 8.76933 0.58414 0.695
    endloop
  endfacet
  facet normal -0.804303 0.59422 0
    outer loop
      vertex 8.73067 0.61586 0.695
      vertex 8.7294 0.614141 0.823543
      vertex 8.73067 0.61586 0.824573
    endloop
  endfacet
  facet normal -0.803702 0.595033 0
    outer loop
      vertex 8.72921 0.613888 0.823424
      vertex 8.73067 0.61586 0.695
      vertex 8.72921 0.613888 0.695
    endloop
  endfacet
  facet normal -0.79965 0.600467 0.000129504
    outer loop
      vertex 8.73067 0.61586 0.695
      vertex 8.72921 0.613888 0.823424
      vertex 8.7294 0.614141 0.823543
    endloop
  endfacet
  facet normal -0.146549 0.989203 0
    outer loop
      vertex 8.74755 0.624879 0.695
      vertex 8.74512 0.624519 0.832761
      vertex 8.74755 0.624879 0.833247
    endloop
  endfacet
  facet normal -0.146549 0.989203 0
    outer loop
      vertex 8.74512 0.624519 0.832761
      vertex 8.74755 0.624879 0.695
      vertex 8.74512 0.624519 0.695
    endloop
  endfacet
  facet normal -0.968664 0.248375 0
    outer loop
      vertex 8.72608 0.607257 0.695
      vertex 8.72572 0.605853 0.820577
      vertex 8.72608 0.607257 0.820929
    endloop
  endfacet
  facet normal -0.969661 0.244452 0
    outer loop
      vertex 8.72548 0.604877 0.820433
      vertex 8.72608 0.607257 0.695
      vertex 8.72548 0.604877 0.695
    endloop
  endfacet
  facet normal -0.971068 0.238804 -0.000113903
    outer loop
      vertex 8.72608 0.607257 0.695
      vertex 8.72548 0.604877 0.820433
      vertex 8.72572 0.605853 0.820577
    endloop
  endfacet
  facet normal -0.969637 -0.244549 0
    outer loop
      vertex 8.72608 0.592744 0.695
      vertex 8.72548 0.595123 0.820433
      vertex 8.72548 0.595123 0.695
    endloop
  endfacet
  facet normal -0.971068 -0.238804 -0.000115802
    outer loop
      vertex 8.72548 0.595123 0.820433
      vertex 8.72608 0.592744 0.695
      vertex 8.72572 0.594147 0.820577
    endloop
  endfacet
  facet normal -0.968621 -0.248541 0
    outer loop
      vertex 8.72572 0.594147 0.820577
      vertex 8.72608 0.592744 0.695
      vertex 8.72608 0.592744 0.820929
    endloop
  endfacet
  facet normal 0.740309 -0.672267 0
    outer loop
      vertex 8.76768 0.582323 0.845001
      vertex 8.76933 0.58414 0.695
      vertex 8.76933 0.58414 0.845001
    endloop
  endfacet
  facet normal 0.740309 -0.672267 0
    outer loop
      vertex 8.76933 0.58414 0.695
      vertex 8.76768 0.582323 0.845001
      vertex 8.76768 0.582323 0.695
    endloop
  endfacet
  facet normal 0.942386 -0.334527 0
    outer loop
      vertex 8.7731 0.590434 0.845001
      vertex 8.77392 0.592744 0.695
      vertex 8.77392 0.592744 0.845001
    endloop
  endfacet
  facet normal 0.942386 -0.334527 0
    outer loop
      vertex 8.77392 0.592744 0.695
      vertex 8.7731 0.590434 0.845001
      vertex 8.7731 0.590434 0.695
    endloop
  endfacet
  facet normal 0.857817 -0.513956 0
    outer loop
      vertex 8.77079 0.586112 0.845001
      vertex 8.77205 0.588215 0.695
      vertex 8.77205 0.588215 0.845001
    endloop
  endfacet
  facet normal 0.857817 -0.513956 0
    outer loop
      vertex 8.77205 0.588215 0.695
      vertex 8.77079 0.586112 0.845001
      vertex 8.77079 0.586112 0.695
    endloop
  endfacet
  facet normal 0.242919 -0.970047 0
    outer loop
      vertex 8.75488 0.575481 0.695
      vertex 8.75726 0.576077 0.845001
      vertex 8.75488 0.575481 0.845001
    endloop
  endfacet
  facet normal 0.242919 -0.970047 0
    outer loop
      vertex 8.75726 0.576077 0.845001
      vertex 8.75488 0.575481 0.695
      vertex 8.75726 0.576077 0.695
    endloop
  endfacet
  facet normal -0.0495044 0.998774 0
    outer loop
      vertex 8.75 0.625 0.695
      vertex 8.74885 0.624943 0.833334
      vertex 8.75 0.625 0.833427
    endloop
  endfacet
  facet normal -0.0491714 0.99879 2.77543e-06
    outer loop
      vertex 8.75 0.625 0.695
      vertex 8.74755 0.624879 0.833247
      vertex 8.74885 0.624943 0.833334
    endloop
  endfacet
  facet normal -0.0493276 0.998783 0
    outer loop
      vertex 8.74755 0.624879 0.833247
      vertex 8.75 0.625 0.695
      vertex 8.74755 0.624879 0.695
    endloop
  endfacet
  facet normal 0.903912 -0.427719 0
    outer loop
      vertex 8.77205 0.588215 0.845001
      vertex 8.7731 0.590434 0.695
      vertex 8.7731 0.590434 0.845001
    endloop
  endfacet
  facet normal 0.903912 -0.427719 0
    outer loop
      vertex 8.7731 0.590434 0.695
      vertex 8.77205 0.588215 0.845001
      vertex 8.77205 0.588215 0.695
    endloop
  endfacet
  facet normal -0.595686 0.803218 0
    outer loop
      vertex 8.73611 0.620786 0.695
      vertex 8.73414 0.619325 0.827077
      vertex 8.73611 0.620786 0.828401
    endloop
  endfacet
  facet normal -0.595686 0.803218 0
    outer loop
      vertex 8.73414 0.619325 0.827077
      vertex 8.73611 0.620786 0.695
      vertex 8.73414 0.619325 0.695
    endloop
  endfacet
  facet normal 0.671212 -0.741266 0
    outer loop
      vertex 8.76586 0.580675 0.695
      vertex 8.76768 0.582323 0.845001
      vertex 8.76586 0.580675 0.845001
    endloop
  endfacet
  facet normal 0.671212 -0.741266 0
    outer loop
      vertex 8.76768 0.582323 0.845001
      vertex 8.76586 0.580675 0.695
      vertex 8.76768 0.582323 0.695
    endloop
  endfacet
  facet normal -0.671212 -0.741266 0
    outer loop
      vertex 8.73414 0.580675 0.695
      vertex 8.73232 0.582323 0.825806
      vertex 8.73232 0.582323 0.695
    endloop
  endfacet
  facet normal -0.670338 -0.742056 2.21077e-05
    outer loop
      vertex 8.73232 0.582323 0.825806
      vertex 8.73414 0.580675 0.695
      vertex 8.73382 0.580968 0.82681
    endloop
  endfacet
  facet normal -0.675307 -0.737537 0
    outer loop
      vertex 8.73382 0.580968 0.82681
      vertex 8.73414 0.580675 0.695
      vertex 8.73414 0.580675 0.827077
    endloop
  endfacet
  facet normal -0.903912 -0.427719 0
    outer loop
      vertex 8.72795 0.588215 0.695
      vertex 8.7269 0.590434 0.8216
      vertex 8.7269 0.590434 0.695
    endloop
  endfacet
  facet normal -0.903127 -0.429374 3.55206e-05
    outer loop
      vertex 8.7269 0.590434 0.8216
      vertex 8.72795 0.588215 0.695
      vertex 8.72781 0.58852 0.822284
    endloop
  endfacet
  facet normal -0.90883 -0.417168 0
    outer loop
      vertex 8.72781 0.58852 0.822284
      vertex 8.72795 0.588215 0.695
      vertex 8.72795 0.588215 0.822428
    endloop
  endfacet
  facet normal 0.146549 0.989203 -0
    outer loop
      vertex 8.75488 0.624519 0.695
      vertex 8.75245 0.624879 0.845001
      vertex 8.75488 0.624519 0.845001
    endloop
  endfacet
  facet normal 0.146549 0.989203 0
    outer loop
      vertex 8.75245 0.624879 0.845001
      vertex 8.75488 0.624519 0.695
      vertex 8.75245 0.624879 0.695
    endloop
  endfacet
  facet normal 0.242919 0.970047 -0
    outer loop
      vertex 8.75726 0.623923 0.695
      vertex 8.75488 0.624519 0.845001
      vertex 8.75726 0.623923 0.845001
    endloop
  endfacet
  facet normal 0.242919 0.970047 0
    outer loop
      vertex 8.75488 0.624519 0.845001
      vertex 8.75726 0.623923 0.695
      vertex 8.75488 0.624519 0.695
    endloop
  endfacet
  facet normal 0 0 -1
    outer loop
      vertex 8.77488 0.59755 0.695
      vertex 8.77488 0.60245 0.695
      vertex 8.775 0.6 0.695
    endloop
  endfacet
  facet normal 0 0 -1
    outer loop
      vertex 8.77452 0.595123 0.695
      vertex 8.77488 0.60245 0.695
      vertex 8.77488 0.59755 0.695
    endloop
  endfacet
  facet normal 0 0 -1
    outer loop
      vertex 8.77452 0.595123 0.695
      vertex 8.77452 0.604877 0.695
      vertex 8.77488 0.60245 0.695
    endloop
  endfacet
  facet normal 0 0 -1
    outer loop
      vertex 8.77392 0.592744 0.695
      vertex 8.77452 0.604877 0.695
      vertex 8.77452 0.595123 0.695
    endloop
  endfacet
  facet normal 0 0 -1
    outer loop
      vertex 8.77392 0.592744 0.695
      vertex 8.77392 0.607257 0.695
      vertex 8.77452 0.604877 0.695
    endloop
  endfacet
  facet normal 0 0 -1
    outer loop
      vertex 8.7731 0.590434 0.695
      vertex 8.77392 0.607257 0.695
      vertex 8.77392 0.592744 0.695
    endloop
  endfacet
  facet normal 0 0 -1
    outer loop
      vertex 8.7731 0.590434 0.695
      vertex 8.7731 0.609566 0.695
      vertex 8.77392 0.607257 0.695
    endloop
  endfacet
  facet normal 0 0 -1
    outer loop
      vertex 8.77205 0.588215 0.695
      vertex 8.7731 0.609566 0.695
      vertex 8.7731 0.590434 0.695
    endloop
  endfacet
  facet normal 0 0 -1
    outer loop
      vertex 8.77205 0.588215 0.695
      vertex 8.77205 0.611785 0.695
      vertex 8.7731 0.609566 0.695
    endloop
  endfacet
  facet normal 0 0 -1
    outer loop
      vertex 8.77079 0.586112 0.695
      vertex 8.77205 0.611785 0.695
      vertex 8.77205 0.588215 0.695
    endloop
  endfacet
  facet normal 0 0 -1
    outer loop
      vertex 8.77079 0.586112 0.695
      vertex 8.77079 0.613888 0.695
      vertex 8.77205 0.611785 0.695
    endloop
  endfacet
  facet normal 0 0 -1
    outer loop
      vertex 8.76933 0.58414 0.695
      vertex 8.77079 0.613888 0.695
      vertex 8.77079 0.586112 0.695
    endloop
  endfacet
  facet normal 0 0 -1
    outer loop
      vertex 8.76933 0.58414 0.695
      vertex 8.76933 0.61586 0.695
      vertex 8.77079 0.613888 0.695
    endloop
  endfacet
  facet normal 0 0 -1
    outer loop
      vertex 8.76768 0.582323 0.695
      vertex 8.76933 0.61586 0.695
      vertex 8.76933 0.58414 0.695
    endloop
  endfacet
  facet normal 0 0 -1
    outer loop
      vertex 8.76768 0.582323 0.695
      vertex 8.76768 0.617677 0.695
      vertex 8.76933 0.61586 0.695
    endloop
  endfacet
  facet normal 0 0 -1
    outer loop
      vertex 8.76586 0.580675 0.695
      vertex 8.76768 0.617677 0.695
      vertex 8.76768 0.582323 0.695
    endloop
  endfacet
  facet normal 0 0 -1
    outer loop
      vertex 8.76586 0.580675 0.695
      vertex 8.76586 0.619325 0.695
      vertex 8.76768 0.617677 0.695
    endloop
  endfacet
  facet normal 0 0 -1
    outer loop
      vertex 8.76389 0.579214 0.695
      vertex 8.76586 0.619325 0.695
      vertex 8.76586 0.580675 0.695
    endloop
  endfacet
  facet normal 0 0 -1
    outer loop
      vertex 8.76389 0.579214 0.695
      vertex 8.76389 0.620786 0.695
      vertex 8.76586 0.619325 0.695
    endloop
  endfacet
  facet normal 0 0 -1
    outer loop
      vertex 8.76178 0.577952 0.695
      vertex 8.76389 0.620786 0.695
      vertex 8.76389 0.579214 0.695
    endloop
  endfacet
  facet normal 0 0 -1
    outer loop
      vertex 8.76178 0.577952 0.695
      vertex 8.76178 0.622048 0.695
      vertex 8.76389 0.620786 0.695
    endloop
  endfacet
  facet normal 0 0 -1
    outer loop
      vertex 8.75957 0.576904 0.695
      vertex 8.76178 0.622048 0.695
      vertex 8.76178 0.577952 0.695
    endloop
  endfacet
  facet normal 0 0 -1
    outer loop
      vertex 8.75957 0.576904 0.695
      vertex 8.75957 0.623096 0.695
      vertex 8.76178 0.622048 0.695
    endloop
  endfacet
  facet normal 0 0 -1
    outer loop
      vertex 8.75726 0.576077 0.695
      vertex 8.75957 0.623096 0.695
      vertex 8.75957 0.576904 0.695
    endloop
  endfacet
  facet normal 0 0 -1
    outer loop
      vertex 8.75726 0.576077 0.695
      vertex 8.75726 0.623923 0.695
      vertex 8.75957 0.623096 0.695
    endloop
  endfacet
  facet normal 0 0 -1
    outer loop
      vertex 8.75488 0.575481 0.695
      vertex 8.75726 0.623923 0.695
      vertex 8.75726 0.576077 0.695
    endloop
  endfacet
  facet normal 0 0 -1
    outer loop
      vertex 8.75488 0.575481 0.695
      vertex 8.75488 0.624519 0.695
      vertex 8.75726 0.623923 0.695
    endloop
  endfacet
  facet normal 0 0 -1
    outer loop
      vertex 8.75245 0.575121 0.695
      vertex 8.75488 0.624519 0.695
      vertex 8.75488 0.575481 0.695
    endloop
  endfacet
  facet normal 0 0 -1
    outer loop
      vertex 8.75245 0.575121 0.695
      vertex 8.75245 0.624879 0.695
      vertex 8.75488 0.624519 0.695
    endloop
  endfacet
  facet normal 0 0 -1
    outer loop
      vertex 8.75 0.575 0.695
      vertex 8.75245 0.624879 0.695
      vertex 8.75245 0.575121 0.695
    endloop
  endfacet
  facet normal 0 0 -1
    outer loop
      vertex 8.75 0.575 0.695
      vertex 8.75 0.625 0.695
      vertex 8.75245 0.624879 0.695
    endloop
  endfacet
  facet normal 0 0 -1
    outer loop
      vertex 8.74755 0.575121 0.695
      vertex 8.75 0.625 0.695
      vertex 8.75 0.575 0.695
    endloop
  endfacet
  facet normal 0 0 -1
    outer loop
      vertex 8.74755 0.575121 0.695
      vertex 8.74755 0.624879 0.695
      vertex 8.75 0.625 0.695
    endloop
  endfacet
  facet normal 0 0 -1
    outer loop
      vertex 8.74512 0.575481 0.695
      vertex 8.74755 0.624879 0.695
      vertex 8.74755 0.575121 0.695
    endloop
  endfacet
  facet normal 0 0 -1
    outer loop
      vertex 8.74512 0.575481 0.695
      vertex 8.74512 0.624519 0.695
      vertex 8.74755 0.624879 0.695
    endloop
  endfacet
  facet normal 0 0 -1
    outer loop
      vertex 8.74274 0.576077 0.695
      vertex 8.74512 0.624519 0.695
      vertex 8.74512 0.575481 0.695
    endloop
  endfacet
  facet normal 0 0 -1
    outer loop
      vertex 8.74274 0.576077 0.695
      vertex 8.74274 0.623923 0.695
      vertex 8.74512 0.624519 0.695
    endloop
  endfacet
  facet normal 0 0 -1
    outer loop
      vertex 8.74043 0.576904 0.695
      vertex 8.74274 0.623923 0.695
      vertex 8.74274 0.576077 0.695
    endloop
  endfacet
  facet normal 0 0 -1
    outer loop
      vertex 8.74043 0.576904 0.695
      vertex 8.74043 0.623096 0.695
      vertex 8.74274 0.623923 0.695
    endloop
  endfacet
  facet normal 0 0 -1
    outer loop
      vertex 8.73822 0.577952 0.695
      vertex 8.74043 0.623096 0.695
      vertex 8.74043 0.576904 0.695
    endloop
  endfacet
  facet normal 0 0 -1
    outer loop
      vertex 8.73822 0.577952 0.695
      vertex 8.73822 0.622048 0.695
      vertex 8.74043 0.623096 0.695
    endloop
  endfacet
  facet normal 0 0 -1
    outer loop
      vertex 8.73611 0.579214 0.695
      vertex 8.73822 0.622048 0.695
      vertex 8.73822 0.577952 0.695
    endloop
  endfacet
  facet normal 0 0 -1
    outer loop
      vertex 8.73611 0.579214 0.695
      vertex 8.73611 0.620786 0.695
      vertex 8.73822 0.622048 0.695
    endloop
  endfacet
  facet normal 0 0 -1
    outer loop
      vertex 8.73414 0.580675 0.695
      vertex 8.73611 0.620786 0.695
      vertex 8.73611 0.579214 0.695
    endloop
  endfacet
  facet normal 0 0 -1
    outer loop
      vertex 8.73414 0.580675 0.695
      vertex 8.73414 0.619325 0.695
      vertex 8.73611 0.620786 0.695
    endloop
  endfacet
  facet normal 0 0 -1
    outer loop
      vertex 8.73232 0.582323 0.695
      vertex 8.73414 0.619325 0.695
      vertex 8.73414 0.580675 0.695
    endloop
  endfacet
  facet normal 0 0 -1
    outer loop
      vertex 8.73232 0.582323 0.695
      vertex 8.73232 0.617677 0.695
      vertex 8.73414 0.619325 0.695
    endloop
  endfacet
  facet normal 0 0 -1
    outer loop
      vertex 8.73067 0.58414 0.695
      vertex 8.73232 0.617677 0.695
      vertex 8.73232 0.582323 0.695
    endloop
  endfacet
  facet normal 0 0 -1
    outer loop
      vertex 8.73067 0.58414 0.695
      vertex 8.73067 0.61586 0.695
      vertex 8.73232 0.617677 0.695
    endloop
  endfacet
  facet normal 0 0 -1
    outer loop
      vertex 8.72921 0.586112 0.695
      vertex 8.73067 0.61586 0.695
      vertex 8.73067 0.58414 0.695
    endloop
  endfacet
  facet normal 0 0 -1
    outer loop
      vertex 8.72921 0.586112 0.695
      vertex 8.72921 0.613888 0.695
      vertex 8.73067 0.61586 0.695
    endloop
  endfacet
  facet normal 0 0 -1
    outer loop
      vertex 8.72795 0.588215 0.695
      vertex 8.72921 0.613888 0.695
      vertex 8.72921 0.586112 0.695
    endloop
  endfacet
  facet normal 0 0 -1
    outer loop
      vertex 8.72795 0.588215 0.695
      vertex 8.72795 0.611785 0.695
      vertex 8.72921 0.613888 0.695
    endloop
  endfacet
  facet normal 0 0 -1
    outer loop
      vertex 8.7269 0.590434 0.695
      vertex 8.72795 0.611785 0.695
      vertex 8.72795 0.588215 0.695
    endloop
  endfacet
  facet normal 0 0 -1
    outer loop
      vertex 8.7269 0.590434 0.695
      vertex 8.7269 0.609566 0.695
      vertex 8.72795 0.611785 0.695
    endloop
  endfacet
  facet normal 0 0 -1
    outer loop
      vertex 8.72608 0.592744 0.695
      vertex 8.7269 0.609566 0.695
      vertex 8.7269 0.590434 0.695
    endloop
  endfacet
  facet normal 0 0 -1
    outer loop
      vertex 8.72608 0.592744 0.695
      vertex 8.72608 0.607257 0.695
      vertex 8.7269 0.609566 0.695
    endloop
  endfacet
  facet normal 0 0 -1
    outer loop
      vertex 8.72548 0.595123 0.695
      vertex 8.72608 0.607257 0.695
      vertex 8.72608 0.592744 0.695
    endloop
  endfacet
  facet normal 0 0 -1
    outer loop
      vertex 8.72548 0.595123 0.695
      vertex 8.72548 0.604877 0.695
      vertex 8.72608 0.607257 0.695
    endloop
  endfacet
  facet normal 0 0 -1
    outer loop
      vertex 8.72512 0.59755 0.695
      vertex 8.72548 0.604877 0.695
      vertex 8.72548 0.595123 0.695
    endloop
  endfacet
  facet normal 0 0 -1
    outer loop
      vertex 8.72512 0.59755 0.695
      vertex 8.72512 0.60245 0.695
      vertex 8.72548 0.604877 0.695
    endloop
  endfacet
  facet normal 0 -0 -1
    outer loop
      vertex 8.72512 0.60245 0.695
      vertex 8.72512 0.59755 0.695
      vertex 8.725 0.6 0.695
    endloop
  endfacet
  facet normal 0 0.242855 -0.970063
    outer loop
      vertex 8.45 1.30871 0.821293
      vertex 8.72572 1.30585 0.820577
      vertex 8.45 1.30585 0.820577
    endloop
  endfacet
  facet normal -7.06893e-06 0.242213 -0.970223
    outer loop
      vertex 8.72572 1.30585 0.820577
      vertex 8.45 1.30871 0.821293
      vertex 8.72608 1.30726 0.820929
    endloop
  endfacet
  facet normal 0 0.24348 -0.969906
    outer loop
      vertex 8.72608 1.30726 0.820929
      vertex 8.45 1.30871 0.821293
      vertex 8.72659 1.30871 0.821293
    endloop
  endfacet
  facet normal 0 -0.941742 -0.336336
    outer loop
      vertex 8.45 1.27228 0.83852
      vertex 8.75 1.27129 0.841292
      vertex 8.45 1.27129 0.841292
    endloop
  endfacet
  facet normal 0 -0.941742 -0.336336
    outer loop
      vertex 8.75 1.27129 0.841292
      vertex 8.45 1.27228 0.83852
      vertex 8.75 1.27228 0.83852
    endloop
  endfacet
  facet normal 0 0.740401 0.672166
    outer loop
      vertex 8.75 1.32319 0.869032
      vertex 8.45 1.32121 0.871213
      vertex 8.75 1.32121 0.871213
    endloop
  endfacet
  facet normal 0 0.740401 0.672166
    outer loop
      vertex 8.45 1.32121 0.871213
      vertex 8.75 1.32319 0.869032
      vertex 8.45 1.32319 0.869032
    endloop
  endfacet
  facet normal 0 -0.242536 0.970143
    outer loop
      vertex 8.45 1.29415 0.879423
      vertex 8.75 1.29129 0.878708
      vertex 8.75 1.29415 0.879423
    endloop
  endfacet
  facet normal 0 -0.242536 0.970143
    outer loop
      vertex 8.75 1.29129 0.878708
      vertex 8.45 1.29415 0.879423
      vertex 8.45 1.29129 0.878708
    endloop
  endfacet
  facet normal 0 0.0492599 -0.998786
    outer loop
      vertex 8.45 1.30294 0.820145
      vertex 8.725 1.3 0.82
      vertex 8.45 1.3 0.82
    endloop
  endfacet
  facet normal 7.26007e-07 0.0493276 -0.998783
    outer loop
      vertex 8.725 1.3 0.82
      vertex 8.45 1.30294 0.820145
      vertex 8.72512 1.30245 0.820121
    endloop
  endfacet
  facet normal 0 0.0489209 -0.998803
    outer loop
      vertex 8.72512 1.30245 0.820121
      vertex 8.45 1.30294 0.820145
      vertex 8.72519 1.30294 0.820145
    endloop
  endfacet
  facet normal 0 -0.970442 0.241336
    outer loop
      vertex 8.45 1.27058 0.855853
      vertex 8.75 1.27129 0.858708
      vertex 8.45 1.27129 0.858708
    endloop
  endfacet
  facet normal 0 -0.970442 0.241336
    outer loop
      vertex 8.75 1.27129 0.858708
      vertex 8.45 1.27058 0.855853
      vertex 8.75 1.27058 0.855853
    endloop
  endfacet
  facet normal 0 -0.856744 0.515743
    outer loop
      vertex 8.45 1.27354 0.864141
      vertex 8.75 1.27506 0.866666
      vertex 8.45 1.27506 0.866666
    endloop
  endfacet
  facet normal 0 -0.856744 0.515743
    outer loop
      vertex 8.75 1.27506 0.866666
      vertex 8.45 1.27354 0.864141
      vertex 8.75 1.27354 0.864141
    endloop
  endfacet
  facet normal -0 0.671776 0.740754
    outer loop
      vertex 8.45 1.32121 0.871213
      vertex 8.75 1.31903 0.87319
      vertex 8.75 1.32121 0.871213
    endloop
  endfacet
  facet normal 0 0.671776 0.740754
    outer loop
      vertex 8.75 1.31903 0.87319
      vertex 8.45 1.32121 0.871213
      vertex 8.45 1.31903 0.87319
    endloop
  endfacet
  facet normal 0 0.427809 -0.903869
    outer loop
      vertex 8.45 1.31414 0.823543
      vertex 8.72781 1.31148 0.822284
      vertex 8.45 1.31148 0.822284
    endloop
  endfacet
  facet normal 5.75066e-05 0.432709 -0.901534
    outer loop
      vertex 8.72781 1.31148 0.822284
      vertex 8.45 1.31414 0.823543
      vertex 8.72795 1.31178 0.822428
    endloop
  endfacet
  facet normal -3.20641e-06 0.426872 -0.904312
    outer loop
      vertex 8.72795 1.31178 0.822428
      vertex 8.45 1.31414 0.823543
      vertex 8.72921 1.31389 0.823424
    endloop
  endfacet
  facet normal 0 0.429793 -0.902927
    outer loop
      vertex 8.72921 1.31389 0.823424
      vertex 8.45 1.31414 0.823543
      vertex 8.7294 1.31414 0.823543
    endloop
  endfacet
  facet normal 0 0.941742 0.336336
    outer loop
      vertex 8.75 1.32871 0.858708
      vertex 8.45 1.32772 0.86148
      vertex 8.75 1.32772 0.86148
    endloop
  endfacet
  facet normal 0 0.941742 0.336336
    outer loop
      vertex 8.45 1.32772 0.86148
      vertex 8.75 1.32871 0.858708
      vertex 8.45 1.32871 0.858708
    endloop
  endfacet
  facet normal 0 -0.998701 -0.0509541
    outer loop
      vertex 8.45 1.27015 0.84706
      vertex 8.75 1.27 0.85
      vertex 8.45 1.27 0.85
    endloop
  endfacet
  facet normal 0 -0.998701 -0.0509541
    outer loop
      vertex 8.75 1.27 0.85
      vertex 8.45 1.27015 0.84706
      vertex 8.75 1.27015 0.84706
    endloop
  endfacet
  facet normal 1 0 0
    outer loop
      vertex 8.75 1.325 0.845001
      vertex 8.75 1.33 0.85
      vertex 8.75 1.32985 0.85294
    endloop
  endfacet
  facet normal 1 0 0
    outer loop
      vertex 8.75 1.325 0.845001
      vertex 8.75 1.32985 0.85294
      vertex 8.75 1.32942 0.855853
    endloop
  endfacet
  facet normal 1 0 0
    outer loop
      vertex 8.75 1.33 0.85
      vertex 8.75 1.325 0.845001
      vertex 8.75 1.32985 0.84706
    endloop
  endfacet
  facet normal 1 0 0
    outer loop
      vertex 8.75 1.325 0.845001
      vertex 8.75 1.32942 0.855853
      vertex 8.75 1.32871 0.858708
    endloop
  endfacet
  facet normal 1 0 0
    outer loop
      vertex 8.75 1.32985 0.84706
      vertex 8.75 1.325 0.845001
      vertex 8.75 1.32942 0.844147
    endloop
  endfacet
  facet normal 1 0 0
    outer loop
      vertex 8.75 1.325 0.845001
      vertex 8.75 1.32871 0.858708
      vertex 8.75 1.32772 0.86148
    endloop
  endfacet
  facet normal 1 0 0
    outer loop
      vertex 8.75 1.32942 0.844147
      vertex 8.75 1.325 0.845001
      vertex 8.75 1.32871 0.841292
    endloop
  endfacet
  facet normal 1 0 0
    outer loop
      vertex 8.75 1.325 0.845001
      vertex 8.75 1.32772 0.86148
      vertex 8.75 1.32646 0.864141
    endloop
  endfacet
  facet normal 1 0 0
    outer loop
      vertex 8.75 1.32871 0.841292
      vertex 8.75 1.325 0.845001
      vertex 8.75 1.32772 0.83852
    endloop
  endfacet
  facet normal 1 0 0
    outer loop
      vertex 8.75 1.32772 0.83852
      vertex 8.75 1.325 0.845001
      vertex 8.75 1.32646 0.835859
    endloop
  endfacet
  facet normal 1 0 0
    outer loop
      vertex 8.75 1.32494 0.866666
      vertex 8.75 1.325 0.845001
      vertex 8.75 1.32646 0.864141
    endloop
  endfacet
  facet normal 1 0 0
    outer loop
      vertex 8.75 1.32319 0.869032
      vertex 8.75 1.325 0.845001
      vertex 8.75 1.32494 0.866666
    endloop
  endfacet
  facet normal 1 0 0
    outer loop
      vertex 8.75 1.32121 0.871213
      vertex 8.75 1.325 0.845001
      vertex 8.75 1.32319 0.869032
    endloop
  endfacet
  facet normal 1 0 0
    outer loop
      vertex 8.75 1.31903 0.87319
      vertex 8.75 1.325 0.845001
      vertex 8.75 1.32121 0.871213
    endloop
  endfacet
  facet normal 1 0 0
    outer loop
      vertex 8.75 1.31667 0.874943
      vertex 8.75 1.325 0.845001
      vertex 8.75 1.31903 0.87319
    endloop
  endfacet
  facet normal 1 0 0
    outer loop
      vertex 8.75 1.31414 0.876457
      vertex 8.75 1.325 0.845001
      vertex 8.75 1.31667 0.874943
    endloop
  endfacet
  facet normal 1 0 0
    outer loop
      vertex 8.75 1.31148 0.877716
      vertex 8.75 1.325 0.845001
      vertex 8.75 1.31414 0.876457
    endloop
  endfacet
  facet normal 1 0 0
    outer loop
      vertex 8.75 1.30871 0.878708
      vertex 8.75 1.325 0.845001
      vertex 8.75 1.31148 0.877716
    endloop
  endfacet
  facet normal 1 0 0
    outer loop
      vertex 8.75 1.30585 0.879423
      vertex 8.75 1.325 0.845001
      vertex 8.75 1.30871 0.878708
    endloop
  endfacet
  facet normal 1 0 0
    outer loop
      vertex 8.75 1.30294 0.879855
      vertex 8.75 1.325 0.845001
      vertex 8.75 1.30585 0.879423
    endloop
  endfacet
  facet normal 1 0 0
    outer loop
      vertex 8.75 1.3 0.88
      vertex 8.75 1.325 0.845001
      vertex 8.75 1.30294 0.879855
    endloop
  endfacet
  facet normal 1 -0 0
    outer loop
      vertex 8.75 1.29706 0.879855
      vertex 8.75 1.325 0.845001
      vertex 8.75 1.3 0.88
    endloop
  endfacet
  facet normal 1 0 0
    outer loop
      vertex 8.75 1.275 0.845001
      vertex 8.75 1.29706 0.879855
      vertex 8.75 1.29415 0.879423
    endloop
  endfacet
  facet normal 1 0 0
    outer loop
      vertex 8.75 1.275 0.845001
      vertex 8.75 1.29415 0.879423
      vertex 8.75 1.29129 0.878708
    endloop
  endfacet
  facet normal 1 0 0
    outer loop
      vertex 8.75 1.275 0.845001
      vertex 8.75 1.29129 0.878708
      vertex 8.75 1.28852 0.877716
    endloop
  endfacet
  facet normal 1 0 0
    outer loop
      vertex 8.75 1.275 0.845001
      vertex 8.75 1.28852 0.877716
      vertex 8.75 1.28586 0.876457
    endloop
  endfacet
  facet normal 1 0 0
    outer loop
      vertex 8.75 1.275 0.845001
      vertex 8.75 1.28586 0.876457
      vertex 8.75 1.28333 0.874943
    endloop
  endfacet
  facet normal 1 0 0
    outer loop
      vertex 8.75 1.275 0.845001
      vertex 8.75 1.28333 0.874943
      vertex 8.75 1.28097 0.87319
    endloop
  endfacet
  facet normal 1 0 0
    outer loop
      vertex 8.75 1.275 0.845001
      vertex 8.75 1.28097 0.87319
      vertex 8.75 1.27879 0.871213
    endloop
  endfacet
  facet normal 1 0 0
    outer loop
      vertex 8.75 1.275 0.845001
      vertex 8.75 1.27879 0.871213
      vertex 8.75 1.27681 0.869032
    endloop
  endfacet
  facet normal 1 0 0
    outer loop
      vertex 8.75 1.275 0.845001
      vertex 8.75 1.27681 0.869032
      vertex 8.75 1.27506 0.866666
    endloop
  endfacet
  facet normal 1 0 0
    outer loop
      vertex 8.75 1.29706 0.879855
      vertex 8.75 1.275 0.845001
      vertex 8.75 1.325 0.845001
    endloop
  endfacet
  facet normal 1 -0 0
    outer loop
      vertex 8.75 1.27354 0.864141
      vertex 8.75 1.275 0.845001
      vertex 8.75 1.27506 0.866666
    endloop
  endfacet
  facet normal 1 -0 0
    outer loop
      vertex 8.75 1.27228 0.86148
      vertex 8.75 1.275 0.845001
      vertex 8.75 1.27354 0.864141
    endloop
  endfacet
  facet normal 1 0 0
    outer loop
      vertex 8.75 1.275 0.845001
      vertex 8.75 1.27354 0.835859
      vertex 8.75 1.275 0.833427
    endloop
  endfacet
  facet normal 1 -0 0
    outer loop
      vertex 8.75 1.27129 0.858708
      vertex 8.75 1.275 0.845001
      vertex 8.75 1.27228 0.86148
    endloop
  endfacet
  facet normal 1 0 0
    outer loop
      vertex 8.75 1.275 0.845001
      vertex 8.75 1.27228 0.83852
      vertex 8.75 1.27354 0.835859
    endloop
  endfacet
  facet normal 1 -0 0
    outer loop
      vertex 8.75 1.27058 0.855853
      vertex 8.75 1.275 0.845001
      vertex 8.75 1.27129 0.858708
    endloop
  endfacet
  facet normal 1 0 0
    outer loop
      vertex 8.75 1.275 0.845001
      vertex 8.75 1.27129 0.841292
      vertex 8.75 1.27228 0.83852
    endloop
  endfacet
  facet normal 1 -0 0
    outer loop
      vertex 8.75 1.27015 0.85294
      vertex 8.75 1.275 0.845001
      vertex 8.75 1.27058 0.855853
    endloop
  endfacet
  facet normal 1 0 0
    outer loop
      vertex 8.75 1.275 0.845001
      vertex 8.75 1.27058 0.844147
      vertex 8.75 1.27129 0.841292
    endloop
  endfacet
  facet normal 1 -0 0
    outer loop
      vertex 8.75 1.27 0.85
      vertex 8.75 1.275 0.845001
      vertex 8.75 1.27015 0.85294
    endloop
  endfacet
  facet normal 1 0 0
    outer loop
      vertex 8.75 1.275 0.845001
      vertex 8.75 1.27015 0.84706
      vertex 8.75 1.27058 0.844147
    endloop
  endfacet
  facet normal 1 0 0
    outer loop
      vertex 8.75 1.275 0.845001
      vertex 8.75 1.27 0.85
      vertex 8.75 1.27015 0.84706
    endloop
  endfacet
  facet normal 1 0 0
    outer loop
      vertex 8.75 1.32646 0.835859
      vertex 8.75 1.325 0.845001
      vertex 8.75 1.325 0.833427
    endloop
  endfacet
  facet normal 0 0.998701 0.0509541
    outer loop
      vertex 8.75 1.33 0.85
      vertex 8.45 1.32985 0.85294
      vertex 8.75 1.32985 0.85294
    endloop
  endfacet
  facet normal 0 0.998701 0.0509541
    outer loop
      vertex 8.45 1.32985 0.85294
      vertex 8.75 1.33 0.85
      vertex 8.45 1.33 0.85
    endloop
  endfacet
  facet normal 0 0.98928 0.146032
    outer loop
      vertex 8.75 1.32985 0.85294
      vertex 8.45 1.32942 0.855853
      vertex 8.75 1.32942 0.855853
    endloop
  endfacet
  facet normal 0 0.98928 0.146032
    outer loop
      vertex 8.45 1.32942 0.855853
      vertex 8.75 1.32985 0.85294
      vertex 8.45 1.32985 0.85294
    endloop
  endfacet
  facet normal 0 0.98928 -0.146032
    outer loop
      vertex 8.75 1.32942 0.844147
      vertex 8.45 1.32985 0.84706
      vertex 8.75 1.32985 0.84706
    endloop
  endfacet
  facet normal 0 0.98928 -0.146032
    outer loop
      vertex 8.45 1.32985 0.84706
      vertex 8.75 1.32942 0.844147
      vertex 8.45 1.32942 0.844147
    endloop
  endfacet
  facet normal -0.00310844 0.857364 -0.514701
    outer loop
      vertex 8.74885 1.32494 0.833334
      vertex 8.75 1.32646 0.835859
      vertex 8.75 1.325 0.833427
    endloop
  endfacet
  facet normal 0 0.856744 -0.515743
    outer loop
      vertex 8.75 1.32646 0.835859
      vertex 8.74885 1.32494 0.833334
      vertex 8.45 1.32646 0.835859
    endloop
  endfacet
  facet normal 0 0.856744 -0.515743
    outer loop
      vertex 8.45 1.32646 0.835859
      vertex 8.74885 1.32494 0.833334
      vertex 8.45 1.32494 0.833334
    endloop
  endfacet
  facet normal 0 -0.0492599 0.998786
    outer loop
      vertex 8.45 1.3 0.88
      vertex 8.75 1.29706 0.879855
      vertex 8.75 1.3 0.88
    endloop
  endfacet
  facet normal 0 -0.0492599 0.998786
    outer loop
      vertex 8.75 1.29706 0.879855
      vertex 8.45 1.3 0.88
      vertex 8.45 1.29706 0.879855
    endloop
  endfacet
  facet normal -0 0.427809 0.903869
    outer loop
      vertex 8.45 1.31414 0.876457
      vertex 8.75 1.31148 0.877716
      vertex 8.75 1.31414 0.876457
    endloop
  endfacet
  facet normal 0 0.427809 0.903869
    outer loop
      vertex 8.75 1.31148 0.877716
      vertex 8.45 1.31414 0.876457
      vertex 8.45 1.31148 0.877716
    endloop
  endfacet
  facet normal 0 -0.24348 -0.969906
    outer loop
      vertex 8.45 1.29129 0.821293
      vertex 8.72608 1.29274 0.820929
      vertex 8.72659 1.29129 0.821293
    endloop
  endfacet
  facet normal -7.06893e-06 -0.242213 -0.970223
    outer loop
      vertex 8.45 1.29129 0.821293
      vertex 8.72572 1.29415 0.820577
      vertex 8.72608 1.29274 0.820929
    endloop
  endfacet
  facet normal -0 -0.242855 -0.970063
    outer loop
      vertex 8.72572 1.29415 0.820577
      vertex 8.45 1.29129 0.821293
      vertex 8.45 1.29415 0.820577
    endloop
  endfacet
  facet normal 0 0.753029 -0.657987
    outer loop
      vertex 8.74043 1.3231 0.830865
      vertex 8.45 1.32319 0.830968
      vertex 8.74069 1.32319 0.830968
    endloop
  endfacet
  facet normal -9.05565e-06 0.740238 -0.672345
    outer loop
      vertex 8.73822 1.32205 0.829709
      vertex 8.45 1.32319 0.830968
      vertex 8.74043 1.3231 0.830865
    endloop
  endfacet
  facet normal -1.79072e-05 0.739228 -0.673456
    outer loop
      vertex 8.73682 1.32121 0.828787
      vertex 8.45 1.32319 0.830968
      vertex 8.73822 1.32205 0.829709
    endloop
  endfacet
  facet normal 0 0.740401 -0.672166
    outer loop
      vertex 8.45 1.32319 0.830968
      vertex 8.73682 1.32121 0.828787
      vertex 8.45 1.32121 0.828787
    endloop
  endfacet
  facet normal 0 0.596293 -0.802767
    outer loop
      vertex 8.45 1.31903 0.82681
      vertex 8.73141 1.31667 0.825057
      vertex 8.45 1.31667 0.825057
    endloop
  endfacet
  facet normal -8.10602e-06 0.59567 -0.80323
    outer loop
      vertex 8.73141 1.31667 0.825057
      vertex 8.45 1.31903 0.82681
      vertex 8.73232 1.31768 0.825806
    endloop
  endfacet
  facet normal 0 0.596762 -0.802419
    outer loop
      vertex 8.73232 1.31768 0.825806
      vertex 8.45 1.31903 0.82681
      vertex 8.73382 1.31903 0.82681
    endloop
  endfacet
  facet normal 0 0.823213 -0.567733
    outer loop
      vertex 8.74755 1.32488 0.833247
      vertex 8.45 1.32494 0.833334
      vertex 8.74885 1.32494 0.833334
    endloop
  endfacet
  facet normal -1.19855e-05 0.803586 -0.595189
    outer loop
      vertex 8.74512 1.32452 0.832761
      vertex 8.45 1.32494 0.833334
      vertex 8.74755 1.32488 0.833247
    endloop
  endfacet
  facet normal -2.05537e-05 0.801462 -0.598045
    outer loop
      vertex 8.74274 1.32392 0.831957
      vertex 8.45 1.32494 0.833334
      vertex 8.74512 1.32452 0.832761
    endloop
  endfacet
  facet normal 9.82498e-06 0.804555 -0.593878
    outer loop
      vertex 8.74069 1.32319 0.830968
      vertex 8.45 1.32494 0.833334
      vertex 8.74274 1.32392 0.831957
    endloop
  endfacet
  facet normal 0 0.803978 -0.594659
    outer loop
      vertex 8.45 1.32494 0.833334
      vertex 8.74069 1.32319 0.830968
      vertex 8.45 1.32319 0.830968
    endloop
  endfacet
  facet normal 0 0.803978 0.594659
    outer loop
      vertex 8.75 1.32494 0.866666
      vertex 8.45 1.32319 0.869032
      vertex 8.75 1.32319 0.869032
    endloop
  endfacet
  facet normal 0 0.803978 0.594659
    outer loop
      vertex 8.45 1.32319 0.869032
      vertex 8.75 1.32494 0.866666
      vertex 8.45 1.32494 0.866666
    endloop
  endfacet
  facet normal 0 0.9038 -0.427955
    outer loop
      vertex 8.75 1.32646 0.835859
      vertex 8.45 1.32772 0.83852
      vertex 8.75 1.32772 0.83852
    endloop
  endfacet
  facet normal 0 0.9038 -0.427955
    outer loop
      vertex 8.45 1.32772 0.83852
      vertex 8.75 1.32646 0.835859
      vertex 8.45 1.32646 0.835859
    endloop
  endfacet
  facet normal 0 -0.856744 -0.515743
    outer loop
      vertex 8.74885 1.27506 0.833334
      vertex 8.75 1.27354 0.835859
      vertex 8.45 1.27354 0.835859
    endloop
  endfacet
  facet normal -0 -0.856744 -0.515743
    outer loop
      vertex 8.74885 1.27506 0.833334
      vertex 8.45 1.27354 0.835859
      vertex 8.45 1.27506 0.833334
    endloop
  endfacet
  facet normal -0.00310844 -0.857364 -0.514701
    outer loop
      vertex 8.75 1.27354 0.835859
      vertex 8.74885 1.27506 0.833334
      vertex 8.75 1.275 0.833427
    endloop
  endfacet
  facet normal 0 0.146844 -0.98916
    outer loop
      vertex 8.45 1.30585 0.820577
      vertex 8.72519 1.30294 0.820145
      vertex 8.45 1.30294 0.820145
    endloop
  endfacet
  facet normal -2.58346e-16 0.146844 -0.98916
    outer loop
      vertex 8.72519 1.30294 0.820145
      vertex 8.45 1.30585 0.820577
      vertex 8.72548 1.30488 0.820433
    endloop
  endfacet
  facet normal 0 0.146844 -0.98916
    outer loop
      vertex 8.72548 1.30488 0.820433
      vertex 8.45 1.30585 0.820577
      vertex 8.72572 1.30585 0.820577
    endloop
  endfacet
  facet normal 0 -0.146844 -0.98916
    outer loop
      vertex 8.45 1.29415 0.820577
      vertex 8.72548 1.29512 0.820433
      vertex 8.72572 1.29415 0.820577
    endloop
  endfacet
  facet normal -1.40043e-16 -0.146844 -0.98916
    outer loop
      vertex 8.45 1.29415 0.820577
      vertex 8.72519 1.29706 0.820145
      vertex 8.72548 1.29512 0.820433
    endloop
  endfacet
  facet normal -0 -0.146844 -0.98916
    outer loop
      vertex 8.72519 1.29706 0.820145
      vertex 8.45 1.29415 0.820577
      vertex 8.45 1.29706 0.820145
    endloop
  endfacet
  facet normal -0 0.337154 0.941449
    outer loop
      vertex 8.45 1.31148 0.877716
      vertex 8.75 1.30871 0.878708
      vertex 8.75 1.31148 0.877716
    endloop
  endfacet
  facet normal 0 0.337154 0.941449
    outer loop
      vertex 8.75 1.30871 0.878708
      vertex 8.45 1.31148 0.877716
      vertex 8.45 1.30871 0.878708
    endloop
  endfacet
  facet normal 0 -0.429793 -0.902927
    outer loop
      vertex 8.45 1.28586 0.823543
      vertex 8.72921 1.28611 0.823424
      vertex 8.7294 1.28586 0.823543
    endloop
  endfacet
  facet normal -3.20641e-06 -0.426872 -0.904312
    outer loop
      vertex 8.45 1.28586 0.823543
      vertex 8.72795 1.28822 0.822428
      vertex 8.72921 1.28611 0.823424
    endloop
  endfacet
  facet normal 5.75066e-05 -0.432709 -0.901534
    outer loop
      vertex 8.45 1.28586 0.823543
      vertex 8.72781 1.28852 0.822284
      vertex 8.72795 1.28822 0.822428
    endloop
  endfacet
  facet normal -0 -0.427809 -0.903869
    outer loop
      vertex 8.72781 1.28852 0.822284
      vertex 8.45 1.28586 0.823543
      vertex 8.45 1.28852 0.822284
    endloop
  endfacet
  facet normal 0 0.970442 -0.241336
    outer loop
      vertex 8.75 1.32871 0.841292
      vertex 8.45 1.32942 0.844147
      vertex 8.75 1.32942 0.844147
    endloop
  endfacet
  facet normal 0 0.970442 -0.241336
    outer loop
      vertex 8.45 1.32942 0.844147
      vertex 8.75 1.32871 0.841292
      vertex 8.45 1.32871 0.841292
    endloop
  endfacet
  facet normal 0 -0.0489209 -0.998803
    outer loop
      vertex 8.45 1.29706 0.820145
      vertex 8.72512 1.29755 0.820121
      vertex 8.72519 1.29706 0.820145
    endloop
  endfacet
  facet normal 7.26007e-07 -0.0493276 -0.998783
    outer loop
      vertex 8.45 1.29706 0.820145
      vertex 8.725 1.3 0.82
      vertex 8.72512 1.29755 0.820121
    endloop
  endfacet
  facet normal -0 -0.0492599 -0.998786
    outer loop
      vertex 8.725 1.3 0.82
      vertex 8.45 1.29706 0.820145
      vertex 8.45 1.3 0.82
    endloop
  endfacet
  facet normal 0 -0.337154 0.941449
    outer loop
      vertex 8.45 1.29129 0.878708
      vertex 8.75 1.28852 0.877716
      vertex 8.75 1.29129 0.878708
    endloop
  endfacet
  facet normal 0 -0.337154 0.941449
    outer loop
      vertex 8.75 1.28852 0.877716
      vertex 8.45 1.29129 0.878708
      vertex 8.45 1.28852 0.877716
    endloop
  endfacet
  facet normal 0 -0.427809 0.903869
    outer loop
      vertex 8.45 1.28852 0.877716
      vertex 8.75 1.28586 0.876457
      vertex 8.75 1.28852 0.877716
    endloop
  endfacet
  facet normal 0 -0.427809 0.903869
    outer loop
      vertex 8.75 1.28586 0.876457
      vertex 8.45 1.28852 0.877716
      vertex 8.45 1.28586 0.876457
    endloop
  endfacet
  facet normal 0 -0.970442 -0.241336
    outer loop
      vertex 8.45 1.27129 0.841292
      vertex 8.75 1.27058 0.844147
      vertex 8.45 1.27058 0.844147
    endloop
  endfacet
  facet normal 0 -0.970442 -0.241336
    outer loop
      vertex 8.75 1.27058 0.844147
      vertex 8.45 1.27129 0.841292
      vertex 8.75 1.27129 0.841292
    endloop
  endfacet
  facet normal 0 -0.98928 -0.146032
    outer loop
      vertex 8.45 1.27058 0.844147
      vertex 8.75 1.27015 0.84706
      vertex 8.45 1.27015 0.84706
    endloop
  endfacet
  facet normal 0 -0.98928 -0.146032
    outer loop
      vertex 8.75 1.27015 0.84706
      vertex 8.45 1.27058 0.844147
      vertex 8.75 1.27058 0.844147
    endloop
  endfacet
  facet normal 0 0.336853 -0.941557
    outer loop
      vertex 8.45 1.31148 0.822284
      vertex 8.72659 1.30871 0.821293
      vertex 8.45 1.30871 0.821293
    endloop
  endfacet
  facet normal -7.37728e-06 0.3362 -0.941791
    outer loop
      vertex 8.72659 1.30871 0.821293
      vertex 8.45 1.31148 0.822284
      vertex 8.7269 1.30957 0.8216
    endloop
  endfacet
  facet normal 0 0.337148 -0.941452
    outer loop
      vertex 8.7269 1.30957 0.8216
      vertex 8.45 1.31148 0.822284
      vertex 8.72781 1.31148 0.822284
    endloop
  endfacet
  facet normal 0 -0.596762 -0.802419
    outer loop
      vertex 8.45 1.28097 0.82681
      vertex 8.73232 1.28232 0.825806
      vertex 8.73382 1.28097 0.82681
    endloop
  endfacet
  facet normal -8.10602e-06 -0.59567 -0.80323
    outer loop
      vertex 8.45 1.28097 0.82681
      vertex 8.73141 1.28333 0.825057
      vertex 8.73232 1.28232 0.825806
    endloop
  endfacet
  facet normal -0 -0.596293 -0.802767
    outer loop
      vertex 8.73141 1.28333 0.825057
      vertex 8.45 1.28097 0.82681
      vertex 8.45 1.28333 0.825057
    endloop
  endfacet
  facet normal 0 -0.512936 -0.858427
    outer loop
      vertex 8.45 1.28333 0.825057
      vertex 8.73067 1.28414 0.824573
      vertex 8.73141 1.28333 0.825057
    endloop
  endfacet
  facet normal 3.22757e-06 -0.51376 -0.857934
    outer loop
      vertex 8.45 1.28333 0.825057
      vertex 8.7294 1.28586 0.823543
      vertex 8.73067 1.28414 0.824573
    endloop
  endfacet
  facet normal -0 -0.513498 -0.858091
    outer loop
      vertex 8.7294 1.28586 0.823543
      vertex 8.45 1.28333 0.825057
      vertex 8.45 1.28586 0.823543
    endloop
  endfacet
  facet normal 0 -0.9038 -0.427955
    outer loop
      vertex 8.45 1.27354 0.835859
      vertex 8.75 1.27228 0.83852
      vertex 8.45 1.27228 0.83852
    endloop
  endfacet
  facet normal 0 -0.9038 -0.427955
    outer loop
      vertex 8.75 1.27228 0.83852
      vertex 8.45 1.27354 0.835859
      vertex 8.75 1.27354 0.835859
    endloop
  endfacet
  facet normal 0 0.998701 -0.0509541
    outer loop
      vertex 8.75 1.32985 0.84706
      vertex 8.45 1.33 0.85
      vertex 8.75 1.33 0.85
    endloop
  endfacet
  facet normal 0 0.998701 -0.0509541
    outer loop
      vertex 8.45 1.33 0.85
      vertex 8.75 1.32985 0.84706
      vertex 8.45 1.32985 0.84706
    endloop
  endfacet
  facet normal 0 -0.337148 -0.941452
    outer loop
      vertex 8.45 1.28852 0.822284
      vertex 8.7269 1.29043 0.8216
      vertex 8.72781 1.28852 0.822284
    endloop
  endfacet
  facet normal -7.37728e-06 -0.3362 -0.941791
    outer loop
      vertex 8.45 1.28852 0.822284
      vertex 8.72659 1.29129 0.821293
      vertex 8.7269 1.29043 0.8216
    endloop
  endfacet
  facet normal -0 -0.336853 -0.941557
    outer loop
      vertex 8.72659 1.29129 0.821293
      vertex 8.45 1.28852 0.822284
      vertex 8.45 1.29129 0.821293
    endloop
  endfacet
  facet normal 0 0.970442 0.241336
    outer loop
      vertex 8.75 1.32942 0.855853
      vertex 8.45 1.32871 0.858708
      vertex 8.75 1.32871 0.858708
    endloop
  endfacet
  facet normal 0 0.970442 0.241336
    outer loop
      vertex 8.45 1.32871 0.858708
      vertex 8.75 1.32942 0.855853
      vertex 8.45 1.32942 0.855853
    endloop
  endfacet
  facet normal 0 0.9038 0.427955
    outer loop
      vertex 8.75 1.32772 0.86148
      vertex 8.45 1.32646 0.864141
      vertex 8.75 1.32646 0.864141
    endloop
  endfacet
  facet normal 0 0.9038 0.427955
    outer loop
      vertex 8.45 1.32646 0.864141
      vertex 8.75 1.32772 0.86148
      vertex 8.45 1.32772 0.86148
    endloop
  endfacet
  facet normal 0 -0.513498 0.858091
    outer loop
      vertex 8.45 1.28586 0.876457
      vertex 8.75 1.28333 0.874943
      vertex 8.75 1.28586 0.876457
    endloop
  endfacet
  facet normal 0 -0.513498 0.858091
    outer loop
      vertex 8.75 1.28333 0.874943
      vertex 8.45 1.28586 0.876457
      vertex 8.45 1.28333 0.874943
    endloop
  endfacet
  facet normal 0 0.513498 -0.858091
    outer loop
      vertex 8.45 1.31667 0.825057
      vertex 8.7294 1.31414 0.823543
      vertex 8.45 1.31414 0.823543
    endloop
  endfacet
  facet normal 3.22757e-06 0.51376 -0.857934
    outer loop
      vertex 8.7294 1.31414 0.823543
      vertex 8.45 1.31667 0.825057
      vertex 8.73067 1.31586 0.824573
    endloop
  endfacet
  facet normal 0 0.512936 -0.858427
    outer loop
      vertex 8.73067 1.31586 0.824573
      vertex 8.45 1.31667 0.825057
      vertex 8.73141 1.31667 0.825057
    endloop
  endfacet
  facet normal 0 0.856744 0.515743
    outer loop
      vertex 8.75 1.32646 0.864141
      vertex 8.45 1.32494 0.866666
      vertex 8.75 1.32494 0.866666
    endloop
  endfacet
  facet normal 0 0.856744 0.515743
    outer loop
      vertex 8.45 1.32494 0.866666
      vertex 8.75 1.32646 0.864141
      vertex 8.45 1.32646 0.864141
    endloop
  endfacet
  facet normal 0 -0.9038 0.427955
    outer loop
      vertex 8.45 1.27228 0.86148
      vertex 8.75 1.27354 0.864141
      vertex 8.45 1.27354 0.864141
    endloop
  endfacet
  facet normal 0 -0.9038 0.427955
    outer loop
      vertex 8.75 1.27354 0.864141
      vertex 8.45 1.27228 0.86148
      vertex 8.75 1.27228 0.86148
    endloop
  endfacet
  facet normal -1 0 0
    outer loop
      vertex 8.45 1.32985 0.84706
      vertex 8.45 1.32985 0.85294
      vertex 8.45 1.33 0.85
    endloop
  endfacet
  facet normal -1 0 0
    outer loop
      vertex 8.45 1.32942 0.844147
      vertex 8.45 1.32985 0.85294
      vertex 8.45 1.32985 0.84706
    endloop
  endfacet
  facet normal -1 0 0
    outer loop
      vertex 8.45 1.32942 0.844147
      vertex 8.45 1.32942 0.855853
      vertex 8.45 1.32985 0.85294
    endloop
  endfacet
  facet normal -1 0 0
    outer loop
      vertex 8.45 1.32871 0.841292
      vertex 8.45 1.32942 0.855853
      vertex 8.45 1.32942 0.844147
    endloop
  endfacet
  facet normal -1 0 0
    outer loop
      vertex 8.45 1.32871 0.841292
      vertex 8.45 1.32871 0.858708
      vertex 8.45 1.32942 0.855853
    endloop
  endfacet
  facet normal -1 0 0
    outer loop
      vertex 8.45 1.32772 0.83852
      vertex 8.45 1.32871 0.858708
      vertex 8.45 1.32871 0.841292
    endloop
  endfacet
  facet normal -1 0 0
    outer loop
      vertex 8.45 1.32772 0.83852
      vertex 8.45 1.32772 0.86148
      vertex 8.45 1.32871 0.858708
    endloop
  endfacet
  facet normal -1 0 0
    outer loop
      vertex 8.45 1.32646 0.835859
      vertex 8.45 1.32772 0.86148
      vertex 8.45 1.32772 0.83852
    endloop
  endfacet
  facet normal -1 0 0
    outer loop
      vertex 8.45 1.32646 0.835859
      vertex 8.45 1.32646 0.864141
      vertex 8.45 1.32772 0.86148
    endloop
  endfacet
  facet normal -1 0 0
    outer loop
      vertex 8.45 1.32494 0.833334
      vertex 8.45 1.32646 0.864141
      vertex 8.45 1.32646 0.835859
    endloop
  endfacet
  facet normal -1 0 0
    outer loop
      vertex 8.45 1.32494 0.833334
      vertex 8.45 1.32494 0.866666
      vertex 8.45 1.32646 0.864141
    endloop
  endfacet
  facet normal -1 0 0
    outer loop
      vertex 8.45 1.32319 0.830968
      vertex 8.45 1.32494 0.866666
      vertex 8.45 1.32494 0.833334
    endloop
  endfacet
  facet normal -1 0 0
    outer loop
      vertex 8.45 1.32319 0.830968
      vertex 8.45 1.32319 0.869032
      vertex 8.45 1.32494 0.866666
    endloop
  endfacet
  facet normal -1 0 0
    outer loop
      vertex 8.45 1.32121 0.828787
      vertex 8.45 1.32319 0.869032
      vertex 8.45 1.32319 0.830968
    endloop
  endfacet
  facet normal -1 0 0
    outer loop
      vertex 8.45 1.32121 0.828787
      vertex 8.45 1.32121 0.871213
      vertex 8.45 1.32319 0.869032
    endloop
  endfacet
  facet normal -1 0 0
    outer loop
      vertex 8.45 1.31903 0.82681
      vertex 8.45 1.32121 0.871213
      vertex 8.45 1.32121 0.828787
    endloop
  endfacet
  facet normal -1 0 0
    outer loop
      vertex 8.45 1.31903 0.82681
      vertex 8.45 1.31903 0.87319
      vertex 8.45 1.32121 0.871213
    endloop
  endfacet
  facet normal -1 0 0
    outer loop
      vertex 8.45 1.31667 0.825057
      vertex 8.45 1.31903 0.87319
      vertex 8.45 1.31903 0.82681
    endloop
  endfacet
  facet normal -1 0 0
    outer loop
      vertex 8.45 1.31667 0.825057
      vertex 8.45 1.31667 0.874943
      vertex 8.45 1.31903 0.87319
    endloop
  endfacet
  facet normal -1 0 0
    outer loop
      vertex 8.45 1.31414 0.823543
      vertex 8.45 1.31667 0.874943
      vertex 8.45 1.31667 0.825057
    endloop
  endfacet
  facet normal -1 0 0
    outer loop
      vertex 8.45 1.31414 0.823543
      vertex 8.45 1.31414 0.876457
      vertex 8.45 1.31667 0.874943
    endloop
  endfacet
  facet normal -1 0 0
    outer loop
      vertex 8.45 1.31148 0.822284
      vertex 8.45 1.31414 0.876457
      vertex 8.45 1.31414 0.823543
    endloop
  endfacet
  facet normal -1 0 0
    outer loop
      vertex 8.45 1.31148 0.822284
      vertex 8.45 1.31148 0.877716
      vertex 8.45 1.31414 0.876457
    endloop
  endfacet
  facet normal -1 0 0
    outer loop
      vertex 8.45 1.30871 0.821293
      vertex 8.45 1.31148 0.877716
      vertex 8.45 1.31148 0.822284
    endloop
  endfacet
  facet normal -1 0 0
    outer loop
      vertex 8.45 1.30871 0.821293
      vertex 8.45 1.30871 0.878708
      vertex 8.45 1.31148 0.877716
    endloop
  endfacet
  facet normal -1 0 0
    outer loop
      vertex 8.45 1.30585 0.820577
      vertex 8.45 1.30871 0.878708
      vertex 8.45 1.30871 0.821293
    endloop
  endfacet
  facet normal -1 0 0
    outer loop
      vertex 8.45 1.30585 0.820577
      vertex 8.45 1.30585 0.879423
      vertex 8.45 1.30871 0.878708
    endloop
  endfacet
  facet normal -1 0 0
    outer loop
      vertex 8.45 1.30294 0.820145
      vertex 8.45 1.30585 0.879423
      vertex 8.45 1.30585 0.820577
    endloop
  endfacet
  facet normal -1 0 0
    outer loop
      vertex 8.45 1.30294 0.820145
      vertex 8.45 1.30294 0.879855
      vertex 8.45 1.30585 0.879423
    endloop
  endfacet
  facet normal -1 0 0
    outer loop
      vertex 8.45 1.3 0.82
      vertex 8.45 1.30294 0.879855
      vertex 8.45 1.30294 0.820145
    endloop
  endfacet
  facet normal -1 0 0
    outer loop
      vertex 8.45 1.3 0.82
      vertex 8.45 1.3 0.88
      vertex 8.45 1.30294 0.879855
    endloop
  endfacet
  facet normal -1 0 0
    outer loop
      vertex 8.45 1.29706 0.820145
      vertex 8.45 1.3 0.88
      vertex 8.45 1.3 0.82
    endloop
  endfacet
  facet normal -1 0 0
    outer loop
      vertex 8.45 1.29706 0.820145
      vertex 8.45 1.29706 0.879855
      vertex 8.45 1.3 0.88
    endloop
  endfacet
  facet normal -1 0 0
    outer loop
      vertex 8.45 1.29415 0.820577
      vertex 8.45 1.29706 0.879855
      vertex 8.45 1.29706 0.820145
    endloop
  endfacet
  facet normal -1 0 0
    outer loop
      vertex 8.45 1.29415 0.820577
      vertex 8.45 1.29415 0.879423
      vertex 8.45 1.29706 0.879855
    endloop
  endfacet
  facet normal -1 0 0
    outer loop
      vertex 8.45 1.29129 0.821293
      vertex 8.45 1.29415 0.879423
      vertex 8.45 1.29415 0.820577
    endloop
  endfacet
  facet normal -1 0 0
    outer loop
      vertex 8.45 1.29129 0.821293
      vertex 8.45 1.29129 0.878708
      vertex 8.45 1.29415 0.879423
    endloop
  endfacet
  facet normal -1 0 0
    outer loop
      vertex 8.45 1.28852 0.822284
      vertex 8.45 1.29129 0.878708
      vertex 8.45 1.29129 0.821293
    endloop
  endfacet
  facet normal -1 0 0
    outer loop
      vertex 8.45 1.28852 0.822284
      vertex 8.45 1.28852 0.877716
      vertex 8.45 1.29129 0.878708
    endloop
  endfacet
  facet normal -1 0 0
    outer loop
      vertex 8.45 1.28586 0.823543
      vertex 8.45 1.28852 0.877716
      vertex 8.45 1.28852 0.822284
    endloop
  endfacet
  facet normal -1 0 0
    outer loop
      vertex 8.45 1.28586 0.823543
      vertex 8.45 1.28586 0.876457
      vertex 8.45 1.28852 0.877716
    endloop
  endfacet
  facet normal -1 0 0
    outer loop
      vertex 8.45 1.28333 0.825057
      vertex 8.45 1.28586 0.876457
      vertex 8.45 1.28586 0.823543
    endloop
  endfacet
  facet normal -1 0 0
    outer loop
      vertex 8.45 1.28333 0.825057
      vertex 8.45 1.28333 0.874943
      vertex 8.45 1.28586 0.876457
    endloop
  endfacet
  facet normal -1 0 0
    outer loop
      vertex 8.45 1.28097 0.82681
      vertex 8.45 1.28333 0.874943
      vertex 8.45 1.28333 0.825057
    endloop
  endfacet
  facet normal -1 0 0
    outer loop
      vertex 8.45 1.28097 0.82681
      vertex 8.45 1.28097 0.87319
      vertex 8.45 1.28333 0.874943
    endloop
  endfacet
  facet normal -1 0 0
    outer loop
      vertex 8.45 1.27879 0.828787
      vertex 8.45 1.28097 0.87319
      vertex 8.45 1.28097 0.82681
    endloop
  endfacet
  facet normal -1 0 0
    outer loop
      vertex 8.45 1.27879 0.828787
      vertex 8.45 1.27879 0.871213
      vertex 8.45 1.28097 0.87319
    endloop
  endfacet
  facet normal -1 0 0
    outer loop
      vertex 8.45 1.27681 0.830968
      vertex 8.45 1.27879 0.871213
      vertex 8.45 1.27879 0.828787
    endloop
  endfacet
  facet normal -1 0 0
    outer loop
      vertex 8.45 1.27681 0.830968
      vertex 8.45 1.27681 0.869032
      vertex 8.45 1.27879 0.871213
    endloop
  endfacet
  facet normal -1 0 0
    outer loop
      vertex 8.45 1.27506 0.833334
      vertex 8.45 1.27681 0.869032
      vertex 8.45 1.27681 0.830968
    endloop
  endfacet
  facet normal -1 0 0
    outer loop
      vertex 8.45 1.27506 0.833334
      vertex 8.45 1.27506 0.866666
      vertex 8.45 1.27681 0.869032
    endloop
  endfacet
  facet normal -1 0 0
    outer loop
      vertex 8.45 1.27354 0.835859
      vertex 8.45 1.27506 0.866666
      vertex 8.45 1.27506 0.833334
    endloop
  endfacet
  facet normal -1 0 0
    outer loop
      vertex 8.45 1.27354 0.835859
      vertex 8.45 1.27354 0.864141
      vertex 8.45 1.27506 0.866666
    endloop
  endfacet
  facet normal -1 0 0
    outer loop
      vertex 8.45 1.27228 0.83852
      vertex 8.45 1.27354 0.864141
      vertex 8.45 1.27354 0.835859
    endloop
  endfacet
  facet normal -1 0 0
    outer loop
      vertex 8.45 1.27228 0.83852
      vertex 8.45 1.27228 0.86148
      vertex 8.45 1.27354 0.864141
    endloop
  endfacet
  facet normal -1 0 0
    outer loop
      vertex 8.45 1.27129 0.841292
      vertex 8.45 1.27228 0.86148
      vertex 8.45 1.27228 0.83852
    endloop
  endfacet
  facet normal -1 0 0
    outer loop
      vertex 8.45 1.27129 0.841292
      vertex 8.45 1.27129 0.858708
      vertex 8.45 1.27228 0.86148
    endloop
  endfacet
  facet normal -1 0 0
    outer loop
      vertex 8.45 1.27058 0.844147
      vertex 8.45 1.27129 0.858708
      vertex 8.45 1.27129 0.841292
    endloop
  endfacet
  facet normal -1 0 0
    outer loop
      vertex 8.45 1.27058 0.844147
      vertex 8.45 1.27058 0.855853
      vertex 8.45 1.27129 0.858708
    endloop
  endfacet
  facet normal -1 0 0
    outer loop
      vertex 8.45 1.27015 0.84706
      vertex 8.45 1.27058 0.855853
      vertex 8.45 1.27058 0.844147
    endloop
  endfacet
  facet normal -1 0 0
    outer loop
      vertex 8.45 1.27015 0.84706
      vertex 8.45 1.27015 0.85294
      vertex 8.45 1.27058 0.855853
    endloop
  endfacet
  facet normal -1 0 -0
    outer loop
      vertex 8.45 1.27015 0.85294
      vertex 8.45 1.27015 0.84706
      vertex 8.45 1.27 0.85
    endloop
  endfacet
  facet normal -0 0.242536 0.970143
    outer loop
      vertex 8.45 1.30871 0.878708
      vertex 8.75 1.30585 0.879423
      vertex 8.75 1.30871 0.878708
    endloop
  endfacet
  facet normal 0 0.242536 0.970143
    outer loop
      vertex 8.75 1.30585 0.879423
      vertex 8.45 1.30871 0.878708
      vertex 8.45 1.30585 0.879423
    endloop
  endfacet
  facet normal -0 0.146844 0.98916
    outer loop
      vertex 8.45 1.30585 0.879423
      vertex 8.75 1.30294 0.879855
      vertex 8.75 1.30585 0.879423
    endloop
  endfacet
  facet normal 0 0.146844 0.98916
    outer loop
      vertex 8.75 1.30294 0.879855
      vertex 8.45 1.30585 0.879423
      vertex 8.45 1.30294 0.879855
    endloop
  endfacet
  facet normal 0 0.671776 -0.740754
    outer loop
      vertex 8.45 1.32121 0.828787
      vertex 8.73382 1.31903 0.82681
      vertex 8.45 1.31903 0.82681
    endloop
  endfacet
  facet normal -9.60617e-05 0.664885 -0.746946
    outer loop
      vertex 8.73382 1.31903 0.82681
      vertex 8.45 1.32121 0.828787
      vertex 8.73414 1.31933 0.827077
    endloop
  endfacet
  facet normal -1.32383e-05 0.671773 -0.740757
    outer loop
      vertex 8.73414 1.31933 0.827077
      vertex 8.45 1.32121 0.828787
      vertex 8.73611 1.32079 0.828401
    endloop
  endfacet
  facet normal 0 0.676677 -0.73628
    outer loop
      vertex 8.73611 1.32079 0.828401
      vertex 8.45 1.32121 0.828787
      vertex 8.73682 1.32121 0.828787
    endloop
  endfacet
  facet normal 0 -0.146844 0.98916
    outer loop
      vertex 8.45 1.29706 0.879855
      vertex 8.75 1.29415 0.879423
      vertex 8.75 1.29706 0.879855
    endloop
  endfacet
  facet normal 0 -0.146844 0.98916
    outer loop
      vertex 8.75 1.29415 0.879423
      vertex 8.45 1.29706 0.879855
      vertex 8.45 1.29415 0.879423
    endloop
  endfacet
  facet normal 0 -0.671776 0.740754
    outer loop
      vertex 8.45 1.28097 0.87319
      vertex 8.75 1.27879 0.871213
      vertex 8.75 1.28097 0.87319
    endloop
  endfacet
  facet normal 0 -0.671776 0.740754
    outer loop
      vertex 8.75 1.27879 0.871213
      vertex 8.45 1.28097 0.87319
      vertex 8.45 1.27879 0.871213
    endloop
  endfacet
  facet normal 0 -0.596293 0.802767
    outer loop
      vertex 8.45 1.28333 0.874943
      vertex 8.75 1.28097 0.87319
      vertex 8.75 1.28333 0.874943
    endloop
  endfacet
  facet normal 0 -0.596293 0.802767
    outer loop
      vertex 8.75 1.28097 0.87319
      vertex 8.45 1.28333 0.874943
      vertex 8.45 1.28097 0.87319
    endloop
  endfacet
  facet normal 0 -0.823213 -0.567733
    outer loop
      vertex 8.45 1.27506 0.833334
      vertex 8.74755 1.27512 0.833247
      vertex 8.74885 1.27506 0.833334
    endloop
  endfacet
  facet normal -1.19855e-05 -0.803586 -0.595189
    outer loop
      vertex 8.45 1.27506 0.833334
      vertex 8.74512 1.27548 0.832761
      vertex 8.74755 1.27512 0.833247
    endloop
  endfacet
  facet normal -2.05537e-05 -0.801462 -0.598045
    outer loop
      vertex 8.45 1.27506 0.833334
      vertex 8.74274 1.27608 0.831957
      vertex 8.74512 1.27548 0.832761
    endloop
  endfacet
  facet normal -0 -0.803978 -0.594659
    outer loop
      vertex 8.74069 1.27681 0.830968
      vertex 8.45 1.27506 0.833334
      vertex 8.45 1.27681 0.830968
    endloop
  endfacet
  facet normal 9.82498e-06 -0.804555 -0.593878
    outer loop
      vertex 8.45 1.27506 0.833334
      vertex 8.74069 1.27681 0.830968
      vertex 8.74274 1.27608 0.831957
    endloop
  endfacet
  facet normal 0 -0.803978 0.594659
    outer loop
      vertex 8.45 1.27506 0.866666
      vertex 8.75 1.27681 0.869032
      vertex 8.45 1.27681 0.869032
    endloop
  endfacet
  facet normal 0 -0.803978 0.594659
    outer loop
      vertex 8.75 1.27681 0.869032
      vertex 8.45 1.27506 0.866666
      vertex 8.75 1.27506 0.866666
    endloop
  endfacet
  facet normal 0 -0.740401 0.672166
    outer loop
      vertex 8.45 1.27681 0.869032
      vertex 8.75 1.27879 0.871213
      vertex 8.45 1.27879 0.871213
    endloop
  endfacet
  facet normal 0 -0.740401 0.672166
    outer loop
      vertex 8.75 1.27879 0.871213
      vertex 8.45 1.27681 0.869032
      vertex 8.75 1.27681 0.869032
    endloop
  endfacet
  facet normal -0 0.596293 0.802767
    outer loop
      vertex 8.45 1.31903 0.87319
      vertex 8.75 1.31667 0.874943
      vertex 8.75 1.31903 0.87319
    endloop
  endfacet
  facet normal 0 0.596293 0.802767
    outer loop
      vertex 8.75 1.31667 0.874943
      vertex 8.45 1.31903 0.87319
      vertex 8.45 1.31667 0.874943
    endloop
  endfacet
  facet normal -0 0.513498 0.858091
    outer loop
      vertex 8.45 1.31667 0.874943
      vertex 8.75 1.31414 0.876457
      vertex 8.75 1.31667 0.874943
    endloop
  endfacet
  facet normal 0 0.513498 0.858091
    outer loop
      vertex 8.75 1.31414 0.876457
      vertex 8.45 1.31667 0.874943
      vertex 8.45 1.31414 0.876457
    endloop
  endfacet
  facet normal 0 -0.998701 0.0509541
    outer loop
      vertex 8.45 1.27 0.85
      vertex 8.75 1.27015 0.85294
      vertex 8.45 1.27015 0.85294
    endloop
  endfacet
  facet normal 0 -0.998701 0.0509541
    outer loop
      vertex 8.75 1.27015 0.85294
      vertex 8.45 1.27 0.85
      vertex 8.75 1.27 0.85
    endloop
  endfacet
  facet normal 0 -0.98928 0.146032
    outer loop
      vertex 8.45 1.27015 0.85294
      vertex 8.75 1.27058 0.855853
      vertex 8.45 1.27058 0.855853
    endloop
  endfacet
  facet normal 0 -0.98928 0.146032
    outer loop
      vertex 8.75 1.27058 0.855853
      vertex 8.45 1.27015 0.85294
      vertex 8.75 1.27015 0.85294
    endloop
  endfacet
  facet normal -0 0.0492599 0.998786
    outer loop
      vertex 8.45 1.30294 0.879855
      vertex 8.75 1.3 0.88
      vertex 8.75 1.30294 0.879855
    endloop
  endfacet
  facet normal 0 0.0492599 0.998786
    outer loop
      vertex 8.75 1.3 0.88
      vertex 8.45 1.30294 0.879855
      vertex 8.45 1.3 0.88
    endloop
  endfacet
  facet normal 0 -0.941742 0.336336
    outer loop
      vertex 8.45 1.27129 0.858708
      vertex 8.75 1.27228 0.86148
      vertex 8.45 1.27228 0.86148
    endloop
  endfacet
  facet normal 0 -0.941742 0.336336
    outer loop
      vertex 8.75 1.27228 0.86148
      vertex 8.45 1.27129 0.858708
      vertex 8.75 1.27129 0.858708
    endloop
  endfacet
  facet normal 0 0.941742 -0.336336
    outer loop
      vertex 8.75 1.32772 0.83852
      vertex 8.45 1.32871 0.841292
      vertex 8.75 1.32871 0.841292
    endloop
  endfacet
  facet normal 0 0.941742 -0.336336
    outer loop
      vertex 8.45 1.32871 0.841292
      vertex 8.75 1.32772 0.83852
      vertex 8.45 1.32772 0.83852
    endloop
  endfacet
  facet normal 0 -0.676677 -0.73628
    outer loop
      vertex 8.45 1.27879 0.828787
      vertex 8.73611 1.27921 0.828401
      vertex 8.73682 1.27879 0.828787
    endloop
  endfacet
  facet normal -1.32383e-05 -0.671773 -0.740757
    outer loop
      vertex 8.45 1.27879 0.828787
      vertex 8.73414 1.28067 0.827077
      vertex 8.73611 1.27921 0.828401
    endloop
  endfacet
  facet normal -9.60617e-05 -0.664885 -0.746946
    outer loop
      vertex 8.45 1.27879 0.828787
      vertex 8.73382 1.28097 0.82681
      vertex 8.73414 1.28067 0.827077
    endloop
  endfacet
  facet normal -0 -0.671776 -0.740754
    outer loop
      vertex 8.73382 1.28097 0.82681
      vertex 8.45 1.27879 0.828787
      vertex 8.45 1.28097 0.82681
    endloop
  endfacet
  facet normal 0 -0.753029 -0.657987
    outer loop
      vertex 8.45 1.27681 0.830968
      vertex 8.74043 1.2769 0.830865
      vertex 8.74069 1.27681 0.830968
    endloop
  endfacet
  facet normal -9.05565e-06 -0.740238 -0.672345
    outer loop
      vertex 8.45 1.27681 0.830968
      vertex 8.73822 1.27795 0.829709
      vertex 8.74043 1.2769 0.830865
    endloop
  endfacet
  facet normal -0 -0.740401 -0.672166
    outer loop
      vertex 8.73682 1.27879 0.828787
      vertex 8.45 1.27681 0.830968
      vertex 8.45 1.27879 0.828787
    endloop
  endfacet
  facet normal -1.79072e-05 -0.739228 -0.673456
    outer loop
      vertex 8.45 1.27681 0.830968
      vertex 8.73682 1.27879 0.828787
      vertex 8.73822 1.27795 0.829709
    endloop
  endfacet
  facet normal 0.595423 -0.803413 0
    outer loop
      vertex 8.76389 1.27921 0.695
      vertex 8.76586 1.28067 0.845001
      vertex 8.76389 1.27921 0.845001
    endloop
  endfacet
  facet normal 0.595423 -0.803413 0
    outer loop
      vertex 8.76586 1.28067 0.845001
      vertex 8.76389 1.27921 0.695
      vertex 8.76586 1.28067 0.695
    endloop
  endfacet
  facet normal 0.989203 0.146549 0
    outer loop
      vertex 8.77488 1.30245 0.845001
      vertex 8.77452 1.30488 0.695
      vertex 8.77452 1.30488 0.845001
    endloop
  endfacet
  facet normal 0.989203 0.146549 0
    outer loop
      vertex 8.77452 1.30488 0.695
      vertex 8.77488 1.30245 0.845001
      vertex 8.77488 1.30245 0.695
    endloop
  endfacet
  facet normal 0.998803 0.0489209 0
    outer loop
      vertex 8.775 1.3 0.845001
      vertex 8.77488 1.30245 0.695
      vertex 8.77488 1.30245 0.845001
    endloop
  endfacet
  facet normal 0.998803 0.0489209 0
    outer loop
      vertex 8.77488 1.30245 0.695
      vertex 8.775 1.3 0.845001
      vertex 8.775 1.3 0.695
    endloop
  endfacet
  facet normal 0.969661 0.244452 0
    outer loop
      vertex 8.77452 1.30488 0.845001
      vertex 8.77392 1.30726 0.695
      vertex 8.77392 1.30726 0.845001
    endloop
  endfacet
  facet normal 0.969661 0.244452 0
    outer loop
      vertex 8.77392 1.30726 0.695
      vertex 8.77452 1.30488 0.845001
      vertex 8.77452 1.30488 0.695
    endloop
  endfacet
  facet normal 0.998803 -0.0489209 0
    outer loop
      vertex 8.77488 1.29755 0.845001
      vertex 8.775 1.3 0.695
      vertex 8.775 1.3 0.845001
    endloop
  endfacet
  facet normal 0.998803 -0.0489209 0
    outer loop
      vertex 8.775 1.3 0.695
      vertex 8.77488 1.29755 0.845001
      vertex 8.77488 1.29755 0.695
    endloop
  endfacet
  facet normal -0.42914 0.903238 0
    outer loop
      vertex 8.74043 1.3231 0.695
      vertex 8.73822 1.32205 0.829709
      vertex 8.74043 1.3231 0.830865
    endloop
  endfacet
  facet normal -0.42914 0.903238 0
    outer loop
      vertex 8.73822 1.32205 0.829709
      vertex 8.74043 1.3231 0.695
      vertex 8.73822 1.32205 0.695
    endloop
  endfacet
  facet normal 0.0489209 0.998803 0
    outer loop
      vertex 8.75245 1.32488 0.845001
      vertex 8.75 1.325 0.833427
      vertex 8.75 1.325 0.845001
    endloop
  endfacet
  facet normal 0.0489209 0.998803 -0
    outer loop
      vertex 8.75245 1.32488 0.695
      vertex 8.75 1.325 0.833427
      vertex 8.75245 1.32488 0.845001
    endloop
  endfacet
  facet normal 0.0489209 0.998803 0
    outer loop
      vertex 8.75 1.325 0.833427
      vertex 8.75245 1.32488 0.695
      vertex 8.75 1.325 0.695
    endloop
  endfacet
  facet normal -0.906183 0.422885 0
    outer loop
      vertex 8.72795 1.31178 0.695
      vertex 8.72781 1.31148 0.822284
      vertex 8.72795 1.31178 0.822428
    endloop
  endfacet
  facet normal -0.903238 0.42914 0
    outer loop
      vertex 8.7269 1.30957 0.8216
      vertex 8.72795 1.31178 0.695
      vertex 8.7269 1.30957 0.695
    endloop
  endfacet
  facet normal -0.902776 0.430111 2.07776e-05
    outer loop
      vertex 8.72795 1.31178 0.695
      vertex 8.7269 1.30957 0.8216
      vertex 8.72781 1.31148 0.822284
    endloop
  endfacet
  facet normal -0.683941 0.729537 0
    outer loop
      vertex 8.73414 1.31933 0.695
      vertex 8.73382 1.31903 0.82681
      vertex 8.73414 1.31933 0.827077
    endloop
  endfacet
  facet normal -0.66899 0.743272 6.75578e-05
    outer loop
      vertex 8.73414 1.31933 0.695
      vertex 8.73232 1.31768 0.825806
      vertex 8.73382 1.31903 0.82681
    endloop
  endfacet
  facet normal -0.671659 0.74086 0
    outer loop
      vertex 8.73232 1.31768 0.825806
      vertex 8.73414 1.31933 0.695
      vertex 8.73232 1.31768 0.695
    endloop
  endfacet
  facet normal -0.244452 -0.969661 0
    outer loop
      vertex 8.74512 1.27548 0.695
      vertex 8.74274 1.27608 0.831957
      vertex 8.74274 1.27608 0.695
    endloop
  endfacet
  facet normal -0.244452 -0.969661 0
    outer loop
      vertex 8.74274 1.27608 0.831957
      vertex 8.74512 1.27548 0.695
      vertex 8.74512 1.27548 0.832761
    endloop
  endfacet
  facet normal 0.334527 -0.942386 0
    outer loop
      vertex 8.75726 1.27608 0.695
      vertex 8.75957 1.2769 0.845001
      vertex 8.75726 1.27608 0.845001
    endloop
  endfacet
  facet normal 0.334527 -0.942386 0
    outer loop
      vertex 8.75957 1.2769 0.845001
      vertex 8.75726 1.27608 0.695
      vertex 8.75957 1.2769 0.695
    endloop
  endfacet
  facet normal -0.146549 -0.989203 0
    outer loop
      vertex 8.74755 1.27512 0.695
      vertex 8.74512 1.27548 0.832761
      vertex 8.74512 1.27548 0.695
    endloop
  endfacet
  facet normal -0.146549 -0.989203 0
    outer loop
      vertex 8.74512 1.27548 0.832761
      vertex 8.74755 1.27512 0.695
      vertex 8.74755 1.27512 0.833247
    endloop
  endfacet
  facet normal -0.512699 -0.858568 0
    outer loop
      vertex 8.73822 1.27795 0.695
      vertex 8.73611 1.27921 0.828401
      vertex 8.73611 1.27921 0.695
    endloop
  endfacet
  facet normal -0.509168 -0.860667 7.56795e-05
    outer loop
      vertex 8.73611 1.27921 0.828401
      vertex 8.73822 1.27795 0.695
      vertex 8.73682 1.27879 0.828787
    endloop
  endfacet
  facet normal -0.514496 -0.857493 0
    outer loop
      vertex 8.73682 1.27879 0.828787
      vertex 8.73822 1.27795 0.695
      vertex 8.73822 1.27795 0.829709
    endloop
  endfacet
  facet normal -0.989011 0.147842 0
    outer loop
      vertex 8.72548 1.30488 0.695
      vertex 8.72519 1.30294 0.820145
      vertex 8.72548 1.30488 0.820433
    endloop
  endfacet
  facet normal -0.989203 0.146549 0
    outer loop
      vertex 8.72512 1.30245 0.820121
      vertex 8.72548 1.30488 0.695
      vertex 8.72512 1.30245 0.695
    endloop
  endfacet
  facet normal -0.989949 0.141426 -0.000101628
    outer loop
      vertex 8.72548 1.30488 0.695
      vertex 8.72512 1.30245 0.820121
      vertex 8.72519 1.30294 0.820145
    endloop
  endfacet
  facet normal -0.803413 -0.595423 0
    outer loop
      vertex 8.73067 1.28414 0.695
      vertex 8.72921 1.28611 0.823424
      vertex 8.72921 1.28611 0.695
    endloop
  endfacet
  facet normal -0.796215 -0.605014 0.000228964
    outer loop
      vertex 8.72921 1.28611 0.823424
      vertex 8.73067 1.28414 0.695
      vertex 8.7294 1.28586 0.823543
    endloop
  endfacet
  facet normal -0.804468 -0.593996 0
    outer loop
      vertex 8.7294 1.28586 0.823543
      vertex 8.73067 1.28414 0.695
      vertex 8.73067 1.28414 0.824573
    endloop
  endfacet
  facet normal -0.42914 -0.903238 0
    outer loop
      vertex 8.74043 1.2769 0.695
      vertex 8.73822 1.27795 0.829709
      vertex 8.73822 1.27795 0.695
    endloop
  endfacet
  facet normal -0.42914 -0.903238 0
    outer loop
      vertex 8.73822 1.27795 0.829709
      vertex 8.74043 1.2769 0.695
      vertex 8.74043 1.2769 0.830865
    endloop
  endfacet
  facet normal 0.74086 0.671659 0
    outer loop
      vertex 8.76933 1.31586 0.845001
      vertex 8.76768 1.31768 0.695
      vertex 8.76768 1.31768 0.845001
    endloop
  endfacet
  facet normal 0.74086 0.671659 0
    outer loop
      vertex 8.76768 1.31768 0.695
      vertex 8.76933 1.31586 0.845001
      vertex 8.76933 1.31586 0.695
    endloop
  endfacet
  facet normal 0.989203 -0.146549 0
    outer loop
      vertex 8.77452 1.29512 0.845001
      vertex 8.77488 1.29755 0.695
      vertex 8.77488 1.29755 0.845001
    endloop
  endfacet
  facet normal 0.989203 -0.146549 0
    outer loop
      vertex 8.77488 1.29755 0.695
      vertex 8.77452 1.29512 0.845001
      vertex 8.77452 1.29512 0.695
    endloop
  endfacet
  facet normal -0.858568 -0.512699 0
    outer loop
      vertex 8.72921 1.28611 0.695
      vertex 8.72795 1.28822 0.822428
      vertex 8.72795 1.28822 0.695
    endloop
  endfacet
  facet normal -0.858568 -0.512699 0
    outer loop
      vertex 8.72795 1.28822 0.822428
      vertex 8.72921 1.28611 0.695
      vertex 8.72921 1.28611 0.823424
    endloop
  endfacet
  facet normal -0.335463 0.942053 0
    outer loop
      vertex 8.74274 1.32392 0.695
      vertex 8.74069 1.32319 0.830968
      vertex 8.74274 1.32392 0.831957
    endloop
  endfacet
  facet normal -0.32716 0.944969 0.000140831
    outer loop
      vertex 8.74274 1.32392 0.695
      vertex 8.74043 1.3231 0.830865
      vertex 8.74069 1.32319 0.830968
    endloop
  endfacet
  facet normal -0.334527 0.942386 0
    outer loop
      vertex 8.74043 1.3231 0.830865
      vertex 8.74274 1.32392 0.695
      vertex 8.74043 1.3231 0.695
    endloop
  endfacet
  facet normal -0.514496 0.857493 0
    outer loop
      vertex 8.73822 1.32205 0.695
      vertex 8.73682 1.32121 0.828787
      vertex 8.73822 1.32205 0.829709
    endloop
  endfacet
  facet normal -0.509168 0.860667 7.56795e-05
    outer loop
      vertex 8.73822 1.32205 0.695
      vertex 8.73611 1.32079 0.828401
      vertex 8.73682 1.32121 0.828787
    endloop
  endfacet
  facet normal -0.512699 0.858568 0
    outer loop
      vertex 8.73611 1.32079 0.828401
      vertex 8.73822 1.32205 0.695
      vertex 8.73611 1.32079 0.695
    endloop
  endfacet
  facet normal 0.146549 -0.989203 0
    outer loop
      vertex 8.75245 1.27512 0.695
      vertex 8.75488 1.27548 0.845001
      vertex 8.75245 1.27512 0.845001
    endloop
  endfacet
  facet normal 0.146549 -0.989203 0
    outer loop
      vertex 8.75488 1.27548 0.845001
      vertex 8.75245 1.27512 0.695
      vertex 8.75488 1.27548 0.695
    endloop
  endfacet
  facet normal -0.989203 -0.146549 0
    outer loop
      vertex 8.72548 1.29512 0.695
      vertex 8.72512 1.29755 0.820121
      vertex 8.72512 1.29755 0.695
    endloop
  endfacet
  facet normal -0.989949 -0.141426 -0.000101628
    outer loop
      vertex 8.72512 1.29755 0.820121
      vertex 8.72548 1.29512 0.695
      vertex 8.72519 1.29706 0.820145
    endloop
  endfacet
  facet normal -0.989011 -0.147842 0
    outer loop
      vertex 8.72519 1.29706 0.820145
      vertex 8.72548 1.29512 0.695
      vertex 8.72548 1.29512 0.820433
    endloop
  endfacet
  facet normal 0.969661 -0.244452 0
    outer loop
      vertex 8.77392 1.29274 0.845001
      vertex 8.77452 1.29512 0.695
      vertex 8.77452 1.29512 0.845001
    endloop
  endfacet
  facet normal 0.969661 -0.244452 0
    outer loop
      vertex 8.77452 1.29512 0.695
      vertex 8.77392 1.29274 0.845001
      vertex 8.77392 1.29274 0.695
    endloop
  endfacet
  facet normal 0.671659 0.74086 -0
    outer loop
      vertex 8.76768 1.31768 0.695
      vertex 8.76586 1.31933 0.845001
      vertex 8.76768 1.31768 0.845001
    endloop
  endfacet
  facet normal 0.671659 0.74086 0
    outer loop
      vertex 8.76586 1.31933 0.845001
      vertex 8.76768 1.31768 0.695
      vertex 8.76586 1.31933 0.695
    endloop
  endfacet
  facet normal -0.998803 0.0489209 0
    outer loop
      vertex 8.725 1.3 0.82
      vertex 8.72512 1.30245 0.695
      vertex 8.725 1.3 0.695
    endloop
  endfacet
  facet normal -0.998803 0.0489209 0
    outer loop
      vertex 8.72512 1.30245 0.695
      vertex 8.725 1.3 0.82
      vertex 8.72512 1.30245 0.820121
    endloop
  endfacet
  facet normal 0.0489209 -0.998803 0
    outer loop
      vertex 8.75 1.275 0.833427
      vertex 8.75245 1.27512 0.845001
      vertex 8.75 1.275 0.845001
    endloop
  endfacet
  facet normal 0.0489209 -0.998803 0
    outer loop
      vertex 8.75245 1.27512 0.695
      vertex 8.75 1.275 0.833427
      vertex 8.75 1.275 0.695
    endloop
  endfacet
  facet normal 0.0489209 -0.998803 0
    outer loop
      vertex 8.75 1.275 0.833427
      vertex 8.75245 1.27512 0.695
      vertex 8.75245 1.27512 0.845001
    endloop
  endfacet
  facet normal 0.903238 0.42914 0
    outer loop
      vertex 8.7731 1.30957 0.845001
      vertex 8.77205 1.31178 0.695
      vertex 8.77205 1.31178 0.845001
    endloop
  endfacet
  facet normal 0.903238 0.42914 0
    outer loop
      vertex 8.77205 1.31178 0.695
      vertex 8.7731 1.30957 0.845001
      vertex 8.7731 1.30957 0.695
    endloop
  endfacet
  facet normal 0.42914 -0.903238 0
    outer loop
      vertex 8.75957 1.2769 0.695
      vertex 8.76178 1.27795 0.845001
      vertex 8.75957 1.2769 0.845001
    endloop
  endfacet
  facet normal 0.42914 -0.903238 0
    outer loop
      vertex 8.76178 1.27795 0.845001
      vertex 8.75957 1.2769 0.695
      vertex 8.76178 1.27795 0.695
    endloop
  endfacet
  facet normal 0.803413 0.595423 0
    outer loop
      vertex 8.77079 1.31389 0.845001
      vertex 8.76933 1.31586 0.695
      vertex 8.76933 1.31586 0.845001
    endloop
  endfacet
  facet normal 0.803413 0.595423 0
    outer loop
      vertex 8.76933 1.31586 0.695
      vertex 8.77079 1.31389 0.845001
      vertex 8.77079 1.31389 0.695
    endloop
  endfacet
  facet normal -0.244452 0.969661 0
    outer loop
      vertex 8.74512 1.32452 0.695
      vertex 8.74274 1.32392 0.831957
      vertex 8.74512 1.32452 0.832761
    endloop
  endfacet
  facet normal -0.244452 0.969661 0
    outer loop
      vertex 8.74274 1.32392 0.831957
      vertex 8.74512 1.32452 0.695
      vertex 8.74274 1.32392 0.695
    endloop
  endfacet
  facet normal -0.74086 -0.671659 0
    outer loop
      vertex 8.73232 1.28232 0.695
      vertex 8.73067 1.28414 0.824573
      vertex 8.73067 1.28414 0.695
    endloop
  endfacet
  facet normal -0.73831 -0.674462 7.18532e-05
    outer loop
      vertex 8.73067 1.28414 0.824573
      vertex 8.73232 1.28232 0.695
      vertex 8.73141 1.28333 0.825057
    endloop
  endfacet
  facet normal -0.742928 -0.669371 0
    outer loop
      vertex 8.73141 1.28333 0.825057
      vertex 8.73232 1.28232 0.695
      vertex 8.73232 1.28232 0.825806
    endloop
  endfacet
  facet normal -0.998803 -0.0489209 0
    outer loop
      vertex 8.72512 1.29755 0.695
      vertex 8.725 1.3 0.82
      vertex 8.725 1.3 0.695
    endloop
  endfacet
  facet normal -0.998803 -0.0489209 0
    outer loop
      vertex 8.725 1.3 0.82
      vertex 8.72512 1.29755 0.695
      vertex 8.72512 1.29755 0.820121
    endloop
  endfacet
  facet normal -0.942386 -0.334527 0
    outer loop
      vertex 8.7269 1.29043 0.695
      vertex 8.72608 1.29274 0.820929
      vertex 8.72608 1.29274 0.695
    endloop
  endfacet
  facet normal -0.943346 -0.331812 -5.60542e-05
    outer loop
      vertex 8.72608 1.29274 0.820929
      vertex 8.7269 1.29043 0.695
      vertex 8.72659 1.29129 0.821293
    endloop
  endfacet
  facet normal -0.940748 -0.339107 0
    outer loop
      vertex 8.72659 1.29129 0.821293
      vertex 8.7269 1.29043 0.695
      vertex 8.7269 1.29043 0.8216
    endloop
  endfacet
  facet normal 0 0 1
    outer loop
      vertex 8.77488 1.30245 0.845001
      vertex 8.77488 1.29755 0.845001
      vertex 8.775 1.3 0.845001
    endloop
  endfacet
  facet normal 0 0 1
    outer loop
      vertex 8.77452 1.30488 0.845001
      vertex 8.77488 1.29755 0.845001
      vertex 8.77488 1.30245 0.845001
    endloop
  endfacet
  facet normal 0 0 1
    outer loop
      vertex 8.77452 1.30488 0.845001
      vertex 8.77452 1.29512 0.845001
      vertex 8.77488 1.29755 0.845001
    endloop
  endfacet
  facet normal 0 0 1
    outer loop
      vertex 8.77392 1.30726 0.845001
      vertex 8.77452 1.29512 0.845001
      vertex 8.77452 1.30488 0.845001
    endloop
  endfacet
  facet normal 0 0 1
    outer loop
      vertex 8.77392 1.30726 0.845001
      vertex 8.77392 1.29274 0.845001
      vertex 8.77452 1.29512 0.845001
    endloop
  endfacet
  facet normal 0 0 1
    outer loop
      vertex 8.7731 1.30957 0.845001
      vertex 8.77392 1.29274 0.845001
      vertex 8.77392 1.30726 0.845001
    endloop
  endfacet
  facet normal 0 0 1
    outer loop
      vertex 8.7731 1.30957 0.845001
      vertex 8.7731 1.29043 0.845001
      vertex 8.77392 1.29274 0.845001
    endloop
  endfacet
  facet normal 0 0 1
    outer loop
      vertex 8.77205 1.31178 0.845001
      vertex 8.7731 1.29043 0.845001
      vertex 8.7731 1.30957 0.845001
    endloop
  endfacet
  facet normal 0 0 1
    outer loop
      vertex 8.77205 1.31178 0.845001
      vertex 8.77205 1.28822 0.845001
      vertex 8.7731 1.29043 0.845001
    endloop
  endfacet
  facet normal 0 0 1
    outer loop
      vertex 8.77079 1.31389 0.845001
      vertex 8.77205 1.28822 0.845001
      vertex 8.77205 1.31178 0.845001
    endloop
  endfacet
  facet normal 0 0 1
    outer loop
      vertex 8.77079 1.31389 0.845001
      vertex 8.77079 1.28611 0.845001
      vertex 8.77205 1.28822 0.845001
    endloop
  endfacet
  facet normal 0 0 1
    outer loop
      vertex 8.76933 1.31586 0.845001
      vertex 8.77079 1.28611 0.845001
      vertex 8.77079 1.31389 0.845001
    endloop
  endfacet
  facet normal 0 0 1
    outer loop
      vertex 8.76933 1.31586 0.845001
      vertex 8.76933 1.28414 0.845001
      vertex 8.77079 1.28611 0.845001
    endloop
  endfacet
  facet normal 0 0 1
    outer loop
      vertex 8.76768 1.31768 0.845001
      vertex 8.76933 1.28414 0.845001
      vertex 8.76933 1.31586 0.845001
    endloop
  endfacet
  facet normal 0 0 1
    outer loop
      vertex 8.76768 1.31768 0.845001
      vertex 8.76768 1.28232 0.845001
      vertex 8.76933 1.28414 0.845001
    endloop
  endfacet
  facet normal 0 0 1
    outer loop
      vertex 8.76586 1.31933 0.845001
      vertex 8.76768 1.28232 0.845001
      vertex 8.76768 1.31768 0.845001
    endloop
  endfacet
  facet normal 0 0 1
    outer loop
      vertex 8.76586 1.31933 0.845001
      vertex 8.76586 1.28067 0.845001
      vertex 8.76768 1.28232 0.845001
    endloop
  endfacet
  facet normal 0 0 1
    outer loop
      vertex 8.76389 1.32079 0.845001
      vertex 8.76586 1.28067 0.845001
      vertex 8.76586 1.31933 0.845001
    endloop
  endfacet
  facet normal 0 0 1
    outer loop
      vertex 8.76389 1.32079 0.845001
      vertex 8.76389 1.27921 0.845001
      vertex 8.76586 1.28067 0.845001
    endloop
  endfacet
  facet normal 0 0 1
    outer loop
      vertex 8.76178 1.32205 0.845001
      vertex 8.76389 1.27921 0.845001
      vertex 8.76389 1.32079 0.845001
    endloop
  endfacet
  facet normal 0 0 1
    outer loop
      vertex 8.76178 1.32205 0.845001
      vertex 8.76178 1.27795 0.845001
      vertex 8.76389 1.27921 0.845001
    endloop
  endfacet
  facet normal 0 0 1
    outer loop
      vertex 8.75957 1.3231 0.845001
      vertex 8.76178 1.27795 0.845001
      vertex 8.76178 1.32205 0.845001
    endloop
  endfacet
  facet normal 0 0 1
    outer loop
      vertex 8.75957 1.3231 0.845001
      vertex 8.75957 1.2769 0.845001
      vertex 8.76178 1.27795 0.845001
    endloop
  endfacet
  facet normal 0 0 1
    outer loop
      vertex 8.75726 1.32392 0.845001
      vertex 8.75957 1.2769 0.845001
      vertex 8.75957 1.3231 0.845001
    endloop
  endfacet
  facet normal 0 0 1
    outer loop
      vertex 8.75726 1.32392 0.845001
      vertex 8.75726 1.27608 0.845001
      vertex 8.75957 1.2769 0.845001
    endloop
  endfacet
  facet normal 0 0 1
    outer loop
      vertex 8.75488 1.32452 0.845001
      vertex 8.75726 1.27608 0.845001
      vertex 8.75726 1.32392 0.845001
    endloop
  endfacet
  facet normal 0 0 1
    outer loop
      vertex 8.75488 1.32452 0.845001
      vertex 8.75488 1.27548 0.845001
      vertex 8.75726 1.27608 0.845001
    endloop
  endfacet
  facet normal 0 0 1
    outer loop
      vertex 8.75245 1.32488 0.845001
      vertex 8.75488 1.27548 0.845001
      vertex 8.75488 1.32452 0.845001
    endloop
  endfacet
  facet normal 0 0 1
    outer loop
      vertex 8.75245 1.32488 0.845001
      vertex 8.75245 1.27512 0.845001
      vertex 8.75488 1.27548 0.845001
    endloop
  endfacet
  facet normal 0 0 1
    outer loop
      vertex 8.75 1.325 0.845001
      vertex 8.75245 1.27512 0.845001
      vertex 8.75245 1.32488 0.845001
    endloop
  endfacet
  facet normal 0 0 1
    outer loop
      vertex 8.75245 1.27512 0.845001
      vertex 8.75 1.325 0.845001
      vertex 8.75 1.275 0.845001
    endloop
  endfacet
  facet normal 0.595423 0.803413 -0
    outer loop
      vertex 8.76586 1.31933 0.695
      vertex 8.76389 1.32079 0.845001
      vertex 8.76586 1.31933 0.845001
    endloop
  endfacet
  facet normal 0.595423 0.803413 0
    outer loop
      vertex 8.76389 1.32079 0.845001
      vertex 8.76586 1.31933 0.695
      vertex 8.76389 1.32079 0.695
    endloop
  endfacet
  facet normal 0.42914 0.903238 -0
    outer loop
      vertex 8.76178 1.32205 0.695
      vertex 8.75957 1.3231 0.845001
      vertex 8.76178 1.32205 0.845001
    endloop
  endfacet
  facet normal 0.42914 0.903238 0
    outer loop
      vertex 8.75957 1.3231 0.845001
      vertex 8.76178 1.32205 0.695
      vertex 8.75957 1.3231 0.695
    endloop
  endfacet
  facet normal -0.940748 0.339107 0
    outer loop
      vertex 8.7269 1.30957 0.695
      vertex 8.72659 1.30871 0.821293
      vertex 8.7269 1.30957 0.8216
    endloop
  endfacet
  facet normal -0.942386 0.334527 0
    outer loop
      vertex 8.72608 1.30726 0.820929
      vertex 8.7269 1.30957 0.695
      vertex 8.72608 1.30726 0.695
    endloop
  endfacet
  facet normal -0.943346 0.331812 -5.60542e-05
    outer loop
      vertex 8.7269 1.30957 0.695
      vertex 8.72608 1.30726 0.820929
      vertex 8.72659 1.30871 0.821293
    endloop
  endfacet
  facet normal 0.512699 0.858568 -0
    outer loop
      vertex 8.76389 1.32079 0.695
      vertex 8.76178 1.32205 0.845001
      vertex 8.76389 1.32079 0.845001
    endloop
  endfacet
  facet normal 0.512699 0.858568 0
    outer loop
      vertex 8.76178 1.32205 0.845001
      vertex 8.76389 1.32079 0.695
      vertex 8.76178 1.32205 0.695
    endloop
  endfacet
  facet normal 0.942386 0.334527 0
    outer loop
      vertex 8.77392 1.30726 0.845001
      vertex 8.7731 1.30957 0.695
      vertex 8.7731 1.30957 0.845001
    endloop
  endfacet
  facet normal 0.942386 0.334527 0
    outer loop
      vertex 8.7731 1.30957 0.695
      vertex 8.77392 1.30726 0.845001
      vertex 8.77392 1.30726 0.695
    endloop
  endfacet
  facet normal 0.334527 0.942386 -0
    outer loop
      vertex 8.75957 1.3231 0.695
      vertex 8.75726 1.32392 0.845001
      vertex 8.75957 1.3231 0.845001
    endloop
  endfacet
  facet normal 0.334527 0.942386 0
    outer loop
      vertex 8.75726 1.32392 0.845001
      vertex 8.75957 1.3231 0.695
      vertex 8.75726 1.32392 0.695
    endloop
  endfacet
  facet normal -0.742928 0.669371 0
    outer loop
      vertex 8.73232 1.31768 0.695
      vertex 8.73141 1.31667 0.825057
      vertex 8.73232 1.31768 0.825806
    endloop
  endfacet
  facet normal -0.74086 0.671659 0
    outer loop
      vertex 8.73067 1.31586 0.824573
      vertex 8.73232 1.31768 0.695
      vertex 8.73067 1.31586 0.695
    endloop
  endfacet
  facet normal -0.73831 0.674462 7.18532e-05
    outer loop
      vertex 8.73232 1.31768 0.695
      vertex 8.73067 1.31586 0.824573
      vertex 8.73141 1.31667 0.825057
    endloop
  endfacet
  facet normal 0.512699 -0.858568 0
    outer loop
      vertex 8.76178 1.27795 0.695
      vertex 8.76389 1.27921 0.845001
      vertex 8.76178 1.27795 0.845001
    endloop
  endfacet
  facet normal 0.512699 -0.858568 0
    outer loop
      vertex 8.76389 1.27921 0.845001
      vertex 8.76178 1.27795 0.695
      vertex 8.76389 1.27921 0.695
    endloop
  endfacet
  facet normal -0.595423 -0.803413 0
    outer loop
      vertex 8.73611 1.27921 0.695
      vertex 8.73414 1.28067 0.827077
      vertex 8.73414 1.28067 0.695
    endloop
  endfacet
  facet normal -0.595423 -0.803413 0
    outer loop
      vertex 8.73414 1.28067 0.827077
      vertex 8.73611 1.27921 0.695
      vertex 8.73611 1.27921 0.828401
    endloop
  endfacet
  facet normal -0.858568 0.512699 0
    outer loop
      vertex 8.72795 1.31178 0.822428
      vertex 8.72921 1.31389 0.695
      vertex 8.72795 1.31178 0.695
    endloop
  endfacet
  facet normal -0.858568 0.512699 0
    outer loop
      vertex 8.72921 1.31389 0.695
      vertex 8.72795 1.31178 0.822428
      vertex 8.72921 1.31389 0.823424
    endloop
  endfacet
  facet normal -0.0489209 -0.998803 0
    outer loop
      vertex 8.75 1.275 0.695
      vertex 8.74755 1.27512 0.833247
      vertex 8.74755 1.27512 0.695
    endloop
  endfacet
  facet normal -0.0461081 -0.998936 4.99651e-05
    outer loop
      vertex 8.74755 1.27512 0.833247
      vertex 8.75 1.275 0.695
      vertex 8.74885 1.27506 0.833334
    endloop
  endfacet
  facet normal -0.052103 -0.998642 0
    outer loop
      vertex 8.74885 1.27506 0.833334
      vertex 8.75 1.275 0.695
      vertex 8.75 1.275 0.833427
    endloop
  endfacet
  facet normal 0.858568 0.512699 0
    outer loop
      vertex 8.77205 1.31178 0.845001
      vertex 8.77079 1.31389 0.695
      vertex 8.77079 1.31389 0.845001
    endloop
  endfacet
  facet normal 0.858568 0.512699 0
    outer loop
      vertex 8.77079 1.31389 0.695
      vertex 8.77205 1.31178 0.845001
      vertex 8.77205 1.31178 0.695
    endloop
  endfacet
  facet normal 0.803413 -0.595423 0
    outer loop
      vertex 8.76933 1.28414 0.845001
      vertex 8.77079 1.28611 0.695
      vertex 8.77079 1.28611 0.845001
    endloop
  endfacet
  facet normal 0.803413 -0.595423 0
    outer loop
      vertex 8.77079 1.28611 0.695
      vertex 8.76933 1.28414 0.845001
      vertex 8.76933 1.28414 0.695
    endloop
  endfacet
  facet normal -0.804468 0.593996 0
    outer loop
      vertex 8.73067 1.31586 0.695
      vertex 8.7294 1.31414 0.823543
      vertex 8.73067 1.31586 0.824573
    endloop
  endfacet
  facet normal -0.803413 0.595423 0
    outer loop
      vertex 8.72921 1.31389 0.823424
      vertex 8.73067 1.31586 0.695
      vertex 8.72921 1.31389 0.695
    endloop
  endfacet
  facet normal -0.796215 0.605014 0.000228964
    outer loop
      vertex 8.73067 1.31586 0.695
      vertex 8.72921 1.31389 0.823424
      vertex 8.7294 1.31414 0.823543
    endloop
  endfacet
  facet normal -0.146549 0.989203 0
    outer loop
      vertex 8.74755 1.32488 0.695
      vertex 8.74512 1.32452 0.832761
      vertex 8.74755 1.32488 0.833247
    endloop
  endfacet
  facet normal -0.146549 0.989203 0
    outer loop
      vertex 8.74512 1.32452 0.832761
      vertex 8.74755 1.32488 0.695
      vertex 8.74512 1.32452 0.695
    endloop
  endfacet
  facet normal -0.968918 0.247383 0
    outer loop
      vertex 8.72608 1.30726 0.695
      vertex 8.72572 1.30585 0.820577
      vertex 8.72608 1.30726 0.820929
    endloop
  endfacet
  facet normal -0.969661 0.244452 0
    outer loop
      vertex 8.72548 1.30488 0.820433
      vertex 8.72608 1.30726 0.695
      vertex 8.72548 1.30488 0.695
    endloop
  endfacet
  facet normal -0.970725 0.240192 -8.59241e-05
    outer loop
      vertex 8.72608 1.30726 0.695
      vertex 8.72548 1.30488 0.820433
      vertex 8.72572 1.30585 0.820577
    endloop
  endfacet
  facet normal -0.969661 -0.244452 0
    outer loop
      vertex 8.72608 1.29274 0.695
      vertex 8.72548 1.29512 0.820433
      vertex 8.72548 1.29512 0.695
    endloop
  endfacet
  facet normal -0.970725 -0.240192 -8.59241e-05
    outer loop
      vertex 8.72548 1.29512 0.820433
      vertex 8.72608 1.29274 0.695
      vertex 8.72572 1.29415 0.820577
    endloop
  endfacet
  facet normal -0.968918 -0.247383 0
    outer loop
      vertex 8.72572 1.29415 0.820577
      vertex 8.72608 1.29274 0.695
      vertex 8.72608 1.29274 0.820929
    endloop
  endfacet
  facet normal 0.74086 -0.671659 0
    outer loop
      vertex 8.76768 1.28232 0.845001
      vertex 8.76933 1.28414 0.695
      vertex 8.76933 1.28414 0.845001
    endloop
  endfacet
  facet normal 0.74086 -0.671659 0
    outer loop
      vertex 8.76933 1.28414 0.695
      vertex 8.76768 1.28232 0.845001
      vertex 8.76768 1.28232 0.695
    endloop
  endfacet
  facet normal 0.942386 -0.334527 0
    outer loop
      vertex 8.7731 1.29043 0.845001
      vertex 8.77392 1.29274 0.695
      vertex 8.77392 1.29274 0.845001
    endloop
  endfacet
  facet normal 0.942386 -0.334527 0
    outer loop
      vertex 8.77392 1.29274 0.695
      vertex 8.7731 1.29043 0.845001
      vertex 8.7731 1.29043 0.695
    endloop
  endfacet
  facet normal 0.244452 -0.969661 0
    outer loop
      vertex 8.75488 1.27548 0.695
      vertex 8.75726 1.27608 0.845001
      vertex 8.75488 1.27548 0.845001
    endloop
  endfacet
  facet normal 0.244452 -0.969661 0
    outer loop
      vertex 8.75726 1.27608 0.845001
      vertex 8.75488 1.27548 0.695
      vertex 8.75726 1.27608 0.695
    endloop
  endfacet
  facet normal 0.858568 -0.512699 0
    outer loop
      vertex 8.77079 1.28611 0.845001
      vertex 8.77205 1.28822 0.695
      vertex 8.77205 1.28822 0.845001
    endloop
  endfacet
  facet normal 0.858568 -0.512699 0
    outer loop
      vertex 8.77205 1.28822 0.695
      vertex 8.77079 1.28611 0.845001
      vertex 8.77079 1.28611 0.695
    endloop
  endfacet
  facet normal -0.052103 0.998642 0
    outer loop
      vertex 8.75 1.325 0.695
      vertex 8.74885 1.32494 0.833334
      vertex 8.75 1.325 0.833427
    endloop
  endfacet
  facet normal -0.0461081 0.998936 4.99651e-05
    outer loop
      vertex 8.75 1.325 0.695
      vertex 8.74755 1.32488 0.833247
      vertex 8.74885 1.32494 0.833334
    endloop
  endfacet
  facet normal -0.0489209 0.998803 0
    outer loop
      vertex 8.74755 1.32488 0.833247
      vertex 8.75 1.325 0.695
      vertex 8.74755 1.32488 0.695
    endloop
  endfacet
  facet normal 0.903238 -0.42914 0
    outer loop
      vertex 8.77205 1.28822 0.845001
      vertex 8.7731 1.29043 0.695
      vertex 8.7731 1.29043 0.845001
    endloop
  endfacet
  facet normal 0.903238 -0.42914 0
    outer loop
      vertex 8.7731 1.29043 0.695
      vertex 8.77205 1.28822 0.845001
      vertex 8.77205 1.28822 0.695
    endloop
  endfacet
  facet normal -0.595423 0.803413 0
    outer loop
      vertex 8.73611 1.32079 0.695
      vertex 8.73414 1.31933 0.827077
      vertex 8.73611 1.32079 0.828401
    endloop
  endfacet
  facet normal -0.595423 0.803413 0
    outer loop
      vertex 8.73414 1.31933 0.827077
      vertex 8.73611 1.32079 0.695
      vertex 8.73414 1.31933 0.695
    endloop
  endfacet
  facet normal 0.671659 -0.74086 0
    outer loop
      vertex 8.76586 1.28067 0.695
      vertex 8.76768 1.28232 0.845001
      vertex 8.76586 1.28067 0.845001
    endloop
  endfacet
  facet normal 0.671659 -0.74086 0
    outer loop
      vertex 8.76768 1.28232 0.845001
      vertex 8.76586 1.28067 0.695
      vertex 8.76768 1.28232 0.695
    endloop
  endfacet
  facet normal -0.671659 -0.74086 0
    outer loop
      vertex 8.73414 1.28067 0.695
      vertex 8.73232 1.28232 0.825806
      vertex 8.73232 1.28232 0.695
    endloop
  endfacet
  facet normal -0.66899 -0.743272 6.75578e-05
    outer loop
      vertex 8.73232 1.28232 0.825806
      vertex 8.73414 1.28067 0.695
      vertex 8.73382 1.28097 0.82681
    endloop
  endfacet
  facet normal -0.683941 -0.729537 0
    outer loop
      vertex 8.73382 1.28097 0.82681
      vertex 8.73414 1.28067 0.695
      vertex 8.73414 1.28067 0.827077
    endloop
  endfacet
  facet normal -0.903238 -0.42914 0
    outer loop
      vertex 8.72795 1.28822 0.695
      vertex 8.7269 1.29043 0.8216
      vertex 8.7269 1.29043 0.695
    endloop
  endfacet
  facet normal -0.902776 -0.430111 2.07776e-05
    outer loop
      vertex 8.7269 1.29043 0.8216
      vertex 8.72795 1.28822 0.695
      vertex 8.72781 1.28852 0.822284
    endloop
  endfacet
  facet normal -0.906183 -0.422885 0
    outer loop
      vertex 8.72781 1.28852 0.822284
      vertex 8.72795 1.28822 0.695
      vertex 8.72795 1.28822 0.822428
    endloop
  endfacet
  facet normal -0.334527 -0.942386 0
    outer loop
      vertex 8.74274 1.27608 0.695
      vertex 8.74043 1.2769 0.830865
      vertex 8.74043 1.2769 0.695
    endloop
  endfacet
  facet normal -0.32716 -0.944969 0.000140831
    outer loop
      vertex 8.74043 1.2769 0.830865
      vertex 8.74274 1.27608 0.695
      vertex 8.74069 1.27681 0.830968
    endloop
  endfacet
  facet normal -0.335463 -0.942053 0
    outer loop
      vertex 8.74069 1.27681 0.830968
      vertex 8.74274 1.27608 0.695
      vertex 8.74274 1.27608 0.831957
    endloop
  endfacet
  facet normal 0.146549 0.989203 -0
    outer loop
      vertex 8.75488 1.32452 0.695
      vertex 8.75245 1.32488 0.845001
      vertex 8.75488 1.32452 0.845001
    endloop
  endfacet
  facet normal 0.146549 0.989203 0
    outer loop
      vertex 8.75245 1.32488 0.845001
      vertex 8.75488 1.32452 0.695
      vertex 8.75245 1.32488 0.695
    endloop
  endfacet
  facet normal 0.244452 0.969661 -0
    outer loop
      vertex 8.75726 1.32392 0.695
      vertex 8.75488 1.32452 0.845001
      vertex 8.75726 1.32392 0.845001
    endloop
  endfacet
  facet normal 0.244452 0.969661 0
    outer loop
      vertex 8.75488 1.32452 0.845001
      vertex 8.75726 1.32392 0.695
      vertex 8.75488 1.32452 0.695
    endloop
  endfacet
  facet normal 0 0 -1
    outer loop
      vertex 8.77488 1.29755 0.695
      vertex 8.77488 1.30245 0.695
      vertex 8.775 1.3 0.695
    endloop
  endfacet
  facet normal 0 0 -1
    outer loop
      vertex 8.77452 1.29512 0.695
      vertex 8.77488 1.30245 0.695
      vertex 8.77488 1.29755 0.695
    endloop
  endfacet
  facet normal 0 0 -1
    outer loop
      vertex 8.77452 1.29512 0.695
      vertex 8.77452 1.30488 0.695
      vertex 8.77488 1.30245 0.695
    endloop
  endfacet
  facet normal 0 0 -1
    outer loop
      vertex 8.77392 1.29274 0.695
      vertex 8.77452 1.30488 0.695
      vertex 8.77452 1.29512 0.695
    endloop
  endfacet
  facet normal 0 0 -1
    outer loop
      vertex 8.77392 1.29274 0.695
      vertex 8.77392 1.30726 0.695
      vertex 8.77452 1.30488 0.695
    endloop
  endfacet
  facet normal 0 0 -1
    outer loop
      vertex 8.7731 1.29043 0.695
      vertex 8.77392 1.30726 0.695
      vertex 8.77392 1.29274 0.695
    endloop
  endfacet
  facet normal 0 0 -1
    outer loop
      vertex 8.7731 1.29043 0.695
      vertex 8.7731 1.30957 0.695
      vertex 8.77392 1.30726 0.695
    endloop
  endfacet
  facet normal 0 0 -1
    outer loop
      vertex 8.77205 1.28822 0.695
      vertex 8.7731 1.30957 0.695
      vertex 8.7731 1.29043 0.695
    endloop
  endfacet
  facet normal 0 0 -1
    outer loop
      vertex 8.77205 1.28822 0.695
      vertex 8.77205 1.31178 0.695
      vertex 8.7731 1.30957 0.695
    endloop
  endfacet
  facet normal 0 0 -1
    outer loop
      vertex 8.77079 1.28611 0.695
      vertex 8.77205 1.31178 0.695
      vertex 8.77205 1.28822 0.695
    endloop
  endfacet
  facet normal 0 0 -1
    outer loop
      vertex 8.77079 1.28611 0.695
      vertex 8.77079 1.31389 0.695
      vertex 8.77205 1.31178 0.695
    endloop
  endfacet
  facet normal 0 0 -1
    outer loop
      vertex 8.76933 1.28414 0.695
      vertex 8.77079 1.31389 0.695
      vertex 8.77079 1.28611 0.695
    endloop
  endfacet
  facet normal 0 0 -1
    outer loop
      vertex 8.76933 1.28414 0.695
      vertex 8.76933 1.31586 0.695
      vertex 8.77079 1.31389 0.695
    endloop
  endfacet
  facet normal 0 0 -1
    outer loop
      vertex 8.76768 1.28232 0.695
      vertex 8.76933 1.31586 0.695
      vertex 8.76933 1.28414 0.695
    endloop
  endfacet
  facet normal 0 0 -1
    outer loop
      vertex 8.76768 1.28232 0.695
      vertex 8.76768 1.31768 0.695
      vertex 8.76933 1.31586 0.695
    endloop
  endfacet
  facet normal 0 0 -1
    outer loop
      vertex 8.76586 1.28067 0.695
      vertex 8.76768 1.31768 0.695
      vertex 8.76768 1.28232 0.695
    endloop
  endfacet
  facet normal 0 0 -1
    outer loop
      vertex 8.76586 1.28067 0.695
      vertex 8.76586 1.31933 0.695
      vertex 8.76768 1.31768 0.695
    endloop
  endfacet
  facet normal 0 0 -1
    outer loop
      vertex 8.76389 1.27921 0.695
      vertex 8.76586 1.31933 0.695
      vertex 8.76586 1.28067 0.695
    endloop
  endfacet
  facet normal 0 0 -1
    outer loop
      vertex 8.76389 1.27921 0.695
      vertex 8.76389 1.32079 0.695
      vertex 8.76586 1.31933 0.695
    endloop
  endfacet
  facet normal 0 0 -1
    outer loop
      vertex 8.76178 1.27795 0.695
      vertex 8.76389 1.32079 0.695
      vertex 8.76389 1.27921 0.695
    endloop
  endfacet
  facet normal 0 0 -1
    outer loop
      vertex 8.76178 1.27795 0.695
      vertex 8.76178 1.32205 0.695
      vertex 8.76389 1.32079 0.695
    endloop
  endfacet
  facet normal 0 0 -1
    outer loop
      vertex 8.75957 1.2769 0.695
      vertex 8.76178 1.32205 0.695
      vertex 8.76178 1.27795 0.695
    endloop
  endfacet
  facet normal 0 0 -1
    outer loop
      vertex 8.75957 1.2769 0.695
      vertex 8.75957 1.3231 0.695
      vertex 8.76178 1.32205 0.695
    endloop
  endfacet
  facet normal 0 0 -1
    outer loop
      vertex 8.75726 1.27608 0.695
      vertex 8.75957 1.3231 0.695
      vertex 8.75957 1.2769 0.695
    endloop
  endfacet
  facet normal 0 0 -1
    outer loop
      vertex 8.75726 1.27608 0.695
      vertex 8.75726 1.32392 0.695
      vertex 8.75957 1.3231 0.695
    endloop
  endfacet
  facet normal 0 0 -1
    outer loop
      vertex 8.75488 1.27548 0.695
      vertex 8.75726 1.32392 0.695
      vertex 8.75726 1.27608 0.695
    endloop
  endfacet
  facet normal 0 0 -1
    outer loop
      vertex 8.75488 1.27548 0.695
      vertex 8.75488 1.32452 0.695
      vertex 8.75726 1.32392 0.695
    endloop
  endfacet
  facet normal 0 0 -1
    outer loop
      vertex 8.75245 1.27512 0.695
      vertex 8.75488 1.32452 0.695
      vertex 8.75488 1.27548 0.695
    endloop
  endfacet
  facet normal 0 0 -1
    outer loop
      vertex 8.75245 1.27512 0.695
      vertex 8.75245 1.32488 0.695
      vertex 8.75488 1.32452 0.695
    endloop
  endfacet
  facet normal 0 0 -1
    outer loop
      vertex 8.75 1.275 0.695
      vertex 8.75245 1.32488 0.695
      vertex 8.75245 1.27512 0.695
    endloop
  endfacet
  facet normal 0 0 -1
    outer loop
      vertex 8.75 1.275 0.695
      vertex 8.75 1.325 0.695
      vertex 8.75245 1.32488 0.695
    endloop
  endfacet
  facet normal 0 0 -1
    outer loop
      vertex 8.74755 1.27512 0.695
      vertex 8.75 1.325 0.695
      vertex 8.75 1.275 0.695
    endloop
  endfacet
  facet normal 0 0 -1
    outer loop
      vertex 8.74755 1.27512 0.695
      vertex 8.74755 1.32488 0.695
      vertex 8.75 1.325 0.695
    endloop
  endfacet
  facet normal 0 0 -1
    outer loop
      vertex 8.74512 1.27548 0.695
      vertex 8.74755 1.32488 0.695
      vertex 8.74755 1.27512 0.695
    endloop
  endfacet
  facet normal 0 0 -1
    outer loop
      vertex 8.74512 1.27548 0.695
      vertex 8.74512 1.32452 0.695
      vertex 8.74755 1.32488 0.695
    endloop
  endfacet
  facet normal 0 0 -1
    outer loop
      vertex 8.74274 1.27608 0.695
      vertex 8.74512 1.32452 0.695
      vertex 8.74512 1.27548 0.695
    endloop
  endfacet
  facet normal 0 0 -1
    outer loop
      vertex 8.74274 1.27608 0.695
      vertex 8.74274 1.32392 0.695
      vertex 8.74512 1.32452 0.695
    endloop
  endfacet
  facet normal 0 0 -1
    outer loop
      vertex 8.74043 1.2769 0.695
      vertex 8.74274 1.32392 0.695
      vertex 8.74274 1.27608 0.695
    endloop
  endfacet
  facet normal 0 0 -1
    outer loop
      vertex 8.74043 1.2769 0.695
      vertex 8.74043 1.3231 0.695
      vertex 8.74274 1.32392 0.695
    endloop
  endfacet
  facet normal 0 0 -1
    outer loop
      vertex 8.73822 1.27795 0.695
      vertex 8.74043 1.3231 0.695
      vertex 8.74043 1.2769 0.695
    endloop
  endfacet
  facet normal 0 0 -1
    outer loop
      vertex 8.73822 1.27795 0.695
      vertex 8.73822 1.32205 0.695
      vertex 8.74043 1.3231 0.695
    endloop
  endfacet
  facet normal 0 0 -1
    outer loop
      vertex 8.73611 1.27921 0.695
      vertex 8.73822 1.32205 0.695
      vertex 8.73822 1.27795 0.695
    endloop
  endfacet
  facet normal 0 0 -1
    outer loop
      vertex 8.73611 1.27921 0.695
      vertex 8.73611 1.32079 0.695
      vertex 8.73822 1.32205 0.695
    endloop
  endfacet
  facet normal 0 0 -1
    outer loop
      vertex 8.73414 1.28067 0.695
      vertex 8.73611 1.32079 0.695
      vertex 8.73611 1.27921 0.695
    endloop
  endfacet
  facet normal 0 0 -1
    outer loop
      vertex 8.73414 1.28067 0.695
      vertex 8.73414 1.31933 0.695
      vertex 8.73611 1.32079 0.695
    endloop
  endfacet
  facet normal 0 0 -1
    outer loop
      vertex 8.73232 1.28232 0.695
      vertex 8.73414 1.31933 0.695
      vertex 8.73414 1.28067 0.695
    endloop
  endfacet
  facet normal 0 0 -1
    outer loop
      vertex 8.73232 1.28232 0.695
      vertex 8.73232 1.31768 0.695
      vertex 8.73414 1.31933 0.695
    endloop
  endfacet
  facet normal 0 0 -1
    outer loop
      vertex 8.73067 1.28414 0.695
      vertex 8.73232 1.31768 0.695
      vertex 8.73232 1.28232 0.695
    endloop
  endfacet
  facet normal 0 0 -1
    outer loop
      vertex 8.73067 1.28414 0.695
      vertex 8.73067 1.31586 0.695
      vertex 8.73232 1.31768 0.695
    endloop
  endfacet
  facet normal 0 0 -1
    outer loop
      vertex 8.72921 1.28611 0.695
      vertex 8.73067 1.31586 0.695
      vertex 8.73067 1.28414 0.695
    endloop
  endfacet
  facet normal 0 0 -1
    outer loop
      vertex 8.72921 1.28611 0.695
      vertex 8.72921 1.31389 0.695
      vertex 8.73067 1.31586 0.695
    endloop
  endfacet
  facet normal 0 0 -1
    outer loop
      vertex 8.72795 1.28822 0.695
      vertex 8.72921 1.31389 0.695
      vertex 8.72921 1.28611 0.695
    endloop
  endfacet
  facet normal 0 0 -1
    outer loop
      vertex 8.72795 1.28822 0.695
      vertex 8.72795 1.31178 0.695
      vertex 8.72921 1.31389 0.695
    endloop
  endfacet
  facet normal 0 0 -1
    outer loop
      vertex 8.7269 1.29043 0.695
      vertex 8.72795 1.31178 0.695
      vertex 8.72795 1.28822 0.695
    endloop
  endfacet
  facet normal 0 0 -1
    outer loop
      vertex 8.7269 1.29043 0.695
      vertex 8.7269 1.30957 0.695
      vertex 8.72795 1.31178 0.695
    endloop
  endfacet
  facet normal 0 0 -1
    outer loop
      vertex 8.72608 1.29274 0.695
      vertex 8.7269 1.30957 0.695
      vertex 8.7269 1.29043 0.695
    endloop
  endfacet
  facet normal 0 0 -1
    outer loop
      vertex 8.72608 1.29274 0.695
      vertex 8.72608 1.30726 0.695
      vertex 8.7269 1.30957 0.695
    endloop
  endfacet
  facet normal 0 0 -1
    outer loop
      vertex 8.72548 1.29512 0.695
      vertex 8.72608 1.30726 0.695
      vertex 8.72608 1.29274 0.695
    endloop
  endfacet
  facet normal 0 0 -1
    outer loop
      vertex 8.72548 1.29512 0.695
      vertex 8.72548 1.30488 0.695
      vertex 8.72608 1.30726 0.695
    endloop
  endfacet
  facet normal 0 0 -1
    outer loop
      vertex 8.72512 1.29755 0.695
      vertex 8.72548 1.30488 0.695
      vertex 8.72548 1.29512 0.695
    endloop
  endfacet
  facet normal 0 0 -1
    outer loop
      vertex 8.72512 1.29755 0.695
      vertex 8.72512 1.30245 0.695
      vertex 8.72548 1.30488 0.695
    endloop
  endfacet
  facet normal 0 -0 -1
    outer loop
      vertex 8.72512 1.30245 0.695
      vertex 8.72512 1.29755 0.695
      vertex 8.725 1.3 0.695
    endloop
  endfacet
  facet normal 0 0.242855 -0.970063
    outer loop
      vertex 8.45 2.00871 0.821293
      vertex 8.72572 2.00585 0.820577
      vertex 8.45 2.00585 0.820577
    endloop
  endfacet
  facet normal -7.06893e-06 0.242213 -0.970223
    outer loop
      vertex 8.72572 2.00585 0.820577
      vertex 8.45 2.00871 0.821293
      vertex 8.72608 2.00726 0.820929
    endloop
  endfacet
  facet normal 0 0.24348 -0.969906
    outer loop
      vertex 8.72608 2.00726 0.820929
      vertex 8.45 2.00871 0.821293
      vertex 8.72659 2.00871 0.821293
    endloop
  endfacet
  facet normal 0 -0.941742 -0.336336
    outer loop
      vertex 8.45 1.97228 0.83852
      vertex 8.75 1.97129 0.841292
      vertex 8.45 1.97129 0.841292
    endloop
  endfacet
  facet normal 0 -0.941742 -0.336336
    outer loop
      vertex 8.75 1.97129 0.841292
      vertex 8.45 1.97228 0.83852
      vertex 8.75 1.97228 0.83852
    endloop
  endfacet
  facet normal 0 0.740401 0.672166
    outer loop
      vertex 8.75 2.02319 0.869032
      vertex 8.45 2.02121 0.871213
      vertex 8.75 2.02121 0.871213
    endloop
  endfacet
  facet normal 0 0.740401 0.672166
    outer loop
      vertex 8.45 2.02121 0.871213
      vertex 8.75 2.02319 0.869032
      vertex 8.45 2.02319 0.869032
    endloop
  endfacet
  facet normal 0 -0.242536 0.970143
    outer loop
      vertex 8.45 1.99415 0.879423
      vertex 8.75 1.99129 0.878708
      vertex 8.75 1.99415 0.879423
    endloop
  endfacet
  facet normal 0 -0.242536 0.970143
    outer loop
      vertex 8.75 1.99129 0.878708
      vertex 8.45 1.99415 0.879423
      vertex 8.45 1.99129 0.878708
    endloop
  endfacet
  facet normal 0 0.0492599 -0.998786
    outer loop
      vertex 8.45 2.00294 0.820145
      vertex 8.725 2 0.82
      vertex 8.45 2 0.82
    endloop
  endfacet
  facet normal 7.26007e-07 0.0493276 -0.998783
    outer loop
      vertex 8.725 2 0.82
      vertex 8.45 2.00294 0.820145
      vertex 8.72512 2.00245 0.820121
    endloop
  endfacet
  facet normal 0 0.0489209 -0.998803
    outer loop
      vertex 8.72512 2.00245 0.820121
      vertex 8.45 2.00294 0.820145
      vertex 8.72519 2.00294 0.820145
    endloop
  endfacet
  facet normal 0 -0.970442 0.241336
    outer loop
      vertex 8.45 1.97058 0.855853
      vertex 8.75 1.97129 0.858708
      vertex 8.45 1.97129 0.858708
    endloop
  endfacet
  facet normal 0 -0.970442 0.241336
    outer loop
      vertex 8.75 1.97129 0.858708
      vertex 8.45 1.97058 0.855853
      vertex 8.75 1.97058 0.855853
    endloop
  endfacet
  facet normal 0 -0.856744 0.515743
    outer loop
      vertex 8.45 1.97354 0.864141
      vertex 8.75 1.97506 0.866666
      vertex 8.45 1.97506 0.866666
    endloop
  endfacet
  facet normal 0 -0.856744 0.515743
    outer loop
      vertex 8.75 1.97506 0.866666
      vertex 8.45 1.97354 0.864141
      vertex 8.75 1.97354 0.864141
    endloop
  endfacet
  facet normal -0 0.671776 0.740754
    outer loop
      vertex 8.45 2.02121 0.871213
      vertex 8.75 2.01903 0.87319
      vertex 8.75 2.02121 0.871213
    endloop
  endfacet
  facet normal 0 0.671776 0.740754
    outer loop
      vertex 8.75 2.01903 0.87319
      vertex 8.45 2.02121 0.871213
      vertex 8.45 2.01903 0.87319
    endloop
  endfacet
  facet normal 0 0.427809 -0.903869
    outer loop
      vertex 8.45 2.01414 0.823543
      vertex 8.72781 2.01148 0.822284
      vertex 8.45 2.01148 0.822284
    endloop
  endfacet
  facet normal 5.75066e-05 0.432709 -0.901534
    outer loop
      vertex 8.72781 2.01148 0.822284
      vertex 8.45 2.01414 0.823543
      vertex 8.72795 2.01178 0.822428
    endloop
  endfacet
  facet normal -3.20641e-06 0.426872 -0.904312
    outer loop
      vertex 8.72795 2.01178 0.822428
      vertex 8.45 2.01414 0.823543
      vertex 8.72921 2.01389 0.823424
    endloop
  endfacet
  facet normal 0 0.429793 -0.902927
    outer loop
      vertex 8.72921 2.01389 0.823424
      vertex 8.45 2.01414 0.823543
      vertex 8.7294 2.01414 0.823543
    endloop
  endfacet
  facet normal 0 0.941742 0.336336
    outer loop
      vertex 8.75 2.02871 0.858708
      vertex 8.45 2.02772 0.86148
      vertex 8.75 2.02772 0.86148
    endloop
  endfacet
  facet normal 0 0.941742 0.336336
    outer loop
      vertex 8.45 2.02772 0.86148
      vertex 8.75 2.02871 0.858708
      vertex 8.45 2.02871 0.858708
    endloop
  endfacet
  facet normal 0 -0.998701 -0.0509541
    outer loop
      vertex 8.45 1.97015 0.84706
      vertex 8.75 1.97 0.85
      vertex 8.45 1.97 0.85
    endloop
  endfacet
  facet normal 0 -0.998701 -0.0509541
    outer loop
      vertex 8.75 1.97 0.85
      vertex 8.45 1.97015 0.84706
      vertex 8.75 1.97015 0.84706
    endloop
  endfacet
  facet normal 1 0 0
    outer loop
      vertex 8.75 2.025 0.845001
      vertex 8.75 2.03 0.85
      vertex 8.75 2.02985 0.85294
    endloop
  endfacet
  facet normal 1 0 0
    outer loop
      vertex 8.75 2.025 0.845001
      vertex 8.75 2.02985 0.85294
      vertex 8.75 2.02942 0.855853
    endloop
  endfacet
  facet normal 1 0 0
    outer loop
      vertex 8.75 2.03 0.85
      vertex 8.75 2.025 0.845001
      vertex 8.75 2.02985 0.84706
    endloop
  endfacet
  facet normal 1 0 0
    outer loop
      vertex 8.75 2.025 0.845001
      vertex 8.75 2.02942 0.855853
      vertex 8.75 2.02871 0.858708
    endloop
  endfacet
  facet normal 1 0 0
    outer loop
      vertex 8.75 2.02985 0.84706
      vertex 8.75 2.025 0.845001
      vertex 8.75 2.02942 0.844147
    endloop
  endfacet
  facet normal 1 0 0
    outer loop
      vertex 8.75 2.025 0.845001
      vertex 8.75 2.02871 0.858708
      vertex 8.75 2.02772 0.86148
    endloop
  endfacet
  facet normal 1 0 0
    outer loop
      vertex 8.75 2.02942 0.844147
      vertex 8.75 2.025 0.845001
      vertex 8.75 2.02871 0.841292
    endloop
  endfacet
  facet normal 1 0 0
    outer loop
      vertex 8.75 2.025 0.845001
      vertex 8.75 2.02772 0.86148
      vertex 8.75 2.02646 0.864141
    endloop
  endfacet
  facet normal 1 0 0
    outer loop
      vertex 8.75 2.02871 0.841292
      vertex 8.75 2.025 0.845001
      vertex 8.75 2.02772 0.83852
    endloop
  endfacet
  facet normal 1 0 0
    outer loop
      vertex 8.75 2.02772 0.83852
      vertex 8.75 2.025 0.845001
      vertex 8.75 2.02646 0.835859
    endloop
  endfacet
  facet normal 1 0 0
    outer loop
      vertex 8.75 2.02494 0.866666
      vertex 8.75 2.025 0.845001
      vertex 8.75 2.02646 0.864141
    endloop
  endfacet
  facet normal 1 0 0
    outer loop
      vertex 8.75 2.02319 0.869032
      vertex 8.75 2.025 0.845001
      vertex 8.75 2.02494 0.866666
    endloop
  endfacet
  facet normal 1 0 0
    outer loop
      vertex 8.75 2.02121 0.871213
      vertex 8.75 2.025 0.845001
      vertex 8.75 2.02319 0.869032
    endloop
  endfacet
  facet normal 1 0 0
    outer loop
      vertex 8.75 2.01903 0.87319
      vertex 8.75 2.025 0.845001
      vertex 8.75 2.02121 0.871213
    endloop
  endfacet
  facet normal 1 0 0
    outer loop
      vertex 8.75 2.01667 0.874943
      vertex 8.75 2.025 0.845001
      vertex 8.75 2.01903 0.87319
    endloop
  endfacet
  facet normal 1 0 0
    outer loop
      vertex 8.75 2.01414 0.876457
      vertex 8.75 2.025 0.845001
      vertex 8.75 2.01667 0.874943
    endloop
  endfacet
  facet normal 1 0 0
    outer loop
      vertex 8.75 2.01148 0.877716
      vertex 8.75 2.025 0.845001
      vertex 8.75 2.01414 0.876457
    endloop
  endfacet
  facet normal 1 0 0
    outer loop
      vertex 8.75 2.00871 0.878708
      vertex 8.75 2.025 0.845001
      vertex 8.75 2.01148 0.877716
    endloop
  endfacet
  facet normal 1 0 0
    outer loop
      vertex 8.75 2.00585 0.879423
      vertex 8.75 2.025 0.845001
      vertex 8.75 2.00871 0.878708
    endloop
  endfacet
  facet normal 1 0 0
    outer loop
      vertex 8.75 2.00294 0.879855
      vertex 8.75 2.025 0.845001
      vertex 8.75 2.00585 0.879423
    endloop
  endfacet
  facet normal 1 0 0
    outer loop
      vertex 8.75 2 0.88
      vertex 8.75 2.025 0.845001
      vertex 8.75 2.00294 0.879855
    endloop
  endfacet
  facet normal 1 -0 0
    outer loop
      vertex 8.75 1.99706 0.879855
      vertex 8.75 2.025 0.845001
      vertex 8.75 2 0.88
    endloop
  endfacet
  facet normal 1 0 0
    outer loop
      vertex 8.75 1.975 0.845001
      vertex 8.75 1.99706 0.879855
      vertex 8.75 1.99415 0.879423
    endloop
  endfacet
  facet normal 1 0 0
    outer loop
      vertex 8.75 1.975 0.845001
      vertex 8.75 1.99415 0.879423
      vertex 8.75 1.99129 0.878708
    endloop
  endfacet
  facet normal 1 0 0
    outer loop
      vertex 8.75 1.975 0.845001
      vertex 8.75 1.99129 0.878708
      vertex 8.75 1.98852 0.877716
    endloop
  endfacet
  facet normal 1 0 0
    outer loop
      vertex 8.75 1.975 0.845001
      vertex 8.75 1.98852 0.877716
      vertex 8.75 1.98586 0.876457
    endloop
  endfacet
  facet normal 1 0 0
    outer loop
      vertex 8.75 1.975 0.845001
      vertex 8.75 1.98586 0.876457
      vertex 8.75 1.98333 0.874943
    endloop
  endfacet
  facet normal 1 0 0
    outer loop
      vertex 8.75 1.975 0.845001
      vertex 8.75 1.98333 0.874943
      vertex 8.75 1.98097 0.87319
    endloop
  endfacet
  facet normal 1 0 0
    outer loop
      vertex 8.75 1.975 0.845001
      vertex 8.75 1.98097 0.87319
      vertex 8.75 1.97879 0.871213
    endloop
  endfacet
  facet normal 1 0 0
    outer loop
      vertex 8.75 1.975 0.845001
      vertex 8.75 1.97879 0.871213
      vertex 8.75 1.97681 0.869032
    endloop
  endfacet
  facet normal 1 0 0
    outer loop
      vertex 8.75 1.975 0.845001
      vertex 8.75 1.97681 0.869032
      vertex 8.75 1.97506 0.866666
    endloop
  endfacet
  facet normal 1 0 0
    outer loop
      vertex 8.75 1.99706 0.879855
      vertex 8.75 1.975 0.845001
      vertex 8.75 2.025 0.845001
    endloop
  endfacet
  facet normal 1 -0 0
    outer loop
      vertex 8.75 1.97354 0.864141
      vertex 8.75 1.975 0.845001
      vertex 8.75 1.97506 0.866666
    endloop
  endfacet
  facet normal 1 -0 0
    outer loop
      vertex 8.75 1.97228 0.86148
      vertex 8.75 1.975 0.845001
      vertex 8.75 1.97354 0.864141
    endloop
  endfacet
  facet normal 1 0 0
    outer loop
      vertex 8.75 1.975 0.845001
      vertex 8.75 1.97354 0.835859
      vertex 8.75 1.975 0.833427
    endloop
  endfacet
  facet normal 1 -0 0
    outer loop
      vertex 8.75 1.97129 0.858708
      vertex 8.75 1.975 0.845001
      vertex 8.75 1.97228 0.86148
    endloop
  endfacet
  facet normal 1 0 0
    outer loop
      vertex 8.75 1.975 0.845001
      vertex 8.75 1.97228 0.83852
      vertex 8.75 1.97354 0.835859
    endloop
  endfacet
  facet normal 1 -0 0
    outer loop
      vertex 8.75 1.97058 0.855853
      vertex 8.75 1.975 0.845001
      vertex 8.75 1.97129 0.858708
    endloop
  endfacet
  facet normal 1 0 0
    outer loop
      vertex 8.75 1.975 0.845001
      vertex 8.75 1.97129 0.841292
      vertex 8.75 1.97228 0.83852
    endloop
  endfacet
  facet normal 1 -0 0
    outer loop
      vertex 8.75 1.97015 0.85294
      vertex 8.75 1.975 0.845001
      vertex 8.75 1.97058 0.855853
    endloop
  endfacet
  facet normal 1 0 0
    outer loop
      vertex 8.75 1.975 0.845001
      vertex 8.75 1.97058 0.844147
      vertex 8.75 1.97129 0.841292
    endloop
  endfacet
  facet normal 1 -0 0
    outer loop
      vertex 8.75 1.97 0.85
      vertex 8.75 1.975 0.845001
      vertex 8.75 1.97015 0.85294
    endloop
  endfacet
  facet normal 1 0 0
    outer loop
      vertex 8.75 1.975 0.845001
      vertex 8.75 1.97015 0.84706
      vertex 8.75 1.97058 0.844147
    endloop
  endfacet
  facet normal 1 0 0
    outer loop
      vertex 8.75 1.975 0.845001
      vertex 8.75 1.97 0.85
      vertex 8.75 1.97015 0.84706
    endloop
  endfacet
  facet normal 1 0 0
    outer loop
      vertex 8.75 2.02646 0.835859
      vertex 8.75 2.025 0.845001
      vertex 8.75 2.025 0.833427
    endloop
  endfacet
  facet normal 0 0.998701 0.0509541
    outer loop
      vertex 8.75 2.03 0.85
      vertex 8.45 2.02985 0.85294
      vertex 8.75 2.02985 0.85294
    endloop
  endfacet
  facet normal 0 0.998701 0.0509541
    outer loop
      vertex 8.45 2.02985 0.85294
      vertex 8.75 2.03 0.85
      vertex 8.45 2.03 0.85
    endloop
  endfacet
  facet normal 0 0.98928 0.146032
    outer loop
      vertex 8.75 2.02985 0.85294
      vertex 8.45 2.02942 0.855853
      vertex 8.75 2.02942 0.855853
    endloop
  endfacet
  facet normal 0 0.98928 0.146032
    outer loop
      vertex 8.45 2.02942 0.855853
      vertex 8.75 2.02985 0.85294
      vertex 8.45 2.02985 0.85294
    endloop
  endfacet
  facet normal 0 0.98928 -0.146032
    outer loop
      vertex 8.75 2.02942 0.844147
      vertex 8.45 2.02985 0.84706
      vertex 8.75 2.02985 0.84706
    endloop
  endfacet
  facet normal 0 0.98928 -0.146032
    outer loop
      vertex 8.45 2.02985 0.84706
      vertex 8.75 2.02942 0.844147
      vertex 8.45 2.02942 0.844147
    endloop
  endfacet
  facet normal -0.00310844 0.857364 -0.514701
    outer loop
      vertex 8.74885 2.02494 0.833334
      vertex 8.75 2.02646 0.835859
      vertex 8.75 2.025 0.833427
    endloop
  endfacet
  facet normal 0 0.856744 -0.515743
    outer loop
      vertex 8.75 2.02646 0.835859
      vertex 8.74885 2.02494 0.833334
      vertex 8.45 2.02646 0.835859
    endloop
  endfacet
  facet normal 0 0.856744 -0.515743
    outer loop
      vertex 8.45 2.02646 0.835859
      vertex 8.74885 2.02494 0.833334
      vertex 8.45 2.02494 0.833334
    endloop
  endfacet
  facet normal 0 -0.0492599 0.998786
    outer loop
      vertex 8.45 2 0.88
      vertex 8.75 1.99706 0.879855
      vertex 8.75 2 0.88
    endloop
  endfacet
  facet normal 0 -0.0492599 0.998786
    outer loop
      vertex 8.75 1.99706 0.879855
      vertex 8.45 2 0.88
      vertex 8.45 1.99706 0.879855
    endloop
  endfacet
  facet normal -0 0.427809 0.903869
    outer loop
      vertex 8.45 2.01414 0.876457
      vertex 8.75 2.01148 0.877716
      vertex 8.75 2.01414 0.876457
    endloop
  endfacet
  facet normal 0 0.427809 0.903869
    outer loop
      vertex 8.75 2.01148 0.877716
      vertex 8.45 2.01414 0.876457
      vertex 8.45 2.01148 0.877716
    endloop
  endfacet
  facet normal 0 -0.24348 -0.969906
    outer loop
      vertex 8.45 1.99129 0.821293
      vertex 8.72608 1.99274 0.820929
      vertex 8.72659 1.99129 0.821293
    endloop
  endfacet
  facet normal -7.06893e-06 -0.242213 -0.970223
    outer loop
      vertex 8.45 1.99129 0.821293
      vertex 8.72572 1.99415 0.820577
      vertex 8.72608 1.99274 0.820929
    endloop
  endfacet
  facet normal -0 -0.242855 -0.970063
    outer loop
      vertex 8.72572 1.99415 0.820577
      vertex 8.45 1.99129 0.821293
      vertex 8.45 1.99415 0.820577
    endloop
  endfacet
  facet normal 0 0.753029 -0.657987
    outer loop
      vertex 8.74043 2.0231 0.830865
      vertex 8.45 2.02319 0.830968
      vertex 8.74069 2.02319 0.830968
    endloop
  endfacet
  facet normal -9.05565e-06 0.740238 -0.672345
    outer loop
      vertex 8.73822 2.02205 0.829709
      vertex 8.45 2.02319 0.830968
      vertex 8.74043 2.0231 0.830865
    endloop
  endfacet
  facet normal -1.79072e-05 0.739228 -0.673456
    outer loop
      vertex 8.73682 2.02121 0.828787
      vertex 8.45 2.02319 0.830968
      vertex 8.73822 2.02205 0.829709
    endloop
  endfacet
  facet normal 0 0.740401 -0.672166
    outer loop
      vertex 8.45 2.02319 0.830968
      vertex 8.73682 2.02121 0.828787
      vertex 8.45 2.02121 0.828787
    endloop
  endfacet
  facet normal 0 0.596293 -0.802767
    outer loop
      vertex 8.45 2.01903 0.82681
      vertex 8.73141 2.01667 0.825057
      vertex 8.45 2.01667 0.825057
    endloop
  endfacet
  facet normal -8.10602e-06 0.59567 -0.80323
    outer loop
      vertex 8.73141 2.01667 0.825057
      vertex 8.45 2.01903 0.82681
      vertex 8.73232 2.01768 0.825806
    endloop
  endfacet
  facet normal 0 0.596762 -0.802419
    outer loop
      vertex 8.73232 2.01768 0.825806
      vertex 8.45 2.01903 0.82681
      vertex 8.73382 2.01903 0.82681
    endloop
  endfacet
  facet normal 0 0.823213 -0.567733
    outer loop
      vertex 8.74755 2.02488 0.833247
      vertex 8.45 2.02494 0.833334
      vertex 8.74885 2.02494 0.833334
    endloop
  endfacet
  facet normal -1.19855e-05 0.803586 -0.595189
    outer loop
      vertex 8.74512 2.02452 0.832761
      vertex 8.45 2.02494 0.833334
      vertex 8.74755 2.02488 0.833247
    endloop
  endfacet
  facet normal -2.05537e-05 0.801462 -0.598045
    outer loop
      vertex 8.74274 2.02392 0.831957
      vertex 8.45 2.02494 0.833334
      vertex 8.74512 2.02452 0.832761
    endloop
  endfacet
  facet normal 9.82498e-06 0.804555 -0.593878
    outer loop
      vertex 8.74069 2.02319 0.830968
      vertex 8.45 2.02494 0.833334
      vertex 8.74274 2.02392 0.831957
    endloop
  endfacet
  facet normal 0 0.803978 -0.594659
    outer loop
      vertex 8.45 2.02494 0.833334
      vertex 8.74069 2.02319 0.830968
      vertex 8.45 2.02319 0.830968
    endloop
  endfacet
  facet normal 0 0.803978 0.594659
    outer loop
      vertex 8.75 2.02494 0.866666
      vertex 8.45 2.02319 0.869032
      vertex 8.75 2.02319 0.869032
    endloop
  endfacet
  facet normal 0 0.803978 0.594659
    outer loop
      vertex 8.45 2.02319 0.869032
      vertex 8.75 2.02494 0.866666
      vertex 8.45 2.02494 0.866666
    endloop
  endfacet
  facet normal 0 0.9038 -0.427955
    outer loop
      vertex 8.75 2.02646 0.835859
      vertex 8.45 2.02772 0.83852
      vertex 8.75 2.02772 0.83852
    endloop
  endfacet
  facet normal 0 0.9038 -0.427955
    outer loop
      vertex 8.45 2.02772 0.83852
      vertex 8.75 2.02646 0.835859
      vertex 8.45 2.02646 0.835859
    endloop
  endfacet
  facet normal 0 -0.856744 -0.515743
    outer loop
      vertex 8.74885 1.97506 0.833334
      vertex 8.75 1.97354 0.835859
      vertex 8.45 1.97354 0.835859
    endloop
  endfacet
  facet normal -0 -0.856744 -0.515743
    outer loop
      vertex 8.74885 1.97506 0.833334
      vertex 8.45 1.97354 0.835859
      vertex 8.45 1.97506 0.833334
    endloop
  endfacet
  facet normal -0.00310844 -0.857364 -0.514701
    outer loop
      vertex 8.75 1.97354 0.835859
      vertex 8.74885 1.97506 0.833334
      vertex 8.75 1.975 0.833427
    endloop
  endfacet
  facet normal 0 0.146844 -0.98916
    outer loop
      vertex 8.45 2.00585 0.820577
      vertex 8.72519 2.00294 0.820145
      vertex 8.45 2.00294 0.820145
    endloop
  endfacet
  facet normal -8.08922e-17 0.146844 -0.98916
    outer loop
      vertex 8.72519 2.00294 0.820145
      vertex 8.45 2.00585 0.820577
      vertex 8.72548 2.00488 0.820433
    endloop
  endfacet
  facet normal 0 0.146844 -0.98916
    outer loop
      vertex 8.72548 2.00488 0.820433
      vertex 8.45 2.00585 0.820577
      vertex 8.72572 2.00585 0.820577
    endloop
  endfacet
  facet normal 0 -0.146844 -0.98916
    outer loop
      vertex 8.45 1.99415 0.820577
      vertex 8.72548 1.99512 0.820433
      vertex 8.72572 1.99415 0.820577
    endloop
  endfacet
  facet normal -2.58346e-16 -0.146844 -0.98916
    outer loop
      vertex 8.45 1.99415 0.820577
      vertex 8.72519 1.99706 0.820145
      vertex 8.72548 1.99512 0.820433
    endloop
  endfacet
  facet normal -0 -0.146844 -0.98916
    outer loop
      vertex 8.72519 1.99706 0.820145
      vertex 8.45 1.99415 0.820577
      vertex 8.45 1.99706 0.820145
    endloop
  endfacet
  facet normal -0 0.337154 0.941449
    outer loop
      vertex 8.45 2.01148 0.877716
      vertex 8.75 2.00871 0.878708
      vertex 8.75 2.01148 0.877716
    endloop
  endfacet
  facet normal 0 0.337154 0.941449
    outer loop
      vertex 8.75 2.00871 0.878708
      vertex 8.45 2.01148 0.877716
      vertex 8.45 2.00871 0.878708
    endloop
  endfacet
  facet normal 0 -0.429793 -0.902927
    outer loop
      vertex 8.45 1.98586 0.823543
      vertex 8.72921 1.98611 0.823424
      vertex 8.7294 1.98586 0.823543
    endloop
  endfacet
  facet normal -3.20641e-06 -0.426872 -0.904312
    outer loop
      vertex 8.45 1.98586 0.823543
      vertex 8.72795 1.98822 0.822428
      vertex 8.72921 1.98611 0.823424
    endloop
  endfacet
  facet normal 5.75066e-05 -0.432709 -0.901534
    outer loop
      vertex 8.45 1.98586 0.823543
      vertex 8.72781 1.98852 0.822284
      vertex 8.72795 1.98822 0.822428
    endloop
  endfacet
  facet normal -0 -0.427809 -0.903869
    outer loop
      vertex 8.72781 1.98852 0.822284
      vertex 8.45 1.98586 0.823543
      vertex 8.45 1.98852 0.822284
    endloop
  endfacet
  facet normal 0 0.970442 -0.241336
    outer loop
      vertex 8.75 2.02871 0.841292
      vertex 8.45 2.02942 0.844147
      vertex 8.75 2.02942 0.844147
    endloop
  endfacet
  facet normal 0 0.970442 -0.241336
    outer loop
      vertex 8.45 2.02942 0.844147
      vertex 8.75 2.02871 0.841292
      vertex 8.45 2.02871 0.841292
    endloop
  endfacet
  facet normal 0 -0.0489209 -0.998803
    outer loop
      vertex 8.45 1.99706 0.820145
      vertex 8.72512 1.99755 0.820121
      vertex 8.72519 1.99706 0.820145
    endloop
  endfacet
  facet normal 7.26007e-07 -0.0493276 -0.998783
    outer loop
      vertex 8.45 1.99706 0.820145
      vertex 8.725 2 0.82
      vertex 8.72512 1.99755 0.820121
    endloop
  endfacet
  facet normal -0 -0.0492599 -0.998786
    outer loop
      vertex 8.725 2 0.82
      vertex 8.45 1.99706 0.820145
      vertex 8.45 2 0.82
    endloop
  endfacet
  facet normal 0 -0.337154 0.941449
    outer loop
      vertex 8.45 1.99129 0.878708
      vertex 8.75 1.98852 0.877716
      vertex 8.75 1.99129 0.878708
    endloop
  endfacet
  facet normal 0 -0.337154 0.941449
    outer loop
      vertex 8.75 1.98852 0.877716
      vertex 8.45 1.99129 0.878708
      vertex 8.45 1.98852 0.877716
    endloop
  endfacet
  facet normal 0 -0.427809 0.903869
    outer loop
      vertex 8.45 1.98852 0.877716
      vertex 8.75 1.98586 0.876457
      vertex 8.75 1.98852 0.877716
    endloop
  endfacet
  facet normal 0 -0.427809 0.903869
    outer loop
      vertex 8.75 1.98586 0.876457
      vertex 8.45 1.98852 0.877716
      vertex 8.45 1.98586 0.876457
    endloop
  endfacet
  facet normal 0 -0.970442 -0.241336
    outer loop
      vertex 8.45 1.97129 0.841292
      vertex 8.75 1.97058 0.844147
      vertex 8.45 1.97058 0.844147
    endloop
  endfacet
  facet normal 0 -0.970442 -0.241336
    outer loop
      vertex 8.75 1.97058 0.844147
      vertex 8.45 1.97129 0.841292
      vertex 8.75 1.97129 0.841292
    endloop
  endfacet
  facet normal 0 -0.98928 -0.146032
    outer loop
      vertex 8.45 1.97058 0.844147
      vertex 8.75 1.97015 0.84706
      vertex 8.45 1.97015 0.84706
    endloop
  endfacet
  facet normal 0 -0.98928 -0.146032
    outer loop
      vertex 8.75 1.97015 0.84706
      vertex 8.45 1.97058 0.844147
      vertex 8.75 1.97058 0.844147
    endloop
  endfacet
  facet normal 0 0.336853 -0.941557
    outer loop
      vertex 8.45 2.01148 0.822284
      vertex 8.72659 2.00871 0.821293
      vertex 8.45 2.00871 0.821293
    endloop
  endfacet
  facet normal -7.37728e-06 0.3362 -0.941791
    outer loop
      vertex 8.72659 2.00871 0.821293
      vertex 8.45 2.01148 0.822284
      vertex 8.7269 2.00957 0.8216
    endloop
  endfacet
  facet normal 0 0.337148 -0.941452
    outer loop
      vertex 8.7269 2.00957 0.8216
      vertex 8.45 2.01148 0.822284
      vertex 8.72781 2.01148 0.822284
    endloop
  endfacet
  facet normal 0 -0.596762 -0.802419
    outer loop
      vertex 8.45 1.98097 0.82681
      vertex 8.73232 1.98232 0.825806
      vertex 8.73382 1.98097 0.82681
    endloop
  endfacet
  facet normal -8.10602e-06 -0.59567 -0.80323
    outer loop
      vertex 8.45 1.98097 0.82681
      vertex 8.73141 1.98333 0.825057
      vertex 8.73232 1.98232 0.825806
    endloop
  endfacet
  facet normal -0 -0.596293 -0.802767
    outer loop
      vertex 8.73141 1.98333 0.825057
      vertex 8.45 1.98097 0.82681
      vertex 8.45 1.98333 0.825057
    endloop
  endfacet
  facet normal 0 -0.512936 -0.858427
    outer loop
      vertex 8.45 1.98333 0.825057
      vertex 8.73067 1.98414 0.824573
      vertex 8.73141 1.98333 0.825057
    endloop
  endfacet
  facet normal 3.22757e-06 -0.51376 -0.857934
    outer loop
      vertex 8.45 1.98333 0.825057
      vertex 8.7294 1.98586 0.823543
      vertex 8.73067 1.98414 0.824573
    endloop
  endfacet
  facet normal -0 -0.513498 -0.858091
    outer loop
      vertex 8.7294 1.98586 0.823543
      vertex 8.45 1.98333 0.825057
      vertex 8.45 1.98586 0.823543
    endloop
  endfacet
  facet normal 0 -0.9038 -0.427955
    outer loop
      vertex 8.45 1.97354 0.835859
      vertex 8.75 1.97228 0.83852
      vertex 8.45 1.97228 0.83852
    endloop
  endfacet
  facet normal 0 -0.9038 -0.427955
    outer loop
      vertex 8.75 1.97228 0.83852
      vertex 8.45 1.97354 0.835859
      vertex 8.75 1.97354 0.835859
    endloop
  endfacet
  facet normal 0 0.998701 -0.0509541
    outer loop
      vertex 8.75 2.02985 0.84706
      vertex 8.45 2.03 0.85
      vertex 8.75 2.03 0.85
    endloop
  endfacet
  facet normal 0 0.998701 -0.0509541
    outer loop
      vertex 8.45 2.03 0.85
      vertex 8.75 2.02985 0.84706
      vertex 8.45 2.02985 0.84706
    endloop
  endfacet
  facet normal 0 0.856744 0.515743
    outer loop
      vertex 8.75 2.02646 0.864141
      vertex 8.45 2.02494 0.866666
      vertex 8.75 2.02494 0.866666
    endloop
  endfacet
  facet normal 0 0.856744 0.515743
    outer loop
      vertex 8.45 2.02494 0.866666
      vertex 8.75 2.02646 0.864141
      vertex 8.45 2.02646 0.864141
    endloop
  endfacet
  facet normal 0 -0.337148 -0.941452
    outer loop
      vertex 8.45 1.98852 0.822284
      vertex 8.7269 1.99043 0.8216
      vertex 8.72781 1.98852 0.822284
    endloop
  endfacet
  facet normal -7.37728e-06 -0.3362 -0.941791
    outer loop
      vertex 8.45 1.98852 0.822284
      vertex 8.72659 1.99129 0.821293
      vertex 8.7269 1.99043 0.8216
    endloop
  endfacet
  facet normal -0 -0.336853 -0.941557
    outer loop
      vertex 8.72659 1.99129 0.821293
      vertex 8.45 1.98852 0.822284
      vertex 8.45 1.99129 0.821293
    endloop
  endfacet
  facet normal 0 0.970442 0.241336
    outer loop
      vertex 8.75 2.02942 0.855853
      vertex 8.45 2.02871 0.858708
      vertex 8.75 2.02871 0.858708
    endloop
  endfacet
  facet normal 0 0.970442 0.241336
    outer loop
      vertex 8.45 2.02871 0.858708
      vertex 8.75 2.02942 0.855853
      vertex 8.45 2.02942 0.855853
    endloop
  endfacet
  facet normal 0 0.9038 0.427955
    outer loop
      vertex 8.75 2.02772 0.86148
      vertex 8.45 2.02646 0.864141
      vertex 8.75 2.02646 0.864141
    endloop
  endfacet
  facet normal 0 0.9038 0.427955
    outer loop
      vertex 8.45 2.02646 0.864141
      vertex 8.75 2.02772 0.86148
      vertex 8.45 2.02772 0.86148
    endloop
  endfacet
  facet normal 0 -0.513498 0.858091
    outer loop
      vertex 8.45 1.98586 0.876457
      vertex 8.75 1.98333 0.874943
      vertex 8.75 1.98586 0.876457
    endloop
  endfacet
  facet normal 0 -0.513498 0.858091
    outer loop
      vertex 8.75 1.98333 0.874943
      vertex 8.45 1.98586 0.876457
      vertex 8.45 1.98333 0.874943
    endloop
  endfacet
  facet normal 0 0.513498 -0.858091
    outer loop
      vertex 8.45 2.01667 0.825057
      vertex 8.7294 2.01414 0.823543
      vertex 8.45 2.01414 0.823543
    endloop
  endfacet
  facet normal 3.22757e-06 0.51376 -0.857934
    outer loop
      vertex 8.7294 2.01414 0.823543
      vertex 8.45 2.01667 0.825057
      vertex 8.73067 2.01586 0.824573
    endloop
  endfacet
  facet normal 0 0.512936 -0.858427
    outer loop
      vertex 8.73067 2.01586 0.824573
      vertex 8.45 2.01667 0.825057
      vertex 8.73141 2.01667 0.825057
    endloop
  endfacet
  facet normal 0 -0.9038 0.427955
    outer loop
      vertex 8.45 1.97228 0.86148
      vertex 8.75 1.97354 0.864141
      vertex 8.45 1.97354 0.864141
    endloop
  endfacet
  facet normal 0 -0.9038 0.427955
    outer loop
      vertex 8.75 1.97354 0.864141
      vertex 8.45 1.97228 0.86148
      vertex 8.75 1.97228 0.86148
    endloop
  endfacet
  facet normal -1 0 0
    outer loop
      vertex 8.45 2.02985 0.84706
      vertex 8.45 2.02985 0.85294
      vertex 8.45 2.03 0.85
    endloop
  endfacet
  facet normal -1 0 0
    outer loop
      vertex 8.45 2.02942 0.844147
      vertex 8.45 2.02985 0.85294
      vertex 8.45 2.02985 0.84706
    endloop
  endfacet
  facet normal -1 0 0
    outer loop
      vertex 8.45 2.02942 0.844147
      vertex 8.45 2.02942 0.855853
      vertex 8.45 2.02985 0.85294
    endloop
  endfacet
  facet normal -1 0 0
    outer loop
      vertex 8.45 2.02871 0.841292
      vertex 8.45 2.02942 0.855853
      vertex 8.45 2.02942 0.844147
    endloop
  endfacet
  facet normal -1 0 0
    outer loop
      vertex 8.45 2.02871 0.841292
      vertex 8.45 2.02871 0.858708
      vertex 8.45 2.02942 0.855853
    endloop
  endfacet
  facet normal -1 0 0
    outer loop
      vertex 8.45 2.02772 0.83852
      vertex 8.45 2.02871 0.858708
      vertex 8.45 2.02871 0.841292
    endloop
  endfacet
  facet normal -1 0 0
    outer loop
      vertex 8.45 2.02772 0.83852
      vertex 8.45 2.02772 0.86148
      vertex 8.45 2.02871 0.858708
    endloop
  endfacet
  facet normal -1 0 0
    outer loop
      vertex 8.45 2.02646 0.835859
      vertex 8.45 2.02772 0.86148
      vertex 8.45 2.02772 0.83852
    endloop
  endfacet
  facet normal -1 0 0
    outer loop
      vertex 8.45 2.02646 0.835859
      vertex 8.45 2.02646 0.864141
      vertex 8.45 2.02772 0.86148
    endloop
  endfacet
  facet normal -1 0 0
    outer loop
      vertex 8.45 2.02494 0.833334
      vertex 8.45 2.02646 0.864141
      vertex 8.45 2.02646 0.835859
    endloop
  endfacet
  facet normal -1 0 0
    outer loop
      vertex 8.45 2.02494 0.833334
      vertex 8.45 2.02494 0.866666
      vertex 8.45 2.02646 0.864141
    endloop
  endfacet
  facet normal -1 0 0
    outer loop
      vertex 8.45 2.02319 0.830968
      vertex 8.45 2.02494 0.866666
      vertex 8.45 2.02494 0.833334
    endloop
  endfacet
  facet normal -1 0 0
    outer loop
      vertex 8.45 2.02319 0.830968
      vertex 8.45 2.02319 0.869032
      vertex 8.45 2.02494 0.866666
    endloop
  endfacet
  facet normal -1 0 0
    outer loop
      vertex 8.45 2.02121 0.828787
      vertex 8.45 2.02319 0.869032
      vertex 8.45 2.02319 0.830968
    endloop
  endfacet
  facet normal -1 0 0
    outer loop
      vertex 8.45 2.02121 0.828787
      vertex 8.45 2.02121 0.871213
      vertex 8.45 2.02319 0.869032
    endloop
  endfacet
  facet normal -1 0 0
    outer loop
      vertex 8.45 2.01903 0.82681
      vertex 8.45 2.02121 0.871213
      vertex 8.45 2.02121 0.828787
    endloop
  endfacet
  facet normal -1 0 0
    outer loop
      vertex 8.45 2.01903 0.82681
      vertex 8.45 2.01903 0.87319
      vertex 8.45 2.02121 0.871213
    endloop
  endfacet
  facet normal -1 0 0
    outer loop
      vertex 8.45 2.01667 0.825057
      vertex 8.45 2.01903 0.87319
      vertex 8.45 2.01903 0.82681
    endloop
  endfacet
  facet normal -1 0 0
    outer loop
      vertex 8.45 2.01667 0.825057
      vertex 8.45 2.01667 0.874943
      vertex 8.45 2.01903 0.87319
    endloop
  endfacet
  facet normal -1 0 0
    outer loop
      vertex 8.45 2.01414 0.823543
      vertex 8.45 2.01667 0.874943
      vertex 8.45 2.01667 0.825057
    endloop
  endfacet
  facet normal -1 0 0
    outer loop
      vertex 8.45 2.01414 0.823543
      vertex 8.45 2.01414 0.876457
      vertex 8.45 2.01667 0.874943
    endloop
  endfacet
  facet normal -1 0 0
    outer loop
      vertex 8.45 2.01148 0.822284
      vertex 8.45 2.01414 0.876457
      vertex 8.45 2.01414 0.823543
    endloop
  endfacet
  facet normal -1 0 0
    outer loop
      vertex 8.45 2.01148 0.822284
      vertex 8.45 2.01148 0.877716
      vertex 8.45 2.01414 0.876457
    endloop
  endfacet
  facet normal -1 0 0
    outer loop
      vertex 8.45 2.00871 0.821293
      vertex 8.45 2.01148 0.877716
      vertex 8.45 2.01148 0.822284
    endloop
  endfacet
  facet normal -1 0 0
    outer loop
      vertex 8.45 2.00871 0.821293
      vertex 8.45 2.00871 0.878708
      vertex 8.45 2.01148 0.877716
    endloop
  endfacet
  facet normal -1 0 0
    outer loop
      vertex 8.45 2.00585 0.820577
      vertex 8.45 2.00871 0.878708
      vertex 8.45 2.00871 0.821293
    endloop
  endfacet
  facet normal -1 0 0
    outer loop
      vertex 8.45 2.00585 0.820577
      vertex 8.45 2.00585 0.879423
      vertex 8.45 2.00871 0.878708
    endloop
  endfacet
  facet normal -1 0 0
    outer loop
      vertex 8.45 2.00294 0.820145
      vertex 8.45 2.00585 0.879423
      vertex 8.45 2.00585 0.820577
    endloop
  endfacet
  facet normal -1 0 0
    outer loop
      vertex 8.45 2.00294 0.820145
      vertex 8.45 2.00294 0.879855
      vertex 8.45 2.00585 0.879423
    endloop
  endfacet
  facet normal -1 0 0
    outer loop
      vertex 8.45 2 0.82
      vertex 8.45 2.00294 0.879855
      vertex 8.45 2.00294 0.820145
    endloop
  endfacet
  facet normal -1 0 0
    outer loop
      vertex 8.45 2 0.82
      vertex 8.45 2 0.88
      vertex 8.45 2.00294 0.879855
    endloop
  endfacet
  facet normal -1 0 0
    outer loop
      vertex 8.45 1.99706 0.820145
      vertex 8.45 2 0.88
      vertex 8.45 2 0.82
    endloop
  endfacet
  facet normal -1 0 0
    outer loop
      vertex 8.45 1.99706 0.820145
      vertex 8.45 1.99706 0.879855
      vertex 8.45 2 0.88
    endloop
  endfacet
  facet normal -1 0 0
    outer loop
      vertex 8.45 1.99415 0.820577
      vertex 8.45 1.99706 0.879855
      vertex 8.45 1.99706 0.820145
    endloop
  endfacet
  facet normal -1 0 0
    outer loop
      vertex 8.45 1.99415 0.820577
      vertex 8.45 1.99415 0.879423
      vertex 8.45 1.99706 0.879855
    endloop
  endfacet
  facet normal -1 0 0
    outer loop
      vertex 8.45 1.99129 0.821293
      vertex 8.45 1.99415 0.879423
      vertex 8.45 1.99415 0.820577
    endloop
  endfacet
  facet normal -1 0 0
    outer loop
      vertex 8.45 1.99129 0.821293
      vertex 8.45 1.99129 0.878708
      vertex 8.45 1.99415 0.879423
    endloop
  endfacet
  facet normal -1 0 0
    outer loop
      vertex 8.45 1.98852 0.822284
      vertex 8.45 1.99129 0.878708
      vertex 8.45 1.99129 0.821293
    endloop
  endfacet
  facet normal -1 0 0
    outer loop
      vertex 8.45 1.98852 0.822284
      vertex 8.45 1.98852 0.877716
      vertex 8.45 1.99129 0.878708
    endloop
  endfacet
  facet normal -1 0 0
    outer loop
      vertex 8.45 1.98586 0.823543
      vertex 8.45 1.98852 0.877716
      vertex 8.45 1.98852 0.822284
    endloop
  endfacet
  facet normal -1 0 0
    outer loop
      vertex 8.45 1.98586 0.823543
      vertex 8.45 1.98586 0.876457
      vertex 8.45 1.98852 0.877716
    endloop
  endfacet
  facet normal -1 0 0
    outer loop
      vertex 8.45 1.98333 0.825057
      vertex 8.45 1.98586 0.876457
      vertex 8.45 1.98586 0.823543
    endloop
  endfacet
  facet normal -1 0 0
    outer loop
      vertex 8.45 1.98333 0.825057
      vertex 8.45 1.98333 0.874943
      vertex 8.45 1.98586 0.876457
    endloop
  endfacet
  facet normal -1 0 0
    outer loop
      vertex 8.45 1.98097 0.82681
      vertex 8.45 1.98333 0.874943
      vertex 8.45 1.98333 0.825057
    endloop
  endfacet
  facet normal -1 0 0
    outer loop
      vertex 8.45 1.98097 0.82681
      vertex 8.45 1.98097 0.87319
      vertex 8.45 1.98333 0.874943
    endloop
  endfacet
  facet normal -1 0 0
    outer loop
      vertex 8.45 1.97879 0.828787
      vertex 8.45 1.98097 0.87319
      vertex 8.45 1.98097 0.82681
    endloop
  endfacet
  facet normal -1 0 0
    outer loop
      vertex 8.45 1.97879 0.828787
      vertex 8.45 1.97879 0.871213
      vertex 8.45 1.98097 0.87319
    endloop
  endfacet
  facet normal -1 0 0
    outer loop
      vertex 8.45 1.97681 0.830968
      vertex 8.45 1.97879 0.871213
      vertex 8.45 1.97879 0.828787
    endloop
  endfacet
  facet normal -1 0 0
    outer loop
      vertex 8.45 1.97681 0.830968
      vertex 8.45 1.97681 0.869032
      vertex 8.45 1.97879 0.871213
    endloop
  endfacet
  facet normal -1 0 0
    outer loop
      vertex 8.45 1.97506 0.833334
      vertex 8.45 1.97681 0.869032
      vertex 8.45 1.97681 0.830968
    endloop
  endfacet
  facet normal -1 0 0
    outer loop
      vertex 8.45 1.97506 0.833334
      vertex 8.45 1.97506 0.866666
      vertex 8.45 1.97681 0.869032
    endloop
  endfacet
  facet normal -1 0 0
    outer loop
      vertex 8.45 1.97354 0.835859
      vertex 8.45 1.97506 0.866666
      vertex 8.45 1.97506 0.833334
    endloop
  endfacet
  facet normal -1 0 0
    outer loop
      vertex 8.45 1.97354 0.835859
      vertex 8.45 1.97354 0.864141
      vertex 8.45 1.97506 0.866666
    endloop
  endfacet
  facet normal -1 0 0
    outer loop
      vertex 8.45 1.97228 0.83852
      vertex 8.45 1.97354 0.864141
      vertex 8.45 1.97354 0.835859
    endloop
  endfacet
  facet normal -1 0 0
    outer loop
      vertex 8.45 1.97228 0.83852
      vertex 8.45 1.97228 0.86148
      vertex 8.45 1.97354 0.864141
    endloop
  endfacet
  facet normal -1 0 0
    outer loop
      vertex 8.45 1.97129 0.841292
      vertex 8.45 1.97228 0.86148
      vertex 8.45 1.97228 0.83852
    endloop
  endfacet
  facet normal -1 0 0
    outer loop
      vertex 8.45 1.97129 0.841292
      vertex 8.45 1.97129 0.858708
      vertex 8.45 1.97228 0.86148
    endloop
  endfacet
  facet normal -1 0 0
    outer loop
      vertex 8.45 1.97058 0.844147
      vertex 8.45 1.97129 0.858708
      vertex 8.45 1.97129 0.841292
    endloop
  endfacet
  facet normal -1 0 0
    outer loop
      vertex 8.45 1.97058 0.844147
      vertex 8.45 1.97058 0.855853
      vertex 8.45 1.97129 0.858708
    endloop
  endfacet
  facet normal -1 0 0
    outer loop
      vertex 8.45 1.97015 0.84706
      vertex 8.45 1.97058 0.855853
      vertex 8.45 1.97058 0.844147
    endloop
  endfacet
  facet normal -1 0 0
    outer loop
      vertex 8.45 1.97015 0.84706
      vertex 8.45 1.97015 0.85294
      vertex 8.45 1.97058 0.855853
    endloop
  endfacet
  facet normal -1 0 -0
    outer loop
      vertex 8.45 1.97015 0.85294
      vertex 8.45 1.97015 0.84706
      vertex 8.45 1.97 0.85
    endloop
  endfacet
  facet normal -0 0.242536 0.970143
    outer loop
      vertex 8.45 2.00871 0.878708
      vertex 8.75 2.00585 0.879423
      vertex 8.75 2.00871 0.878708
    endloop
  endfacet
  facet normal 0 0.242536 0.970143
    outer loop
      vertex 8.75 2.00585 0.879423
      vertex 8.45 2.00871 0.878708
      vertex 8.45 2.00585 0.879423
    endloop
  endfacet
  facet normal -0 0.146844 0.98916
    outer loop
      vertex 8.45 2.00585 0.879423
      vertex 8.75 2.00294 0.879855
      vertex 8.75 2.00585 0.879423
    endloop
  endfacet
  facet normal 0 0.146844 0.98916
    outer loop
      vertex 8.75 2.00294 0.879855
      vertex 8.45 2.00585 0.879423
      vertex 8.45 2.00294 0.879855
    endloop
  endfacet
  facet normal 0 0.671776 -0.740754
    outer loop
      vertex 8.45 2.02121 0.828787
      vertex 8.73382 2.01903 0.82681
      vertex 8.45 2.01903 0.82681
    endloop
  endfacet
  facet normal -9.60617e-05 0.664885 -0.746946
    outer loop
      vertex 8.73382 2.01903 0.82681
      vertex 8.45 2.02121 0.828787
      vertex 8.73414 2.01933 0.827077
    endloop
  endfacet
  facet normal -1.32383e-05 0.671773 -0.740757
    outer loop
      vertex 8.73414 2.01933 0.827077
      vertex 8.45 2.02121 0.828787
      vertex 8.73611 2.02079 0.828401
    endloop
  endfacet
  facet normal 0 0.676677 -0.73628
    outer loop
      vertex 8.73611 2.02079 0.828401
      vertex 8.45 2.02121 0.828787
      vertex 8.73682 2.02121 0.828787
    endloop
  endfacet
  facet normal 0 -0.146844 0.98916
    outer loop
      vertex 8.45 1.99706 0.879855
      vertex 8.75 1.99415 0.879423
      vertex 8.75 1.99706 0.879855
    endloop
  endfacet
  facet normal 0 -0.146844 0.98916
    outer loop
      vertex 8.75 1.99415 0.879423
      vertex 8.45 1.99706 0.879855
      vertex 8.45 1.99415 0.879423
    endloop
  endfacet
  facet normal 0 -0.671776 0.740754
    outer loop
      vertex 8.45 1.98097 0.87319
      vertex 8.75 1.97879 0.871213
      vertex 8.75 1.98097 0.87319
    endloop
  endfacet
  facet normal 0 -0.671776 0.740754
    outer loop
      vertex 8.75 1.97879 0.871213
      vertex 8.45 1.98097 0.87319
      vertex 8.45 1.97879 0.871213
    endloop
  endfacet
  facet normal 0 -0.596293 0.802767
    outer loop
      vertex 8.45 1.98333 0.874943
      vertex 8.75 1.98097 0.87319
      vertex 8.75 1.98333 0.874943
    endloop
  endfacet
  facet normal 0 -0.596293 0.802767
    outer loop
      vertex 8.75 1.98097 0.87319
      vertex 8.45 1.98333 0.874943
      vertex 8.45 1.98097 0.87319
    endloop
  endfacet
  facet normal 0 -0.823213 -0.567733
    outer loop
      vertex 8.45 1.97506 0.833334
      vertex 8.74755 1.97512 0.833247
      vertex 8.74885 1.97506 0.833334
    endloop
  endfacet
  facet normal -1.19855e-05 -0.803586 -0.595189
    outer loop
      vertex 8.45 1.97506 0.833334
      vertex 8.74512 1.97548 0.832761
      vertex 8.74755 1.97512 0.833247
    endloop
  endfacet
  facet normal -2.05537e-05 -0.801462 -0.598045
    outer loop
      vertex 8.45 1.97506 0.833334
      vertex 8.74274 1.97608 0.831957
      vertex 8.74512 1.97548 0.832761
    endloop
  endfacet
  facet normal -0 -0.803978 -0.594659
    outer loop
      vertex 8.74069 1.97681 0.830968
      vertex 8.45 1.97506 0.833334
      vertex 8.45 1.97681 0.830968
    endloop
  endfacet
  facet normal 9.82498e-06 -0.804555 -0.593878
    outer loop
      vertex 8.45 1.97506 0.833334
      vertex 8.74069 1.97681 0.830968
      vertex 8.74274 1.97608 0.831957
    endloop
  endfacet
  facet normal 0 -0.803978 0.594659
    outer loop
      vertex 8.45 1.97506 0.866666
      vertex 8.75 1.97681 0.869032
      vertex 8.45 1.97681 0.869032
    endloop
  endfacet
  facet normal 0 -0.803978 0.594659
    outer loop
      vertex 8.75 1.97681 0.869032
      vertex 8.45 1.97506 0.866666
      vertex 8.75 1.97506 0.866666
    endloop
  endfacet
  facet normal 0 -0.740401 0.672166
    outer loop
      vertex 8.45 1.97681 0.869032
      vertex 8.75 1.97879 0.871213
      vertex 8.45 1.97879 0.871213
    endloop
  endfacet
  facet normal 0 -0.740401 0.672166
    outer loop
      vertex 8.75 1.97879 0.871213
      vertex 8.45 1.97681 0.869032
      vertex 8.75 1.97681 0.869032
    endloop
  endfacet
  facet normal -0 0.596293 0.802767
    outer loop
      vertex 8.45 2.01903 0.87319
      vertex 8.75 2.01667 0.874943
      vertex 8.75 2.01903 0.87319
    endloop
  endfacet
  facet normal 0 0.596293 0.802767
    outer loop
      vertex 8.75 2.01667 0.874943
      vertex 8.45 2.01903 0.87319
      vertex 8.45 2.01667 0.874943
    endloop
  endfacet
  facet normal -0 0.513498 0.858091
    outer loop
      vertex 8.45 2.01667 0.874943
      vertex 8.75 2.01414 0.876457
      vertex 8.75 2.01667 0.874943
    endloop
  endfacet
  facet normal 0 0.513498 0.858091
    outer loop
      vertex 8.75 2.01414 0.876457
      vertex 8.45 2.01667 0.874943
      vertex 8.45 2.01414 0.876457
    endloop
  endfacet
  facet normal 0 -0.998701 0.0509541
    outer loop
      vertex 8.45 1.97 0.85
      vertex 8.75 1.97015 0.85294
      vertex 8.45 1.97015 0.85294
    endloop
  endfacet
  facet normal 0 -0.998701 0.0509541
    outer loop
      vertex 8.75 1.97015 0.85294
      vertex 8.45 1.97 0.85
      vertex 8.75 1.97 0.85
    endloop
  endfacet
  facet normal 0 -0.98928 0.146032
    outer loop
      vertex 8.45 1.97015 0.85294
      vertex 8.75 1.97058 0.855853
      vertex 8.45 1.97058 0.855853
    endloop
  endfacet
  facet normal 0 -0.98928 0.146032
    outer loop
      vertex 8.75 1.97058 0.855853
      vertex 8.45 1.97015 0.85294
      vertex 8.75 1.97015 0.85294
    endloop
  endfacet
  facet normal -0 0.0492599 0.998786
    outer loop
      vertex 8.45 2.00294 0.879855
      vertex 8.75 2 0.88
      vertex 8.75 2.00294 0.879855
    endloop
  endfacet
  facet normal 0 0.0492599 0.998786
    outer loop
      vertex 8.75 2 0.88
      vertex 8.45 2.00294 0.879855
      vertex 8.45 2 0.88
    endloop
  endfacet
  facet normal 0 -0.941742 0.336336
    outer loop
      vertex 8.45 1.97129 0.858708
      vertex 8.75 1.97228 0.86148
      vertex 8.45 1.97228 0.86148
    endloop
  endfacet
  facet normal 0 -0.941742 0.336336
    outer loop
      vertex 8.75 1.97228 0.86148
      vertex 8.45 1.97129 0.858708
      vertex 8.75 1.97129 0.858708
    endloop
  endfacet
  facet normal 0 0.941742 -0.336336
    outer loop
      vertex 8.75 2.02772 0.83852
      vertex 8.45 2.02871 0.841292
      vertex 8.75 2.02871 0.841292
    endloop
  endfacet
  facet normal 0 0.941742 -0.336336
    outer loop
      vertex 8.45 2.02871 0.841292
      vertex 8.75 2.02772 0.83852
      vertex 8.45 2.02772 0.83852
    endloop
  endfacet
  facet normal 0 -0.676677 -0.73628
    outer loop
      vertex 8.45 1.97879 0.828787
      vertex 8.73611 1.97921 0.828401
      vertex 8.73682 1.97879 0.828787
    endloop
  endfacet
  facet normal -1.32383e-05 -0.671773 -0.740757
    outer loop
      vertex 8.45 1.97879 0.828787
      vertex 8.73414 1.98067 0.827077
      vertex 8.73611 1.97921 0.828401
    endloop
  endfacet
  facet normal -9.60617e-05 -0.664885 -0.746946
    outer loop
      vertex 8.45 1.97879 0.828787
      vertex 8.73382 1.98097 0.82681
      vertex 8.73414 1.98067 0.827077
    endloop
  endfacet
  facet normal -0 -0.671776 -0.740754
    outer loop
      vertex 8.73382 1.98097 0.82681
      vertex 8.45 1.97879 0.828787
      vertex 8.45 1.98097 0.82681
    endloop
  endfacet
  facet normal 0 -0.753029 -0.657987
    outer loop
      vertex 8.45 1.97681 0.830968
      vertex 8.74043 1.9769 0.830865
      vertex 8.74069 1.97681 0.830968
    endloop
  endfacet
  facet normal -9.05565e-06 -0.740238 -0.672345
    outer loop
      vertex 8.45 1.97681 0.830968
      vertex 8.73822 1.97795 0.829709
      vertex 8.74043 1.9769 0.830865
    endloop
  endfacet
  facet normal -0 -0.740401 -0.672166
    outer loop
      vertex 8.73682 1.97879 0.828787
      vertex 8.45 1.97681 0.830968
      vertex 8.45 1.97879 0.828787
    endloop
  endfacet
  facet normal -1.79072e-05 -0.739228 -0.673456
    outer loop
      vertex 8.45 1.97681 0.830968
      vertex 8.73682 1.97879 0.828787
      vertex 8.73822 1.97795 0.829709
    endloop
  endfacet
  facet normal 0.595423 -0.803413 0
    outer loop
      vertex 8.76389 1.97921 0.695
      vertex 8.76586 1.98067 0.845001
      vertex 8.76389 1.97921 0.845001
    endloop
  endfacet
  facet normal 0.595423 -0.803413 0
    outer loop
      vertex 8.76586 1.98067 0.845001
      vertex 8.76389 1.97921 0.695
      vertex 8.76586 1.98067 0.695
    endloop
  endfacet
  facet normal 0.989203 0.146549 0
    outer loop
      vertex 8.77488 2.00245 0.845001
      vertex 8.77452 2.00488 0.695
      vertex 8.77452 2.00488 0.845001
    endloop
  endfacet
  facet normal 0.989203 0.146549 0
    outer loop
      vertex 8.77452 2.00488 0.695
      vertex 8.77488 2.00245 0.845001
      vertex 8.77488 2.00245 0.695
    endloop
  endfacet
  facet normal 0.998803 0.0489209 0
    outer loop
      vertex 8.775 2 0.845001
      vertex 8.77488 2.00245 0.695
      vertex 8.77488 2.00245 0.845001
    endloop
  endfacet
  facet normal 0.998803 0.0489209 0
    outer loop
      vertex 8.77488 2.00245 0.695
      vertex 8.775 2 0.845001
      vertex 8.775 2 0.695
    endloop
  endfacet
  facet normal 0.969661 0.244452 0
    outer loop
      vertex 8.77452 2.00488 0.845001
      vertex 8.77392 2.00726 0.695
      vertex 8.77392 2.00726 0.845001
    endloop
  endfacet
  facet normal 0.969661 0.244452 0
    outer loop
      vertex 8.77392 2.00726 0.695
      vertex 8.77452 2.00488 0.845001
      vertex 8.77452 2.00488 0.695
    endloop
  endfacet
  facet normal 0.998803 -0.0489209 0
    outer loop
      vertex 8.77488 1.99755 0.845001
      vertex 8.775 2 0.695
      vertex 8.775 2 0.845001
    endloop
  endfacet
  facet normal 0.998803 -0.0489209 0
    outer loop
      vertex 8.775 2 0.695
      vertex 8.77488 1.99755 0.845001
      vertex 8.77488 1.99755 0.695
    endloop
  endfacet
  facet normal -0.42914 0.903238 0
    outer loop
      vertex 8.74043 2.0231 0.695
      vertex 8.73822 2.02205 0.829709
      vertex 8.74043 2.0231 0.830865
    endloop
  endfacet
  facet normal -0.42914 0.903238 0
    outer loop
      vertex 8.73822 2.02205 0.829709
      vertex 8.74043 2.0231 0.695
      vertex 8.73822 2.02205 0.695
    endloop
  endfacet
  facet normal 0.0489209 0.998803 0
    outer loop
      vertex 8.75245 2.02488 0.845001
      vertex 8.75 2.025 0.833427
      vertex 8.75 2.025 0.845001
    endloop
  endfacet
  facet normal 0.0489209 0.998803 -0
    outer loop
      vertex 8.75245 2.02488 0.695
      vertex 8.75 2.025 0.833427
      vertex 8.75245 2.02488 0.845001
    endloop
  endfacet
  facet normal 0.0489209 0.998803 0
    outer loop
      vertex 8.75 2.025 0.833427
      vertex 8.75245 2.02488 0.695
      vertex 8.75 2.025 0.695
    endloop
  endfacet
  facet normal -0.906183 0.422885 0
    outer loop
      vertex 8.72795 2.01178 0.695
      vertex 8.72781 2.01148 0.822284
      vertex 8.72795 2.01178 0.822428
    endloop
  endfacet
  facet normal -0.903238 0.42914 0
    outer loop
      vertex 8.7269 2.00957 0.8216
      vertex 8.72795 2.01178 0.695
      vertex 8.7269 2.00957 0.695
    endloop
  endfacet
  facet normal -0.902776 0.430111 2.07776e-05
    outer loop
      vertex 8.72795 2.01178 0.695
      vertex 8.7269 2.00957 0.8216
      vertex 8.72781 2.01148 0.822284
    endloop
  endfacet
  facet normal 0.244452 0.969661 -0
    outer loop
      vertex 8.75726 2.02392 0.695
      vertex 8.75488 2.02452 0.845001
      vertex 8.75726 2.02392 0.845001
    endloop
  endfacet
  facet normal 0.244452 0.969661 0
    outer loop
      vertex 8.75488 2.02452 0.845001
      vertex 8.75726 2.02392 0.695
      vertex 8.75488 2.02452 0.695
    endloop
  endfacet
  facet normal -0.683941 0.729537 0
    outer loop
      vertex 8.73414 2.01933 0.695
      vertex 8.73382 2.01903 0.82681
      vertex 8.73414 2.01933 0.827077
    endloop
  endfacet
  facet normal -0.66899 0.743272 6.75578e-05
    outer loop
      vertex 8.73414 2.01933 0.695
      vertex 8.73232 2.01768 0.825806
      vertex 8.73382 2.01903 0.82681
    endloop
  endfacet
  facet normal -0.671659 0.74086 0
    outer loop
      vertex 8.73232 2.01768 0.825806
      vertex 8.73414 2.01933 0.695
      vertex 8.73232 2.01768 0.695
    endloop
  endfacet
  facet normal -0.244452 -0.969661 0
    outer loop
      vertex 8.74512 1.97548 0.695
      vertex 8.74274 1.97608 0.831957
      vertex 8.74274 1.97608 0.695
    endloop
  endfacet
  facet normal -0.244452 -0.969661 0
    outer loop
      vertex 8.74274 1.97608 0.831957
      vertex 8.74512 1.97548 0.695
      vertex 8.74512 1.97548 0.832761
    endloop
  endfacet
  facet normal 0.334527 -0.942386 0
    outer loop
      vertex 8.75726 1.97608 0.695
      vertex 8.75957 1.9769 0.845001
      vertex 8.75726 1.97608 0.845001
    endloop
  endfacet
  facet normal 0.334527 -0.942386 0
    outer loop
      vertex 8.75957 1.9769 0.845001
      vertex 8.75726 1.97608 0.695
      vertex 8.75957 1.9769 0.695
    endloop
  endfacet
  facet normal -0.146549 -0.989203 0
    outer loop
      vertex 8.74755 1.97512 0.695
      vertex 8.74512 1.97548 0.832761
      vertex 8.74512 1.97548 0.695
    endloop
  endfacet
  facet normal -0.146549 -0.989203 0
    outer loop
      vertex 8.74512 1.97548 0.832761
      vertex 8.74755 1.97512 0.695
      vertex 8.74755 1.97512 0.833247
    endloop
  endfacet
  facet normal -0.512699 -0.858568 0
    outer loop
      vertex 8.73822 1.97795 0.695
      vertex 8.73611 1.97921 0.828401
      vertex 8.73611 1.97921 0.695
    endloop
  endfacet
  facet normal -0.509168 -0.860667 7.56795e-05
    outer loop
      vertex 8.73611 1.97921 0.828401
      vertex 8.73822 1.97795 0.695
      vertex 8.73682 1.97879 0.828787
    endloop
  endfacet
  facet normal -0.514496 -0.857493 0
    outer loop
      vertex 8.73682 1.97879 0.828787
      vertex 8.73822 1.97795 0.695
      vertex 8.73822 1.97795 0.829709
    endloop
  endfacet
  facet normal -0.989011 0.147842 0
    outer loop
      vertex 8.72548 2.00488 0.695
      vertex 8.72519 2.00294 0.820145
      vertex 8.72548 2.00488 0.820433
    endloop
  endfacet
  facet normal -0.989203 0.146549 0
    outer loop
      vertex 8.72512 2.00245 0.820121
      vertex 8.72548 2.00488 0.695
      vertex 8.72512 2.00245 0.695
    endloop
  endfacet
  facet normal -0.989949 0.141426 -0.000101628
    outer loop
      vertex 8.72548 2.00488 0.695
      vertex 8.72512 2.00245 0.820121
      vertex 8.72519 2.00294 0.820145
    endloop
  endfacet
  facet normal -0.803413 -0.595423 0
    outer loop
      vertex 8.73067 1.98414 0.695
      vertex 8.72921 1.98611 0.823424
      vertex 8.72921 1.98611 0.695
    endloop
  endfacet
  facet normal -0.796215 -0.605014 0.000228964
    outer loop
      vertex 8.72921 1.98611 0.823424
      vertex 8.73067 1.98414 0.695
      vertex 8.7294 1.98586 0.823543
    endloop
  endfacet
  facet normal -0.804468 -0.593996 0
    outer loop
      vertex 8.7294 1.98586 0.823543
      vertex 8.73067 1.98414 0.695
      vertex 8.73067 1.98414 0.824573
    endloop
  endfacet
  facet normal -0.42914 -0.903238 0
    outer loop
      vertex 8.74043 1.9769 0.695
      vertex 8.73822 1.97795 0.829709
      vertex 8.73822 1.97795 0.695
    endloop
  endfacet
  facet normal -0.42914 -0.903238 0
    outer loop
      vertex 8.73822 1.97795 0.829709
      vertex 8.74043 1.9769 0.695
      vertex 8.74043 1.9769 0.830865
    endloop
  endfacet
  facet normal -0.334527 -0.942386 0
    outer loop
      vertex 8.74274 1.97608 0.695
      vertex 8.74043 1.9769 0.830865
      vertex 8.74043 1.9769 0.695
    endloop
  endfacet
  facet normal -0.32716 -0.944969 0.000140831
    outer loop
      vertex 8.74043 1.9769 0.830865
      vertex 8.74274 1.97608 0.695
      vertex 8.74069 1.97681 0.830968
    endloop
  endfacet
  facet normal -0.335463 -0.942053 0
    outer loop
      vertex 8.74069 1.97681 0.830968
      vertex 8.74274 1.97608 0.695
      vertex 8.74274 1.97608 0.831957
    endloop
  endfacet
  facet normal 0.74086 0.671659 0
    outer loop
      vertex 8.76933 2.01586 0.845001
      vertex 8.76768 2.01768 0.695
      vertex 8.76768 2.01768 0.845001
    endloop
  endfacet
  facet normal 0.74086 0.671659 0
    outer loop
      vertex 8.76768 2.01768 0.695
      vertex 8.76933 2.01586 0.845001
      vertex 8.76933 2.01586 0.695
    endloop
  endfacet
  facet normal 0.989203 -0.146549 0
    outer loop
      vertex 8.77452 1.99512 0.845001
      vertex 8.77488 1.99755 0.695
      vertex 8.77488 1.99755 0.845001
    endloop
  endfacet
  facet normal 0.989203 -0.146549 0
    outer loop
      vertex 8.77488 1.99755 0.695
      vertex 8.77452 1.99512 0.845001
      vertex 8.77452 1.99512 0.695
    endloop
  endfacet
  facet normal -0.858568 -0.512699 0
    outer loop
      vertex 8.72921 1.98611 0.695
      vertex 8.72795 1.98822 0.822428
      vertex 8.72795 1.98822 0.695
    endloop
  endfacet
  facet normal -0.858568 -0.512699 0
    outer loop
      vertex 8.72795 1.98822 0.822428
      vertex 8.72921 1.98611 0.695
      vertex 8.72921 1.98611 0.823424
    endloop
  endfacet
  facet normal -0.335463 0.942053 0
    outer loop
      vertex 8.74274 2.02392 0.695
      vertex 8.74069 2.02319 0.830968
      vertex 8.74274 2.02392 0.831957
    endloop
  endfacet
  facet normal -0.32716 0.944969 0.000140831
    outer loop
      vertex 8.74274 2.02392 0.695
      vertex 8.74043 2.0231 0.830865
      vertex 8.74069 2.02319 0.830968
    endloop
  endfacet
  facet normal -0.334527 0.942386 0
    outer loop
      vertex 8.74043 2.0231 0.830865
      vertex 8.74274 2.02392 0.695
      vertex 8.74043 2.0231 0.695
    endloop
  endfacet
  facet normal -0.514496 0.857493 0
    outer loop
      vertex 8.73822 2.02205 0.695
      vertex 8.73682 2.02121 0.828787
      vertex 8.73822 2.02205 0.829709
    endloop
  endfacet
  facet normal -0.509168 0.860667 7.56795e-05
    outer loop
      vertex 8.73822 2.02205 0.695
      vertex 8.73611 2.02079 0.828401
      vertex 8.73682 2.02121 0.828787
    endloop
  endfacet
  facet normal -0.512699 0.858568 0
    outer loop
      vertex 8.73611 2.02079 0.828401
      vertex 8.73822 2.02205 0.695
      vertex 8.73611 2.02079 0.695
    endloop
  endfacet
  facet normal 0.146549 -0.989203 0
    outer loop
      vertex 8.75245 1.97512 0.695
      vertex 8.75488 1.97548 0.845001
      vertex 8.75245 1.97512 0.845001
    endloop
  endfacet
  facet normal 0.146549 -0.989203 0
    outer loop
      vertex 8.75488 1.97548 0.845001
      vertex 8.75245 1.97512 0.695
      vertex 8.75488 1.97548 0.695
    endloop
  endfacet
  facet normal -0.989203 -0.146549 0
    outer loop
      vertex 8.72548 1.99512 0.695
      vertex 8.72512 1.99755 0.820121
      vertex 8.72512 1.99755 0.695
    endloop
  endfacet
  facet normal -0.989949 -0.141426 -0.000101628
    outer loop
      vertex 8.72512 1.99755 0.820121
      vertex 8.72548 1.99512 0.695
      vertex 8.72519 1.99706 0.820145
    endloop
  endfacet
  facet normal -0.989011 -0.147842 0
    outer loop
      vertex 8.72519 1.99706 0.820145
      vertex 8.72548 1.99512 0.695
      vertex 8.72548 1.99512 0.820433
    endloop
  endfacet
  facet normal 0.969661 -0.244452 0
    outer loop
      vertex 8.77392 1.99274 0.845001
      vertex 8.77452 1.99512 0.695
      vertex 8.77452 1.99512 0.845001
    endloop
  endfacet
  facet normal 0.969661 -0.244452 0
    outer loop
      vertex 8.77452 1.99512 0.695
      vertex 8.77392 1.99274 0.845001
      vertex 8.77392 1.99274 0.695
    endloop
  endfacet
  facet normal 0.671659 0.74086 -0
    outer loop
      vertex 8.76768 2.01768 0.695
      vertex 8.76586 2.01933 0.845001
      vertex 8.76768 2.01768 0.845001
    endloop
  endfacet
  facet normal 0.671659 0.74086 0
    outer loop
      vertex 8.76586 2.01933 0.845001
      vertex 8.76768 2.01768 0.695
      vertex 8.76586 2.01933 0.695
    endloop
  endfacet
  facet normal -0.998803 0.0489209 0
    outer loop
      vertex 8.725 2 0.82
      vertex 8.72512 2.00245 0.695
      vertex 8.725 2 0.695
    endloop
  endfacet
  facet normal -0.998803 0.0489209 0
    outer loop
      vertex 8.72512 2.00245 0.695
      vertex 8.725 2 0.82
      vertex 8.72512 2.00245 0.820121
    endloop
  endfacet
  facet normal 0.0489209 -0.998803 0
    outer loop
      vertex 8.75 1.975 0.833427
      vertex 8.75245 1.97512 0.845001
      vertex 8.75 1.975 0.845001
    endloop
  endfacet
  facet normal 0.0489209 -0.998803 0
    outer loop
      vertex 8.75245 1.97512 0.695
      vertex 8.75 1.975 0.833427
      vertex 8.75 1.975 0.695
    endloop
  endfacet
  facet normal 0.0489209 -0.998803 0
    outer loop
      vertex 8.75 1.975 0.833427
      vertex 8.75245 1.97512 0.695
      vertex 8.75245 1.97512 0.845001
    endloop
  endfacet
  facet normal 0.903238 0.42914 0
    outer loop
      vertex 8.7731 2.00957 0.845001
      vertex 8.77205 2.01178 0.695
      vertex 8.77205 2.01178 0.845001
    endloop
  endfacet
  facet normal 0.903238 0.42914 0
    outer loop
      vertex 8.77205 2.01178 0.695
      vertex 8.7731 2.00957 0.845001
      vertex 8.7731 2.00957 0.695
    endloop
  endfacet
  facet normal 0.42914 -0.903238 0
    outer loop
      vertex 8.75957 1.9769 0.695
      vertex 8.76178 1.97795 0.845001
      vertex 8.75957 1.9769 0.845001
    endloop
  endfacet
  facet normal 0.42914 -0.903238 0
    outer loop
      vertex 8.76178 1.97795 0.845001
      vertex 8.75957 1.9769 0.695
      vertex 8.76178 1.97795 0.695
    endloop
  endfacet
  facet normal 0.803413 0.595423 0
    outer loop
      vertex 8.77079 2.01389 0.845001
      vertex 8.76933 2.01586 0.695
      vertex 8.76933 2.01586 0.845001
    endloop
  endfacet
  facet normal 0.803413 0.595423 0
    outer loop
      vertex 8.76933 2.01586 0.695
      vertex 8.77079 2.01389 0.845001
      vertex 8.77079 2.01389 0.695
    endloop
  endfacet
  facet normal -0.244452 0.969661 0
    outer loop
      vertex 8.74512 2.02452 0.695
      vertex 8.74274 2.02392 0.831957
      vertex 8.74512 2.02452 0.832761
    endloop
  endfacet
  facet normal -0.244452 0.969661 0
    outer loop
      vertex 8.74274 2.02392 0.831957
      vertex 8.74512 2.02452 0.695
      vertex 8.74274 2.02392 0.695
    endloop
  endfacet
  facet normal -0.74086 -0.671659 0
    outer loop
      vertex 8.73232 1.98232 0.695
      vertex 8.73067 1.98414 0.824573
      vertex 8.73067 1.98414 0.695
    endloop
  endfacet
  facet normal -0.73831 -0.674462 7.18532e-05
    outer loop
      vertex 8.73067 1.98414 0.824573
      vertex 8.73232 1.98232 0.695
      vertex 8.73141 1.98333 0.825057
    endloop
  endfacet
  facet normal -0.742928 -0.669371 0
    outer loop
      vertex 8.73141 1.98333 0.825057
      vertex 8.73232 1.98232 0.695
      vertex 8.73232 1.98232 0.825806
    endloop
  endfacet
  facet normal -0.998803 -0.0489209 0
    outer loop
      vertex 8.72512 1.99755 0.695
      vertex 8.725 2 0.82
      vertex 8.725 2 0.695
    endloop
  endfacet
  facet normal -0.998803 -0.0489209 0
    outer loop
      vertex 8.725 2 0.82
      vertex 8.72512 1.99755 0.695
      vertex 8.72512 1.99755 0.820121
    endloop
  endfacet
  facet normal -0.942386 -0.334527 0
    outer loop
      vertex 8.7269 1.99043 0.695
      vertex 8.72608 1.99274 0.820929
      vertex 8.72608 1.99274 0.695
    endloop
  endfacet
  facet normal -0.943346 -0.331812 -5.60542e-05
    outer loop
      vertex 8.72608 1.99274 0.820929
      vertex 8.7269 1.99043 0.695
      vertex 8.72659 1.99129 0.821293
    endloop
  endfacet
  facet normal -0.940748 -0.339107 0
    outer loop
      vertex 8.72659 1.99129 0.821293
      vertex 8.7269 1.99043 0.695
      vertex 8.7269 1.99043 0.8216
    endloop
  endfacet
  facet normal 0 0 1
    outer loop
      vertex 8.77488 2.00245 0.845001
      vertex 8.77488 1.99755 0.845001
      vertex 8.775 2 0.845001
    endloop
  endfacet
  facet normal 0 0 1
    outer loop
      vertex 8.77452 2.00488 0.845001
      vertex 8.77488 1.99755 0.845001
      vertex 8.77488 2.00245 0.845001
    endloop
  endfacet
  facet normal 0 0 1
    outer loop
      vertex 8.77452 2.00488 0.845001
      vertex 8.77452 1.99512 0.845001
      vertex 8.77488 1.99755 0.845001
    endloop
  endfacet
  facet normal 0 0 1
    outer loop
      vertex 8.77392 2.00726 0.845001
      vertex 8.77452 1.99512 0.845001
      vertex 8.77452 2.00488 0.845001
    endloop
  endfacet
  facet normal 0 0 1
    outer loop
      vertex 8.77392 2.00726 0.845001
      vertex 8.77392 1.99274 0.845001
      vertex 8.77452 1.99512 0.845001
    endloop
  endfacet
  facet normal 0 0 1
    outer loop
      vertex 8.7731 2.00957 0.845001
      vertex 8.77392 1.99274 0.845001
      vertex 8.77392 2.00726 0.845001
    endloop
  endfacet
  facet normal 0 0 1
    outer loop
      vertex 8.7731 2.00957 0.845001
      vertex 8.7731 1.99043 0.845001
      vertex 8.77392 1.99274 0.845001
    endloop
  endfacet
  facet normal 0 0 1
    outer loop
      vertex 8.77205 2.01178 0.845001
      vertex 8.7731 1.99043 0.845001
      vertex 8.7731 2.00957 0.845001
    endloop
  endfacet
  facet normal 0 0 1
    outer loop
      vertex 8.77205 2.01178 0.845001
      vertex 8.77205 1.98822 0.845001
      vertex 8.7731 1.99043 0.845001
    endloop
  endfacet
  facet normal 0 0 1
    outer loop
      vertex 8.77079 2.01389 0.845001
      vertex 8.77205 1.98822 0.845001
      vertex 8.77205 2.01178 0.845001
    endloop
  endfacet
  facet normal 0 0 1
    outer loop
      vertex 8.77079 2.01389 0.845001
      vertex 8.77079 1.98611 0.845001
      vertex 8.77205 1.98822 0.845001
    endloop
  endfacet
  facet normal 0 0 1
    outer loop
      vertex 8.76933 2.01586 0.845001
      vertex 8.77079 1.98611 0.845001
      vertex 8.77079 2.01389 0.845001
    endloop
  endfacet
  facet normal 0 0 1
    outer loop
      vertex 8.76933 2.01586 0.845001
      vertex 8.76933 1.98414 0.845001
      vertex 8.77079 1.98611 0.845001
    endloop
  endfacet
  facet normal 0 0 1
    outer loop
      vertex 8.76768 2.01768 0.845001
      vertex 8.76933 1.98414 0.845001
      vertex 8.76933 2.01586 0.845001
    endloop
  endfacet
  facet normal 0 0 1
    outer loop
      vertex 8.76768 2.01768 0.845001
      vertex 8.76768 1.98232 0.845001
      vertex 8.76933 1.98414 0.845001
    endloop
  endfacet
  facet normal 0 0 1
    outer loop
      vertex 8.76586 2.01933 0.845001
      vertex 8.76768 1.98232 0.845001
      vertex 8.76768 2.01768 0.845001
    endloop
  endfacet
  facet normal 0 0 1
    outer loop
      vertex 8.76586 2.01933 0.845001
      vertex 8.76586 1.98067 0.845001
      vertex 8.76768 1.98232 0.845001
    endloop
  endfacet
  facet normal 0 0 1
    outer loop
      vertex 8.76389 2.02079 0.845001
      vertex 8.76586 1.98067 0.845001
      vertex 8.76586 2.01933 0.845001
    endloop
  endfacet
  facet normal 0 0 1
    outer loop
      vertex 8.76389 2.02079 0.845001
      vertex 8.76389 1.97921 0.845001
      vertex 8.76586 1.98067 0.845001
    endloop
  endfacet
  facet normal 0 0 1
    outer loop
      vertex 8.76178 2.02205 0.845001
      vertex 8.76389 1.97921 0.845001
      vertex 8.76389 2.02079 0.845001
    endloop
  endfacet
  facet normal 0 0 1
    outer loop
      vertex 8.76178 2.02205 0.845001
      vertex 8.76178 1.97795 0.845001
      vertex 8.76389 1.97921 0.845001
    endloop
  endfacet
  facet normal 0 0 1
    outer loop
      vertex 8.75957 2.0231 0.845001
      vertex 8.76178 1.97795 0.845001
      vertex 8.76178 2.02205 0.845001
    endloop
  endfacet
  facet normal 0 0 1
    outer loop
      vertex 8.75957 2.0231 0.845001
      vertex 8.75957 1.9769 0.845001
      vertex 8.76178 1.97795 0.845001
    endloop
  endfacet
  facet normal 0 0 1
    outer loop
      vertex 8.75726 2.02392 0.845001
      vertex 8.75957 1.9769 0.845001
      vertex 8.75957 2.0231 0.845001
    endloop
  endfacet
  facet normal 0 0 1
    outer loop
      vertex 8.75726 2.02392 0.845001
      vertex 8.75726 1.97608 0.845001
      vertex 8.75957 1.9769 0.845001
    endloop
  endfacet
  facet normal 0 0 1
    outer loop
      vertex 8.75488 2.02452 0.845001
      vertex 8.75726 1.97608 0.845001
      vertex 8.75726 2.02392 0.845001
    endloop
  endfacet
  facet normal 0 0 1
    outer loop
      vertex 8.75488 2.02452 0.845001
      vertex 8.75488 1.97548 0.845001
      vertex 8.75726 1.97608 0.845001
    endloop
  endfacet
  facet normal 0 0 1
    outer loop
      vertex 8.75245 2.02488 0.845001
      vertex 8.75488 1.97548 0.845001
      vertex 8.75488 2.02452 0.845001
    endloop
  endfacet
  facet normal 0 0 1
    outer loop
      vertex 8.75245 2.02488 0.845001
      vertex 8.75245 1.97512 0.845001
      vertex 8.75488 1.97548 0.845001
    endloop
  endfacet
  facet normal 0 0 1
    outer loop
      vertex 8.75 2.025 0.845001
      vertex 8.75245 1.97512 0.845001
      vertex 8.75245 2.02488 0.845001
    endloop
  endfacet
  facet normal 0 0 1
    outer loop
      vertex 8.75245 1.97512 0.845001
      vertex 8.75 2.025 0.845001
      vertex 8.75 1.975 0.845001
    endloop
  endfacet
  facet normal 0.595423 0.803413 -0
    outer loop
      vertex 8.76586 2.01933 0.695
      vertex 8.76389 2.02079 0.845001
      vertex 8.76586 2.01933 0.845001
    endloop
  endfacet
  facet normal 0.595423 0.803413 0
    outer loop
      vertex 8.76389 2.02079 0.845001
      vertex 8.76586 2.01933 0.695
      vertex 8.76389 2.02079 0.695
    endloop
  endfacet
  facet normal 0.42914 0.903238 -0
    outer loop
      vertex 8.76178 2.02205 0.695
      vertex 8.75957 2.0231 0.845001
      vertex 8.76178 2.02205 0.845001
    endloop
  endfacet
  facet normal 0.42914 0.903238 0
    outer loop
      vertex 8.75957 2.0231 0.845001
      vertex 8.76178 2.02205 0.695
      vertex 8.75957 2.0231 0.695
    endloop
  endfacet
  facet normal -0.940748 0.339107 0
    outer loop
      vertex 8.7269 2.00957 0.695
      vertex 8.72659 2.00871 0.821293
      vertex 8.7269 2.00957 0.8216
    endloop
  endfacet
  facet normal -0.942386 0.334527 0
    outer loop
      vertex 8.72608 2.00726 0.820929
      vertex 8.7269 2.00957 0.695
      vertex 8.72608 2.00726 0.695
    endloop
  endfacet
  facet normal -0.943346 0.331812 -5.60542e-05
    outer loop
      vertex 8.7269 2.00957 0.695
      vertex 8.72608 2.00726 0.820929
      vertex 8.72659 2.00871 0.821293
    endloop
  endfacet
  facet normal 0.512699 0.858568 -0
    outer loop
      vertex 8.76389 2.02079 0.695
      vertex 8.76178 2.02205 0.845001
      vertex 8.76389 2.02079 0.845001
    endloop
  endfacet
  facet normal 0.512699 0.858568 0
    outer loop
      vertex 8.76178 2.02205 0.845001
      vertex 8.76389 2.02079 0.695
      vertex 8.76178 2.02205 0.695
    endloop
  endfacet
  facet normal 0.942386 0.334527 0
    outer loop
      vertex 8.77392 2.00726 0.845001
      vertex 8.7731 2.00957 0.695
      vertex 8.7731 2.00957 0.845001
    endloop
  endfacet
  facet normal 0.942386 0.334527 0
    outer loop
      vertex 8.7731 2.00957 0.695
      vertex 8.77392 2.00726 0.845001
      vertex 8.77392 2.00726 0.695
    endloop
  endfacet
  facet normal 0.334527 0.942386 -0
    outer loop
      vertex 8.75957 2.0231 0.695
      vertex 8.75726 2.02392 0.845001
      vertex 8.75957 2.0231 0.845001
    endloop
  endfacet
  facet normal 0.334527 0.942386 0
    outer loop
      vertex 8.75726 2.02392 0.845001
      vertex 8.75957 2.0231 0.695
      vertex 8.75726 2.02392 0.695
    endloop
  endfacet
  facet normal -0.742928 0.669371 0
    outer loop
      vertex 8.73232 2.01768 0.695
      vertex 8.73141 2.01667 0.825057
      vertex 8.73232 2.01768 0.825806
    endloop
  endfacet
  facet normal -0.74086 0.671659 0
    outer loop
      vertex 8.73067 2.01586 0.824573
      vertex 8.73232 2.01768 0.695
      vertex 8.73067 2.01586 0.695
    endloop
  endfacet
  facet normal -0.73831 0.674462 7.18532e-05
    outer loop
      vertex 8.73232 2.01768 0.695
      vertex 8.73067 2.01586 0.824573
      vertex 8.73141 2.01667 0.825057
    endloop
  endfacet
  facet normal 0.512699 -0.858568 0
    outer loop
      vertex 8.76178 1.97795 0.695
      vertex 8.76389 1.97921 0.845001
      vertex 8.76178 1.97795 0.845001
    endloop
  endfacet
  facet normal 0.512699 -0.858568 0
    outer loop
      vertex 8.76389 1.97921 0.845001
      vertex 8.76178 1.97795 0.695
      vertex 8.76389 1.97921 0.695
    endloop
  endfacet
  facet normal -0.595423 -0.803413 0
    outer loop
      vertex 8.73611 1.97921 0.695
      vertex 8.73414 1.98067 0.827077
      vertex 8.73414 1.98067 0.695
    endloop
  endfacet
  facet normal -0.595423 -0.803413 0
    outer loop
      vertex 8.73414 1.98067 0.827077
      vertex 8.73611 1.97921 0.695
      vertex 8.73611 1.97921 0.828401
    endloop
  endfacet
  facet normal -0.858568 0.512699 0
    outer loop
      vertex 8.72795 2.01178 0.822428
      vertex 8.72921 2.01389 0.695
      vertex 8.72795 2.01178 0.695
    endloop
  endfacet
  facet normal -0.858568 0.512699 0
    outer loop
      vertex 8.72921 2.01389 0.695
      vertex 8.72795 2.01178 0.822428
      vertex 8.72921 2.01389 0.823424
    endloop
  endfacet
  facet normal -0.0489209 -0.998803 0
    outer loop
      vertex 8.75 1.975 0.695
      vertex 8.74755 1.97512 0.833247
      vertex 8.74755 1.97512 0.695
    endloop
  endfacet
  facet normal -0.0461081 -0.998936 4.99651e-05
    outer loop
      vertex 8.74755 1.97512 0.833247
      vertex 8.75 1.975 0.695
      vertex 8.74885 1.97506 0.833334
    endloop
  endfacet
  facet normal -0.052103 -0.998642 0
    outer loop
      vertex 8.74885 1.97506 0.833334
      vertex 8.75 1.975 0.695
      vertex 8.75 1.975 0.833427
    endloop
  endfacet
  facet normal 0.858568 0.512699 0
    outer loop
      vertex 8.77205 2.01178 0.845001
      vertex 8.77079 2.01389 0.695
      vertex 8.77079 2.01389 0.845001
    endloop
  endfacet
  facet normal 0.858568 0.512699 0
    outer loop
      vertex 8.77079 2.01389 0.695
      vertex 8.77205 2.01178 0.845001
      vertex 8.77205 2.01178 0.695
    endloop
  endfacet
  facet normal 0.803413 -0.595423 0
    outer loop
      vertex 8.76933 1.98414 0.845001
      vertex 8.77079 1.98611 0.695
      vertex 8.77079 1.98611 0.845001
    endloop
  endfacet
  facet normal 0.803413 -0.595423 0
    outer loop
      vertex 8.77079 1.98611 0.695
      vertex 8.76933 1.98414 0.845001
      vertex 8.76933 1.98414 0.695
    endloop
  endfacet
  facet normal -0.804468 0.593996 0
    outer loop
      vertex 8.73067 2.01586 0.695
      vertex 8.7294 2.01414 0.823543
      vertex 8.73067 2.01586 0.824573
    endloop
  endfacet
  facet normal -0.803413 0.595423 0
    outer loop
      vertex 8.72921 2.01389 0.823424
      vertex 8.73067 2.01586 0.695
      vertex 8.72921 2.01389 0.695
    endloop
  endfacet
  facet normal -0.796215 0.605014 0.000228964
    outer loop
      vertex 8.73067 2.01586 0.695
      vertex 8.72921 2.01389 0.823424
      vertex 8.7294 2.01414 0.823543
    endloop
  endfacet
  facet normal -0.146549 0.989203 0
    outer loop
      vertex 8.74755 2.02488 0.695
      vertex 8.74512 2.02452 0.832761
      vertex 8.74755 2.02488 0.833247
    endloop
  endfacet
  facet normal -0.146549 0.989203 0
    outer loop
      vertex 8.74512 2.02452 0.832761
      vertex 8.74755 2.02488 0.695
      vertex 8.74512 2.02452 0.695
    endloop
  endfacet
  facet normal -0.968918 0.247383 0
    outer loop
      vertex 8.72608 2.00726 0.695
      vertex 8.72572 2.00585 0.820577
      vertex 8.72608 2.00726 0.820929
    endloop
  endfacet
  facet normal -0.969661 0.244452 0
    outer loop
      vertex 8.72548 2.00488 0.820433
      vertex 8.72608 2.00726 0.695
      vertex 8.72548 2.00488 0.695
    endloop
  endfacet
  facet normal -0.970725 0.240192 -8.59241e-05
    outer loop
      vertex 8.72608 2.00726 0.695
      vertex 8.72548 2.00488 0.820433
      vertex 8.72572 2.00585 0.820577
    endloop
  endfacet
  facet normal -0.969661 -0.244452 0
    outer loop
      vertex 8.72608 1.99274 0.695
      vertex 8.72548 1.99512 0.820433
      vertex 8.72548 1.99512 0.695
    endloop
  endfacet
  facet normal -0.970725 -0.240192 -8.59241e-05
    outer loop
      vertex 8.72548 1.99512 0.820433
      vertex 8.72608 1.99274 0.695
      vertex 8.72572 1.99415 0.820577
    endloop
  endfacet
  facet normal -0.968918 -0.247383 0
    outer loop
      vertex 8.72572 1.99415 0.820577
      vertex 8.72608 1.99274 0.695
      vertex 8.72608 1.99274 0.820929
    endloop
  endfacet
  facet normal 0.74086 -0.671659 0
    outer loop
      vertex 8.76768 1.98232 0.845001
      vertex 8.76933 1.98414 0.695
      vertex 8.76933 1.98414 0.845001
    endloop
  endfacet
  facet normal 0.74086 -0.671659 0
    outer loop
      vertex 8.76933 1.98414 0.695
      vertex 8.76768 1.98232 0.845001
      vertex 8.76768 1.98232 0.695
    endloop
  endfacet
  facet normal 0.942386 -0.334527 0
    outer loop
      vertex 8.7731 1.99043 0.845001
      vertex 8.77392 1.99274 0.695
      vertex 8.77392 1.99274 0.845001
    endloop
  endfacet
  facet normal 0.942386 -0.334527 0
    outer loop
      vertex 8.77392 1.99274 0.695
      vertex 8.7731 1.99043 0.845001
      vertex 8.7731 1.99043 0.695
    endloop
  endfacet
  facet normal 0.244452 -0.969661 0
    outer loop
      vertex 8.75488 1.97548 0.695
      vertex 8.75726 1.97608 0.845001
      vertex 8.75488 1.97548 0.845001
    endloop
  endfacet
  facet normal 0.244452 -0.969661 0
    outer loop
      vertex 8.75726 1.97608 0.845001
      vertex 8.75488 1.97548 0.695
      vertex 8.75726 1.97608 0.695
    endloop
  endfacet
  facet normal 0.858568 -0.512699 0
    outer loop
      vertex 8.77079 1.98611 0.845001
      vertex 8.77205 1.98822 0.695
      vertex 8.77205 1.98822 0.845001
    endloop
  endfacet
  facet normal 0.858568 -0.512699 0
    outer loop
      vertex 8.77205 1.98822 0.695
      vertex 8.77079 1.98611 0.845001
      vertex 8.77079 1.98611 0.695
    endloop
  endfacet
  facet normal -0.052103 0.998642 0
    outer loop
      vertex 8.75 2.025 0.695
      vertex 8.74885 2.02494 0.833334
      vertex 8.75 2.025 0.833427
    endloop
  endfacet
  facet normal -0.0461081 0.998936 4.99651e-05
    outer loop
      vertex 8.75 2.025 0.695
      vertex 8.74755 2.02488 0.833247
      vertex 8.74885 2.02494 0.833334
    endloop
  endfacet
  facet normal -0.0489209 0.998803 0
    outer loop
      vertex 8.74755 2.02488 0.833247
      vertex 8.75 2.025 0.695
      vertex 8.74755 2.02488 0.695
    endloop
  endfacet
  facet normal 0.903238 -0.42914 0
    outer loop
      vertex 8.77205 1.98822 0.845001
      vertex 8.7731 1.99043 0.695
      vertex 8.7731 1.99043 0.845001
    endloop
  endfacet
  facet normal 0.903238 -0.42914 0
    outer loop
      vertex 8.7731 1.99043 0.695
      vertex 8.77205 1.98822 0.845001
      vertex 8.77205 1.98822 0.695
    endloop
  endfacet
  facet normal -0.595423 0.803413 0
    outer loop
      vertex 8.73611 2.02079 0.695
      vertex 8.73414 2.01933 0.827077
      vertex 8.73611 2.02079 0.828401
    endloop
  endfacet
  facet normal -0.595423 0.803413 0
    outer loop
      vertex 8.73414 2.01933 0.827077
      vertex 8.73611 2.02079 0.695
      vertex 8.73414 2.01933 0.695
    endloop
  endfacet
  facet normal 0.671659 -0.74086 0
    outer loop
      vertex 8.76586 1.98067 0.695
      vertex 8.76768 1.98232 0.845001
      vertex 8.76586 1.98067 0.845001
    endloop
  endfacet
  facet normal 0.671659 -0.74086 0
    outer loop
      vertex 8.76768 1.98232 0.845001
      vertex 8.76586 1.98067 0.695
      vertex 8.76768 1.98232 0.695
    endloop
  endfacet
  facet normal -0.671659 -0.74086 0
    outer loop
      vertex 8.73414 1.98067 0.695
      vertex 8.73232 1.98232 0.825806
      vertex 8.73232 1.98232 0.695
    endloop
  endfacet
  facet normal -0.66899 -0.743272 6.75578e-05
    outer loop
      vertex 8.73232 1.98232 0.825806
      vertex 8.73414 1.98067 0.695
      vertex 8.73382 1.98097 0.82681
    endloop
  endfacet
  facet normal -0.683941 -0.729537 0
    outer loop
      vertex 8.73382 1.98097 0.82681
      vertex 8.73414 1.98067 0.695
      vertex 8.73414 1.98067 0.827077
    endloop
  endfacet
  facet normal -0.903238 -0.42914 0
    outer loop
      vertex 8.72795 1.98822 0.695
      vertex 8.7269 1.99043 0.8216
      vertex 8.7269 1.99043 0.695
    endloop
  endfacet
  facet normal -0.902776 -0.430111 2.07776e-05
    outer loop
      vertex 8.7269 1.99043 0.8216
      vertex 8.72795 1.98822 0.695
      vertex 8.72781 1.98852 0.822284
    endloop
  endfacet
  facet normal -0.906183 -0.422885 0
    outer loop
      vertex 8.72781 1.98852 0.822284
      vertex 8.72795 1.98822 0.695
      vertex 8.72795 1.98822 0.822428
    endloop
  endfacet
  facet normal 0.146549 0.989203 -0
    outer loop
      vertex 8.75488 2.02452 0.695
      vertex 8.75245 2.02488 0.845001
      vertex 8.75488 2.02452 0.845001
    endloop
  endfacet
  facet normal 0.146549 0.989203 0
    outer loop
      vertex 8.75245 2.02488 0.845001
      vertex 8.75488 2.02452 0.695
      vertex 8.75245 2.02488 0.695
    endloop
  endfacet
  facet normal 0 0 -1
    outer loop
      vertex 8.77488 1.99755 0.695
      vertex 8.77488 2.00245 0.695
      vertex 8.775 2 0.695
    endloop
  endfacet
  facet normal 0 0 -1
    outer loop
      vertex 8.77452 1.99512 0.695
      vertex 8.77488 2.00245 0.695
      vertex 8.77488 1.99755 0.695
    endloop
  endfacet
  facet normal 0 0 -1
    outer loop
      vertex 8.77452 1.99512 0.695
      vertex 8.77452 2.00488 0.695
      vertex 8.77488 2.00245 0.695
    endloop
  endfacet
  facet normal 0 0 -1
    outer loop
      vertex 8.77392 1.99274 0.695
      vertex 8.77452 2.00488 0.695
      vertex 8.77452 1.99512 0.695
    endloop
  endfacet
  facet normal 0 0 -1
    outer loop
      vertex 8.77392 1.99274 0.695
      vertex 8.77392 2.00726 0.695
      vertex 8.77452 2.00488 0.695
    endloop
  endfacet
  facet normal 0 0 -1
    outer loop
      vertex 8.7731 1.99043 0.695
      vertex 8.77392 2.00726 0.695
      vertex 8.77392 1.99274 0.695
    endloop
  endfacet
  facet normal 0 0 -1
    outer loop
      vertex 8.7731 1.99043 0.695
      vertex 8.7731 2.00957 0.695
      vertex 8.77392 2.00726 0.695
    endloop
  endfacet
  facet normal 0 0 -1
    outer loop
      vertex 8.77205 1.98822 0.695
      vertex 8.7731 2.00957 0.695
      vertex 8.7731 1.99043 0.695
    endloop
  endfacet
  facet normal 0 0 -1
    outer loop
      vertex 8.77205 1.98822 0.695
      vertex 8.77205 2.01178 0.695
      vertex 8.7731 2.00957 0.695
    endloop
  endfacet
  facet normal 0 0 -1
    outer loop
      vertex 8.77079 1.98611 0.695
      vertex 8.77205 2.01178 0.695
      vertex 8.77205 1.98822 0.695
    endloop
  endfacet
  facet normal 0 0 -1
    outer loop
      vertex 8.77079 1.98611 0.695
      vertex 8.77079 2.01389 0.695
      vertex 8.77205 2.01178 0.695
    endloop
  endfacet
  facet normal 0 0 -1
    outer loop
      vertex 8.76933 1.98414 0.695
      vertex 8.77079 2.01389 0.695
      vertex 8.77079 1.98611 0.695
    endloop
  endfacet
  facet normal 0 0 -1
    outer loop
      vertex 8.76933 1.98414 0.695
      vertex 8.76933 2.01586 0.695
      vertex 8.77079 2.01389 0.695
    endloop
  endfacet
  facet normal 0 0 -1
    outer loop
      vertex 8.76768 1.98232 0.695
      vertex 8.76933 2.01586 0.695
      vertex 8.76933 1.98414 0.695
    endloop
  endfacet
  facet normal 0 0 -1
    outer loop
      vertex 8.76768 1.98232 0.695
      vertex 8.76768 2.01768 0.695
      vertex 8.76933 2.01586 0.695
    endloop
  endfacet
  facet normal 0 0 -1
    outer loop
      vertex 8.76586 1.98067 0.695
      vertex 8.76768 2.01768 0.695
      vertex 8.76768 1.98232 0.695
    endloop
  endfacet
  facet normal 0 0 -1
    outer loop
      vertex 8.76586 1.98067 0.695
      vertex 8.76586 2.01933 0.695
      vertex 8.76768 2.01768 0.695
    endloop
  endfacet
  facet normal 0 0 -1
    outer loop
      vertex 8.76389 1.97921 0.695
      vertex 8.76586 2.01933 0.695
      vertex 8.76586 1.98067 0.695
    endloop
  endfacet
  facet normal 0 0 -1
    outer loop
      vertex 8.76389 1.97921 0.695
      vertex 8.76389 2.02079 0.695
      vertex 8.76586 2.01933 0.695
    endloop
  endfacet
  facet normal 0 0 -1
    outer loop
      vertex 8.76178 1.97795 0.695
      vertex 8.76389 2.02079 0.695
      vertex 8.76389 1.97921 0.695
    endloop
  endfacet
  facet normal 0 0 -1
    outer loop
      vertex 8.76178 1.97795 0.695
      vertex 8.76178 2.02205 0.695
      vertex 8.76389 2.02079 0.695
    endloop
  endfacet
  facet normal 0 0 -1
    outer loop
      vertex 8.75957 1.9769 0.695
      vertex 8.76178 2.02205 0.695
      vertex 8.76178 1.97795 0.695
    endloop
  endfacet
  facet normal 0 0 -1
    outer loop
      vertex 8.75957 1.9769 0.695
      vertex 8.75957 2.0231 0.695
      vertex 8.76178 2.02205 0.695
    endloop
  endfacet
  facet normal 0 0 -1
    outer loop
      vertex 8.75726 1.97608 0.695
      vertex 8.75957 2.0231 0.695
      vertex 8.75957 1.9769 0.695
    endloop
  endfacet
  facet normal 0 0 -1
    outer loop
      vertex 8.75726 1.97608 0.695
      vertex 8.75726 2.02392 0.695
      vertex 8.75957 2.0231 0.695
    endloop
  endfacet
  facet normal 0 0 -1
    outer loop
      vertex 8.75488 1.97548 0.695
      vertex 8.75726 2.02392 0.695
      vertex 8.75726 1.97608 0.695
    endloop
  endfacet
  facet normal 0 0 -1
    outer loop
      vertex 8.75488 1.97548 0.695
      vertex 8.75488 2.02452 0.695
      vertex 8.75726 2.02392 0.695
    endloop
  endfacet
  facet normal 0 0 -1
    outer loop
      vertex 8.75245 1.97512 0.695
      vertex 8.75488 2.02452 0.695
      vertex 8.75488 1.97548 0.695
    endloop
  endfacet
  facet normal 0 0 -1
    outer loop
      vertex 8.75245 1.97512 0.695
      vertex 8.75245 2.02488 0.695
      vertex 8.75488 2.02452 0.695
    endloop
  endfacet
  facet normal 0 0 -1
    outer loop
      vertex 8.75 1.975 0.695
      vertex 8.75245 2.02488 0.695
      vertex 8.75245 1.97512 0.695
    endloop
  endfacet
  facet normal 0 0 -1
    outer loop
      vertex 8.75 1.975 0.695
      vertex 8.75 2.025 0.695
      vertex 8.75245 2.02488 0.695
    endloop
  endfacet
  facet normal 0 0 -1
    outer loop
      vertex 8.74755 1.97512 0.695
      vertex 8.75 2.025 0.695
      vertex 8.75 1.975 0.695
    endloop
  endfacet
  facet normal 0 0 -1
    outer loop
      vertex 8.74755 1.97512 0.695
      vertex 8.74755 2.02488 0.695
      vertex 8.75 2.025 0.695
    endloop
  endfacet
  facet normal 0 0 -1
    outer loop
      vertex 8.74512 1.97548 0.695
      vertex 8.74755 2.02488 0.695
      vertex 8.74755 1.97512 0.695
    endloop
  endfacet
  facet normal 0 0 -1
    outer loop
      vertex 8.74512 1.97548 0.695
      vertex 8.74512 2.02452 0.695
      vertex 8.74755 2.02488 0.695
    endloop
  endfacet
  facet normal 0 0 -1
    outer loop
      vertex 8.74274 1.97608 0.695
      vertex 8.74512 2.02452 0.695
      vertex 8.74512 1.97548 0.695
    endloop
  endfacet
  facet normal 0 0 -1
    outer loop
      vertex 8.74274 1.97608 0.695
      vertex 8.74274 2.02392 0.695
      vertex 8.74512 2.02452 0.695
    endloop
  endfacet
  facet normal 0 0 -1
    outer loop
      vertex 8.74043 1.9769 0.695
      vertex 8.74274 2.02392 0.695
      vertex 8.74274 1.97608 0.695
    endloop
  endfacet
  facet normal 0 0 -1
    outer loop
      vertex 8.74043 1.9769 0.695
      vertex 8.74043 2.0231 0.695
      vertex 8.74274 2.02392 0.695
    endloop
  endfacet
  facet normal 0 0 -1
    outer loop
      vertex 8.73822 1.97795 0.695
      vertex 8.74043 2.0231 0.695
      vertex 8.74043 1.9769 0.695
    endloop
  endfacet
  facet normal 0 0 -1
    outer loop
      vertex 8.73822 1.97795 0.695
      vertex 8.73822 2.02205 0.695
      vertex 8.74043 2.0231 0.695
    endloop
  endfacet
  facet normal 0 0 -1
    outer loop
      vertex 8.73611 1.97921 0.695
      vertex 8.73822 2.02205 0.695
      vertex 8.73822 1.97795 0.695
    endloop
  endfacet
  facet normal 0 0 -1
    outer loop
      vertex 8.73611 1.97921 0.695
      vertex 8.73611 2.02079 0.695
      vertex 8.73822 2.02205 0.695
    endloop
  endfacet
  facet normal 0 0 -1
    outer loop
      vertex 8.73414 1.98067 0.695
      vertex 8.73611 2.02079 0.695
      vertex 8.73611 1.97921 0.695
    endloop
  endfacet
  facet normal 0 0 -1
    outer loop
      vertex 8.73414 1.98067 0.695
      vertex 8.73414 2.01933 0.695
      vertex 8.73611 2.02079 0.695
    endloop
  endfacet
  facet normal 0 0 -1
    outer loop
      vertex 8.73232 1.98232 0.695
      vertex 8.73414 2.01933 0.695
      vertex 8.73414 1.98067 0.695
    endloop
  endfacet
  facet normal 0 0 -1
    outer loop
      vertex 8.73232 1.98232 0.695
      vertex 8.73232 2.01768 0.695
      vertex 8.73414 2.01933 0.695
    endloop
  endfacet
  facet normal 0 0 -1
    outer loop
      vertex 8.73067 1.98414 0.695
      vertex 8.73232 2.01768 0.695
      vertex 8.73232 1.98232 0.695
    endloop
  endfacet
  facet normal 0 0 -1
    outer loop
      vertex 8.73067 1.98414 0.695
      vertex 8.73067 2.01586 0.695
      vertex 8.73232 2.01768 0.695
    endloop
  endfacet
  facet normal 0 0 -1
    outer loop
      vertex 8.72921 1.98611 0.695
      vertex 8.73067 2.01586 0.695
      vertex 8.73067 1.98414 0.695
    endloop
  endfacet
  facet normal 0 0 -1
    outer loop
      vertex 8.72921 1.98611 0.695
      vertex 8.72921 2.01389 0.695
      vertex 8.73067 2.01586 0.695
    endloop
  endfacet
  facet normal 0 0 -1
    outer loop
      vertex 8.72795 1.98822 0.695
      vertex 8.72921 2.01389 0.695
      vertex 8.72921 1.98611 0.695
    endloop
  endfacet
  facet normal 0 0 -1
    outer loop
      vertex 8.72795 1.98822 0.695
      vertex 8.72795 2.01178 0.695
      vertex 8.72921 2.01389 0.695
    endloop
  endfacet
  facet normal 0 0 -1
    outer loop
      vertex 8.7269 1.99043 0.695
      vertex 8.72795 2.01178 0.695
      vertex 8.72795 1.98822 0.695
    endloop
  endfacet
  facet normal 0 0 -1
    outer loop
      vertex 8.7269 1.99043 0.695
      vertex 8.7269 2.00957 0.695
      vertex 8.72795 2.01178 0.695
    endloop
  endfacet
  facet normal 0 0 -1
    outer loop
      vertex 8.72608 1.99274 0.695
      vertex 8.7269 2.00957 0.695
      vertex 8.7269 1.99043 0.695
    endloop
  endfacet
  facet normal 0 0 -1
    outer loop
      vertex 8.72608 1.99274 0.695
      vertex 8.72608 2.00726 0.695
      vertex 8.7269 2.00957 0.695
    endloop
  endfacet
  facet normal 0 0 -1
    outer loop
      vertex 8.72548 1.99512 0.695
      vertex 8.72608 2.00726 0.695
      vertex 8.72608 1.99274 0.695
    endloop
  endfacet
  facet normal 0 0 -1
    outer loop
      vertex 8.72548 1.99512 0.695
      vertex 8.72548 2.00488 0.695
      vertex 8.72608 2.00726 0.695
    endloop
  endfacet
  facet normal 0 0 -1
    outer loop
      vertex 8.72512 1.99755 0.695
      vertex 8.72548 2.00488 0.695
      vertex 8.72548 1.99512 0.695
    endloop
  endfacet
  facet normal 0 0 -1
    outer loop
      vertex 8.72512 1.99755 0.695
      vertex 8.72512 2.00245 0.695
      vertex 8.72548 2.00488 0.695
    endloop
  endfacet
  facet normal 0 -0 -1
    outer loop
      vertex 8.72512 2.00245 0.695
      vertex 8.72512 1.99755 0.695
      vertex 8.725 2 0.695
    endloop
  endfacet
  facet normal 0 -0.753029 -0.657987
    outer loop
      vertex 8.45 2.67681 0.830968
      vertex 8.74043 2.6769 0.830865
      vertex 8.74069 2.67681 0.830968
    endloop
  endfacet
  facet normal -9.05565e-06 -0.740238 -0.672345
    outer loop
      vertex 8.45 2.67681 0.830968
      vertex 8.73822 2.67795 0.829709
      vertex 8.74043 2.6769 0.830865
    endloop
  endfacet
  facet normal -0 -0.740401 -0.672166
    outer loop
      vertex 8.73682 2.67879 0.828787
      vertex 8.45 2.67681 0.830968
      vertex 8.45 2.67879 0.828787
    endloop
  endfacet
  facet normal -1.79072e-05 -0.739228 -0.673456
    outer loop
      vertex 8.45 2.67681 0.830968
      vertex 8.73682 2.67879 0.828787
      vertex 8.73822 2.67795 0.829709
    endloop
  endfacet
  facet normal 0 0.242855 -0.970063
    outer loop
      vertex 8.45 2.70871 0.821293
      vertex 8.72572 2.70585 0.820577
      vertex 8.45 2.70585 0.820577
    endloop
  endfacet
  facet normal -7.06893e-06 0.242213 -0.970223
    outer loop
      vertex 8.72572 2.70585 0.820577
      vertex 8.45 2.70871 0.821293
      vertex 8.72608 2.70726 0.820929
    endloop
  endfacet
  facet normal 0 0.24348 -0.969906
    outer loop
      vertex 8.72608 2.70726 0.820929
      vertex 8.45 2.70871 0.821293
      vertex 8.72659 2.70871 0.821293
    endloop
  endfacet
  facet normal 0 -0.941742 -0.336336
    outer loop
      vertex 8.45 2.67228 0.83852
      vertex 8.75 2.67129 0.841292
      vertex 8.45 2.67129 0.841292
    endloop
  endfacet
  facet normal 0 -0.941742 -0.336336
    outer loop
      vertex 8.75 2.67129 0.841292
      vertex 8.45 2.67228 0.83852
      vertex 8.75 2.67228 0.83852
    endloop
  endfacet
  facet normal 0 0.740401 0.672166
    outer loop
      vertex 8.75 2.72319 0.869032
      vertex 8.45 2.72121 0.871213
      vertex 8.75 2.72121 0.871213
    endloop
  endfacet
  facet normal 0 0.740401 0.672166
    outer loop
      vertex 8.45 2.72121 0.871213
      vertex 8.75 2.72319 0.869032
      vertex 8.45 2.72319 0.869032
    endloop
  endfacet
  facet normal 0 -0.242536 0.970143
    outer loop
      vertex 8.45 2.69415 0.879423
      vertex 8.75 2.69129 0.878708
      vertex 8.75 2.69415 0.879423
    endloop
  endfacet
  facet normal 0 -0.242536 0.970143
    outer loop
      vertex 8.75 2.69129 0.878708
      vertex 8.45 2.69415 0.879423
      vertex 8.45 2.69129 0.878708
    endloop
  endfacet
  facet normal 0 0.0492599 -0.998786
    outer loop
      vertex 8.45 2.70294 0.820145
      vertex 8.725 2.7 0.82
      vertex 8.45 2.7 0.82
    endloop
  endfacet
  facet normal 7.26007e-07 0.0493276 -0.998783
    outer loop
      vertex 8.725 2.7 0.82
      vertex 8.45 2.70294 0.820145
      vertex 8.72512 2.70245 0.820121
    endloop
  endfacet
  facet normal 0 0.0489209 -0.998803
    outer loop
      vertex 8.72512 2.70245 0.820121
      vertex 8.45 2.70294 0.820145
      vertex 8.72519 2.70294 0.820145
    endloop
  endfacet
  facet normal 0 -0.970442 0.241336
    outer loop
      vertex 8.45 2.67058 0.855853
      vertex 8.75 2.67129 0.858708
      vertex 8.45 2.67129 0.858708
    endloop
  endfacet
  facet normal 0 -0.970442 0.241336
    outer loop
      vertex 8.75 2.67129 0.858708
      vertex 8.45 2.67058 0.855853
      vertex 8.75 2.67058 0.855853
    endloop
  endfacet
  facet normal 0 -0.856744 0.515743
    outer loop
      vertex 8.45 2.67354 0.864141
      vertex 8.75 2.67506 0.866666
      vertex 8.45 2.67506 0.866666
    endloop
  endfacet
  facet normal 0 -0.856744 0.515743
    outer loop
      vertex 8.75 2.67506 0.866666
      vertex 8.45 2.67354 0.864141
      vertex 8.75 2.67354 0.864141
    endloop
  endfacet
  facet normal -0 0.671776 0.740754
    outer loop
      vertex 8.45 2.72121 0.871213
      vertex 8.75 2.71903 0.87319
      vertex 8.75 2.72121 0.871213
    endloop
  endfacet
  facet normal 0 0.671776 0.740754
    outer loop
      vertex 8.75 2.71903 0.87319
      vertex 8.45 2.72121 0.871213
      vertex 8.45 2.71903 0.87319
    endloop
  endfacet
  facet normal 0 0.427809 -0.903869
    outer loop
      vertex 8.45 2.71414 0.823543
      vertex 8.72781 2.71148 0.822284
      vertex 8.45 2.71148 0.822284
    endloop
  endfacet
  facet normal 5.75066e-05 0.432709 -0.901534
    outer loop
      vertex 8.72781 2.71148 0.822284
      vertex 8.45 2.71414 0.823543
      vertex 8.72795 2.71178 0.822428
    endloop
  endfacet
  facet normal -3.20641e-06 0.426872 -0.904312
    outer loop
      vertex 8.72795 2.71178 0.822428
      vertex 8.45 2.71414 0.823543
      vertex 8.72921 2.71389 0.823424
    endloop
  endfacet
  facet normal 0 0.429793 -0.902927
    outer loop
      vertex 8.72921 2.71389 0.823424
      vertex 8.45 2.71414 0.823543
      vertex 8.7294 2.71414 0.823543
    endloop
  endfacet
  facet normal 0 0.941742 0.336336
    outer loop
      vertex 8.75 2.72871 0.858708
      vertex 8.45 2.72772 0.86148
      vertex 8.75 2.72772 0.86148
    endloop
  endfacet
  facet normal 0 0.941742 0.336336
    outer loop
      vertex 8.45 2.72772 0.86148
      vertex 8.75 2.72871 0.858708
      vertex 8.45 2.72871 0.858708
    endloop
  endfacet
  facet normal 0 -0.998701 -0.0509541
    outer loop
      vertex 8.45 2.67015 0.84706
      vertex 8.75 2.67 0.85
      vertex 8.45 2.67 0.85
    endloop
  endfacet
  facet normal 0 -0.998701 -0.0509541
    outer loop
      vertex 8.75 2.67 0.85
      vertex 8.45 2.67015 0.84706
      vertex 8.75 2.67015 0.84706
    endloop
  endfacet
  facet normal 1 0 0
    outer loop
      vertex 8.75 2.725 0.845001
      vertex 8.75 2.73 0.85
      vertex 8.75 2.72985 0.85294
    endloop
  endfacet
  facet normal 1 0 0
    outer loop
      vertex 8.75 2.725 0.845001
      vertex 8.75 2.72985 0.85294
      vertex 8.75 2.72942 0.855853
    endloop
  endfacet
  facet normal 1 0 0
    outer loop
      vertex 8.75 2.73 0.85
      vertex 8.75 2.725 0.845001
      vertex 8.75 2.72985 0.84706
    endloop
  endfacet
  facet normal 1 0 0
    outer loop
      vertex 8.75 2.725 0.845001
      vertex 8.75 2.72942 0.855853
      vertex 8.75 2.72871 0.858708
    endloop
  endfacet
  facet normal 1 0 0
    outer loop
      vertex 8.75 2.72985 0.84706
      vertex 8.75 2.725 0.845001
      vertex 8.75 2.72942 0.844147
    endloop
  endfacet
  facet normal 1 0 0
    outer loop
      vertex 8.75 2.725 0.845001
      vertex 8.75 2.72871 0.858708
      vertex 8.75 2.72772 0.86148
    endloop
  endfacet
  facet normal 1 0 0
    outer loop
      vertex 8.75 2.72942 0.844147
      vertex 8.75 2.725 0.845001
      vertex 8.75 2.72871 0.841292
    endloop
  endfacet
  facet normal 1 0 0
    outer loop
      vertex 8.75 2.725 0.845001
      vertex 8.75 2.72772 0.86148
      vertex 8.75 2.72646 0.864141
    endloop
  endfacet
  facet normal 1 0 0
    outer loop
      vertex 8.75 2.72871 0.841292
      vertex 8.75 2.725 0.845001
      vertex 8.75 2.72772 0.83852
    endloop
  endfacet
  facet normal 1 0 0
    outer loop
      vertex 8.75 2.72772 0.83852
      vertex 8.75 2.725 0.845001
      vertex 8.75 2.72646 0.835859
    endloop
  endfacet
  facet normal 1 0 0
    outer loop
      vertex 8.75 2.72494 0.866666
      vertex 8.75 2.725 0.845001
      vertex 8.75 2.72646 0.864141
    endloop
  endfacet
  facet normal 1 0 0
    outer loop
      vertex 8.75 2.72319 0.869032
      vertex 8.75 2.725 0.845001
      vertex 8.75 2.72494 0.866666
    endloop
  endfacet
  facet normal 1 0 0
    outer loop
      vertex 8.75 2.72121 0.871213
      vertex 8.75 2.725 0.845001
      vertex 8.75 2.72319 0.869032
    endloop
  endfacet
  facet normal 1 0 0
    outer loop
      vertex 8.75 2.71903 0.87319
      vertex 8.75 2.725 0.845001
      vertex 8.75 2.72121 0.871213
    endloop
  endfacet
  facet normal 1 0 0
    outer loop
      vertex 8.75 2.71667 0.874943
      vertex 8.75 2.725 0.845001
      vertex 8.75 2.71903 0.87319
    endloop
  endfacet
  facet normal 1 0 0
    outer loop
      vertex 8.75 2.71414 0.876457
      vertex 8.75 2.725 0.845001
      vertex 8.75 2.71667 0.874943
    endloop
  endfacet
  facet normal 1 0 0
    outer loop
      vertex 8.75 2.71148 0.877716
      vertex 8.75 2.725 0.845001
      vertex 8.75 2.71414 0.876457
    endloop
  endfacet
  facet normal 1 0 0
    outer loop
      vertex 8.75 2.70871 0.878708
      vertex 8.75 2.725 0.845001
      vertex 8.75 2.71148 0.877716
    endloop
  endfacet
  facet normal 1 0 0
    outer loop
      vertex 8.75 2.70585 0.879423
      vertex 8.75 2.725 0.845001
      vertex 8.75 2.70871 0.878708
    endloop
  endfacet
  facet normal 1 0 0
    outer loop
      vertex 8.75 2.70294 0.879855
      vertex 8.75 2.725 0.845001
      vertex 8.75 2.70585 0.879423
    endloop
  endfacet
  facet normal 1 0 0
    outer loop
      vertex 8.75 2.7 0.88
      vertex 8.75 2.725 0.845001
      vertex 8.75 2.70294 0.879855
    endloop
  endfacet
  facet normal 1 -0 0
    outer loop
      vertex 8.75 2.69706 0.879855
      vertex 8.75 2.725 0.845001
      vertex 8.75 2.7 0.88
    endloop
  endfacet
  facet normal 1 0 0
    outer loop
      vertex 8.75 2.675 0.845001
      vertex 8.75 2.69706 0.879855
      vertex 8.75 2.69415 0.879423
    endloop
  endfacet
  facet normal 1 0 0
    outer loop
      vertex 8.75 2.675 0.845001
      vertex 8.75 2.69415 0.879423
      vertex 8.75 2.69129 0.878708
    endloop
  endfacet
  facet normal 1 0 0
    outer loop
      vertex 8.75 2.675 0.845001
      vertex 8.75 2.69129 0.878708
      vertex 8.75 2.68852 0.877716
    endloop
  endfacet
  facet normal 1 0 0
    outer loop
      vertex 8.75 2.675 0.845001
      vertex 8.75 2.68852 0.877716
      vertex 8.75 2.68586 0.876457
    endloop
  endfacet
  facet normal 1 0 0
    outer loop
      vertex 8.75 2.675 0.845001
      vertex 8.75 2.68586 0.876457
      vertex 8.75 2.68333 0.874943
    endloop
  endfacet
  facet normal 1 0 0
    outer loop
      vertex 8.75 2.675 0.845001
      vertex 8.75 2.68333 0.874943
      vertex 8.75 2.68097 0.87319
    endloop
  endfacet
  facet normal 1 0 0
    outer loop
      vertex 8.75 2.675 0.845001
      vertex 8.75 2.68097 0.87319
      vertex 8.75 2.67879 0.871213
    endloop
  endfacet
  facet normal 1 0 0
    outer loop
      vertex 8.75 2.675 0.845001
      vertex 8.75 2.67879 0.871213
      vertex 8.75 2.67681 0.869032
    endloop
  endfacet
  facet normal 1 0 0
    outer loop
      vertex 8.75 2.675 0.845001
      vertex 8.75 2.67681 0.869032
      vertex 8.75 2.67506 0.866666
    endloop
  endfacet
  facet normal 1 0 0
    outer loop
      vertex 8.75 2.69706 0.879855
      vertex 8.75 2.675 0.845001
      vertex 8.75 2.725 0.845001
    endloop
  endfacet
  facet normal 1 -0 0
    outer loop
      vertex 8.75 2.67354 0.864141
      vertex 8.75 2.675 0.845001
      vertex 8.75 2.67506 0.866666
    endloop
  endfacet
  facet normal 1 -0 0
    outer loop
      vertex 8.75 2.67228 0.86148
      vertex 8.75 2.675 0.845001
      vertex 8.75 2.67354 0.864141
    endloop
  endfacet
  facet normal 1 0 0
    outer loop
      vertex 8.75 2.675 0.845001
      vertex 8.75 2.67354 0.835859
      vertex 8.75 2.675 0.833427
    endloop
  endfacet
  facet normal 1 -0 0
    outer loop
      vertex 8.75 2.67129 0.858708
      vertex 8.75 2.675 0.845001
      vertex 8.75 2.67228 0.86148
    endloop
  endfacet
  facet normal 1 0 0
    outer loop
      vertex 8.75 2.675 0.845001
      vertex 8.75 2.67228 0.83852
      vertex 8.75 2.67354 0.835859
    endloop
  endfacet
  facet normal 1 -0 0
    outer loop
      vertex 8.75 2.67058 0.855853
      vertex 8.75 2.675 0.845001
      vertex 8.75 2.67129 0.858708
    endloop
  endfacet
  facet normal 1 0 0
    outer loop
      vertex 8.75 2.675 0.845001
      vertex 8.75 2.67129 0.841292
      vertex 8.75 2.67228 0.83852
    endloop
  endfacet
  facet normal 1 -0 0
    outer loop
      vertex 8.75 2.67015 0.85294
      vertex 8.75 2.675 0.845001
      vertex 8.75 2.67058 0.855853
    endloop
  endfacet
  facet normal 1 0 0
    outer loop
      vertex 8.75 2.675 0.845001
      vertex 8.75 2.67058 0.844147
      vertex 8.75 2.67129 0.841292
    endloop
  endfacet
  facet normal 1 -0 0
    outer loop
      vertex 8.75 2.67 0.85
      vertex 8.75 2.675 0.845001
      vertex 8.75 2.67015 0.85294
    endloop
  endfacet
  facet normal 1 0 0
    outer loop
      vertex 8.75 2.675 0.845001
      vertex 8.75 2.67015 0.84706
      vertex 8.75 2.67058 0.844147
    endloop
  endfacet
  facet normal 1 0 0
    outer loop
      vertex 8.75 2.675 0.845001
      vertex 8.75 2.67 0.85
      vertex 8.75 2.67015 0.84706
    endloop
  endfacet
  facet normal 1 0 0
    outer loop
      vertex 8.75 2.72646 0.835859
      vertex 8.75 2.725 0.845001
      vertex 8.75 2.725 0.833427
    endloop
  endfacet
  facet normal 0 0.998701 0.0509541
    outer loop
      vertex 8.75 2.73 0.85
      vertex 8.45 2.72985 0.85294
      vertex 8.75 2.72985 0.85294
    endloop
  endfacet
  facet normal 0 0.998701 0.0509541
    outer loop
      vertex 8.45 2.72985 0.85294
      vertex 8.75 2.73 0.85
      vertex 8.45 2.73 0.85
    endloop
  endfacet
  facet normal 0 0.98928 0.146032
    outer loop
      vertex 8.75 2.72985 0.85294
      vertex 8.45 2.72942 0.855853
      vertex 8.75 2.72942 0.855853
    endloop
  endfacet
  facet normal 0 0.98928 0.146032
    outer loop
      vertex 8.45 2.72942 0.855853
      vertex 8.75 2.72985 0.85294
      vertex 8.45 2.72985 0.85294
    endloop
  endfacet
  facet normal 0 -0.823213 -0.567733
    outer loop
      vertex 8.45 2.67506 0.833334
      vertex 8.74755 2.67512 0.833247
      vertex 8.74885 2.67506 0.833334
    endloop
  endfacet
  facet normal -1.19855e-05 -0.803586 -0.595189
    outer loop
      vertex 8.45 2.67506 0.833334
      vertex 8.74512 2.67548 0.832761
      vertex 8.74755 2.67512 0.833247
    endloop
  endfacet
  facet normal -2.05537e-05 -0.801462 -0.598045
    outer loop
      vertex 8.45 2.67506 0.833334
      vertex 8.74274 2.67608 0.831957
      vertex 8.74512 2.67548 0.832761
    endloop
  endfacet
  facet normal -0 -0.803978 -0.594659
    outer loop
      vertex 8.74069 2.67681 0.830968
      vertex 8.45 2.67506 0.833334
      vertex 8.45 2.67681 0.830968
    endloop
  endfacet
  facet normal 9.82498e-06 -0.804555 -0.593878
    outer loop
      vertex 8.45 2.67506 0.833334
      vertex 8.74069 2.67681 0.830968
      vertex 8.74274 2.67608 0.831957
    endloop
  endfacet
  facet normal 0 0.98928 -0.146032
    outer loop
      vertex 8.75 2.72942 0.844147
      vertex 8.45 2.72985 0.84706
      vertex 8.75 2.72985 0.84706
    endloop
  endfacet
  facet normal 0 0.98928 -0.146032
    outer loop
      vertex 8.45 2.72985 0.84706
      vertex 8.75 2.72942 0.844147
      vertex 8.45 2.72942 0.844147
    endloop
  endfacet
  facet normal -0.00310844 0.857364 -0.514701
    outer loop
      vertex 8.74885 2.72494 0.833334
      vertex 8.75 2.72646 0.835859
      vertex 8.75 2.725 0.833427
    endloop
  endfacet
  facet normal 0 0.856744 -0.515743
    outer loop
      vertex 8.75 2.72646 0.835859
      vertex 8.74885 2.72494 0.833334
      vertex 8.45 2.72646 0.835859
    endloop
  endfacet
  facet normal 0 0.856744 -0.515743
    outer loop
      vertex 8.45 2.72646 0.835859
      vertex 8.74885 2.72494 0.833334
      vertex 8.45 2.72494 0.833334
    endloop
  endfacet
  facet normal -0 0.427809 0.903869
    outer loop
      vertex 8.45 2.71414 0.876457
      vertex 8.75 2.71148 0.877716
      vertex 8.75 2.71414 0.876457
    endloop
  endfacet
  facet normal 0 0.427809 0.903869
    outer loop
      vertex 8.75 2.71148 0.877716
      vertex 8.45 2.71414 0.876457
      vertex 8.45 2.71148 0.877716
    endloop
  endfacet
  facet normal 0 -0.24348 -0.969906
    outer loop
      vertex 8.45 2.69129 0.821293
      vertex 8.72608 2.69274 0.820929
      vertex 8.72659 2.69129 0.821293
    endloop
  endfacet
  facet normal -7.06893e-06 -0.242213 -0.970223
    outer loop
      vertex 8.45 2.69129 0.821293
      vertex 8.72572 2.69415 0.820577
      vertex 8.72608 2.69274 0.820929
    endloop
  endfacet
  facet normal -0 -0.242855 -0.970063
    outer loop
      vertex 8.72572 2.69415 0.820577
      vertex 8.45 2.69129 0.821293
      vertex 8.45 2.69415 0.820577
    endloop
  endfacet
  facet normal 0 0.753029 -0.657987
    outer loop
      vertex 8.74043 2.7231 0.830865
      vertex 8.45 2.72319 0.830968
      vertex 8.74069 2.72319 0.830968
    endloop
  endfacet
  facet normal -9.05565e-06 0.740238 -0.672345
    outer loop
      vertex 8.73822 2.72205 0.829709
      vertex 8.45 2.72319 0.830968
      vertex 8.74043 2.7231 0.830865
    endloop
  endfacet
  facet normal -1.79072e-05 0.739228 -0.673456
    outer loop
      vertex 8.73682 2.72121 0.828787
      vertex 8.45 2.72319 0.830968
      vertex 8.73822 2.72205 0.829709
    endloop
  endfacet
  facet normal 0 0.740401 -0.672166
    outer loop
      vertex 8.45 2.72319 0.830968
      vertex 8.73682 2.72121 0.828787
      vertex 8.45 2.72121 0.828787
    endloop
  endfacet
  facet normal 0 0.596293 -0.802767
    outer loop
      vertex 8.45 2.71903 0.82681
      vertex 8.73141 2.71667 0.825057
      vertex 8.45 2.71667 0.825057
    endloop
  endfacet
  facet normal -8.10602e-06 0.59567 -0.80323
    outer loop
      vertex 8.73141 2.71667 0.825057
      vertex 8.45 2.71903 0.82681
      vertex 8.73232 2.71768 0.825806
    endloop
  endfacet
  facet normal 0 0.596762 -0.802419
    outer loop
      vertex 8.73232 2.71768 0.825806
      vertex 8.45 2.71903 0.82681
      vertex 8.73382 2.71903 0.82681
    endloop
  endfacet
  facet normal 0 0.823213 -0.567733
    outer loop
      vertex 8.74755 2.72488 0.833247
      vertex 8.45 2.72494 0.833334
      vertex 8.74885 2.72494 0.833334
    endloop
  endfacet
  facet normal -1.19855e-05 0.803586 -0.595189
    outer loop
      vertex 8.74512 2.72452 0.832761
      vertex 8.45 2.72494 0.833334
      vertex 8.74755 2.72488 0.833247
    endloop
  endfacet
  facet normal -2.05537e-05 0.801462 -0.598045
    outer loop
      vertex 8.74274 2.72392 0.831957
      vertex 8.45 2.72494 0.833334
      vertex 8.74512 2.72452 0.832761
    endloop
  endfacet
  facet normal 9.82498e-06 0.804555 -0.593878
    outer loop
      vertex 8.74069 2.72319 0.830968
      vertex 8.45 2.72494 0.833334
      vertex 8.74274 2.72392 0.831957
    endloop
  endfacet
  facet normal 0 0.803978 -0.594659
    outer loop
      vertex 8.45 2.72494 0.833334
      vertex 8.74069 2.72319 0.830968
      vertex 8.45 2.72319 0.830968
    endloop
  endfacet
  facet normal 0 0.803978 0.594659
    outer loop
      vertex 8.75 2.72494 0.866666
      vertex 8.45 2.72319 0.869032
      vertex 8.75 2.72319 0.869032
    endloop
  endfacet
  facet normal 0 0.803978 0.594659
    outer loop
      vertex 8.45 2.72319 0.869032
      vertex 8.75 2.72494 0.866666
      vertex 8.45 2.72494 0.866666
    endloop
  endfacet
  facet normal 0 0.9038 -0.427955
    outer loop
      vertex 8.75 2.72646 0.835859
      vertex 8.45 2.72772 0.83852
      vertex 8.75 2.72772 0.83852
    endloop
  endfacet
  facet normal 0 0.9038 -0.427955
    outer loop
      vertex 8.45 2.72772 0.83852
      vertex 8.75 2.72646 0.835859
      vertex 8.45 2.72646 0.835859
    endloop
  endfacet
  facet normal 0 -0.856744 -0.515743
    outer loop
      vertex 8.74885 2.67506 0.833334
      vertex 8.75 2.67354 0.835859
      vertex 8.45 2.67354 0.835859
    endloop
  endfacet
  facet normal -0 -0.856744 -0.515743
    outer loop
      vertex 8.74885 2.67506 0.833334
      vertex 8.45 2.67354 0.835859
      vertex 8.45 2.67506 0.833334
    endloop
  endfacet
  facet normal -0.00310844 -0.857364 -0.514701
    outer loop
      vertex 8.75 2.67354 0.835859
      vertex 8.74885 2.67506 0.833334
      vertex 8.75 2.675 0.833427
    endloop
  endfacet
  facet normal 0 0.671776 -0.740754
    outer loop
      vertex 8.45 2.72121 0.828787
      vertex 8.73382 2.71903 0.82681
      vertex 8.45 2.71903 0.82681
    endloop
  endfacet
  facet normal -9.60617e-05 0.664885 -0.746946
    outer loop
      vertex 8.73382 2.71903 0.82681
      vertex 8.45 2.72121 0.828787
      vertex 8.73414 2.71933 0.827077
    endloop
  endfacet
  facet normal -1.32383e-05 0.671773 -0.740757
    outer loop
      vertex 8.73414 2.71933 0.827077
      vertex 8.45 2.72121 0.828787
      vertex 8.73611 2.72079 0.828401
    endloop
  endfacet
  facet normal 0 0.676677 -0.73628
    outer loop
      vertex 8.73611 2.72079 0.828401
      vertex 8.45 2.72121 0.828787
      vertex 8.73682 2.72121 0.828787
    endloop
  endfacet
  facet normal 0 0.146844 -0.98916
    outer loop
      vertex 8.45 2.70585 0.820577
      vertex 8.72519 2.70294 0.820145
      vertex 8.45 2.70294 0.820145
    endloop
  endfacet
  facet normal -4.35799e-16 0.146844 -0.98916
    outer loop
      vertex 8.72519 2.70294 0.820145
      vertex 8.45 2.70585 0.820577
      vertex 8.72548 2.70488 0.820433
    endloop
  endfacet
  facet normal 0 0.146844 -0.98916
    outer loop
      vertex 8.72548 2.70488 0.820433
      vertex 8.45 2.70585 0.820577
      vertex 8.72572 2.70585 0.820577
    endloop
  endfacet
  facet normal 0 -0.146844 -0.98916
    outer loop
      vertex 8.45 2.69415 0.820577
      vertex 8.72548 2.69512 0.820433
      vertex 8.72572 2.69415 0.820577
    endloop
  endfacet
  facet normal -8.08922e-17 -0.146844 -0.98916
    outer loop
      vertex 8.45 2.69415 0.820577
      vertex 8.72519 2.69706 0.820145
      vertex 8.72548 2.69512 0.820433
    endloop
  endfacet
  facet normal -0 -0.146844 -0.98916
    outer loop
      vertex 8.72519 2.69706 0.820145
      vertex 8.45 2.69415 0.820577
      vertex 8.45 2.69706 0.820145
    endloop
  endfacet
  facet normal -0 0.337154 0.941449
    outer loop
      vertex 8.45 2.71148 0.877716
      vertex 8.75 2.70871 0.878708
      vertex 8.75 2.71148 0.877716
    endloop
  endfacet
  facet normal 0 0.337154 0.941449
    outer loop
      vertex 8.75 2.70871 0.878708
      vertex 8.45 2.71148 0.877716
      vertex 8.45 2.70871 0.878708
    endloop
  endfacet
  facet normal 0 -0.429793 -0.902927
    outer loop
      vertex 8.45 2.68586 0.823543
      vertex 8.72921 2.68611 0.823424
      vertex 8.7294 2.68586 0.823543
    endloop
  endfacet
  facet normal -3.20641e-06 -0.426872 -0.904312
    outer loop
      vertex 8.45 2.68586 0.823543
      vertex 8.72795 2.68822 0.822428
      vertex 8.72921 2.68611 0.823424
    endloop
  endfacet
  facet normal 5.75066e-05 -0.432709 -0.901534
    outer loop
      vertex 8.45 2.68586 0.823543
      vertex 8.72781 2.68852 0.822284
      vertex 8.72795 2.68822 0.822428
    endloop
  endfacet
  facet normal -0 -0.427809 -0.903869
    outer loop
      vertex 8.72781 2.68852 0.822284
      vertex 8.45 2.68586 0.823543
      vertex 8.45 2.68852 0.822284
    endloop
  endfacet
  facet normal 0 0.970442 -0.241336
    outer loop
      vertex 8.75 2.72871 0.841292
      vertex 8.45 2.72942 0.844147
      vertex 8.75 2.72942 0.844147
    endloop
  endfacet
  facet normal 0 0.970442 -0.241336
    outer loop
      vertex 8.45 2.72942 0.844147
      vertex 8.75 2.72871 0.841292
      vertex 8.45 2.72871 0.841292
    endloop
  endfacet
  facet normal 0 -0.0489209 -0.998803
    outer loop
      vertex 8.45 2.69706 0.820145
      vertex 8.72512 2.69755 0.820121
      vertex 8.72519 2.69706 0.820145
    endloop
  endfacet
  facet normal 7.26007e-07 -0.0493276 -0.998783
    outer loop
      vertex 8.45 2.69706 0.820145
      vertex 8.725 2.7 0.82
      vertex 8.72512 2.69755 0.820121
    endloop
  endfacet
  facet normal -0 -0.0492599 -0.998786
    outer loop
      vertex 8.725 2.7 0.82
      vertex 8.45 2.69706 0.820145
      vertex 8.45 2.7 0.82
    endloop
  endfacet
  facet normal 0 -0.337154 0.941449
    outer loop
      vertex 8.45 2.69129 0.878708
      vertex 8.75 2.68852 0.877716
      vertex 8.75 2.69129 0.878708
    endloop
  endfacet
  facet normal 0 -0.337154 0.941449
    outer loop
      vertex 8.75 2.68852 0.877716
      vertex 8.45 2.69129 0.878708
      vertex 8.45 2.68852 0.877716
    endloop
  endfacet
  facet normal 0 -0.427809 0.903869
    outer loop
      vertex 8.45 2.68852 0.877716
      vertex 8.75 2.68586 0.876457
      vertex 8.75 2.68852 0.877716
    endloop
  endfacet
  facet normal 0 -0.427809 0.903869
    outer loop
      vertex 8.75 2.68586 0.876457
      vertex 8.45 2.68852 0.877716
      vertex 8.45 2.68586 0.876457
    endloop
  endfacet
  facet normal 0 -0.970442 -0.241336
    outer loop
      vertex 8.45 2.67129 0.841292
      vertex 8.75 2.67058 0.844147
      vertex 8.45 2.67058 0.844147
    endloop
  endfacet
  facet normal 0 -0.970442 -0.241336
    outer loop
      vertex 8.75 2.67058 0.844147
      vertex 8.45 2.67129 0.841292
      vertex 8.75 2.67129 0.841292
    endloop
  endfacet
  facet normal 0 -0.98928 -0.146032
    outer loop
      vertex 8.45 2.67058 0.844147
      vertex 8.75 2.67015 0.84706
      vertex 8.45 2.67015 0.84706
    endloop
  endfacet
  facet normal 0 -0.98928 -0.146032
    outer loop
      vertex 8.75 2.67015 0.84706
      vertex 8.45 2.67058 0.844147
      vertex 8.75 2.67058 0.844147
    endloop
  endfacet
  facet normal 0 0.336853 -0.941557
    outer loop
      vertex 8.45 2.71148 0.822284
      vertex 8.72659 2.70871 0.821293
      vertex 8.45 2.70871 0.821293
    endloop
  endfacet
  facet normal -7.37728e-06 0.3362 -0.941791
    outer loop
      vertex 8.72659 2.70871 0.821293
      vertex 8.45 2.71148 0.822284
      vertex 8.7269 2.70957 0.8216
    endloop
  endfacet
  facet normal 0 0.337148 -0.941452
    outer loop
      vertex 8.7269 2.70957 0.8216
      vertex 8.45 2.71148 0.822284
      vertex 8.72781 2.71148 0.822284
    endloop
  endfacet
  facet normal 0 -0.596762 -0.802419
    outer loop
      vertex 8.45 2.68097 0.82681
      vertex 8.73232 2.68232 0.825806
      vertex 8.73382 2.68097 0.82681
    endloop
  endfacet
  facet normal -8.10602e-06 -0.59567 -0.80323
    outer loop
      vertex 8.45 2.68097 0.82681
      vertex 8.73141 2.68333 0.825057
      vertex 8.73232 2.68232 0.825806
    endloop
  endfacet
  facet normal -0 -0.596293 -0.802767
    outer loop
      vertex 8.73141 2.68333 0.825057
      vertex 8.45 2.68097 0.82681
      vertex 8.45 2.68333 0.825057
    endloop
  endfacet
  facet normal 0 -0.512936 -0.858427
    outer loop
      vertex 8.45 2.68333 0.825057
      vertex 8.73067 2.68414 0.824573
      vertex 8.73141 2.68333 0.825057
    endloop
  endfacet
  facet normal 3.22757e-06 -0.51376 -0.857934
    outer loop
      vertex 8.45 2.68333 0.825057
      vertex 8.7294 2.68586 0.823543
      vertex 8.73067 2.68414 0.824573
    endloop
  endfacet
  facet normal -0 -0.513498 -0.858091
    outer loop
      vertex 8.7294 2.68586 0.823543
      vertex 8.45 2.68333 0.825057
      vertex 8.45 2.68586 0.823543
    endloop
  endfacet
  facet normal 0 -0.9038 -0.427955
    outer loop
      vertex 8.45 2.67354 0.835859
      vertex 8.75 2.67228 0.83852
      vertex 8.45 2.67228 0.83852
    endloop
  endfacet
  facet normal 0 -0.9038 -0.427955
    outer loop
      vertex 8.75 2.67228 0.83852
      vertex 8.45 2.67354 0.835859
      vertex 8.75 2.67354 0.835859
    endloop
  endfacet
  facet normal 0 0.998701 -0.0509541
    outer loop
      vertex 8.75 2.72985 0.84706
      vertex 8.45 2.73 0.85
      vertex 8.75 2.73 0.85
    endloop
  endfacet
  facet normal 0 0.998701 -0.0509541
    outer loop
      vertex 8.45 2.73 0.85
      vertex 8.75 2.72985 0.84706
      vertex 8.45 2.72985 0.84706
    endloop
  endfacet
  facet normal 0 -0.337148 -0.941452
    outer loop
      vertex 8.45 2.68852 0.822284
      vertex 8.7269 2.69043 0.8216
      vertex 8.72781 2.68852 0.822284
    endloop
  endfacet
  facet normal -7.37728e-06 -0.3362 -0.941791
    outer loop
      vertex 8.45 2.68852 0.822284
      vertex 8.72659 2.69129 0.821293
      vertex 8.7269 2.69043 0.8216
    endloop
  endfacet
  facet normal -0 -0.336853 -0.941557
    outer loop
      vertex 8.72659 2.69129 0.821293
      vertex 8.45 2.68852 0.822284
      vertex 8.45 2.69129 0.821293
    endloop
  endfacet
  facet normal 0 0.970442 0.241336
    outer loop
      vertex 8.75 2.72942 0.855853
      vertex 8.45 2.72871 0.858708
      vertex 8.75 2.72871 0.858708
    endloop
  endfacet
  facet normal 0 0.970442 0.241336
    outer loop
      vertex 8.45 2.72871 0.858708
      vertex 8.75 2.72942 0.855853
      vertex 8.45 2.72942 0.855853
    endloop
  endfacet
  facet normal 0 0.9038 0.427955
    outer loop
      vertex 8.75 2.72772 0.86148
      vertex 8.45 2.72646 0.864141
      vertex 8.75 2.72646 0.864141
    endloop
  endfacet
  facet normal 0 0.9038 0.427955
    outer loop
      vertex 8.45 2.72646 0.864141
      vertex 8.75 2.72772 0.86148
      vertex 8.45 2.72772 0.86148
    endloop
  endfacet
  facet normal 0 -0.513498 0.858091
    outer loop
      vertex 8.45 2.68586 0.876457
      vertex 8.75 2.68333 0.874943
      vertex 8.75 2.68586 0.876457
    endloop
  endfacet
  facet normal 0 -0.513498 0.858091
    outer loop
      vertex 8.75 2.68333 0.874943
      vertex 8.45 2.68586 0.876457
      vertex 8.45 2.68333 0.874943
    endloop
  endfacet
  facet normal 0 0.513498 -0.858091
    outer loop
      vertex 8.45 2.71667 0.825057
      vertex 8.7294 2.71414 0.823543
      vertex 8.45 2.71414 0.823543
    endloop
  endfacet
  facet normal 3.22757e-06 0.51376 -0.857934
    outer loop
      vertex 8.7294 2.71414 0.823543
      vertex 8.45 2.71667 0.825057
      vertex 8.73067 2.71586 0.824573
    endloop
  endfacet
  facet normal 0 0.512936 -0.858427
    outer loop
      vertex 8.73067 2.71586 0.824573
      vertex 8.45 2.71667 0.825057
      vertex 8.73141 2.71667 0.825057
    endloop
  endfacet
  facet normal 0 0.856744 0.515743
    outer loop
      vertex 8.75 2.72646 0.864141
      vertex 8.45 2.72494 0.866666
      vertex 8.75 2.72494 0.866666
    endloop
  endfacet
  facet normal 0 0.856744 0.515743
    outer loop
      vertex 8.45 2.72494 0.866666
      vertex 8.75 2.72646 0.864141
      vertex 8.45 2.72646 0.864141
    endloop
  endfacet
  facet normal 0 -0.9038 0.427955
    outer loop
      vertex 8.45 2.67228 0.86148
      vertex 8.75 2.67354 0.864141
      vertex 8.45 2.67354 0.864141
    endloop
  endfacet
  facet normal 0 -0.9038 0.427955
    outer loop
      vertex 8.75 2.67354 0.864141
      vertex 8.45 2.67228 0.86148
      vertex 8.75 2.67228 0.86148
    endloop
  endfacet
  facet normal -1 0 0
    outer loop
      vertex 8.45 2.72985 0.84706
      vertex 8.45 2.72985 0.85294
      vertex 8.45 2.73 0.85
    endloop
  endfacet
  facet normal -1 0 0
    outer loop
      vertex 8.45 2.72942 0.844147
      vertex 8.45 2.72985 0.85294
      vertex 8.45 2.72985 0.84706
    endloop
  endfacet
  facet normal -1 0 0
    outer loop
      vertex 8.45 2.72942 0.844147
      vertex 8.45 2.72942 0.855853
      vertex 8.45 2.72985 0.85294
    endloop
  endfacet
  facet normal -1 0 0
    outer loop
      vertex 8.45 2.72871 0.841292
      vertex 8.45 2.72942 0.855853
      vertex 8.45 2.72942 0.844147
    endloop
  endfacet
  facet normal -1 0 0
    outer loop
      vertex 8.45 2.72871 0.841292
      vertex 8.45 2.72871 0.858708
      vertex 8.45 2.72942 0.855853
    endloop
  endfacet
  facet normal -1 0 0
    outer loop
      vertex 8.45 2.72772 0.83852
      vertex 8.45 2.72871 0.858708
      vertex 8.45 2.72871 0.841292
    endloop
  endfacet
  facet normal -1 0 0
    outer loop
      vertex 8.45 2.72772 0.83852
      vertex 8.45 2.72772 0.86148
      vertex 8.45 2.72871 0.858708
    endloop
  endfacet
  facet normal -1 0 0
    outer loop
      vertex 8.45 2.72646 0.835859
      vertex 8.45 2.72772 0.86148
      vertex 8.45 2.72772 0.83852
    endloop
  endfacet
  facet normal -1 0 0
    outer loop
      vertex 8.45 2.72646 0.835859
      vertex 8.45 2.72646 0.864141
      vertex 8.45 2.72772 0.86148
    endloop
  endfacet
  facet normal -1 0 0
    outer loop
      vertex 8.45 2.72494 0.833334
      vertex 8.45 2.72646 0.864141
      vertex 8.45 2.72646 0.835859
    endloop
  endfacet
  facet normal -1 0 0
    outer loop
      vertex 8.45 2.72494 0.833334
      vertex 8.45 2.72494 0.866666
      vertex 8.45 2.72646 0.864141
    endloop
  endfacet
  facet normal -1 0 0
    outer loop
      vertex 8.45 2.72319 0.830968
      vertex 8.45 2.72494 0.866666
      vertex 8.45 2.72494 0.833334
    endloop
  endfacet
  facet normal -1 0 0
    outer loop
      vertex 8.45 2.72319 0.830968
      vertex 8.45 2.72319 0.869032
      vertex 8.45 2.72494 0.866666
    endloop
  endfacet
  facet normal -1 0 0
    outer loop
      vertex 8.45 2.72121 0.828787
      vertex 8.45 2.72319 0.869032
      vertex 8.45 2.72319 0.830968
    endloop
  endfacet
  facet normal -1 0 0
    outer loop
      vertex 8.45 2.72121 0.828787
      vertex 8.45 2.72121 0.871213
      vertex 8.45 2.72319 0.869032
    endloop
  endfacet
  facet normal -1 0 0
    outer loop
      vertex 8.45 2.71903 0.82681
      vertex 8.45 2.72121 0.871213
      vertex 8.45 2.72121 0.828787
    endloop
  endfacet
  facet normal -1 0 0
    outer loop
      vertex 8.45 2.71903 0.82681
      vertex 8.45 2.71903 0.87319
      vertex 8.45 2.72121 0.871213
    endloop
  endfacet
  facet normal -1 0 0
    outer loop
      vertex 8.45 2.71667 0.825057
      vertex 8.45 2.71903 0.87319
      vertex 8.45 2.71903 0.82681
    endloop
  endfacet
  facet normal -1 0 0
    outer loop
      vertex 8.45 2.71667 0.825057
      vertex 8.45 2.71667 0.874943
      vertex 8.45 2.71903 0.87319
    endloop
  endfacet
  facet normal -1 0 0
    outer loop
      vertex 8.45 2.71414 0.823543
      vertex 8.45 2.71667 0.874943
      vertex 8.45 2.71667 0.825057
    endloop
  endfacet
  facet normal -1 0 0
    outer loop
      vertex 8.45 2.71414 0.823543
      vertex 8.45 2.71414 0.876457
      vertex 8.45 2.71667 0.874943
    endloop
  endfacet
  facet normal -1 0 0
    outer loop
      vertex 8.45 2.71148 0.822284
      vertex 8.45 2.71414 0.876457
      vertex 8.45 2.71414 0.823543
    endloop
  endfacet
  facet normal -1 0 0
    outer loop
      vertex 8.45 2.71148 0.822284
      vertex 8.45 2.71148 0.877716
      vertex 8.45 2.71414 0.876457
    endloop
  endfacet
  facet normal -1 0 0
    outer loop
      vertex 8.45 2.70871 0.821293
      vertex 8.45 2.71148 0.877716
      vertex 8.45 2.71148 0.822284
    endloop
  endfacet
  facet normal -1 0 0
    outer loop
      vertex 8.45 2.70871 0.821293
      vertex 8.45 2.70871 0.878708
      vertex 8.45 2.71148 0.877716
    endloop
  endfacet
  facet normal -1 0 0
    outer loop
      vertex 8.45 2.70585 0.820577
      vertex 8.45 2.70871 0.878708
      vertex 8.45 2.70871 0.821293
    endloop
  endfacet
  facet normal -1 0 0
    outer loop
      vertex 8.45 2.70585 0.820577
      vertex 8.45 2.70585 0.879423
      vertex 8.45 2.70871 0.878708
    endloop
  endfacet
  facet normal -1 0 0
    outer loop
      vertex 8.45 2.70294 0.820145
      vertex 8.45 2.70585 0.879423
      vertex 8.45 2.70585 0.820577
    endloop
  endfacet
  facet normal -1 0 0
    outer loop
      vertex 8.45 2.70294 0.820145
      vertex 8.45 2.70294 0.879855
      vertex 8.45 2.70585 0.879423
    endloop
  endfacet
  facet normal -1 0 0
    outer loop
      vertex 8.45 2.7 0.82
      vertex 8.45 2.70294 0.879855
      vertex 8.45 2.70294 0.820145
    endloop
  endfacet
  facet normal -1 0 0
    outer loop
      vertex 8.45 2.7 0.82
      vertex 8.45 2.7 0.88
      vertex 8.45 2.70294 0.879855
    endloop
  endfacet
  facet normal -1 0 0
    outer loop
      vertex 8.45 2.69706 0.820145
      vertex 8.45 2.7 0.88
      vertex 8.45 2.7 0.82
    endloop
  endfacet
  facet normal -1 0 0
    outer loop
      vertex 8.45 2.69706 0.820145
      vertex 8.45 2.69706 0.879855
      vertex 8.45 2.7 0.88
    endloop
  endfacet
  facet normal -1 0 0
    outer loop
      vertex 8.45 2.69415 0.820577
      vertex 8.45 2.69706 0.879855
      vertex 8.45 2.69706 0.820145
    endloop
  endfacet
  facet normal -1 0 0
    outer loop
      vertex 8.45 2.69415 0.820577
      vertex 8.45 2.69415 0.879423
      vertex 8.45 2.69706 0.879855
    endloop
  endfacet
  facet normal -1 0 0
    outer loop
      vertex 8.45 2.69129 0.821293
      vertex 8.45 2.69415 0.879423
      vertex 8.45 2.69415 0.820577
    endloop
  endfacet
  facet normal -1 0 0
    outer loop
      vertex 8.45 2.69129 0.821293
      vertex 8.45 2.69129 0.878708
      vertex 8.45 2.69415 0.879423
    endloop
  endfacet
  facet normal -1 0 0
    outer loop
      vertex 8.45 2.68852 0.822284
      vertex 8.45 2.69129 0.878708
      vertex 8.45 2.69129 0.821293
    endloop
  endfacet
  facet normal -1 0 0
    outer loop
      vertex 8.45 2.68852 0.822284
      vertex 8.45 2.68852 0.877716
      vertex 8.45 2.69129 0.878708
    endloop
  endfacet
  facet normal -1 0 0
    outer loop
      vertex 8.45 2.68586 0.823543
      vertex 8.45 2.68852 0.877716
      vertex 8.45 2.68852 0.822284
    endloop
  endfacet
  facet normal -1 0 0
    outer loop
      vertex 8.45 2.68586 0.823543
      vertex 8.45 2.68586 0.876457
      vertex 8.45 2.68852 0.877716
    endloop
  endfacet
  facet normal -1 0 0
    outer loop
      vertex 8.45 2.68333 0.825057
      vertex 8.45 2.68586 0.876457
      vertex 8.45 2.68586 0.823543
    endloop
  endfacet
  facet normal -1 0 0
    outer loop
      vertex 8.45 2.68333 0.825057
      vertex 8.45 2.68333 0.874943
      vertex 8.45 2.68586 0.876457
    endloop
  endfacet
  facet normal -1 0 0
    outer loop
      vertex 8.45 2.68097 0.82681
      vertex 8.45 2.68333 0.874943
      vertex 8.45 2.68333 0.825057
    endloop
  endfacet
  facet normal -1 0 0
    outer loop
      vertex 8.45 2.68097 0.82681
      vertex 8.45 2.68097 0.87319
      vertex 8.45 2.68333 0.874943
    endloop
  endfacet
  facet normal -1 0 0
    outer loop
      vertex 8.45 2.67879 0.828787
      vertex 8.45 2.68097 0.87319
      vertex 8.45 2.68097 0.82681
    endloop
  endfacet
  facet normal -1 0 0
    outer loop
      vertex 8.45 2.67879 0.828787
      vertex 8.45 2.67879 0.871213
      vertex 8.45 2.68097 0.87319
    endloop
  endfacet
  facet normal -1 0 0
    outer loop
      vertex 8.45 2.67681 0.830968
      vertex 8.45 2.67879 0.871213
      vertex 8.45 2.67879 0.828787
    endloop
  endfacet
  facet normal -1 0 0
    outer loop
      vertex 8.45 2.67681 0.830968
      vertex 8.45 2.67681 0.869032
      vertex 8.45 2.67879 0.871213
    endloop
  endfacet
  facet normal -1 0 0
    outer loop
      vertex 8.45 2.67506 0.833334
      vertex 8.45 2.67681 0.869032
      vertex 8.45 2.67681 0.830968
    endloop
  endfacet
  facet normal -1 0 0
    outer loop
      vertex 8.45 2.67506 0.833334
      vertex 8.45 2.67506 0.866666
      vertex 8.45 2.67681 0.869032
    endloop
  endfacet
  facet normal -1 0 0
    outer loop
      vertex 8.45 2.67354 0.835859
      vertex 8.45 2.67506 0.866666
      vertex 8.45 2.67506 0.833334
    endloop
  endfacet
  facet normal -1 0 0
    outer loop
      vertex 8.45 2.67354 0.835859
      vertex 8.45 2.67354 0.864141
      vertex 8.45 2.67506 0.866666
    endloop
  endfacet
  facet normal -1 0 0
    outer loop
      vertex 8.45 2.67228 0.83852
      vertex 8.45 2.67354 0.864141
      vertex 8.45 2.67354 0.835859
    endloop
  endfacet
  facet normal -1 0 0
    outer loop
      vertex 8.45 2.67228 0.83852
      vertex 8.45 2.67228 0.86148
      vertex 8.45 2.67354 0.864141
    endloop
  endfacet
  facet normal -1 0 0
    outer loop
      vertex 8.45 2.67129 0.841292
      vertex 8.45 2.67228 0.86148
      vertex 8.45 2.67228 0.83852
    endloop
  endfacet
  facet normal -1 0 0
    outer loop
      vertex 8.45 2.67129 0.841292
      vertex 8.45 2.67129 0.858708
      vertex 8.45 2.67228 0.86148
    endloop
  endfacet
  facet normal -1 0 0
    outer loop
      vertex 8.45 2.67058 0.844147
      vertex 8.45 2.67129 0.858708
      vertex 8.45 2.67129 0.841292
    endloop
  endfacet
  facet normal -1 0 0
    outer loop
      vertex 8.45 2.67058 0.844147
      vertex 8.45 2.67058 0.855853
      vertex 8.45 2.67129 0.858708
    endloop
  endfacet
  facet normal -1 0 0
    outer loop
      vertex 8.45 2.67015 0.84706
      vertex 8.45 2.67058 0.855853
      vertex 8.45 2.67058 0.844147
    endloop
  endfacet
  facet normal -1 0 0
    outer loop
      vertex 8.45 2.67015 0.84706
      vertex 8.45 2.67015 0.85294
      vertex 8.45 2.67058 0.855853
    endloop
  endfacet
  facet normal -1 0 -0
    outer loop
      vertex 8.45 2.67015 0.85294
      vertex 8.45 2.67015 0.84706
      vertex 8.45 2.67 0.85
    endloop
  endfacet
  facet normal -0 0.242536 0.970143
    outer loop
      vertex 8.45 2.70871 0.878708
      vertex 8.75 2.70585 0.879423
      vertex 8.75 2.70871 0.878708
    endloop
  endfacet
  facet normal 0 0.242536 0.970143
    outer loop
      vertex 8.75 2.70585 0.879423
      vertex 8.45 2.70871 0.878708
      vertex 8.45 2.70585 0.879423
    endloop
  endfacet
  facet normal -0 0.146844 0.98916
    outer loop
      vertex 8.45 2.70585 0.879423
      vertex 8.75 2.70294 0.879855
      vertex 8.75 2.70585 0.879423
    endloop
  endfacet
  facet normal 0 0.146844 0.98916
    outer loop
      vertex 8.75 2.70294 0.879855
      vertex 8.45 2.70585 0.879423
      vertex 8.45 2.70294 0.879855
    endloop
  endfacet
  facet normal 0 -0.146844 0.98916
    outer loop
      vertex 8.45 2.69706 0.879855
      vertex 8.75 2.69415 0.879423
      vertex 8.75 2.69706 0.879855
    endloop
  endfacet
  facet normal 0 -0.146844 0.98916
    outer loop
      vertex 8.75 2.69415 0.879423
      vertex 8.45 2.69706 0.879855
      vertex 8.45 2.69415 0.879423
    endloop
  endfacet
  facet normal 0 -0.671776 0.740754
    outer loop
      vertex 8.45 2.68097 0.87319
      vertex 8.75 2.67879 0.871213
      vertex 8.75 2.68097 0.87319
    endloop
  endfacet
  facet normal 0 -0.671776 0.740754
    outer loop
      vertex 8.75 2.67879 0.871213
      vertex 8.45 2.68097 0.87319
      vertex 8.45 2.67879 0.871213
    endloop
  endfacet
  facet normal 0 -0.596293 0.802767
    outer loop
      vertex 8.45 2.68333 0.874943
      vertex 8.75 2.68097 0.87319
      vertex 8.75 2.68333 0.874943
    endloop
  endfacet
  facet normal 0 -0.596293 0.802767
    outer loop
      vertex 8.75 2.68097 0.87319
      vertex 8.45 2.68333 0.874943
      vertex 8.45 2.68097 0.87319
    endloop
  endfacet
  facet normal 0 -0.0492599 0.998786
    outer loop
      vertex 8.45 2.7 0.88
      vertex 8.75 2.69706 0.879855
      vertex 8.75 2.7 0.88
    endloop
  endfacet
  facet normal 0 -0.0492599 0.998786
    outer loop
      vertex 8.75 2.69706 0.879855
      vertex 8.45 2.7 0.88
      vertex 8.45 2.69706 0.879855
    endloop
  endfacet
  facet normal 0 -0.803978 0.594659
    outer loop
      vertex 8.45 2.67506 0.866666
      vertex 8.75 2.67681 0.869032
      vertex 8.45 2.67681 0.869032
    endloop
  endfacet
  facet normal 0 -0.803978 0.594659
    outer loop
      vertex 8.75 2.67681 0.869032
      vertex 8.45 2.67506 0.866666
      vertex 8.75 2.67506 0.866666
    endloop
  endfacet
  facet normal 0 -0.740401 0.672166
    outer loop
      vertex 8.45 2.67681 0.869032
      vertex 8.75 2.67879 0.871213
      vertex 8.45 2.67879 0.871213
    endloop
  endfacet
  facet normal 0 -0.740401 0.672166
    outer loop
      vertex 8.75 2.67879 0.871213
      vertex 8.45 2.67681 0.869032
      vertex 8.75 2.67681 0.869032
    endloop
  endfacet
  facet normal -0 0.596293 0.802767
    outer loop
      vertex 8.45 2.71903 0.87319
      vertex 8.75 2.71667 0.874943
      vertex 8.75 2.71903 0.87319
    endloop
  endfacet
  facet normal 0 0.596293 0.802767
    outer loop
      vertex 8.75 2.71667 0.874943
      vertex 8.45 2.71903 0.87319
      vertex 8.45 2.71667 0.874943
    endloop
  endfacet
  facet normal -0 0.513498 0.858091
    outer loop
      vertex 8.45 2.71667 0.874943
      vertex 8.75 2.71414 0.876457
      vertex 8.75 2.71667 0.874943
    endloop
  endfacet
  facet normal 0 0.513498 0.858091
    outer loop
      vertex 8.75 2.71414 0.876457
      vertex 8.45 2.71667 0.874943
      vertex 8.45 2.71414 0.876457
    endloop
  endfacet
  facet normal 0 -0.998701 0.0509541
    outer loop
      vertex 8.45 2.67 0.85
      vertex 8.75 2.67015 0.85294
      vertex 8.45 2.67015 0.85294
    endloop
  endfacet
  facet normal 0 -0.998701 0.0509541
    outer loop
      vertex 8.75 2.67015 0.85294
      vertex 8.45 2.67 0.85
      vertex 8.75 2.67 0.85
    endloop
  endfacet
  facet normal 0 -0.98928 0.146032
    outer loop
      vertex 8.45 2.67015 0.85294
      vertex 8.75 2.67058 0.855853
      vertex 8.45 2.67058 0.855853
    endloop
  endfacet
  facet normal 0 -0.98928 0.146032
    outer loop
      vertex 8.75 2.67058 0.855853
      vertex 8.45 2.67015 0.85294
      vertex 8.75 2.67015 0.85294
    endloop
  endfacet
  facet normal -0 0.0492599 0.998786
    outer loop
      vertex 8.45 2.70294 0.879855
      vertex 8.75 2.7 0.88
      vertex 8.75 2.70294 0.879855
    endloop
  endfacet
  facet normal 0 0.0492599 0.998786
    outer loop
      vertex 8.75 2.7 0.88
      vertex 8.45 2.70294 0.879855
      vertex 8.45 2.7 0.88
    endloop
  endfacet
  facet normal 0 -0.941742 0.336336
    outer loop
      vertex 8.45 2.67129 0.858708
      vertex 8.75 2.67228 0.86148
      vertex 8.45 2.67228 0.86148
    endloop
  endfacet
  facet normal 0 -0.941742 0.336336
    outer loop
      vertex 8.75 2.67228 0.86148
      vertex 8.45 2.67129 0.858708
      vertex 8.75 2.67129 0.858708
    endloop
  endfacet
  facet normal 0 0.941742 -0.336336
    outer loop
      vertex 8.75 2.72772 0.83852
      vertex 8.45 2.72871 0.841292
      vertex 8.75 2.72871 0.841292
    endloop
  endfacet
  facet normal 0 0.941742 -0.336336
    outer loop
      vertex 8.45 2.72871 0.841292
      vertex 8.75 2.72772 0.83852
      vertex 8.45 2.72772 0.83852
    endloop
  endfacet
  facet normal 0 -0.676677 -0.73628
    outer loop
      vertex 8.45 2.67879 0.828787
      vertex 8.73611 2.67921 0.828401
      vertex 8.73682 2.67879 0.828787
    endloop
  endfacet
  facet normal -1.32383e-05 -0.671773 -0.740757
    outer loop
      vertex 8.45 2.67879 0.828787
      vertex 8.73414 2.68067 0.827077
      vertex 8.73611 2.67921 0.828401
    endloop
  endfacet
  facet normal -9.60617e-05 -0.664885 -0.746946
    outer loop
      vertex 8.45 2.67879 0.828787
      vertex 8.73382 2.68097 0.82681
      vertex 8.73414 2.68067 0.827077
    endloop
  endfacet
  facet normal -0 -0.671776 -0.740754
    outer loop
      vertex 8.73382 2.68097 0.82681
      vertex 8.45 2.67879 0.828787
      vertex 8.45 2.68097 0.82681
    endloop
  endfacet
  facet normal 0.595423 -0.803413 0
    outer loop
      vertex 8.76389 2.67921 0.695
      vertex 8.76586 2.68067 0.845001
      vertex 8.76389 2.67921 0.845001
    endloop
  endfacet
  facet normal 0.595423 -0.803413 0
    outer loop
      vertex 8.76586 2.68067 0.845001
      vertex 8.76389 2.67921 0.695
      vertex 8.76586 2.68067 0.695
    endloop
  endfacet
  facet normal 0.989203 0.146549 0
    outer loop
      vertex 8.77488 2.70245 0.845001
      vertex 8.77452 2.70488 0.695
      vertex 8.77452 2.70488 0.845001
    endloop
  endfacet
  facet normal 0.989203 0.146549 0
    outer loop
      vertex 8.77452 2.70488 0.695
      vertex 8.77488 2.70245 0.845001
      vertex 8.77488 2.70245 0.695
    endloop
  endfacet
  facet normal 0.998803 0.0489209 0
    outer loop
      vertex 8.775 2.7 0.845001
      vertex 8.77488 2.70245 0.695
      vertex 8.77488 2.70245 0.845001
    endloop
  endfacet
  facet normal 0.998803 0.0489209 0
    outer loop
      vertex 8.77488 2.70245 0.695
      vertex 8.775 2.7 0.845001
      vertex 8.775 2.7 0.695
    endloop
  endfacet
  facet normal 0.969661 0.244452 0
    outer loop
      vertex 8.77452 2.70488 0.845001
      vertex 8.77392 2.70726 0.695
      vertex 8.77392 2.70726 0.845001
    endloop
  endfacet
  facet normal 0.969661 0.244452 0
    outer loop
      vertex 8.77392 2.70726 0.695
      vertex 8.77452 2.70488 0.845001
      vertex 8.77452 2.70488 0.695
    endloop
  endfacet
  facet normal 0.998803 -0.0489209 0
    outer loop
      vertex 8.77488 2.69755 0.845001
      vertex 8.775 2.7 0.695
      vertex 8.775 2.7 0.845001
    endloop
  endfacet
  facet normal 0.998803 -0.0489209 0
    outer loop
      vertex 8.775 2.7 0.695
      vertex 8.77488 2.69755 0.845001
      vertex 8.77488 2.69755 0.695
    endloop
  endfacet
  facet normal -0.42914 0.903238 0
    outer loop
      vertex 8.74043 2.7231 0.695
      vertex 8.73822 2.72205 0.829709
      vertex 8.74043 2.7231 0.830865
    endloop
  endfacet
  facet normal -0.42914 0.903238 0
    outer loop
      vertex 8.73822 2.72205 0.829709
      vertex 8.74043 2.7231 0.695
      vertex 8.73822 2.72205 0.695
    endloop
  endfacet
  facet normal 0.0489209 0.998803 0
    outer loop
      vertex 8.75245 2.72488 0.845001
      vertex 8.75 2.725 0.833427
      vertex 8.75 2.725 0.845001
    endloop
  endfacet
  facet normal 0.0489209 0.998803 -0
    outer loop
      vertex 8.75245 2.72488 0.695
      vertex 8.75 2.725 0.833427
      vertex 8.75245 2.72488 0.845001
    endloop
  endfacet
  facet normal 0.0489209 0.998803 0
    outer loop
      vertex 8.75 2.725 0.833427
      vertex 8.75245 2.72488 0.695
      vertex 8.75 2.725 0.695
    endloop
  endfacet
  facet normal -0.906183 0.422885 0
    outer loop
      vertex 8.72795 2.71178 0.695
      vertex 8.72781 2.71148 0.822284
      vertex 8.72795 2.71178 0.822428
    endloop
  endfacet
  facet normal -0.903238 0.42914 0
    outer loop
      vertex 8.7269 2.70957 0.8216
      vertex 8.72795 2.71178 0.695
      vertex 8.7269 2.70957 0.695
    endloop
  endfacet
  facet normal -0.902776 0.430111 2.07776e-05
    outer loop
      vertex 8.72795 2.71178 0.695
      vertex 8.7269 2.70957 0.8216
      vertex 8.72781 2.71148 0.822284
    endloop
  endfacet
  facet normal 0.244452 0.969661 -0
    outer loop
      vertex 8.75726 2.72392 0.695
      vertex 8.75488 2.72452 0.845001
      vertex 8.75726 2.72392 0.845001
    endloop
  endfacet
  facet normal 0.244452 0.969661 0
    outer loop
      vertex 8.75488 2.72452 0.845001
      vertex 8.75726 2.72392 0.695
      vertex 8.75488 2.72452 0.695
    endloop
  endfacet
  facet normal -0.683941 0.729537 0
    outer loop
      vertex 8.73414 2.71933 0.695
      vertex 8.73382 2.71903 0.82681
      vertex 8.73414 2.71933 0.827077
    endloop
  endfacet
  facet normal -0.66899 0.743272 6.75578e-05
    outer loop
      vertex 8.73414 2.71933 0.695
      vertex 8.73232 2.71768 0.825806
      vertex 8.73382 2.71903 0.82681
    endloop
  endfacet
  facet normal -0.671659 0.74086 0
    outer loop
      vertex 8.73232 2.71768 0.825806
      vertex 8.73414 2.71933 0.695
      vertex 8.73232 2.71768 0.695
    endloop
  endfacet
  facet normal -0.244452 -0.969661 0
    outer loop
      vertex 8.74512 2.67548 0.695
      vertex 8.74274 2.67608 0.831957
      vertex 8.74274 2.67608 0.695
    endloop
  endfacet
  facet normal -0.244452 -0.969661 0
    outer loop
      vertex 8.74274 2.67608 0.831957
      vertex 8.74512 2.67548 0.695
      vertex 8.74512 2.67548 0.832761
    endloop
  endfacet
  facet normal 0.334527 -0.942386 0
    outer loop
      vertex 8.75726 2.67608 0.695
      vertex 8.75957 2.6769 0.845001
      vertex 8.75726 2.67608 0.845001
    endloop
  endfacet
  facet normal 0.334527 -0.942386 0
    outer loop
      vertex 8.75957 2.6769 0.845001
      vertex 8.75726 2.67608 0.695
      vertex 8.75957 2.6769 0.695
    endloop
  endfacet
  facet normal -0.146549 -0.989203 0
    outer loop
      vertex 8.74755 2.67512 0.695
      vertex 8.74512 2.67548 0.832761
      vertex 8.74512 2.67548 0.695
    endloop
  endfacet
  facet normal -0.146549 -0.989203 0
    outer loop
      vertex 8.74512 2.67548 0.832761
      vertex 8.74755 2.67512 0.695
      vertex 8.74755 2.67512 0.833247
    endloop
  endfacet
  facet normal -0.512699 -0.858568 0
    outer loop
      vertex 8.73822 2.67795 0.695
      vertex 8.73611 2.67921 0.828401
      vertex 8.73611 2.67921 0.695
    endloop
  endfacet
  facet normal -0.509168 -0.860667 7.56795e-05
    outer loop
      vertex 8.73611 2.67921 0.828401
      vertex 8.73822 2.67795 0.695
      vertex 8.73682 2.67879 0.828787
    endloop
  endfacet
  facet normal -0.514496 -0.857493 0
    outer loop
      vertex 8.73682 2.67879 0.828787
      vertex 8.73822 2.67795 0.695
      vertex 8.73822 2.67795 0.829709
    endloop
  endfacet
  facet normal -0.989011 0.147842 0
    outer loop
      vertex 8.72548 2.70488 0.695
      vertex 8.72519 2.70294 0.820145
      vertex 8.72548 2.70488 0.820433
    endloop
  endfacet
  facet normal -0.989203 0.146549 0
    outer loop
      vertex 8.72512 2.70245 0.820121
      vertex 8.72548 2.70488 0.695
      vertex 8.72512 2.70245 0.695
    endloop
  endfacet
  facet normal -0.989949 0.141426 -0.000101628
    outer loop
      vertex 8.72548 2.70488 0.695
      vertex 8.72512 2.70245 0.820121
      vertex 8.72519 2.70294 0.820145
    endloop
  endfacet
  facet normal -0.803413 -0.595423 0
    outer loop
      vertex 8.73067 2.68414 0.695
      vertex 8.72921 2.68611 0.823424
      vertex 8.72921 2.68611 0.695
    endloop
  endfacet
  facet normal -0.796215 -0.605014 0.000228964
    outer loop
      vertex 8.72921 2.68611 0.823424
      vertex 8.73067 2.68414 0.695
      vertex 8.7294 2.68586 0.823543
    endloop
  endfacet
  facet normal -0.804468 -0.593996 0
    outer loop
      vertex 8.7294 2.68586 0.823543
      vertex 8.73067 2.68414 0.695
      vertex 8.73067 2.68414 0.824573
    endloop
  endfacet
  facet normal -0.42914 -0.903238 0
    outer loop
      vertex 8.74043 2.6769 0.695
      vertex 8.73822 2.67795 0.829709
      vertex 8.73822 2.67795 0.695
    endloop
  endfacet
  facet normal -0.42914 -0.903238 0
    outer loop
      vertex 8.73822 2.67795 0.829709
      vertex 8.74043 2.6769 0.695
      vertex 8.74043 2.6769 0.830865
    endloop
  endfacet
  facet normal 0.74086 0.671659 0
    outer loop
      vertex 8.76933 2.71586 0.845001
      vertex 8.76768 2.71768 0.695
      vertex 8.76768 2.71768 0.845001
    endloop
  endfacet
  facet normal 0.74086 0.671659 0
    outer loop
      vertex 8.76768 2.71768 0.695
      vertex 8.76933 2.71586 0.845001
      vertex 8.76933 2.71586 0.695
    endloop
  endfacet
  facet normal 0.989203 -0.146549 0
    outer loop
      vertex 8.77452 2.69512 0.845001
      vertex 8.77488 2.69755 0.695
      vertex 8.77488 2.69755 0.845001
    endloop
  endfacet
  facet normal 0.989203 -0.146549 0
    outer loop
      vertex 8.77488 2.69755 0.695
      vertex 8.77452 2.69512 0.845001
      vertex 8.77452 2.69512 0.695
    endloop
  endfacet
  facet normal -0.858568 -0.512699 0
    outer loop
      vertex 8.72921 2.68611 0.695
      vertex 8.72795 2.68822 0.822428
      vertex 8.72795 2.68822 0.695
    endloop
  endfacet
  facet normal -0.858568 -0.512699 0
    outer loop
      vertex 8.72795 2.68822 0.822428
      vertex 8.72921 2.68611 0.695
      vertex 8.72921 2.68611 0.823424
    endloop
  endfacet
  facet normal -0.335463 0.942053 0
    outer loop
      vertex 8.74274 2.72392 0.695
      vertex 8.74069 2.72319 0.830968
      vertex 8.74274 2.72392 0.831957
    endloop
  endfacet
  facet normal -0.32716 0.944969 0.000140831
    outer loop
      vertex 8.74274 2.72392 0.695
      vertex 8.74043 2.7231 0.830865
      vertex 8.74069 2.72319 0.830968
    endloop
  endfacet
  facet normal -0.334527 0.942386 0
    outer loop
      vertex 8.74043 2.7231 0.830865
      vertex 8.74274 2.72392 0.695
      vertex 8.74043 2.7231 0.695
    endloop
  endfacet
  facet normal -0.514496 0.857493 0
    outer loop
      vertex 8.73822 2.72205 0.695
      vertex 8.73682 2.72121 0.828787
      vertex 8.73822 2.72205 0.829709
    endloop
  endfacet
  facet normal -0.509168 0.860667 7.56795e-05
    outer loop
      vertex 8.73822 2.72205 0.695
      vertex 8.73611 2.72079 0.828401
      vertex 8.73682 2.72121 0.828787
    endloop
  endfacet
  facet normal -0.512699 0.858568 0
    outer loop
      vertex 8.73611 2.72079 0.828401
      vertex 8.73822 2.72205 0.695
      vertex 8.73611 2.72079 0.695
    endloop
  endfacet
  facet normal 0.146549 -0.989203 0
    outer loop
      vertex 8.75245 2.67512 0.695
      vertex 8.75488 2.67548 0.845001
      vertex 8.75245 2.67512 0.845001
    endloop
  endfacet
  facet normal 0.146549 -0.989203 0
    outer loop
      vertex 8.75488 2.67548 0.845001
      vertex 8.75245 2.67512 0.695
      vertex 8.75488 2.67548 0.695
    endloop
  endfacet
  facet normal -0.989203 -0.146549 0
    outer loop
      vertex 8.72548 2.69512 0.695
      vertex 8.72512 2.69755 0.820121
      vertex 8.72512 2.69755 0.695
    endloop
  endfacet
  facet normal -0.989949 -0.141426 -0.000101628
    outer loop
      vertex 8.72512 2.69755 0.820121
      vertex 8.72548 2.69512 0.695
      vertex 8.72519 2.69706 0.820145
    endloop
  endfacet
  facet normal -0.989011 -0.147842 0
    outer loop
      vertex 8.72519 2.69706 0.820145
      vertex 8.72548 2.69512 0.695
      vertex 8.72548 2.69512 0.820433
    endloop
  endfacet
  facet normal 0.969661 -0.244452 0
    outer loop
      vertex 8.77392 2.69274 0.845001
      vertex 8.77452 2.69512 0.695
      vertex 8.77452 2.69512 0.845001
    endloop
  endfacet
  facet normal 0.969661 -0.244452 0
    outer loop
      vertex 8.77452 2.69512 0.695
      vertex 8.77392 2.69274 0.845001
      vertex 8.77392 2.69274 0.695
    endloop
  endfacet
  facet normal 0.671659 0.74086 -0
    outer loop
      vertex 8.76768 2.71768 0.695
      vertex 8.76586 2.71933 0.845001
      vertex 8.76768 2.71768 0.845001
    endloop
  endfacet
  facet normal 0.671659 0.74086 0
    outer loop
      vertex 8.76586 2.71933 0.845001
      vertex 8.76768 2.71768 0.695
      vertex 8.76586 2.71933 0.695
    endloop
  endfacet
  facet normal -0.998803 0.0489209 0
    outer loop
      vertex 8.725 2.7 0.82
      vertex 8.72512 2.70245 0.695
      vertex 8.725 2.7 0.695
    endloop
  endfacet
  facet normal -0.998803 0.0489209 0
    outer loop
      vertex 8.72512 2.70245 0.695
      vertex 8.725 2.7 0.82
      vertex 8.72512 2.70245 0.820121
    endloop
  endfacet
  facet normal 0.0489209 -0.998803 0
    outer loop
      vertex 8.75 2.675 0.833427
      vertex 8.75245 2.67512 0.845001
      vertex 8.75 2.675 0.845001
    endloop
  endfacet
  facet normal 0.0489209 -0.998803 0
    outer loop
      vertex 8.75245 2.67512 0.695
      vertex 8.75 2.675 0.833427
      vertex 8.75 2.675 0.695
    endloop
  endfacet
  facet normal 0.0489209 -0.998803 0
    outer loop
      vertex 8.75 2.675 0.833427
      vertex 8.75245 2.67512 0.695
      vertex 8.75245 2.67512 0.845001
    endloop
  endfacet
  facet normal 0.903238 0.42914 0
    outer loop
      vertex 8.7731 2.70957 0.845001
      vertex 8.77205 2.71178 0.695
      vertex 8.77205 2.71178 0.845001
    endloop
  endfacet
  facet normal 0.903238 0.42914 0
    outer loop
      vertex 8.77205 2.71178 0.695
      vertex 8.7731 2.70957 0.845001
      vertex 8.7731 2.70957 0.695
    endloop
  endfacet
  facet normal 0.42914 -0.903238 0
    outer loop
      vertex 8.75957 2.6769 0.695
      vertex 8.76178 2.67795 0.845001
      vertex 8.75957 2.6769 0.845001
    endloop
  endfacet
  facet normal 0.42914 -0.903238 0
    outer loop
      vertex 8.76178 2.67795 0.845001
      vertex 8.75957 2.6769 0.695
      vertex 8.76178 2.67795 0.695
    endloop
  endfacet
  facet normal 0.803413 0.595423 0
    outer loop
      vertex 8.77079 2.71389 0.845001
      vertex 8.76933 2.71586 0.695
      vertex 8.76933 2.71586 0.845001
    endloop
  endfacet
  facet normal 0.803413 0.595423 0
    outer loop
      vertex 8.76933 2.71586 0.695
      vertex 8.77079 2.71389 0.845001
      vertex 8.77079 2.71389 0.695
    endloop
  endfacet
  facet normal -0.244452 0.969661 0
    outer loop
      vertex 8.74512 2.72452 0.695
      vertex 8.74274 2.72392 0.831957
      vertex 8.74512 2.72452 0.832761
    endloop
  endfacet
  facet normal -0.244452 0.969661 0
    outer loop
      vertex 8.74274 2.72392 0.831957
      vertex 8.74512 2.72452 0.695
      vertex 8.74274 2.72392 0.695
    endloop
  endfacet
  facet normal -0.74086 -0.671659 0
    outer loop
      vertex 8.73232 2.68232 0.695
      vertex 8.73067 2.68414 0.824573
      vertex 8.73067 2.68414 0.695
    endloop
  endfacet
  facet normal -0.73831 -0.674462 7.18532e-05
    outer loop
      vertex 8.73067 2.68414 0.824573
      vertex 8.73232 2.68232 0.695
      vertex 8.73141 2.68333 0.825057
    endloop
  endfacet
  facet normal -0.742928 -0.669371 0
    outer loop
      vertex 8.73141 2.68333 0.825057
      vertex 8.73232 2.68232 0.695
      vertex 8.73232 2.68232 0.825806
    endloop
  endfacet
  facet normal -0.998803 -0.0489209 0
    outer loop
      vertex 8.72512 2.69755 0.695
      vertex 8.725 2.7 0.82
      vertex 8.725 2.7 0.695
    endloop
  endfacet
  facet normal -0.998803 -0.0489209 0
    outer loop
      vertex 8.725 2.7 0.82
      vertex 8.72512 2.69755 0.695
      vertex 8.72512 2.69755 0.820121
    endloop
  endfacet
  facet normal -0.942386 -0.334527 0
    outer loop
      vertex 8.7269 2.69043 0.695
      vertex 8.72608 2.69274 0.820929
      vertex 8.72608 2.69274 0.695
    endloop
  endfacet
  facet normal -0.943346 -0.331812 -5.60542e-05
    outer loop
      vertex 8.72608 2.69274 0.820929
      vertex 8.7269 2.69043 0.695
      vertex 8.72659 2.69129 0.821293
    endloop
  endfacet
  facet normal -0.940748 -0.339107 0
    outer loop
      vertex 8.72659 2.69129 0.821293
      vertex 8.7269 2.69043 0.695
      vertex 8.7269 2.69043 0.8216
    endloop
  endfacet
  facet normal 0 0 1
    outer loop
      vertex 8.77488 2.70245 0.845001
      vertex 8.77488 2.69755 0.845001
      vertex 8.775 2.7 0.845001
    endloop
  endfacet
  facet normal 0 0 1
    outer loop
      vertex 8.77452 2.70488 0.845001
      vertex 8.77488 2.69755 0.845001
      vertex 8.77488 2.70245 0.845001
    endloop
  endfacet
  facet normal 0 0 1
    outer loop
      vertex 8.77452 2.70488 0.845001
      vertex 8.77452 2.69512 0.845001
      vertex 8.77488 2.69755 0.845001
    endloop
  endfacet
  facet normal 0 0 1
    outer loop
      vertex 8.77392 2.70726 0.845001
      vertex 8.77452 2.69512 0.845001
      vertex 8.77452 2.70488 0.845001
    endloop
  endfacet
  facet normal 0 0 1
    outer loop
      vertex 8.77392 2.70726 0.845001
      vertex 8.77392 2.69274 0.845001
      vertex 8.77452 2.69512 0.845001
    endloop
  endfacet
  facet normal 0 0 1
    outer loop
      vertex 8.7731 2.70957 0.845001
      vertex 8.77392 2.69274 0.845001
      vertex 8.77392 2.70726 0.845001
    endloop
  endfacet
  facet normal 0 0 1
    outer loop
      vertex 8.7731 2.70957 0.845001
      vertex 8.7731 2.69043 0.845001
      vertex 8.77392 2.69274 0.845001
    endloop
  endfacet
  facet normal 0 0 1
    outer loop
      vertex 8.77205 2.71178 0.845001
      vertex 8.7731 2.69043 0.845001
      vertex 8.7731 2.70957 0.845001
    endloop
  endfacet
  facet normal 0 0 1
    outer loop
      vertex 8.77205 2.71178 0.845001
      vertex 8.77205 2.68822 0.845001
      vertex 8.7731 2.69043 0.845001
    endloop
  endfacet
  facet normal 0 0 1
    outer loop
      vertex 8.77079 2.71389 0.845001
      vertex 8.77205 2.68822 0.845001
      vertex 8.77205 2.71178 0.845001
    endloop
  endfacet
  facet normal 0 0 1
    outer loop
      vertex 8.77079 2.71389 0.845001
      vertex 8.77079 2.68611 0.845001
      vertex 8.77205 2.68822 0.845001
    endloop
  endfacet
  facet normal 0 0 1
    outer loop
      vertex 8.76933 2.71586 0.845001
      vertex 8.77079 2.68611 0.845001
      vertex 8.77079 2.71389 0.845001
    endloop
  endfacet
  facet normal 0 0 1
    outer loop
      vertex 8.76933 2.71586 0.845001
      vertex 8.76933 2.68414 0.845001
      vertex 8.77079 2.68611 0.845001
    endloop
  endfacet
  facet normal 0 0 1
    outer loop
      vertex 8.76768 2.71768 0.845001
      vertex 8.76933 2.68414 0.845001
      vertex 8.76933 2.71586 0.845001
    endloop
  endfacet
  facet normal 0 0 1
    outer loop
      vertex 8.76768 2.71768 0.845001
      vertex 8.76768 2.68232 0.845001
      vertex 8.76933 2.68414 0.845001
    endloop
  endfacet
  facet normal 0 0 1
    outer loop
      vertex 8.76586 2.71933 0.845001
      vertex 8.76768 2.68232 0.845001
      vertex 8.76768 2.71768 0.845001
    endloop
  endfacet
  facet normal 0 0 1
    outer loop
      vertex 8.76586 2.71933 0.845001
      vertex 8.76586 2.68067 0.845001
      vertex 8.76768 2.68232 0.845001
    endloop
  endfacet
  facet normal 0 0 1
    outer loop
      vertex 8.76389 2.72079 0.845001
      vertex 8.76586 2.68067 0.845001
      vertex 8.76586 2.71933 0.845001
    endloop
  endfacet
  facet normal 0 0 1
    outer loop
      vertex 8.76389 2.72079 0.845001
      vertex 8.76389 2.67921 0.845001
      vertex 8.76586 2.68067 0.845001
    endloop
  endfacet
  facet normal 0 0 1
    outer loop
      vertex 8.76178 2.72205 0.845001
      vertex 8.76389 2.67921 0.845001
      vertex 8.76389 2.72079 0.845001
    endloop
  endfacet
  facet normal 0 0 1
    outer loop
      vertex 8.76178 2.72205 0.845001
      vertex 8.76178 2.67795 0.845001
      vertex 8.76389 2.67921 0.845001
    endloop
  endfacet
  facet normal 0 0 1
    outer loop
      vertex 8.75957 2.7231 0.845001
      vertex 8.76178 2.67795 0.845001
      vertex 8.76178 2.72205 0.845001
    endloop
  endfacet
  facet normal 0 0 1
    outer loop
      vertex 8.75957 2.7231 0.845001
      vertex 8.75957 2.6769 0.845001
      vertex 8.76178 2.67795 0.845001
    endloop
  endfacet
  facet normal 0 0 1
    outer loop
      vertex 8.75726 2.72392 0.845001
      vertex 8.75957 2.6769 0.845001
      vertex 8.75957 2.7231 0.845001
    endloop
  endfacet
  facet normal 0 0 1
    outer loop
      vertex 8.75726 2.72392 0.845001
      vertex 8.75726 2.67608 0.845001
      vertex 8.75957 2.6769 0.845001
    endloop
  endfacet
  facet normal 0 0 1
    outer loop
      vertex 8.75488 2.72452 0.845001
      vertex 8.75726 2.67608 0.845001
      vertex 8.75726 2.72392 0.845001
    endloop
  endfacet
  facet normal 0 0 1
    outer loop
      vertex 8.75488 2.72452 0.845001
      vertex 8.75488 2.67548 0.845001
      vertex 8.75726 2.67608 0.845001
    endloop
  endfacet
  facet normal 0 0 1
    outer loop
      vertex 8.75245 2.72488 0.845001
      vertex 8.75488 2.67548 0.845001
      vertex 8.75488 2.72452 0.845001
    endloop
  endfacet
  facet normal 0 0 1
    outer loop
      vertex 8.75245 2.72488 0.845001
      vertex 8.75245 2.67512 0.845001
      vertex 8.75488 2.67548 0.845001
    endloop
  endfacet
  facet normal 0 0 1
    outer loop
      vertex 8.75 2.725 0.845001
      vertex 8.75245 2.67512 0.845001
      vertex 8.75245 2.72488 0.845001
    endloop
  endfacet
  facet normal 0 0 1
    outer loop
      vertex 8.75245 2.67512 0.845001
      vertex 8.75 2.725 0.845001
      vertex 8.75 2.675 0.845001
    endloop
  endfacet
  facet normal 0.595423 0.803413 -0
    outer loop
      vertex 8.76586 2.71933 0.695
      vertex 8.76389 2.72079 0.845001
      vertex 8.76586 2.71933 0.845001
    endloop
  endfacet
  facet normal 0.595423 0.803413 0
    outer loop
      vertex 8.76389 2.72079 0.845001
      vertex 8.76586 2.71933 0.695
      vertex 8.76389 2.72079 0.695
    endloop
  endfacet
  facet normal 0.42914 0.903238 -0
    outer loop
      vertex 8.76178 2.72205 0.695
      vertex 8.75957 2.7231 0.845001
      vertex 8.76178 2.72205 0.845001
    endloop
  endfacet
  facet normal 0.42914 0.903238 0
    outer loop
      vertex 8.75957 2.7231 0.845001
      vertex 8.76178 2.72205 0.695
      vertex 8.75957 2.7231 0.695
    endloop
  endfacet
  facet normal 0.512699 0.858568 -0
    outer loop
      vertex 8.76389 2.72079 0.695
      vertex 8.76178 2.72205 0.845001
      vertex 8.76389 2.72079 0.845001
    endloop
  endfacet
  facet normal 0.512699 0.858568 0
    outer loop
      vertex 8.76178 2.72205 0.845001
      vertex 8.76389 2.72079 0.695
      vertex 8.76178 2.72205 0.695
    endloop
  endfacet
  facet normal 0.942386 0.334527 0
    outer loop
      vertex 8.77392 2.70726 0.845001
      vertex 8.7731 2.70957 0.695
      vertex 8.7731 2.70957 0.845001
    endloop
  endfacet
  facet normal 0.942386 0.334527 0
    outer loop
      vertex 8.7731 2.70957 0.695
      vertex 8.77392 2.70726 0.845001
      vertex 8.77392 2.70726 0.695
    endloop
  endfacet
  facet normal 0.334527 0.942386 -0
    outer loop
      vertex 8.75957 2.7231 0.695
      vertex 8.75726 2.72392 0.845001
      vertex 8.75957 2.7231 0.845001
    endloop
  endfacet
  facet normal 0.334527 0.942386 0
    outer loop
      vertex 8.75726 2.72392 0.845001
      vertex 8.75957 2.7231 0.695
      vertex 8.75726 2.72392 0.695
    endloop
  endfacet
  facet normal -0.742928 0.669371 0
    outer loop
      vertex 8.73232 2.71768 0.695
      vertex 8.73141 2.71667 0.825057
      vertex 8.73232 2.71768 0.825806
    endloop
  endfacet
  facet normal -0.74086 0.671659 0
    outer loop
      vertex 8.73067 2.71586 0.824573
      vertex 8.73232 2.71768 0.695
      vertex 8.73067 2.71586 0.695
    endloop
  endfacet
  facet normal -0.73831 0.674462 7.18532e-05
    outer loop
      vertex 8.73232 2.71768 0.695
      vertex 8.73067 2.71586 0.824573
      vertex 8.73141 2.71667 0.825057
    endloop
  endfacet
  facet normal 0.512699 -0.858568 0
    outer loop
      vertex 8.76178 2.67795 0.695
      vertex 8.76389 2.67921 0.845001
      vertex 8.76178 2.67795 0.845001
    endloop
  endfacet
  facet normal 0.512699 -0.858568 0
    outer loop
      vertex 8.76389 2.67921 0.845001
      vertex 8.76178 2.67795 0.695
      vertex 8.76389 2.67921 0.695
    endloop
  endfacet
  facet normal -0.595423 -0.803413 0
    outer loop
      vertex 8.73611 2.67921 0.695
      vertex 8.73414 2.68067 0.827077
      vertex 8.73414 2.68067 0.695
    endloop
  endfacet
  facet normal -0.595423 -0.803413 0
    outer loop
      vertex 8.73414 2.68067 0.827077
      vertex 8.73611 2.67921 0.695
      vertex 8.73611 2.67921 0.828401
    endloop
  endfacet
  facet normal -0.858568 0.512699 0
    outer loop
      vertex 8.72795 2.71178 0.822428
      vertex 8.72921 2.71389 0.695
      vertex 8.72795 2.71178 0.695
    endloop
  endfacet
  facet normal -0.858568 0.512699 0
    outer loop
      vertex 8.72921 2.71389 0.695
      vertex 8.72795 2.71178 0.822428
      vertex 8.72921 2.71389 0.823424
    endloop
  endfacet
  facet normal -0.0489209 -0.998803 0
    outer loop
      vertex 8.75 2.675 0.695
      vertex 8.74755 2.67512 0.833247
      vertex 8.74755 2.67512 0.695
    endloop
  endfacet
  facet normal -0.0461081 -0.998936 4.99651e-05
    outer loop
      vertex 8.74755 2.67512 0.833247
      vertex 8.75 2.675 0.695
      vertex 8.74885 2.67506 0.833334
    endloop
  endfacet
  facet normal -0.052103 -0.998642 0
    outer loop
      vertex 8.74885 2.67506 0.833334
      vertex 8.75 2.675 0.695
      vertex 8.75 2.675 0.833427
    endloop
  endfacet
  facet normal 0.858568 0.512699 0
    outer loop
      vertex 8.77205 2.71178 0.845001
      vertex 8.77079 2.71389 0.695
      vertex 8.77079 2.71389 0.845001
    endloop
  endfacet
  facet normal 0.858568 0.512699 0
    outer loop
      vertex 8.77079 2.71389 0.695
      vertex 8.77205 2.71178 0.845001
      vertex 8.77205 2.71178 0.695
    endloop
  endfacet
  facet normal 0.803413 -0.595423 0
    outer loop
      vertex 8.76933 2.68414 0.845001
      vertex 8.77079 2.68611 0.695
      vertex 8.77079 2.68611 0.845001
    endloop
  endfacet
  facet normal 0.803413 -0.595423 0
    outer loop
      vertex 8.77079 2.68611 0.695
      vertex 8.76933 2.68414 0.845001
      vertex 8.76933 2.68414 0.695
    endloop
  endfacet
  facet normal -0.804468 0.593996 0
    outer loop
      vertex 8.73067 2.71586 0.695
      vertex 8.7294 2.71414 0.823543
      vertex 8.73067 2.71586 0.824573
    endloop
  endfacet
  facet normal -0.803413 0.595423 0
    outer loop
      vertex 8.72921 2.71389 0.823424
      vertex 8.73067 2.71586 0.695
      vertex 8.72921 2.71389 0.695
    endloop
  endfacet
  facet normal -0.796215 0.605014 0.000228964
    outer loop
      vertex 8.73067 2.71586 0.695
      vertex 8.72921 2.71389 0.823424
      vertex 8.7294 2.71414 0.823543
    endloop
  endfacet
  facet normal -0.146549 0.989203 0
    outer loop
      vertex 8.74755 2.72488 0.695
      vertex 8.74512 2.72452 0.832761
      vertex 8.74755 2.72488 0.833247
    endloop
  endfacet
  facet normal -0.146549 0.989203 0
    outer loop
      vertex 8.74512 2.72452 0.832761
      vertex 8.74755 2.72488 0.695
      vertex 8.74512 2.72452 0.695
    endloop
  endfacet
  facet normal -0.968918 0.247383 0
    outer loop
      vertex 8.72608 2.70726 0.695
      vertex 8.72572 2.70585 0.820577
      vertex 8.72608 2.70726 0.820929
    endloop
  endfacet
  facet normal -0.969661 0.244452 0
    outer loop
      vertex 8.72548 2.70488 0.820433
      vertex 8.72608 2.70726 0.695
      vertex 8.72548 2.70488 0.695
    endloop
  endfacet
  facet normal -0.970725 0.240192 -8.59241e-05
    outer loop
      vertex 8.72608 2.70726 0.695
      vertex 8.72548 2.70488 0.820433
      vertex 8.72572 2.70585 0.820577
    endloop
  endfacet
  facet normal -0.969661 -0.244452 0
    outer loop
      vertex 8.72608 2.69274 0.695
      vertex 8.72548 2.69512 0.820433
      vertex 8.72548 2.69512 0.695
    endloop
  endfacet
  facet normal -0.970725 -0.240192 -8.59241e-05
    outer loop
      vertex 8.72548 2.69512 0.820433
      vertex 8.72608 2.69274 0.695
      vertex 8.72572 2.69415 0.820577
    endloop
  endfacet
  facet normal -0.968918 -0.247383 0
    outer loop
      vertex 8.72572 2.69415 0.820577
      vertex 8.72608 2.69274 0.695
      vertex 8.72608 2.69274 0.820929
    endloop
  endfacet
  facet normal 0.74086 -0.671659 0
    outer loop
      vertex 8.76768 2.68232 0.845001
      vertex 8.76933 2.68414 0.695
      vertex 8.76933 2.68414 0.845001
    endloop
  endfacet
  facet normal 0.74086 -0.671659 0
    outer loop
      vertex 8.76933 2.68414 0.695
      vertex 8.76768 2.68232 0.845001
      vertex 8.76768 2.68232 0.695
    endloop
  endfacet
  facet normal 0.942386 -0.334527 0
    outer loop
      vertex 8.7731 2.69043 0.845001
      vertex 8.77392 2.69274 0.695
      vertex 8.77392 2.69274 0.845001
    endloop
  endfacet
  facet normal 0.942386 -0.334527 0
    outer loop
      vertex 8.77392 2.69274 0.695
      vertex 8.7731 2.69043 0.845001
      vertex 8.7731 2.69043 0.695
    endloop
  endfacet
  facet normal 0.858568 -0.512699 0
    outer loop
      vertex 8.77079 2.68611 0.845001
      vertex 8.77205 2.68822 0.695
      vertex 8.77205 2.68822 0.845001
    endloop
  endfacet
  facet normal 0.858568 -0.512699 0
    outer loop
      vertex 8.77205 2.68822 0.695
      vertex 8.77079 2.68611 0.845001
      vertex 8.77079 2.68611 0.695
    endloop
  endfacet
  facet normal 0.244452 -0.969661 0
    outer loop
      vertex 8.75488 2.67548 0.695
      vertex 8.75726 2.67608 0.845001
      vertex 8.75488 2.67548 0.845001
    endloop
  endfacet
  facet normal 0.244452 -0.969661 0
    outer loop
      vertex 8.75726 2.67608 0.845001
      vertex 8.75488 2.67548 0.695
      vertex 8.75726 2.67608 0.695
    endloop
  endfacet
  facet normal -0.052103 0.998642 0
    outer loop
      vertex 8.75 2.725 0.695
      vertex 8.74885 2.72494 0.833334
      vertex 8.75 2.725 0.833427
    endloop
  endfacet
  facet normal -0.0461081 0.998936 4.99651e-05
    outer loop
      vertex 8.75 2.725 0.695
      vertex 8.74755 2.72488 0.833247
      vertex 8.74885 2.72494 0.833334
    endloop
  endfacet
  facet normal -0.0489209 0.998803 0
    outer loop
      vertex 8.74755 2.72488 0.833247
      vertex 8.75 2.725 0.695
      vertex 8.74755 2.72488 0.695
    endloop
  endfacet
  facet normal 0.903238 -0.42914 0
    outer loop
      vertex 8.77205 2.68822 0.845001
      vertex 8.7731 2.69043 0.695
      vertex 8.7731 2.69043 0.845001
    endloop
  endfacet
  facet normal 0.903238 -0.42914 0
    outer loop
      vertex 8.7731 2.69043 0.695
      vertex 8.77205 2.68822 0.845001
      vertex 8.77205 2.68822 0.695
    endloop
  endfacet
  facet normal -0.940748 0.339107 0
    outer loop
      vertex 8.7269 2.70957 0.695
      vertex 8.72659 2.70871 0.821293
      vertex 8.7269 2.70957 0.8216
    endloop
  endfacet
  facet normal -0.942386 0.334527 0
    outer loop
      vertex 8.72608 2.70726 0.820929
      vertex 8.7269 2.70957 0.695
      vertex 8.72608 2.70726 0.695
    endloop
  endfacet
  facet normal -0.943346 0.331812 -5.60542e-05
    outer loop
      vertex 8.7269 2.70957 0.695
      vertex 8.72608 2.70726 0.820929
      vertex 8.72659 2.70871 0.821293
    endloop
  endfacet
  facet normal -0.595423 0.803413 0
    outer loop
      vertex 8.73611 2.72079 0.695
      vertex 8.73414 2.71933 0.827077
      vertex 8.73611 2.72079 0.828401
    endloop
  endfacet
  facet normal -0.595423 0.803413 0
    outer loop
      vertex 8.73414 2.71933 0.827077
      vertex 8.73611 2.72079 0.695
      vertex 8.73414 2.71933 0.695
    endloop
  endfacet
  facet normal 0.671659 -0.74086 0
    outer loop
      vertex 8.76586 2.68067 0.695
      vertex 8.76768 2.68232 0.845001
      vertex 8.76586 2.68067 0.845001
    endloop
  endfacet
  facet normal 0.671659 -0.74086 0
    outer loop
      vertex 8.76768 2.68232 0.845001
      vertex 8.76586 2.68067 0.695
      vertex 8.76768 2.68232 0.695
    endloop
  endfacet
  facet normal -0.671659 -0.74086 0
    outer loop
      vertex 8.73414 2.68067 0.695
      vertex 8.73232 2.68232 0.825806
      vertex 8.73232 2.68232 0.695
    endloop
  endfacet
  facet normal -0.66899 -0.743272 6.75578e-05
    outer loop
      vertex 8.73232 2.68232 0.825806
      vertex 8.73414 2.68067 0.695
      vertex 8.73382 2.68097 0.82681
    endloop
  endfacet
  facet normal -0.683941 -0.729537 0
    outer loop
      vertex 8.73382 2.68097 0.82681
      vertex 8.73414 2.68067 0.695
      vertex 8.73414 2.68067 0.827077
    endloop
  endfacet
  facet normal -0.903238 -0.42914 0
    outer loop
      vertex 8.72795 2.68822 0.695
      vertex 8.7269 2.69043 0.8216
      vertex 8.7269 2.69043 0.695
    endloop
  endfacet
  facet normal -0.902776 -0.430111 2.07776e-05
    outer loop
      vertex 8.7269 2.69043 0.8216
      vertex 8.72795 2.68822 0.695
      vertex 8.72781 2.68852 0.822284
    endloop
  endfacet
  facet normal -0.906183 -0.422885 0
    outer loop
      vertex 8.72781 2.68852 0.822284
      vertex 8.72795 2.68822 0.695
      vertex 8.72795 2.68822 0.822428
    endloop
  endfacet
  facet normal -0.334527 -0.942386 0
    outer loop
      vertex 8.74274 2.67608 0.695
      vertex 8.74043 2.6769 0.830865
      vertex 8.74043 2.6769 0.695
    endloop
  endfacet
  facet normal -0.32716 -0.944969 0.000140831
    outer loop
      vertex 8.74043 2.6769 0.830865
      vertex 8.74274 2.67608 0.695
      vertex 8.74069 2.67681 0.830968
    endloop
  endfacet
  facet normal -0.335463 -0.942053 0
    outer loop
      vertex 8.74069 2.67681 0.830968
      vertex 8.74274 2.67608 0.695
      vertex 8.74274 2.67608 0.831957
    endloop
  endfacet
  facet normal 0.146549 0.989203 -0
    outer loop
      vertex 8.75488 2.72452 0.695
      vertex 8.75245 2.72488 0.845001
      vertex 8.75488 2.72452 0.845001
    endloop
  endfacet
  facet normal 0.146549 0.989203 0
    outer loop
      vertex 8.75245 2.72488 0.845001
      vertex 8.75488 2.72452 0.695
      vertex 8.75245 2.72488 0.695
    endloop
  endfacet
  facet normal 0 0 -1
    outer loop
      vertex 8.77488 2.69755 0.695
      vertex 8.77488 2.70245 0.695
      vertex 8.775 2.7 0.695
    endloop
  endfacet
  facet normal 0 0 -1
    outer loop
      vertex 8.77452 2.69512 0.695
      vertex 8.77488 2.70245 0.695
      vertex 8.77488 2.69755 0.695
    endloop
  endfacet
  facet normal 0 0 -1
    outer loop
      vertex 8.77452 2.69512 0.695
      vertex 8.77452 2.70488 0.695
      vertex 8.77488 2.70245 0.695
    endloop
  endfacet
  facet normal 0 0 -1
    outer loop
      vertex 8.77392 2.69274 0.695
      vertex 8.77452 2.70488 0.695
      vertex 8.77452 2.69512 0.695
    endloop
  endfacet
  facet normal 0 0 -1
    outer loop
      vertex 8.77392 2.69274 0.695
      vertex 8.77392 2.70726 0.695
      vertex 8.77452 2.70488 0.695
    endloop
  endfacet
  facet normal 0 0 -1
    outer loop
      vertex 8.7731 2.69043 0.695
      vertex 8.77392 2.70726 0.695
      vertex 8.77392 2.69274 0.695
    endloop
  endfacet
  facet normal 0 0 -1
    outer loop
      vertex 8.7731 2.69043 0.695
      vertex 8.7731 2.70957 0.695
      vertex 8.77392 2.70726 0.695
    endloop
  endfacet
  facet normal 0 0 -1
    outer loop
      vertex 8.77205 2.68822 0.695
      vertex 8.7731 2.70957 0.695
      vertex 8.7731 2.69043 0.695
    endloop
  endfacet
  facet normal 0 0 -1
    outer loop
      vertex 8.77205 2.68822 0.695
      vertex 8.77205 2.71178 0.695
      vertex 8.7731 2.70957 0.695
    endloop
  endfacet
  facet normal 0 0 -1
    outer loop
      vertex 8.77079 2.68611 0.695
      vertex 8.77205 2.71178 0.695
      vertex 8.77205 2.68822 0.695
    endloop
  endfacet
  facet normal 0 0 -1
    outer loop
      vertex 8.77079 2.68611 0.695
      vertex 8.77079 2.71389 0.695
      vertex 8.77205 2.71178 0.695
    endloop
  endfacet
  facet normal 0 0 -1
    outer loop
      vertex 8.76933 2.68414 0.695
      vertex 8.77079 2.71389 0.695
      vertex 8.77079 2.68611 0.695
    endloop
  endfacet
  facet normal 0 0 -1
    outer loop
      vertex 8.76933 2.68414 0.695
      vertex 8.76933 2.71586 0.695
      vertex 8.77079 2.71389 0.695
    endloop
  endfacet
  facet normal 0 0 -1
    outer loop
      vertex 8.76768 2.68232 0.695
      vertex 8.76933 2.71586 0.695
      vertex 8.76933 2.68414 0.695
    endloop
  endfacet
  facet normal 0 0 -1
    outer loop
      vertex 8.76768 2.68232 0.695
      vertex 8.76768 2.71768 0.695
      vertex 8.76933 2.71586 0.695
    endloop
  endfacet
  facet normal 0 0 -1
    outer loop
      vertex 8.76586 2.68067 0.695
      vertex 8.76768 2.71768 0.695
      vertex 8.76768 2.68232 0.695
    endloop
  endfacet
  facet normal 0 0 -1
    outer loop
      vertex 8.76586 2.68067 0.695
      vertex 8.76586 2.71933 0.695
      vertex 8.76768 2.71768 0.695
    endloop
  endfacet
  facet normal 0 0 -1
    outer loop
      vertex 8.76389 2.67921 0.695
      vertex 8.76586 2.71933 0.695
      vertex 8.76586 2.68067 0.695
    endloop
  endfacet
  facet normal 0 0 -1
    outer loop
      vertex 8.76389 2.67921 0.695
      vertex 8.76389 2.72079 0.695
      vertex 8.76586 2.71933 0.695
    endloop
  endfacet
  facet normal 0 0 -1
    outer loop
      vertex 8.76178 2.67795 0.695
      vertex 8.76389 2.72079 0.695
      vertex 8.76389 2.67921 0.695
    endloop
  endfacet
  facet normal 0 0 -1
    outer loop
      vertex 8.76178 2.67795 0.695
      vertex 8.76178 2.72205 0.695
      vertex 8.76389 2.72079 0.695
    endloop
  endfacet
  facet normal 0 0 -1
    outer loop
      vertex 8.75957 2.6769 0.695
      vertex 8.76178 2.72205 0.695
      vertex 8.76178 2.67795 0.695
    endloop
  endfacet
  facet normal 0 0 -1
    outer loop
      vertex 8.75957 2.6769 0.695
      vertex 8.75957 2.7231 0.695
      vertex 8.76178 2.72205 0.695
    endloop
  endfacet
  facet normal 0 0 -1
    outer loop
      vertex 8.75726 2.67608 0.695
      vertex 8.75957 2.7231 0.695
      vertex 8.75957 2.6769 0.695
    endloop
  endfacet
  facet normal 0 0 -1
    outer loop
      vertex 8.75726 2.67608 0.695
      vertex 8.75726 2.72392 0.695
      vertex 8.75957 2.7231 0.695
    endloop
  endfacet
  facet normal 0 0 -1
    outer loop
      vertex 8.75488 2.67548 0.695
      vertex 8.75726 2.72392 0.695
      vertex 8.75726 2.67608 0.695
    endloop
  endfacet
  facet normal 0 0 -1
    outer loop
      vertex 8.75488 2.67548 0.695
      vertex 8.75488 2.72452 0.695
      vertex 8.75726 2.72392 0.695
    endloop
  endfacet
  facet normal 0 0 -1
    outer loop
      vertex 8.75245 2.67512 0.695
      vertex 8.75488 2.72452 0.695
      vertex 8.75488 2.67548 0.695
    endloop
  endfacet
  facet normal 0 0 -1
    outer loop
      vertex 8.75245 2.67512 0.695
      vertex 8.75245 2.72488 0.695
      vertex 8.75488 2.72452 0.695
    endloop
  endfacet
  facet normal 0 0 -1
    outer loop
      vertex 8.75 2.675 0.695
      vertex 8.75245 2.72488 0.695
      vertex 8.75245 2.67512 0.695
    endloop
  endfacet
  facet normal 0 0 -1
    outer loop
      vertex 8.75 2.675 0.695
      vertex 8.75 2.725 0.695
      vertex 8.75245 2.72488 0.695
    endloop
  endfacet
  facet normal 0 0 -1
    outer loop
      vertex 8.74755 2.67512 0.695
      vertex 8.75 2.725 0.695
      vertex 8.75 2.675 0.695
    endloop
  endfacet
  facet normal 0 0 -1
    outer loop
      vertex 8.74755 2.67512 0.695
      vertex 8.74755 2.72488 0.695
      vertex 8.75 2.725 0.695
    endloop
  endfacet
  facet normal 0 0 -1
    outer loop
      vertex 8.74512 2.67548 0.695
      vertex 8.74755 2.72488 0.695
      vertex 8.74755 2.67512 0.695
    endloop
  endfacet
  facet normal 0 0 -1
    outer loop
      vertex 8.74512 2.67548 0.695
      vertex 8.74512 2.72452 0.695
      vertex 8.74755 2.72488 0.695
    endloop
  endfacet
  facet normal 0 0 -1
    outer loop
      vertex 8.74274 2.67608 0.695
      vertex 8.74512 2.72452 0.695
      vertex 8.74512 2.67548 0.695
    endloop
  endfacet
  facet normal 0 0 -1
    outer loop
      vertex 8.74274 2.67608 0.695
      vertex 8.74274 2.72392 0.695
      vertex 8.74512 2.72452 0.695
    endloop
  endfacet
  facet normal 0 0 -1
    outer loop
      vertex 8.74043 2.6769 0.695
      vertex 8.74274 2.72392 0.695
      vertex 8.74274 2.67608 0.695
    endloop
  endfacet
  facet normal 0 0 -1
    outer loop
      vertex 8.74043 2.6769 0.695
      vertex 8.74043 2.7231 0.695
      vertex 8.74274 2.72392 0.695
    endloop
  endfacet
  facet normal 0 0 -1
    outer loop
      vertex 8.73822 2.67795 0.695
      vertex 8.74043 2.7231 0.695
      vertex 8.74043 2.6769 0.695
    endloop
  endfacet
  facet normal 0 0 -1
    outer loop
      vertex 8.73822 2.67795 0.695
      vertex 8.73822 2.72205 0.695
      vertex 8.74043 2.7231 0.695
    endloop
  endfacet
  facet normal 0 0 -1
    outer loop
      vertex 8.73611 2.67921 0.695
      vertex 8.73822 2.72205 0.695
      vertex 8.73822 2.67795 0.695
    endloop
  endfacet
  facet normal 0 0 -1
    outer loop
      vertex 8.73611 2.67921 0.695
      vertex 8.73611 2.72079 0.695
      vertex 8.73822 2.72205 0.695
    endloop
  endfacet
  facet normal 0 0 -1
    outer loop
      vertex 8.73414 2.68067 0.695
      vertex 8.73611 2.72079 0.695
      vertex 8.73611 2.67921 0.695
    endloop
  endfacet
  facet normal 0 0 -1
    outer loop
      vertex 8.73414 2.68067 0.695
      vertex 8.73414 2.71933 0.695
      vertex 8.73611 2.72079 0.695
    endloop
  endfacet
  facet normal 0 0 -1
    outer loop
      vertex 8.73232 2.68232 0.695
      vertex 8.73414 2.71933 0.695
      vertex 8.73414 2.68067 0.695
    endloop
  endfacet
  facet normal 0 0 -1
    outer loop
      vertex 8.73232 2.68232 0.695
      vertex 8.73232 2.71768 0.695
      vertex 8.73414 2.71933 0.695
    endloop
  endfacet
  facet normal 0 0 -1
    outer loop
      vertex 8.73067 2.68414 0.695
      vertex 8.73232 2.71768 0.695
      vertex 8.73232 2.68232 0.695
    endloop
  endfacet
  facet normal 0 0 -1
    outer loop
      vertex 8.73067 2.68414 0.695
      vertex 8.73067 2.71586 0.695
      vertex 8.73232 2.71768 0.695
    endloop
  endfacet
  facet normal 0 0 -1
    outer loop
      vertex 8.72921 2.68611 0.695
      vertex 8.73067 2.71586 0.695
      vertex 8.73067 2.68414 0.695
    endloop
  endfacet
  facet normal 0 0 -1
    outer loop
      vertex 8.72921 2.68611 0.695
      vertex 8.72921 2.71389 0.695
      vertex 8.73067 2.71586 0.695
    endloop
  endfacet
  facet normal 0 0 -1
    outer loop
      vertex 8.72795 2.68822 0.695
      vertex 8.72921 2.71389 0.695
      vertex 8.72921 2.68611 0.695
    endloop
  endfacet
  facet normal 0 0 -1
    outer loop
      vertex 8.72795 2.68822 0.695
      vertex 8.72795 2.71178 0.695
      vertex 8.72921 2.71389 0.695
    endloop
  endfacet
  facet normal 0 0 -1
    outer loop
      vertex 8.7269 2.69043 0.695
      vertex 8.72795 2.71178 0.695
      vertex 8.72795 2.68822 0.695
    endloop
  endfacet
  facet normal 0 0 -1
    outer loop
      vertex 8.7269 2.69043 0.695
      vertex 8.7269 2.70957 0.695
      vertex 8.72795 2.71178 0.695
    endloop
  endfacet
  facet normal 0 0 -1
    outer loop
      vertex 8.72608 2.69274 0.695
      vertex 8.7269 2.70957 0.695
      vertex 8.7269 2.69043 0.695
    endloop
  endfacet
  facet normal 0 0 -1
    outer loop
      vertex 8.72608 2.69274 0.695
      vertex 8.72608 2.70726 0.695
      vertex 8.7269 2.70957 0.695
    endloop
  endfacet
  facet normal 0 0 -1
    outer loop
      vertex 8.72548 2.69512 0.695
      vertex 8.72608 2.70726 0.695
      vertex 8.72608 2.69274 0.695
    endloop
  endfacet
  facet normal 0 0 -1
    outer loop
      vertex 8.72548 2.69512 0.695
      vertex 8.72548 2.70488 0.695
      vertex 8.72608 2.70726 0.695
    endloop
  endfacet
  facet normal 0 0 -1
    outer loop
      vertex 8.72512 2.69755 0.695
      vertex 8.72548 2.70488 0.695
      vertex 8.72548 2.69512 0.695
    endloop
  endfacet
  facet normal 0 0 -1
    outer loop
      vertex 8.72512 2.69755 0.695
      vertex 8.72512 2.70245 0.695
      vertex 8.72548 2.70488 0.695
    endloop
  endfacet
  facet normal 0 -0 -1
    outer loop
      vertex 8.72512 2.70245 0.695
      vertex 8.72512 2.69755 0.695
      vertex 8.725 2.7 0.695
    endloop
  endfacet
  facet normal 0 0.242855 -0.970063
    outer loop
      vertex 8.45 3.40871 0.821293
      vertex 8.72572 3.40585 0.820577
      vertex 8.45 3.40585 0.820577
    endloop
  endfacet
  facet normal -7.06893e-06 0.242213 -0.970223
    outer loop
      vertex 8.72572 3.40585 0.820577
      vertex 8.45 3.40871 0.821293
      vertex 8.72608 3.40726 0.820929
    endloop
  endfacet
  facet normal 0 0.24348 -0.969906
    outer loop
      vertex 8.72608 3.40726 0.820929
      vertex 8.45 3.40871 0.821293
      vertex 8.72659 3.40871 0.821293
    endloop
  endfacet
  facet normal 0 -0.941742 -0.336336
    outer loop
      vertex 8.45 3.37228 0.83852
      vertex 8.75 3.37129 0.841292
      vertex 8.45 3.37129 0.841292
    endloop
  endfacet
  facet normal 0 -0.941742 -0.336336
    outer loop
      vertex 8.75 3.37129 0.841292
      vertex 8.45 3.37228 0.83852
      vertex 8.75 3.37228 0.83852
    endloop
  endfacet
  facet normal 0 0.740401 0.672166
    outer loop
      vertex 8.75 3.42319 0.869032
      vertex 8.45 3.42121 0.871213
      vertex 8.75 3.42121 0.871213
    endloop
  endfacet
  facet normal 0 0.740401 0.672166
    outer loop
      vertex 8.45 3.42121 0.871213
      vertex 8.75 3.42319 0.869032
      vertex 8.45 3.42319 0.869032
    endloop
  endfacet
  facet normal 0 -0.242536 0.970143
    outer loop
      vertex 8.45 3.39415 0.879423
      vertex 8.75 3.39129 0.878708
      vertex 8.75 3.39415 0.879423
    endloop
  endfacet
  facet normal 0 -0.242536 0.970143
    outer loop
      vertex 8.75 3.39129 0.878708
      vertex 8.45 3.39415 0.879423
      vertex 8.45 3.39129 0.878708
    endloop
  endfacet
  facet normal 0 0.0492599 -0.998786
    outer loop
      vertex 8.45 3.40294 0.820145
      vertex 8.725 3.4 0.82
      vertex 8.45 3.4 0.82
    endloop
  endfacet
  facet normal 7.26007e-07 0.0493276 -0.998783
    outer loop
      vertex 8.725 3.4 0.82
      vertex 8.45 3.40294 0.820145
      vertex 8.72512 3.40245 0.820121
    endloop
  endfacet
  facet normal 0 0.0489209 -0.998803
    outer loop
      vertex 8.72512 3.40245 0.820121
      vertex 8.45 3.40294 0.820145
      vertex 8.72519 3.40294 0.820145
    endloop
  endfacet
  facet normal 0 -0.970442 0.241336
    outer loop
      vertex 8.45 3.37058 0.855853
      vertex 8.75 3.37129 0.858708
      vertex 8.45 3.37129 0.858708
    endloop
  endfacet
  facet normal 0 -0.970442 0.241336
    outer loop
      vertex 8.75 3.37129 0.858708
      vertex 8.45 3.37058 0.855853
      vertex 8.75 3.37058 0.855853
    endloop
  endfacet
  facet normal 0 -0.856744 0.515743
    outer loop
      vertex 8.45 3.37354 0.864141
      vertex 8.75 3.37506 0.866666
      vertex 8.45 3.37506 0.866666
    endloop
  endfacet
  facet normal 0 -0.856744 0.515743
    outer loop
      vertex 8.75 3.37506 0.866666
      vertex 8.45 3.37354 0.864141
      vertex 8.75 3.37354 0.864141
    endloop
  endfacet
  facet normal -0 0.671776 0.740754
    outer loop
      vertex 8.45 3.42121 0.871213
      vertex 8.75 3.41903 0.87319
      vertex 8.75 3.42121 0.871213
    endloop
  endfacet
  facet normal 0 0.671776 0.740754
    outer loop
      vertex 8.75 3.41903 0.87319
      vertex 8.45 3.42121 0.871213
      vertex 8.45 3.41903 0.87319
    endloop
  endfacet
  facet normal 0 0.427809 -0.903869
    outer loop
      vertex 8.45 3.41414 0.823543
      vertex 8.72781 3.41148 0.822284
      vertex 8.45 3.41148 0.822284
    endloop
  endfacet
  facet normal 5.75066e-05 0.432709 -0.901534
    outer loop
      vertex 8.72781 3.41148 0.822284
      vertex 8.45 3.41414 0.823543
      vertex 8.72795 3.41178 0.822428
    endloop
  endfacet
  facet normal -3.20641e-06 0.426872 -0.904312
    outer loop
      vertex 8.72795 3.41178 0.822428
      vertex 8.45 3.41414 0.823543
      vertex 8.72921 3.41389 0.823424
    endloop
  endfacet
  facet normal 0 0.429793 -0.902927
    outer loop
      vertex 8.72921 3.41389 0.823424
      vertex 8.45 3.41414 0.823543
      vertex 8.7294 3.41414 0.823543
    endloop
  endfacet
  facet normal 0 0.941742 0.336336
    outer loop
      vertex 8.75 3.42871 0.858708
      vertex 8.45 3.42772 0.86148
      vertex 8.75 3.42772 0.86148
    endloop
  endfacet
  facet normal 0 0.941742 0.336336
    outer loop
      vertex 8.45 3.42772 0.86148
      vertex 8.75 3.42871 0.858708
      vertex 8.45 3.42871 0.858708
    endloop
  endfacet
  facet normal 0 -0.998701 -0.0509541
    outer loop
      vertex 8.45 3.37015 0.84706
      vertex 8.75 3.37 0.85
      vertex 8.45 3.37 0.85
    endloop
  endfacet
  facet normal 0 -0.998701 -0.0509541
    outer loop
      vertex 8.75 3.37 0.85
      vertex 8.45 3.37015 0.84706
      vertex 8.75 3.37015 0.84706
    endloop
  endfacet
  facet normal 1 0 0
    outer loop
      vertex 8.75 3.425 0.845001
      vertex 8.75 3.43 0.85
      vertex 8.75 3.42985 0.85294
    endloop
  endfacet
  facet normal 1 0 0
    outer loop
      vertex 8.75 3.425 0.845001
      vertex 8.75 3.42985 0.85294
      vertex 8.75 3.42942 0.855853
    endloop
  endfacet
  facet normal 1 0 0
    outer loop
      vertex 8.75 3.43 0.85
      vertex 8.75 3.425 0.845001
      vertex 8.75 3.42985 0.84706
    endloop
  endfacet
  facet normal 1 0 0
    outer loop
      vertex 8.75 3.425 0.845001
      vertex 8.75 3.42942 0.855853
      vertex 8.75 3.42871 0.858708
    endloop
  endfacet
  facet normal 1 0 0
    outer loop
      vertex 8.75 3.42985 0.84706
      vertex 8.75 3.425 0.845001
      vertex 8.75 3.42942 0.844147
    endloop
  endfacet
  facet normal 1 0 0
    outer loop
      vertex 8.75 3.425 0.845001
      vertex 8.75 3.42871 0.858708
      vertex 8.75 3.42772 0.86148
    endloop
  endfacet
  facet normal 1 0 0
    outer loop
      vertex 8.75 3.42942 0.844147
      vertex 8.75 3.425 0.845001
      vertex 8.75 3.42871 0.841292
    endloop
  endfacet
  facet normal 1 0 0
    outer loop
      vertex 8.75 3.425 0.845001
      vertex 8.75 3.42772 0.86148
      vertex 8.75 3.42646 0.864141
    endloop
  endfacet
  facet normal 1 0 0
    outer loop
      vertex 8.75 3.42871 0.841292
      vertex 8.75 3.425 0.845001
      vertex 8.75 3.42772 0.83852
    endloop
  endfacet
  facet normal 1 0 0
    outer loop
      vertex 8.75 3.42772 0.83852
      vertex 8.75 3.425 0.845001
      vertex 8.75 3.42646 0.835859
    endloop
  endfacet
  facet normal 1 0 0
    outer loop
      vertex 8.75 3.42494 0.866666
      vertex 8.75 3.425 0.845001
      vertex 8.75 3.42646 0.864141
    endloop
  endfacet
  facet normal 1 0 0
    outer loop
      vertex 8.75 3.42319 0.869032
      vertex 8.75 3.425 0.845001
      vertex 8.75 3.42494 0.866666
    endloop
  endfacet
  facet normal 1 0 0
    outer loop
      vertex 8.75 3.42121 0.871213
      vertex 8.75 3.425 0.845001
      vertex 8.75 3.42319 0.869032
    endloop
  endfacet
  facet normal 1 0 0
    outer loop
      vertex 8.75 3.41903 0.87319
      vertex 8.75 3.425 0.845001
      vertex 8.75 3.42121 0.871213
    endloop
  endfacet
  facet normal 1 0 0
    outer loop
      vertex 8.75 3.41667 0.874943
      vertex 8.75 3.425 0.845001
      vertex 8.75 3.41903 0.87319
    endloop
  endfacet
  facet normal 1 0 0
    outer loop
      vertex 8.75 3.41414 0.876457
      vertex 8.75 3.425 0.845001
      vertex 8.75 3.41667 0.874943
    endloop
  endfacet
  facet normal 1 0 0
    outer loop
      vertex 8.75 3.41148 0.877716
      vertex 8.75 3.425 0.845001
      vertex 8.75 3.41414 0.876457
    endloop
  endfacet
  facet normal 1 0 0
    outer loop
      vertex 8.75 3.40871 0.878708
      vertex 8.75 3.425 0.845001
      vertex 8.75 3.41148 0.877716
    endloop
  endfacet
  facet normal 1 0 0
    outer loop
      vertex 8.75 3.40585 0.879423
      vertex 8.75 3.425 0.845001
      vertex 8.75 3.40871 0.878708
    endloop
  endfacet
  facet normal 1 0 0
    outer loop
      vertex 8.75 3.40294 0.879855
      vertex 8.75 3.425 0.845001
      vertex 8.75 3.40585 0.879423
    endloop
  endfacet
  facet normal 1 0 0
    outer loop
      vertex 8.75 3.4 0.88
      vertex 8.75 3.425 0.845001
      vertex 8.75 3.40294 0.879855
    endloop
  endfacet
  facet normal 1 -0 0
    outer loop
      vertex 8.75 3.39706 0.879855
      vertex 8.75 3.425 0.845001
      vertex 8.75 3.4 0.88
    endloop
  endfacet
  facet normal 1 0 0
    outer loop
      vertex 8.75 3.375 0.845001
      vertex 8.75 3.39706 0.879855
      vertex 8.75 3.39415 0.879423
    endloop
  endfacet
  facet normal 1 0 0
    outer loop
      vertex 8.75 3.375 0.845001
      vertex 8.75 3.39415 0.879423
      vertex 8.75 3.39129 0.878708
    endloop
  endfacet
  facet normal 1 0 0
    outer loop
      vertex 8.75 3.375 0.845001
      vertex 8.75 3.39129 0.878708
      vertex 8.75 3.38852 0.877716
    endloop
  endfacet
  facet normal 1 0 0
    outer loop
      vertex 8.75 3.375 0.845001
      vertex 8.75 3.38852 0.877716
      vertex 8.75 3.38586 0.876457
    endloop
  endfacet
  facet normal 1 0 0
    outer loop
      vertex 8.75 3.375 0.845001
      vertex 8.75 3.38586 0.876457
      vertex 8.75 3.38333 0.874943
    endloop
  endfacet
  facet normal 1 0 0
    outer loop
      vertex 8.75 3.375 0.845001
      vertex 8.75 3.38333 0.874943
      vertex 8.75 3.38097 0.87319
    endloop
  endfacet
  facet normal 1 0 0
    outer loop
      vertex 8.75 3.375 0.845001
      vertex 8.75 3.38097 0.87319
      vertex 8.75 3.37879 0.871213
    endloop
  endfacet
  facet normal 1 0 0
    outer loop
      vertex 8.75 3.375 0.845001
      vertex 8.75 3.37879 0.871213
      vertex 8.75 3.37681 0.869032
    endloop
  endfacet
  facet normal 1 0 0
    outer loop
      vertex 8.75 3.375 0.845001
      vertex 8.75 3.37681 0.869032
      vertex 8.75 3.37506 0.866666
    endloop
  endfacet
  facet normal 1 0 0
    outer loop
      vertex 8.75 3.39706 0.879855
      vertex 8.75 3.375 0.845001
      vertex 8.75 3.425 0.845001
    endloop
  endfacet
  facet normal 1 -0 0
    outer loop
      vertex 8.75 3.37354 0.864141
      vertex 8.75 3.375 0.845001
      vertex 8.75 3.37506 0.866666
    endloop
  endfacet
  facet normal 1 -0 0
    outer loop
      vertex 8.75 3.37228 0.86148
      vertex 8.75 3.375 0.845001
      vertex 8.75 3.37354 0.864141
    endloop
  endfacet
  facet normal 1 0 0
    outer loop
      vertex 8.75 3.375 0.845001
      vertex 8.75 3.37354 0.835859
      vertex 8.75 3.375 0.833427
    endloop
  endfacet
  facet normal 1 -0 0
    outer loop
      vertex 8.75 3.37129 0.858708
      vertex 8.75 3.375 0.845001
      vertex 8.75 3.37228 0.86148
    endloop
  endfacet
  facet normal 1 0 0
    outer loop
      vertex 8.75 3.375 0.845001
      vertex 8.75 3.37228 0.83852
      vertex 8.75 3.37354 0.835859
    endloop
  endfacet
  facet normal 1 -0 0
    outer loop
      vertex 8.75 3.37058 0.855853
      vertex 8.75 3.375 0.845001
      vertex 8.75 3.37129 0.858708
    endloop
  endfacet
  facet normal 1 0 0
    outer loop
      vertex 8.75 3.375 0.845001
      vertex 8.75 3.37129 0.841292
      vertex 8.75 3.37228 0.83852
    endloop
  endfacet
  facet normal 1 -0 0
    outer loop
      vertex 8.75 3.37015 0.85294
      vertex 8.75 3.375 0.845001
      vertex 8.75 3.37058 0.855853
    endloop
  endfacet
  facet normal 1 0 0
    outer loop
      vertex 8.75 3.375 0.845001
      vertex 8.75 3.37058 0.844147
      vertex 8.75 3.37129 0.841292
    endloop
  endfacet
  facet normal 1 -0 0
    outer loop
      vertex 8.75 3.37 0.85
      vertex 8.75 3.375 0.845001
      vertex 8.75 3.37015 0.85294
    endloop
  endfacet
  facet normal 1 0 0
    outer loop
      vertex 8.75 3.375 0.845001
      vertex 8.75 3.37015 0.84706
      vertex 8.75 3.37058 0.844147
    endloop
  endfacet
  facet normal 1 0 0
    outer loop
      vertex 8.75 3.375 0.845001
      vertex 8.75 3.37 0.85
      vertex 8.75 3.37015 0.84706
    endloop
  endfacet
  facet normal 1 0 0
    outer loop
      vertex 8.75 3.42646 0.835859
      vertex 8.75 3.425 0.845001
      vertex 8.75 3.425 0.833427
    endloop
  endfacet
  facet normal 0 0.998701 0.0509541
    outer loop
      vertex 8.75 3.43 0.85
      vertex 8.45 3.42985 0.85294
      vertex 8.75 3.42985 0.85294
    endloop
  endfacet
  facet normal 0 0.998701 0.0509541
    outer loop
      vertex 8.45 3.42985 0.85294
      vertex 8.75 3.43 0.85
      vertex 8.45 3.43 0.85
    endloop
  endfacet
  facet normal 0 0.98928 0.146032
    outer loop
      vertex 8.75 3.42985 0.85294
      vertex 8.45 3.42942 0.855853
      vertex 8.75 3.42942 0.855853
    endloop
  endfacet
  facet normal 0 0.98928 0.146032
    outer loop
      vertex 8.45 3.42942 0.855853
      vertex 8.75 3.42985 0.85294
      vertex 8.45 3.42985 0.85294
    endloop
  endfacet
  facet normal 0 -0.823213 -0.567733
    outer loop
      vertex 8.45 3.37506 0.833334
      vertex 8.74755 3.37512 0.833247
      vertex 8.74885 3.37506 0.833334
    endloop
  endfacet
  facet normal -1.19855e-05 -0.803586 -0.595189
    outer loop
      vertex 8.45 3.37506 0.833334
      vertex 8.74512 3.37548 0.832761
      vertex 8.74755 3.37512 0.833247
    endloop
  endfacet
  facet normal -2.05537e-05 -0.801462 -0.598045
    outer loop
      vertex 8.45 3.37506 0.833334
      vertex 8.74274 3.37608 0.831957
      vertex 8.74512 3.37548 0.832761
    endloop
  endfacet
  facet normal -0 -0.803978 -0.594659
    outer loop
      vertex 8.74069 3.37681 0.830968
      vertex 8.45 3.37506 0.833334
      vertex 8.45 3.37681 0.830968
    endloop
  endfacet
  facet normal 9.82498e-06 -0.804555 -0.593878
    outer loop
      vertex 8.45 3.37506 0.833334
      vertex 8.74069 3.37681 0.830968
      vertex 8.74274 3.37608 0.831957
    endloop
  endfacet
  facet normal 0 0.98928 -0.146032
    outer loop
      vertex 8.75 3.42942 0.844147
      vertex 8.45 3.42985 0.84706
      vertex 8.75 3.42985 0.84706
    endloop
  endfacet
  facet normal 0 0.98928 -0.146032
    outer loop
      vertex 8.45 3.42985 0.84706
      vertex 8.75 3.42942 0.844147
      vertex 8.45 3.42942 0.844147
    endloop
  endfacet
  facet normal -0.00310844 0.857364 -0.514701
    outer loop
      vertex 8.74885 3.42494 0.833334
      vertex 8.75 3.42646 0.835859
      vertex 8.75 3.425 0.833427
    endloop
  endfacet
  facet normal 0 0.856744 -0.515743
    outer loop
      vertex 8.75 3.42646 0.835859
      vertex 8.74885 3.42494 0.833334
      vertex 8.45 3.42646 0.835859
    endloop
  endfacet
  facet normal 0 0.856744 -0.515743
    outer loop
      vertex 8.45 3.42646 0.835859
      vertex 8.74885 3.42494 0.833334
      vertex 8.45 3.42494 0.833334
    endloop
  endfacet
  facet normal 0 -0.0492599 0.998786
    outer loop
      vertex 8.45 3.4 0.88
      vertex 8.75 3.39706 0.879855
      vertex 8.75 3.4 0.88
    endloop
  endfacet
  facet normal 0 -0.0492599 0.998786
    outer loop
      vertex 8.75 3.39706 0.879855
      vertex 8.45 3.4 0.88
      vertex 8.45 3.39706 0.879855
    endloop
  endfacet
  facet normal -0 0.427809 0.903869
    outer loop
      vertex 8.45 3.41414 0.876457
      vertex 8.75 3.41148 0.877716
      vertex 8.75 3.41414 0.876457
    endloop
  endfacet
  facet normal 0 0.427809 0.903869
    outer loop
      vertex 8.75 3.41148 0.877716
      vertex 8.45 3.41414 0.876457
      vertex 8.45 3.41148 0.877716
    endloop
  endfacet
  facet normal 0 -0.24348 -0.969906
    outer loop
      vertex 8.45 3.39129 0.821293
      vertex 8.72608 3.39274 0.820929
      vertex 8.72659 3.39129 0.821293
    endloop
  endfacet
  facet normal -7.06893e-06 -0.242213 -0.970223
    outer loop
      vertex 8.45 3.39129 0.821293
      vertex 8.72572 3.39415 0.820577
      vertex 8.72608 3.39274 0.820929
    endloop
  endfacet
  facet normal -0 -0.242855 -0.970063
    outer loop
      vertex 8.72572 3.39415 0.820577
      vertex 8.45 3.39129 0.821293
      vertex 8.45 3.39415 0.820577
    endloop
  endfacet
  facet normal 0 0.753029 -0.657987
    outer loop
      vertex 8.74043 3.4231 0.830865
      vertex 8.45 3.42319 0.830968
      vertex 8.74069 3.42319 0.830968
    endloop
  endfacet
  facet normal -9.05565e-06 0.740238 -0.672345
    outer loop
      vertex 8.73822 3.42205 0.829709
      vertex 8.45 3.42319 0.830968
      vertex 8.74043 3.4231 0.830865
    endloop
  endfacet
  facet normal -1.79072e-05 0.739228 -0.673456
    outer loop
      vertex 8.73682 3.42121 0.828787
      vertex 8.45 3.42319 0.830968
      vertex 8.73822 3.42205 0.829709
    endloop
  endfacet
  facet normal 0 0.740401 -0.672166
    outer loop
      vertex 8.45 3.42319 0.830968
      vertex 8.73682 3.42121 0.828787
      vertex 8.45 3.42121 0.828787
    endloop
  endfacet
  facet normal 0 0.596293 -0.802767
    outer loop
      vertex 8.45 3.41903 0.82681
      vertex 8.73141 3.41667 0.825057
      vertex 8.45 3.41667 0.825057
    endloop
  endfacet
  facet normal -8.10602e-06 0.59567 -0.80323
    outer loop
      vertex 8.73141 3.41667 0.825057
      vertex 8.45 3.41903 0.82681
      vertex 8.73232 3.41768 0.825806
    endloop
  endfacet
  facet normal 0 0.596762 -0.802419
    outer loop
      vertex 8.73232 3.41768 0.825806
      vertex 8.45 3.41903 0.82681
      vertex 8.73382 3.41903 0.82681
    endloop
  endfacet
  facet normal 0 0.823213 -0.567733
    outer loop
      vertex 8.74755 3.42488 0.833247
      vertex 8.45 3.42494 0.833334
      vertex 8.74885 3.42494 0.833334
    endloop
  endfacet
  facet normal -1.19855e-05 0.803586 -0.595189
    outer loop
      vertex 8.74512 3.42452 0.832761
      vertex 8.45 3.42494 0.833334
      vertex 8.74755 3.42488 0.833247
    endloop
  endfacet
  facet normal -2.05537e-05 0.801462 -0.598045
    outer loop
      vertex 8.74274 3.42392 0.831957
      vertex 8.45 3.42494 0.833334
      vertex 8.74512 3.42452 0.832761
    endloop
  endfacet
  facet normal 9.82498e-06 0.804555 -0.593878
    outer loop
      vertex 8.74069 3.42319 0.830968
      vertex 8.45 3.42494 0.833334
      vertex 8.74274 3.42392 0.831957
    endloop
  endfacet
  facet normal 0 0.803978 -0.594659
    outer loop
      vertex 8.45 3.42494 0.833334
      vertex 8.74069 3.42319 0.830968
      vertex 8.45 3.42319 0.830968
    endloop
  endfacet
  facet normal 0 0.803978 0.594659
    outer loop
      vertex 8.75 3.42494 0.866666
      vertex 8.45 3.42319 0.869032
      vertex 8.75 3.42319 0.869032
    endloop
  endfacet
  facet normal 0 0.803978 0.594659
    outer loop
      vertex 8.45 3.42319 0.869032
      vertex 8.75 3.42494 0.866666
      vertex 8.45 3.42494 0.866666
    endloop
  endfacet
  facet normal 0 0.9038 -0.427955
    outer loop
      vertex 8.75 3.42646 0.835859
      vertex 8.45 3.42772 0.83852
      vertex 8.75 3.42772 0.83852
    endloop
  endfacet
  facet normal 0 0.9038 -0.427955
    outer loop
      vertex 8.45 3.42772 0.83852
      vertex 8.75 3.42646 0.835859
      vertex 8.45 3.42646 0.835859
    endloop
  endfacet
  facet normal 0 -0.856744 -0.515743
    outer loop
      vertex 8.74885 3.37506 0.833334
      vertex 8.75 3.37354 0.835859
      vertex 8.45 3.37354 0.835859
    endloop
  endfacet
  facet normal -0 -0.856744 -0.515743
    outer loop
      vertex 8.74885 3.37506 0.833334
      vertex 8.45 3.37354 0.835859
      vertex 8.45 3.37506 0.833334
    endloop
  endfacet
  facet normal -0.00310844 -0.857364 -0.514701
    outer loop
      vertex 8.75 3.37354 0.835859
      vertex 8.74885 3.37506 0.833334
      vertex 8.75 3.375 0.833427
    endloop
  endfacet
  facet normal 0 0.146844 -0.98916
    outer loop
      vertex 8.45 3.40585 0.820577
      vertex 8.72519 3.40294 0.820145
      vertex 8.45 3.40294 0.820145
    endloop
  endfacet
  facet normal -8.08922e-17 0.146844 -0.98916
    outer loop
      vertex 8.72519 3.40294 0.820145
      vertex 8.45 3.40585 0.820577
      vertex 8.72548 3.40488 0.820433
    endloop
  endfacet
  facet normal 0 0.146844 -0.98916
    outer loop
      vertex 8.72548 3.40488 0.820433
      vertex 8.45 3.40585 0.820577
      vertex 8.72572 3.40585 0.820577
    endloop
  endfacet
  facet normal 0 -0.146844 -0.98916
    outer loop
      vertex 8.45 3.39415 0.820577
      vertex 8.72548 3.39512 0.820433
      vertex 8.72572 3.39415 0.820577
    endloop
  endfacet
  facet normal -1.99194e-16 -0.146844 -0.98916
    outer loop
      vertex 8.45 3.39415 0.820577
      vertex 8.72519 3.39706 0.820145
      vertex 8.72548 3.39512 0.820433
    endloop
  endfacet
  facet normal -0 -0.146844 -0.98916
    outer loop
      vertex 8.72519 3.39706 0.820145
      vertex 8.45 3.39415 0.820577
      vertex 8.45 3.39706 0.820145
    endloop
  endfacet
  facet normal -0 0.337154 0.941449
    outer loop
      vertex 8.45 3.41148 0.877716
      vertex 8.75 3.40871 0.878708
      vertex 8.75 3.41148 0.877716
    endloop
  endfacet
  facet normal 0 0.337154 0.941449
    outer loop
      vertex 8.75 3.40871 0.878708
      vertex 8.45 3.41148 0.877716
      vertex 8.45 3.40871 0.878708
    endloop
  endfacet
  facet normal 0 -0.429793 -0.902927
    outer loop
      vertex 8.45 3.38586 0.823543
      vertex 8.72921 3.38611 0.823424
      vertex 8.7294 3.38586 0.823543
    endloop
  endfacet
  facet normal -3.20641e-06 -0.426872 -0.904312
    outer loop
      vertex 8.45 3.38586 0.823543
      vertex 8.72795 3.38822 0.822428
      vertex 8.72921 3.38611 0.823424
    endloop
  endfacet
  facet normal 5.75066e-05 -0.432709 -0.901534
    outer loop
      vertex 8.45 3.38586 0.823543
      vertex 8.72781 3.38852 0.822284
      vertex 8.72795 3.38822 0.822428
    endloop
  endfacet
  facet normal -0 -0.427809 -0.903869
    outer loop
      vertex 8.72781 3.38852 0.822284
      vertex 8.45 3.38586 0.823543
      vertex 8.45 3.38852 0.822284
    endloop
  endfacet
  facet normal 0 0.970442 -0.241336
    outer loop
      vertex 8.75 3.42871 0.841292
      vertex 8.45 3.42942 0.844147
      vertex 8.75 3.42942 0.844147
    endloop
  endfacet
  facet normal 0 0.970442 -0.241336
    outer loop
      vertex 8.45 3.42942 0.844147
      vertex 8.75 3.42871 0.841292
      vertex 8.45 3.42871 0.841292
    endloop
  endfacet
  facet normal 0 -0.0489209 -0.998803
    outer loop
      vertex 8.45 3.39706 0.820145
      vertex 8.72512 3.39755 0.820121
      vertex 8.72519 3.39706 0.820145
    endloop
  endfacet
  facet normal 7.26007e-07 -0.0493276 -0.998783
    outer loop
      vertex 8.45 3.39706 0.820145
      vertex 8.725 3.4 0.82
      vertex 8.72512 3.39755 0.820121
    endloop
  endfacet
  facet normal -0 -0.0492599 -0.998786
    outer loop
      vertex 8.725 3.4 0.82
      vertex 8.45 3.39706 0.820145
      vertex 8.45 3.4 0.82
    endloop
  endfacet
  facet normal 0 -0.337154 0.941449
    outer loop
      vertex 8.45 3.39129 0.878708
      vertex 8.75 3.38852 0.877716
      vertex 8.75 3.39129 0.878708
    endloop
  endfacet
  facet normal 0 -0.337154 0.941449
    outer loop
      vertex 8.75 3.38852 0.877716
      vertex 8.45 3.39129 0.878708
      vertex 8.45 3.38852 0.877716
    endloop
  endfacet
  facet normal 0 -0.427809 0.903869
    outer loop
      vertex 8.45 3.38852 0.877716
      vertex 8.75 3.38586 0.876457
      vertex 8.75 3.38852 0.877716
    endloop
  endfacet
  facet normal 0 -0.427809 0.903869
    outer loop
      vertex 8.75 3.38586 0.876457
      vertex 8.45 3.38852 0.877716
      vertex 8.45 3.38586 0.876457
    endloop
  endfacet
  facet normal 0 -0.970442 -0.241336
    outer loop
      vertex 8.45 3.37129 0.841292
      vertex 8.75 3.37058 0.844147
      vertex 8.45 3.37058 0.844147
    endloop
  endfacet
  facet normal 0 -0.970442 -0.241336
    outer loop
      vertex 8.75 3.37058 0.844147
      vertex 8.45 3.37129 0.841292
      vertex 8.75 3.37129 0.841292
    endloop
  endfacet
  facet normal 0 -0.98928 -0.146032
    outer loop
      vertex 8.45 3.37058 0.844147
      vertex 8.75 3.37015 0.84706
      vertex 8.45 3.37015 0.84706
    endloop
  endfacet
  facet normal 0 -0.98928 -0.146032
    outer loop
      vertex 8.75 3.37015 0.84706
      vertex 8.45 3.37058 0.844147
      vertex 8.75 3.37058 0.844147
    endloop
  endfacet
  facet normal 0 0.336853 -0.941557
    outer loop
      vertex 8.45 3.41148 0.822284
      vertex 8.72659 3.40871 0.821293
      vertex 8.45 3.40871 0.821293
    endloop
  endfacet
  facet normal -7.37728e-06 0.3362 -0.941791
    outer loop
      vertex 8.72659 3.40871 0.821293
      vertex 8.45 3.41148 0.822284
      vertex 8.7269 3.40957 0.8216
    endloop
  endfacet
  facet normal 0 0.337148 -0.941452
    outer loop
      vertex 8.7269 3.40957 0.8216
      vertex 8.45 3.41148 0.822284
      vertex 8.72781 3.41148 0.822284
    endloop
  endfacet
  facet normal 0 -0.596762 -0.802419
    outer loop
      vertex 8.45 3.38097 0.82681
      vertex 8.73232 3.38232 0.825806
      vertex 8.73382 3.38097 0.82681
    endloop
  endfacet
  facet normal -8.10602e-06 -0.59567 -0.80323
    outer loop
      vertex 8.45 3.38097 0.82681
      vertex 8.73141 3.38333 0.825057
      vertex 8.73232 3.38232 0.825806
    endloop
  endfacet
  facet normal -0 -0.596293 -0.802767
    outer loop
      vertex 8.73141 3.38333 0.825057
      vertex 8.45 3.38097 0.82681
      vertex 8.45 3.38333 0.825057
    endloop
  endfacet
  facet normal 0 -0.512936 -0.858427
    outer loop
      vertex 8.45 3.38333 0.825057
      vertex 8.73067 3.38414 0.824573
      vertex 8.73141 3.38333 0.825057
    endloop
  endfacet
  facet normal 3.22757e-06 -0.51376 -0.857934
    outer loop
      vertex 8.45 3.38333 0.825057
      vertex 8.7294 3.38586 0.823543
      vertex 8.73067 3.38414 0.824573
    endloop
  endfacet
  facet normal -0 -0.513498 -0.858091
    outer loop
      vertex 8.7294 3.38586 0.823543
      vertex 8.45 3.38333 0.825057
      vertex 8.45 3.38586 0.823543
    endloop
  endfacet
  facet normal 0 -0.9038 -0.427955
    outer loop
      vertex 8.45 3.37354 0.835859
      vertex 8.75 3.37228 0.83852
      vertex 8.45 3.37228 0.83852
    endloop
  endfacet
  facet normal 0 -0.9038 -0.427955
    outer loop
      vertex 8.75 3.37228 0.83852
      vertex 8.45 3.37354 0.835859
      vertex 8.75 3.37354 0.835859
    endloop
  endfacet
  facet normal 0 0.998701 -0.0509541
    outer loop
      vertex 8.75 3.42985 0.84706
      vertex 8.45 3.43 0.85
      vertex 8.75 3.43 0.85
    endloop
  endfacet
  facet normal 0 0.998701 -0.0509541
    outer loop
      vertex 8.45 3.43 0.85
      vertex 8.75 3.42985 0.84706
      vertex 8.45 3.42985 0.84706
    endloop
  endfacet
  facet normal 0 -0.337148 -0.941452
    outer loop
      vertex 8.45 3.38852 0.822284
      vertex 8.7269 3.39043 0.8216
      vertex 8.72781 3.38852 0.822284
    endloop
  endfacet
  facet normal -7.37728e-06 -0.3362 -0.941791
    outer loop
      vertex 8.45 3.38852 0.822284
      vertex 8.72659 3.39129 0.821293
      vertex 8.7269 3.39043 0.8216
    endloop
  endfacet
  facet normal -0 -0.336853 -0.941557
    outer loop
      vertex 8.72659 3.39129 0.821293
      vertex 8.45 3.38852 0.822284
      vertex 8.45 3.39129 0.821293
    endloop
  endfacet
  facet normal 0 0.970442 0.241336
    outer loop
      vertex 8.75 3.42942 0.855853
      vertex 8.45 3.42871 0.858708
      vertex 8.75 3.42871 0.858708
    endloop
  endfacet
  facet normal 0 0.970442 0.241336
    outer loop
      vertex 8.45 3.42871 0.858708
      vertex 8.75 3.42942 0.855853
      vertex 8.45 3.42942 0.855853
    endloop
  endfacet
  facet normal 0 0.9038 0.427955
    outer loop
      vertex 8.75 3.42772 0.86148
      vertex 8.45 3.42646 0.864141
      vertex 8.75 3.42646 0.864141
    endloop
  endfacet
  facet normal 0 0.9038 0.427955
    outer loop
      vertex 8.45 3.42646 0.864141
      vertex 8.75 3.42772 0.86148
      vertex 8.45 3.42772 0.86148
    endloop
  endfacet
  facet normal 0 -0.513498 0.858091
    outer loop
      vertex 8.45 3.38586 0.876457
      vertex 8.75 3.38333 0.874943
      vertex 8.75 3.38586 0.876457
    endloop
  endfacet
  facet normal 0 -0.513498 0.858091
    outer loop
      vertex 8.75 3.38333 0.874943
      vertex 8.45 3.38586 0.876457
      vertex 8.45 3.38333 0.874943
    endloop
  endfacet
  facet normal 0 0.513498 -0.858091
    outer loop
      vertex 8.45 3.41667 0.825057
      vertex 8.7294 3.41414 0.823543
      vertex 8.45 3.41414 0.823543
    endloop
  endfacet
  facet normal 3.22757e-06 0.51376 -0.857934
    outer loop
      vertex 8.7294 3.41414 0.823543
      vertex 8.45 3.41667 0.825057
      vertex 8.73067 3.41586 0.824573
    endloop
  endfacet
  facet normal 0 0.512936 -0.858427
    outer loop
      vertex 8.73067 3.41586 0.824573
      vertex 8.45 3.41667 0.825057
      vertex 8.73141 3.41667 0.825057
    endloop
  endfacet
  facet normal 0 0.856744 0.515743
    outer loop
      vertex 8.75 3.42646 0.864141
      vertex 8.45 3.42494 0.866666
      vertex 8.75 3.42494 0.866666
    endloop
  endfacet
  facet normal 0 0.856744 0.515743
    outer loop
      vertex 8.45 3.42494 0.866666
      vertex 8.75 3.42646 0.864141
      vertex 8.45 3.42646 0.864141
    endloop
  endfacet
  facet normal 0 -0.9038 0.427955
    outer loop
      vertex 8.45 3.37228 0.86148
      vertex 8.75 3.37354 0.864141
      vertex 8.45 3.37354 0.864141
    endloop
  endfacet
  facet normal 0 -0.9038 0.427955
    outer loop
      vertex 8.75 3.37354 0.864141
      vertex 8.45 3.37228 0.86148
      vertex 8.75 3.37228 0.86148
    endloop
  endfacet
  facet normal -1 0 0
    outer loop
      vertex 8.45 3.42985 0.84706
      vertex 8.45 3.42985 0.85294
      vertex 8.45 3.43 0.85
    endloop
  endfacet
  facet normal -1 0 0
    outer loop
      vertex 8.45 3.42942 0.844147
      vertex 8.45 3.42985 0.85294
      vertex 8.45 3.42985 0.84706
    endloop
  endfacet
  facet normal -1 0 0
    outer loop
      vertex 8.45 3.42942 0.844147
      vertex 8.45 3.42942 0.855853
      vertex 8.45 3.42985 0.85294
    endloop
  endfacet
  facet normal -1 0 0
    outer loop
      vertex 8.45 3.42871 0.841292
      vertex 8.45 3.42942 0.855853
      vertex 8.45 3.42942 0.844147
    endloop
  endfacet
  facet normal -1 0 0
    outer loop
      vertex 8.45 3.42871 0.841292
      vertex 8.45 3.42871 0.858708
      vertex 8.45 3.42942 0.855853
    endloop
  endfacet
  facet normal -1 0 0
    outer loop
      vertex 8.45 3.42772 0.83852
      vertex 8.45 3.42871 0.858708
      vertex 8.45 3.42871 0.841292
    endloop
  endfacet
  facet normal -1 0 0
    outer loop
      vertex 8.45 3.42772 0.83852
      vertex 8.45 3.42772 0.86148
      vertex 8.45 3.42871 0.858708
    endloop
  endfacet
  facet normal -1 0 0
    outer loop
      vertex 8.45 3.42646 0.835859
      vertex 8.45 3.42772 0.86148
      vertex 8.45 3.42772 0.83852
    endloop
  endfacet
  facet normal -1 0 0
    outer loop
      vertex 8.45 3.42646 0.835859
      vertex 8.45 3.42646 0.864141
      vertex 8.45 3.42772 0.86148
    endloop
  endfacet
  facet normal -1 0 0
    outer loop
      vertex 8.45 3.42494 0.833334
      vertex 8.45 3.42646 0.864141
      vertex 8.45 3.42646 0.835859
    endloop
  endfacet
  facet normal -1 0 0
    outer loop
      vertex 8.45 3.42494 0.833334
      vertex 8.45 3.42494 0.866666
      vertex 8.45 3.42646 0.864141
    endloop
  endfacet
  facet normal -1 0 0
    outer loop
      vertex 8.45 3.42319 0.830968
      vertex 8.45 3.42494 0.866666
      vertex 8.45 3.42494 0.833334
    endloop
  endfacet
  facet normal -1 0 0
    outer loop
      vertex 8.45 3.42319 0.830968
      vertex 8.45 3.42319 0.869032
      vertex 8.45 3.42494 0.866666
    endloop
  endfacet
  facet normal -1 0 0
    outer loop
      vertex 8.45 3.42121 0.828787
      vertex 8.45 3.42319 0.869032
      vertex 8.45 3.42319 0.830968
    endloop
  endfacet
  facet normal -1 0 0
    outer loop
      vertex 8.45 3.42121 0.828787
      vertex 8.45 3.42121 0.871213
      vertex 8.45 3.42319 0.869032
    endloop
  endfacet
  facet normal -1 0 0
    outer loop
      vertex 8.45 3.41903 0.82681
      vertex 8.45 3.42121 0.871213
      vertex 8.45 3.42121 0.828787
    endloop
  endfacet
  facet normal -1 0 0
    outer loop
      vertex 8.45 3.41903 0.82681
      vertex 8.45 3.41903 0.87319
      vertex 8.45 3.42121 0.871213
    endloop
  endfacet
  facet normal -1 0 0
    outer loop
      vertex 8.45 3.41667 0.825057
      vertex 8.45 3.41903 0.87319
      vertex 8.45 3.41903 0.82681
    endloop
  endfacet
  facet normal -1 0 0
    outer loop
      vertex 8.45 3.41667 0.825057
      vertex 8.45 3.41667 0.874943
      vertex 8.45 3.41903 0.87319
    endloop
  endfacet
  facet normal -1 0 0
    outer loop
      vertex 8.45 3.41414 0.823543
      vertex 8.45 3.41667 0.874943
      vertex 8.45 3.41667 0.825057
    endloop
  endfacet
  facet normal -1 0 0
    outer loop
      vertex 8.45 3.41414 0.823543
      vertex 8.45 3.41414 0.876457
      vertex 8.45 3.41667 0.874943
    endloop
  endfacet
  facet normal -1 0 0
    outer loop
      vertex 8.45 3.41148 0.822284
      vertex 8.45 3.41414 0.876457
      vertex 8.45 3.41414 0.823543
    endloop
  endfacet
  facet normal -1 0 0
    outer loop
      vertex 8.45 3.41148 0.822284
      vertex 8.45 3.41148 0.877716
      vertex 8.45 3.41414 0.876457
    endloop
  endfacet
  facet normal -1 0 0
    outer loop
      vertex 8.45 3.40871 0.821293
      vertex 8.45 3.41148 0.877716
      vertex 8.45 3.41148 0.822284
    endloop
  endfacet
  facet normal -1 0 0
    outer loop
      vertex 8.45 3.40871 0.821293
      vertex 8.45 3.40871 0.878708
      vertex 8.45 3.41148 0.877716
    endloop
  endfacet
  facet normal -1 0 0
    outer loop
      vertex 8.45 3.40585 0.820577
      vertex 8.45 3.40871 0.878708
      vertex 8.45 3.40871 0.821293
    endloop
  endfacet
  facet normal -1 0 0
    outer loop
      vertex 8.45 3.40585 0.820577
      vertex 8.45 3.40585 0.879423
      vertex 8.45 3.40871 0.878708
    endloop
  endfacet
  facet normal -1 0 0
    outer loop
      vertex 8.45 3.40294 0.820145
      vertex 8.45 3.40585 0.879423
      vertex 8.45 3.40585 0.820577
    endloop
  endfacet
  facet normal -1 0 0
    outer loop
      vertex 8.45 3.40294 0.820145
      vertex 8.45 3.40294 0.879855
      vertex 8.45 3.40585 0.879423
    endloop
  endfacet
  facet normal -1 0 0
    outer loop
      vertex 8.45 3.4 0.82
      vertex 8.45 3.40294 0.879855
      vertex 8.45 3.40294 0.820145
    endloop
  endfacet
  facet normal -1 0 0
    outer loop
      vertex 8.45 3.4 0.82
      vertex 8.45 3.4 0.88
      vertex 8.45 3.40294 0.879855
    endloop
  endfacet
  facet normal -1 0 0
    outer loop
      vertex 8.45 3.39706 0.820145
      vertex 8.45 3.4 0.88
      vertex 8.45 3.4 0.82
    endloop
  endfacet
  facet normal -1 0 0
    outer loop
      vertex 8.45 3.39706 0.820145
      vertex 8.45 3.39706 0.879855
      vertex 8.45 3.4 0.88
    endloop
  endfacet
  facet normal -1 0 0
    outer loop
      vertex 8.45 3.39415 0.820577
      vertex 8.45 3.39706 0.879855
      vertex 8.45 3.39706 0.820145
    endloop
  endfacet
  facet normal -1 0 0
    outer loop
      vertex 8.45 3.39415 0.820577
      vertex 8.45 3.39415 0.879423
      vertex 8.45 3.39706 0.879855
    endloop
  endfacet
  facet normal -1 0 0
    outer loop
      vertex 8.45 3.39129 0.821293
      vertex 8.45 3.39415 0.879423
      vertex 8.45 3.39415 0.820577
    endloop
  endfacet
  facet normal -1 0 0
    outer loop
      vertex 8.45 3.39129 0.821293
      vertex 8.45 3.39129 0.878708
      vertex 8.45 3.39415 0.879423
    endloop
  endfacet
  facet normal -1 0 0
    outer loop
      vertex 8.45 3.38852 0.822284
      vertex 8.45 3.39129 0.878708
      vertex 8.45 3.39129 0.821293
    endloop
  endfacet
  facet normal -1 0 0
    outer loop
      vertex 8.45 3.38852 0.822284
      vertex 8.45 3.38852 0.877716
      vertex 8.45 3.39129 0.878708
    endloop
  endfacet
  facet normal -1 0 0
    outer loop
      vertex 8.45 3.38586 0.823543
      vertex 8.45 3.38852 0.877716
      vertex 8.45 3.38852 0.822284
    endloop
  endfacet
  facet normal -1 0 0
    outer loop
      vertex 8.45 3.38586 0.823543
      vertex 8.45 3.38586 0.876457
      vertex 8.45 3.38852 0.877716
    endloop
  endfacet
  facet normal -1 0 0
    outer loop
      vertex 8.45 3.38333 0.825057
      vertex 8.45 3.38586 0.876457
      vertex 8.45 3.38586 0.823543
    endloop
  endfacet
  facet normal -1 0 0
    outer loop
      vertex 8.45 3.38333 0.825057
      vertex 8.45 3.38333 0.874943
      vertex 8.45 3.38586 0.876457
    endloop
  endfacet
  facet normal -1 0 0
    outer loop
      vertex 8.45 3.38097 0.82681
      vertex 8.45 3.38333 0.874943
      vertex 8.45 3.38333 0.825057
    endloop
  endfacet
  facet normal -1 0 0
    outer loop
      vertex 8.45 3.38097 0.82681
      vertex 8.45 3.38097 0.87319
      vertex 8.45 3.38333 0.874943
    endloop
  endfacet
  facet normal -1 0 0
    outer loop
      vertex 8.45 3.37879 0.828787
      vertex 8.45 3.38097 0.87319
      vertex 8.45 3.38097 0.82681
    endloop
  endfacet
  facet normal -1 0 0
    outer loop
      vertex 8.45 3.37879 0.828787
      vertex 8.45 3.37879 0.871213
      vertex 8.45 3.38097 0.87319
    endloop
  endfacet
  facet normal -1 0 0
    outer loop
      vertex 8.45 3.37681 0.830968
      vertex 8.45 3.37879 0.871213
      vertex 8.45 3.37879 0.828787
    endloop
  endfacet
  facet normal -1 0 0
    outer loop
      vertex 8.45 3.37681 0.830968
      vertex 8.45 3.37681 0.869032
      vertex 8.45 3.37879 0.871213
    endloop
  endfacet
  facet normal -1 0 0
    outer loop
      vertex 8.45 3.37506 0.833334
      vertex 8.45 3.37681 0.869032
      vertex 8.45 3.37681 0.830968
    endloop
  endfacet
  facet normal -1 0 0
    outer loop
      vertex 8.45 3.37506 0.833334
      vertex 8.45 3.37506 0.866666
      vertex 8.45 3.37681 0.869032
    endloop
  endfacet
  facet normal -1 0 0
    outer loop
      vertex 8.45 3.37354 0.835859
      vertex 8.45 3.37506 0.866666
      vertex 8.45 3.37506 0.833334
    endloop
  endfacet
  facet normal -1 0 0
    outer loop
      vertex 8.45 3.37354 0.835859
      vertex 8.45 3.37354 0.864141
      vertex 8.45 3.37506 0.866666
    endloop
  endfacet
  facet normal -1 0 0
    outer loop
      vertex 8.45 3.37228 0.83852
      vertex 8.45 3.37354 0.864141
      vertex 8.45 3.37354 0.835859
    endloop
  endfacet
  facet normal -1 0 0
    outer loop
      vertex 8.45 3.37228 0.83852
      vertex 8.45 3.37228 0.86148
      vertex 8.45 3.37354 0.864141
    endloop
  endfacet
  facet normal -1 0 0
    outer loop
      vertex 8.45 3.37129 0.841292
      vertex 8.45 3.37228 0.86148
      vertex 8.45 3.37228 0.83852
    endloop
  endfacet
  facet normal -1 0 0
    outer loop
      vertex 8.45 3.37129 0.841292
      vertex 8.45 3.37129 0.858708
      vertex 8.45 3.37228 0.86148
    endloop
  endfacet
  facet normal -1 0 0
    outer loop
      vertex 8.45 3.37058 0.844147
      vertex 8.45 3.37129 0.858708
      vertex 8.45 3.37129 0.841292
    endloop
  endfacet
  facet normal -1 0 0
    outer loop
      vertex 8.45 3.37058 0.844147
      vertex 8.45 3.37058 0.855853
      vertex 8.45 3.37129 0.858708
    endloop
  endfacet
  facet normal -1 0 0
    outer loop
      vertex 8.45 3.37015 0.84706
      vertex 8.45 3.37058 0.855853
      vertex 8.45 3.37058 0.844147
    endloop
  endfacet
  facet normal -1 0 0
    outer loop
      vertex 8.45 3.37015 0.84706
      vertex 8.45 3.37015 0.85294
      vertex 8.45 3.37058 0.855853
    endloop
  endfacet
  facet normal -1 0 -0
    outer loop
      vertex 8.45 3.37015 0.85294
      vertex 8.45 3.37015 0.84706
      vertex 8.45 3.37 0.85
    endloop
  endfacet
  facet normal -0 0.242536 0.970143
    outer loop
      vertex 8.45 3.40871 0.878708
      vertex 8.75 3.40585 0.879423
      vertex 8.75 3.40871 0.878708
    endloop
  endfacet
  facet normal 0 0.242536 0.970143
    outer loop
      vertex 8.75 3.40585 0.879423
      vertex 8.45 3.40871 0.878708
      vertex 8.45 3.40585 0.879423
    endloop
  endfacet
  facet normal -0 0.146844 0.98916
    outer loop
      vertex 8.45 3.40585 0.879423
      vertex 8.75 3.40294 0.879855
      vertex 8.75 3.40585 0.879423
    endloop
  endfacet
  facet normal 0 0.146844 0.98916
    outer loop
      vertex 8.75 3.40294 0.879855
      vertex 8.45 3.40585 0.879423
      vertex 8.45 3.40294 0.879855
    endloop
  endfacet
  facet normal 0 0.671776 -0.740754
    outer loop
      vertex 8.45 3.42121 0.828787
      vertex 8.73382 3.41903 0.82681
      vertex 8.45 3.41903 0.82681
    endloop
  endfacet
  facet normal -9.60617e-05 0.664885 -0.746946
    outer loop
      vertex 8.73382 3.41903 0.82681
      vertex 8.45 3.42121 0.828787
      vertex 8.73414 3.41933 0.827077
    endloop
  endfacet
  facet normal -1.32383e-05 0.671773 -0.740757
    outer loop
      vertex 8.73414 3.41933 0.827077
      vertex 8.45 3.42121 0.828787
      vertex 8.73611 3.42079 0.828401
    endloop
  endfacet
  facet normal 0 0.676677 -0.73628
    outer loop
      vertex 8.73611 3.42079 0.828401
      vertex 8.45 3.42121 0.828787
      vertex 8.73682 3.42121 0.828787
    endloop
  endfacet
  facet normal 0 -0.146844 0.98916
    outer loop
      vertex 8.45 3.39706 0.879855
      vertex 8.75 3.39415 0.879423
      vertex 8.75 3.39706 0.879855
    endloop
  endfacet
  facet normal 0 -0.146844 0.98916
    outer loop
      vertex 8.75 3.39415 0.879423
      vertex 8.45 3.39706 0.879855
      vertex 8.45 3.39415 0.879423
    endloop
  endfacet
  facet normal 0 -0.671776 0.740754
    outer loop
      vertex 8.45 3.38097 0.87319
      vertex 8.75 3.37879 0.871213
      vertex 8.75 3.38097 0.87319
    endloop
  endfacet
  facet normal 0 -0.671776 0.740754
    outer loop
      vertex 8.75 3.37879 0.871213
      vertex 8.45 3.38097 0.87319
      vertex 8.45 3.37879 0.871213
    endloop
  endfacet
  facet normal 0 -0.596293 0.802767
    outer loop
      vertex 8.45 3.38333 0.874943
      vertex 8.75 3.38097 0.87319
      vertex 8.75 3.38333 0.874943
    endloop
  endfacet
  facet normal 0 -0.596293 0.802767
    outer loop
      vertex 8.75 3.38097 0.87319
      vertex 8.45 3.38333 0.874943
      vertex 8.45 3.38097 0.87319
    endloop
  endfacet
  facet normal 0 -0.803978 0.594659
    outer loop
      vertex 8.45 3.37506 0.866666
      vertex 8.75 3.37681 0.869032
      vertex 8.45 3.37681 0.869032
    endloop
  endfacet
  facet normal 0 -0.803978 0.594659
    outer loop
      vertex 8.75 3.37681 0.869032
      vertex 8.45 3.37506 0.866666
      vertex 8.75 3.37506 0.866666
    endloop
  endfacet
  facet normal 0 -0.740401 0.672166
    outer loop
      vertex 8.45 3.37681 0.869032
      vertex 8.75 3.37879 0.871213
      vertex 8.45 3.37879 0.871213
    endloop
  endfacet
  facet normal 0 -0.740401 0.672166
    outer loop
      vertex 8.75 3.37879 0.871213
      vertex 8.45 3.37681 0.869032
      vertex 8.75 3.37681 0.869032
    endloop
  endfacet
  facet normal -0 0.596293 0.802767
    outer loop
      vertex 8.45 3.41903 0.87319
      vertex 8.75 3.41667 0.874943
      vertex 8.75 3.41903 0.87319
    endloop
  endfacet
  facet normal 0 0.596293 0.802767
    outer loop
      vertex 8.75 3.41667 0.874943
      vertex 8.45 3.41903 0.87319
      vertex 8.45 3.41667 0.874943
    endloop
  endfacet
  facet normal -0 0.513498 0.858091
    outer loop
      vertex 8.45 3.41667 0.874943
      vertex 8.75 3.41414 0.876457
      vertex 8.75 3.41667 0.874943
    endloop
  endfacet
  facet normal 0 0.513498 0.858091
    outer loop
      vertex 8.75 3.41414 0.876457
      vertex 8.45 3.41667 0.874943
      vertex 8.45 3.41414 0.876457
    endloop
  endfacet
  facet normal 0 -0.998701 0.0509541
    outer loop
      vertex 8.45 3.37 0.85
      vertex 8.75 3.37015 0.85294
      vertex 8.45 3.37015 0.85294
    endloop
  endfacet
  facet normal 0 -0.998701 0.0509541
    outer loop
      vertex 8.75 3.37015 0.85294
      vertex 8.45 3.37 0.85
      vertex 8.75 3.37 0.85
    endloop
  endfacet
  facet normal 0 -0.98928 0.146032
    outer loop
      vertex 8.45 3.37015 0.85294
      vertex 8.75 3.37058 0.855853
      vertex 8.45 3.37058 0.855853
    endloop
  endfacet
  facet normal 0 -0.98928 0.146032
    outer loop
      vertex 8.75 3.37058 0.855853
      vertex 8.45 3.37015 0.85294
      vertex 8.75 3.37015 0.85294
    endloop
  endfacet
  facet normal -0 0.0492599 0.998786
    outer loop
      vertex 8.45 3.40294 0.879855
      vertex 8.75 3.4 0.88
      vertex 8.75 3.40294 0.879855
    endloop
  endfacet
  facet normal 0 0.0492599 0.998786
    outer loop
      vertex 8.75 3.4 0.88
      vertex 8.45 3.40294 0.879855
      vertex 8.45 3.4 0.88
    endloop
  endfacet
  facet normal 0 -0.941742 0.336336
    outer loop
      vertex 8.45 3.37129 0.858708
      vertex 8.75 3.37228 0.86148
      vertex 8.45 3.37228 0.86148
    endloop
  endfacet
  facet normal 0 -0.941742 0.336336
    outer loop
      vertex 8.75 3.37228 0.86148
      vertex 8.45 3.37129 0.858708
      vertex 8.75 3.37129 0.858708
    endloop
  endfacet
  facet normal 0 0.941742 -0.336336
    outer loop
      vertex 8.75 3.42772 0.83852
      vertex 8.45 3.42871 0.841292
      vertex 8.75 3.42871 0.841292
    endloop
  endfacet
  facet normal 0 0.941742 -0.336336
    outer loop
      vertex 8.45 3.42871 0.841292
      vertex 8.75 3.42772 0.83852
      vertex 8.45 3.42772 0.83852
    endloop
  endfacet
  facet normal 0 -0.676677 -0.73628
    outer loop
      vertex 8.45 3.37879 0.828787
      vertex 8.73611 3.37921 0.828401
      vertex 8.73682 3.37879 0.828787
    endloop
  endfacet
  facet normal -1.32383e-05 -0.671773 -0.740757
    outer loop
      vertex 8.45 3.37879 0.828787
      vertex 8.73414 3.38067 0.827077
      vertex 8.73611 3.37921 0.828401
    endloop
  endfacet
  facet normal -9.60617e-05 -0.664885 -0.746946
    outer loop
      vertex 8.45 3.37879 0.828787
      vertex 8.73382 3.38097 0.82681
      vertex 8.73414 3.38067 0.827077
    endloop
  endfacet
  facet normal -0 -0.671776 -0.740754
    outer loop
      vertex 8.73382 3.38097 0.82681
      vertex 8.45 3.37879 0.828787
      vertex 8.45 3.38097 0.82681
    endloop
  endfacet
  facet normal 0 -0.753029 -0.657987
    outer loop
      vertex 8.45 3.37681 0.830968
      vertex 8.74043 3.3769 0.830865
      vertex 8.74069 3.37681 0.830968
    endloop
  endfacet
  facet normal -9.05565e-06 -0.740238 -0.672345
    outer loop
      vertex 8.45 3.37681 0.830968
      vertex 8.73822 3.37795 0.829709
      vertex 8.74043 3.3769 0.830865
    endloop
  endfacet
  facet normal -0 -0.740401 -0.672166
    outer loop
      vertex 8.73682 3.37879 0.828787
      vertex 8.45 3.37681 0.830968
      vertex 8.45 3.37879 0.828787
    endloop
  endfacet
  facet normal -1.79072e-05 -0.739228 -0.673456
    outer loop
      vertex 8.45 3.37681 0.830968
      vertex 8.73682 3.37879 0.828787
      vertex 8.73822 3.37795 0.829709
    endloop
  endfacet
  facet normal 0.595423 -0.803413 0
    outer loop
      vertex 8.76389 3.37921 0.695
      vertex 8.76586 3.38067 0.845001
      vertex 8.76389 3.37921 0.845001
    endloop
  endfacet
  facet normal 0.595423 -0.803413 0
    outer loop
      vertex 8.76586 3.38067 0.845001
      vertex 8.76389 3.37921 0.695
      vertex 8.76586 3.38067 0.695
    endloop
  endfacet
  facet normal 0.989203 0.146549 0
    outer loop
      vertex 8.77488 3.40245 0.845001
      vertex 8.77452 3.40488 0.695
      vertex 8.77452 3.40488 0.845001
    endloop
  endfacet
  facet normal 0.989203 0.146549 0
    outer loop
      vertex 8.77452 3.40488 0.695
      vertex 8.77488 3.40245 0.845001
      vertex 8.77488 3.40245 0.695
    endloop
  endfacet
  facet normal 0.998803 0.0489209 0
    outer loop
      vertex 8.775 3.4 0.845001
      vertex 8.77488 3.40245 0.695
      vertex 8.77488 3.40245 0.845001
    endloop
  endfacet
  facet normal 0.998803 0.0489209 0
    outer loop
      vertex 8.77488 3.40245 0.695
      vertex 8.775 3.4 0.845001
      vertex 8.775 3.4 0.695
    endloop
  endfacet
  facet normal 0.969661 0.244452 0
    outer loop
      vertex 8.77452 3.40488 0.845001
      vertex 8.77392 3.40726 0.695
      vertex 8.77392 3.40726 0.845001
    endloop
  endfacet
  facet normal 0.969661 0.244452 0
    outer loop
      vertex 8.77392 3.40726 0.695
      vertex 8.77452 3.40488 0.845001
      vertex 8.77452 3.40488 0.695
    endloop
  endfacet
  facet normal 0.998803 -0.0489209 0
    outer loop
      vertex 8.77488 3.39755 0.845001
      vertex 8.775 3.4 0.695
      vertex 8.775 3.4 0.845001
    endloop
  endfacet
  facet normal 0.998803 -0.0489209 0
    outer loop
      vertex 8.775 3.4 0.695
      vertex 8.77488 3.39755 0.845001
      vertex 8.77488 3.39755 0.695
    endloop
  endfacet
  facet normal -0.42914 0.903238 0
    outer loop
      vertex 8.74043 3.4231 0.695
      vertex 8.73822 3.42205 0.829709
      vertex 8.74043 3.4231 0.830865
    endloop
  endfacet
  facet normal -0.42914 0.903238 0
    outer loop
      vertex 8.73822 3.42205 0.829709
      vertex 8.74043 3.4231 0.695
      vertex 8.73822 3.42205 0.695
    endloop
  endfacet
  facet normal 0.0489209 0.998803 0
    outer loop
      vertex 8.75245 3.42488 0.845001
      vertex 8.75 3.425 0.833427
      vertex 8.75 3.425 0.845001
    endloop
  endfacet
  facet normal 0.0489209 0.998803 -0
    outer loop
      vertex 8.75245 3.42488 0.695
      vertex 8.75 3.425 0.833427
      vertex 8.75245 3.42488 0.845001
    endloop
  endfacet
  facet normal 0.0489209 0.998803 0
    outer loop
      vertex 8.75 3.425 0.833427
      vertex 8.75245 3.42488 0.695
      vertex 8.75 3.425 0.695
    endloop
  endfacet
  facet normal -0.906183 0.422885 0
    outer loop
      vertex 8.72795 3.41178 0.695
      vertex 8.72781 3.41148 0.822284
      vertex 8.72795 3.41178 0.822428
    endloop
  endfacet
  facet normal -0.903238 0.42914 0
    outer loop
      vertex 8.7269 3.40957 0.8216
      vertex 8.72795 3.41178 0.695
      vertex 8.7269 3.40957 0.695
    endloop
  endfacet
  facet normal -0.902776 0.430111 2.07776e-05
    outer loop
      vertex 8.72795 3.41178 0.695
      vertex 8.7269 3.40957 0.8216
      vertex 8.72781 3.41148 0.822284
    endloop
  endfacet
  facet normal 0.244452 0.969661 -0
    outer loop
      vertex 8.75726 3.42392 0.695
      vertex 8.75488 3.42452 0.845001
      vertex 8.75726 3.42392 0.845001
    endloop
  endfacet
  facet normal 0.244452 0.969661 0
    outer loop
      vertex 8.75488 3.42452 0.845001
      vertex 8.75726 3.42392 0.695
      vertex 8.75488 3.42452 0.695
    endloop
  endfacet
  facet normal -0.683941 0.729537 0
    outer loop
      vertex 8.73414 3.41933 0.695
      vertex 8.73382 3.41903 0.82681
      vertex 8.73414 3.41933 0.827077
    endloop
  endfacet
  facet normal -0.66899 0.743272 6.75578e-05
    outer loop
      vertex 8.73414 3.41933 0.695
      vertex 8.73232 3.41768 0.825806
      vertex 8.73382 3.41903 0.82681
    endloop
  endfacet
  facet normal -0.671659 0.74086 0
    outer loop
      vertex 8.73232 3.41768 0.825806
      vertex 8.73414 3.41933 0.695
      vertex 8.73232 3.41768 0.695
    endloop
  endfacet
  facet normal -0.244452 -0.969661 0
    outer loop
      vertex 8.74512 3.37548 0.695
      vertex 8.74274 3.37608 0.831957
      vertex 8.74274 3.37608 0.695
    endloop
  endfacet
  facet normal -0.244452 -0.969661 0
    outer loop
      vertex 8.74274 3.37608 0.831957
      vertex 8.74512 3.37548 0.695
      vertex 8.74512 3.37548 0.832761
    endloop
  endfacet
  facet normal 0.334527 -0.942386 0
    outer loop
      vertex 8.75726 3.37608 0.695
      vertex 8.75957 3.3769 0.845001
      vertex 8.75726 3.37608 0.845001
    endloop
  endfacet
  facet normal 0.334527 -0.942386 0
    outer loop
      vertex 8.75957 3.3769 0.845001
      vertex 8.75726 3.37608 0.695
      vertex 8.75957 3.3769 0.695
    endloop
  endfacet
  facet normal -0.146549 -0.989203 0
    outer loop
      vertex 8.74755 3.37512 0.695
      vertex 8.74512 3.37548 0.832761
      vertex 8.74512 3.37548 0.695
    endloop
  endfacet
  facet normal -0.146549 -0.989203 0
    outer loop
      vertex 8.74512 3.37548 0.832761
      vertex 8.74755 3.37512 0.695
      vertex 8.74755 3.37512 0.833247
    endloop
  endfacet
  facet normal -0.512699 -0.858568 0
    outer loop
      vertex 8.73822 3.37795 0.695
      vertex 8.73611 3.37921 0.828401
      vertex 8.73611 3.37921 0.695
    endloop
  endfacet
  facet normal -0.509168 -0.860667 7.56795e-05
    outer loop
      vertex 8.73611 3.37921 0.828401
      vertex 8.73822 3.37795 0.695
      vertex 8.73682 3.37879 0.828787
    endloop
  endfacet
  facet normal -0.514496 -0.857493 0
    outer loop
      vertex 8.73682 3.37879 0.828787
      vertex 8.73822 3.37795 0.695
      vertex 8.73822 3.37795 0.829709
    endloop
  endfacet
  facet normal -0.989011 0.147842 0
    outer loop
      vertex 8.72548 3.40488 0.695
      vertex 8.72519 3.40294 0.820145
      vertex 8.72548 3.40488 0.820433
    endloop
  endfacet
  facet normal -0.989203 0.146549 0
    outer loop
      vertex 8.72512 3.40245 0.820121
      vertex 8.72548 3.40488 0.695
      vertex 8.72512 3.40245 0.695
    endloop
  endfacet
  facet normal -0.989949 0.141426 -0.000101628
    outer loop
      vertex 8.72548 3.40488 0.695
      vertex 8.72512 3.40245 0.820121
      vertex 8.72519 3.40294 0.820145
    endloop
  endfacet
  facet normal -0.803413 -0.595423 0
    outer loop
      vertex 8.73067 3.38414 0.695
      vertex 8.72921 3.38611 0.823424
      vertex 8.72921 3.38611 0.695
    endloop
  endfacet
  facet normal -0.796215 -0.605014 0.000228964
    outer loop
      vertex 8.72921 3.38611 0.823424
      vertex 8.73067 3.38414 0.695
      vertex 8.7294 3.38586 0.823543
    endloop
  endfacet
  facet normal -0.804468 -0.593996 0
    outer loop
      vertex 8.7294 3.38586 0.823543
      vertex 8.73067 3.38414 0.695
      vertex 8.73067 3.38414 0.824573
    endloop
  endfacet
  facet normal -0.42914 -0.903238 0
    outer loop
      vertex 8.74043 3.3769 0.695
      vertex 8.73822 3.37795 0.829709
      vertex 8.73822 3.37795 0.695
    endloop
  endfacet
  facet normal -0.42914 -0.903238 0
    outer loop
      vertex 8.73822 3.37795 0.829709
      vertex 8.74043 3.3769 0.695
      vertex 8.74043 3.3769 0.830865
    endloop
  endfacet
  facet normal 0.74086 0.671659 0
    outer loop
      vertex 8.76933 3.41586 0.845001
      vertex 8.76768 3.41768 0.695
      vertex 8.76768 3.41768 0.845001
    endloop
  endfacet
  facet normal 0.74086 0.671659 0
    outer loop
      vertex 8.76768 3.41768 0.695
      vertex 8.76933 3.41586 0.845001
      vertex 8.76933 3.41586 0.695
    endloop
  endfacet
  facet normal 0.989203 -0.146549 0
    outer loop
      vertex 8.77452 3.39512 0.845001
      vertex 8.77488 3.39755 0.695
      vertex 8.77488 3.39755 0.845001
    endloop
  endfacet
  facet normal 0.989203 -0.146549 0
    outer loop
      vertex 8.77488 3.39755 0.695
      vertex 8.77452 3.39512 0.845001
      vertex 8.77452 3.39512 0.695
    endloop
  endfacet
  facet normal -0.858568 -0.512699 0
    outer loop
      vertex 8.72921 3.38611 0.695
      vertex 8.72795 3.38822 0.822428
      vertex 8.72795 3.38822 0.695
    endloop
  endfacet
  facet normal -0.858568 -0.512699 0
    outer loop
      vertex 8.72795 3.38822 0.822428
      vertex 8.72921 3.38611 0.695
      vertex 8.72921 3.38611 0.823424
    endloop
  endfacet
  facet normal -0.335463 0.942053 0
    outer loop
      vertex 8.74274 3.42392 0.695
      vertex 8.74069 3.42319 0.830968
      vertex 8.74274 3.42392 0.831957
    endloop
  endfacet
  facet normal -0.32716 0.944969 0.000140831
    outer loop
      vertex 8.74274 3.42392 0.695
      vertex 8.74043 3.4231 0.830865
      vertex 8.74069 3.42319 0.830968
    endloop
  endfacet
  facet normal -0.334527 0.942386 0
    outer loop
      vertex 8.74043 3.4231 0.830865
      vertex 8.74274 3.42392 0.695
      vertex 8.74043 3.4231 0.695
    endloop
  endfacet
  facet normal -0.514496 0.857493 0
    outer loop
      vertex 8.73822 3.42205 0.695
      vertex 8.73682 3.42121 0.828787
      vertex 8.73822 3.42205 0.829709
    endloop
  endfacet
  facet normal -0.509168 0.860667 7.56795e-05
    outer loop
      vertex 8.73822 3.42205 0.695
      vertex 8.73611 3.42079 0.828401
      vertex 8.73682 3.42121 0.828787
    endloop
  endfacet
  facet normal -0.512699 0.858568 0
    outer loop
      vertex 8.73611 3.42079 0.828401
      vertex 8.73822 3.42205 0.695
      vertex 8.73611 3.42079 0.695
    endloop
  endfacet
  facet normal 0.146549 -0.989203 0
    outer loop
      vertex 8.75245 3.37512 0.695
      vertex 8.75488 3.37548 0.845001
      vertex 8.75245 3.37512 0.845001
    endloop
  endfacet
  facet normal 0.146549 -0.989203 0
    outer loop
      vertex 8.75488 3.37548 0.845001
      vertex 8.75245 3.37512 0.695
      vertex 8.75488 3.37548 0.695
    endloop
  endfacet
  facet normal -0.989203 -0.146549 0
    outer loop
      vertex 8.72548 3.39512 0.695
      vertex 8.72512 3.39755 0.820121
      vertex 8.72512 3.39755 0.695
    endloop
  endfacet
  facet normal -0.989949 -0.141426 -0.000101628
    outer loop
      vertex 8.72512 3.39755 0.820121
      vertex 8.72548 3.39512 0.695
      vertex 8.72519 3.39706 0.820145
    endloop
  endfacet
  facet normal -0.989011 -0.147842 0
    outer loop
      vertex 8.72519 3.39706 0.820145
      vertex 8.72548 3.39512 0.695
      vertex 8.72548 3.39512 0.820433
    endloop
  endfacet
  facet normal 0.969661 -0.244452 0
    outer loop
      vertex 8.77392 3.39274 0.845001
      vertex 8.77452 3.39512 0.695
      vertex 8.77452 3.39512 0.845001
    endloop
  endfacet
  facet normal 0.969661 -0.244452 0
    outer loop
      vertex 8.77452 3.39512 0.695
      vertex 8.77392 3.39274 0.845001
      vertex 8.77392 3.39274 0.695
    endloop
  endfacet
  facet normal 0.671659 0.74086 -0
    outer loop
      vertex 8.76768 3.41768 0.695
      vertex 8.76586 3.41933 0.845001
      vertex 8.76768 3.41768 0.845001
    endloop
  endfacet
  facet normal 0.671659 0.74086 0
    outer loop
      vertex 8.76586 3.41933 0.845001
      vertex 8.76768 3.41768 0.695
      vertex 8.76586 3.41933 0.695
    endloop
  endfacet
  facet normal -0.998803 0.0489209 0
    outer loop
      vertex 8.725 3.4 0.82
      vertex 8.72512 3.40245 0.695
      vertex 8.725 3.4 0.695
    endloop
  endfacet
  facet normal -0.998803 0.0489209 0
    outer loop
      vertex 8.72512 3.40245 0.695
      vertex 8.725 3.4 0.82
      vertex 8.72512 3.40245 0.820121
    endloop
  endfacet
  facet normal 0.0489209 -0.998803 0
    outer loop
      vertex 8.75 3.375 0.833427
      vertex 8.75245 3.37512 0.845001
      vertex 8.75 3.375 0.845001
    endloop
  endfacet
  facet normal 0.0489209 -0.998803 0
    outer loop
      vertex 8.75245 3.37512 0.695
      vertex 8.75 3.375 0.833427
      vertex 8.75 3.375 0.695
    endloop
  endfacet
  facet normal 0.0489209 -0.998803 0
    outer loop
      vertex 8.75 3.375 0.833427
      vertex 8.75245 3.37512 0.695
      vertex 8.75245 3.37512 0.845001
    endloop
  endfacet
  facet normal 0.903238 0.42914 0
    outer loop
      vertex 8.7731 3.40957 0.845001
      vertex 8.77205 3.41178 0.695
      vertex 8.77205 3.41178 0.845001
    endloop
  endfacet
  facet normal 0.903238 0.42914 0
    outer loop
      vertex 8.77205 3.41178 0.695
      vertex 8.7731 3.40957 0.845001
      vertex 8.7731 3.40957 0.695
    endloop
  endfacet
  facet normal 0.42914 -0.903238 0
    outer loop
      vertex 8.75957 3.3769 0.695
      vertex 8.76178 3.37795 0.845001
      vertex 8.75957 3.3769 0.845001
    endloop
  endfacet
  facet normal 0.42914 -0.903238 0
    outer loop
      vertex 8.76178 3.37795 0.845001
      vertex 8.75957 3.3769 0.695
      vertex 8.76178 3.37795 0.695
    endloop
  endfacet
  facet normal 0.803413 0.595423 0
    outer loop
      vertex 8.77079 3.41389 0.845001
      vertex 8.76933 3.41586 0.695
      vertex 8.76933 3.41586 0.845001
    endloop
  endfacet
  facet normal 0.803413 0.595423 0
    outer loop
      vertex 8.76933 3.41586 0.695
      vertex 8.77079 3.41389 0.845001
      vertex 8.77079 3.41389 0.695
    endloop
  endfacet
  facet normal -0.244452 0.969661 0
    outer loop
      vertex 8.74512 3.42452 0.695
      vertex 8.74274 3.42392 0.831957
      vertex 8.74512 3.42452 0.832761
    endloop
  endfacet
  facet normal -0.244452 0.969661 0
    outer loop
      vertex 8.74274 3.42392 0.831957
      vertex 8.74512 3.42452 0.695
      vertex 8.74274 3.42392 0.695
    endloop
  endfacet
  facet normal -0.74086 -0.671659 0
    outer loop
      vertex 8.73232 3.38232 0.695
      vertex 8.73067 3.38414 0.824573
      vertex 8.73067 3.38414 0.695
    endloop
  endfacet
  facet normal -0.73831 -0.674462 7.18532e-05
    outer loop
      vertex 8.73067 3.38414 0.824573
      vertex 8.73232 3.38232 0.695
      vertex 8.73141 3.38333 0.825057
    endloop
  endfacet
  facet normal -0.742928 -0.669371 0
    outer loop
      vertex 8.73141 3.38333 0.825057
      vertex 8.73232 3.38232 0.695
      vertex 8.73232 3.38232 0.825806
    endloop
  endfacet
  facet normal -0.998803 -0.0489209 0
    outer loop
      vertex 8.72512 3.39755 0.695
      vertex 8.725 3.4 0.82
      vertex 8.725 3.4 0.695
    endloop
  endfacet
  facet normal -0.998803 -0.0489209 0
    outer loop
      vertex 8.725 3.4 0.82
      vertex 8.72512 3.39755 0.695
      vertex 8.72512 3.39755 0.820121
    endloop
  endfacet
  facet normal -0.942386 -0.334527 0
    outer loop
      vertex 8.7269 3.39043 0.695
      vertex 8.72608 3.39274 0.820929
      vertex 8.72608 3.39274 0.695
    endloop
  endfacet
  facet normal -0.943346 -0.331812 -5.60542e-05
    outer loop
      vertex 8.72608 3.39274 0.820929
      vertex 8.7269 3.39043 0.695
      vertex 8.72659 3.39129 0.821293
    endloop
  endfacet
  facet normal -0.940748 -0.339107 0
    outer loop
      vertex 8.72659 3.39129 0.821293
      vertex 8.7269 3.39043 0.695
      vertex 8.7269 3.39043 0.8216
    endloop
  endfacet
  facet normal 0 0 1
    outer loop
      vertex 8.77488 3.40245 0.845001
      vertex 8.77488 3.39755 0.845001
      vertex 8.775 3.4 0.845001
    endloop
  endfacet
  facet normal 0 0 1
    outer loop
      vertex 8.77452 3.40488 0.845001
      vertex 8.77488 3.39755 0.845001
      vertex 8.77488 3.40245 0.845001
    endloop
  endfacet
  facet normal 0 0 1
    outer loop
      vertex 8.77452 3.40488 0.845001
      vertex 8.77452 3.39512 0.845001
      vertex 8.77488 3.39755 0.845001
    endloop
  endfacet
  facet normal 0 0 1
    outer loop
      vertex 8.77392 3.40726 0.845001
      vertex 8.77452 3.39512 0.845001
      vertex 8.77452 3.40488 0.845001
    endloop
  endfacet
  facet normal 0 0 1
    outer loop
      vertex 8.77392 3.40726 0.845001
      vertex 8.77392 3.39274 0.845001
      vertex 8.77452 3.39512 0.845001
    endloop
  endfacet
  facet normal 0 0 1
    outer loop
      vertex 8.7731 3.40957 0.845001
      vertex 8.77392 3.39274 0.845001
      vertex 8.77392 3.40726 0.845001
    endloop
  endfacet
  facet normal 0 0 1
    outer loop
      vertex 8.7731 3.40957 0.845001
      vertex 8.7731 3.39043 0.845001
      vertex 8.77392 3.39274 0.845001
    endloop
  endfacet
  facet normal 0 0 1
    outer loop
      vertex 8.77205 3.41178 0.845001
      vertex 8.7731 3.39043 0.845001
      vertex 8.7731 3.40957 0.845001
    endloop
  endfacet
  facet normal 0 0 1
    outer loop
      vertex 8.77205 3.41178 0.845001
      vertex 8.77205 3.38822 0.845001
      vertex 8.7731 3.39043 0.845001
    endloop
  endfacet
  facet normal 0 0 1
    outer loop
      vertex 8.77079 3.41389 0.845001
      vertex 8.77205 3.38822 0.845001
      vertex 8.77205 3.41178 0.845001
    endloop
  endfacet
  facet normal 0 0 1
    outer loop
      vertex 8.77079 3.41389 0.845001
      vertex 8.77079 3.38611 0.845001
      vertex 8.77205 3.38822 0.845001
    endloop
  endfacet
  facet normal 0 0 1
    outer loop
      vertex 8.76933 3.41586 0.845001
      vertex 8.77079 3.38611 0.845001
      vertex 8.77079 3.41389 0.845001
    endloop
  endfacet
  facet normal 0 0 1
    outer loop
      vertex 8.76933 3.41586 0.845001
      vertex 8.76933 3.38414 0.845001
      vertex 8.77079 3.38611 0.845001
    endloop
  endfacet
  facet normal 0 0 1
    outer loop
      vertex 8.76768 3.41768 0.845001
      vertex 8.76933 3.38414 0.845001
      vertex 8.76933 3.41586 0.845001
    endloop
  endfacet
  facet normal 0 0 1
    outer loop
      vertex 8.76768 3.41768 0.845001
      vertex 8.76768 3.38232 0.845001
      vertex 8.76933 3.38414 0.845001
    endloop
  endfacet
  facet normal 0 0 1
    outer loop
      vertex 8.76586 3.41933 0.845001
      vertex 8.76768 3.38232 0.845001
      vertex 8.76768 3.41768 0.845001
    endloop
  endfacet
  facet normal 0 0 1
    outer loop
      vertex 8.76586 3.41933 0.845001
      vertex 8.76586 3.38067 0.845001
      vertex 8.76768 3.38232 0.845001
    endloop
  endfacet
  facet normal 0 0 1
    outer loop
      vertex 8.76389 3.42079 0.845001
      vertex 8.76586 3.38067 0.845001
      vertex 8.76586 3.41933 0.845001
    endloop
  endfacet
  facet normal 0 0 1
    outer loop
      vertex 8.76389 3.42079 0.845001
      vertex 8.76389 3.37921 0.845001
      vertex 8.76586 3.38067 0.845001
    endloop
  endfacet
  facet normal 0 0 1
    outer loop
      vertex 8.76178 3.42205 0.845001
      vertex 8.76389 3.37921 0.845001
      vertex 8.76389 3.42079 0.845001
    endloop
  endfacet
  facet normal 0 0 1
    outer loop
      vertex 8.76178 3.42205 0.845001
      vertex 8.76178 3.37795 0.845001
      vertex 8.76389 3.37921 0.845001
    endloop
  endfacet
  facet normal 0 0 1
    outer loop
      vertex 8.75957 3.4231 0.845001
      vertex 8.76178 3.37795 0.845001
      vertex 8.76178 3.42205 0.845001
    endloop
  endfacet
  facet normal 0 0 1
    outer loop
      vertex 8.75957 3.4231 0.845001
      vertex 8.75957 3.3769 0.845001
      vertex 8.76178 3.37795 0.845001
    endloop
  endfacet
  facet normal 0 0 1
    outer loop
      vertex 8.75726 3.42392 0.845001
      vertex 8.75957 3.3769 0.845001
      vertex 8.75957 3.4231 0.845001
    endloop
  endfacet
  facet normal 0 0 1
    outer loop
      vertex 8.75726 3.42392 0.845001
      vertex 8.75726 3.37608 0.845001
      vertex 8.75957 3.3769 0.845001
    endloop
  endfacet
  facet normal 0 0 1
    outer loop
      vertex 8.75488 3.42452 0.845001
      vertex 8.75726 3.37608 0.845001
      vertex 8.75726 3.42392 0.845001
    endloop
  endfacet
  facet normal 0 0 1
    outer loop
      vertex 8.75488 3.42452 0.845001
      vertex 8.75488 3.37548 0.845001
      vertex 8.75726 3.37608 0.845001
    endloop
  endfacet
  facet normal 0 0 1
    outer loop
      vertex 8.75245 3.42488 0.845001
      vertex 8.75488 3.37548 0.845001
      vertex 8.75488 3.42452 0.845001
    endloop
  endfacet
  facet normal 0 0 1
    outer loop
      vertex 8.75245 3.42488 0.845001
      vertex 8.75245 3.37512 0.845001
      vertex 8.75488 3.37548 0.845001
    endloop
  endfacet
  facet normal 0 0 1
    outer loop
      vertex 8.75 3.425 0.845001
      vertex 8.75245 3.37512 0.845001
      vertex 8.75245 3.42488 0.845001
    endloop
  endfacet
  facet normal 0 0 1
    outer loop
      vertex 8.75245 3.37512 0.845001
      vertex 8.75 3.425 0.845001
      vertex 8.75 3.375 0.845001
    endloop
  endfacet
  facet normal 0.595423 0.803413 -0
    outer loop
      vertex 8.76586 3.41933 0.695
      vertex 8.76389 3.42079 0.845001
      vertex 8.76586 3.41933 0.845001
    endloop
  endfacet
  facet normal 0.595423 0.803413 0
    outer loop
      vertex 8.76389 3.42079 0.845001
      vertex 8.76586 3.41933 0.695
      vertex 8.76389 3.42079 0.695
    endloop
  endfacet
  facet normal 0.42914 0.903238 -0
    outer loop
      vertex 8.76178 3.42205 0.695
      vertex 8.75957 3.4231 0.845001
      vertex 8.76178 3.42205 0.845001
    endloop
  endfacet
  facet normal 0.42914 0.903238 0
    outer loop
      vertex 8.75957 3.4231 0.845001
      vertex 8.76178 3.42205 0.695
      vertex 8.75957 3.4231 0.695
    endloop
  endfacet
  facet normal -0.940748 0.339107 0
    outer loop
      vertex 8.7269 3.40957 0.695
      vertex 8.72659 3.40871 0.821293
      vertex 8.7269 3.40957 0.8216
    endloop
  endfacet
  facet normal -0.942386 0.334527 0
    outer loop
      vertex 8.72608 3.40726 0.820929
      vertex 8.7269 3.40957 0.695
      vertex 8.72608 3.40726 0.695
    endloop
  endfacet
  facet normal -0.943346 0.331812 -5.60542e-05
    outer loop
      vertex 8.7269 3.40957 0.695
      vertex 8.72608 3.40726 0.820929
      vertex 8.72659 3.40871 0.821293
    endloop
  endfacet
  facet normal 0.512699 0.858568 -0
    outer loop
      vertex 8.76389 3.42079 0.695
      vertex 8.76178 3.42205 0.845001
      vertex 8.76389 3.42079 0.845001
    endloop
  endfacet
  facet normal 0.512699 0.858568 0
    outer loop
      vertex 8.76178 3.42205 0.845001
      vertex 8.76389 3.42079 0.695
      vertex 8.76178 3.42205 0.695
    endloop
  endfacet
  facet normal 0.942386 0.334527 0
    outer loop
      vertex 8.77392 3.40726 0.845001
      vertex 8.7731 3.40957 0.695
      vertex 8.7731 3.40957 0.845001
    endloop
  endfacet
  facet normal 0.942386 0.334527 0
    outer loop
      vertex 8.7731 3.40957 0.695
      vertex 8.77392 3.40726 0.845001
      vertex 8.77392 3.40726 0.695
    endloop
  endfacet
  facet normal 0.334527 0.942386 -0
    outer loop
      vertex 8.75957 3.4231 0.695
      vertex 8.75726 3.42392 0.845001
      vertex 8.75957 3.4231 0.845001
    endloop
  endfacet
  facet normal 0.334527 0.942386 0
    outer loop
      vertex 8.75726 3.42392 0.845001
      vertex 8.75957 3.4231 0.695
      vertex 8.75726 3.42392 0.695
    endloop
  endfacet
  facet normal -0.742928 0.669371 0
    outer loop
      vertex 8.73232 3.41768 0.695
      vertex 8.73141 3.41667 0.825057
      vertex 8.73232 3.41768 0.825806
    endloop
  endfacet
  facet normal -0.74086 0.671659 0
    outer loop
      vertex 8.73067 3.41586 0.824573
      vertex 8.73232 3.41768 0.695
      vertex 8.73067 3.41586 0.695
    endloop
  endfacet
  facet normal -0.73831 0.674462 7.18532e-05
    outer loop
      vertex 8.73232 3.41768 0.695
      vertex 8.73067 3.41586 0.824573
      vertex 8.73141 3.41667 0.825057
    endloop
  endfacet
  facet normal 0.512699 -0.858568 0
    outer loop
      vertex 8.76178 3.37795 0.695
      vertex 8.76389 3.37921 0.845001
      vertex 8.76178 3.37795 0.845001
    endloop
  endfacet
  facet normal 0.512699 -0.858568 0
    outer loop
      vertex 8.76389 3.37921 0.845001
      vertex 8.76178 3.37795 0.695
      vertex 8.76389 3.37921 0.695
    endloop
  endfacet
  facet normal -0.595423 -0.803413 0
    outer loop
      vertex 8.73611 3.37921 0.695
      vertex 8.73414 3.38067 0.827077
      vertex 8.73414 3.38067 0.695
    endloop
  endfacet
  facet normal -0.595423 -0.803413 0
    outer loop
      vertex 8.73414 3.38067 0.827077
      vertex 8.73611 3.37921 0.695
      vertex 8.73611 3.37921 0.828401
    endloop
  endfacet
  facet normal -0.858568 0.512699 0
    outer loop
      vertex 8.72795 3.41178 0.822428
      vertex 8.72921 3.41389 0.695
      vertex 8.72795 3.41178 0.695
    endloop
  endfacet
  facet normal -0.858568 0.512699 0
    outer loop
      vertex 8.72921 3.41389 0.695
      vertex 8.72795 3.41178 0.822428
      vertex 8.72921 3.41389 0.823424
    endloop
  endfacet
  facet normal -0.0489209 -0.998803 0
    outer loop
      vertex 8.75 3.375 0.695
      vertex 8.74755 3.37512 0.833247
      vertex 8.74755 3.37512 0.695
    endloop
  endfacet
  facet normal -0.0461081 -0.998936 4.99651e-05
    outer loop
      vertex 8.74755 3.37512 0.833247
      vertex 8.75 3.375 0.695
      vertex 8.74885 3.37506 0.833334
    endloop
  endfacet
  facet normal -0.052103 -0.998642 0
    outer loop
      vertex 8.74885 3.37506 0.833334
      vertex 8.75 3.375 0.695
      vertex 8.75 3.375 0.833427
    endloop
  endfacet
  facet normal 0.858568 0.512699 0
    outer loop
      vertex 8.77205 3.41178 0.845001
      vertex 8.77079 3.41389 0.695
      vertex 8.77079 3.41389 0.845001
    endloop
  endfacet
  facet normal 0.858568 0.512699 0
    outer loop
      vertex 8.77079 3.41389 0.695
      vertex 8.77205 3.41178 0.845001
      vertex 8.77205 3.41178 0.695
    endloop
  endfacet
  facet normal 0.803413 -0.595423 0
    outer loop
      vertex 8.76933 3.38414 0.845001
      vertex 8.77079 3.38611 0.695
      vertex 8.77079 3.38611 0.845001
    endloop
  endfacet
  facet normal 0.803413 -0.595423 0
    outer loop
      vertex 8.77079 3.38611 0.695
      vertex 8.76933 3.38414 0.845001
      vertex 8.76933 3.38414 0.695
    endloop
  endfacet
  facet normal -0.804468 0.593996 0
    outer loop
      vertex 8.73067 3.41586 0.695
      vertex 8.7294 3.41414 0.823543
      vertex 8.73067 3.41586 0.824573
    endloop
  endfacet
  facet normal -0.803413 0.595423 0
    outer loop
      vertex 8.72921 3.41389 0.823424
      vertex 8.73067 3.41586 0.695
      vertex 8.72921 3.41389 0.695
    endloop
  endfacet
  facet normal -0.796215 0.605014 0.000228964
    outer loop
      vertex 8.73067 3.41586 0.695
      vertex 8.72921 3.41389 0.823424
      vertex 8.7294 3.41414 0.823543
    endloop
  endfacet
  facet normal -0.146549 0.989203 0
    outer loop
      vertex 8.74755 3.42488 0.695
      vertex 8.74512 3.42452 0.832761
      vertex 8.74755 3.42488 0.833247
    endloop
  endfacet
  facet normal -0.146549 0.989203 0
    outer loop
      vertex 8.74512 3.42452 0.832761
      vertex 8.74755 3.42488 0.695
      vertex 8.74512 3.42452 0.695
    endloop
  endfacet
  facet normal -0.968918 0.247383 0
    outer loop
      vertex 8.72608 3.40726 0.695
      vertex 8.72572 3.40585 0.820577
      vertex 8.72608 3.40726 0.820929
    endloop
  endfacet
  facet normal -0.969661 0.244452 0
    outer loop
      vertex 8.72548 3.40488 0.820433
      vertex 8.72608 3.40726 0.695
      vertex 8.72548 3.40488 0.695
    endloop
  endfacet
  facet normal -0.970725 0.240192 -8.59241e-05
    outer loop
      vertex 8.72608 3.40726 0.695
      vertex 8.72548 3.40488 0.820433
      vertex 8.72572 3.40585 0.820577
    endloop
  endfacet
  facet normal -0.969661 -0.244452 0
    outer loop
      vertex 8.72608 3.39274 0.695
      vertex 8.72548 3.39512 0.820433
      vertex 8.72548 3.39512 0.695
    endloop
  endfacet
  facet normal -0.970725 -0.240192 -8.59241e-05
    outer loop
      vertex 8.72548 3.39512 0.820433
      vertex 8.72608 3.39274 0.695
      vertex 8.72572 3.39415 0.820577
    endloop
  endfacet
  facet normal -0.968918 -0.247383 0
    outer loop
      vertex 8.72572 3.39415 0.820577
      vertex 8.72608 3.39274 0.695
      vertex 8.72608 3.39274 0.820929
    endloop
  endfacet
  facet normal 0.942386 -0.334527 0
    outer loop
      vertex 8.7731 3.39043 0.845001
      vertex 8.77392 3.39274 0.695
      vertex 8.77392 3.39274 0.845001
    endloop
  endfacet
  facet normal 0.942386 -0.334527 0
    outer loop
      vertex 8.77392 3.39274 0.695
      vertex 8.7731 3.39043 0.845001
      vertex 8.7731 3.39043 0.695
    endloop
  endfacet
  facet normal 0.244452 -0.969661 0
    outer loop
      vertex 8.75488 3.37548 0.695
      vertex 8.75726 3.37608 0.845001
      vertex 8.75488 3.37548 0.845001
    endloop
  endfacet
  facet normal 0.244452 -0.969661 0
    outer loop
      vertex 8.75726 3.37608 0.845001
      vertex 8.75488 3.37548 0.695
      vertex 8.75726 3.37608 0.695
    endloop
  endfacet
  facet normal 0.858568 -0.512699 0
    outer loop
      vertex 8.77079 3.38611 0.845001
      vertex 8.77205 3.38822 0.695
      vertex 8.77205 3.38822 0.845001
    endloop
  endfacet
  facet normal 0.858568 -0.512699 0
    outer loop
      vertex 8.77205 3.38822 0.695
      vertex 8.77079 3.38611 0.845001
      vertex 8.77079 3.38611 0.695
    endloop
  endfacet
  facet normal -0.052103 0.998642 0
    outer loop
      vertex 8.75 3.425 0.695
      vertex 8.74885 3.42494 0.833334
      vertex 8.75 3.425 0.833427
    endloop
  endfacet
  facet normal -0.0461081 0.998936 4.99651e-05
    outer loop
      vertex 8.75 3.425 0.695
      vertex 8.74755 3.42488 0.833247
      vertex 8.74885 3.42494 0.833334
    endloop
  endfacet
  facet normal -0.0489209 0.998803 0
    outer loop
      vertex 8.74755 3.42488 0.833247
      vertex 8.75 3.425 0.695
      vertex 8.74755 3.42488 0.695
    endloop
  endfacet
  facet normal 0.903238 -0.42914 0
    outer loop
      vertex 8.77205 3.38822 0.845001
      vertex 8.7731 3.39043 0.695
      vertex 8.7731 3.39043 0.845001
    endloop
  endfacet
  facet normal 0.903238 -0.42914 0
    outer loop
      vertex 8.7731 3.39043 0.695
      vertex 8.77205 3.38822 0.845001
      vertex 8.77205 3.38822 0.695
    endloop
  endfacet
  facet normal -0.595423 0.803413 0
    outer loop
      vertex 8.73611 3.42079 0.695
      vertex 8.73414 3.41933 0.827077
      vertex 8.73611 3.42079 0.828401
    endloop
  endfacet
  facet normal -0.595423 0.803413 0
    outer loop
      vertex 8.73414 3.41933 0.827077
      vertex 8.73611 3.42079 0.695
      vertex 8.73414 3.41933 0.695
    endloop
  endfacet
  facet normal 0.671659 -0.74086 0
    outer loop
      vertex 8.76586 3.38067 0.695
      vertex 8.76768 3.38232 0.845001
      vertex 8.76586 3.38067 0.845001
    endloop
  endfacet
  facet normal 0.671659 -0.74086 0
    outer loop
      vertex 8.76768 3.38232 0.845001
      vertex 8.76586 3.38067 0.695
      vertex 8.76768 3.38232 0.695
    endloop
  endfacet
  facet normal 0.74086 -0.671659 0
    outer loop
      vertex 8.76768 3.38232 0.845001
      vertex 8.76933 3.38414 0.695
      vertex 8.76933 3.38414 0.845001
    endloop
  endfacet
  facet normal 0.74086 -0.671659 0
    outer loop
      vertex 8.76933 3.38414 0.695
      vertex 8.76768 3.38232 0.845001
      vertex 8.76768 3.38232 0.695
    endloop
  endfacet
  facet normal -0.671659 -0.74086 0
    outer loop
      vertex 8.73414 3.38067 0.695
      vertex 8.73232 3.38232 0.825806
      vertex 8.73232 3.38232 0.695
    endloop
  endfacet
  facet normal -0.66899 -0.743272 6.75578e-05
    outer loop
      vertex 8.73232 3.38232 0.825806
      vertex 8.73414 3.38067 0.695
      vertex 8.73382 3.38097 0.82681
    endloop
  endfacet
  facet normal -0.683941 -0.729537 0
    outer loop
      vertex 8.73382 3.38097 0.82681
      vertex 8.73414 3.38067 0.695
      vertex 8.73414 3.38067 0.827077
    endloop
  endfacet
  facet normal -0.903238 -0.42914 0
    outer loop
      vertex 8.72795 3.38822 0.695
      vertex 8.7269 3.39043 0.8216
      vertex 8.7269 3.39043 0.695
    endloop
  endfacet
  facet normal -0.902776 -0.430111 2.07776e-05
    outer loop
      vertex 8.7269 3.39043 0.8216
      vertex 8.72795 3.38822 0.695
      vertex 8.72781 3.38852 0.822284
    endloop
  endfacet
  facet normal -0.906183 -0.422885 0
    outer loop
      vertex 8.72781 3.38852 0.822284
      vertex 8.72795 3.38822 0.695
      vertex 8.72795 3.38822 0.822428
    endloop
  endfacet
  facet normal -0.334527 -0.942386 0
    outer loop
      vertex 8.74274 3.37608 0.695
      vertex 8.74043 3.3769 0.830865
      vertex 8.74043 3.3769 0.695
    endloop
  endfacet
  facet normal -0.32716 -0.944969 0.000140831
    outer loop
      vertex 8.74043 3.3769 0.830865
      vertex 8.74274 3.37608 0.695
      vertex 8.74069 3.37681 0.830968
    endloop
  endfacet
  facet normal -0.335463 -0.942053 0
    outer loop
      vertex 8.74069 3.37681 0.830968
      vertex 8.74274 3.37608 0.695
      vertex 8.74274 3.37608 0.831957
    endloop
  endfacet
  facet normal 0.146549 0.989203 -0
    outer loop
      vertex 8.75488 3.42452 0.695
      vertex 8.75245 3.42488 0.845001
      vertex 8.75488 3.42452 0.845001
    endloop
  endfacet
  facet normal 0.146549 0.989203 0
    outer loop
      vertex 8.75245 3.42488 0.845001
      vertex 8.75488 3.42452 0.695
      vertex 8.75245 3.42488 0.695
    endloop
  endfacet
  facet normal 0 0 -1
    outer loop
      vertex 8.77488 3.39755 0.695
      vertex 8.77488 3.40245 0.695
      vertex 8.775 3.4 0.695
    endloop
  endfacet
  facet normal 0 0 -1
    outer loop
      vertex 8.77452 3.39512 0.695
      vertex 8.77488 3.40245 0.695
      vertex 8.77488 3.39755 0.695
    endloop
  endfacet
  facet normal 0 0 -1
    outer loop
      vertex 8.77452 3.39512 0.695
      vertex 8.77452 3.40488 0.695
      vertex 8.77488 3.40245 0.695
    endloop
  endfacet
  facet normal 0 0 -1
    outer loop
      vertex 8.77392 3.39274 0.695
      vertex 8.77452 3.40488 0.695
      vertex 8.77452 3.39512 0.695
    endloop
  endfacet
  facet normal 0 0 -1
    outer loop
      vertex 8.77392 3.39274 0.695
      vertex 8.77392 3.40726 0.695
      vertex 8.77452 3.40488 0.695
    endloop
  endfacet
  facet normal 0 0 -1
    outer loop
      vertex 8.7731 3.39043 0.695
      vertex 8.77392 3.40726 0.695
      vertex 8.77392 3.39274 0.695
    endloop
  endfacet
  facet normal 0 0 -1
    outer loop
      vertex 8.7731 3.39043 0.695
      vertex 8.7731 3.40957 0.695
      vertex 8.77392 3.40726 0.695
    endloop
  endfacet
  facet normal 0 0 -1
    outer loop
      vertex 8.77205 3.38822 0.695
      vertex 8.7731 3.40957 0.695
      vertex 8.7731 3.39043 0.695
    endloop
  endfacet
  facet normal 0 0 -1
    outer loop
      vertex 8.77205 3.38822 0.695
      vertex 8.77205 3.41178 0.695
      vertex 8.7731 3.40957 0.695
    endloop
  endfacet
  facet normal 0 0 -1
    outer loop
      vertex 8.77079 3.38611 0.695
      vertex 8.77205 3.41178 0.695
      vertex 8.77205 3.38822 0.695
    endloop
  endfacet
  facet normal 0 0 -1
    outer loop
      vertex 8.77079 3.38611 0.695
      vertex 8.77079 3.41389 0.695
      vertex 8.77205 3.41178 0.695
    endloop
  endfacet
  facet normal 0 0 -1
    outer loop
      vertex 8.76933 3.38414 0.695
      vertex 8.77079 3.41389 0.695
      vertex 8.77079 3.38611 0.695
    endloop
  endfacet
  facet normal 0 0 -1
    outer loop
      vertex 8.76933 3.38414 0.695
      vertex 8.76933 3.41586 0.695
      vertex 8.77079 3.41389 0.695
    endloop
  endfacet
  facet normal 0 0 -1
    outer loop
      vertex 8.76768 3.38232 0.695
      vertex 8.76933 3.41586 0.695
      vertex 8.76933 3.38414 0.695
    endloop
  endfacet
  facet normal 0 0 -1
    outer loop
      vertex 8.76768 3.38232 0.695
      vertex 8.76768 3.41768 0.695
      vertex 8.76933 3.41586 0.695
    endloop
  endfacet
  facet normal 0 0 -1
    outer loop
      vertex 8.76586 3.38067 0.695
      vertex 8.76768 3.41768 0.695
      vertex 8.76768 3.38232 0.695
    endloop
  endfacet
  facet normal 0 0 -1
    outer loop
      vertex 8.76586 3.38067 0.695
      vertex 8.76586 3.41933 0.695
      vertex 8.76768 3.41768 0.695
    endloop
  endfacet
  facet normal 0 0 -1
    outer loop
      vertex 8.76389 3.37921 0.695
      vertex 8.76586 3.41933 0.695
      vertex 8.76586 3.38067 0.695
    endloop
  endfacet
  facet normal 0 0 -1
    outer loop
      vertex 8.76389 3.37921 0.695
      vertex 8.76389 3.42079 0.695
      vertex 8.76586 3.41933 0.695
    endloop
  endfacet
  facet normal 0 0 -1
    outer loop
      vertex 8.76178 3.37795 0.695
      vertex 8.76389 3.42079 0.695
      vertex 8.76389 3.37921 0.695
    endloop
  endfacet
  facet normal 0 0 -1
    outer loop
      vertex 8.76178 3.37795 0.695
      vertex 8.76178 3.42205 0.695
      vertex 8.76389 3.42079 0.695
    endloop
  endfacet
  facet normal 0 0 -1
    outer loop
      vertex 8.75957 3.3769 0.695
      vertex 8.76178 3.42205 0.695
      vertex 8.76178 3.37795 0.695
    endloop
  endfacet
  facet normal 0 0 -1
    outer loop
      vertex 8.75957 3.3769 0.695
      vertex 8.75957 3.4231 0.695
      vertex 8.76178 3.42205 0.695
    endloop
  endfacet
  facet normal 0 0 -1
    outer loop
      vertex 8.75726 3.37608 0.695
      vertex 8.75957 3.4231 0.695
      vertex 8.75957 3.3769 0.695
    endloop
  endfacet
  facet normal 0 0 -1
    outer loop
      vertex 8.75726 3.37608 0.695
      vertex 8.75726 3.42392 0.695
      vertex 8.75957 3.4231 0.695
    endloop
  endfacet
  facet normal 0 0 -1
    outer loop
      vertex 8.75488 3.37548 0.695
      vertex 8.75726 3.42392 0.695
      vertex 8.75726 3.37608 0.695
    endloop
  endfacet
  facet normal 0 0 -1
    outer loop
      vertex 8.75488 3.37548 0.695
      vertex 8.75488 3.42452 0.695
      vertex 8.75726 3.42392 0.695
    endloop
  endfacet
  facet normal 0 0 -1
    outer loop
      vertex 8.75245 3.37512 0.695
      vertex 8.75488 3.42452 0.695
      vertex 8.75488 3.37548 0.695
    endloop
  endfacet
  facet normal 0 0 -1
    outer loop
      vertex 8.75245 3.37512 0.695
      vertex 8.75245 3.42488 0.695
      vertex 8.75488 3.42452 0.695
    endloop
  endfacet
  facet normal 0 0 -1
    outer loop
      vertex 8.75 3.375 0.695
      vertex 8.75245 3.42488 0.695
      vertex 8.75245 3.37512 0.695
    endloop
  endfacet
  facet normal 0 0 -1
    outer loop
      vertex 8.75 3.375 0.695
      vertex 8.75 3.425 0.695
      vertex 8.75245 3.42488 0.695
    endloop
  endfacet
  facet normal 0 0 -1
    outer loop
      vertex 8.74755 3.37512 0.695
      vertex 8.75 3.425 0.695
      vertex 8.75 3.375 0.695
    endloop
  endfacet
  facet normal 0 0 -1
    outer loop
      vertex 8.74755 3.37512 0.695
      vertex 8.74755 3.42488 0.695
      vertex 8.75 3.425 0.695
    endloop
  endfacet
  facet normal 0 0 -1
    outer loop
      vertex 8.74512 3.37548 0.695
      vertex 8.74755 3.42488 0.695
      vertex 8.74755 3.37512 0.695
    endloop
  endfacet
  facet normal 0 0 -1
    outer loop
      vertex 8.74512 3.37548 0.695
      vertex 8.74512 3.42452 0.695
      vertex 8.74755 3.42488 0.695
    endloop
  endfacet
  facet normal 0 0 -1
    outer loop
      vertex 8.74274 3.37608 0.695
      vertex 8.74512 3.42452 0.695
      vertex 8.74512 3.37548 0.695
    endloop
  endfacet
  facet normal 0 0 -1
    outer loop
      vertex 8.74274 3.37608 0.695
      vertex 8.74274 3.42392 0.695
      vertex 8.74512 3.42452 0.695
    endloop
  endfacet
  facet normal 0 0 -1
    outer loop
      vertex 8.74043 3.3769 0.695
      vertex 8.74274 3.42392 0.695
      vertex 8.74274 3.37608 0.695
    endloop
  endfacet
  facet normal 0 0 -1
    outer loop
      vertex 8.74043 3.3769 0.695
      vertex 8.74043 3.4231 0.695
      vertex 8.74274 3.42392 0.695
    endloop
  endfacet
  facet normal 0 0 -1
    outer loop
      vertex 8.73822 3.37795 0.695
      vertex 8.74043 3.4231 0.695
      vertex 8.74043 3.3769 0.695
    endloop
  endfacet
  facet normal 0 0 -1
    outer loop
      vertex 8.73822 3.37795 0.695
      vertex 8.73822 3.42205 0.695
      vertex 8.74043 3.4231 0.695
    endloop
  endfacet
  facet normal 0 0 -1
    outer loop
      vertex 8.73611 3.37921 0.695
      vertex 8.73822 3.42205 0.695
      vertex 8.73822 3.37795 0.695
    endloop
  endfacet
  facet normal 0 0 -1
    outer loop
      vertex 8.73611 3.37921 0.695
      vertex 8.73611 3.42079 0.695
      vertex 8.73822 3.42205 0.695
    endloop
  endfacet
  facet normal 0 0 -1
    outer loop
      vertex 8.73414 3.38067 0.695
      vertex 8.73611 3.42079 0.695
      vertex 8.73611 3.37921 0.695
    endloop
  endfacet
  facet normal 0 0 -1
    outer loop
      vertex 8.73414 3.38067 0.695
      vertex 8.73414 3.41933 0.695
      vertex 8.73611 3.42079 0.695
    endloop
  endfacet
  facet normal 0 0 -1
    outer loop
      vertex 8.73232 3.38232 0.695
      vertex 8.73414 3.41933 0.695
      vertex 8.73414 3.38067 0.695
    endloop
  endfacet
  facet normal 0 0 -1
    outer loop
      vertex 8.73232 3.38232 0.695
      vertex 8.73232 3.41768 0.695
      vertex 8.73414 3.41933 0.695
    endloop
  endfacet
  facet normal 0 0 -1
    outer loop
      vertex 8.73067 3.38414 0.695
      vertex 8.73232 3.41768 0.695
      vertex 8.73232 3.38232 0.695
    endloop
  endfacet
  facet normal 0 0 -1
    outer loop
      vertex 8.73067 3.38414 0.695
      vertex 8.73067 3.41586 0.695
      vertex 8.73232 3.41768 0.695
    endloop
  endfacet
  facet normal 0 0 -1
    outer loop
      vertex 8.72921 3.38611 0.695
      vertex 8.73067 3.41586 0.695
      vertex 8.73067 3.38414 0.695
    endloop
  endfacet
  facet normal 0 0 -1
    outer loop
      vertex 8.72921 3.38611 0.695
      vertex 8.72921 3.41389 0.695
      vertex 8.73067 3.41586 0.695
    endloop
  endfacet
  facet normal 0 0 -1
    outer loop
      vertex 8.72795 3.38822 0.695
      vertex 8.72921 3.41389 0.695
      vertex 8.72921 3.38611 0.695
    endloop
  endfacet
  facet normal 0 0 -1
    outer loop
      vertex 8.72795 3.38822 0.695
      vertex 8.72795 3.41178 0.695
      vertex 8.72921 3.41389 0.695
    endloop
  endfacet
  facet normal 0 0 -1
    outer loop
      vertex 8.7269 3.39043 0.695
      vertex 8.72795 3.41178 0.695
      vertex 8.72795 3.38822 0.695
    endloop
  endfacet
  facet normal 0 0 -1
    outer loop
      vertex 8.7269 3.39043 0.695
      vertex 8.7269 3.40957 0.695
      vertex 8.72795 3.41178 0.695
    endloop
  endfacet
  facet normal 0 0 -1
    outer loop
      vertex 8.72608 3.39274 0.695
      vertex 8.7269 3.40957 0.695
      vertex 8.7269 3.39043 0.695
    endloop
  endfacet
  facet normal 0 0 -1
    outer loop
      vertex 8.72608 3.39274 0.695
      vertex 8.72608 3.40726 0.695
      vertex 8.7269 3.40957 0.695
    endloop
  endfacet
  facet normal 0 0 -1
    outer loop
      vertex 8.72548 3.39512 0.695
      vertex 8.72608 3.40726 0.695
      vertex 8.72608 3.39274 0.695
    endloop
  endfacet
  facet normal 0 0 -1
    outer loop
      vertex 8.72548 3.39512 0.695
      vertex 8.72548 3.40488 0.695
      vertex 8.72608 3.40726 0.695
    endloop
  endfacet
  facet normal 0 0 -1
    outer loop
      vertex 8.72512 3.39755 0.695
      vertex 8.72548 3.40488 0.695
      vertex 8.72548 3.39512 0.695
    endloop
  endfacet
  facet normal 0 0 -1
    outer loop
      vertex 8.72512 3.39755 0.695
      vertex 8.72512 3.40245 0.695
      vertex 8.72548 3.40488 0.695
    endloop
  endfacet
  facet normal 0 -0 -1
    outer loop
      vertex 8.72512 3.40245 0.695
      vertex 8.72512 3.39755 0.695
      vertex 8.725 3.4 0.695
    endloop
  endfacet
  facet normal -0 0 1
    outer loop
      vertex 6.4 4.1 0.2
      vertex 6.5 3.9 0.2
      vertex 6.5 4.1 0.2
    endloop
  endfacet
  facet normal 0 0 1
    outer loop
      vertex 6.5 3.9 0.2
      vertex 6.4 4.1 0.2
      vertex 6.5 0.1 0.2
    endloop
  endfacet
  facet normal 0 0 1
    outer loop
      vertex 6.4 -0.0999994 0.2
      vertex 6.5 0.1 0.2
      vertex 6.4 4.1 0.2
    endloop
  endfacet
  facet normal 0 0 1
    outer loop
      vertex 6.5 0.1 0.2
      vertex 6.4 -0.0999994 0.2
      vertex 6.5 -0.0999994 0.2
    endloop
  endfacet
  facet normal -0 0 1
    outer loop
      vertex 7.3 1.1 0.2
      vertex 7.7 0.8 0.2
      vertex 7.7 1.1 0.2
    endloop
  endfacet
  facet normal 0 0 1
    outer loop
      vertex 7.7 0.8 0.2
      vertex 7.3 1.1 0.2
      vertex 7.3 0.8 0.2
    endloop
  endfacet
  facet normal -0 0 1
    outer loop
      vertex 7.3 1.8 0.2
      vertex 7.7 1.5 0.2
      vertex 7.7 1.8 0.2
    endloop
  endfacet
  facet normal 0 0 1
    outer loop
      vertex 7.7 1.5 0.2
      vertex 7.3 1.8 0.2
      vertex 7.3 1.5 0.2
    endloop
  endfacet
  facet normal -0 0 1
    outer loop
      vertex 7.3 2.5 0.2
      vertex 7.7 2.2 0.2
      vertex 7.7 2.5 0.2
    endloop
  endfacet
  facet normal 0 0 1
    outer loop
      vertex 7.7 2.2 0.2
      vertex 7.3 2.5 0.2
      vertex 7.3 2.2 0.2
    endloop
  endfacet
  facet normal -0 0 1
    outer loop
      vertex 7.3 3.2 0.2
      vertex 7.7 2.9 0.2
      vertex 7.7 3.2 0.2
    endloop
  endfacet
  facet normal 0 0 1
    outer loop
      vertex 7.7 2.9 0.2
      vertex 7.3 3.2 0.2
      vertex 7.3 2.9 0.2
    endloop
  endfacet
  facet normal 0 0 1
    outer loop
      vertex 7.7 3.2 0.2
      vertex 9.4 3.9 0.2
      vertex 7.7 3.6 0.2
    endloop
  endfacet
  facet normal -0 0 1
    outer loop
      vertex 6.5 3.9 0.2
      vertex 7.7 3.6 0.2
      vertex 9.4 3.9 0.2
    endloop
  endfacet
  facet normal 0 0 1
    outer loop
      vertex 6.5 3.9 0.2
      vertex 7.3 3.2 0.2
      vertex 7.3 3.6 0.2
    endloop
  endfacet
  facet normal 0 0 1
    outer loop
      vertex 7.3 3.2 0.2
      vertex 6.5 3.9 0.2
      vertex 7.3 2.9 0.2
    endloop
  endfacet
  facet normal 0 0 1
    outer loop
      vertex 7.3 2.9 0.2
      vertex 6.5 3.9 0.2
      vertex 7.3 2.5 0.2
    endloop
  endfacet
  facet normal 0 0 1
    outer loop
      vertex 7.3 2.5 0.2
      vertex 6.5 3.9 0.2
      vertex 7.3 2.2 0.2
    endloop
  endfacet
  facet normal 0 0 1
    outer loop
      vertex 7.3 2.2 0.2
      vertex 6.5 3.9 0.2
      vertex 7.3 1.8 0.2
    endloop
  endfacet
  facet normal 0 0 1
    outer loop
      vertex 6.5 0.1 0.2
      vertex 7.3 1.8 0.2
      vertex 6.5 3.9 0.2
    endloop
  endfacet
  facet normal 0 0 1
    outer loop
      vertex 7.3 1.8 0.2
      vertex 6.5 0.1 0.2
      vertex 7.3 1.5 0.2
    endloop
  endfacet
  facet normal 0 0 1
    outer loop
      vertex 7.3 1.5 0.2
      vertex 6.5 0.1 0.2
      vertex 7.3 1.1 0.2
    endloop
  endfacet
  facet normal 0 0 1
    outer loop
      vertex 7.3 1.1 0.2
      vertex 6.5 0.1 0.2
      vertex 7.3 0.8 0.2
    endloop
  endfacet
  facet normal 0 0 1
    outer loop
      vertex 7.7 3.6 0.2
      vertex 6.5 3.9 0.2
      vertex 7.3 3.6 0.2
    endloop
  endfacet
  facet normal 0 0 1
    outer loop
      vertex 7.7 2.9 0.2
      vertex 9.4 3.9 0.2
      vertex 7.7 3.2 0.2
    endloop
  endfacet
  facet normal 0 0 1
    outer loop
      vertex 7.7 2.5 0.2
      vertex 9.4 3.9 0.2
      vertex 7.7 2.9 0.2
    endloop
  endfacet
  facet normal 0 0 1
    outer loop
      vertex 7.7 2.2 0.2
      vertex 9.4 3.9 0.2
      vertex 7.7 2.5 0.2
    endloop
  endfacet
  facet normal 0 0 1
    outer loop
      vertex 9.4 3.9 0.2
      vertex 7.7 2.2 0.2
      vertex 9.4 0.1 0.2
    endloop
  endfacet
  facet normal -0 0 1
    outer loop
      vertex 7.7 1.8 0.2
      vertex 9.4 0.1 0.2
      vertex 7.7 2.2 0.2
    endloop
  endfacet
  facet normal -0 0 1
    outer loop
      vertex 7.7 1.5 0.2
      vertex 9.4 0.1 0.2
      vertex 7.7 1.8 0.2
    endloop
  endfacet
  facet normal -0 0 1
    outer loop
      vertex 7.7 1.1 0.2
      vertex 9.4 0.1 0.2
      vertex 7.7 1.5 0.2
    endloop
  endfacet
  facet normal -0 0 1
    outer loop
      vertex 7.7 0.8 0.2
      vertex 9.4 0.1 0.2
      vertex 7.7 1.1 0.2
    endloop
  endfacet
  facet normal -0 0 1
    outer loop
      vertex 7.7 0.400001 0.2
      vertex 9.4 0.1 0.2
      vertex 7.7 0.8 0.2
    endloop
  endfacet
  facet normal 0 0 1
    outer loop
      vertex 6.5 0.1 0.2
      vertex 7.7 0.400001 0.2
      vertex 7.3 0.400001 0.2
    endloop
  endfacet
  facet normal 0 0 1
    outer loop
      vertex 7.7 0.400001 0.2
      vertex 6.5 0.1 0.2
      vertex 9.4 0.1 0.2
    endloop
  endfacet
  facet normal 0 0 1
    outer loop
      vertex 7.3 0.8 0.2
      vertex 6.5 0.1 0.2
      vertex 7.3 0.400001 0.2
    endloop
  endfacet
  facet normal -0 0 1
    outer loop
      vertex 9.5 4.1 0.2
      vertex 9.6 4 0.2
      vertex 9.6 4.1 0.2
    endloop
  endfacet
  facet normal 0 0 1
    outer loop
      vertex 9.6 4 0.2
      vertex 9.5 4.1 0.2
      vertex 9.5 4 0.2
    endloop
  endfacet
  facet normal -0 0 1
    outer loop
      vertex 9.5 0 0.2
      vertex 9.6 -0.0999994 0.2
      vertex 9.6 0 0.2
    endloop
  endfacet
  facet normal 0 0 1
    outer loop
      vertex 9.6 -0.0999994 0.2
      vertex 9.5 0 0.2
      vertex 9.5 -0.0999994 0.2
    endloop
  endfacet
  facet normal 0 0 1
    outer loop
      vertex 9 9 0
      vertex 9.6 4.1 0
      vertex 14 -9 0
    endloop
  endfacet
  facet normal 0 0 1
    outer loop
      vertex 9 9 0
      vertex 6.4 4.1 0
      vertex 9.6 4.1 0
    endloop
  endfacet
  facet normal 0 0 1
    outer loop
      vertex 6.4 4.1 0
      vertex 4.65 4.65 0
      vertex 6.4 -0.0999994 0
    endloop
  endfacet
  facet normal 0 0 1
    outer loop
      vertex 9 9 0
      vertex 4.65 4.65 0
      vertex 6.4 4.1 0
    endloop
  endfacet
  facet normal 0 0 1
    outer loop
      vertex 9 9 0
      vertex -4.65 4.65 0
      vertex 4.65 4.65 0
    endloop
  endfacet
  facet normal 0 0 1
    outer loop
      vertex -4.65 4.65 0
      vertex -9 9 0
      vertex -4.65 -4.65 0
    endloop
  endfacet
  facet normal -0 0 1
    outer loop
      vertex -9 9 0
      vertex -4.65 4.65 0
      vertex 9 9 0
    endloop
  endfacet
  facet normal -0 0 1
    outer loop
      vertex 9.6 -0.0999994 0
      vertex 14 -9 0
      vertex 9.6 4.1 0
    endloop
  endfacet
  facet normal 0 0 1
    outer loop
      vertex 4.65 -4.65 0
      vertex 9.6 -0.0999994 0
      vertex 6.4 -0.0999994 0
    endloop
  endfacet
  facet normal 0 0 1
    outer loop
      vertex 4.65 -4.65 0
      vertex 6.4 -0.0999994 0
      vertex 4.65 4.65 0
    endloop
  endfacet
  facet normal 0 0 1
    outer loop
      vertex 9.6 -0.0999994 0
      vertex 4.65 -4.65 0
      vertex 14 -9 0
    endloop
  endfacet
  facet normal 0 0 1
    outer loop
      vertex -9 -9 0
      vertex 4.65 -4.65 0
      vertex -4.65 -4.65 0
    endloop
  endfacet
  facet normal 0 0 1
    outer loop
      vertex 4.65 -4.65 0
      vertex -9 -9 0
      vertex 14 -9 0
    endloop
  endfacet
  facet normal 0 0 1
    outer loop
      vertex -9 -9 0
      vertex -4.65 -4.65 0
      vertex -9 9 0
    endloop
  endfacet
  facet normal -1 0 0
    outer loop
      vertex 6.4 -0.0999994 0
      vertex 6.4 4.1 0.2
      vertex 6.4 4.1 0
    endloop
  endfacet
  facet normal -1 -0 0
    outer loop
      vertex 6.4 4.1 0.2
      vertex 6.4 -0.0999994 0
      vertex 6.4 -0.0999994 0.2
    endloop
  endfacet
  facet normal -1 0 0
    outer loop
      vertex 6.2 -0.254639 1.94152
      vertex 6.2 4.25464 2.85848
      vertex 6.2 4.27548 2.7403
    endloop
  endfacet
  facet normal -1 0 0
    outer loop
      vertex 6.2 4.25464 2.85848
      vertex 6.2 -0.254639 1.94152
      vertex 6.2 -0.275476 2.0597
    endloop
  endfacet
  facet normal 0 -0.173648 0.984808
    outer loop
      vertex 6.2 4.25464 2.85848
      vertex 9.8 -0.275476 2.0597
      vertex 9.8 4.25464 2.85848
    endloop
  endfacet
  facet normal 0 -0.173648 0.984808
    outer loop
      vertex 9.8 -0.275476 2.0597
      vertex 6.2 4.25464 2.85848
      vertex 6.2 -0.275476 2.0597
    endloop
  endfacet
  facet normal 0 0.173648 -0.984808
    outer loop
      vertex 6.2 -0.254639 1.94152
      vertex 9.8 4.27548 2.7403
      vertex 9.8 -0.254639 1.94152
    endloop
  endfacet
  facet normal 0 0.173648 -0.984808
    outer loop
      vertex 9.8 4.27548 2.7403
      vertex 6.2 -0.254639 1.94152
      vertex 6.2 4.27548 2.7403
    endloop
  endfacet
  facet normal 0 -0.98481 -0.173637
    outer loop
      vertex 6.2 -0.254639 1.94152
      vertex 9.8 -0.275476 2.0597
      vertex 6.2 -0.275476 2.0597
    endloop
  endfacet
  facet normal 0 -0.98481 -0.173637
    outer loop
      vertex 9.8 -0.275476 2.0597
      vertex 6.2 -0.254639 1.94152
      vertex 9.8 -0.254639 1.94152
    endloop
  endfacet
  facet normal 0 0.984805 0.173662
    outer loop
      vertex 9.8 4.27548 2.7403
      vertex 6.2 4.25464 2.85848
      vertex 9.8 4.25464 2.85848
    endloop
  endfacet
  facet normal 0 0.984805 0.173662
    outer loop
      vertex 6.2 4.25464 2.85848
      vertex 9.8 4.27548 2.7403
      vertex 6.2 4.27548 2.7403
    endloop
  endfacet
  facet normal 1 0 0
    outer loop
      vertex 9.8 4.25464 2.85848
      vertex 9.8 -0.254639 1.94152
      vertex 9.8 4.27548 2.7403
    endloop
  endfacet
  facet normal 1 0 -0
    outer loop
      vertex 9.8 -0.254639 1.94152
      vertex 9.8 4.25464 2.85848
      vertex 9.8 -0.275476 2.0597
    endloop
  endfacet
  facet normal 0.989174 0.146746 0
    outer loop
      vertex 13.4928 12.147 1.25
      vertex 13.4712 12.2926 1.15
      vertex 13.4712 12.2926 1.25
    endloop
  endfacet
  facet normal 0.989174 0.146746 0
    outer loop
      vertex 13.4712 12.2926 1.15
      vertex 13.4928 12.147 1.25
      vertex 13.4928 12.147 1.15
    endloop
  endfacet
  facet normal 0.998803 0.0489209 0
    outer loop
      vertex 13.5 12 1.25
      vertex 13.4928 12.147 1.15
      vertex 13.4928 12.147 1.25
    endloop
  endfacet
  facet normal 0.998803 0.0489209 0
    outer loop
      vertex 13.4928 12.147 1.15
      vertex 13.5 12 1.25
      vertex 13.5 12 1.15
    endloop
  endfacet
  facet normal 0.969982 0.243175 0
    outer loop
      vertex 13.4712 12.2926 1.25
      vertex 13.4354 12.4354 1.15
      vertex 13.4354 12.4354 1.25
    endloop
  endfacet
  facet normal 0.969982 0.243175 0
    outer loop
      vertex 13.4354 12.4354 1.15
      vertex 13.4712 12.2926 1.25
      vertex 13.4712 12.2926 1.15
    endloop
  endfacet
  facet normal 0.427269 -0.904125 0
    outer loop
      vertex 12.574 10.6142 1.15
      vertex 12.7071 10.6771 1.25
      vertex 12.574 10.6142 1.25
    endloop
  endfacet
  facet normal 0.427269 -0.904125 0
    outer loop
      vertex 12.7071 10.6771 1.25
      vertex 12.574 10.6142 1.15
      vertex 12.7071 10.6771 1.15
    endloop
  endfacet
  facet normal -0.595861 0.803088 0
    outer loop
      vertex 11.1666 13.2472 1.15
      vertex 11.0484 13.1595 1.25
      vertex 11.1666 13.2472 1.25
    endloop
  endfacet
  facet normal -0.595861 0.803088 0
    outer loop
      vertex 11.0484 13.1595 1.25
      vertex 11.1666 13.2472 1.15
      vertex 11.0484 13.1595 1.15
    endloop
  endfacet
  facet normal -0.904125 0.427269 0
    outer loop
      vertex 10.6142 12.574 1.15
      vertex 10.6771 12.7071 1.25
      vertex 10.6771 12.7071 1.15
    endloop
  endfacet
  facet normal -0.904125 0.427269 0
    outer loop
      vertex 10.6771 12.7071 1.25
      vertex 10.6142 12.574 1.15
      vertex 10.6142 12.574 1.25
    endloop
  endfacet
  facet normal -0.969982 0.243175 0
    outer loop
      vertex 10.5288 12.2926 1.15
      vertex 10.5646 12.4354 1.25
      vertex 10.5646 12.4354 1.15
    endloop
  endfacet
  facet normal -0.969982 0.243175 0
    outer loop
      vertex 10.5646 12.4354 1.25
      vertex 10.5288 12.2926 1.15
      vertex 10.5288 12.2926 1.25
    endloop
  endfacet
  facet normal 0.514096 -0.857733 0
    outer loop
      vertex 12.7071 10.6771 1.15
      vertex 12.8334 10.7528 1.25
      vertex 12.7071 10.6771 1.25
    endloop
  endfacet
  facet normal 0.514096 -0.857733 0
    outer loop
      vertex 12.8334 10.7528 1.25
      vertex 12.7071 10.6771 1.15
      vertex 12.8334 10.7528 1.15
    endloop
  endfacet
  facet normal 0.243175 -0.969982 0
    outer loop
      vertex 12.2926 10.5288 1.15
      vertex 12.4354 10.5646 1.25
      vertex 12.2926 10.5288 1.25
    endloop
  endfacet
  facet normal 0.243175 -0.969982 0
    outer loop
      vertex 12.4354 10.5646 1.25
      vertex 12.2926 10.5288 1.15
      vertex 12.4354 10.5646 1.15
    endloop
  endfacet
  facet normal 0.0489209 0.998803 -0
    outer loop
      vertex 12.147 13.4928 1.15
      vertex 12 13.5 1.25
      vertex 12.147 13.4928 1.25
    endloop
  endfacet
  facet normal 0.0489209 0.998803 0
    outer loop
      vertex 12 13.5 1.25
      vertex 12.147 13.4928 1.15
      vertex 12 13.5 1.15
    endloop
  endfacet
  facet normal 0.146746 0.989174 -0
    outer loop
      vertex 12.2926 13.4712 1.15
      vertex 12.147 13.4928 1.25
      vertex 12.2926 13.4712 1.25
    endloop
  endfacet
  facet normal 0.146746 0.989174 0
    outer loop
      vertex 12.147 13.4928 1.25
      vertex 12.2926 13.4712 1.15
      vertex 12.147 13.4928 1.15
    endloop
  endfacet
  facet normal 0.427269 0.904125 -0
    outer loop
      vertex 12.7071 13.3229 1.15
      vertex 12.574 13.3858 1.25
      vertex 12.7071 13.3229 1.25
    endloop
  endfacet
  facet normal 0.427269 0.904125 0
    outer loop
      vertex 12.574 13.3858 1.25
      vertex 12.7071 13.3229 1.15
      vertex 12.574 13.3858 1.15
    endloop
  endfacet
  facet normal 0.146746 -0.989174 0
    outer loop
      vertex 12.147 10.5072 1.15
      vertex 12.2926 10.5288 1.25
      vertex 12.147 10.5072 1.25
    endloop
  endfacet
  facet normal 0.146746 -0.989174 0
    outer loop
      vertex 12.2926 10.5288 1.25
      vertex 12.147 10.5072 1.15
      vertex 12.2926 10.5288 1.15
    endloop
  endfacet
  facet normal 0 0 1
    outer loop
      vertex 12.0875 12.6484 1.25
      vertex 13.5 12 1.25
      vertex 13.4928 12.147 1.25
    endloop
  endfacet
  facet normal 0 0 1
    outer loop
      vertex 12.0875 12.6484 1.25
      vertex 13.4928 12.147 1.25
      vertex 13.4712 12.2926 1.25
    endloop
  endfacet
  facet normal 0 0 1
    outer loop
      vertex 13.5 12 1.25
      vertex 12.0875 12.6484 1.25
      vertex 13.4928 11.853 1.25
    endloop
  endfacet
  facet normal 0 0 1
    outer loop
      vertex 12.0875 12.6484 1.25
      vertex 13.4712 12.2926 1.25
      vertex 13.4354 12.4354 1.25
    endloop
  endfacet
  facet normal 0 0 1
    outer loop
      vertex 13.4928 11.853 1.25
      vertex 12.0875 12.6484 1.25
      vertex 13.4712 11.7074 1.25
    endloop
  endfacet
  facet normal 0 0 1
    outer loop
      vertex 12.0875 12.6484 1.25
      vertex 13.4354 12.4354 1.25
      vertex 13.3858 12.574 1.25
    endloop
  endfacet
  facet normal 0 0 1
    outer loop
      vertex 13.4712 11.7074 1.25
      vertex 12.0875 12.6484 1.25
      vertex 13.4354 11.5646 1.25
    endloop
  endfacet
  facet normal -0 0 1
    outer loop
      vertex 12.0875 12.6484 1.25
      vertex 13.3858 12.574 1.25
      vertex 13.3229 12.7071 1.25
    endloop
  endfacet
  facet normal 0 0 1
    outer loop
      vertex 13.4354 11.5646 1.25
      vertex 12.0875 12.6484 1.25
      vertex 13.3858 11.426 1.25
    endloop
  endfacet
  facet normal 0 0 1
    outer loop
      vertex 12.0875 12.6484 1.25
      vertex 13.3229 12.7071 1.25
      vertex 13.2472 12.8334 1.25
    endloop
  endfacet
  facet normal 0 0 1
    outer loop
      vertex 13.3858 11.426 1.25
      vertex 12.0875 12.6484 1.25
      vertex 13.3229 11.2929 1.25
    endloop
  endfacet
  facet normal 0 0 1
    outer loop
      vertex 12.0875 12.6484 1.25
      vertex 13.2472 12.8334 1.25
      vertex 13.1595 12.9516 1.25
    endloop
  endfacet
  facet normal 0 0 1
    outer loop
      vertex 13.3229 11.2929 1.25
      vertex 12.0875 12.6484 1.25
      vertex 13.2472 11.1666 1.25
    endloop
  endfacet
  facet normal 0 0 1
    outer loop
      vertex 12.0875 12.6484 1.25
      vertex 13.1595 12.9516 1.25
      vertex 13.0607 13.0607 1.25
    endloop
  endfacet
  facet normal 0 0 1
    outer loop
      vertex 13.2472 11.1666 1.25
      vertex 12.0875 12.6484 1.25
      vertex 13.1595 11.0484 1.25
    endloop
  endfacet
  facet normal 0 0 1
    outer loop
      vertex 12.0875 12.6484 1.25
      vertex 13.0607 13.0607 1.25
      vertex 12.9516 13.1595 1.25
    endloop
  endfacet
  facet normal 0 0 1
    outer loop
      vertex 13.1595 11.0484 1.25
      vertex 12.0875 12.6484 1.25
      vertex 13.0607 10.9393 1.25
    endloop
  endfacet
  facet normal 0 0 1
    outer loop
      vertex 12.0875 12.6484 1.25
      vertex 12.9516 13.1595 1.25
      vertex 12.8334 13.2472 1.25
    endloop
  endfacet
  facet normal 0 0 1
    outer loop
      vertex 13.0607 10.9393 1.25
      vertex 12.0875 12.6484 1.25
      vertex 12.9516 10.8405 1.25
    endloop
  endfacet
  facet normal 0 0 1
    outer loop
      vertex 12.0875 12.9516 1.25
      vertex 12.8334 13.2472 1.25
      vertex 12.7071 13.3229 1.25
    endloop
  endfacet
  facet normal 0 0 1
    outer loop
      vertex 12.9516 10.8405 1.25
      vertex 12.0875 12.6484 1.25
      vertex 12.8334 10.7528 1.25
    endloop
  endfacet
  facet normal 0 0 1
    outer loop
      vertex 12.0875 12.9516 1.25
      vertex 12.7071 13.3229 1.25
      vertex 12.574 13.3858 1.25
    endloop
  endfacet
  facet normal 0 0 1
    outer loop
      vertex 12.8334 10.7528 1.25
      vertex 12.0875 12.6484 1.25
      vertex 12.7071 10.6771 1.25
    endloop
  endfacet
  facet normal 0 0 1
    outer loop
      vertex 12.0875 12.9516 1.25
      vertex 12.574 13.3858 1.25
      vertex 12.4354 13.4354 1.25
    endloop
  endfacet
  facet normal 0 0 1
    outer loop
      vertex 12.7071 10.6771 1.25
      vertex 12.0875 12.6484 1.25
      vertex 12.574 10.6142 1.25
    endloop
  endfacet
  facet normal 0 0 1
    outer loop
      vertex 12.0875 12.9516 1.25
      vertex 12.4354 13.4354 1.25
      vertex 12.2926 13.4712 1.25
    endloop
  endfacet
  facet normal 0 0 1
    outer loop
      vertex 12.574 10.6142 1.25
      vertex 12.0875 12.6484 1.25
      vertex 12.4354 10.5646 1.25
    endloop
  endfacet
  facet normal 0 0 1
    outer loop
      vertex 12.0875 12.9516 1.25
      vertex 12.2926 13.4712 1.25
      vertex 12.147 13.4928 1.25
    endloop
  endfacet
  facet normal 0 0 1
    outer loop
      vertex 12.4354 10.5646 1.25
      vertex 12.0875 12.6484 1.25
      vertex 12.2926 10.5288 1.25
    endloop
  endfacet
  facet normal 0 0 1
    outer loop
      vertex 12.8334 13.2472 1.25
      vertex 12.0875 12.9516 1.25
      vertex 12.0875 12.6484 1.25
    endloop
  endfacet
  facet normal 0 0 1
    outer loop
      vertex 12 13.5 1.25
      vertex 12.0875 12.9516 1.25
      vertex 12.147 13.4928 1.25
    endloop
  endfacet
  facet normal -0 0 1
    outer loop
      vertex 11.853 13.4928 1.25
      vertex 12.0875 12.9516 1.25
      vertex 12 13.5 1.25
    endloop
  endfacet
  facet normal -0 0 1
    outer loop
      vertex 11.7074 13.4712 1.25
      vertex 12.0875 12.9516 1.25
      vertex 11.853 13.4928 1.25
    endloop
  endfacet
  facet normal 0 0 1
    outer loop
      vertex 12.0875 12.9516 1.25
      vertex 11.7074 13.4712 1.25
      vertex 11.825 12.8 1.25
    endloop
  endfacet
  facet normal 0 0 1
    outer loop
      vertex 12.2926 10.5288 1.25
      vertex 12.0875 12.6484 1.25
      vertex 12.147 10.5072 1.25
    endloop
  endfacet
  facet normal 0 0 1
    outer loop
      vertex 12.0875 12.6484 1.25
      vertex 12 10.5 1.25
      vertex 12.147 10.5072 1.25
    endloop
  endfacet
  facet normal 0 0 1
    outer loop
      vertex 12.0875 12.6484 1.25
      vertex 11.853 10.5072 1.25
      vertex 12 10.5 1.25
    endloop
  endfacet
  facet normal 0 0 1
    outer loop
      vertex 10.5288 11.7074 1.25
      vertex 12.0875 12.6484 1.25
      vertex 11.825 12.8 1.25
    endloop
  endfacet
  facet normal -0 0 1
    outer loop
      vertex 11.5646 13.4354 1.25
      vertex 11.825 12.8 1.25
      vertex 11.7074 13.4712 1.25
    endloop
  endfacet
  facet normal 0 0 1
    outer loop
      vertex 12.0875 12.6484 1.25
      vertex 11.7074 10.5288 1.25
      vertex 11.853 10.5072 1.25
    endloop
  endfacet
  facet normal -0 0 1
    outer loop
      vertex 11.426 13.3858 1.25
      vertex 11.825 12.8 1.25
      vertex 11.5646 13.4354 1.25
    endloop
  endfacet
  facet normal 0 0 1
    outer loop
      vertex 12.0875 12.6484 1.25
      vertex 11.5646 10.5646 1.25
      vertex 11.7074 10.5288 1.25
    endloop
  endfacet
  facet normal -0 0 1
    outer loop
      vertex 11.2929 13.3229 1.25
      vertex 11.825 12.8 1.25
      vertex 11.426 13.3858 1.25
    endloop
  endfacet
  facet normal 0 0 1
    outer loop
      vertex 12.0875 12.6484 1.25
      vertex 11.426 10.6142 1.25
      vertex 11.5646 10.5646 1.25
    endloop
  endfacet
  facet normal -0 0 1
    outer loop
      vertex 11.1666 13.2472 1.25
      vertex 11.825 12.8 1.25
      vertex 11.2929 13.3229 1.25
    endloop
  endfacet
  facet normal 0 0 1
    outer loop
      vertex 12.0875 12.6484 1.25
      vertex 11.2929 10.6771 1.25
      vertex 11.426 10.6142 1.25
    endloop
  endfacet
  facet normal -0 0 1
    outer loop
      vertex 11.0484 13.1595 1.25
      vertex 11.825 12.8 1.25
      vertex 11.1666 13.2472 1.25
    endloop
  endfacet
  facet normal 0 0 1
    outer loop
      vertex 12.0875 12.6484 1.25
      vertex 11.1666 10.7528 1.25
      vertex 11.2929 10.6771 1.25
    endloop
  endfacet
  facet normal -0 0 1
    outer loop
      vertex 10.9393 13.0607 1.25
      vertex 11.825 12.8 1.25
      vertex 11.0484 13.1595 1.25
    endloop
  endfacet
  facet normal 0 0 1
    outer loop
      vertex 12.0875 12.6484 1.25
      vertex 11.0484 10.8405 1.25
      vertex 11.1666 10.7528 1.25
    endloop
  endfacet
  facet normal -0 0 1
    outer loop
      vertex 10.8405 12.9516 1.25
      vertex 11.825 12.8 1.25
      vertex 10.9393 13.0607 1.25
    endloop
  endfacet
  facet normal 0 0 1
    outer loop
      vertex 12.0875 12.6484 1.25
      vertex 10.9393 10.9393 1.25
      vertex 11.0484 10.8405 1.25
    endloop
  endfacet
  facet normal -0 0 1
    outer loop
      vertex 10.7528 12.8334 1.25
      vertex 11.825 12.8 1.25
      vertex 10.8405 12.9516 1.25
    endloop
  endfacet
  facet normal 0 0 1
    outer loop
      vertex 12.0875 12.6484 1.25
      vertex 10.8405 11.0484 1.25
      vertex 10.9393 10.9393 1.25
    endloop
  endfacet
  facet normal 0 0 1
    outer loop
      vertex 10.6771 12.7071 1.25
      vertex 11.825 12.8 1.25
      vertex 10.7528 12.8334 1.25
    endloop
  endfacet
  facet normal 0 0 1
    outer loop
      vertex 12.0875 12.6484 1.25
      vertex 10.7528 11.1666 1.25
      vertex 10.8405 11.0484 1.25
    endloop
  endfacet
  facet normal 0 0 1
    outer loop
      vertex 10.6142 12.574 1.25
      vertex 11.825 12.8 1.25
      vertex 10.6771 12.7071 1.25
    endloop
  endfacet
  facet normal 0 0 1
    outer loop
      vertex 12.0875 12.6484 1.25
      vertex 10.6771 11.2929 1.25
      vertex 10.7528 11.1666 1.25
    endloop
  endfacet
  facet normal 0 0 1
    outer loop
      vertex 10.5646 12.4354 1.25
      vertex 11.825 12.8 1.25
      vertex 10.6142 12.574 1.25
    endloop
  endfacet
  facet normal 0 0 1
    outer loop
      vertex 12.0875 12.6484 1.25
      vertex 10.6142 11.426 1.25
      vertex 10.6771 11.2929 1.25
    endloop
  endfacet
  facet normal 0 0 1
    outer loop
      vertex 10.5288 12.2926 1.25
      vertex 11.825 12.8 1.25
      vertex 10.5646 12.4354 1.25
    endloop
  endfacet
  facet normal 0 0 1
    outer loop
      vertex 12.0875 12.6484 1.25
      vertex 10.5646 11.5646 1.25
      vertex 10.6142 11.426 1.25
    endloop
  endfacet
  facet normal 0 0 1
    outer loop
      vertex 10.5072 12.147 1.25
      vertex 11.825 12.8 1.25
      vertex 10.5288 12.2926 1.25
    endloop
  endfacet
  facet normal 0 0 1
    outer loop
      vertex 12.0875 12.6484 1.25
      vertex 10.5288 11.7074 1.25
      vertex 10.5646 11.5646 1.25
    endloop
  endfacet
  facet normal 0 0 1
    outer loop
      vertex 10.5 12 1.25
      vertex 11.825 12.8 1.25
      vertex 10.5072 12.147 1.25
    endloop
  endfacet
  facet normal 0 0 1
    outer loop
      vertex 11.825 12.8 1.25
      vertex 10.5072 11.853 1.25
      vertex 10.5288 11.7074 1.25
    endloop
  endfacet
  facet normal 0 0 1
    outer loop
      vertex 11.825 12.8 1.25
      vertex 10.5 12 1.25
      vertex 10.5072 11.853 1.25
    endloop
  endfacet
  facet normal 0.803088 -0.595861 0
    outer loop
      vertex 13.1595 11.0484 1.25
      vertex 13.2472 11.1666 1.15
      vertex 13.2472 11.1666 1.25
    endloop
  endfacet
  facet normal 0.803088 -0.595861 0
    outer loop
      vertex 13.2472 11.1666 1.15
      vertex 13.1595 11.0484 1.25
      vertex 13.1595 11.0484 1.15
    endloop
  endfacet
  facet normal -0.74123 -0.671251 0
    outer loop
      vertex 10.9393 10.9393 1.15
      vertex 10.8405 11.0484 1.25
      vertex 10.8405 11.0484 1.15
    endloop
  endfacet
  facet normal -0.74123 -0.671251 0
    outer loop
      vertex 10.8405 11.0484 1.25
      vertex 10.9393 10.9393 1.15
      vertex 10.9393 10.9393 1.25
    endloop
  endfacet
  facet normal -0.514096 0.857733 0
    outer loop
      vertex 11.2929 13.3229 1.15
      vertex 11.1666 13.2472 1.25
      vertex 11.2929 13.3229 1.25
    endloop
  endfacet
  facet normal -0.514096 0.857733 0
    outer loop
      vertex 11.1666 13.2472 1.25
      vertex 11.2929 13.3229 1.15
      vertex 11.1666 13.2472 1.15
    endloop
  endfacet
  facet normal 0.989174 -0.146746 0
    outer loop
      vertex 13.4712 11.7074 1.25
      vertex 13.4928 11.853 1.15
      vertex 13.4928 11.853 1.25
    endloop
  endfacet
  facet normal 0.989174 -0.146746 0
    outer loop
      vertex 13.4928 11.853 1.15
      vertex 13.4712 11.7074 1.25
      vertex 13.4712 11.7074 1.15
    endloop
  endfacet
  facet normal -0.146746 -0.989174 0
    outer loop
      vertex 11.7074 10.5288 1.15
      vertex 11.853 10.5072 1.25
      vertex 11.7074 10.5288 1.25
    endloop
  endfacet
  facet normal -0.146746 -0.989174 -0
    outer loop
      vertex 11.853 10.5072 1.25
      vertex 11.7074 10.5288 1.15
      vertex 11.853 10.5072 1.15
    endloop
  endfacet
  facet normal 0.595861 -0.803088 0
    outer loop
      vertex 12.8334 10.7528 1.15
      vertex 12.9516 10.8405 1.25
      vertex 12.8334 10.7528 1.25
    endloop
  endfacet
  facet normal 0.595861 -0.803088 0
    outer loop
      vertex 12.9516 10.8405 1.25
      vertex 12.8334 10.7528 1.15
      vertex 12.9516 10.8405 1.15
    endloop
  endfacet
  facet normal -0.0489209 -0.998803 0
    outer loop
      vertex 11.853 10.5072 1.15
      vertex 12 10.5 1.25
      vertex 11.853 10.5072 1.25
    endloop
  endfacet
  facet normal -0.0489209 -0.998803 -0
    outer loop
      vertex 12 10.5 1.25
      vertex 11.853 10.5072 1.15
      vertex 12 10.5 1.15
    endloop
  endfacet
  facet normal 0.595861 0.803088 -0
    outer loop
      vertex 12.9516 13.1595 1.15
      vertex 12.8334 13.2472 1.25
      vertex 12.9516 13.1595 1.25
    endloop
  endfacet
  facet normal 0.595861 0.803088 0
    outer loop
      vertex 12.8334 13.2472 1.25
      vertex 12.9516 13.1595 1.15
      vertex 12.8334 13.2472 1.15
    endloop
  endfacet
  facet normal 0.969982 -0.243175 0
    outer loop
      vertex 13.4354 11.5646 1.25
      vertex 13.4712 11.7074 1.15
      vertex 13.4712 11.7074 1.25
    endloop
  endfacet
  facet normal 0.969982 -0.243175 0
    outer loop
      vertex 13.4712 11.7074 1.15
      vertex 13.4354 11.5646 1.25
      vertex 13.4354 11.5646 1.15
    endloop
  endfacet
  facet normal -0.989174 0.146746 0
    outer loop
      vertex 10.5072 12.147 1.15
      vertex 10.5288 12.2926 1.25
      vertex 10.5288 12.2926 1.15
    endloop
  endfacet
  facet normal -0.989174 0.146746 0
    outer loop
      vertex 10.5288 12.2926 1.25
      vertex 10.5072 12.147 1.15
      vertex 10.5072 12.147 1.25
    endloop
  endfacet
  facet normal -0.857733 0.514096 0
    outer loop
      vertex 10.6771 12.7071 1.15
      vertex 10.7528 12.8334 1.25
      vertex 10.7528 12.8334 1.15
    endloop
  endfacet
  facet normal -0.857733 0.514096 0
    outer loop
      vertex 10.7528 12.8334 1.25
      vertex 10.6771 12.7071 1.15
      vertex 10.6771 12.7071 1.25
    endloop
  endfacet
  facet normal -0.941527 -0.336939 0
    outer loop
      vertex 10.6142 11.426 1.15
      vertex 10.5646 11.5646 1.25
      vertex 10.5646 11.5646 1.15
    endloop
  endfacet
  facet normal -0.941527 -0.336939 0
    outer loop
      vertex 10.5646 11.5646 1.25
      vertex 10.6142 11.426 1.15
      vertex 10.6142 11.426 1.25
    endloop
  endfacet
  facet normal -0.146746 0.989174 0
    outer loop
      vertex 11.853 13.4928 1.15
      vertex 11.7074 13.4712 1.25
      vertex 11.853 13.4928 1.25
    endloop
  endfacet
  facet normal -0.146746 0.989174 0
    outer loop
      vertex 11.7074 13.4712 1.25
      vertex 11.853 13.4928 1.15
      vertex 11.7074 13.4712 1.15
    endloop
  endfacet
  facet normal 0.803088 0.595861 0
    outer loop
      vertex 13.2472 12.8334 1.25
      vertex 13.1595 12.9516 1.15
      vertex 13.1595 12.9516 1.25
    endloop
  endfacet
  facet normal 0.803088 0.595861 0
    outer loop
      vertex 13.1595 12.9516 1.15
      vertex 13.2472 12.8334 1.25
      vertex 13.2472 12.8334 1.15
    endloop
  endfacet
  facet normal -0.969982 -0.243175 0
    outer loop
      vertex 10.5646 11.5646 1.15
      vertex 10.5288 11.7074 1.25
      vertex 10.5288 11.7074 1.15
    endloop
  endfacet
  facet normal -0.969982 -0.243175 0
    outer loop
      vertex 10.5288 11.7074 1.25
      vertex 10.5646 11.5646 1.15
      vertex 10.5646 11.5646 1.25
    endloop
  endfacet
  facet normal -0.998803 -0.0489209 0
    outer loop
      vertex 10.5072 11.853 1.15
      vertex 10.5 12 1.25
      vertex 10.5 12 1.15
    endloop
  endfacet
  facet normal -0.998803 -0.0489209 0
    outer loop
      vertex 10.5 12 1.25
      vertex 10.5072 11.853 1.15
      vertex 10.5072 11.853 1.25
    endloop
  endfacet
  facet normal 0.514096 0.857733 -0
    outer loop
      vertex 12.8334 13.2472 1.15
      vertex 12.7071 13.3229 1.25
      vertex 12.8334 13.2472 1.25
    endloop
  endfacet
  facet normal 0.514096 0.857733 0
    outer loop
      vertex 12.7071 13.3229 1.25
      vertex 12.8334 13.2472 1.15
      vertex 12.7071 13.3229 1.15
    endloop
  endfacet
  facet normal 0.998803 -0.0489209 0
    outer loop
      vertex 13.4928 11.853 1.25
      vertex 13.5 12 1.15
      vertex 13.5 12 1.25
    endloop
  endfacet
  facet normal 0.998803 -0.0489209 0
    outer loop
      vertex 13.5 12 1.15
      vertex 13.4928 11.853 1.25
      vertex 13.4928 11.853 1.15
    endloop
  endfacet
  facet normal 0.904125 -0.427269 0
    outer loop
      vertex 13.3229 11.2929 1.25
      vertex 13.3858 11.426 1.15
      vertex 13.3858 11.426 1.25
    endloop
  endfacet
  facet normal 0.904125 -0.427269 0
    outer loop
      vertex 13.3858 11.426 1.15
      vertex 13.3229 11.2929 1.25
      vertex 13.3229 11.2929 1.15
    endloop
  endfacet
  facet normal 0.857733 0.514096 0
    outer loop
      vertex 13.3229 12.7071 1.25
      vertex 13.2472 12.8334 1.15
      vertex 13.2472 12.8334 1.25
    endloop
  endfacet
  facet normal 0.857733 0.514096 0
    outer loop
      vertex 13.2472 12.8334 1.15
      vertex 13.3229 12.7071 1.25
      vertex 13.3229 12.7071 1.15
    endloop
  endfacet
  facet normal 0.74123 0.671251 0
    outer loop
      vertex 13.1595 12.9516 1.25
      vertex 13.0607 13.0607 1.15
      vertex 13.0607 13.0607 1.25
    endloop
  endfacet
  facet normal 0.74123 0.671251 0
    outer loop
      vertex 13.0607 13.0607 1.15
      vertex 13.1595 12.9516 1.25
      vertex 13.1595 12.9516 1.15
    endloop
  endfacet
  facet normal -0.0489209 0.998803 0
    outer loop
      vertex 12 13.5 1.15
      vertex 11.853 13.4928 1.25
      vertex 12 13.5 1.25
    endloop
  endfacet
  facet normal -0.0489209 0.998803 0
    outer loop
      vertex 11.853 13.4928 1.25
      vertex 12 13.5 1.15
      vertex 11.853 13.4928 1.15
    endloop
  endfacet
  facet normal -0.74123 0.671251 0
    outer loop
      vertex 10.8405 12.9516 1.15
      vertex 10.9393 13.0607 1.25
      vertex 10.9393 13.0607 1.15
    endloop
  endfacet
  facet normal -0.74123 0.671251 0
    outer loop
      vertex 10.9393 13.0607 1.25
      vertex 10.8405 12.9516 1.15
      vertex 10.8405 12.9516 1.25
    endloop
  endfacet
  facet normal -0.671251 -0.74123 0
    outer loop
      vertex 10.9393 10.9393 1.15
      vertex 11.0484 10.8405 1.25
      vertex 10.9393 10.9393 1.25
    endloop
  endfacet
  facet normal -0.671251 -0.74123 -0
    outer loop
      vertex 11.0484 10.8405 1.25
      vertex 10.9393 10.9393 1.15
      vertex 11.0484 10.8405 1.15
    endloop
  endfacet
  facet normal 0.0489209 -0.998803 0
    outer loop
      vertex 12 10.5 1.15
      vertex 12.147 10.5072 1.25
      vertex 12 10.5 1.25
    endloop
  endfacet
  facet normal 0.0489209 -0.998803 0
    outer loop
      vertex 12.147 10.5072 1.25
      vertex 12 10.5 1.15
      vertex 12.147 10.5072 1.15
    endloop
  endfacet
  facet normal 0.941527 0.336939 0
    outer loop
      vertex 13.4354 12.4354 1.25
      vertex 13.3858 12.574 1.15
      vertex 13.3858 12.574 1.25
    endloop
  endfacet
  facet normal 0.941527 0.336939 0
    outer loop
      vertex 13.3858 12.574 1.15
      vertex 13.4354 12.4354 1.25
      vertex 13.4354 12.4354 1.15
    endloop
  endfacet
  facet normal 0.857733 -0.514096 0
    outer loop
      vertex 13.2472 11.1666 1.25
      vertex 13.3229 11.2929 1.15
      vertex 13.3229 11.2929 1.25
    endloop
  endfacet
  facet normal 0.857733 -0.514096 0
    outer loop
      vertex 13.3229 11.2929 1.15
      vertex 13.2472 11.1666 1.25
      vertex 13.2472 11.1666 1.15
    endloop
  endfacet
  facet normal 0.671251 0.74123 -0
    outer loop
      vertex 13.0607 13.0607 1.15
      vertex 12.9516 13.1595 1.25
      vertex 13.0607 13.0607 1.25
    endloop
  endfacet
  facet normal 0.671251 0.74123 0
    outer loop
      vertex 12.9516 13.1595 1.25
      vertex 13.0607 13.0607 1.15
      vertex 12.9516 13.1595 1.15
    endloop
  endfacet
  facet normal -0.243175 0.969982 0
    outer loop
      vertex 11.7074 13.4712 1.15
      vertex 11.5646 13.4354 1.25
      vertex 11.7074 13.4712 1.25
    endloop
  endfacet
  facet normal -0.243175 0.969982 0
    outer loop
      vertex 11.5646 13.4354 1.25
      vertex 11.7074 13.4712 1.15
      vertex 11.5646 13.4354 1.15
    endloop
  endfacet
  facet normal 0.941527 -0.336939 0
    outer loop
      vertex 13.3858 11.426 1.25
      vertex 13.4354 11.5646 1.15
      vertex 13.4354 11.5646 1.25
    endloop
  endfacet
  facet normal 0.941527 -0.336939 0
    outer loop
      vertex 13.4354 11.5646 1.15
      vertex 13.3858 11.426 1.25
      vertex 13.3858 11.426 1.15
    endloop
  endfacet
  facet normal 0.336939 -0.941527 0
    outer loop
      vertex 12.4354 10.5646 1.15
      vertex 12.574 10.6142 1.25
      vertex 12.4354 10.5646 1.25
    endloop
  endfacet
  facet normal 0.336939 -0.941527 0
    outer loop
      vertex 12.574 10.6142 1.25
      vertex 12.4354 10.5646 1.15
      vertex 12.574 10.6142 1.15
    endloop
  endfacet
  facet normal -0.427269 0.904125 0
    outer loop
      vertex 11.426 13.3858 1.15
      vertex 11.2929 13.3229 1.25
      vertex 11.426 13.3858 1.25
    endloop
  endfacet
  facet normal -0.427269 0.904125 0
    outer loop
      vertex 11.2929 13.3229 1.25
      vertex 11.426 13.3858 1.15
      vertex 11.2929 13.3229 1.15
    endloop
  endfacet
  facet normal 0.904125 0.427269 0
    outer loop
      vertex 13.3858 12.574 1.25
      vertex 13.3229 12.7071 1.15
      vertex 13.3229 12.7071 1.25
    endloop
  endfacet
  facet normal 0.904125 0.427269 0
    outer loop
      vertex 13.3229 12.7071 1.15
      vertex 13.3858 12.574 1.25
      vertex 13.3858 12.574 1.15
    endloop
  endfacet
  facet normal -0.671251 0.74123 0
    outer loop
      vertex 11.0484 13.1595 1.15
      vertex 10.9393 13.0607 1.25
      vertex 11.0484 13.1595 1.25
    endloop
  endfacet
  facet normal -0.671251 0.74123 0
    outer loop
      vertex 10.9393 13.0607 1.25
      vertex 11.0484 13.1595 1.15
      vertex 10.9393 13.0607 1.15
    endloop
  endfacet
  facet normal 0.336939 0.941527 -0
    outer loop
      vertex 12.574 13.3858 1.15
      vertex 12.4354 13.4354 1.25
      vertex 12.574 13.3858 1.25
    endloop
  endfacet
  facet normal 0.336939 0.941527 0
    outer loop
      vertex 12.4354 13.4354 1.25
      vertex 12.574 13.3858 1.15
      vertex 12.4354 13.4354 1.15
    endloop
  endfacet
  facet normal -0.336939 0.941527 0
    outer loop
      vertex 11.5646 13.4354 1.15
      vertex 11.426 13.3858 1.25
      vertex 11.5646 13.4354 1.25
    endloop
  endfacet
  facet normal -0.336939 0.941527 0
    outer loop
      vertex 11.426 13.3858 1.25
      vertex 11.5646 13.4354 1.15
      vertex 11.426 13.3858 1.15
    endloop
  endfacet
  facet normal -0.857733 -0.514096 0
    outer loop
      vertex 10.7528 11.1666 1.15
      vertex 10.6771 11.2929 1.25
      vertex 10.6771 11.2929 1.15
    endloop
  endfacet
  facet normal -0.857733 -0.514096 0
    outer loop
      vertex 10.6771 11.2929 1.25
      vertex 10.7528 11.1666 1.15
      vertex 10.7528 11.1666 1.25
    endloop
  endfacet
  facet normal -0.514096 -0.857733 0
    outer loop
      vertex 11.1666 10.7528 1.15
      vertex 11.2929 10.6771 1.25
      vertex 11.1666 10.7528 1.25
    endloop
  endfacet
  facet normal -0.514096 -0.857733 -0
    outer loop
      vertex 11.2929 10.6771 1.25
      vertex 11.1666 10.7528 1.15
      vertex 11.2929 10.6771 1.15
    endloop
  endfacet
  facet normal 0.671251 -0.74123 0
    outer loop
      vertex 12.9516 10.8405 1.15
      vertex 13.0607 10.9393 1.25
      vertex 12.9516 10.8405 1.25
    endloop
  endfacet
  facet normal 0.671251 -0.74123 0
    outer loop
      vertex 13.0607 10.9393 1.25
      vertex 12.9516 10.8405 1.15
      vertex 13.0607 10.9393 1.15
    endloop
  endfacet
  facet normal 0.243175 0.969982 -0
    outer loop
      vertex 12.4354 13.4354 1.15
      vertex 12.2926 13.4712 1.25
      vertex 12.4354 13.4354 1.25
    endloop
  endfacet
  facet normal 0.243175 0.969982 0
    outer loop
      vertex 12.2926 13.4712 1.25
      vertex 12.4354 13.4354 1.15
      vertex 12.2926 13.4712 1.15
    endloop
  endfacet
  facet normal -0.595861 -0.803088 0
    outer loop
      vertex 11.0484 10.8405 1.15
      vertex 11.1666 10.7528 1.25
      vertex 11.0484 10.8405 1.25
    endloop
  endfacet
  facet normal -0.595861 -0.803088 -0
    outer loop
      vertex 11.1666 10.7528 1.25
      vertex 11.0484 10.8405 1.15
      vertex 11.1666 10.7528 1.15
    endloop
  endfacet
  facet normal -0.427269 -0.904125 0
    outer loop
      vertex 11.2929 10.6771 1.15
      vertex 11.426 10.6142 1.25
      vertex 11.2929 10.6771 1.25
    endloop
  endfacet
  facet normal -0.427269 -0.904125 -0
    outer loop
      vertex 11.426 10.6142 1.25
      vertex 11.2929 10.6771 1.15
      vertex 11.426 10.6142 1.15
    endloop
  endfacet
  facet normal -0.803088 -0.595861 0
    outer loop
      vertex 10.8405 11.0484 1.15
      vertex 10.7528 11.1666 1.25
      vertex 10.7528 11.1666 1.15
    endloop
  endfacet
  facet normal -0.803088 -0.595861 0
    outer loop
      vertex 10.7528 11.1666 1.25
      vertex 10.8405 11.0484 1.15
      vertex 10.8405 11.0484 1.25
    endloop
  endfacet
  facet normal -0.243175 -0.969982 0
    outer loop
      vertex 11.5646 10.5646 1.15
      vertex 11.7074 10.5288 1.25
      vertex 11.5646 10.5646 1.25
    endloop
  endfacet
  facet normal -0.243175 -0.969982 -0
    outer loop
      vertex 11.7074 10.5288 1.25
      vertex 11.5646 10.5646 1.15
      vertex 11.7074 10.5288 1.15
    endloop
  endfacet
  facet normal -0.336939 -0.941527 0
    outer loop
      vertex 11.426 10.6142 1.15
      vertex 11.5646 10.5646 1.25
      vertex 11.426 10.6142 1.25
    endloop
  endfacet
  facet normal -0.336939 -0.941527 -0
    outer loop
      vertex 11.5646 10.5646 1.25
      vertex 11.426 10.6142 1.15
      vertex 11.5646 10.5646 1.15
    endloop
  endfacet
  facet normal -0.989174 -0.146746 0
    outer loop
      vertex 10.5288 11.7074 1.15
      vertex 10.5072 11.853 1.25
      vertex 10.5072 11.853 1.15
    endloop
  endfacet
  facet normal -0.989174 -0.146746 0
    outer loop
      vertex 10.5072 11.853 1.25
      vertex 10.5288 11.7074 1.15
      vertex 10.5288 11.7074 1.25
    endloop
  endfacet
  facet normal -0.904125 -0.427269 0
    outer loop
      vertex 10.6771 11.2929 1.15
      vertex 10.6142 11.426 1.25
      vertex 10.6142 11.426 1.15
    endloop
  endfacet
  facet normal -0.904125 -0.427269 0
    outer loop
      vertex 10.6142 11.426 1.25
      vertex 10.6771 11.2929 1.15
      vertex 10.6771 11.2929 1.25
    endloop
  endfacet
  facet normal -0.941527 0.336939 0
    outer loop
      vertex 10.5646 12.4354 1.15
      vertex 10.6142 12.574 1.25
      vertex 10.6142 12.574 1.15
    endloop
  endfacet
  facet normal -0.941527 0.336939 0
    outer loop
      vertex 10.6142 12.574 1.25
      vertex 10.5646 12.4354 1.15
      vertex 10.5646 12.4354 1.25
    endloop
  endfacet
  facet normal -0.803088 0.595861 0
    outer loop
      vertex 10.7528 12.8334 1.15
      vertex 10.8405 12.9516 1.25
      vertex 10.8405 12.9516 1.15
    endloop
  endfacet
  facet normal -0.803088 0.595861 0
    outer loop
      vertex 10.8405 12.9516 1.25
      vertex 10.7528 12.8334 1.15
      vertex 10.7528 12.8334 1.25
    endloop
  endfacet
  facet normal -0.998803 0.0489209 0
    outer loop
      vertex 10.5 12 1.15
      vertex 10.5072 12.147 1.25
      vertex 10.5072 12.147 1.15
    endloop
  endfacet
  facet normal -0.998803 0.0489209 0
    outer loop
      vertex 10.5072 12.147 1.25
      vertex 10.5 12 1.15
      vertex 10.5 12 1.25
    endloop
  endfacet
  facet normal 0.74123 -0.671251 0
    outer loop
      vertex 13.0607 10.9393 1.25
      vertex 13.1595 11.0484 1.15
      vertex 13.1595 11.0484 1.25
    endloop
  endfacet
  facet normal 0.74123 -0.671251 0
    outer loop
      vertex 13.1595 11.0484 1.15
      vertex 13.0607 10.9393 1.25
      vertex 13.0607 10.9393 1.15
    endloop
  endfacet
  facet normal 0 0 -1
    outer loop
      vertex 13.4928 11.853 1.15
      vertex 13.4928 12.147 1.15
      vertex 13.5 12 1.15
    endloop
  endfacet
  facet normal 0 0 -1
    outer loop
      vertex 13.4712 11.7074 1.15
      vertex 13.4928 12.147 1.15
      vertex 13.4928 11.853 1.15
    endloop
  endfacet
  facet normal 0 0 -1
    outer loop
      vertex 13.4712 11.7074 1.15
      vertex 13.4712 12.2926 1.15
      vertex 13.4928 12.147 1.15
    endloop
  endfacet
  facet normal 0 0 -1
    outer loop
      vertex 13.4354 11.5646 1.15
      vertex 13.4712 12.2926 1.15
      vertex 13.4712 11.7074 1.15
    endloop
  endfacet
  facet normal 0 0 -1
    outer loop
      vertex 13.4354 11.5646 1.15
      vertex 13.4354 12.4354 1.15
      vertex 13.4712 12.2926 1.15
    endloop
  endfacet
  facet normal 0 0 -1
    outer loop
      vertex 13.3858 11.426 1.15
      vertex 13.4354 12.4354 1.15
      vertex 13.4354 11.5646 1.15
    endloop
  endfacet
  facet normal 0 0 -1
    outer loop
      vertex 13.3858 11.426 1.15
      vertex 13.3858 12.574 1.15
      vertex 13.4354 12.4354 1.15
    endloop
  endfacet
  facet normal 0 0 -1
    outer loop
      vertex 13.3229 11.2929 1.15
      vertex 13.3858 12.574 1.15
      vertex 13.3858 11.426 1.15
    endloop
  endfacet
  facet normal 0 0 -1
    outer loop
      vertex 13.3229 11.2929 1.15
      vertex 13.3229 12.7071 1.15
      vertex 13.3858 12.574 1.15
    endloop
  endfacet
  facet normal 0 0 -1
    outer loop
      vertex 13.2472 11.1666 1.15
      vertex 13.3229 12.7071 1.15
      vertex 13.3229 11.2929 1.15
    endloop
  endfacet
  facet normal 0 0 -1
    outer loop
      vertex 13.2472 11.1666 1.15
      vertex 13.2472 12.8334 1.15
      vertex 13.3229 12.7071 1.15
    endloop
  endfacet
  facet normal 0 0 -1
    outer loop
      vertex 13.1595 11.0484 1.15
      vertex 13.2472 12.8334 1.15
      vertex 13.2472 11.1666 1.15
    endloop
  endfacet
  facet normal 0 0 -1
    outer loop
      vertex 13.1595 11.0484 1.15
      vertex 13.1595 12.9516 1.15
      vertex 13.2472 12.8334 1.15
    endloop
  endfacet
  facet normal 0 0 -1
    outer loop
      vertex 13.0607 10.9393 1.15
      vertex 13.1595 12.9516 1.15
      vertex 13.1595 11.0484 1.15
    endloop
  endfacet
  facet normal 0 0 -1
    outer loop
      vertex 13.0607 10.9393 1.15
      vertex 13.0607 13.0607 1.15
      vertex 13.1595 12.9516 1.15
    endloop
  endfacet
  facet normal 0 0 -1
    outer loop
      vertex 12.9516 10.8405 1.15
      vertex 13.0607 13.0607 1.15
      vertex 13.0607 10.9393 1.15
    endloop
  endfacet
  facet normal 0 0 -1
    outer loop
      vertex 12.9516 10.8405 1.15
      vertex 12.9516 13.1595 1.15
      vertex 13.0607 13.0607 1.15
    endloop
  endfacet
  facet normal 0 0 -1
    outer loop
      vertex 12.8334 10.7528 1.15
      vertex 12.9516 13.1595 1.15
      vertex 12.9516 10.8405 1.15
    endloop
  endfacet
  facet normal 0 0 -1
    outer loop
      vertex 12.8334 10.7528 1.15
      vertex 12.8334 13.2472 1.15
      vertex 12.9516 13.1595 1.15
    endloop
  endfacet
  facet normal 0 0 -1
    outer loop
      vertex 12.7071 10.6771 1.15
      vertex 12.8334 13.2472 1.15
      vertex 12.8334 10.7528 1.15
    endloop
  endfacet
  facet normal 0 0 -1
    outer loop
      vertex 12.7071 10.6771 1.15
      vertex 12.7071 13.3229 1.15
      vertex 12.8334 13.2472 1.15
    endloop
  endfacet
  facet normal 0 0 -1
    outer loop
      vertex 12.574 10.6142 1.15
      vertex 12.7071 13.3229 1.15
      vertex 12.7071 10.6771 1.15
    endloop
  endfacet
  facet normal 0 0 -1
    outer loop
      vertex 12.574 10.6142 1.15
      vertex 12.574 13.3858 1.15
      vertex 12.7071 13.3229 1.15
    endloop
  endfacet
  facet normal 0 0 -1
    outer loop
      vertex 12.4354 10.5646 1.15
      vertex 12.574 13.3858 1.15
      vertex 12.574 10.6142 1.15
    endloop
  endfacet
  facet normal 0 0 -1
    outer loop
      vertex 12.4354 10.5646 1.15
      vertex 12.4354 13.4354 1.15
      vertex 12.574 13.3858 1.15
    endloop
  endfacet
  facet normal 0 0 -1
    outer loop
      vertex 12.2926 10.5288 1.15
      vertex 12.4354 13.4354 1.15
      vertex 12.4354 10.5646 1.15
    endloop
  endfacet
  facet normal 0 0 -1
    outer loop
      vertex 12.2926 10.5288 1.15
      vertex 12.2926 13.4712 1.15
      vertex 12.4354 13.4354 1.15
    endloop
  endfacet
  facet normal 0 0 -1
    outer loop
      vertex 12.147 10.5072 1.15
      vertex 12.2926 13.4712 1.15
      vertex 12.2926 10.5288 1.15
    endloop
  endfacet
  facet normal 0 0 -1
    outer loop
      vertex 12.147 10.5072 1.15
      vertex 12.147 13.4928 1.15
      vertex 12.2926 13.4712 1.15
    endloop
  endfacet
  facet normal 0 0 -1
    outer loop
      vertex 12 10.5 1.15
      vertex 12.147 13.4928 1.15
      vertex 12.147 10.5072 1.15
    endloop
  endfacet
  facet normal 0 0 -1
    outer loop
      vertex 12 10.5 1.15
      vertex 12 13.5 1.15
      vertex 12.147 13.4928 1.15
    endloop
  endfacet
  facet normal 0 0 -1
    outer loop
      vertex 11.853 10.5072 1.15
      vertex 12 13.5 1.15
      vertex 12 10.5 1.15
    endloop
  endfacet
  facet normal 0 0 -1
    outer loop
      vertex 11.853 10.5072 1.15
      vertex 11.853 13.4928 1.15
      vertex 12 13.5 1.15
    endloop
  endfacet
  facet normal 0 0 -1
    outer loop
      vertex 11.7074 10.5288 1.15
      vertex 11.853 13.4928 1.15
      vertex 11.853 10.5072 1.15
    endloop
  endfacet
  facet normal 0 0 -1
    outer loop
      vertex 11.7074 10.5288 1.15
      vertex 11.7074 13.4712 1.15
      vertex 11.853 13.4928 1.15
    endloop
  endfacet
  facet normal 0 0 -1
    outer loop
      vertex 11.5646 10.5646 1.15
      vertex 11.7074 13.4712 1.15
      vertex 11.7074 10.5288 1.15
    endloop
  endfacet
  facet normal 0 0 -1
    outer loop
      vertex 11.5646 10.5646 1.15
      vertex 11.5646 13.4354 1.15
      vertex 11.7074 13.4712 1.15
    endloop
  endfacet
  facet normal 0 0 -1
    outer loop
      vertex 11.426 10.6142 1.15
      vertex 11.5646 13.4354 1.15
      vertex 11.5646 10.5646 1.15
    endloop
  endfacet
  facet normal 0 0 -1
    outer loop
      vertex 11.426 10.6142 1.15
      vertex 11.426 13.3858 1.15
      vertex 11.5646 13.4354 1.15
    endloop
  endfacet
  facet normal 0 0 -1
    outer loop
      vertex 11.2929 10.6771 1.15
      vertex 11.426 13.3858 1.15
      vertex 11.426 10.6142 1.15
    endloop
  endfacet
  facet normal 0 0 -1
    outer loop
      vertex 11.2929 10.6771 1.15
      vertex 11.2929 13.3229 1.15
      vertex 11.426 13.3858 1.15
    endloop
  endfacet
  facet normal 0 0 -1
    outer loop
      vertex 11.1666 10.7528 1.15
      vertex 11.2929 13.3229 1.15
      vertex 11.2929 10.6771 1.15
    endloop
  endfacet
  facet normal 0 0 -1
    outer loop
      vertex 11.1666 10.7528 1.15
      vertex 11.1666 13.2472 1.15
      vertex 11.2929 13.3229 1.15
    endloop
  endfacet
  facet normal 0 0 -1
    outer loop
      vertex 11.0484 10.8405 1.15
      vertex 11.1666 13.2472 1.15
      vertex 11.1666 10.7528 1.15
    endloop
  endfacet
  facet normal 0 0 -1
    outer loop
      vertex 11.0484 10.8405 1.15
      vertex 11.0484 13.1595 1.15
      vertex 11.1666 13.2472 1.15
    endloop
  endfacet
  facet normal 0 0 -1
    outer loop
      vertex 10.9393 10.9393 1.15
      vertex 11.0484 13.1595 1.15
      vertex 11.0484 10.8405 1.15
    endloop
  endfacet
  facet normal 0 0 -1
    outer loop
      vertex 10.9393 10.9393 1.15
      vertex 10.9393 13.0607 1.15
      vertex 11.0484 13.1595 1.15
    endloop
  endfacet
  facet normal 0 0 -1
    outer loop
      vertex 10.8405 11.0484 1.15
      vertex 10.9393 13.0607 1.15
      vertex 10.9393 10.9393 1.15
    endloop
  endfacet
  facet normal 0 0 -1
    outer loop
      vertex 10.8405 11.0484 1.15
      vertex 10.8405 12.9516 1.15
      vertex 10.9393 13.0607 1.15
    endloop
  endfacet
  facet normal 0 0 -1
    outer loop
      vertex 10.7528 11.1666 1.15
      vertex 10.8405 12.9516 1.15
      vertex 10.8405 11.0484 1.15
    endloop
  endfacet
  facet normal 0 0 -1
    outer loop
      vertex 10.7528 11.1666 1.15
      vertex 10.7528 12.8334 1.15
      vertex 10.8405 12.9516 1.15
    endloop
  endfacet
  facet normal 0 0 -1
    outer loop
      vertex 10.6771 11.2929 1.15
      vertex 10.7528 12.8334 1.15
      vertex 10.7528 11.1666 1.15
    endloop
  endfacet
  facet normal 0 0 -1
    outer loop
      vertex 10.6771 11.2929 1.15
      vertex 10.6771 12.7071 1.15
      vertex 10.7528 12.8334 1.15
    endloop
  endfacet
  facet normal 0 0 -1
    outer loop
      vertex 10.6142 11.426 1.15
      vertex 10.6771 12.7071 1.15
      vertex 10.6771 11.2929 1.15
    endloop
  endfacet
  facet normal 0 0 -1
    outer loop
      vertex 10.6142 11.426 1.15
      vertex 10.6142 12.574 1.15
      vertex 10.6771 12.7071 1.15
    endloop
  endfacet
  facet normal 0 0 -1
    outer loop
      vertex 10.5646 11.5646 1.15
      vertex 10.6142 12.574 1.15
      vertex 10.6142 11.426 1.15
    endloop
  endfacet
  facet normal 0 0 -1
    outer loop
      vertex 10.5646 11.5646 1.15
      vertex 10.5646 12.4354 1.15
      vertex 10.6142 12.574 1.15
    endloop
  endfacet
  facet normal 0 0 -1
    outer loop
      vertex 10.5288 11.7074 1.15
      vertex 10.5646 12.4354 1.15
      vertex 10.5646 11.5646 1.15
    endloop
  endfacet
  facet normal 0 0 -1
    outer loop
      vertex 10.5288 11.7074 1.15
      vertex 10.5288 12.2926 1.15
      vertex 10.5646 12.4354 1.15
    endloop
  endfacet
  facet normal 0 0 -1
    outer loop
      vertex 10.5072 11.853 1.15
      vertex 10.5288 12.2926 1.15
      vertex 10.5288 11.7074 1.15
    endloop
  endfacet
  facet normal 0 0 -1
    outer loop
      vertex 10.5072 11.853 1.15
      vertex 10.5072 12.147 1.15
      vertex 10.5288 12.2926 1.15
    endloop
  endfacet
  facet normal 0 -0 -1
    outer loop
      vertex 10.5072 12.147 1.15
      vertex 10.5072 11.853 1.15
      vertex 10.5 12 1.15
    endloop
  endfacet
  facet normal -0.282785 -0.48965 0.824788
    outer loop
      vertex 12 12.8 1.31
      vertex 11.825 12.8 1.25
      vertex 12.0875 12.6484 1.25
    endloop
  endfacet
  facet normal 0.565528 0 0.824729
    outer loop
      vertex 12.0875 12.9516 1.25
      vertex 12 12.8 1.31
      vertex 12.0875 12.6484 1.25
    endloop
  endfacet
  facet normal -0.282785 0.48965 0.824788
    outer loop
      vertex 12.0875 12.9516 1.25
      vertex 11.825 12.8 1.25
      vertex 12 12.8 1.31
    endloop
  endfacet
  facet normal 0 0 -1
    outer loop
      vertex 11.8652 13.0539 1.32
      vertex 11.692 13.0539 1.32
      vertex 11.8652 13.54 1.32
    endloop
  endfacet
  facet normal 0 0 -1
    outer loop
      vertex 12.3271 13.0539 1.32
      vertex 12.1538 13.2766 1.32
      vertex 12.3271 13.7627 1.32
    endloop
  endfacet
  facet normal 0 0 -1
    outer loop
      vertex 12.123 13.0539 1.32
      vertex 12.1538 13.2766 1.32
      vertex 12.3271 13.0539 1.32
    endloop
  endfacet
  facet normal 0 0 -1
    outer loop
      vertex 11.8652 13.54 1.32
      vertex 12.1538 13.2766 1.32
      vertex 12.123 13.0539 1.32
    endloop
  endfacet
  facet normal 0 0 -1
    outer loop
      vertex 12.1538 13.2766 1.32
      vertex 11.8652 13.54 1.32
      vertex 11.8961 13.7627 1.32
    endloop
  endfacet
  facet normal 0 0 -1
    outer loop
      vertex 11.692 13.7627 1.32
      vertex 11.8652 13.54 1.32
      vertex 11.692 13.0539 1.32
    endloop
  endfacet
  facet normal 0 0 -1
    outer loop
      vertex 11.8652 13.54 1.32
      vertex 11.692 13.7627 1.32
      vertex 11.8961 13.7627 1.32
    endloop
  endfacet
  facet normal -0 0 -1
    outer loop
      vertex 12.3271 13.7627 1.32
      vertex 12.1538 13.2766 1.32
      vertex 12.1538 13.7627 1.32
    endloop
  endfacet
  facet normal 0 0 1
    outer loop
      vertex 12.1538 13.2766 1.47
      vertex 12.3271 13.7627 1.47
      vertex 12.1538 13.7627 1.47
    endloop
  endfacet
  facet normal 0 0 1
    outer loop
      vertex 12.3271 13.7627 1.47
      vertex 12.1538 13.2766 1.47
      vertex 12.3271 13.0539 1.47
    endloop
  endfacet
  facet normal 0 0 1
    outer loop
      vertex 12.1538 13.2766 1.47
      vertex 12.123 13.0539 1.47
      vertex 12.3271 13.0539 1.47
    endloop
  endfacet
  facet normal -0 0 1
    outer loop
      vertex 11.8652 13.54 1.47
      vertex 12.1538 13.2766 1.47
      vertex 11.8961 13.7627 1.47
    endloop
  endfacet
  facet normal 0 0 1
    outer loop
      vertex 12.1538 13.2766 1.47
      vertex 11.8652 13.54 1.47
      vertex 12.123 13.0539 1.47
    endloop
  endfacet
  facet normal -0 0 1
    outer loop
      vertex 11.692 13.7627 1.47
      vertex 11.8652 13.54 1.47
      vertex 11.8961 13.7627 1.47
    endloop
  endfacet
  facet normal 0 0 1
    outer loop
      vertex 11.692 13.0539 1.47
      vertex 11.8652 13.54 1.47
      vertex 11.692 13.7627 1.47
    endloop
  endfacet
  facet normal 0 0 1
    outer loop
      vertex 11.8652 13.54 1.47
      vertex 11.692 13.0539 1.47
      vertex 11.8652 13.0539 1.47
    endloop
  endfacet
  facet normal -0.883447 -0.468531 0
    outer loop
      vertex 12.123 13.0539 1.32
      vertex 11.8652 13.54 1.47
      vertex 11.8652 13.54 1.32
    endloop
  endfacet
  facet normal -0.883447 -0.468531 0
    outer loop
      vertex 11.8652 13.54 1.47
      vertex 12.123 13.0539 1.32
      vertex 12.123 13.0539 1.47
    endloop
  endfacet
  facet normal 0 -1 0
    outer loop
      vertex 12.123 13.0539 1.32
      vertex 12.3271 13.0539 1.47
      vertex 12.123 13.0539 1.47
    endloop
  endfacet
  facet normal 0 -1 -0
    outer loop
      vertex 12.3271 13.0539 1.47
      vertex 12.123 13.0539 1.32
      vertex 12.3271 13.0539 1.32
    endloop
  endfacet
  facet normal 1 -0 0
    outer loop
      vertex 12.3271 13.0539 1.47
      vertex 12.3271 13.7627 1.32
      vertex 12.3271 13.7627 1.47
    endloop
  endfacet
  facet normal 1 0 0
    outer loop
      vertex 12.3271 13.7627 1.32
      vertex 12.3271 13.0539 1.47
      vertex 12.3271 13.0539 1.32
    endloop
  endfacet
  facet normal 0 1 -0
    outer loop
      vertex 12.3271 13.7627 1.32
      vertex 12.1538 13.7627 1.47
      vertex 12.3271 13.7627 1.47
    endloop
  endfacet
  facet normal 0 1 0
    outer loop
      vertex 12.1538 13.7627 1.47
      vertex 12.3271 13.7627 1.32
      vertex 12.1538 13.7627 1.32
    endloop
  endfacet
  facet normal -1 0 0
    outer loop
      vertex 12.1538 13.2766 1.32
      vertex 12.1538 13.7627 1.47
      vertex 12.1538 13.7627 1.32
    endloop
  endfacet
  facet normal -1 -0 0
    outer loop
      vertex 12.1538 13.7627 1.47
      vertex 12.1538 13.2766 1.32
      vertex 12.1538 13.2766 1.47
    endloop
  endfacet
  facet normal 0.883523 0.468389 0
    outer loop
      vertex 12.1538 13.2766 1.47
      vertex 11.8961 13.7627 1.32
      vertex 11.8961 13.7627 1.47
    endloop
  endfacet
  facet normal 0.883523 0.468389 0
    outer loop
      vertex 11.8961 13.7627 1.32
      vertex 12.1538 13.2766 1.47
      vertex 12.1538 13.2766 1.32
    endloop
  endfacet
  facet normal 0 1 -0
    outer loop
      vertex 11.8961 13.7627 1.32
      vertex 11.692 13.7627 1.47
      vertex 11.8961 13.7627 1.47
    endloop
  endfacet
  facet normal 0 1 0
    outer loop
      vertex 11.692 13.7627 1.47
      vertex 11.8961 13.7627 1.32
      vertex 11.692 13.7627 1.32
    endloop
  endfacet
  facet normal -1 0 0
    outer loop
      vertex 11.692 13.0539 1.32
      vertex 11.692 13.7627 1.47
      vertex 11.692 13.7627 1.32
    endloop
  endfacet
  facet normal -1 -0 0
    outer loop
      vertex 11.692 13.7627 1.47
      vertex 11.692 13.0539 1.32
      vertex 11.692 13.0539 1.47
    endloop
  endfacet
  facet normal 0 -1 0
    outer loop
      vertex 11.692 13.0539 1.32
      vertex 11.8652 13.0539 1.47
      vertex 11.692 13.0539 1.47
    endloop
  endfacet
  facet normal 0 -1 -0
    outer loop
      vertex 11.8652 13.0539 1.47
      vertex 11.692 13.0539 1.32
      vertex 11.8652 13.0539 1.32
    endloop
  endfacet
  facet normal 1 -0 0
    outer loop
      vertex 11.8652 13.0539 1.47
      vertex 11.8652 13.54 1.32
      vertex 11.8652 13.54 1.47
    endloop
  endfacet
  facet normal 1 0 0
    outer loop
      vertex 11.8652 13.54 1.32
      vertex 11.8652 13.0539 1.47
      vertex 11.8652 13.0539 1.32
    endloop
  endfacet
  facet normal -1 0 0
    outer loop
      vertex -9 -9 -1
      vertex -9 9 -0.0999994
      vertex -9 9 -1
    endloop
  endfacet
  facet normal -1 0 0
    outer loop
      vertex -9 -9 0
      vertex -9 9 -0.0999994
      vertex -9 -9 -1
    endloop
  endfacet
  facet normal -1 0 0
    outer loop
      vertex -9 9 -0.0999994
      vertex -9 -9 0
      vertex -9 9 0
    endloop
  endfacet
  facet normal 0 0 -1
    outer loop
      vertex -9 -9 -1
      vertex 9 9 -1
      vertex 14 -9 -1
    endloop
  endfacet
  facet normal -0 0 -1
    outer loop
      vertex 9 9 -1
      vertex -9 -9 -1
      vertex -9 9 -1
    endloop
  endfacet
  facet normal 0 -1 0
    outer loop
      vertex -9 -9 -1
      vertex 14 -9 0
      vertex -9 -9 0
    endloop
  endfacet
  facet normal 0 -1 -0
    outer loop
      vertex 14 -9 0
      vertex -9 -9 -1
      vertex 14 -9 -1
    endloop
  endfacet
  facet normal 0.963518 0.267644 0
    outer loop
      vertex 14 -9 0
      vertex 9 9 -0.0999994
      vertex 9 9 0
    endloop
  endfacet
  facet normal 0.963518 0.267644 0
    outer loop
      vertex 9 9 -0.0999994
      vertex 14 -9 0
      vertex 9 9 -1
    endloop
  endfacet
  facet normal 0.963518 0.267644 0
    outer loop
      vertex 9 9 -1
      vertex 14 -9 0
      vertex 14 -9 -1
    endloop
  endfacet
  facet normal 1 -0 0
    outer loop
      vertex 4.65 -4.65 2
      vertex 4.65 4.65 0
      vertex 4.65 4.65 2
    endloop
  endfacet
  facet normal 1 0 0
    outer loop
      vertex 4.65 4.65 0
      vertex 4.65 -4.65 2
      vertex 4.65 -4.65 0
    endloop
  endfacet
  facet normal -0 0 1
    outer loop
      vertex -4.65 4.65 2
      vertex 4.65 -4.65 2
      vertex 4.65 4.65 2
    endloop
  endfacet
  facet normal 0 0 1
    outer loop
      vertex 4.65 -4.65 2
      vertex -4.65 4.65 2
      vertex -4.65 -4.65 2
    endloop
  endfacet
  facet normal -1 0 0
    outer loop
      vertex -4.65 -4.65 0
      vertex -4.65 4.65 2
      vertex -4.65 4.65 0
    endloop
  endfacet
  facet normal -1 -0 0
    outer loop
      vertex -4.65 4.65 2
      vertex -4.65 -4.65 0
      vertex -4.65 -4.65 2
    endloop
  endfacet
  facet normal 0 1 -0
    outer loop
      vertex 4.65 4.65 0
      vertex -4.65 4.65 2
      vertex 4.65 4.65 2
    endloop
  endfacet
  facet normal 0 1 0
    outer loop
      vertex -4.65 4.65 2
      vertex 4.65 4.65 0
      vertex -4.65 4.65 0
    endloop
  endfacet
  facet normal 0 -1 0
    outer loop
      vertex -4.65 -4.65 0
      vertex 4.65 -4.65 2
      vertex -4.65 -4.65 2
    endloop
  endfacet
  facet normal 0 -1 -0
    outer loop
      vertex 4.65 -4.65 2
      vertex -4.65 -4.65 0
      vertex 4.65 -4.65 0
    endloop
  endfacet
endsolid OpenSCAD_Model
