solid OpenSCAD_Model
  facet normal 1 0 0
    outer loop
      vertex -9 16 1
      vertex -9 15 0.0499992
      vertex -9 16 0
    endloop
  endfacet
  facet normal 1 0 0
    outer loop
      vertex -9 16 1
      vertex -9 9 0.0499992
      vertex -9 15 0.0499992
    endloop
  endfacet
  facet normal 1 0 0
    outer loop
      vertex -9 9 0.0499992
      vertex -9 -9 0
      vertex -9 9 0
    endloop
  endfacet
  facet normal 1 0 0
    outer loop
      vertex -9 16 1
      vertex -9 -9 0
      vertex -9 9 0.0499992
    endloop
  endfacet
  facet normal 1 -0 0
    outer loop
      vertex -9 -16 1
      vertex -9 -9 0
      vertex -9 16 1
    endloop
  endfacet
  facet normal 1 0 0
    outer loop
      vertex -9 -9 0
      vertex -9 -16 1
      vertex -9 -16 0
    endloop
  endfacet
  facet normal 1 0 0
    outer loop
      vertex -9 16 0
      vertex -9 15 0.0499992
      vertex -9 15 0
    endloop
  endfacet
  facet normal -0 0 1
    outer loop
      vertex -35 16 1
      vertex -9 -16 1
      vertex -9 16 1
    endloop
  endfacet
  facet normal 0 0 1
    outer loop
      vertex -9 -16 1
      vertex -35 16 1
      vertex -35 -16 1
    endloop
  endfacet
  facet normal 0 0 -1
    outer loop
      vertex -35 -16 0
      vertex -9 -9 0
      vertex -9 -16 0
    endloop
  endfacet
  facet normal 0 0 -1
    outer loop
      vertex -35 9 0
      vertex -9 -9 0
      vertex -35 -16 0
    endloop
  endfacet
  facet normal 0 0 -1
    outer loop
      vertex -9 -9 0
      vertex -35 9 0
      vertex -9 9 0
    endloop
  endfacet
  facet normal 0 0 -1
    outer loop
      vertex -35 15 0
      vertex -9 16 0
      vertex -9 15 0
    endloop
  endfacet
  facet normal -0 0 -1
    outer loop
      vertex -9 16 0
      vertex -35 15 0
      vertex -35 16 0
    endloop
  endfacet
  facet normal -1 0 0
    outer loop
      vertex -35 15 -0.0999994
      vertex -35 9 -0.0999994
      vertex -35 15 0
    endloop
  endfacet
  facet normal -1 0 0
    outer loop
      vertex -35 15 0
      vertex -35 16 1
      vertex -35 16 0
    endloop
  endfacet
  facet normal -1 0 0
    outer loop
      vertex -35 9 0
      vertex -35 15 0
      vertex -35 9 -0.0999994
    endloop
  endfacet
  facet normal -1 0 0
    outer loop
      vertex -35 15 0
      vertex -35 9 0
      vertex -35 16 1
    endloop
  endfacet
  facet normal -1 0 0
    outer loop
      vertex -35 -16 1
      vertex -35 9 0
      vertex -35 -16 0
    endloop
  endfacet
  facet normal -1 0 0
    outer loop
      vertex -35 9 0
      vertex -35 -16 1
      vertex -35 16 1
    endloop
  endfacet
  facet normal 0 1 -0
    outer loop
      vertex -9 16 0
      vertex -35 16 1
      vertex -9 16 1
    endloop
  endfacet
  facet normal 0 1 0
    outer loop
      vertex -35 16 1
      vertex -9 16 0
      vertex -35 16 0
    endloop
  endfacet
  facet normal 0 -1 0
    outer loop
      vertex -35 -16 0
      vertex -9 -16 1
      vertex -35 -16 1
    endloop
  endfacet
  facet normal 0 -1 -0
    outer loop
      vertex -9 -16 1
      vertex -35 -16 0
      vertex -9 -16 0
    endloop
  endfacet
  facet normal 1 -0 0
    outer loop
      vertex 35 9 0.0499992
      vertex 35 15 -0.0999994
      vertex 35 15 0.0499992
    endloop
  endfacet
  facet normal 1 0 0
    outer loop
      vertex 35 15 -0.0999994
      vertex 35 9 0.0499992
      vertex 35 9 -0.0999994
    endloop
  endfacet
  facet normal -0 0 1
    outer loop
      vertex -9 15 0.0499992
      vertex 35 9 0.0499992
      vertex 35 15 0.0499992
    endloop
  endfacet
  facet normal 0 0 1
    outer loop
      vertex 35 9 0.0499992
      vertex -9 15 0.0499992
      vertex -9 9 0.0499992
    endloop
  endfacet
  facet normal 0 0 -1
    outer loop
      vertex 9 9 -0.0999994
      vertex 35 15 -0.0999994
      vertex 35 9 -0.0999994
    endloop
  endfacet
  facet normal 0 0 -1
    outer loop
      vertex -9 9 -0.0999994
      vertex 35 15 -0.0999994
      vertex 9 9 -0.0999994
    endloop
  endfacet
  facet normal 0 0 -1
    outer loop
      vertex -35 15 -0.0999994
      vertex -9 9 -0.0999994
      vertex -35 9 -0.0999994
    endloop
  endfacet
  facet normal 0 0 -1
    outer loop
      vertex -9 9 -0.0999994
      vertex -35 15 -0.0999994
      vertex 35 15 -0.0999994
    endloop
  endfacet
  facet normal 0 1 0
    outer loop
      vertex 35 15 0.0499992
      vertex -9 15 0
      vertex -9 15 0.0499992
    endloop
  endfacet
  facet normal 0 1 -0
    outer loop
      vertex 35 15 -0.0999994
      vertex -9 15 0
      vertex 35 15 0.0499992
    endloop
  endfacet
  facet normal 0 1 0
    outer loop
      vertex -35 15 -0.0999994
      vertex -9 15 0
      vertex 35 15 -0.0999994
    endloop
  endfacet
  facet normal 0 1 0
    outer loop
      vertex -9 15 0
      vertex -35 15 -0.0999994
      vertex -35 15 0
    endloop
  endfacet
  facet normal 0 1 -0
    outer loop
      vertex 9 9 -1
      vertex -9 9 -0.0999994
      vertex 9 9 -0.0999994
    endloop
  endfacet
  facet normal 0 1 0
    outer loop
      vertex -9 9 -0.0999994
      vertex 9 9 -1
      vertex -9 9 -1
    endloop
  endfacet
  facet normal 0 -1 0
    outer loop
      vertex 9 9 0
      vertex -9 9 0.0499992
      vertex -9 9 0
    endloop
  endfacet
  facet normal 0 -1 0
    outer loop
      vertex -9 9 0.0499992
      vertex 9 9 0
      vertex 35 9 0.0499992
    endloop
  endfacet
  facet normal 0 -1 0
    outer loop
      vertex 9 9 -0.0999994
      vertex 35 9 0.0499992
      vertex 9 9 0
    endloop
  endfacet
  facet normal 0 -1 -0
    outer loop
      vertex 35 9 0.0499992
      vertex 9 9 -0.0999994
      vertex 35 9 -0.0999994
    endloop
  endfacet
  facet normal 0 -1 0
    outer loop
      vertex -35 9 -0.0999994
      vertex -9 9 0
      vertex -35 9 0
    endloop
  endfacet
  facet normal 0 -1 -0
    outer loop
      vertex -9 9 0
      vertex -35 9 -0.0999994
      vertex -9 9 -0.0999994
    endloop
  endfacet
  facet normal 1 -0 0
    outer loop
      vertex -1.375 -7.725 2.86294
      vertex -1.375 -7.475 0.0999994
      vertex -1.375 -7.475 2.91608
    endloop
  endfacet
  facet normal 1 0 0
    outer loop
      vertex -1.375 -7.475 0.0999994
      vertex -1.375 -7.725 2.86294
      vertex -1.375 -7.725 0.0999994
    endloop
  endfacet
  facet normal -1 0 0
    outer loop
      vertex -1.625 -7.725 2.86294
      vertex -1.625 -7.475 0.0999994
      vertex -1.625 -7.725 0.0999994
    endloop
  endfacet
  facet normal -1 0 0
    outer loop
      vertex -1.625 -7.475 0.0999994
      vertex -1.625 -7.725 2.86294
      vertex -1.625 -7.475 2.91608
    endloop
  endfacet
  facet normal 0 1 -0
    outer loop
      vertex -1.375 -7.475 0.0999994
      vertex -1.625 -7.475 2.91608
      vertex -1.375 -7.475 2.91608
    endloop
  endfacet
  facet normal 0 1 0
    outer loop
      vertex -1.625 -7.475 2.91608
      vertex -1.375 -7.475 0.0999994
      vertex -1.625 -7.475 0.0999994
    endloop
  endfacet
  facet normal 0 -1 0
    outer loop
      vertex -1.625 -7.725 0.0999994
      vertex -1.375 -7.725 2.86294
      vertex -1.625 -7.725 2.86294
    endloop
  endfacet
  facet normal 0 -1 -0
    outer loop
      vertex -1.375 -7.725 2.86294
      vertex -1.625 -7.725 0.0999994
      vertex -1.375 -7.725 0.0999994
    endloop
  endfacet
  facet normal 1 -0 0
    outer loop
      vertex 1.625 -7.725 2.86294
      vertex 1.625 -7.475 0.0999994
      vertex 1.625 -7.475 2.91608
    endloop
  endfacet
  facet normal 1 0 0
    outer loop
      vertex 1.625 -7.475 0.0999994
      vertex 1.625 -7.725 2.86294
      vertex 1.625 -7.725 0.0999994
    endloop
  endfacet
  facet normal -1 0 0
    outer loop
      vertex 1.375 -7.725 2.86294
      vertex 1.375 -7.475 0.0999994
      vertex 1.375 -7.725 0.0999994
    endloop
  endfacet
  facet normal -1 0 0
    outer loop
      vertex 1.375 -7.475 0.0999994
      vertex 1.375 -7.725 2.86294
      vertex 1.375 -7.475 2.91608
    endloop
  endfacet
  facet normal 0 1 -0
    outer loop
      vertex 1.625 -7.475 0.0999994
      vertex 1.375 -7.475 2.91608
      vertex 1.625 -7.475 2.91608
    endloop
  endfacet
  facet normal 0 1 0
    outer loop
      vertex 1.375 -7.475 2.91608
      vertex 1.625 -7.475 0.0999994
      vertex 1.375 -7.475 0.0999994
    endloop
  endfacet
  facet normal 0 -1 0
    outer loop
      vertex 1.375 -7.725 0.0999994
      vertex 1.625 -7.725 2.86294
      vertex 1.375 -7.725 2.86294
    endloop
  endfacet
  facet normal 0 -1 -0
    outer loop
      vertex 1.625 -7.725 2.86294
      vertex 1.375 -7.725 0.0999994
      vertex 1.625 -7.725 0.0999994
    endloop
  endfacet
  facet normal 1 -0 0
    outer loop
      vertex 4.625 -7.725 2.86294
      vertex 4.625 -7.475 0.0999994
      vertex 4.625 -7.475 2.91608
    endloop
  endfacet
  facet normal 1 0 0
    outer loop
      vertex 4.625 -7.475 0.0999994
      vertex 4.625 -7.725 2.86294
      vertex 4.625 -7.725 0.0999994
    endloop
  endfacet
  facet normal -1 0 0
    outer loop
      vertex 4.375 -7.725 2.86294
      vertex 4.375 -7.475 0.0999994
      vertex 4.375 -7.725 0.0999994
    endloop
  endfacet
  facet normal -1 0 0
    outer loop
      vertex 4.375 -7.475 0.0999994
      vertex 4.375 -7.725 2.86294
      vertex 4.375 -7.475 2.91608
    endloop
  endfacet
  facet normal 0 1 -0
    outer loop
      vertex 4.625 -7.475 0.0999994
      vertex 4.375 -7.475 2.91608
      vertex 4.625 -7.475 2.91608
    endloop
  endfacet
  facet normal 0 1 0
    outer loop
      vertex 4.375 -7.475 2.91608
      vertex 4.625 -7.475 0.0999994
      vertex 4.375 -7.475 0.0999994
    endloop
  endfacet
  facet normal 0 -1 0
    outer loop
      vertex 4.375 -7.725 0.0999994
      vertex 4.625 -7.725 2.86294
      vertex 4.375 -7.725 2.86294
    endloop
  endfacet
  facet normal 0 -1 -0
    outer loop
      vertex 4.625 -7.725 2.86294
      vertex 4.375 -7.725 0.0999994
      vertex 4.625 -7.725 0.0999994
    endloop
  endfacet
  facet normal 1 -0 0
    outer loop
      vertex 5.8 -9 -1
      vertex 5.8 -9 -1.15
      vertex 5.8 -8.37 -1
    endloop
  endfacet
  facet normal 0 0.231621 -0.972806
    outer loop
      vertex 4.8 -9 -1.15
      vertex 5.8 -8.37 -1
      vertex 5.8 -9 -1.15
    endloop
  endfacet
  facet normal 0 0.231621 -0.972806
    outer loop
      vertex 5.8 -8.37 -1
      vertex 4.8 -9 -1.15
      vertex 4.8 -8.37 -1
    endloop
  endfacet
  facet normal -1 -0 0
    outer loop
      vertex 4.8 -8.37 -1
      vertex 4.8 -9 -1.15
      vertex 4.8 -9 -1
    endloop
  endfacet
  facet normal 0 -1 0
    outer loop
      vertex 4.8 -9 -1.15
      vertex 5.8 -9 -1
      vertex 4.8 -9 -1
    endloop
  endfacet
  facet normal 0 -1 -0
    outer loop
      vertex 5.8 -9 -1
      vertex 4.8 -9 -1.15
      vertex 5.8 -9 -1.15
    endloop
  endfacet
  facet normal 0 -1 0
    outer loop
      vertex 4.8 -9 -1
      vertex -9 -9 0
      vertex -9 -9 -1
    endloop
  endfacet
  facet normal 0 -1 0
    outer loop
      vertex -9 -9 0
      vertex 4.8 -9 -1
      vertex 14 -9 0
    endloop
  endfacet
  facet normal 0 -1 0
    outer loop
      vertex 5.8 -9 -1
      vertex 14 -9 0
      vertex 4.8 -9 -1
    endloop
  endfacet
  facet normal 0 -1 -0
    outer loop
      vertex 14 -9 0
      vertex 5.8 -9 -1
      vertex 14 -9 -1
    endloop
  endfacet
  facet normal 0.998854 0.0468213 0.00995214
    outer loop
      vertex 5.72488 -7.3654 2.15134
      vertex 5.72494 -6.9094 0
      vertex 5.72488 -6.90812 0
    endloop
  endfacet
  facet normal 0.998806 0.0477822 0.0101558
    outer loop
      vertex 5.72494 -6.9094 0
      vertex 5.72488 -7.3654 2.15134
      vertex 5.725 -7.3678 2.15083
    endloop
  endfacet
  facet normal 0.999068 0.0422142 0.00897311
    outer loop
      vertex 5.72488 -6.4298 -2.25032
      vertex 5.72488 -6.69557 -1
      vertex 5.72491 -6.69628 -1
    endloop
  endfacet
  facet normal 0.900365 -0.425627 -0.0904698
    outer loop
      vertex 5.7231 -7.37716 2.14884
      vertex 5.72258 -6.92151 0
      vertex 5.7231 -6.92041 0
    endloop
  endfacet
  facet normal 0.903854 -0.418492 -0.0889516
    outer loop
      vertex 5.7231 -6.70785 -1
      vertex 5.72205 -6.44373 -2.25328
      vertex 5.7231 -6.44156 -2.25282
    endloop
  endfacet
  facet normal 0.90387 -0.418458 -0.0889445
    outer loop
      vertex 5.72205 -6.44373 -2.25328
      vertex 5.7231 -6.70785 -1
      vertex 5.72235 -6.70947 -1
    endloop
  endfacet
  facet normal 0.00571221 -0.207108 0.978301
    outer loop
      vertex 5.6769 -7.37716 2.14884
      vertex 5.67512 -7.3654 2.15134
      vertex 5.67548 -7.37257 2.14982
    endloop
  endfacet
  facet normal 0.998759 0.0487199 0.0103557
    outer loop
      vertex 5.725 -6.91063 0
      vertex 5.72494 -6.9094 0
      vertex 5.725 -7.3678 2.15083
    endloop
  endfacet
  facet normal 0.998806 0.0477814 0.0101597
    outer loop
      vertex 5.72491 -6.69628 -1
      vertex 5.725 -6.4322 -2.25083
      vertex 5.72488 -6.4298 -2.25032
    endloop
  endfacet
  facet normal 0.998681 0.050213 0.010673
    outer loop
      vertex 5.725 -6.4322 -2.25083
      vertex 5.72491 -6.69628 -1
      vertex 5.725 -6.69807 -1
    endloop
  endfacet
  facet normal 0 -0.208108 0.978106
    outer loop
      vertex 5.70488 -7.39178 2.14573
      vertex 5.69512 -7.39178 2.14573
      vertex 5.7 -7.39225 2.14563
    endloop
  endfacet
  facet normal 0.000876984 0.208784 -0.977961
    outer loop
      vertex 5.72205 -6.42067 -2.24838
      vertex 5.70957 -6.40961 -2.24603
      vertex 5.71586 -6.41329 -2.24681
    endloop
  endfacet
  facet normal 0.0451478 -0.216709 0.975192
    outer loop
      vertex 5.67548 -7.36303 2.15185
      vertex 5.67512 -7.3654 2.15134
      vertex 5.67608 -7.3607 2.15234
    endloop
  endfacet
  facet normal 0.74183 0.655934 0.139424
    outer loop
      vertex 5.71768 -7.35051 2.15451
      vertex 5.71852 -6.8935 0
      vertex 5.71768 -6.89255 0
    endloop
  endfacet
  facet normal 0.74088 0.65696 0.139642
    outer loop
      vertex 5.71852 -6.8935 0
      vertex 5.71768 -7.35051 2.15451
      vertex 5.71933 -7.35229 2.15413
    endloop
  endfacet
  facet normal 0.741677 0.656099 0.139457
    outer loop
      vertex 5.71768 -6.41491 -2.24716
      vertex 5.71768 -6.68 -1
      vertex 5.71814 -6.68052 -1
    endloop
  endfacet
  facet normal -0.0464126 0.977093 0.207688
    outer loop
      vertex 5.7 -6.88507 0
      vertex 5.69755 -7.34346 2.156
      vertex 5.7 -7.34335 2.15603
    endloop
  endfacet
  facet normal -0.0468994 0.977071 0.207683
    outer loop
      vertex 5.69755 -7.34346 2.156
      vertex 5.7 -6.88507 0
      vertex 5.69875 -6.88513 0
    endloop
  endfacet
  facet normal -0.0566132 0.976578 0.207581
    outer loop
      vertex 5.7 -6.40774 -2.24563
      vertex 5.69931 -6.67255 -1
      vertex 5.7 -6.67251 -1
    endloop
  endfacet
  facet normal 0.00870368 0.181559 -0.983342
    outer loop
      vertex 5.69512 -6.40821 -2.24573
      vertex 5.69043 -6.40961 -2.24603
      vertex 5.69274 -6.4088 -2.24586
    endloop
  endfacet
  facet normal -0.00984904 -0.207849 0.978111
    outer loop
      vertex 5.67512 -7.3654 2.15134
      vertex 5.67512 -7.3702 2.15032
      vertex 5.67548 -7.37257 2.14982
    endloop
  endfacet
  facet normal 0.969586 0.239404 0.0508864
    outer loop
      vertex 5.72392 -7.3607 2.15234
      vertex 5.72452 -6.90564 0
      vertex 5.72392 -6.90321 0
    endloop
  endfacet
  facet normal 0.969685 0.23902 0.0508053
    outer loop
      vertex 5.72452 -6.90564 0
      vertex 5.72392 -7.3607 2.15234
      vertex 5.72452 -7.36303 2.15185
    endloop
  endfacet
  facet normal 0.969735 0.238824 0.0507633
    outer loop
      vertex 5.72392 -6.69065 -1
      vertex 5.72452 -6.42743 -2.24982
      vertex 5.72392 -6.4251 -2.24932
    endloop
  endfacet
  facet normal 0.969586 0.239404 0.0508854
    outer loop
      vertex 5.72452 -6.42743 -2.24982
      vertex 5.72392 -6.69065 -1
      vertex 5.72452 -6.69308 -1
    endloop
  endfacet
  facet normal 0.428094 0.883986 0.187896
    outer loop
      vertex 5.71116 -6.67523 -1
      vertex 5.70957 -6.40961 -2.24603
      vertex 5.70957 -6.67446 -1
    endloop
  endfacet
  facet normal 0.426953 0.884513 0.18801
    outer loop
      vertex 5.70957 -6.40961 -2.24603
      vertex 5.71116 -6.67523 -1
      vertex 5.71178 -6.41063 -2.24625
    endloop
  endfacet
  facet normal 0.432743 0.881816 0.187439
    outer loop
      vertex 5.70957 -6.88701 0
      vertex 5.70957 -7.34521 2.15563
      vertex 5.71065 -6.88754 0
    endloop
  endfacet
  facet normal 0.340066 -0.919852 -0.195519
    outer loop
      vertex 5.70792 -6.72229 -1
      vertex 5.70957 -6.45479 -2.25563
      vertex 5.70957 -6.72168 -1
    endloop
  endfacet
  facet normal 0.338043 -0.920565 -0.195673
    outer loop
      vertex 5.70957 -6.45479 -2.25563
      vertex 5.70792 -6.72229 -1
      vertex 5.70726 -6.4556 -2.25581
    endloop
  endfacet
  facet normal 0.334464 -0.921815 -0.195937
    outer loop
      vertex 5.70957 -7.39039 2.14603
      vertex 5.70844 -6.93465 0
      vertex 5.70957 -6.93424 0
    endloop
  endfacet
  facet normal -0.673214 0.723288 0.153741
    outer loop
      vertex 5.68414 -6.41329 -2.24681
      vertex 5.68284 -6.67952 -1
      vertex 5.68414 -6.67831 -1
    endloop
  endfacet
  facet normal -0.6733 0.723212 0.153725
    outer loop
      vertex 5.68284 -6.67952 -1
      vertex 5.68414 -6.41329 -2.24681
      vertex 5.68232 -6.41491 -2.24716
    endloop
  endfacet
  facet normal -0.669463 0.726612 0.154447
    outer loop
      vertex 5.68414 -6.89087 0
      vertex 5.68325 -6.89169 0
      vertex 5.68414 -7.3489 2.15485
    endloop
  endfacet
  facet normal 0.00319596 0.203579 -0.979053
    outer loop
      vertex 5.71389 -6.45253 -2.25515
      vertex 5.70726 -6.4556 -2.25581
      vertex 5.71933 -6.44771 -2.25413
    endloop
  endfacet
  facet normal -0.048849 0.97698 0.207663
    outer loop
      vertex 5.69755 -6.88519 0
      vertex 5.69755 -7.34346 2.156
      vertex 5.69875 -6.88513 0
    endloop
  endfacet
  facet normal -0.0499564 0.976925 0.207658
    outer loop
      vertex 5.7 -6.40774 -2.24563
      vertex 5.69755 -6.67264 -1
      vertex 5.69931 -6.67255 -1
    endloop
  endfacet
  facet normal -0.050391 0.976904 0.207653
    outer loop
      vertex 5.69755 -6.67264 -1
      vertex 5.7 -6.40774 -2.24563
      vertex 5.69755 -6.40786 -2.24566
    endloop
  endfacet
  facet normal -0.000876984 0.208784 -0.977961
    outer loop
      vertex 5.69043 -6.40961 -2.24603
      vertex 5.67795 -6.42067 -2.24838
      vertex 5.68414 -6.41329 -2.24681
    endloop
  endfacet
  facet normal -0.00338614 -0.211069 0.977465
    outer loop
      vertex 5.71933 -7.35229 2.15413
      vertex 5.71586 -7.3489 2.15485
      vertex 5.72205 -7.35627 2.15328
    endloop
  endfacet
  facet normal 0.245244 0.948276 0.201564
    outer loop
      vertex 5.70488 -6.88556 0
      vertex 5.70488 -7.34382 2.15593
      vertex 5.70604 -6.88586 0
    endloop
  endfacet
  facet normal 0.245425 0.948231 0.201554
    outer loop
      vertex 5.70658 -6.67344 -1
      vertex 5.70488 -6.40821 -2.24573
      vertex 5.70488 -6.673 -1
    endloop
  endfacet
  facet normal 0.246036 0.94808 0.201521
    outer loop
      vertex 5.70488 -6.40821 -2.24573
      vertex 5.70658 -6.67344 -1
      vertex 5.70726 -6.4088 -2.24586
    endloop
  endfacet
  facet normal 0.591509 0.788679 0.16764
    outer loop
      vertex 5.71586 -6.41329 -2.24681
      vertex 5.7153 -6.67789 -1
      vertex 5.71586 -6.67831 -1
    endloop
  endfacet
  facet normal 0.592776 0.787768 0.167446
    outer loop
      vertex 5.71485 -6.89011 0
      vertex 5.71586 -7.3489 2.15485
      vertex 5.71586 -6.89087 0
    endloop
  endfacet
  facet normal 0.595719 0.785642 0.166992
    outer loop
      vertex 5.71586 -7.3489 2.15485
      vertex 5.71485 -6.89011 0
      vertex 5.71389 -7.34747 2.15515
    endloop
  endfacet
  facet normal 0.0194256 0.200967 -0.979405
    outer loop
      vertex 5.72392 -6.4393 -2.25234
      vertex 5.7231 -6.44156 -2.25282
      vertex 5.72452 -6.43697 -2.25185
    endloop
  endfacet
  facet normal 0.0198792 0.198118 -0.979977
    outer loop
      vertex 5.72205 -6.44373 -2.25328
      vertex 5.72079 -6.44578 -2.25372
      vertex 5.7231 -6.44156 -2.25282
    endloop
  endfacet
  facet normal 0.000549527 0.207859 -0.978159
    outer loop
      vertex 5.72488 -6.4346 -2.25134
      vertex 5.7231 -6.44156 -2.25282
      vertex 5.72488 -6.4298 -2.25032
    endloop
  endfacet
  facet normal -0.591509 0.788679 0.16764
    outer loop
      vertex 5.68414 -6.41329 -2.24681
      vertex 5.68414 -6.67831 -1
      vertex 5.6847 -6.67789 -1
    endloop
  endfacet
  facet normal -0.595719 0.785642 0.166992
    outer loop
      vertex 5.68515 -6.89011 0
      vertex 5.68414 -7.3489 2.15485
      vertex 5.68611 -7.34747 2.15515
    endloop
  endfacet
  facet normal -0.592776 0.787768 0.167446
    outer loop
      vertex 5.68414 -7.3489 2.15485
      vertex 5.68515 -6.89011 0
      vertex 5.68414 -6.89087 0
    endloop
  endfacet
  facet normal 0.000692615 0.208585 -0.978004
    outer loop
      vertex 5.72452 -6.42743 -2.24982
      vertex 5.70957 -6.40961 -2.24603
      vertex 5.72205 -6.42067 -2.24838
    endloop
  endfacet
  facet normal -0.596026 -0.785418 -0.166948
    outer loop
      vertex 5.68414 -6.4511 -2.25485
      vertex 5.68555 -6.7189 -1
      vertex 5.68414 -6.71783 -1
    endloop
  endfacet
  facet normal -0.595719 -0.785641 -0.166996
    outer loop
      vertex 5.68555 -6.7189 -1
      vertex 5.68414 -6.4511 -2.25485
      vertex 5.68611 -6.45253 -2.25515
    endloop
  endfacet
  facet normal -0.596811 -0.784848 -0.166825
    outer loop
      vertex 5.6851 -6.93111 0
      vertex 5.68414 -7.3867 2.14681
      vertex 5.68414 -6.93038 0
    endloop
  endfacet
  facet normal 1.81026e-12 0.207859 -0.978159
    outer loop
      vertex 5.67512 -6.4346 -2.25134
      vertex 5.675 -6.4322 -2.25083
      vertex 5.67512 -6.4298 -2.25032
    endloop
  endfacet
  facet normal -0.240172 -0.949518 -0.201826
    outer loop
      vertex 5.69274 -6.4556 -2.25581
      vertex 5.69444 -6.72296 -1
      vertex 5.69274 -6.72253 -1
    endloop
  endfacet
  facet normal -0.24149 -0.949198 -0.201756
    outer loop
      vertex 5.69444 -6.72296 -1
      vertex 5.69274 -6.4556 -2.25581
      vertex 5.69512 -6.45618 -2.25593
    endloop
  endfacet
  facet normal -0.237538 -0.950152 -0.201958
    outer loop
      vertex 5.6939 -6.93538 0
      vertex 5.69274 -7.3912 2.14586
      vertex 5.69274 -6.93509 0
    endloop
  endfacet
  facet normal 0.00902723 0.216766 -0.976182
    outer loop
      vertex 5.68232 -6.44949 -2.25451
      vertex 5.68067 -6.44771 -2.25413
      vertex 5.68611 -6.45253 -2.25515
    endloop
  endfacet
  facet normal -0.0118646 0.215801 -0.976365
    outer loop
      vertex 5.68232 -6.41491 -2.24716
      vertex 5.67795 -6.42067 -2.24838
      vertex 5.67921 -6.41861 -2.24794
    endloop
  endfacet
  facet normal 0.00329492 -0.208898 0.977932
    outer loop
      vertex 5.6769 -7.35844 2.15282
      vertex 5.67608 -7.3607 2.15234
      vertex 5.67795 -7.35627 2.15328
    endloop
  endfacet
  facet normal 0.0566132 0.976578 0.207581
    outer loop
      vertex 5.7 -6.40774 -2.24563
      vertex 5.7 -6.67251 -1
      vertex 5.70069 -6.67255 -1
    endloop
  endfacet
  facet normal 0.0464126 0.977093 0.207688
    outer loop
      vertex 5.70125 -6.88513 0
      vertex 5.7 -7.34335 2.15603
      vertex 5.70245 -7.34346 2.156
    endloop
  endfacet
  facet normal 0.0468994 0.977071 0.207684
    outer loop
      vertex 5.7 -7.34335 2.15603
      vertex 5.70125 -6.88513 0
      vertex 5.7 -6.88507 0
    endloop
  endfacet
  facet normal 0.338253 0.920492 0.195653
    outer loop
      vertex 5.70957 -6.67446 -1
      vertex 5.70726 -6.4088 -2.24586
      vertex 5.70791 -6.67385 -1
    endloop
  endfacet
  facet normal 0.337292 0.920828 0.195727
    outer loop
      vertex 5.70726 -6.4088 -2.24586
      vertex 5.70957 -6.67446 -1
      vertex 5.70957 -6.40961 -2.24603
    endloop
  endfacet
  facet normal 0.334464 0.921814 0.195941
    outer loop
      vertex 5.70957 -6.88701 0
      vertex 5.70844 -6.8866 0
      vertex 5.70957 -7.34521 2.15563
    endloop
  endfacet
  facet normal -0.00304551 -0.225198 0.974308
    outer loop
      vertex 5.70726 -7.3444 2.15581
      vertex 5.7 -7.34335 2.15603
      vertex 5.70957 -7.34521 2.15563
    endloop
  endfacet
  facet normal 0 -0.207781 0.978175
    outer loop
      vertex 5.72392 -7.3607 2.15234
      vertex 5.68821 -7.38937 2.14625
      vertex 5.71178 -7.38937 2.14625
    endloop
  endfacet
  facet normal 0 -0.207781 0.978175
    outer loop
      vertex 5.68821 -7.38937 2.14625
      vertex 5.72392 -7.3607 2.15234
      vertex 5.67608 -7.3607 2.15234
    endloop
  endfacet
  facet normal 0.942202 -0.327723 -0.0696596
    outer loop
      vertex 5.7235 -6.91926 0
      vertex 5.7231 -7.37716 2.14884
      vertex 5.7231 -6.92041 0
    endloop
  endfacet
  facet normal 0.942405 -0.327165 -0.0695421
    outer loop
      vertex 5.72369 -6.70616 -1
      vertex 5.7231 -6.44156 -2.25282
      vertex 5.72392 -6.4393 -2.25234
    endloop
  endfacet
  facet normal 0.941811 -0.328798 -0.0698868
    outer loop
      vertex 5.7231 -6.44156 -2.25282
      vertex 5.72369 -6.70616 -1
      vertex 5.7231 -6.70785 -1
    endloop
  endfacet
  facet normal -0.00390358 0.210621 -0.97756
    outer loop
      vertex 5.72079 -6.44578 -2.25372
      vertex 5.71933 -6.44771 -2.25413
      vertex 5.7231 -6.44156 -2.25282
    endloop
  endfacet
  facet normal 0.998798 -0.0479423 -0.0101904
    outer loop
      vertex 5.725 -7.3678 2.15083
      vertex 5.72488 -6.91313 0
      vertex 5.725 -6.91063 0
    endloop
  endfacet
  facet normal 0.998806 -0.047782 -0.0101565
    outer loop
      vertex 5.72488 -6.91313 0
      vertex 5.725 -7.3678 2.15083
      vertex 5.72488 -7.3702 2.15032
    endloop
  endfacet
  facet normal 0.998806 -0.0477821 -0.0101563
    outer loop
      vertex 5.725 -6.69807 -1
      vertex 5.72488 -6.4346 -2.25134
      vertex 5.725 -6.4322 -2.25083
    endloop
  endfacet
  facet normal 0.998808 -0.0477518 -0.0101499
    outer loop
      vertex 5.72488 -6.4346 -2.25134
      vertex 5.725 -6.69807 -1
      vertex 5.72488 -6.70058 -1
    endloop
  endfacet
  facet normal -0.00837484 -0.228214 0.973575
    outer loop
      vertex 5.69274 -7.3912 2.14586
      vertex 5.68821 -7.38937 2.14625
      vertex 5.69043 -7.39039 2.14603
    endloop
  endfacet
  facet normal -0.00778238 -0.203762 0.97899
    outer loop
      vertex 5.7231 -7.37716 2.14884
      vertex 5.71933 -7.38331 2.14753
      vertex 5.72205 -7.37933 2.14838
    endloop
  endfacet
  facet normal -0.0464126 -0.977093 -0.20769
    outer loop
      vertex 5.69755 -6.93606 0
      vertex 5.7 -7.39225 2.14563
      vertex 5.69755 -7.39214 2.14566
    endloop
  endfacet
  facet normal -0.0546944 -0.976685 -0.207594
    outer loop
      vertex 5.7 -7.39225 2.14563
      vertex 5.69755 -6.93606 0
      vertex 5.6988 -6.93613 0
    endloop
  endfacet
  facet normal -0.0418838 -0.977288 -0.207736
    outer loop
      vertex 5.69825 -6.72354 -1
      vertex 5.69755 -6.72351 -1
      vertex 5.69755 -6.45653 -2.256
    endloop
  endfacet
  facet normal 0.513242 -0.839489 -0.178439
    outer loop
      vertex 5.71389 -6.93188 0
      vertex 5.71178 -7.38937 2.14625
      vertex 5.71178 -6.93317 0
    endloop
  endfacet
  facet normal 0.514783 -0.838587 -0.178245
    outer loop
      vertex 5.71178 -7.38937 2.14625
      vertex 5.71389 -6.93188 0
      vertex 5.71389 -7.38813 2.14651
    endloop
  endfacet
  facet normal 0.513242 -0.839489 -0.178439
    outer loop
      vertex 5.71178 -6.72061 -1
      vertex 5.71389 -6.45253 -2.25515
      vertex 5.71389 -6.71932 -1
    endloop
  endfacet
  facet normal 0.512477 -0.839936 -0.178535
    outer loop
      vertex 5.71389 -6.45253 -2.25515
      vertex 5.71178 -6.72061 -1
      vertex 5.71178 -6.45376 -2.25542
    endloop
  endfacet
  facet normal 0.42986 -0.883166 -0.187719
    outer loop
      vertex 5.71178 -6.93317 0
      vertex 5.70957 -7.39039 2.14603
      vertex 5.71065 -6.93372 0
    endloop
  endfacet
  facet normal 0.426953 -0.884513 -0.188009
    outer loop
      vertex 5.70957 -7.39039 2.14603
      vertex 5.71178 -6.93317 0
      vertex 5.71178 -7.38937 2.14625
    endloop
  endfacet
  facet normal 0.433691 -0.881371 -0.187343
    outer loop
      vertex 5.71178 -6.72061 -1
      vertex 5.71115 -6.72092 -1
      vertex 5.71178 -6.45376 -2.25542
    endloop
  endfacet
  facet normal 0.989167 0.143589 0.0305207
    outer loop
      vertex 5.72452 -7.36303 2.15185
      vertex 5.72488 -6.90812 0
      vertex 5.72452 -6.90564 0
    endloop
  endfacet
  facet normal 0.989153 0.143679 0.0305399
    outer loop
      vertex 5.72488 -6.90812 0
      vertex 5.72452 -7.36303 2.15185
      vertex 5.72488 -7.3654 2.15134
    endloop
  endfacet
  facet normal 0.989135 0.1438 0.0305648
    outer loop
      vertex 5.72452 -6.69308 -1
      vertex 5.72488 -6.4298 -2.25032
      vertex 5.72452 -6.42743 -2.24982
    endloop
  endfacet
  facet normal 0.989252 0.143024 0.0304015
    outer loop
      vertex 5.72488 -6.4298 -2.25032
      vertex 5.72452 -6.69308 -1
      vertex 5.72488 -6.69557 -1
    endloop
  endfacet
  facet normal 0.942405 0.327164 0.0695431
    outer loop
      vertex 5.72333 -6.68896 -1
      vertex 5.72392 -6.4251 -2.24932
      vertex 5.7231 -6.42284 -2.24884
    endloop
  endfacet
  facet normal 0.941811 0.328798 0.0698878
    outer loop
      vertex 5.72392 -6.4251 -2.24932
      vertex 5.72333 -6.68896 -1
      vertex 5.72392 -6.69065 -1
    endloop
  endfacet
  facet normal 0.943112 0.325211 0.0691251
    outer loop
      vertex 5.72392 -6.90321 0
      vertex 5.72352 -6.90205 0
      vertex 5.72392 -7.3607 2.15234
    endloop
  endfacet
  facet normal -0.734451 0.663831 0.141101
    outer loop
      vertex 5.68232 -6.41491 -2.24716
      vertex 5.68185 -6.68052 -1
      vertex 5.68232 -6.68 -1
    endloop
  endfacet
  facet normal -0.74183 0.655934 0.139424
    outer loop
      vertex 5.68148 -6.8935 0
      vertex 5.68232 -7.35051 2.15451
      vertex 5.68232 -6.89255 0
    endloop
  endfacet
  facet normal -0.74088 0.65696 0.139642
    outer loop
      vertex 5.68232 -7.35051 2.15451
      vertex 5.68148 -6.8935 0
      vertex 5.68067 -7.35229 2.15413
    endloop
  endfacet
  facet normal -0.00104448 -0.205107 0.978739
    outer loop
      vertex 5.69043 -7.34521 2.15563
      vertex 5.68414 -7.3489 2.15485
      vertex 5.7 -7.34335 2.15603
    endloop
  endfacet
  facet normal -0.245244 0.948276 0.201564
    outer loop
      vertex 5.69512 -6.88556 0
      vertex 5.69396 -6.88586 0
      vertex 5.69512 -7.34382 2.15593
    endloop
  endfacet
  facet normal -0.245425 0.948231 0.201554
    outer loop
      vertex 5.69512 -6.40821 -2.24573
      vertex 5.69342 -6.67344 -1
      vertex 5.69512 -6.673 -1
    endloop
  endfacet
  facet normal -0.246036 0.94808 0.201521
    outer loop
      vertex 5.69342 -6.67344 -1
      vertex 5.69512 -6.40821 -2.24573
      vertex 5.69274 -6.4088 -2.24586
    endloop
  endfacet
  facet normal -0.591509 -0.788679 -0.167639
    outer loop
      vertex 5.68611 -6.71932 -1
      vertex 5.68555 -6.7189 -1
      vertex 5.68611 -6.45253 -2.25515
    endloop
  endfacet
  facet normal -0.595719 -0.785642 -0.166993
    outer loop
      vertex 5.6851 -6.93111 0
      vertex 5.68611 -7.38813 2.14651
      vertex 5.68414 -7.3867 2.14681
    endloop
  endfacet
  facet normal -0.5978 -0.784128 -0.16667
    outer loop
      vertex 5.68611 -7.38813 2.14651
      vertex 5.6851 -6.93111 0
      vertex 5.68611 -6.93188 0
    endloop
  endfacet
  facet normal -0.428094 0.883986 0.187896
    outer loop
      vertex 5.69043 -6.40961 -2.24603
      vertex 5.68884 -6.67523 -1
      vertex 5.69043 -6.67446 -1
    endloop
  endfacet
  facet normal -0.425378 0.885238 0.188166
    outer loop
      vertex 5.68884 -6.67523 -1
      vertex 5.69043 -6.40961 -2.24603
      vertex 5.68821 -6.41063 -2.24625
    endloop
  endfacet
  facet normal -0.432743 0.881816 0.187439
    outer loop
      vertex 5.69043 -6.88701 0
      vertex 5.68935 -6.88754 0
      vertex 5.69043 -7.34521 2.15563
    endloop
  endfacet
  facet normal -0.000915994 -0.199 0.979999
    outer loop
      vertex 5.69512 -7.34382 2.15593
      vertex 5.69274 -7.3444 2.15581
      vertex 5.7 -7.34335 2.15603
    endloop
  endfacet
  facet normal -0.00209508 0.203921 -0.978985
    outer loop
      vertex 5.71586 -6.41329 -2.24681
      vertex 5.70957 -6.40961 -2.24603
      vertex 5.71389 -6.41187 -2.24651
    endloop
  endfacet
  facet normal 0 0.209172 -0.977879
    outer loop
      vertex 5.70957 -6.40961 -2.24603
      vertex 5.69043 -6.40961 -2.24603
      vertex 5.7 -6.40774 -2.24563
    endloop
  endfacet
  facet normal -0.00061749 0.207625 -0.978208
    outer loop
      vertex 5.6769 -6.44156 -2.25282
      vertex 5.67548 -6.42743 -2.24982
      vertex 5.69274 -6.4556 -2.25581
    endloop
  endfacet
  facet normal -0.0239443 0.213789 -0.976586
    outer loop
      vertex 5.72452 -6.43697 -2.25185
      vertex 5.7231 -6.44156 -2.25282
      vertex 5.72488 -6.4346 -2.25134
    endloop
  endfacet
  facet normal -1.8099e-12 0.207859 -0.978159
    outer loop
      vertex 5.725 -6.4322 -2.25083
      vertex 5.72488 -6.4346 -2.25134
      vertex 5.72488 -6.4298 -2.25032
    endloop
  endfacet
  facet normal -1.81026e-12 -0.207859 0.978159
    outer loop
      vertex 5.72488 -7.3654 2.15134
      vertex 5.72488 -7.3702 2.15032
      vertex 5.725 -7.3678 2.15083
    endloop
  endfacet
  facet normal -0.00571221 -0.207108 0.978301
    outer loop
      vertex 5.72488 -7.3654 2.15134
      vertex 5.7231 -7.37716 2.14884
      vertex 5.72452 -7.37257 2.14982
    endloop
  endfacet
  facet normal 0.989153 -0.143679 -0.0305412
    outer loop
      vertex 5.72478 -6.70128 -1
      vertex 5.72452 -6.43697 -2.25185
      vertex 5.72488 -6.4346 -2.25134
    endloop
  endfacet
  facet normal 0.989033 -0.144466 -0.0307072
    outer loop
      vertex 5.72452 -6.43697 -2.25185
      vertex 5.72478 -6.70128 -1
      vertex 5.72452 -6.70306 -1
    endloop
  endfacet
  facet normal 0.989841 -0.139069 -0.0295601
    outer loop
      vertex 5.72469 -6.9144 0
      vertex 5.72452 -7.37257 2.14982
      vertex 5.72452 -6.91561 0
    endloop
  endfacet
  facet normal 0.74088 -0.65696 -0.139639
    outer loop
      vertex 5.71886 -6.71481 -1
      vertex 5.71768 -6.44949 -2.25451
      vertex 5.71933 -6.44771 -2.25413
    endloop
  endfacet
  facet normal 0.740696 -0.657159 -0.139681
    outer loop
      vertex 5.71768 -6.44949 -2.25451
      vertex 5.71886 -6.71481 -1
      vertex 5.71768 -6.71614 -1
    endloop
  endfacet
  facet normal 0.743752 -0.653848 -0.138979
    outer loop
      vertex 5.71848 -6.92779 0
      vertex 5.71768 -7.38509 2.14716
      vertex 5.71768 -6.9287 0
    endloop
  endfacet
  facet normal -0.334464 -0.921815 -0.195937
    outer loop
      vertex 5.69156 -6.93465 0
      vertex 5.69043 -7.39039 2.14603
      vertex 5.69043 -6.93424 0
    endloop
  endfacet
  facet normal -0.340066 -0.919852 -0.195519
    outer loop
      vertex 5.69043 -6.45479 -2.25563
      vertex 5.69208 -6.72229 -1
      vertex 5.69043 -6.72168 -1
    endloop
  endfacet
  facet normal -0.338043 -0.920565 -0.195673
    outer loop
      vertex 5.69208 -6.72229 -1
      vertex 5.69043 -6.45479 -2.25563
      vertex 5.69274 -6.4556 -2.25581
    endloop
  endfacet
  facet normal 0.907415 -0.411051 -0.0873808
    outer loop
      vertex 5.7231 -7.37716 2.14884
      vertex 5.72205 -6.92268 0
      vertex 5.72258 -6.92151 0
    endloop
  endfacet
  facet normal 0.903854 -0.418492 -0.0889528
    outer loop
      vertex 5.72205 -6.92268 0
      vertex 5.7231 -7.37716 2.14884
      vertex 5.72205 -7.37933 2.14838
    endloop
  endfacet
  facet normal 0.904379 -0.417406 -0.0887213
    outer loop
      vertex 5.72235 -6.70947 -1
      vertex 5.72205 -6.71012 -1
      vertex 5.72205 -6.44373 -2.25328
    endloop
  endfacet
  facet normal 0.855937 -0.505781 -0.107507
    outer loop
      vertex 5.72205 -7.37933 2.14838
      vertex 5.7214 -6.92378 0
      vertex 5.72205 -6.92268 0
    endloop
  endfacet
  facet normal 0.858189 -0.502115 -0.10673
    outer loop
      vertex 5.7214 -6.92378 0
      vertex 5.72205 -7.37933 2.14838
      vertex 5.72079 -7.38139 2.14794
    endloop
  endfacet
  facet normal 0.856226 -0.505313 -0.107407
    outer loop
      vertex 5.72205 -6.71012 -1
      vertex 5.72169 -6.71073 -1
      vertex 5.72205 -6.44373 -2.25328
    endloop
  endfacet
  facet normal -0.804257 0.581295 0.12356
    outer loop
      vertex 5.67921 -6.89643 0
      vertex 5.68067 -7.35229 2.15413
      vertex 5.68067 -6.89441 0
    endloop
  endfacet
  facet normal -0.802439 0.583695 0.124066
    outer loop
      vertex 5.68067 -7.35229 2.15413
      vertex 5.67921 -6.89643 0
      vertex 5.67921 -7.35421 2.15372
    endloop
  endfacet
  facet normal -0.802439 0.583694 0.124068
    outer loop
      vertex 5.67921 -6.41861 -2.24794
      vertex 5.68067 -6.68186 -1
      vertex 5.68067 -6.41669 -2.24753
    endloop
  endfacet
  facet normal -0.802844 0.58316 0.123956
    outer loop
      vertex 5.68067 -6.68186 -1
      vertex 5.67921 -6.41861 -2.24794
      vertex 5.67921 -6.68387 -1
    endloop
  endfacet
  facet normal 0.673214 0.723288 0.153741
    outer loop
      vertex 5.71716 -6.67952 -1
      vertex 5.71586 -6.41329 -2.24681
      vertex 5.71586 -6.67831 -1
    endloop
  endfacet
  facet normal 0.6733 0.723212 0.153725
    outer loop
      vertex 5.71586 -6.41329 -2.24681
      vertex 5.71716 -6.67952 -1
      vertex 5.71768 -6.41491 -2.24716
    endloop
  endfacet
  facet normal 0.669463 0.726612 0.154447
    outer loop
      vertex 5.71586 -6.89087 0
      vertex 5.71586 -7.3489 2.15485
      vertex 5.71675 -6.89169 0
    endloop
  endfacet
  facet normal 0.0114008 0.19891 -0.979952
    outer loop
      vertex 5.68414 -6.41329 -2.24681
      vertex 5.67795 -6.42067 -2.24838
      vertex 5.68232 -6.41491 -2.24716
    endloop
  endfacet
  facet normal -0.000692615 0.208585 -0.978004
    outer loop
      vertex 5.69043 -6.40961 -2.24603
      vertex 5.67548 -6.42743 -2.24982
      vertex 5.67795 -6.42067 -2.24838
    endloop
  endfacet
  facet normal -0.989135 0.1438 0.0305648
    outer loop
      vertex 5.67512 -6.4298 -2.25032
      vertex 5.67548 -6.69308 -1
      vertex 5.67548 -6.42743 -2.24982
    endloop
  endfacet
  facet normal -0.989252 0.143024 0.0304015
    outer loop
      vertex 5.67548 -6.69308 -1
      vertex 5.67512 -6.4298 -2.25032
      vertex 5.67512 -6.69557 -1
    endloop
  endfacet
  facet normal -0.989167 0.143589 0.0305207
    outer loop
      vertex 5.67512 -6.90812 0
      vertex 5.67548 -7.36303 2.15185
      vertex 5.67548 -6.90564 0
    endloop
  endfacet
  facet normal -0.989153 0.143679 0.0305399
    outer loop
      vertex 5.67548 -7.36303 2.15185
      vertex 5.67512 -6.90812 0
      vertex 5.67512 -7.3654 2.15134
    endloop
  endfacet
  facet normal -0.96933 -0.240394 -0.0510951
    outer loop
      vertex 5.67608 -6.91805 0
      vertex 5.67548 -7.37257 2.14982
      vertex 5.67577 -6.9168 0
    endloop
  endfacet
  facet normal -0.969735 -0.238824 -0.0507633
    outer loop
      vertex 5.67548 -7.37257 2.14982
      vertex 5.67608 -6.91805 0
      vertex 5.67608 -7.3749 2.14932
    endloop
  endfacet
  facet normal -0.969712 -0.238915 -0.0507823
    outer loop
      vertex 5.67608 -6.70549 -1
      vertex 5.67591 -6.7048 -1
      vertex 5.67608 -6.4393 -2.25234
    endloop
  endfacet
  facet normal -0.337292 -0.920828 -0.195729
    outer loop
      vertex 5.69156 -6.93465 0
      vertex 5.69274 -7.3912 2.14586
      vertex 5.69043 -7.39039 2.14603
    endloop
  endfacet
  facet normal -0.342653 -0.918933 -0.195322
    outer loop
      vertex 5.69274 -7.3912 2.14586
      vertex 5.69156 -6.93465 0
      vertex 5.69274 -6.93509 0
    endloop
  endfacet
  facet normal -0.335122 -0.921586 -0.195889
    outer loop
      vertex 5.69274 -6.72253 -1
      vertex 5.69208 -6.72229 -1
      vertex 5.69274 -6.4556 -2.25581
    endloop
  endfacet
  facet normal -0.000332393 -0.209075 0.9779
    outer loop
      vertex 5.68067 -7.38331 2.14753
      vertex 5.67795 -7.37933 2.14838
      vertex 5.67921 -7.38139 2.14794
    endloop
  endfacet
  facet normal 0.5978 -0.784128 -0.16667
    outer loop
      vertex 5.7149 -6.93111 0
      vertex 5.71389 -7.38813 2.14651
      vertex 5.71389 -6.93188 0
    endloop
  endfacet
  facet normal 0.595719 -0.785642 -0.166993
    outer loop
      vertex 5.71389 -7.38813 2.14651
      vertex 5.7149 -6.93111 0
      vertex 5.71586 -7.3867 2.14681
    endloop
  endfacet
  facet normal 0.591509 -0.788679 -0.167639
    outer loop
      vertex 5.71445 -6.7189 -1
      vertex 5.71389 -6.71932 -1
      vertex 5.71389 -6.45253 -2.25515
    endloop
  endfacet
  facet normal -0.00992026 0.230602 -0.972997
    outer loop
      vertex 5.71178 -6.45376 -2.25542
      vertex 5.70726 -6.4556 -2.25581
      vertex 5.71389 -6.45253 -2.25515
    endloop
  endfacet
  facet normal 3.02009e-05 0.208005 -0.978128
    outer loop
      vertex 5.69274 -6.4556 -2.25581
      vertex 5.67548 -6.42743 -2.24982
      vertex 5.69043 -6.40961 -2.24603
    endloop
  endfacet
  facet normal 0.859786 0.499495 0.106169
    outer loop
      vertex 5.72079 -6.89643 0
      vertex 5.72079 -7.35421 2.15372
      vertex 5.7214 -6.89748 0
    endloop
  endfacet
  facet normal 0.858189 0.502115 0.106729
    outer loop
      vertex 5.72079 -6.68387 -1
      vertex 5.72205 -6.42067 -2.24838
      vertex 5.72079 -6.41861 -2.24794
    endloop
  endfacet
  facet normal 0.858449 0.501691 0.10664
    outer loop
      vertex 5.72205 -6.42067 -2.24838
      vertex 5.72079 -6.68387 -1
      vertex 5.72169 -6.68541 -1
    endloop
  endfacet
  facet normal 0.00329492 0.208898 -0.977932
    outer loop
      vertex 5.72392 -6.4251 -2.24932
      vertex 5.72205 -6.42067 -2.24838
      vertex 5.7231 -6.42284 -2.24884
    endloop
  endfacet
  facet normal -0.24149 0.949198 0.201757
    outer loop
      vertex 5.69396 -6.88586 0
      vertex 5.69274 -7.3444 2.15581
      vertex 5.69512 -7.34382 2.15593
    endloop
  endfacet
  facet normal -0.241207 0.949267 0.201772
    outer loop
      vertex 5.69274 -7.3444 2.15581
      vertex 5.69396 -6.88586 0
      vertex 5.69274 -6.88617 0
    endloop
  endfacet
  facet normal -0.237538 0.950152 0.201957
    outer loop
      vertex 5.69274 -6.4088 -2.24586
      vertex 5.69274 -6.67361 -1
      vertex 5.69342 -6.67344 -1
    endloop
  endfacet
  facet normal -0.0049794 -0.158377 0.987366
    outer loop
      vertex 5.69755 -7.34346 2.156
      vertex 5.69512 -7.34382 2.15593
      vertex 5.7 -7.34335 2.15603
    endloop
  endfacet
  facet normal -0.424684 0.885558 0.188229
    outer loop
      vertex 5.68935 -6.88754 0
      vertex 5.68821 -7.34623 2.15542
      vertex 5.69043 -7.34521 2.15563
    endloop
  endfacet
  facet normal -0.426778 0.884595 0.188023
    outer loop
      vertex 5.68821 -7.34623 2.15542
      vertex 5.68935 -6.88754 0
      vertex 5.68821 -6.88809 0
    endloop
  endfacet
  facet normal -0.422229 0.88668 0.188471
    outer loop
      vertex 5.68821 -6.41063 -2.24625
      vertex 5.68821 -6.67553 -1
      vertex 5.68884 -6.67523 -1
    endloop
  endfacet
  facet normal -0.334464 0.921814 0.195941
    outer loop
      vertex 5.69043 -6.88701 0
      vertex 5.69043 -7.34521 2.15563
      vertex 5.69156 -6.8866 0
    endloop
  endfacet
  facet normal -0.338253 0.920492 0.195653
    outer loop
      vertex 5.69274 -6.4088 -2.24586
      vertex 5.69043 -6.67446 -1
      vertex 5.69209 -6.67385 -1
    endloop
  endfacet
  facet normal -0.337292 0.920828 0.195727
    outer loop
      vertex 5.69043 -6.67446 -1
      vertex 5.69274 -6.4088 -2.24586
      vertex 5.69043 -6.40961 -2.24603
    endloop
  endfacet
  facet normal -0.00520847 0.207181 -0.978289
    outer loop
      vertex 5.6769 -6.44156 -2.25282
      vertex 5.67512 -6.4298 -2.25032
      vertex 5.67548 -6.42743 -2.24982
    endloop
  endfacet
  facet normal 0.0239443 0.213789 -0.976586
    outer loop
      vertex 5.67548 -6.43697 -2.25185
      vertex 5.67512 -6.4346 -2.25134
      vertex 5.6769 -6.44156 -2.25282
    endloop
  endfacet
  facet normal 0.596026 -0.785418 -0.166948
    outer loop
      vertex 5.71445 -6.7189 -1
      vertex 5.71586 -6.4511 -2.25485
      vertex 5.71586 -6.71783 -1
    endloop
  endfacet
  facet normal 0.595719 -0.785641 -0.166996
    outer loop
      vertex 5.71586 -6.4511 -2.25485
      vertex 5.71445 -6.7189 -1
      vertex 5.71389 -6.45253 -2.25515
    endloop
  endfacet
  facet normal 0.596811 -0.784848 -0.166825
    outer loop
      vertex 5.71586 -7.3867 2.14681
      vertex 5.7149 -6.93111 0
      vertex 5.71586 -6.93038 0
    endloop
  endfacet
  facet normal -0.515039 -0.838436 -0.178215
    outer loop
      vertex 5.68611 -6.45253 -2.25515
      vertex 5.68821 -6.72061 -1
      vertex 5.68611 -6.71932 -1
    endloop
  endfacet
  facet normal -0.514273 -0.838885 -0.178312
    outer loop
      vertex 5.68821 -6.72061 -1
      vertex 5.68611 -6.45253 -2.25515
      vertex 5.68821 -6.45376 -2.25542
    endloop
  endfacet
  facet normal -0.516581 -0.837528 -0.17802
    outer loop
      vertex 5.68611 -6.93188 0
      vertex 5.68821 -7.38937 2.14625
      vertex 5.68611 -7.38813 2.14651
    endloop
  endfacet
  facet normal -0.515039 -0.838436 -0.178215
    outer loop
      vertex 5.68821 -7.38937 2.14625
      vertex 5.68611 -6.93188 0
      vertex 5.68821 -6.93317 0
    endloop
  endfacet
  facet normal -0.805957 -0.579037 -0.123084
    outer loop
      vertex 5.68067 -6.92684 0
      vertex 5.67921 -7.38139 2.14794
      vertex 5.67993 -6.92581 0
    endloop
  endfacet
  facet normal -0.802439 -0.583694 -0.124068
    outer loop
      vertex 5.67921 -7.38139 2.14794
      vertex 5.68067 -6.92684 0
      vertex 5.68067 -7.38331 2.14753
    endloop
  endfacet
  facet normal -0.810499 -0.572939 -0.121785
    outer loop
      vertex 5.68067 -6.71429 -1
      vertex 5.68026 -6.71371 -1
      vertex 5.68067 -6.44771 -2.25413
    endloop
  endfacet
  facet normal 0.00390358 0.210621 -0.97756
    outer loop
      vertex 5.67921 -6.44578 -2.25372
      vertex 5.6769 -6.44156 -2.25282
      vertex 5.68067 -6.44771 -2.25413
    endloop
  endfacet
  facet normal -0.149211 0.967198 0.205583
    outer loop
      vertex 5.69755 -6.88519 0
      vertex 5.69512 -7.34382 2.15593
      vertex 5.69755 -7.34346 2.156
    endloop
  endfacet
  facet normal -0.147311 0.967476 0.205645
    outer loop
      vertex 5.69512 -7.34382 2.15593
      vertex 5.69755 -6.88519 0
      vertex 5.69512 -6.88556 0
    endloop
  endfacet
  facet normal -0.143413 0.968035 0.205768
    outer loop
      vertex 5.69755 -6.40786 -2.24566
      vertex 5.69512 -6.673 -1
      vertex 5.69755 -6.67264 -1
    endloop
  endfacet
  facet normal -0.145316 0.967765 0.205706
    outer loop
      vertex 5.69512 -6.673 -1
      vertex 5.69755 -6.40786 -2.24566
      vertex 5.69512 -6.40821 -2.24573
    endloop
  endfacet
  facet normal 0.0118646 0.215801 -0.976365
    outer loop
      vertex 5.72205 -6.42067 -2.24838
      vertex 5.71768 -6.41491 -2.24716
      vertex 5.72079 -6.41861 -2.24794
    endloop
  endfacet
  facet normal 0.739607 0.658331 0.139934
    outer loop
      vertex 5.71933 -6.89441 0
      vertex 5.71852 -6.8935 0
      vertex 5.71933 -7.35229 2.15413
    endloop
  endfacet
  facet normal 0.740498 0.657372 0.139729
    outer loop
      vertex 5.71814 -6.68052 -1
      vertex 5.71933 -6.41669 -2.24753
      vertex 5.71768 -6.41491 -2.24716
    endloop
  endfacet
  facet normal 0.740379 0.657501 0.139756
    outer loop
      vertex 5.71933 -6.41669 -2.24753
      vertex 5.71814 -6.68052 -1
      vertex 5.71933 -6.68186 -1
    endloop
  endfacet
  facet normal 0 -0.207964 0.978136
    outer loop
      vertex 5.7 -7.34335 2.15603
      vertex 5.68414 -7.3489 2.15485
      vertex 5.71586 -7.3489 2.15485
    endloop
  endfacet
  facet normal 0 -0.208057 0.978117
    outer loop
      vertex 5.68414 -7.3489 2.15485
      vertex 5.72392 -7.3607 2.15234
      vertex 5.71586 -7.3489 2.15485
    endloop
  endfacet
  facet normal 0 -0.208057 0.978117
    outer loop
      vertex 5.72392 -7.3607 2.15234
      vertex 5.68414 -7.3489 2.15485
      vertex 5.67608 -7.3607 2.15234
    endloop
  endfacet
  facet normal 0.339687 0.919986 0.195545
    outer loop
      vertex 5.70726 -6.4088 -2.24586
      vertex 5.70726 -6.67361 -1
      vertex 5.70791 -6.67385 -1
    endloop
  endfacet
  facet normal 0.335752 0.921366 0.195845
    outer loop
      vertex 5.70726 -6.88617 0
      vertex 5.70957 -7.34521 2.15563
      vertex 5.70844 -6.8866 0
    endloop
  endfacet
  facet normal 0.338043 0.920565 0.195671
    outer loop
      vertex 5.70957 -7.34521 2.15563
      vertex 5.70726 -6.88617 0
      vertex 5.70726 -7.3444 2.15581
    endloop
  endfacet
  facet normal 0.0499564 0.976925 0.207658
    outer loop
      vertex 5.70245 -6.67264 -1
      vertex 5.7 -6.40774 -2.24563
      vertex 5.70069 -6.67255 -1
    endloop
  endfacet
  facet normal 0.050391 0.976904 0.207653
    outer loop
      vertex 5.7 -6.40774 -2.24563
      vertex 5.70245 -6.67264 -1
      vertex 5.70245 -6.40786 -2.24566
    endloop
  endfacet
  facet normal 0.048849 0.97698 0.207663
    outer loop
      vertex 5.70245 -6.88519 0
      vertex 5.70125 -6.88513 0
      vertex 5.70245 -7.34346 2.156
    endloop
  endfacet
  facet normal 0.96933 -0.240394 -0.0510951
    outer loop
      vertex 5.72452 -7.37257 2.14982
      vertex 5.72392 -6.91805 0
      vertex 5.72423 -6.9168 0
    endloop
  endfacet
  facet normal 0.969735 -0.238824 -0.0507633
    outer loop
      vertex 5.72392 -6.91805 0
      vertex 5.72452 -7.37257 2.14982
      vertex 5.72392 -7.3749 2.14932
    endloop
  endfacet
  facet normal 0.969712 -0.238915 -0.0507823
    outer loop
      vertex 5.72409 -6.7048 -1
      vertex 5.72392 -6.70549 -1
      vertex 5.72392 -6.4393 -2.25234
    endloop
  endfacet
  facet normal 0.969685 -0.23902 -0.0508054
    outer loop
      vertex 5.72452 -6.70306 -1
      vertex 5.72392 -6.4393 -2.25234
      vertex 5.72452 -6.43697 -2.25185
    endloop
  endfacet
  facet normal 0.969536 -0.239598 -0.0509271
    outer loop
      vertex 5.72392 -6.4393 -2.25234
      vertex 5.72452 -6.70306 -1
      vertex 5.72409 -6.7048 -1
    endloop
  endfacet
  facet normal 0.970338 -0.236469 -0.0502632
    outer loop
      vertex 5.72452 -7.37257 2.14982
      vertex 5.72423 -6.9168 0
      vertex 5.72452 -6.91561 0
    endloop
  endfacet
  facet normal 0.734451 -0.663831 -0.141105
    outer loop
      vertex 5.71933 -6.71429 -1
      vertex 5.71886 -6.71481 -1
      vertex 5.71933 -6.44771 -2.25413
    endloop
  endfacet
  facet normal 0.737867 -0.660197 -0.140329
    outer loop
      vertex 5.71933 -7.38331 2.14753
      vertex 5.71848 -6.92779 0
      vertex 5.71933 -6.92684 0
    endloop
  endfacet
  facet normal 0.740498 -0.657372 -0.13973
    outer loop
      vertex 5.71848 -6.92779 0
      vertex 5.71933 -7.38331 2.14753
      vertex 5.71768 -7.38509 2.14716
    endloop
  endfacet
  facet normal 0.00717029 -0.214767 0.976639
    outer loop
      vertex 5.71933 -7.38331 2.14753
      vertex 5.71389 -7.38813 2.14651
      vertex 5.71586 -7.3867 2.14681
    endloop
  endfacet
  facet normal -0.0461489 -0.162113 0.985693
    outer loop
      vertex 5.71933 -7.38331 2.14753
      vertex 5.71586 -7.3867 2.14681
      vertex 5.71768 -7.38509 2.14716
    endloop
  endfacet
  facet normal -8.5745e-05 0.208385 -0.978047
    outer loop
      vertex 5.71933 -6.44771 -2.25413
      vertex 5.70726 -6.4556 -2.25581
      vertex 5.7231 -6.44156 -2.25282
    endloop
  endfacet
  facet normal 0.00520847 0.207181 -0.978289
    outer loop
      vertex 5.72488 -6.4298 -2.25032
      vertex 5.7231 -6.44156 -2.25282
      vertex 5.72452 -6.42743 -2.24982
    endloop
  endfacet
  facet normal 0.0110445 -0.218547 0.975764
    outer loop
      vertex 5.68232 -7.35051 2.15451
      vertex 5.68067 -7.35229 2.15413
      vertex 5.68414 -7.3489 2.15485
    endloop
  endfacet
  facet normal -0.670155 0.726002 0.154315
    outer loop
      vertex 5.68232 -6.41491 -2.24716
      vertex 5.68232 -6.68 -1
      vertex 5.68284 -6.67952 -1
    endloop
  endfacet
  facet normal -0.670654 0.725561 0.154224
    outer loop
      vertex 5.68325 -6.89169 0
      vertex 5.68232 -7.35051 2.15451
      vertex 5.68414 -7.3489 2.15485
    endloop
  endfacet
  facet normal -0.670816 0.725417 0.154194
    outer loop
      vertex 5.68232 -7.35051 2.15451
      vertex 5.68325 -6.89169 0
      vertex 5.68232 -6.89255 0
    endloop
  endfacet
  facet normal -0.00195824 -0.206777 0.978386
    outer loop
      vertex 5.67795 -7.35627 2.15328
      vertex 5.67608 -7.3607 2.15234
      vertex 5.68414 -7.3489 2.15485
    endloop
  endfacet
  facet normal 0.00338614 -0.211069 0.977465
    outer loop
      vertex 5.68067 -7.35229 2.15413
      vertex 5.67795 -7.35627 2.15328
      vertex 5.68414 -7.3489 2.15485
    endloop
  endfacet
  facet normal -0.90512 0.415866 0.0883943
    outer loop
      vertex 5.67795 -6.89858 0
      vertex 5.67744 -6.89969 0
      vertex 5.67795 -7.35627 2.15328
    endloop
  endfacet
  facet normal -0.903854 0.418492 0.0889528
    outer loop
      vertex 5.6769 -6.42284 -2.24884
      vertex 5.67795 -6.68602 -1
      vertex 5.67795 -6.42067 -2.24838
    endloop
  endfacet
  facet normal -0.904883 0.416357 0.0885038
    outer loop
      vertex 5.67795 -6.68602 -1
      vertex 5.6769 -6.42284 -2.24884
      vertex 5.6772 -6.68765 -1
    endloop
  endfacet
  facet normal -0.0142585 0.213303 -0.976882
    outer loop
      vertex 5.67795 -6.42067 -2.24838
      vertex 5.67548 -6.42743 -2.24982
      vertex 5.67608 -6.4251 -2.24932
    endloop
  endfacet
  facet normal -0.858189 0.502115 0.106729
    outer loop
      vertex 5.67795 -6.42067 -2.24838
      vertex 5.67921 -6.68387 -1
      vertex 5.67921 -6.41861 -2.24794
    endloop
  endfacet
  facet normal -0.858449 0.501691 0.10664
    outer loop
      vertex 5.67921 -6.68387 -1
      vertex 5.67795 -6.42067 -2.24838
      vertex 5.67831 -6.68541 -1
    endloop
  endfacet
  facet normal -0.859786 0.499495 0.106169
    outer loop
      vertex 5.67921 -6.89643 0
      vertex 5.6786 -6.89748 0
      vertex 5.67921 -7.35421 2.15372
    endloop
  endfacet
  facet normal -0.0331277 0.232748 -0.971973
    outer loop
      vertex 5.68232 -6.41491 -2.24716
      vertex 5.67921 -6.41861 -2.24794
      vertex 5.68067 -6.41669 -2.24753
    endloop
  endfacet
  facet normal 0 -0.218711 0.97579
    outer loop
      vertex 5.70726 -7.3912 2.14586
      vertex 5.69512 -7.39178 2.14573
      vertex 5.70488 -7.39178 2.14573
    endloop
  endfacet
  facet normal 0 -0.218711 0.97579
    outer loop
      vertex 5.69512 -7.39178 2.14573
      vertex 5.70726 -7.3912 2.14586
      vertex 5.69274 -7.3912 2.14586
    endloop
  endfacet
  facet normal -0.988632 -0.147069 -0.0312606
    outer loop
      vertex 5.67548 -7.37257 2.14982
      vertex 5.6753 -6.9144 0
      vertex 5.67548 -6.91561 0
    endloop
  endfacet
  facet normal -0.989153 -0.143679 -0.0305412
    outer loop
      vertex 5.67548 -6.43697 -2.25185
      vertex 5.67522 -6.70128 -1
      vertex 5.67512 -6.4346 -2.25134
    endloop
  endfacet
  facet normal -0.989033 -0.144466 -0.0307072
    outer loop
      vertex 5.67522 -6.70128 -1
      vertex 5.67548 -6.43697 -2.25185
      vertex 5.67548 -6.70306 -1
    endloop
  endfacet
  facet normal -0.000575269 -0.208014 0.978126
    outer loop
      vertex 5.68821 -7.38937 2.14625
      vertex 5.67608 -7.3607 2.15234
      vertex 5.6769 -7.37716 2.14884
    endloop
  endfacet
  facet normal -0.000497632 -0.20801 0.978126
    outer loop
      vertex 5.67608 -7.3607 2.15234
      vertex 5.67512 -7.3654 2.15134
      vertex 5.6769 -7.37716 2.14884
    endloop
  endfacet
  facet normal -0.969586 0.239404 0.0508864
    outer loop
      vertex 5.67548 -6.90564 0
      vertex 5.67608 -7.3607 2.15234
      vertex 5.67608 -6.90321 0
    endloop
  endfacet
  facet normal -0.969685 0.23902 0.0508053
    outer loop
      vertex 5.67608 -7.3607 2.15234
      vertex 5.67548 -6.90564 0
      vertex 5.67548 -7.36303 2.15185
    endloop
  endfacet
  facet normal -0.969735 0.238824 0.0507633
    outer loop
      vertex 5.67548 -6.42743 -2.24982
      vertex 5.67608 -6.69065 -1
      vertex 5.67608 -6.4251 -2.24932
    endloop
  endfacet
  facet normal -0.969586 0.239404 0.0508854
    outer loop
      vertex 5.67608 -6.69065 -1
      vertex 5.67548 -6.42743 -2.24982
      vertex 5.67548 -6.69308 -1
    endloop
  endfacet
  facet normal 0.0464126 -0.977094 -0.207686
    outer loop
      vertex 5.70119 -6.93613 0
      vertex 5.70245 -7.39214 2.14566
      vertex 5.7 -7.39225 2.14563
    endloop
  endfacet
  facet normal 0.0542614 -0.976706 -0.207608
    outer loop
      vertex 5.70245 -7.39214 2.14566
      vertex 5.70119 -6.93613 0
      vertex 5.70245 -6.93606 0
    endloop
  endfacet
  facet normal 0.0418838 -0.977288 -0.207736
    outer loop
      vertex 5.70245 -6.72351 -1
      vertex 5.70175 -6.72354 -1
      vertex 5.70245 -6.45653 -2.256
    endloop
  endfacet
  facet normal 0.00825566 -0.227891 0.973652
    outer loop
      vertex 5.71178 -7.38937 2.14625
      vertex 5.70726 -7.3912 2.14586
      vertex 5.70957 -7.39039 2.14603
    endloop
  endfacet
  facet normal 0.248515 -0.947462 -0.201385
    outer loop
      vertex 5.7061 -6.93538 0
      vertex 5.70488 -7.39178 2.14573
      vertex 5.70488 -6.9357 0
    endloop
  endfacet
  facet normal 0.242288 -0.949003 -0.201717
    outer loop
      vertex 5.70488 -7.39178 2.14573
      vertex 5.7061 -6.93538 0
      vertex 5.70726 -7.3912 2.14586
    endloop
  endfacet
  facet normal 0.250656 -0.946921 -0.201277
    outer loop
      vertex 5.70556 -6.72296 -1
      vertex 5.70488 -6.72314 -1
      vertex 5.70488 -6.45618 -2.25593
    endloop
  endfacet
  facet normal 0 0.202606 -0.97926
    outer loop
      vertex 5.69512 -6.45618 -2.25593
      vertex 5.70726 -6.4556 -2.25581
      vertex 5.70488 -6.45618 -2.25593
    endloop
  endfacet
  facet normal 0 0.202606 -0.97926
    outer loop
      vertex 5.70726 -6.4556 -2.25581
      vertex 5.69512 -6.45618 -2.25593
      vertex 5.69274 -6.4556 -2.25581
    endloop
  endfacet
  facet normal -0.00387696 0.221928 -0.975055
    outer loop
      vertex 5.69755 -6.40786 -2.24566
      vertex 5.69043 -6.40961 -2.24603
      vertex 5.69512 -6.40821 -2.24573
    endloop
  endfacet
  facet normal 0.00231274 0.197839 -0.980232
    outer loop
      vertex 5.7 -6.40774 -2.24563
      vertex 5.69043 -6.40961 -2.24603
      vertex 5.69755 -6.40786 -2.24566
    endloop
  endfacet
  facet normal 0.000574732 -0.208014 0.978126
    outer loop
      vertex 5.72392 -7.3607 2.15234
      vertex 5.71178 -7.38937 2.14625
      vertex 5.7231 -7.37716 2.14884
    endloop
  endfacet
  facet normal 0.000497632 -0.20801 0.978126
    outer loop
      vertex 5.72392 -7.3607 2.15234
      vertex 5.7231 -7.37716 2.14884
      vertex 5.72488 -7.3654 2.15134
    endloop
  endfacet
  facet normal -0.338043 0.920565 0.195671
    outer loop
      vertex 5.69274 -6.88617 0
      vertex 5.69043 -7.34521 2.15563
      vertex 5.69274 -7.3444 2.15581
    endloop
  endfacet
  facet normal -0.335752 0.921366 0.195845
    outer loop
      vertex 5.69043 -7.34521 2.15563
      vertex 5.69274 -6.88617 0
      vertex 5.69156 -6.8866 0
    endloop
  endfacet
  facet normal -0.339687 0.919986 0.195545
    outer loop
      vertex 5.69274 -6.4088 -2.24586
      vertex 5.69209 -6.67385 -1
      vertex 5.69274 -6.67361 -1
    endloop
  endfacet
  facet normal 0.00304551 -0.225198 0.974308
    outer loop
      vertex 5.69274 -7.3444 2.15581
      vertex 5.69043 -7.34521 2.15563
      vertex 5.7 -7.34335 2.15603
    endloop
  endfacet
  facet normal -0.517202 0.837161 0.177941
    outer loop
      vertex 5.68821 -6.88809 0
      vertex 5.68611 -7.34747 2.15515
      vertex 5.68821 -7.34623 2.15542
    endloop
  endfacet
  facet normal -0.515039 0.838436 0.178215
    outer loop
      vertex 5.68611 -7.34747 2.15515
      vertex 5.68821 -6.88809 0
      vertex 5.68611 -6.88938 0
    endloop
  endfacet
  facet normal -0.515039 0.838435 0.178216
    outer loop
      vertex 5.68821 -6.41063 -2.24625
      vertex 5.68611 -6.67682 -1
      vertex 5.68821 -6.67553 -1
    endloop
  endfacet
  facet normal -0.516581 0.837528 0.178019
    outer loop
      vertex 5.68611 -6.67682 -1
      vertex 5.68821 -6.41063 -2.24625
      vertex 5.68611 -6.41187 -2.24651
    endloop
  endfacet
  facet normal -0.596027 0.785418 0.166943
    outer loop
      vertex 5.68611 -6.41187 -2.24651
      vertex 5.6847 -6.67789 -1
      vertex 5.68611 -6.67682 -1
    endloop
  endfacet
  facet normal -0.593137 0.787508 0.167393
    outer loop
      vertex 5.6847 -6.67789 -1
      vertex 5.68611 -6.41187 -2.24651
      vertex 5.68414 -6.41329 -2.24681
    endloop
  endfacet
  facet normal -0.596811 0.784848 0.166824
    outer loop
      vertex 5.68611 -6.88938 0
      vertex 5.68515 -6.89011 0
      vertex 5.68611 -7.34747 2.15515
    endloop
  endfacet
  facet normal 8.5745e-05 0.208385 -0.978047
    outer loop
      vertex 5.68067 -6.44771 -2.25413
      vertex 5.6769 -6.44156 -2.25282
      vertex 5.69274 -6.4556 -2.25581
    endloop
  endfacet
  facet normal -0.00319596 0.203579 -0.979053
    outer loop
      vertex 5.68611 -6.45253 -2.25515
      vertex 5.68067 -6.44771 -2.25413
      vertex 5.69274 -6.4556 -2.25581
    endloop
  endfacet
  facet normal -0.0260401 0.145518 -0.989013
    outer loop
      vertex 5.69043 -6.45479 -2.25563
      vertex 5.68821 -6.45376 -2.25542
      vertex 5.69274 -6.4556 -2.25581
    endloop
  endfacet
  facet normal 0.00974282 0.230238 -0.973086
    outer loop
      vertex 5.68821 -6.45376 -2.25542
      vertex 5.68611 -6.45253 -2.25515
      vertex 5.69274 -6.4556 -2.25581
    endloop
  endfacet
  facet normal 0.0331277 0.232748 -0.971973
    outer loop
      vertex 5.72079 -6.41861 -2.24794
      vertex 5.71768 -6.41491 -2.24716
      vertex 5.71933 -6.41669 -2.24753
    endloop
  endfacet
  facet normal -0.0114008 0.19891 -0.979952
    outer loop
      vertex 5.72205 -6.42067 -2.24838
      vertex 5.71586 -6.41329 -2.24681
      vertex 5.71768 -6.41491 -2.24716
    endloop
  endfacet
  facet normal 0.804257 0.581295 0.12356
    outer loop
      vertex 5.71933 -7.35229 2.15413
      vertex 5.72079 -6.89643 0
      vertex 5.71933 -6.89441 0
    endloop
  endfacet
  facet normal 0.802439 0.583695 0.124066
    outer loop
      vertex 5.72079 -6.89643 0
      vertex 5.71933 -7.35229 2.15413
      vertex 5.72079 -7.35421 2.15372
    endloop
  endfacet
  facet normal 0.802439 0.583694 0.124068
    outer loop
      vertex 5.71933 -6.68186 -1
      vertex 5.72079 -6.41861 -2.24794
      vertex 5.71933 -6.41669 -2.24753
    endloop
  endfacet
  facet normal 0.802844 0.58316 0.123956
    outer loop
      vertex 5.72079 -6.41861 -2.24794
      vertex 5.71933 -6.68186 -1
      vertex 5.72079 -6.68387 -1
    endloop
  endfacet
  facet normal 0.00195824 -0.206777 0.978386
    outer loop
      vertex 5.72205 -7.35627 2.15328
      vertex 5.71586 -7.3489 2.15485
      vertex 5.72392 -7.3607 2.15234
    endloop
  endfacet
  facet normal -0.0115948 -0.225679 0.974133
    outer loop
      vertex 5.71178 -7.34623 2.15542
      vertex 5.70957 -7.34521 2.15563
      vertex 5.71586 -7.3489 2.15485
    endloop
  endfacet
  facet normal -0.012698 0.184455 -0.982759
    outer loop
      vertex 5.71389 -6.41187 -2.24651
      vertex 5.70957 -6.40961 -2.24603
      vertex 5.71178 -6.41063 -2.24625
    endloop
  endfacet
  facet normal 0.00104448 -0.205107 0.978739
    outer loop
      vertex 5.70957 -7.34521 2.15563
      vertex 5.7 -7.34335 2.15603
      vertex 5.71586 -7.3489 2.15485
    endloop
  endfacet
  facet normal 0.0049794 -0.158377 0.987366
    outer loop
      vertex 5.70245 -7.34346 2.156
      vertex 5.7 -7.34335 2.15603
      vertex 5.70488 -7.34382 2.15593
    endloop
  endfacet
  facet normal 0.147311 0.967476 0.205645
    outer loop
      vertex 5.70245 -6.88519 0
      vertex 5.70488 -7.34382 2.15593
      vertex 5.70488 -6.88556 0
    endloop
  endfacet
  facet normal 0.149211 0.967198 0.205583
    outer loop
      vertex 5.70488 -7.34382 2.15593
      vertex 5.70245 -6.88519 0
      vertex 5.70245 -7.34346 2.156
    endloop
  endfacet
  facet normal 0.143413 0.968035 0.205768
    outer loop
      vertex 5.70488 -6.673 -1
      vertex 5.70245 -6.40786 -2.24566
      vertex 5.70245 -6.67264 -1
    endloop
  endfacet
  facet normal 0.145316 0.967765 0.205706
    outer loop
      vertex 5.70245 -6.40786 -2.24566
      vertex 5.70488 -6.673 -1
      vertex 5.70488 -6.40821 -2.24573
    endloop
  endfacet
  facet normal 0.241207 0.949267 0.201772
    outer loop
      vertex 5.70604 -6.88586 0
      vertex 5.70726 -7.3444 2.15581
      vertex 5.70726 -6.88617 0
    endloop
  endfacet
  facet normal 0.24149 0.949198 0.201757
    outer loop
      vertex 5.70726 -7.3444 2.15581
      vertex 5.70604 -6.88586 0
      vertex 5.70488 -7.34382 2.15593
    endloop
  endfacet
  facet normal 0.237538 0.950152 0.201957
    outer loop
      vertex 5.70726 -6.4088 -2.24586
      vertex 5.70658 -6.67344 -1
      vertex 5.70726 -6.67361 -1
    endloop
  endfacet
  facet normal 0.000915994 -0.199 0.979999
    outer loop
      vertex 5.70488 -7.34382 2.15593
      vertex 5.7 -7.34335 2.15603
      vertex 5.70726 -7.3444 2.15581
    endloop
  endfacet
  facet normal -0.00870368 0.181559 -0.983342
    outer loop
      vertex 5.70957 -6.40961 -2.24603
      vertex 5.70488 -6.40821 -2.24573
      vertex 5.70726 -6.4088 -2.24586
    endloop
  endfacet
  facet normal 0.989503 -0.141358 -0.0300464
    outer loop
      vertex 5.72488 -6.70058 -1
      vertex 5.72478 -6.70128 -1
      vertex 5.72488 -6.4346 -2.25134
    endloop
  endfacet
  facet normal 0.988505 -0.147887 -0.0314346
    outer loop
      vertex 5.72488 -7.3702 2.15032
      vertex 5.72469 -6.9144 0
      vertex 5.72488 -6.91313 0
    endloop
  endfacet
  facet normal 0.989135 -0.143799 -0.0305683
    outer loop
      vertex 5.72469 -6.9144 0
      vertex 5.72488 -7.3702 2.15032
      vertex 5.72452 -7.37257 2.14982
    endloop
  endfacet
  facet normal 0.00984904 -0.207849 0.978111
    outer loop
      vertex 5.72488 -7.3654 2.15134
      vertex 5.72452 -7.37257 2.14982
      vertex 5.72488 -7.3702 2.15032
    endloop
  endfacet
  facet normal 0.000332393 -0.209075 0.9779
    outer loop
      vertex 5.72205 -7.37933 2.14838
      vertex 5.71933 -7.38331 2.14753
      vertex 5.72079 -7.38139 2.14794
    endloop
  endfacet
  facet normal 0.810499 -0.572939 -0.121785
    outer loop
      vertex 5.71974 -6.71371 -1
      vertex 5.71933 -6.71429 -1
      vertex 5.71933 -6.44771 -2.25413
    endloop
  endfacet
  facet normal 0.805957 -0.579037 -0.123084
    outer loop
      vertex 5.72079 -7.38139 2.14794
      vertex 5.71933 -6.92684 0
      vertex 5.72007 -6.92581 0
    endloop
  endfacet
  facet normal 0.802439 -0.583694 -0.124068
    outer loop
      vertex 5.71933 -6.92684 0
      vertex 5.72079 -7.38139 2.14794
      vertex 5.71933 -7.38331 2.14753
    endloop
  endfacet
  facet normal 0.00263548 -0.209879 0.977724
    outer loop
      vertex 5.7231 -7.37716 2.14884
      vertex 5.71389 -7.38813 2.14651
      vertex 5.71933 -7.38331 2.14753
    endloop
  endfacet
  facet normal 0.00308476 -0.210239 0.977645
    outer loop
      vertex 5.7231 -7.37716 2.14884
      vertex 5.71178 -7.38937 2.14625
      vertex 5.71389 -7.38813 2.14651
    endloop
  endfacet
  facet normal -0.00549433 0.212562 -0.977132
    outer loop
      vertex 5.71586 -6.4511 -2.25485
      vertex 5.71389 -6.45253 -2.25515
      vertex 5.71768 -6.44949 -2.25451
    endloop
  endfacet
  facet normal -0.00902723 0.216766 -0.976182
    outer loop
      vertex 5.71768 -6.44949 -2.25451
      vertex 5.71389 -6.45253 -2.25515
      vertex 5.71933 -6.44771 -2.25413
    endloop
  endfacet
  facet normal 0.857134 -0.503838 -0.107092
    outer loop
      vertex 5.72169 -6.71073 -1
      vertex 5.72079 -6.44578 -2.25372
      vertex 5.72205 -6.44373 -2.25328
    endloop
  endfacet
  facet normal 0.858449 -0.501691 -0.106639
    outer loop
      vertex 5.72079 -6.44578 -2.25372
      vertex 5.72169 -6.71073 -1
      vertex 5.72079 -6.71227 -1
    endloop
  endfacet
  facet normal 0.859786 -0.499495 -0.106171
    outer loop
      vertex 5.7214 -6.92378 0
      vertex 5.72079 -7.38139 2.14794
      vertex 5.72079 -6.92483 0
    endloop
  endfacet
  facet normal 0.803856 -0.581826 -0.123673
    outer loop
      vertex 5.72079 -6.71227 -1
      vertex 5.71933 -6.44771 -2.25413
      vertex 5.72079 -6.44578 -2.25372
    endloop
  endfacet
  facet normal 0.801746 -0.584606 -0.124257
    outer loop
      vertex 5.71933 -6.44771 -2.25413
      vertex 5.72079 -6.71227 -1
      vertex 5.71974 -6.71371 -1
    endloop
  endfacet
  facet normal 0.799575 -0.587443 -0.124865
    outer loop
      vertex 5.72079 -7.38139 2.14794
      vertex 5.72007 -6.92581 0
      vertex 5.72079 -6.92483 0
    endloop
  endfacet
  facet normal -0.00329492 0.208898 -0.977932
    outer loop
      vertex 5.67795 -6.42067 -2.24838
      vertex 5.67608 -6.4251 -2.24932
      vertex 5.6769 -6.42284 -2.24884
    endloop
  endfacet
  facet normal -0.943112 0.325211 0.0691251
    outer loop
      vertex 5.67608 -6.90321 0
      vertex 5.67608 -7.3607 2.15234
      vertex 5.67648 -6.90205 0
    endloop
  endfacet
  facet normal -0.942405 0.327164 0.0695431
    outer loop
      vertex 5.67608 -6.4251 -2.24932
      vertex 5.67667 -6.68896 -1
      vertex 5.6769 -6.42284 -2.24884
    endloop
  endfacet
  facet normal -0.941811 0.328798 0.0698878
    outer loop
      vertex 5.67667 -6.68896 -1
      vertex 5.67608 -6.4251 -2.24932
      vertex 5.67608 -6.69065 -1
    endloop
  endfacet
  facet normal -0.855937 0.505781 0.107501
    outer loop
      vertex 5.67795 -6.89858 0
      vertex 5.67921 -7.35421 2.15372
      vertex 5.6786 -6.89748 0
    endloop
  endfacet
  facet normal -0.858189 0.502116 0.106727
    outer loop
      vertex 5.67921 -7.35421 2.15372
      vertex 5.67795 -6.89858 0
      vertex 5.67795 -7.35627 2.15328
    endloop
  endfacet
  facet normal -0.856225 0.505313 0.107407
    outer loop
      vertex 5.67795 -6.42067 -2.24838
      vertex 5.67795 -6.68602 -1
      vertex 5.67831 -6.68541 -1
    endloop
  endfacet
  facet normal 0.000332393 -0.209075 0.9779
    outer loop
      vertex 5.67921 -7.35421 2.15372
      vertex 5.67795 -7.35627 2.15328
      vertex 5.68067 -7.35229 2.15413
    endloop
  endfacet
  facet normal -0.740498 0.657373 0.139723
    outer loop
      vertex 5.68067 -6.41669 -2.24753
      vertex 5.68185 -6.68052 -1
      vertex 5.68232 -6.41491 -2.24716
    endloop
  endfacet
  facet normal -0.743194 0.654455 0.139108
    outer loop
      vertex 5.68185 -6.68052 -1
      vertex 5.68067 -6.41669 -2.24753
      vertex 5.68067 -6.68186 -1
    endloop
  endfacet
  facet normal -0.739607 0.658331 0.139934
    outer loop
      vertex 5.68067 -6.89441 0
      vertex 5.68067 -7.35229 2.15413
      vertex 5.68148 -6.8935 0
    endloop
  endfacet
  facet normal -0.942405 -0.327165 -0.0695421
    outer loop
      vertex 5.6769 -6.44156 -2.25282
      vertex 5.67631 -6.70616 -1
      vertex 5.67608 -6.4393 -2.25234
    endloop
  endfacet
  facet normal -0.941811 -0.328798 -0.0698868
    outer loop
      vertex 5.67631 -6.70616 -1
      vertex 5.6769 -6.44156 -2.25282
      vertex 5.6769 -6.70785 -1
    endloop
  endfacet
  facet normal -0.942202 -0.327723 -0.0696596
    outer loop
      vertex 5.6769 -7.37716 2.14884
      vertex 5.6765 -6.91926 0
      vertex 5.6769 -6.92041 0
    endloop
  endfacet
  facet normal -0.000549527 0.207859 -0.978159
    outer loop
      vertex 5.6769 -6.44156 -2.25282
      vertex 5.67512 -6.4346 -2.25134
      vertex 5.67512 -6.4298 -2.25032
    endloop
  endfacet
  facet normal -0.0198792 0.198118 -0.979977
    outer loop
      vertex 5.67795 -6.44373 -2.25328
      vertex 5.6769 -6.44156 -2.25282
      vertex 5.67921 -6.44578 -2.25372
    endloop
  endfacet
  facet normal -0.00311388 -0.210263 0.97764
    outer loop
      vertex 5.68821 -7.38937 2.14625
      vertex 5.6769 -7.37716 2.14884
      vertex 5.68611 -7.38813 2.14651
    endloop
  endfacet
  facet normal -0.999068 0.0422142 0.00897311
    outer loop
      vertex 5.67512 -6.4298 -2.25032
      vertex 5.67509 -6.69628 -1
      vertex 5.67512 -6.69557 -1
    endloop
  endfacet
  facet normal -0.998854 0.0468213 0.00995214
    outer loop
      vertex 5.67506 -6.9094 0
      vertex 5.67512 -7.3654 2.15134
      vertex 5.67512 -6.90812 0
    endloop
  endfacet
  facet normal -0.998806 0.0477822 0.0101558
    outer loop
      vertex 5.67512 -7.3654 2.15134
      vertex 5.67506 -6.9094 0
      vertex 5.675 -7.3678 2.15083
    endloop
  endfacet
  facet normal -0.998806 0.0477814 0.0101597
    outer loop
      vertex 5.675 -6.4322 -2.25083
      vertex 5.67509 -6.69628 -1
      vertex 5.67512 -6.4298 -2.25032
    endloop
  endfacet
  facet normal -0.998681 0.050213 0.010673
    outer loop
      vertex 5.67509 -6.69628 -1
      vertex 5.675 -6.4322 -2.25083
      vertex 5.675 -6.69807 -1
    endloop
  endfacet
  facet normal -0.998759 0.0487199 0.0103557
    outer loop
      vertex 5.675 -6.91063 0
      vertex 5.675 -7.3678 2.15083
      vertex 5.67506 -6.9094 0
    endloop
  endfacet
  facet normal -0.00717029 -0.214767 0.976639
    outer loop
      vertex 5.68611 -7.38813 2.14651
      vertex 5.68067 -7.38331 2.14753
      vertex 5.68414 -7.3867 2.14681
    endloop
  endfacet
  facet normal -0.00263548 -0.209879 0.977724
    outer loop
      vertex 5.68611 -7.38813 2.14651
      vertex 5.6769 -7.37716 2.14884
      vertex 5.68067 -7.38331 2.14753
    endloop
  endfacet
  facet normal 0.0256785 0.146519 -0.988875
    outer loop
      vertex 5.70957 -6.45479 -2.25563
      vertex 5.70726 -6.4556 -2.25581
      vertex 5.71178 -6.45376 -2.25542
    endloop
  endfacet
  facet normal 0 -0.208434 0.978036
    outer loop
      vertex 5.71178 -7.38937 2.14625
      vertex 5.69274 -7.3912 2.14586
      vertex 5.70726 -7.3912 2.14586
    endloop
  endfacet
  facet normal 0 -0.208434 0.978036
    outer loop
      vertex 5.69274 -7.3912 2.14586
      vertex 5.71178 -7.38937 2.14625
      vertex 5.68821 -7.38937 2.14625
    endloop
  endfacet
  facet normal 0.425732 -0.885075 -0.188135
    outer loop
      vertex 5.70957 -6.72168 -1
      vertex 5.71178 -6.45376 -2.25542
      vertex 5.71115 -6.72092 -1
    endloop
  endfacet
  facet normal 0.429525 -0.883322 -0.187754
    outer loop
      vertex 5.71178 -6.45376 -2.25542
      vertex 5.70957 -6.72168 -1
      vertex 5.70957 -6.45479 -2.25563
    endloop
  endfacet
  facet normal 0.426072 -0.88492 -0.188094
    outer loop
      vertex 5.71065 -6.93372 0
      vertex 5.70957 -7.39039 2.14603
      vertex 5.70957 -6.93424 0
    endloop
  endfacet
  facet normal -0.150911 -0.966946 -0.205527
    outer loop
      vertex 5.69512 -6.45618 -2.25593
      vertex 5.69755 -6.72351 -1
      vertex 5.69582 -6.72324 -1
    endloop
  endfacet
  facet normal -0.145316 -0.967763 -0.205711
    outer loop
      vertex 5.69755 -6.72351 -1
      vertex 5.69512 -6.45618 -2.25593
      vertex 5.69755 -6.45653 -2.256
    endloop
  endfacet
  facet normal -0.147575 -0.967437 -0.205638
    outer loop
      vertex 5.69755 -7.39214 2.14566
      vertex 5.69637 -6.93588 0
      vertex 5.69755 -6.93606 0
    endloop
  endfacet
  facet normal -0.0451478 -0.216709 0.975192
    outer loop
      vertex 5.72452 -7.36303 2.15185
      vertex 5.72392 -7.3607 2.15234
      vertex 5.72488 -7.3654 2.15134
    endloop
  endfacet
  facet normal 0.0142585 0.213303 -0.976882
    outer loop
      vertex 5.72452 -6.42743 -2.24982
      vertex 5.72205 -6.42067 -2.24838
      vertex 5.72392 -6.4251 -2.24932
    endloop
  endfacet
  facet normal 0.902957 0.420342 0.0893429
    outer loop
      vertex 5.72205 -7.35627 2.15328
      vertex 5.7231 -6.90085 0
      vertex 5.72256 -6.89969 0
    endloop
  endfacet
  facet normal 0.903854 0.418492 0.0889521
    outer loop
      vertex 5.7231 -6.90085 0
      vertex 5.72205 -7.35627 2.15328
      vertex 5.7231 -7.35844 2.15282
    endloop
  endfacet
  facet normal 0.901797 0.422717 0.0898516
    outer loop
      vertex 5.7231 -6.42284 -2.24884
      vertex 5.7228 -6.68765 -1
      vertex 5.7231 -6.68829 -1
    endloop
  endfacet
  facet normal 0.903854 0.418492 0.0889528
    outer loop
      vertex 5.72205 -6.68602 -1
      vertex 5.7231 -6.42284 -2.24884
      vertex 5.72205 -6.42067 -2.24838
    endloop
  endfacet
  facet normal 0.904883 0.416357 0.0885038
    outer loop
      vertex 5.7231 -6.42284 -2.24884
      vertex 5.72205 -6.68602 -1
      vertex 5.7228 -6.68765 -1
    endloop
  endfacet
  facet normal 0.90512 0.415866 0.0883943
    outer loop
      vertex 5.72205 -6.89858 0
      vertex 5.72205 -7.35627 2.15328
      vertex 5.72256 -6.89969 0
    endloop
  endfacet
  facet normal -0.0247847 -0.172438 0.984708
    outer loop
      vertex 5.68611 -7.34747 2.15515
      vertex 5.68414 -7.3489 2.15485
      vertex 5.68821 -7.34623 2.15542
    endloop
  endfacet
  facet normal 0.011355 -0.22529 0.974226
    outer loop
      vertex 5.68821 -7.34623 2.15542
      vertex 5.68414 -7.3489 2.15485
      vertex 5.69043 -7.34521 2.15563
    endloop
  endfacet
  facet normal 0.0122262 0.185324 -0.982601
    outer loop
      vertex 5.69043 -6.40961 -2.24603
      vertex 5.68611 -6.41187 -2.24651
      vertex 5.68821 -6.41063 -2.24625
    endloop
  endfacet
  facet normal 0.00209508 0.203921 -0.978985
    outer loop
      vertex 5.69043 -6.40961 -2.24603
      vertex 5.68414 -6.41329 -2.24681
      vertex 5.68611 -6.41187 -2.24651
    endloop
  endfacet
  facet normal 0.00549433 0.212562 -0.977132
    outer loop
      vertex 5.68414 -6.4511 -2.25485
      vertex 5.68232 -6.44949 -2.25451
      vertex 5.68611 -6.45253 -2.25515
    endloop
  endfacet
  facet normal -0.74088 -0.65696 -0.139639
    outer loop
      vertex 5.68232 -6.44949 -2.25451
      vertex 5.68114 -6.71481 -1
      vertex 5.68067 -6.44771 -2.25413
    endloop
  endfacet
  facet normal -0.740696 -0.657159 -0.139681
    outer loop
      vertex 5.68114 -6.71481 -1
      vertex 5.68232 -6.44949 -2.25451
      vertex 5.68232 -6.71614 -1
    endloop
  endfacet
  facet normal -0.743752 -0.653848 -0.138979
    outer loop
      vertex 5.68232 -7.38509 2.14716
      vertex 5.68152 -6.92779 0
      vertex 5.68232 -6.9287 0
    endloop
  endfacet
  facet normal -0.799575 -0.587443 -0.124865
    outer loop
      vertex 5.67993 -6.92581 0
      vertex 5.67921 -7.38139 2.14794
      vertex 5.67921 -6.92483 0
    endloop
  endfacet
  facet normal -0.803856 -0.581826 -0.123673
    outer loop
      vertex 5.68067 -6.44771 -2.25413
      vertex 5.67921 -6.71227 -1
      vertex 5.67921 -6.44578 -2.25372
    endloop
  endfacet
  facet normal -0.801746 -0.584606 -0.124257
    outer loop
      vertex 5.67921 -6.71227 -1
      vertex 5.68067 -6.44771 -2.25413
      vertex 5.68026 -6.71371 -1
    endloop
  endfacet
  facet normal -0.859786 -0.499495 -0.106171
    outer loop
      vertex 5.67921 -7.38139 2.14794
      vertex 5.6786 -6.92378 0
      vertex 5.67921 -6.92483 0
    endloop
  endfacet
  facet normal -0.857134 -0.503838 -0.107092
    outer loop
      vertex 5.67921 -6.44578 -2.25372
      vertex 5.67831 -6.71073 -1
      vertex 5.67795 -6.44373 -2.25328
    endloop
  endfacet
  facet normal -0.858449 -0.501691 -0.106639
    outer loop
      vertex 5.67831 -6.71073 -1
      vertex 5.67921 -6.44578 -2.25372
      vertex 5.67921 -6.71227 -1
    endloop
  endfacet
  facet normal 0.0241646 -0.173265 0.984579
    outer loop
      vertex 5.71389 -7.34747 2.15515
      vertex 5.71178 -7.34623 2.15542
      vertex 5.71586 -7.3489 2.15485
    endloop
  endfacet
  facet normal 0.596027 0.785418 0.166943
    outer loop
      vertex 5.7153 -6.67789 -1
      vertex 5.71389 -6.41187 -2.24651
      vertex 5.71389 -6.67682 -1
    endloop
  endfacet
  facet normal 0.593137 0.787508 0.167393
    outer loop
      vertex 5.71389 -6.41187 -2.24651
      vertex 5.7153 -6.67789 -1
      vertex 5.71586 -6.41329 -2.24681
    endloop
  endfacet
  facet normal 0.596811 0.784848 0.166824
    outer loop
      vertex 5.71389 -6.88938 0
      vertex 5.71389 -7.34747 2.15515
      vertex 5.71485 -6.89011 0
    endloop
  endfacet
  facet normal 0.513242 0.839489 0.17844
    outer loop
      vertex 5.71389 -6.67682 -1
      vertex 5.71178 -6.41063 -2.24625
      vertex 5.71178 -6.67553 -1
    endloop
  endfacet
  facet normal 0.514783 0.838587 0.178245
    outer loop
      vertex 5.71178 -6.41063 -2.24625
      vertex 5.71389 -6.67682 -1
      vertex 5.71389 -6.41187 -2.24651
    endloop
  endfacet
  facet normal 0.513242 0.839489 0.178438
    outer loop
      vertex 5.71178 -6.88809 0
      vertex 5.71389 -7.34747 2.15515
      vertex 5.71389 -6.88938 0
    endloop
  endfacet
  facet normal 0.515403 0.838222 0.178166
    outer loop
      vertex 5.71389 -7.34747 2.15515
      vertex 5.71178 -6.88809 0
      vertex 5.71178 -7.34623 2.15542
    endloop
  endfacet
  facet normal 0.427801 0.884121 0.187927
    outer loop
      vertex 5.71178 -6.41063 -2.24625
      vertex 5.71116 -6.67523 -1
      vertex 5.71178 -6.67553 -1
    endloop
  endfacet
  facet normal 0.42986 0.883166 0.187719
    outer loop
      vertex 5.71065 -6.88754 0
      vertex 5.71178 -7.34623 2.15542
      vertex 5.71178 -6.88809 0
    endloop
  endfacet
  facet normal 0.426257 0.884835 0.188076
    outer loop
      vertex 5.71178 -7.34623 2.15542
      vertex 5.71065 -6.88754 0
      vertex 5.70957 -7.34521 2.15563
    endloop
  endfacet
  facet normal 0.670816 0.725417 0.154194
    outer loop
      vertex 5.71675 -6.89169 0
      vertex 5.71768 -7.35051 2.15451
      vertex 5.71768 -6.89255 0
    endloop
  endfacet
  facet normal 0.670654 0.725561 0.154224
    outer loop
      vertex 5.71768 -7.35051 2.15451
      vertex 5.71675 -6.89169 0
      vertex 5.71586 -7.3489 2.15485
    endloop
  endfacet
  facet normal 0.670155 0.726002 0.154315
    outer loop
      vertex 5.71768 -6.41491 -2.24716
      vertex 5.71716 -6.67952 -1
      vertex 5.71768 -6.68 -1
    endloop
  endfacet
  facet normal -0.0110445 -0.218547 0.975764
    outer loop
      vertex 5.71768 -7.35051 2.15451
      vertex 5.71586 -7.3489 2.15485
      vertex 5.71933 -7.35229 2.15413
    endloop
  endfacet
  facet normal 0.00387696 0.221928 -0.975055
    outer loop
      vertex 5.70957 -6.40961 -2.24603
      vertex 5.70245 -6.40786 -2.24566
      vertex 5.70488 -6.40821 -2.24573
    endloop
  endfacet
  facet normal -0.00231274 0.197839 -0.980232
    outer loop
      vertex 5.70957 -6.40961 -2.24603
      vertex 5.7 -6.40774 -2.24563
      vertex 5.70245 -6.40786 -2.24566
    endloop
  endfacet
  facet normal 0.0204233 -0.214797 0.976445
    outer loop
      vertex 5.72452 -7.37257 2.14982
      vertex 5.7231 -7.37716 2.14884
      vertex 5.72392 -7.3749 2.14932
    endloop
  endfacet
  facet normal 0.942421 -0.327121 -0.0695315
    outer loop
      vertex 5.72392 -7.3749 2.14932
      vertex 5.7235 -6.91926 0
      vertex 5.72392 -6.91805 0
    endloop
  endfacet
  facet normal 0.942405 -0.327165 -0.0695407
    outer loop
      vertex 5.7235 -6.91926 0
      vertex 5.72392 -7.3749 2.14932
      vertex 5.7231 -7.37716 2.14884
    endloop
  endfacet
  facet normal 0.943578 -0.323915 -0.0688494
    outer loop
      vertex 5.72392 -6.70549 -1
      vertex 5.72369 -6.70616 -1
      vertex 5.72392 -6.4393 -2.25234
    endloop
  endfacet
  facet normal 0.672344 -0.724063 -0.153902
    outer loop
      vertex 5.71586 -6.71783 -1
      vertex 5.71768 -6.44949 -2.25451
      vertex 5.71768 -6.71614 -1
    endloop
  endfacet
  facet normal 0.670654 -0.725561 -0.154225
    outer loop
      vertex 5.71768 -6.44949 -2.25451
      vertex 5.71586 -6.71783 -1
      vertex 5.71586 -6.4511 -2.25485
    endloop
  endfacet
  facet normal 0.670155 -0.726002 -0.154317
    outer loop
      vertex 5.71768 -6.9287 0
      vertex 5.71586 -7.3867 2.14681
      vertex 5.71586 -6.93038 0
    endloop
  endfacet
  facet normal 0.671119 -0.725149 -0.154134
    outer loop
      vertex 5.71586 -7.3867 2.14681
      vertex 5.71768 -6.9287 0
      vertex 5.71768 -7.38509 2.14716
    endloop
  endfacet
  facet normal -0.902957 0.420342 0.0893429
    outer loop
      vertex 5.6769 -6.90085 0
      vertex 5.67795 -7.35627 2.15328
      vertex 5.67744 -6.89969 0
    endloop
  endfacet
  facet normal -0.903854 0.418492 0.0889521
    outer loop
      vertex 5.67795 -7.35627 2.15328
      vertex 5.6769 -6.90085 0
      vertex 5.6769 -7.35844 2.15282
    endloop
  endfacet
  facet normal -0.901797 0.422717 0.0898516
    outer loop
      vertex 5.6769 -6.42284 -2.24884
      vertex 5.6769 -6.68829 -1
      vertex 5.6772 -6.68765 -1
    endloop
  endfacet
  facet normal -0.94154 0.329539 0.0700448
    outer loop
      vertex 5.67648 -6.90205 0
      vertex 5.6769 -7.35844 2.15282
      vertex 5.6769 -6.90085 0
    endloop
  endfacet
  facet normal -0.942405 0.327165 0.0695416
    outer loop
      vertex 5.6769 -7.35844 2.15282
      vertex 5.67648 -6.90205 0
      vertex 5.67608 -7.3607 2.15234
    endloop
  endfacet
  facet normal -0.943578 0.323915 0.0688504
    outer loop
      vertex 5.6769 -6.42284 -2.24884
      vertex 5.67667 -6.68896 -1
      vertex 5.6769 -6.68829 -1
    endloop
  endfacet
  facet normal -0.989665 -0.140267 -0.0298151
    outer loop
      vertex 5.6753 -6.9144 0
      vertex 5.67512 -7.3702 2.15032
      vertex 5.67512 -6.91313 0
    endloop
  endfacet
  facet normal -0.989135 -0.1438 -0.0305639
    outer loop
      vertex 5.67512 -7.3702 2.15032
      vertex 5.6753 -6.9144 0
      vertex 5.67548 -7.37257 2.14982
    endloop
  endfacet
  facet normal -0.989503 -0.141358 -0.0300464
    outer loop
      vertex 5.67522 -6.70128 -1
      vertex 5.67512 -6.70058 -1
      vertex 5.67512 -6.4346 -2.25134
    endloop
  endfacet
  facet normal -0.970338 -0.236469 -0.0502632
    outer loop
      vertex 5.67577 -6.9168 0
      vertex 5.67548 -7.37257 2.14982
      vertex 5.67548 -6.91561 0
    endloop
  endfacet
  facet normal -0.969685 -0.23902 -0.0508054
    outer loop
      vertex 5.67608 -6.4393 -2.25234
      vertex 5.67548 -6.70306 -1
      vertex 5.67548 -6.43697 -2.25185
    endloop
  endfacet
  facet normal -0.969536 -0.239598 -0.0509271
    outer loop
      vertex 5.67548 -6.70306 -1
      vertex 5.67608 -6.4393 -2.25234
      vertex 5.67591 -6.7048 -1
    endloop
  endfacet
  facet normal -0.0194256 0.200967 -0.979405
    outer loop
      vertex 5.67608 -6.4393 -2.25234
      vertex 5.67548 -6.43697 -2.25185
      vertex 5.6769 -6.44156 -2.25282
    endloop
  endfacet
  facet normal 0.00778238 -0.203762 0.97899
    outer loop
      vertex 5.68067 -7.38331 2.14753
      vertex 5.6769 -7.37716 2.14884
      vertex 5.67795 -7.37933 2.14838
    endloop
  endfacet
  facet normal -0.855937 -0.505781 -0.107507
    outer loop
      vertex 5.6786 -6.92378 0
      vertex 5.67795 -7.37933 2.14838
      vertex 5.67795 -6.92268 0
    endloop
  endfacet
  facet normal -0.858189 -0.502115 -0.10673
    outer loop
      vertex 5.67795 -7.37933 2.14838
      vertex 5.6786 -6.92378 0
      vertex 5.67921 -7.38139 2.14794
    endloop
  endfacet
  facet normal -0.856226 -0.505313 -0.107407
    outer loop
      vertex 5.67831 -6.71073 -1
      vertex 5.67795 -6.71012 -1
      vertex 5.67795 -6.44373 -2.25328
    endloop
  endfacet
  facet normal 0.0461489 -0.162113 0.985693
    outer loop
      vertex 5.68414 -7.3867 2.14681
      vertex 5.68067 -7.38331 2.14753
      vertex 5.68232 -7.38509 2.14716
    endloop
  endfacet
  facet normal -0.737867 -0.660197 -0.140329
    outer loop
      vertex 5.68152 -6.92779 0
      vertex 5.68067 -7.38331 2.14753
      vertex 5.68067 -6.92684 0
    endloop
  endfacet
  facet normal -0.740498 -0.657372 -0.13973
    outer loop
      vertex 5.68067 -7.38331 2.14753
      vertex 5.68152 -6.92779 0
      vertex 5.68232 -7.38509 2.14716
    endloop
  endfacet
  facet normal -0.734451 -0.663831 -0.141105
    outer loop
      vertex 5.68114 -6.71481 -1
      vertex 5.68067 -6.71429 -1
      vertex 5.68067 -6.44771 -2.25413
    endloop
  endfacet
  facet normal -0.425378 -0.885239 -0.188164
    outer loop
      vertex 5.68821 -6.93317 0
      vertex 5.69043 -7.39039 2.14603
      vertex 5.68821 -7.38937 2.14625
    endloop
  endfacet
  facet normal -0.426778 -0.884594 -0.188025
    outer loop
      vertex 5.69043 -7.39039 2.14603
      vertex 5.68821 -6.93317 0
      vertex 5.68935 -6.93372 0
    endloop
  endfacet
  facet normal -0.428164 -0.883952 -0.187891
    outer loop
      vertex 5.68885 -6.72092 -1
      vertex 5.68821 -6.72061 -1
      vertex 5.68821 -6.45376 -2.25542
    endloop
  endfacet
  facet normal -0.425732 -0.885075 -0.188132
    outer loop
      vertex 5.68821 -6.45376 -2.25542
      vertex 5.69043 -6.72168 -1
      vertex 5.68885 -6.72092 -1
    endloop
  endfacet
  facet normal -0.427945 -0.884055 -0.18791
    outer loop
      vertex 5.69043 -6.72168 -1
      vertex 5.68821 -6.45376 -2.25542
      vertex 5.69043 -6.45479 -2.25563
    endloop
  endfacet
  facet normal -0.426072 -0.88492 -0.188094
    outer loop
      vertex 5.69043 -7.39039 2.14603
      vertex 5.68935 -6.93372 0
      vertex 5.69043 -6.93424 0
    endloop
  endfacet
  facet normal 0.0049794 -0.158377 0.987366
    outer loop
      vertex 5.7 -7.39225 2.14563
      vertex 5.69512 -7.39178 2.14573
      vertex 5.69755 -7.39214 2.14566
    endloop
  endfacet
  facet normal -0.048849 -0.976981 -0.20766
    outer loop
      vertex 5.7 -7.39225 2.14563
      vertex 5.6988 -6.93613 0
      vertex 5.7 -6.93619 0
    endloop
  endfacet
  facet normal -0.0502412 -0.976912 -0.207651
    outer loop
      vertex 5.69755 -6.45653 -2.256
      vertex 5.7 -6.72363 -1
      vertex 5.69825 -6.72354 -1
    endloop
  endfacet
  facet normal -0.050391 -0.976905 -0.207649
    outer loop
      vertex 5.7 -6.72363 -1
      vertex 5.69755 -6.45653 -2.256
      vertex 5.7 -6.45665 -2.25603
    endloop
  endfacet
  facet normal 0.0492585 -0.976961 -0.207656
    outer loop
      vertex 5.70119 -6.93613 0
      vertex 5.7 -7.39225 2.14563
      vertex 5.7 -6.93619 0
    endloop
  endfacet
  facet normal 0.0502412 -0.976912 -0.207651
    outer loop
      vertex 5.7 -6.72363 -1
      vertex 5.70245 -6.45653 -2.256
      vertex 5.70175 -6.72354 -1
    endloop
  endfacet
  facet normal 0.050391 -0.976905 -0.207649
    outer loop
      vertex 5.70245 -6.45653 -2.256
      vertex 5.7 -6.72363 -1
      vertex 5.7 -6.45665 -2.25603
    endloop
  endfacet
  facet normal -0.000332393 -0.209075 0.9779
    outer loop
      vertex 5.72079 -7.35421 2.15372
      vertex 5.71933 -7.35229 2.15413
      vertex 5.72205 -7.35627 2.15328
    endloop
  endfacet
  facet normal 0.855937 0.505781 0.107501
    outer loop
      vertex 5.72079 -7.35421 2.15372
      vertex 5.72205 -6.89858 0
      vertex 5.7214 -6.89748 0
    endloop
  endfacet
  facet normal 0.858189 0.502116 0.106727
    outer loop
      vertex 5.72205 -6.89858 0
      vertex 5.72079 -7.35421 2.15372
      vertex 5.72205 -7.35627 2.15328
    endloop
  endfacet
  facet normal 0.856225 0.505313 0.107407
    outer loop
      vertex 5.72205 -6.42067 -2.24838
      vertex 5.72169 -6.68541 -1
      vertex 5.72205 -6.68602 -1
    endloop
  endfacet
  facet normal -0.00329492 -0.208898 0.977932
    outer loop
      vertex 5.7231 -7.35844 2.15282
      vertex 5.72205 -7.35627 2.15328
      vertex 5.72392 -7.3607 2.15234
    endloop
  endfacet
  facet normal 0.94154 0.329539 0.0700448
    outer loop
      vertex 5.7231 -7.35844 2.15282
      vertex 5.72352 -6.90205 0
      vertex 5.7231 -6.90085 0
    endloop
  endfacet
  facet normal 0.942405 0.327165 0.0695416
    outer loop
      vertex 5.72352 -6.90205 0
      vertex 5.7231 -7.35844 2.15282
      vertex 5.72392 -7.3607 2.15234
    endloop
  endfacet
  facet normal 0.943578 0.323915 0.0688504
    outer loop
      vertex 5.7231 -6.42284 -2.24884
      vertex 5.7231 -6.68829 -1
      vertex 5.72333 -6.68896 -1
    endloop
  endfacet
  facet normal 1.81026e-12 -0.207859 0.978159
    outer loop
      vertex 5.67512 -7.3654 2.15134
      vertex 5.675 -7.3678 2.15083
      vertex 5.67512 -7.3702 2.15032
    endloop
  endfacet
  facet normal -0.998806 -0.0477821 -0.0101563
    outer loop
      vertex 5.67512 -6.4346 -2.25134
      vertex 5.675 -6.69807 -1
      vertex 5.675 -6.4322 -2.25083
    endloop
  endfacet
  facet normal -0.998808 -0.0477518 -0.0101499
    outer loop
      vertex 5.675 -6.69807 -1
      vertex 5.67512 -6.4346 -2.25134
      vertex 5.67512 -6.70058 -1
    endloop
  endfacet
  facet normal -0.998798 -0.0479423 -0.0101904
    outer loop
      vertex 5.67512 -6.91313 0
      vertex 5.675 -7.3678 2.15083
      vertex 5.675 -6.91063 0
    endloop
  endfacet
  facet normal -0.998806 -0.047782 -0.0101565
    outer loop
      vertex 5.675 -7.3678 2.15083
      vertex 5.67512 -6.91313 0
      vertex 5.67512 -7.3702 2.15032
    endloop
  endfacet
  facet normal -0.942421 -0.327121 -0.0695315
    outer loop
      vertex 5.6765 -6.91926 0
      vertex 5.67608 -7.3749 2.14932
      vertex 5.67608 -6.91805 0
    endloop
  endfacet
  facet normal -0.942405 -0.327165 -0.0695407
    outer loop
      vertex 5.67608 -7.3749 2.14932
      vertex 5.6765 -6.91926 0
      vertex 5.6769 -7.37716 2.14884
    endloop
  endfacet
  facet normal -0.943578 -0.323915 -0.0688494
    outer loop
      vertex 5.67631 -6.70616 -1
      vertex 5.67608 -6.70549 -1
      vertex 5.67608 -6.4393 -2.25234
    endloop
  endfacet
  facet normal -0.0204233 -0.214797 0.976445
    outer loop
      vertex 5.6769 -7.37716 2.14884
      vertex 5.67548 -7.37257 2.14982
      vertex 5.67608 -7.3749 2.14932
    endloop
  endfacet
  facet normal -0.904379 -0.417406 -0.0887233
    outer loop
      vertex 5.67795 -6.92268 0
      vertex 5.6769 -7.37716 2.14884
      vertex 5.67741 -6.92151 0
    endloop
  endfacet
  facet normal -0.903854 -0.418492 -0.0889528
    outer loop
      vertex 5.6769 -7.37716 2.14884
      vertex 5.67795 -6.92268 0
      vertex 5.67795 -7.37933 2.14838
    endloop
  endfacet
  facet normal -0.904379 -0.417406 -0.0887213
    outer loop
      vertex 5.67795 -6.71012 -1
      vertex 5.67765 -6.70947 -1
      vertex 5.67795 -6.44373 -2.25328
    endloop
  endfacet
  facet normal -0.903854 -0.418492 -0.0889516
    outer loop
      vertex 5.67795 -6.44373 -2.25328
      vertex 5.6769 -6.70785 -1
      vertex 5.6769 -6.44156 -2.25282
    endloop
  endfacet
  facet normal -0.90387 -0.418458 -0.0889445
    outer loop
      vertex 5.6769 -6.70785 -1
      vertex 5.67795 -6.44373 -2.25328
      vertex 5.67765 -6.70947 -1
    endloop
  endfacet
  facet normal -0.903629 -0.418955 -0.0890517
    outer loop
      vertex 5.67741 -6.92151 0
      vertex 5.6769 -7.37716 2.14884
      vertex 5.6769 -6.92041 0
    endloop
  endfacet
  facet normal -0.672344 -0.724063 -0.153902
    outer loop
      vertex 5.68232 -6.44949 -2.25451
      vertex 5.68414 -6.71783 -1
      vertex 5.68232 -6.71614 -1
    endloop
  endfacet
  facet normal -0.670654 -0.725561 -0.154225
    outer loop
      vertex 5.68414 -6.71783 -1
      vertex 5.68232 -6.44949 -2.25451
      vertex 5.68414 -6.4511 -2.25485
    endloop
  endfacet
  facet normal -0.671119 -0.725149 -0.154134
    outer loop
      vertex 5.68232 -6.9287 0
      vertex 5.68414 -7.3867 2.14681
      vertex 5.68232 -7.38509 2.14716
    endloop
  endfacet
  facet normal -0.670155 -0.726002 -0.154317
    outer loop
      vertex 5.68414 -7.3867 2.14681
      vertex 5.68232 -6.9287 0
      vertex 5.68414 -6.93038 0
    endloop
  endfacet
  facet normal 0.00061749 0.207625 -0.978208
    outer loop
      vertex 5.7231 -6.44156 -2.25282
      vertex 5.70726 -6.4556 -2.25581
      vertex 5.72452 -6.42743 -2.24982
    endloop
  endfacet
  facet normal -0.0049794 -0.158377 0.987366
    outer loop
      vertex 5.70488 -7.39178 2.14573
      vertex 5.7 -7.39225 2.14563
      vertex 5.70245 -7.39214 2.14566
    endloop
  endfacet
  facet normal 0.237538 -0.950152 -0.201958
    outer loop
      vertex 5.70726 -7.3912 2.14586
      vertex 5.7061 -6.93538 0
      vertex 5.70726 -6.93509 0
    endloop
  endfacet
  facet normal 0.240172 -0.949518 -0.201826
    outer loop
      vertex 5.70556 -6.72296 -1
      vertex 5.70726 -6.4556 -2.25581
      vertex 5.70726 -6.72253 -1
    endloop
  endfacet
  facet normal 0.24149 -0.949198 -0.201756
    outer loop
      vertex 5.70726 -6.4556 -2.25581
      vertex 5.70556 -6.72296 -1
      vertex 5.70488 -6.45618 -2.25593
    endloop
  endfacet
  facet normal -0.242288 -0.949003 -0.201717
    outer loop
      vertex 5.6939 -6.93538 0
      vertex 5.69512 -7.39178 2.14573
      vertex 5.69274 -7.3912 2.14586
    endloop
  endfacet
  facet normal -0.248515 -0.947462 -0.201385
    outer loop
      vertex 5.69512 -7.39178 2.14573
      vertex 5.6939 -6.93538 0
      vertex 5.69512 -6.9357 0
    endloop
  endfacet
  facet normal -0.250656 -0.946921 -0.201277
    outer loop
      vertex 5.69512 -6.72314 -1
      vertex 5.69444 -6.72296 -1
      vertex 5.69512 -6.45618 -2.25593
    endloop
  endfacet
  facet normal -0.149211 -0.967198 -0.20558
    outer loop
      vertex 5.69512 -6.9357 0
      vertex 5.69755 -7.39214 2.14566
      vertex 5.69512 -7.39178 2.14573
    endloop
  endfacet
  facet normal -0.139476 -0.968585 -0.205886
    outer loop
      vertex 5.69755 -7.39214 2.14566
      vertex 5.69512 -6.9357 0
      vertex 5.69637 -6.93588 0
    endloop
  endfacet
  facet normal -0.138391 -0.968735 -0.205914
    outer loop
      vertex 5.69582 -6.72324 -1
      vertex 5.69512 -6.72314 -1
      vertex 5.69512 -6.45618 -2.25593
    endloop
  endfacet
  facet normal -3.02009e-05 0.208005 -0.978128
    outer loop
      vertex 5.72452 -6.42743 -2.24982
      vertex 5.70726 -6.4556 -2.25581
      vertex 5.70957 -6.40961 -2.24603
    endloop
  endfacet
  facet normal 0 0.208004 -0.978128
    outer loop
      vertex 5.69274 -6.4556 -2.25581
      vertex 5.70957 -6.40961 -2.24603
      vertex 5.70726 -6.4556 -2.25581
    endloop
  endfacet
  facet normal 0 0.208004 -0.978128
    outer loop
      vertex 5.70957 -6.40961 -2.24603
      vertex 5.69274 -6.4556 -2.25581
      vertex 5.69043 -6.40961 -2.24603
    endloop
  endfacet
  facet normal 0.342653 -0.918933 -0.195322
    outer loop
      vertex 5.70844 -6.93465 0
      vertex 5.70726 -7.3912 2.14586
      vertex 5.70726 -6.93509 0
    endloop
  endfacet
  facet normal 0.337292 -0.920828 -0.195729
    outer loop
      vertex 5.70726 -7.3912 2.14586
      vertex 5.70844 -6.93465 0
      vertex 5.70957 -7.39039 2.14603
    endloop
  endfacet
  facet normal 0.335122 -0.921586 -0.195889
    outer loop
      vertex 5.70792 -6.72229 -1
      vertex 5.70726 -6.72253 -1
      vertex 5.70726 -6.4556 -2.25581
    endloop
  endfacet
  facet normal 0.0036558 0.171649 -0.985151
    outer loop
      vertex 5.7 -6.45665 -2.25603
      vertex 5.70488 -6.45618 -2.25593
      vertex 5.70245 -6.45653 -2.256
    endloop
  endfacet
  facet normal -0.00117934 0.219807 -0.975543
    outer loop
      vertex 5.69755 -6.45653 -2.256
      vertex 5.70488 -6.45618 -2.25593
      vertex 5.7 -6.45665 -2.25603
    endloop
  endfacet
  facet normal 0 0.196116 -0.980581
    outer loop
      vertex 5.70488 -6.45618 -2.25593
      vertex 5.69755 -6.45653 -2.256
      vertex 5.69512 -6.45618 -2.25593
    endloop
  endfacet
  facet normal 0.139476 -0.968585 -0.205886
    outer loop
      vertex 5.70488 -6.9357 0
      vertex 5.70245 -7.39214 2.14566
      vertex 5.70363 -6.93588 0
    endloop
  endfacet
  facet normal 0.149211 -0.967198 -0.20558
    outer loop
      vertex 5.70245 -7.39214 2.14566
      vertex 5.70488 -6.9357 0
      vertex 5.70488 -7.39178 2.14573
    endloop
  endfacet
  facet normal 0.138391 -0.968735 -0.205914
    outer loop
      vertex 5.70488 -6.72314 -1
      vertex 5.70418 -6.72324 -1
      vertex 5.70488 -6.45618 -2.25593
    endloop
  endfacet
  facet normal 0.147575 -0.967437 -0.205638
    outer loop
      vertex 5.70363 -6.93588 0
      vertex 5.70245 -7.39214 2.14566
      vertex 5.70245 -6.93606 0
    endloop
  endfacet
  facet normal 0.150911 -0.966946 -0.205527
    outer loop
      vertex 5.70245 -6.72351 -1
      vertex 5.70488 -6.45618 -2.25593
      vertex 5.70418 -6.72324 -1
    endloop
  endfacet
  facet normal 0.145316 -0.967763 -0.205711
    outer loop
      vertex 5.70488 -6.45618 -2.25593
      vertex 5.70245 -6.72351 -1
      vertex 5.70245 -6.45653 -2.256
    endloop
  endfacet
  facet normal 0.989174 0.146746 0
    outer loop
      vertex 13.4928 12.147 1.25
      vertex 13.4712 12.2926 1.15
      vertex 13.4712 12.2926 1.25
    endloop
  endfacet
  facet normal 0.989174 0.146746 0
    outer loop
      vertex 13.4712 12.2926 1.15
      vertex 13.4928 12.147 1.25
      vertex 13.4928 12.147 1.15
    endloop
  endfacet
  facet normal 0.998803 0.0489209 0
    outer loop
      vertex 13.5 12 1.25
      vertex 13.4928 12.147 1.15
      vertex 13.4928 12.147 1.25
    endloop
  endfacet
  facet normal 0.998803 0.0489209 0
    outer loop
      vertex 13.4928 12.147 1.15
      vertex 13.5 12 1.25
      vertex 13.5 12 1.15
    endloop
  endfacet
  facet normal 0.969982 0.243175 0
    outer loop
      vertex 13.4712 12.2926 1.25
      vertex 13.4354 12.4354 1.15
      vertex 13.4354 12.4354 1.25
    endloop
  endfacet
  facet normal 0.969982 0.243175 0
    outer loop
      vertex 13.4354 12.4354 1.15
      vertex 13.4712 12.2926 1.25
      vertex 13.4712 12.2926 1.15
    endloop
  endfacet
  facet normal 0.427269 -0.904125 0
    outer loop
      vertex 12.574 10.6142 1.15
      vertex 12.7071 10.6771 1.25
      vertex 12.574 10.6142 1.25
    endloop
  endfacet
  facet normal 0.427269 -0.904125 0
    outer loop
      vertex 12.7071 10.6771 1.25
      vertex 12.574 10.6142 1.15
      vertex 12.7071 10.6771 1.15
    endloop
  endfacet
  facet normal -0.595861 0.803088 0
    outer loop
      vertex 11.1666 13.2472 1.15
      vertex 11.0484 13.1595 1.25
      vertex 11.1666 13.2472 1.25
    endloop
  endfacet
  facet normal -0.595861 0.803088 0
    outer loop
      vertex 11.0484 13.1595 1.25
      vertex 11.1666 13.2472 1.15
      vertex 11.0484 13.1595 1.15
    endloop
  endfacet
  facet normal -0.904125 0.427269 0
    outer loop
      vertex 10.6142 12.574 1.15
      vertex 10.6771 12.7071 1.25
      vertex 10.6771 12.7071 1.15
    endloop
  endfacet
  facet normal -0.904125 0.427269 0
    outer loop
      vertex 10.6771 12.7071 1.25
      vertex 10.6142 12.574 1.15
      vertex 10.6142 12.574 1.25
    endloop
  endfacet
  facet normal -0.969982 0.243175 0
    outer loop
      vertex 10.5288 12.2926 1.15
      vertex 10.5646 12.4354 1.25
      vertex 10.5646 12.4354 1.15
    endloop
  endfacet
  facet normal -0.969982 0.243175 0
    outer loop
      vertex 10.5646 12.4354 1.25
      vertex 10.5288 12.2926 1.15
      vertex 10.5288 12.2926 1.25
    endloop
  endfacet
  facet normal 0.514096 -0.857733 0
    outer loop
      vertex 12.7071 10.6771 1.15
      vertex 12.8334 10.7528 1.25
      vertex 12.7071 10.6771 1.25
    endloop
  endfacet
  facet normal 0.514096 -0.857733 0
    outer loop
      vertex 12.8334 10.7528 1.25
      vertex 12.7071 10.6771 1.15
      vertex 12.8334 10.7528 1.15
    endloop
  endfacet
  facet normal 0.243175 -0.969982 0
    outer loop
      vertex 12.2926 10.5288 1.15
      vertex 12.4354 10.5646 1.25
      vertex 12.2926 10.5288 1.25
    endloop
  endfacet
  facet normal 0.243175 -0.969982 0
    outer loop
      vertex 12.4354 10.5646 1.25
      vertex 12.2926 10.5288 1.15
      vertex 12.4354 10.5646 1.15
    endloop
  endfacet
  facet normal 0.0489209 0.998803 -0
    outer loop
      vertex 12.147 13.4928 1.15
      vertex 12 13.5 1.25
      vertex 12.147 13.4928 1.25
    endloop
  endfacet
  facet normal 0.0489209 0.998803 0
    outer loop
      vertex 12 13.5 1.25
      vertex 12.147 13.4928 1.15
      vertex 12 13.5 1.15
    endloop
  endfacet
  facet normal 0.146746 0.989174 -0
    outer loop
      vertex 12.2926 13.4712 1.15
      vertex 12.147 13.4928 1.25
      vertex 12.2926 13.4712 1.25
    endloop
  endfacet
  facet normal 0.146746 0.989174 0
    outer loop
      vertex 12.147 13.4928 1.25
      vertex 12.2926 13.4712 1.15
      vertex 12.147 13.4928 1.15
    endloop
  endfacet
  facet normal 0.427269 0.904125 -0
    outer loop
      vertex 12.7071 13.3229 1.15
      vertex 12.574 13.3858 1.25
      vertex 12.7071 13.3229 1.25
    endloop
  endfacet
  facet normal 0.427269 0.904125 0
    outer loop
      vertex 12.574 13.3858 1.25
      vertex 12.7071 13.3229 1.15
      vertex 12.574 13.3858 1.15
    endloop
  endfacet
  facet normal 0.146746 -0.989174 0
    outer loop
      vertex 12.147 10.5072 1.15
      vertex 12.2926 10.5288 1.25
      vertex 12.147 10.5072 1.25
    endloop
  endfacet
  facet normal 0.146746 -0.989174 0
    outer loop
      vertex 12.2926 10.5288 1.25
      vertex 12.147 10.5072 1.15
      vertex 12.2926 10.5288 1.15
    endloop
  endfacet
  facet normal 0 0 1
    outer loop
      vertex 12.0875 12.6484 1.25
      vertex 13.5 12 1.25
      vertex 13.4928 12.147 1.25
    endloop
  endfacet
  facet normal 0 0 1
    outer loop
      vertex 12.0875 12.6484 1.25
      vertex 13.4928 12.147 1.25
      vertex 13.4712 12.2926 1.25
    endloop
  endfacet
  facet normal 0 0 1
    outer loop
      vertex 13.5 12 1.25
      vertex 12.0875 12.6484 1.25
      vertex 13.4928 11.853 1.25
    endloop
  endfacet
  facet normal 0 0 1
    outer loop
      vertex 12.0875 12.6484 1.25
      vertex 13.4712 12.2926 1.25
      vertex 13.4354 12.4354 1.25
    endloop
  endfacet
  facet normal 0 0 1
    outer loop
      vertex 13.4928 11.853 1.25
      vertex 12.0875 12.6484 1.25
      vertex 13.4712 11.7074 1.25
    endloop
  endfacet
  facet normal 0 0 1
    outer loop
      vertex 12.0875 12.6484 1.25
      vertex 13.4354 12.4354 1.25
      vertex 13.3858 12.574 1.25
    endloop
  endfacet
  facet normal 0 0 1
    outer loop
      vertex 13.4712 11.7074 1.25
      vertex 12.0875 12.6484 1.25
      vertex 13.4354 11.5646 1.25
    endloop
  endfacet
  facet normal -0 0 1
    outer loop
      vertex 12.0875 12.6484 1.25
      vertex 13.3858 12.574 1.25
      vertex 13.3229 12.7071 1.25
    endloop
  endfacet
  facet normal 0 0 1
    outer loop
      vertex 13.4354 11.5646 1.25
      vertex 12.0875 12.6484 1.25
      vertex 13.3858 11.426 1.25
    endloop
  endfacet
  facet normal 0 0 1
    outer loop
      vertex 12.0875 12.6484 1.25
      vertex 13.3229 12.7071 1.25
      vertex 13.2472 12.8334 1.25
    endloop
  endfacet
  facet normal 0 0 1
    outer loop
      vertex 13.3858 11.426 1.25
      vertex 12.0875 12.6484 1.25
      vertex 13.3229 11.2929 1.25
    endloop
  endfacet
  facet normal 0 0 1
    outer loop
      vertex 12.0875 12.6484 1.25
      vertex 13.2472 12.8334 1.25
      vertex 13.1595 12.9516 1.25
    endloop
  endfacet
  facet normal 0 0 1
    outer loop
      vertex 13.3229 11.2929 1.25
      vertex 12.0875 12.6484 1.25
      vertex 13.2472 11.1666 1.25
    endloop
  endfacet
  facet normal 0 0 1
    outer loop
      vertex 12.0875 12.6484 1.25
      vertex 13.1595 12.9516 1.25
      vertex 13.0607 13.0607 1.25
    endloop
  endfacet
  facet normal 0 0 1
    outer loop
      vertex 13.2472 11.1666 1.25
      vertex 12.0875 12.6484 1.25
      vertex 13.1595 11.0484 1.25
    endloop
  endfacet
  facet normal 0 0 1
    outer loop
      vertex 12.0875 12.6484 1.25
      vertex 13.0607 13.0607 1.25
      vertex 12.9516 13.1595 1.25
    endloop
  endfacet
  facet normal 0 0 1
    outer loop
      vertex 13.1595 11.0484 1.25
      vertex 12.0875 12.6484 1.25
      vertex 13.0607 10.9393 1.25
    endloop
  endfacet
  facet normal 0 0 1
    outer loop
      vertex 12.0875 12.6484 1.25
      vertex 12.9516 13.1595 1.25
      vertex 12.8334 13.2472 1.25
    endloop
  endfacet
  facet normal 0 0 1
    outer loop
      vertex 13.0607 10.9393 1.25
      vertex 12.0875 12.6484 1.25
      vertex 12.9516 10.8405 1.25
    endloop
  endfacet
  facet normal 0 0 1
    outer loop
      vertex 12.0875 12.9516 1.25
      vertex 12.8334 13.2472 1.25
      vertex 12.7071 13.3229 1.25
    endloop
  endfacet
  facet normal 0 0 1
    outer loop
      vertex 12.9516 10.8405 1.25
      vertex 12.0875 12.6484 1.25
      vertex 12.8334 10.7528 1.25
    endloop
  endfacet
  facet normal 0 0 1
    outer loop
      vertex 12.0875 12.9516 1.25
      vertex 12.7071 13.3229 1.25
      vertex 12.574 13.3858 1.25
    endloop
  endfacet
  facet normal 0 0 1
    outer loop
      vertex 12.8334 10.7528 1.25
      vertex 12.0875 12.6484 1.25
      vertex 12.7071 10.6771 1.25
    endloop
  endfacet
  facet normal 0 0 1
    outer loop
      vertex 12.0875 12.9516 1.25
      vertex 12.574 13.3858 1.25
      vertex 12.4354 13.4354 1.25
    endloop
  endfacet
  facet normal 0 0 1
    outer loop
      vertex 12.7071 10.6771 1.25
      vertex 12.0875 12.6484 1.25
      vertex 12.574 10.6142 1.25
    endloop
  endfacet
  facet normal 0 0 1
    outer loop
      vertex 12.0875 12.9516 1.25
      vertex 12.4354 13.4354 1.25
      vertex 12.2926 13.4712 1.25
    endloop
  endfacet
  facet normal 0 0 1
    outer loop
      vertex 12.574 10.6142 1.25
      vertex 12.0875 12.6484 1.25
      vertex 12.4354 10.5646 1.25
    endloop
  endfacet
  facet normal 0 0 1
    outer loop
      vertex 12.0875 12.9516 1.25
      vertex 12.2926 13.4712 1.25
      vertex 12.147 13.4928 1.25
    endloop
  endfacet
  facet normal 0 0 1
    outer loop
      vertex 12.4354 10.5646 1.25
      vertex 12.0875 12.6484 1.25
      vertex 12.2926 10.5288 1.25
    endloop
  endfacet
  facet normal 0 0 1
    outer loop
      vertex 12.8334 13.2472 1.25
      vertex 12.0875 12.9516 1.25
      vertex 12.0875 12.6484 1.25
    endloop
  endfacet
  facet normal 0 0 1
    outer loop
      vertex 12 13.5 1.25
      vertex 12.0875 12.9516 1.25
      vertex 12.147 13.4928 1.25
    endloop
  endfacet
  facet normal -0 0 1
    outer loop
      vertex 11.853 13.4928 1.25
      vertex 12.0875 12.9516 1.25
      vertex 12 13.5 1.25
    endloop
  endfacet
  facet normal -0 0 1
    outer loop
      vertex 11.7074 13.4712 1.25
      vertex 12.0875 12.9516 1.25
      vertex 11.853 13.4928 1.25
    endloop
  endfacet
  facet normal 0 0 1
    outer loop
      vertex 12.0875 12.9516 1.25
      vertex 11.7074 13.4712 1.25
      vertex 11.825 12.8 1.25
    endloop
  endfacet
  facet normal 0 0 1
    outer loop
      vertex 12.2926 10.5288 1.25
      vertex 12.0875 12.6484 1.25
      vertex 12.147 10.5072 1.25
    endloop
  endfacet
  facet normal 0 0 1
    outer loop
      vertex 12.0875 12.6484 1.25
      vertex 12 10.5 1.25
      vertex 12.147 10.5072 1.25
    endloop
  endfacet
  facet normal 0 0 1
    outer loop
      vertex 12.0875 12.6484 1.25
      vertex 11.853 10.5072 1.25
      vertex 12 10.5 1.25
    endloop
  endfacet
  facet normal 0 0 1
    outer loop
      vertex 10.5288 11.7074 1.25
      vertex 12.0875 12.6484 1.25
      vertex 11.825 12.8 1.25
    endloop
  endfacet
  facet normal -0 0 1
    outer loop
      vertex 11.5646 13.4354 1.25
      vertex 11.825 12.8 1.25
      vertex 11.7074 13.4712 1.25
    endloop
  endfacet
  facet normal 0 0 1
    outer loop
      vertex 12.0875 12.6484 1.25
      vertex 11.7074 10.5288 1.25
      vertex 11.853 10.5072 1.25
    endloop
  endfacet
  facet normal -0 0 1
    outer loop
      vertex 11.426 13.3858 1.25
      vertex 11.825 12.8 1.25
      vertex 11.5646 13.4354 1.25
    endloop
  endfacet
  facet normal 0 0 1
    outer loop
      vertex 12.0875 12.6484 1.25
      vertex 11.5646 10.5646 1.25
      vertex 11.7074 10.5288 1.25
    endloop
  endfacet
  facet normal -0 0 1
    outer loop
      vertex 11.2929 13.3229 1.25
      vertex 11.825 12.8 1.25
      vertex 11.426 13.3858 1.25
    endloop
  endfacet
  facet normal 0 0 1
    outer loop
      vertex 12.0875 12.6484 1.25
      vertex 11.426 10.6142 1.25
      vertex 11.5646 10.5646 1.25
    endloop
  endfacet
  facet normal -0 0 1
    outer loop
      vertex 11.1666 13.2472 1.25
      vertex 11.825 12.8 1.25
      vertex 11.2929 13.3229 1.25
    endloop
  endfacet
  facet normal 0 0 1
    outer loop
      vertex 12.0875 12.6484 1.25
      vertex 11.2929 10.6771 1.25
      vertex 11.426 10.6142 1.25
    endloop
  endfacet
  facet normal -0 0 1
    outer loop
      vertex 11.0484 13.1595 1.25
      vertex 11.825 12.8 1.25
      vertex 11.1666 13.2472 1.25
    endloop
  endfacet
  facet normal 0 0 1
    outer loop
      vertex 12.0875 12.6484 1.25
      vertex 11.1666 10.7528 1.25
      vertex 11.2929 10.6771 1.25
    endloop
  endfacet
  facet normal -0 0 1
    outer loop
      vertex 10.9393 13.0607 1.25
      vertex 11.825 12.8 1.25
      vertex 11.0484 13.1595 1.25
    endloop
  endfacet
  facet normal 0 0 1
    outer loop
      vertex 12.0875 12.6484 1.25
      vertex 11.0484 10.8405 1.25
      vertex 11.1666 10.7528 1.25
    endloop
  endfacet
  facet normal -0 0 1
    outer loop
      vertex 10.8405 12.9516 1.25
      vertex 11.825 12.8 1.25
      vertex 10.9393 13.0607 1.25
    endloop
  endfacet
  facet normal 0 0 1
    outer loop
      vertex 12.0875 12.6484 1.25
      vertex 10.9393 10.9393 1.25
      vertex 11.0484 10.8405 1.25
    endloop
  endfacet
  facet normal -0 0 1
    outer loop
      vertex 10.7528 12.8334 1.25
      vertex 11.825 12.8 1.25
      vertex 10.8405 12.9516 1.25
    endloop
  endfacet
  facet normal 0 0 1
    outer loop
      vertex 12.0875 12.6484 1.25
      vertex 10.8405 11.0484 1.25
      vertex 10.9393 10.9393 1.25
    endloop
  endfacet
  facet normal 0 0 1
    outer loop
      vertex 10.6771 12.7071 1.25
      vertex 11.825 12.8 1.25
      vertex 10.7528 12.8334 1.25
    endloop
  endfacet
  facet normal 0 0 1
    outer loop
      vertex 12.0875 12.6484 1.25
      vertex 10.7528 11.1666 1.25
      vertex 10.8405 11.0484 1.25
    endloop
  endfacet
  facet normal 0 0 1
    outer loop
      vertex 10.6142 12.574 1.25
      vertex 11.825 12.8 1.25
      vertex 10.6771 12.7071 1.25
    endloop
  endfacet
  facet normal 0 0 1
    outer loop
      vertex 12.0875 12.6484 1.25
      vertex 10.6771 11.2929 1.25
      vertex 10.7528 11.1666 1.25
    endloop
  endfacet
  facet normal 0 0 1
    outer loop
      vertex 10.5646 12.4354 1.25
      vertex 11.825 12.8 1.25
      vertex 10.6142 12.574 1.25
    endloop
  endfacet
  facet normal 0 0 1
    outer loop
      vertex 12.0875 12.6484 1.25
      vertex 10.6142 11.426 1.25
      vertex 10.6771 11.2929 1.25
    endloop
  endfacet
  facet normal 0 0 1
    outer loop
      vertex 10.5288 12.2926 1.25
      vertex 11.825 12.8 1.25
      vertex 10.5646 12.4354 1.25
    endloop
  endfacet
  facet normal 0 0 1
    outer loop
      vertex 12.0875 12.6484 1.25
      vertex 10.5646 11.5646 1.25
      vertex 10.6142 11.426 1.25
    endloop
  endfacet
  facet normal 0 0 1
    outer loop
      vertex 10.5072 12.147 1.25
      vertex 11.825 12.8 1.25
      vertex 10.5288 12.2926 1.25
    endloop
  endfacet
  facet normal 0 0 1
    outer loop
      vertex 12.0875 12.6484 1.25
      vertex 10.5288 11.7074 1.25
      vertex 10.5646 11.5646 1.25
    endloop
  endfacet
  facet normal 0 0 1
    outer loop
      vertex 10.5 12 1.25
      vertex 11.825 12.8 1.25
      vertex 10.5072 12.147 1.25
    endloop
  endfacet
  facet normal 0 0 1
    outer loop
      vertex 11.825 12.8 1.25
      vertex 10.5072 11.853 1.25
      vertex 10.5288 11.7074 1.25
    endloop
  endfacet
  facet normal 0 0 1
    outer loop
      vertex 11.825 12.8 1.25
      vertex 10.5 12 1.25
      vertex 10.5072 11.853 1.25
    endloop
  endfacet
  facet normal 0.803088 -0.595861 0
    outer loop
      vertex 13.1595 11.0484 1.25
      vertex 13.2472 11.1666 1.15
      vertex 13.2472 11.1666 1.25
    endloop
  endfacet
  facet normal 0.803088 -0.595861 0
    outer loop
      vertex 13.2472 11.1666 1.15
      vertex 13.1595 11.0484 1.25
      vertex 13.1595 11.0484 1.15
    endloop
  endfacet
  facet normal -0.74123 -0.671251 0
    outer loop
      vertex 10.9393 10.9393 1.15
      vertex 10.8405 11.0484 1.25
      vertex 10.8405 11.0484 1.15
    endloop
  endfacet
  facet normal -0.74123 -0.671251 0
    outer loop
      vertex 10.8405 11.0484 1.25
      vertex 10.9393 10.9393 1.15
      vertex 10.9393 10.9393 1.25
    endloop
  endfacet
  facet normal -0.514096 0.857733 0
    outer loop
      vertex 11.2929 13.3229 1.15
      vertex 11.1666 13.2472 1.25
      vertex 11.2929 13.3229 1.25
    endloop
  endfacet
  facet normal -0.514096 0.857733 0
    outer loop
      vertex 11.1666 13.2472 1.25
      vertex 11.2929 13.3229 1.15
      vertex 11.1666 13.2472 1.15
    endloop
  endfacet
  facet normal 0.989174 -0.146746 0
    outer loop
      vertex 13.4712 11.7074 1.25
      vertex 13.4928 11.853 1.15
      vertex 13.4928 11.853 1.25
    endloop
  endfacet
  facet normal 0.989174 -0.146746 0
    outer loop
      vertex 13.4928 11.853 1.15
      vertex 13.4712 11.7074 1.25
      vertex 13.4712 11.7074 1.15
    endloop
  endfacet
  facet normal -0.146746 -0.989174 0
    outer loop
      vertex 11.7074 10.5288 1.15
      vertex 11.853 10.5072 1.25
      vertex 11.7074 10.5288 1.25
    endloop
  endfacet
  facet normal -0.146746 -0.989174 -0
    outer loop
      vertex 11.853 10.5072 1.25
      vertex 11.7074 10.5288 1.15
      vertex 11.853 10.5072 1.15
    endloop
  endfacet
  facet normal 0.595861 -0.803088 0
    outer loop
      vertex 12.8334 10.7528 1.15
      vertex 12.9516 10.8405 1.25
      vertex 12.8334 10.7528 1.25
    endloop
  endfacet
  facet normal 0.595861 -0.803088 0
    outer loop
      vertex 12.9516 10.8405 1.25
      vertex 12.8334 10.7528 1.15
      vertex 12.9516 10.8405 1.15
    endloop
  endfacet
  facet normal -0.0489209 -0.998803 0
    outer loop
      vertex 11.853 10.5072 1.15
      vertex 12 10.5 1.25
      vertex 11.853 10.5072 1.25
    endloop
  endfacet
  facet normal -0.0489209 -0.998803 -0
    outer loop
      vertex 12 10.5 1.25
      vertex 11.853 10.5072 1.15
      vertex 12 10.5 1.15
    endloop
  endfacet
  facet normal 0.595861 0.803088 -0
    outer loop
      vertex 12.9516 13.1595 1.15
      vertex 12.8334 13.2472 1.25
      vertex 12.9516 13.1595 1.25
    endloop
  endfacet
  facet normal 0.595861 0.803088 0
    outer loop
      vertex 12.8334 13.2472 1.25
      vertex 12.9516 13.1595 1.15
      vertex 12.8334 13.2472 1.15
    endloop
  endfacet
  facet normal 0.969982 -0.243175 0
    outer loop
      vertex 13.4354 11.5646 1.25
      vertex 13.4712 11.7074 1.15
      vertex 13.4712 11.7074 1.25
    endloop
  endfacet
  facet normal 0.969982 -0.243175 0
    outer loop
      vertex 13.4712 11.7074 1.15
      vertex 13.4354 11.5646 1.25
      vertex 13.4354 11.5646 1.15
    endloop
  endfacet
  facet normal -0.989174 0.146746 0
    outer loop
      vertex 10.5072 12.147 1.15
      vertex 10.5288 12.2926 1.25
      vertex 10.5288 12.2926 1.15
    endloop
  endfacet
  facet normal -0.989174 0.146746 0
    outer loop
      vertex 10.5288 12.2926 1.25
      vertex 10.5072 12.147 1.15
      vertex 10.5072 12.147 1.25
    endloop
  endfacet
  facet normal -0.857733 0.514096 0
    outer loop
      vertex 10.6771 12.7071 1.15
      vertex 10.7528 12.8334 1.25
      vertex 10.7528 12.8334 1.15
    endloop
  endfacet
  facet normal -0.857733 0.514096 0
    outer loop
      vertex 10.7528 12.8334 1.25
      vertex 10.6771 12.7071 1.15
      vertex 10.6771 12.7071 1.25
    endloop
  endfacet
  facet normal -0.941527 -0.336939 0
    outer loop
      vertex 10.6142 11.426 1.15
      vertex 10.5646 11.5646 1.25
      vertex 10.5646 11.5646 1.15
    endloop
  endfacet
  facet normal -0.941527 -0.336939 0
    outer loop
      vertex 10.5646 11.5646 1.25
      vertex 10.6142 11.426 1.15
      vertex 10.6142 11.426 1.25
    endloop
  endfacet
  facet normal -0.146746 0.989174 0
    outer loop
      vertex 11.853 13.4928 1.15
      vertex 11.7074 13.4712 1.25
      vertex 11.853 13.4928 1.25
    endloop
  endfacet
  facet normal -0.146746 0.989174 0
    outer loop
      vertex 11.7074 13.4712 1.25
      vertex 11.853 13.4928 1.15
      vertex 11.7074 13.4712 1.15
    endloop
  endfacet
  facet normal 0.803088 0.595861 0
    outer loop
      vertex 13.2472 12.8334 1.25
      vertex 13.1595 12.9516 1.15
      vertex 13.1595 12.9516 1.25
    endloop
  endfacet
  facet normal 0.803088 0.595861 0
    outer loop
      vertex 13.1595 12.9516 1.15
      vertex 13.2472 12.8334 1.25
      vertex 13.2472 12.8334 1.15
    endloop
  endfacet
  facet normal -0.969982 -0.243175 0
    outer loop
      vertex 10.5646 11.5646 1.15
      vertex 10.5288 11.7074 1.25
      vertex 10.5288 11.7074 1.15
    endloop
  endfacet
  facet normal -0.969982 -0.243175 0
    outer loop
      vertex 10.5288 11.7074 1.25
      vertex 10.5646 11.5646 1.15
      vertex 10.5646 11.5646 1.25
    endloop
  endfacet
  facet normal -0.998803 -0.0489209 0
    outer loop
      vertex 10.5072 11.853 1.15
      vertex 10.5 12 1.25
      vertex 10.5 12 1.15
    endloop
  endfacet
  facet normal -0.998803 -0.0489209 0
    outer loop
      vertex 10.5 12 1.25
      vertex 10.5072 11.853 1.15
      vertex 10.5072 11.853 1.25
    endloop
  endfacet
  facet normal 0.514096 0.857733 -0
    outer loop
      vertex 12.8334 13.2472 1.15
      vertex 12.7071 13.3229 1.25
      vertex 12.8334 13.2472 1.25
    endloop
  endfacet
  facet normal 0.514096 0.857733 0
    outer loop
      vertex 12.7071 13.3229 1.25
      vertex 12.8334 13.2472 1.15
      vertex 12.7071 13.3229 1.15
    endloop
  endfacet
  facet normal 0.998803 -0.0489209 0
    outer loop
      vertex 13.4928 11.853 1.25
      vertex 13.5 12 1.15
      vertex 13.5 12 1.25
    endloop
  endfacet
  facet normal 0.998803 -0.0489209 0
    outer loop
      vertex 13.5 12 1.15
      vertex 13.4928 11.853 1.25
      vertex 13.4928 11.853 1.15
    endloop
  endfacet
  facet normal 0.904125 -0.427269 0
    outer loop
      vertex 13.3229 11.2929 1.25
      vertex 13.3858 11.426 1.15
      vertex 13.3858 11.426 1.25
    endloop
  endfacet
  facet normal 0.904125 -0.427269 0
    outer loop
      vertex 13.3858 11.426 1.15
      vertex 13.3229 11.2929 1.25
      vertex 13.3229 11.2929 1.15
    endloop
  endfacet
  facet normal 0.857733 0.514096 0
    outer loop
      vertex 13.3229 12.7071 1.25
      vertex 13.2472 12.8334 1.15
      vertex 13.2472 12.8334 1.25
    endloop
  endfacet
  facet normal 0.857733 0.514096 0
    outer loop
      vertex 13.2472 12.8334 1.15
      vertex 13.3229 12.7071 1.25
      vertex 13.3229 12.7071 1.15
    endloop
  endfacet
  facet normal 0.74123 0.671251 0
    outer loop
      vertex 13.1595 12.9516 1.25
      vertex 13.0607 13.0607 1.15
      vertex 13.0607 13.0607 1.25
    endloop
  endfacet
  facet normal 0.74123 0.671251 0
    outer loop
      vertex 13.0607 13.0607 1.15
      vertex 13.1595 12.9516 1.25
      vertex 13.1595 12.9516 1.15
    endloop
  endfacet
  facet normal -0.0489209 0.998803 0
    outer loop
      vertex 12 13.5 1.15
      vertex 11.853 13.4928 1.25
      vertex 12 13.5 1.25
    endloop
  endfacet
  facet normal -0.0489209 0.998803 0
    outer loop
      vertex 11.853 13.4928 1.25
      vertex 12 13.5 1.15
      vertex 11.853 13.4928 1.15
    endloop
  endfacet
  facet normal -0.74123 0.671251 0
    outer loop
      vertex 10.8405 12.9516 1.15
      vertex 10.9393 13.0607 1.25
      vertex 10.9393 13.0607 1.15
    endloop
  endfacet
  facet normal -0.74123 0.671251 0
    outer loop
      vertex 10.9393 13.0607 1.25
      vertex 10.8405 12.9516 1.15
      vertex 10.8405 12.9516 1.25
    endloop
  endfacet
  facet normal -0.671251 -0.74123 0
    outer loop
      vertex 10.9393 10.9393 1.15
      vertex 11.0484 10.8405 1.25
      vertex 10.9393 10.9393 1.25
    endloop
  endfacet
  facet normal -0.671251 -0.74123 -0
    outer loop
      vertex 11.0484 10.8405 1.25
      vertex 10.9393 10.9393 1.15
      vertex 11.0484 10.8405 1.15
    endloop
  endfacet
  facet normal 0.0489209 -0.998803 0
    outer loop
      vertex 12 10.5 1.15
      vertex 12.147 10.5072 1.25
      vertex 12 10.5 1.25
    endloop
  endfacet
  facet normal 0.0489209 -0.998803 0
    outer loop
      vertex 12.147 10.5072 1.25
      vertex 12 10.5 1.15
      vertex 12.147 10.5072 1.15
    endloop
  endfacet
  facet normal 0.941527 0.336939 0
    outer loop
      vertex 13.4354 12.4354 1.25
      vertex 13.3858 12.574 1.15
      vertex 13.3858 12.574 1.25
    endloop
  endfacet
  facet normal 0.941527 0.336939 0
    outer loop
      vertex 13.3858 12.574 1.15
      vertex 13.4354 12.4354 1.25
      vertex 13.4354 12.4354 1.15
    endloop
  endfacet
  facet normal 0.857733 -0.514096 0
    outer loop
      vertex 13.2472 11.1666 1.25
      vertex 13.3229 11.2929 1.15
      vertex 13.3229 11.2929 1.25
    endloop
  endfacet
  facet normal 0.857733 -0.514096 0
    outer loop
      vertex 13.3229 11.2929 1.15
      vertex 13.2472 11.1666 1.25
      vertex 13.2472 11.1666 1.15
    endloop
  endfacet
  facet normal -0.243175 0.969982 0
    outer loop
      vertex 11.7074 13.4712 1.15
      vertex 11.5646 13.4354 1.25
      vertex 11.7074 13.4712 1.25
    endloop
  endfacet
  facet normal -0.243175 0.969982 0
    outer loop
      vertex 11.5646 13.4354 1.25
      vertex 11.7074 13.4712 1.15
      vertex 11.5646 13.4354 1.15
    endloop
  endfacet
  facet normal 0.941527 -0.336939 0
    outer loop
      vertex 13.3858 11.426 1.25
      vertex 13.4354 11.5646 1.15
      vertex 13.4354 11.5646 1.25
    endloop
  endfacet
  facet normal 0.941527 -0.336939 0
    outer loop
      vertex 13.4354 11.5646 1.15
      vertex 13.3858 11.426 1.25
      vertex 13.3858 11.426 1.15
    endloop
  endfacet
  facet normal 0.336939 -0.941527 0
    outer loop
      vertex 12.4354 10.5646 1.15
      vertex 12.574 10.6142 1.25
      vertex 12.4354 10.5646 1.25
    endloop
  endfacet
  facet normal 0.336939 -0.941527 0
    outer loop
      vertex 12.574 10.6142 1.25
      vertex 12.4354 10.5646 1.15
      vertex 12.574 10.6142 1.15
    endloop
  endfacet
  facet normal -0.427269 0.904125 0
    outer loop
      vertex 11.426 13.3858 1.15
      vertex 11.2929 13.3229 1.25
      vertex 11.426 13.3858 1.25
    endloop
  endfacet
  facet normal -0.427269 0.904125 0
    outer loop
      vertex 11.2929 13.3229 1.25
      vertex 11.426 13.3858 1.15
      vertex 11.2929 13.3229 1.15
    endloop
  endfacet
  facet normal 0.904125 0.427269 0
    outer loop
      vertex 13.3858 12.574 1.25
      vertex 13.3229 12.7071 1.15
      vertex 13.3229 12.7071 1.25
    endloop
  endfacet
  facet normal 0.904125 0.427269 0
    outer loop
      vertex 13.3229 12.7071 1.15
      vertex 13.3858 12.574 1.25
      vertex 13.3858 12.574 1.15
    endloop
  endfacet
  facet normal -0.671251 0.74123 0
    outer loop
      vertex 11.0484 13.1595 1.15
      vertex 10.9393 13.0607 1.25
      vertex 11.0484 13.1595 1.25
    endloop
  endfacet
  facet normal -0.671251 0.74123 0
    outer loop
      vertex 10.9393 13.0607 1.25
      vertex 11.0484 13.1595 1.15
      vertex 10.9393 13.0607 1.15
    endloop
  endfacet
  facet normal 0.336939 0.941527 -0
    outer loop
      vertex 12.574 13.3858 1.15
      vertex 12.4354 13.4354 1.25
      vertex 12.574 13.3858 1.25
    endloop
  endfacet
  facet normal 0.336939 0.941527 0
    outer loop
      vertex 12.4354 13.4354 1.25
      vertex 12.574 13.3858 1.15
      vertex 12.4354 13.4354 1.15
    endloop
  endfacet
  facet normal -0.336939 0.941527 0
    outer loop
      vertex 11.5646 13.4354 1.15
      vertex 11.426 13.3858 1.25
      vertex 11.5646 13.4354 1.25
    endloop
  endfacet
  facet normal -0.336939 0.941527 0
    outer loop
      vertex 11.426 13.3858 1.25
      vertex 11.5646 13.4354 1.15
      vertex 11.426 13.3858 1.15
    endloop
  endfacet
  facet normal -0.857733 -0.514096 0
    outer loop
      vertex 10.7528 11.1666 1.15
      vertex 10.6771 11.2929 1.25
      vertex 10.6771 11.2929 1.15
    endloop
  endfacet
  facet normal -0.857733 -0.514096 0
    outer loop
      vertex 10.6771 11.2929 1.25
      vertex 10.7528 11.1666 1.15
      vertex 10.7528 11.1666 1.25
    endloop
  endfacet
  facet normal -0.514096 -0.857733 0
    outer loop
      vertex 11.1666 10.7528 1.15
      vertex 11.2929 10.6771 1.25
      vertex 11.1666 10.7528 1.25
    endloop
  endfacet
  facet normal -0.514096 -0.857733 -0
    outer loop
      vertex 11.2929 10.6771 1.25
      vertex 11.1666 10.7528 1.15
      vertex 11.2929 10.6771 1.15
    endloop
  endfacet
  facet normal 0.671251 -0.74123 0
    outer loop
      vertex 12.9516 10.8405 1.15
      vertex 13.0607 10.9393 1.25
      vertex 12.9516 10.8405 1.25
    endloop
  endfacet
  facet normal 0.671251 -0.74123 0
    outer loop
      vertex 13.0607 10.9393 1.25
      vertex 12.9516 10.8405 1.15
      vertex 13.0607 10.9393 1.15
    endloop
  endfacet
  facet normal 0.671251 0.74123 -0
    outer loop
      vertex 13.0607 13.0607 1.15
      vertex 12.9516 13.1595 1.25
      vertex 13.0607 13.0607 1.25
    endloop
  endfacet
  facet normal 0.671251 0.74123 0
    outer loop
      vertex 12.9516 13.1595 1.25
      vertex 13.0607 13.0607 1.15
      vertex 12.9516 13.1595 1.15
    endloop
  endfacet
  facet normal 0.243175 0.969982 -0
    outer loop
      vertex 12.4354 13.4354 1.15
      vertex 12.2926 13.4712 1.25
      vertex 12.4354 13.4354 1.25
    endloop
  endfacet
  facet normal 0.243175 0.969982 0
    outer loop
      vertex 12.2926 13.4712 1.25
      vertex 12.4354 13.4354 1.15
      vertex 12.2926 13.4712 1.15
    endloop
  endfacet
  facet normal -0.595861 -0.803088 0
    outer loop
      vertex 11.0484 10.8405 1.15
      vertex 11.1666 10.7528 1.25
      vertex 11.0484 10.8405 1.25
    endloop
  endfacet
  facet normal -0.595861 -0.803088 -0
    outer loop
      vertex 11.1666 10.7528 1.25
      vertex 11.0484 10.8405 1.15
      vertex 11.1666 10.7528 1.15
    endloop
  endfacet
  facet normal -0.427269 -0.904125 0
    outer loop
      vertex 11.2929 10.6771 1.15
      vertex 11.426 10.6142 1.25
      vertex 11.2929 10.6771 1.25
    endloop
  endfacet
  facet normal -0.427269 -0.904125 -0
    outer loop
      vertex 11.426 10.6142 1.25
      vertex 11.2929 10.6771 1.15
      vertex 11.426 10.6142 1.15
    endloop
  endfacet
  facet normal -0.803088 -0.595861 0
    outer loop
      vertex 10.8405 11.0484 1.15
      vertex 10.7528 11.1666 1.25
      vertex 10.7528 11.1666 1.15
    endloop
  endfacet
  facet normal -0.803088 -0.595861 0
    outer loop
      vertex 10.7528 11.1666 1.25
      vertex 10.8405 11.0484 1.15
      vertex 10.8405 11.0484 1.25
    endloop
  endfacet
  facet normal -0.243175 -0.969982 0
    outer loop
      vertex 11.5646 10.5646 1.15
      vertex 11.7074 10.5288 1.25
      vertex 11.5646 10.5646 1.25
    endloop
  endfacet
  facet normal -0.243175 -0.969982 -0
    outer loop
      vertex 11.7074 10.5288 1.25
      vertex 11.5646 10.5646 1.15
      vertex 11.7074 10.5288 1.15
    endloop
  endfacet
  facet normal -0.989174 -0.146746 0
    outer loop
      vertex 10.5288 11.7074 1.15
      vertex 10.5072 11.853 1.25
      vertex 10.5072 11.853 1.15
    endloop
  endfacet
  facet normal -0.989174 -0.146746 0
    outer loop
      vertex 10.5072 11.853 1.25
      vertex 10.5288 11.7074 1.15
      vertex 10.5288 11.7074 1.25
    endloop
  endfacet
  facet normal -0.904125 -0.427269 0
    outer loop
      vertex 10.6771 11.2929 1.15
      vertex 10.6142 11.426 1.25
      vertex 10.6142 11.426 1.15
    endloop
  endfacet
  facet normal -0.904125 -0.427269 0
    outer loop
      vertex 10.6142 11.426 1.25
      vertex 10.6771 11.2929 1.15
      vertex 10.6771 11.2929 1.25
    endloop
  endfacet
  facet normal -0.941527 0.336939 0
    outer loop
      vertex 10.5646 12.4354 1.15
      vertex 10.6142 12.574 1.25
      vertex 10.6142 12.574 1.15
    endloop
  endfacet
  facet normal -0.941527 0.336939 0
    outer loop
      vertex 10.6142 12.574 1.25
      vertex 10.5646 12.4354 1.15
      vertex 10.5646 12.4354 1.25
    endloop
  endfacet
  facet normal -0.803088 0.595861 0
    outer loop
      vertex 10.7528 12.8334 1.15
      vertex 10.8405 12.9516 1.25
      vertex 10.8405 12.9516 1.15
    endloop
  endfacet
  facet normal -0.803088 0.595861 0
    outer loop
      vertex 10.8405 12.9516 1.25
      vertex 10.7528 12.8334 1.15
      vertex 10.7528 12.8334 1.25
    endloop
  endfacet
  facet normal -0.998803 0.0489209 0
    outer loop
      vertex 10.5 12 1.15
      vertex 10.5072 12.147 1.25
      vertex 10.5072 12.147 1.15
    endloop
  endfacet
  facet normal -0.998803 0.0489209 0
    outer loop
      vertex 10.5072 12.147 1.25
      vertex 10.5 12 1.15
      vertex 10.5 12 1.25
    endloop
  endfacet
  facet normal -0.336939 -0.941527 0
    outer loop
      vertex 11.426 10.6142 1.15
      vertex 11.5646 10.5646 1.25
      vertex 11.426 10.6142 1.25
    endloop
  endfacet
  facet normal -0.336939 -0.941527 -0
    outer loop
      vertex 11.5646 10.5646 1.25
      vertex 11.426 10.6142 1.15
      vertex 11.5646 10.5646 1.15
    endloop
  endfacet
  facet normal 0.74123 -0.671251 0
    outer loop
      vertex 13.0607 10.9393 1.25
      vertex 13.1595 11.0484 1.15
      vertex 13.1595 11.0484 1.25
    endloop
  endfacet
  facet normal 0.74123 -0.671251 0
    outer loop
      vertex 13.1595 11.0484 1.15
      vertex 13.0607 10.9393 1.25
      vertex 13.0607 10.9393 1.15
    endloop
  endfacet
  facet normal 0 0 -1
    outer loop
      vertex 13.4928 11.853 1.15
      vertex 13.4928 12.147 1.15
      vertex 13.5 12 1.15
    endloop
  endfacet
  facet normal 0 0 -1
    outer loop
      vertex 13.4712 11.7074 1.15
      vertex 13.4928 12.147 1.15
      vertex 13.4928 11.853 1.15
    endloop
  endfacet
  facet normal 0 0 -1
    outer loop
      vertex 13.4712 11.7074 1.15
      vertex 13.4712 12.2926 1.15
      vertex 13.4928 12.147 1.15
    endloop
  endfacet
  facet normal 0 0 -1
    outer loop
      vertex 13.4354 11.5646 1.15
      vertex 13.4712 12.2926 1.15
      vertex 13.4712 11.7074 1.15
    endloop
  endfacet
  facet normal 0 0 -1
    outer loop
      vertex 13.4354 11.5646 1.15
      vertex 13.4354 12.4354 1.15
      vertex 13.4712 12.2926 1.15
    endloop
  endfacet
  facet normal 0 0 -1
    outer loop
      vertex 13.3858 11.426 1.15
      vertex 13.4354 12.4354 1.15
      vertex 13.4354 11.5646 1.15
    endloop
  endfacet
  facet normal 0 0 -1
    outer loop
      vertex 13.3858 11.426 1.15
      vertex 13.3858 12.574 1.15
      vertex 13.4354 12.4354 1.15
    endloop
  endfacet
  facet normal 0 0 -1
    outer loop
      vertex 13.3229 11.2929 1.15
      vertex 13.3858 12.574 1.15
      vertex 13.3858 11.426 1.15
    endloop
  endfacet
  facet normal 0 0 -1
    outer loop
      vertex 13.3229 11.2929 1.15
      vertex 13.3229 12.7071 1.15
      vertex 13.3858 12.574 1.15
    endloop
  endfacet
  facet normal 0 0 -1
    outer loop
      vertex 13.2472 11.1666 1.15
      vertex 13.3229 12.7071 1.15
      vertex 13.3229 11.2929 1.15
    endloop
  endfacet
  facet normal 0 0 -1
    outer loop
      vertex 13.2472 11.1666 1.15
      vertex 13.2472 12.8334 1.15
      vertex 13.3229 12.7071 1.15
    endloop
  endfacet
  facet normal 0 0 -1
    outer loop
      vertex 13.1595 11.0484 1.15
      vertex 13.2472 12.8334 1.15
      vertex 13.2472 11.1666 1.15
    endloop
  endfacet
  facet normal 0 0 -1
    outer loop
      vertex 13.1595 11.0484 1.15
      vertex 13.1595 12.9516 1.15
      vertex 13.2472 12.8334 1.15
    endloop
  endfacet
  facet normal 0 0 -1
    outer loop
      vertex 13.0607 10.9393 1.15
      vertex 13.1595 12.9516 1.15
      vertex 13.1595 11.0484 1.15
    endloop
  endfacet
  facet normal 0 0 -1
    outer loop
      vertex 13.0607 10.9393 1.15
      vertex 13.0607 13.0607 1.15
      vertex 13.1595 12.9516 1.15
    endloop
  endfacet
  facet normal 0 0 -1
    outer loop
      vertex 12.9516 10.8405 1.15
      vertex 13.0607 13.0607 1.15
      vertex 13.0607 10.9393 1.15
    endloop
  endfacet
  facet normal 0 0 -1
    outer loop
      vertex 12.9516 10.8405 1.15
      vertex 12.9516 13.1595 1.15
      vertex 13.0607 13.0607 1.15
    endloop
  endfacet
  facet normal 0 0 -1
    outer loop
      vertex 12.8334 10.7528 1.15
      vertex 12.9516 13.1595 1.15
      vertex 12.9516 10.8405 1.15
    endloop
  endfacet
  facet normal 0 0 -1
    outer loop
      vertex 12.8334 10.7528 1.15
      vertex 12.8334 13.2472 1.15
      vertex 12.9516 13.1595 1.15
    endloop
  endfacet
  facet normal 0 0 -1
    outer loop
      vertex 12.7071 10.6771 1.15
      vertex 12.8334 13.2472 1.15
      vertex 12.8334 10.7528 1.15
    endloop
  endfacet
  facet normal 0 0 -1
    outer loop
      vertex 12.7071 10.6771 1.15
      vertex 12.7071 13.3229 1.15
      vertex 12.8334 13.2472 1.15
    endloop
  endfacet
  facet normal 0 0 -1
    outer loop
      vertex 12.574 10.6142 1.15
      vertex 12.7071 13.3229 1.15
      vertex 12.7071 10.6771 1.15
    endloop
  endfacet
  facet normal 0 0 -1
    outer loop
      vertex 12.574 10.6142 1.15
      vertex 12.574 13.3858 1.15
      vertex 12.7071 13.3229 1.15
    endloop
  endfacet
  facet normal 0 0 -1
    outer loop
      vertex 12.4354 10.5646 1.15
      vertex 12.574 13.3858 1.15
      vertex 12.574 10.6142 1.15
    endloop
  endfacet
  facet normal 0 0 -1
    outer loop
      vertex 12.4354 10.5646 1.15
      vertex 12.4354 13.4354 1.15
      vertex 12.574 13.3858 1.15
    endloop
  endfacet
  facet normal 0 0 -1
    outer loop
      vertex 12.2926 10.5288 1.15
      vertex 12.4354 13.4354 1.15
      vertex 12.4354 10.5646 1.15
    endloop
  endfacet
  facet normal 0 0 -1
    outer loop
      vertex 12.2926 10.5288 1.15
      vertex 12.2926 13.4712 1.15
      vertex 12.4354 13.4354 1.15
    endloop
  endfacet
  facet normal 0 0 -1
    outer loop
      vertex 12.147 10.5072 1.15
      vertex 12.2926 13.4712 1.15
      vertex 12.2926 10.5288 1.15
    endloop
  endfacet
  facet normal 0 0 -1
    outer loop
      vertex 12.147 10.5072 1.15
      vertex 12.147 13.4928 1.15
      vertex 12.2926 13.4712 1.15
    endloop
  endfacet
  facet normal 0 0 -1
    outer loop
      vertex 12 10.5 1.15
      vertex 12.147 13.4928 1.15
      vertex 12.147 10.5072 1.15
    endloop
  endfacet
  facet normal 0 0 -1
    outer loop
      vertex 12 10.5 1.15
      vertex 12 13.5 1.15
      vertex 12.147 13.4928 1.15
    endloop
  endfacet
  facet normal 0 0 -1
    outer loop
      vertex 11.853 10.5072 1.15
      vertex 12 13.5 1.15
      vertex 12 10.5 1.15
    endloop
  endfacet
  facet normal 0 0 -1
    outer loop
      vertex 11.853 10.5072 1.15
      vertex 11.853 13.4928 1.15
      vertex 12 13.5 1.15
    endloop
  endfacet
  facet normal 0 0 -1
    outer loop
      vertex 11.7074 10.5288 1.15
      vertex 11.853 13.4928 1.15
      vertex 11.853 10.5072 1.15
    endloop
  endfacet
  facet normal 0 0 -1
    outer loop
      vertex 11.7074 10.5288 1.15
      vertex 11.7074 13.4712 1.15
      vertex 11.853 13.4928 1.15
    endloop
  endfacet
  facet normal 0 0 -1
    outer loop
      vertex 11.5646 10.5646 1.15
      vertex 11.7074 13.4712 1.15
      vertex 11.7074 10.5288 1.15
    endloop
  endfacet
  facet normal 0 0 -1
    outer loop
      vertex 11.5646 10.5646 1.15
      vertex 11.5646 13.4354 1.15
      vertex 11.7074 13.4712 1.15
    endloop
  endfacet
  facet normal 0 0 -1
    outer loop
      vertex 11.426 10.6142 1.15
      vertex 11.5646 13.4354 1.15
      vertex 11.5646 10.5646 1.15
    endloop
  endfacet
  facet normal 0 0 -1
    outer loop
      vertex 11.426 10.6142 1.15
      vertex 11.426 13.3858 1.15
      vertex 11.5646 13.4354 1.15
    endloop
  endfacet
  facet normal 0 0 -1
    outer loop
      vertex 11.2929 10.6771 1.15
      vertex 11.426 13.3858 1.15
      vertex 11.426 10.6142 1.15
    endloop
  endfacet
  facet normal 0 0 -1
    outer loop
      vertex 11.2929 10.6771 1.15
      vertex 11.2929 13.3229 1.15
      vertex 11.426 13.3858 1.15
    endloop
  endfacet
  facet normal 0 0 -1
    outer loop
      vertex 11.1666 10.7528 1.15
      vertex 11.2929 13.3229 1.15
      vertex 11.2929 10.6771 1.15
    endloop
  endfacet
  facet normal 0 0 -1
    outer loop
      vertex 11.1666 10.7528 1.15
      vertex 11.1666 13.2472 1.15
      vertex 11.2929 13.3229 1.15
    endloop
  endfacet
  facet normal 0 0 -1
    outer loop
      vertex 11.0484 10.8405 1.15
      vertex 11.1666 13.2472 1.15
      vertex 11.1666 10.7528 1.15
    endloop
  endfacet
  facet normal 0 0 -1
    outer loop
      vertex 11.0484 10.8405 1.15
      vertex 11.0484 13.1595 1.15
      vertex 11.1666 13.2472 1.15
    endloop
  endfacet
  facet normal 0 0 -1
    outer loop
      vertex 10.9393 10.9393 1.15
      vertex 11.0484 13.1595 1.15
      vertex 11.0484 10.8405 1.15
    endloop
  endfacet
  facet normal 0 0 -1
    outer loop
      vertex 10.9393 10.9393 1.15
      vertex 10.9393 13.0607 1.15
      vertex 11.0484 13.1595 1.15
    endloop
  endfacet
  facet normal 0 0 -1
    outer loop
      vertex 10.8405 11.0484 1.15
      vertex 10.9393 13.0607 1.15
      vertex 10.9393 10.9393 1.15
    endloop
  endfacet
  facet normal 0 0 -1
    outer loop
      vertex 10.8405 11.0484 1.15
      vertex 10.8405 12.9516 1.15
      vertex 10.9393 13.0607 1.15
    endloop
  endfacet
  facet normal 0 0 -1
    outer loop
      vertex 10.7528 11.1666 1.15
      vertex 10.8405 12.9516 1.15
      vertex 10.8405 11.0484 1.15
    endloop
  endfacet
  facet normal 0 0 -1
    outer loop
      vertex 10.7528 11.1666 1.15
      vertex 10.7528 12.8334 1.15
      vertex 10.8405 12.9516 1.15
    endloop
  endfacet
  facet normal 0 0 -1
    outer loop
      vertex 10.6771 11.2929 1.15
      vertex 10.7528 12.8334 1.15
      vertex 10.7528 11.1666 1.15
    endloop
  endfacet
  facet normal 0 0 -1
    outer loop
      vertex 10.6771 11.2929 1.15
      vertex 10.6771 12.7071 1.15
      vertex 10.7528 12.8334 1.15
    endloop
  endfacet
  facet normal 0 0 -1
    outer loop
      vertex 10.6142 11.426 1.15
      vertex 10.6771 12.7071 1.15
      vertex 10.6771 11.2929 1.15
    endloop
  endfacet
  facet normal 0 0 -1
    outer loop
      vertex 10.6142 11.426 1.15
      vertex 10.6142 12.574 1.15
      vertex 10.6771 12.7071 1.15
    endloop
  endfacet
  facet normal 0 0 -1
    outer loop
      vertex 10.5646 11.5646 1.15
      vertex 10.6142 12.574 1.15
      vertex 10.6142 11.426 1.15
    endloop
  endfacet
  facet normal 0 0 -1
    outer loop
      vertex 10.5646 11.5646 1.15
      vertex 10.5646 12.4354 1.15
      vertex 10.6142 12.574 1.15
    endloop
  endfacet
  facet normal 0 0 -1
    outer loop
      vertex 10.5288 11.7074 1.15
      vertex 10.5646 12.4354 1.15
      vertex 10.5646 11.5646 1.15
    endloop
  endfacet
  facet normal 0 0 -1
    outer loop
      vertex 10.5288 11.7074 1.15
      vertex 10.5288 12.2926 1.15
      vertex 10.5646 12.4354 1.15
    endloop
  endfacet
  facet normal 0 0 -1
    outer loop
      vertex 10.5072 11.853 1.15
      vertex 10.5288 12.2926 1.15
      vertex 10.5288 11.7074 1.15
    endloop
  endfacet
  facet normal 0 0 -1
    outer loop
      vertex 10.5072 11.853 1.15
      vertex 10.5072 12.147 1.15
      vertex 10.5288 12.2926 1.15
    endloop
  endfacet
  facet normal 0 -0 -1
    outer loop
      vertex 10.5072 12.147 1.15
      vertex 10.5072 11.853 1.15
      vertex 10.5 12 1.15
    endloop
  endfacet
  facet normal -0.282785 -0.48965 0.824788
    outer loop
      vertex 12 12.8 1.31
      vertex 11.825 12.8 1.25
      vertex 12.0875 12.6484 1.25
    endloop
  endfacet
  facet normal 0.565528 0 0.824729
    outer loop
      vertex 12.0875 12.9516 1.25
      vertex 12 12.8 1.31
      vertex 12.0875 12.6484 1.25
    endloop
  endfacet
  facet normal -0.282785 0.48965 0.824788
    outer loop
      vertex 12.0875 12.9516 1.25
      vertex 11.825 12.8 1.25
      vertex 12 12.8 1.31
    endloop
  endfacet
  facet normal 0 0 -1
    outer loop
      vertex 11.8652 13.0539 1.32
      vertex 11.692 13.0539 1.32
      vertex 11.8652 13.54 1.32
    endloop
  endfacet
  facet normal 0 0 -1
    outer loop
      vertex 12.3271 13.0539 1.32
      vertex 12.1538 13.2766 1.32
      vertex 12.3271 13.7627 1.32
    endloop
  endfacet
  facet normal 0 0 -1
    outer loop
      vertex 12.123 13.0539 1.32
      vertex 12.1538 13.2766 1.32
      vertex 12.3271 13.0539 1.32
    endloop
  endfacet
  facet normal 0 0 -1
    outer loop
      vertex 11.8652 13.54 1.32
      vertex 12.1538 13.2766 1.32
      vertex 12.123 13.0539 1.32
    endloop
  endfacet
  facet normal 0 0 -1
    outer loop
      vertex 12.1538 13.2766 1.32
      vertex 11.8652 13.54 1.32
      vertex 11.8961 13.7627 1.32
    endloop
  endfacet
  facet normal 0 0 -1
    outer loop
      vertex 11.692 13.7627 1.32
      vertex 11.8652 13.54 1.32
      vertex 11.692 13.0539 1.32
    endloop
  endfacet
  facet normal 0 0 -1
    outer loop
      vertex 11.8652 13.54 1.32
      vertex 11.692 13.7627 1.32
      vertex 11.8961 13.7627 1.32
    endloop
  endfacet
  facet normal -0 0 -1
    outer loop
      vertex 12.3271 13.7627 1.32
      vertex 12.1538 13.2766 1.32
      vertex 12.1538 13.7627 1.32
    endloop
  endfacet
  facet normal 0 0 1
    outer loop
      vertex 12.1538 13.2766 1.47
      vertex 12.3271 13.7627 1.47
      vertex 12.1538 13.7627 1.47
    endloop
  endfacet
  facet normal 0 0 1
    outer loop
      vertex 12.3271 13.7627 1.47
      vertex 12.1538 13.2766 1.47
      vertex 12.3271 13.0539 1.47
    endloop
  endfacet
  facet normal 0 0 1
    outer loop
      vertex 12.1538 13.2766 1.47
      vertex 12.123 13.0539 1.47
      vertex 12.3271 13.0539 1.47
    endloop
  endfacet
  facet normal -0 0 1
    outer loop
      vertex 11.8652 13.54 1.47
      vertex 12.1538 13.2766 1.47
      vertex 11.8961 13.7627 1.47
    endloop
  endfacet
  facet normal 0 0 1
    outer loop
      vertex 12.1538 13.2766 1.47
      vertex 11.8652 13.54 1.47
      vertex 12.123 13.0539 1.47
    endloop
  endfacet
  facet normal -0 0 1
    outer loop
      vertex 11.692 13.7627 1.47
      vertex 11.8652 13.54 1.47
      vertex 11.8961 13.7627 1.47
    endloop
  endfacet
  facet normal 0 0 1
    outer loop
      vertex 11.692 13.0539 1.47
      vertex 11.8652 13.54 1.47
      vertex 11.692 13.7627 1.47
    endloop
  endfacet
  facet normal 0 0 1
    outer loop
      vertex 11.8652 13.54 1.47
      vertex 11.692 13.0539 1.47
      vertex 11.8652 13.0539 1.47
    endloop
  endfacet
  facet normal -0.883447 -0.468531 0
    outer loop
      vertex 12.123 13.0539 1.32
      vertex 11.8652 13.54 1.47
      vertex 11.8652 13.54 1.32
    endloop
  endfacet
  facet normal -0.883447 -0.468531 0
    outer loop
      vertex 11.8652 13.54 1.47
      vertex 12.123 13.0539 1.32
      vertex 12.123 13.0539 1.47
    endloop
  endfacet
  facet normal 0 -1 0
    outer loop
      vertex 12.123 13.0539 1.32
      vertex 12.3271 13.0539 1.47
      vertex 12.123 13.0539 1.47
    endloop
  endfacet
  facet normal 0 -1 -0
    outer loop
      vertex 12.3271 13.0539 1.47
      vertex 12.123 13.0539 1.32
      vertex 12.3271 13.0539 1.32
    endloop
  endfacet
  facet normal 1 -0 0
    outer loop
      vertex 12.3271 13.0539 1.47
      vertex 12.3271 13.7627 1.32
      vertex 12.3271 13.7627 1.47
    endloop
  endfacet
  facet normal 1 0 0
    outer loop
      vertex 12.3271 13.7627 1.32
      vertex 12.3271 13.0539 1.47
      vertex 12.3271 13.0539 1.32
    endloop
  endfacet
  facet normal 0 1 -0
    outer loop
      vertex 12.3271 13.7627 1.32
      vertex 12.1538 13.7627 1.47
      vertex 12.3271 13.7627 1.47
    endloop
  endfacet
  facet normal 0 1 0
    outer loop
      vertex 12.1538 13.7627 1.47
      vertex 12.3271 13.7627 1.32
      vertex 12.1538 13.7627 1.32
    endloop
  endfacet
  facet normal -1 0 0
    outer loop
      vertex 12.1538 13.2766 1.32
      vertex 12.1538 13.7627 1.47
      vertex 12.1538 13.7627 1.32
    endloop
  endfacet
  facet normal -1 -0 0
    outer loop
      vertex 12.1538 13.7627 1.47
      vertex 12.1538 13.2766 1.32
      vertex 12.1538 13.2766 1.47
    endloop
  endfacet
  facet normal 0.883523 0.468389 0
    outer loop
      vertex 12.1538 13.2766 1.47
      vertex 11.8961 13.7627 1.32
      vertex 11.8961 13.7627 1.47
    endloop
  endfacet
  facet normal 0.883523 0.468389 0
    outer loop
      vertex 11.8961 13.7627 1.32
      vertex 12.1538 13.2766 1.47
      vertex 12.1538 13.2766 1.32
    endloop
  endfacet
  facet normal 0 1 -0
    outer loop
      vertex 11.8961 13.7627 1.32
      vertex 11.692 13.7627 1.47
      vertex 11.8961 13.7627 1.47
    endloop
  endfacet
  facet normal 0 1 0
    outer loop
      vertex 11.692 13.7627 1.47
      vertex 11.8961 13.7627 1.32
      vertex 11.692 13.7627 1.32
    endloop
  endfacet
  facet normal -1 0 0
    outer loop
      vertex 11.692 13.0539 1.32
      vertex 11.692 13.7627 1.47
      vertex 11.692 13.7627 1.32
    endloop
  endfacet
  facet normal -1 -0 0
    outer loop
      vertex 11.692 13.7627 1.47
      vertex 11.692 13.0539 1.32
      vertex 11.692 13.0539 1.47
    endloop
  endfacet
  facet normal 0 -1 0
    outer loop
      vertex 11.692 13.0539 1.32
      vertex 11.8652 13.0539 1.47
      vertex 11.692 13.0539 1.47
    endloop
  endfacet
  facet normal 0 -1 -0
    outer loop
      vertex 11.8652 13.0539 1.47
      vertex 11.692 13.0539 1.32
      vertex 11.8652 13.0539 1.32
    endloop
  endfacet
  facet normal 1 -0 0
    outer loop
      vertex 11.8652 13.0539 1.47
      vertex 11.8652 13.54 1.32
      vertex 11.8652 13.54 1.47
    endloop
  endfacet
  facet normal 1 0 0
    outer loop
      vertex 11.8652 13.54 1.32
      vertex 11.8652 13.0539 1.47
      vertex 11.8652 13.0539 1.32
    endloop
  endfacet
  facet normal -1 0 0
    outer loop
      vertex -9 -9 -1
      vertex -9 9 -0.0999994
      vertex -9 9 -1
    endloop
  endfacet
  facet normal -1 0 0
    outer loop
      vertex -9 -9 0
      vertex -9 9 -0.0999994
      vertex -9 -9 -1
    endloop
  endfacet
  facet normal -1 0 0
    outer loop
      vertex -9 9 -0.0999994
      vertex -9 -9 0
      vertex -9 9 0
    endloop
  endfacet
  facet normal 0 0 1
    outer loop
      vertex -1.75 -4.65 0
      vertex -4.65 -4.65 0
      vertex -1.75 -7.8 0
    endloop
  endfacet
  facet normal 0 0 1
    outer loop
      vertex 14 -9 0
      vertex 5.72494 -6.9094 0
      vertex 5.725 -6.91063 0
    endloop
  endfacet
  facet normal 0 0 1
    outer loop
      vertex 14 -9 0
      vertex 5.72488 -6.90812 0
      vertex 5.72494 -6.9094 0
    endloop
  endfacet
  facet normal 0 0 1
    outer loop
      vertex 14 -9 0
      vertex 5.72452 -6.90564 0
      vertex 5.72488 -6.90812 0
    endloop
  endfacet
  facet normal 0 0 1
    outer loop
      vertex 14 -9 0
      vertex 5.72392 -6.90321 0
      vertex 5.72452 -6.90564 0
    endloop
  endfacet
  facet normal 0 0 1
    outer loop
      vertex 14 -9 0
      vertex 5.72352 -6.90205 0
      vertex 5.72392 -6.90321 0
    endloop
  endfacet
  facet normal 0 0 1
    outer loop
      vertex 14 -9 0
      vertex 5.7231 -6.90085 0
      vertex 5.72352 -6.90205 0
    endloop
  endfacet
  facet normal 0 0 1
    outer loop
      vertex 14 -9 0
      vertex 5.72256 -6.89969 0
      vertex 5.7231 -6.90085 0
    endloop
  endfacet
  facet normal 0 0 1
    outer loop
      vertex 14 -9 0
      vertex 5.72205 -6.89858 0
      vertex 5.72256 -6.89969 0
    endloop
  endfacet
  facet normal -0 -0 1
    outer loop
      vertex 5.72079 -6.89643 0
      vertex 14 -9 0
      vertex 4.75 -4.6 0
    endloop
  endfacet
  facet normal 0 0 1
    outer loop
      vertex 14 -9 0
      vertex 5.7214 -6.89748 0
      vertex 5.72205 -6.89858 0
    endloop
  endfacet
  facet normal 0 0 1
    outer loop
      vertex 14 -9 0
      vertex 5.72079 -6.89643 0
      vertex 5.7214 -6.89748 0
    endloop
  endfacet
  facet normal 0 0 1
    outer loop
      vertex 5.72079 -6.89643 0
      vertex 4.75 -4.6 0
      vertex 5.71933 -6.89441 0
    endloop
  endfacet
  facet normal 0 0 1
    outer loop
      vertex 5.71933 -6.89441 0
      vertex 4.75 -4.6 0
      vertex 5.71852 -6.8935 0
    endloop
  endfacet
  facet normal 0 0 1
    outer loop
      vertex 5.71852 -6.8935 0
      vertex 4.75 -4.6 0
      vertex 5.71768 -6.89255 0
    endloop
  endfacet
  facet normal 0 0 1
    outer loop
      vertex 5.71768 -6.89255 0
      vertex 4.75 -4.6 0
      vertex 5.71675 -6.89169 0
    endloop
  endfacet
  facet normal 0 0 1
    outer loop
      vertex 5.71675 -6.89169 0
      vertex 4.75 -4.6 0
      vertex 5.71586 -6.89087 0
    endloop
  endfacet
  facet normal 0 0 1
    outer loop
      vertex 5.71586 -6.89087 0
      vertex 4.75 -4.6 0
      vertex 5.71485 -6.89011 0
    endloop
  endfacet
  facet normal 0 0 1
    outer loop
      vertex 5.71485 -6.89011 0
      vertex 4.75 -4.6 0
      vertex 5.71389 -6.88938 0
    endloop
  endfacet
  facet normal 0 0 1
    outer loop
      vertex 5.71389 -6.88938 0
      vertex 4.75 -4.6 0
      vertex 5.71178 -6.88809 0
    endloop
  endfacet
  facet normal 0 0 1
    outer loop
      vertex 5.71178 -6.88809 0
      vertex 4.75 -4.6 0
      vertex 5.71065 -6.88754 0
    endloop
  endfacet
  facet normal 0 0 1
    outer loop
      vertex 5.71065 -6.88754 0
      vertex 4.75 -4.6 0
      vertex 5.70957 -6.88701 0
    endloop
  endfacet
  facet normal 0 0 1
    outer loop
      vertex 5.70957 -6.88701 0
      vertex 4.75 -4.6 0
      vertex 5.70844 -6.8866 0
    endloop
  endfacet
  facet normal 0 0 1
    outer loop
      vertex 5.70844 -6.8866 0
      vertex 4.75 -4.6 0
      vertex 5.70726 -6.88617 0
    endloop
  endfacet
  facet normal 0 0 1
    outer loop
      vertex 5.70726 -6.88617 0
      vertex 4.75 -4.6 0
      vertex 5.70604 -6.88586 0
    endloop
  endfacet
  facet normal 0 0 1
    outer loop
      vertex 5.70604 -6.88586 0
      vertex 4.75 -4.6 0
      vertex 5.70488 -6.88556 0
    endloop
  endfacet
  facet normal 0 0 1
    outer loop
      vertex 5.70488 -6.88556 0
      vertex 4.75 -4.6 0
      vertex 5.70245 -6.88519 0
    endloop
  endfacet
  facet normal 0 0 1
    outer loop
      vertex 5.70245 -6.88519 0
      vertex 4.75 -4.6 0
      vertex 5.70125 -6.88513 0
    endloop
  endfacet
  facet normal 0 0 1
    outer loop
      vertex 5.70125 -6.88513 0
      vertex 4.75 -4.6 0
      vertex 5.7 -6.88507 0
    endloop
  endfacet
  facet normal 0 0 1
    outer loop
      vertex 5.7 -6.88507 0
      vertex 4.75 -4.6 0
      vertex 5.69875 -6.88513 0
    endloop
  endfacet
  facet normal 0 0 1
    outer loop
      vertex 5.69875 -6.88513 0
      vertex 4.75 -4.6 0
      vertex 5.69755 -6.88519 0
    endloop
  endfacet
  facet normal 0 0 1
    outer loop
      vertex 5.69755 -6.88519 0
      vertex 4.75 -4.6 0
      vertex 5.69512 -6.88556 0
    endloop
  endfacet
  facet normal 0 0 1
    outer loop
      vertex 5.69512 -6.88556 0
      vertex 4.75 -4.6 0
      vertex 5.69396 -6.88586 0
    endloop
  endfacet
  facet normal 0 0 1
    outer loop
      vertex 5.69396 -6.88586 0
      vertex 4.75 -4.6 0
      vertex 5.69274 -6.88617 0
    endloop
  endfacet
  facet normal 0 0 1
    outer loop
      vertex 5.69274 -6.88617 0
      vertex 4.75 -4.6 0
      vertex 5.69156 -6.8866 0
    endloop
  endfacet
  facet normal 0 0 1
    outer loop
      vertex 5.69156 -6.8866 0
      vertex 4.75 -4.6 0
      vertex 5.69043 -6.88701 0
    endloop
  endfacet
  facet normal 0 0 1
    outer loop
      vertex 5.69043 -6.88701 0
      vertex 4.75 -4.6 0
      vertex 5.68935 -6.88754 0
    endloop
  endfacet
  facet normal 0 0 1
    outer loop
      vertex 5.68935 -6.88754 0
      vertex 4.75 -4.6 0
      vertex 5.68821 -6.88809 0
    endloop
  endfacet
  facet normal 0 0 1
    outer loop
      vertex 5.68821 -6.88809 0
      vertex 4.75 -4.6 0
      vertex 5.68611 -6.88938 0
    endloop
  endfacet
  facet normal 0 0 1
    outer loop
      vertex 5.68611 -6.88938 0
      vertex 4.75 -4.6 0
      vertex 5.68515 -6.89011 0
    endloop
  endfacet
  facet normal 0 0 1
    outer loop
      vertex 5.68515 -6.89011 0
      vertex 4.75 -4.6 0
      vertex 5.68414 -6.89087 0
    endloop
  endfacet
  facet normal 0 0 1
    outer loop
      vertex 5.68414 -6.89087 0
      vertex 4.75 -4.6 0
      vertex 5.68325 -6.89169 0
    endloop
  endfacet
  facet normal 0 0 1
    outer loop
      vertex 5.68325 -6.89169 0
      vertex 4.75 -4.6 0
      vertex 5.68232 -6.89255 0
    endloop
  endfacet
  facet normal 0 0 1
    outer loop
      vertex 5.68232 -6.89255 0
      vertex 4.75 -4.6 0
      vertex 5.68148 -6.8935 0
    endloop
  endfacet
  facet normal 0 0 1
    outer loop
      vertex 5.68148 -6.8935 0
      vertex 4.75 -4.6 0
      vertex 5.68067 -6.89441 0
    endloop
  endfacet
  facet normal 0 0 1
    outer loop
      vertex 5.68067 -6.89441 0
      vertex 4.75 -4.6 0
      vertex 5.67921 -6.89643 0
    endloop
  endfacet
  facet normal 0 0 1
    outer loop
      vertex 5.67921 -6.89643 0
      vertex 4.75 -4.6 0
      vertex 5.6786 -6.89748 0
    endloop
  endfacet
  facet normal 0 0 1
    outer loop
      vertex 5.6786 -6.89748 0
      vertex 4.75 -4.6 0
      vertex 5.67795 -6.89858 0
    endloop
  endfacet
  facet normal 0 0 1
    outer loop
      vertex 5.67795 -6.89858 0
      vertex 4.75 -4.6 0
      vertex 5.67744 -6.89969 0
    endloop
  endfacet
  facet normal 0 0 1
    outer loop
      vertex 5.67744 -6.89969 0
      vertex 4.75 -4.6 0
      vertex 5.6769 -6.90085 0
    endloop
  endfacet
  facet normal 0 0 1
    outer loop
      vertex 4.75 -7.8 0
      vertex 5.6769 -6.90085 0
      vertex 4.75 -4.6 0
    endloop
  endfacet
  facet normal 0 0 1
    outer loop
      vertex 5.6769 -6.90085 0
      vertex 4.75 -7.8 0
      vertex 5.67648 -6.90205 0
    endloop
  endfacet
  facet normal 0 0 1
    outer loop
      vertex 5.67512 -6.90812 0
      vertex 4.75 -7.8 0
      vertex 5.67506 -6.9094 0
    endloop
  endfacet
  facet normal 0 0 1
    outer loop
      vertex 5.67548 -6.90564 0
      vertex 4.75 -7.8 0
      vertex 5.67512 -6.90812 0
    endloop
  endfacet
  facet normal 0 0 1
    outer loop
      vertex 5.67608 -6.90321 0
      vertex 4.75 -7.8 0
      vertex 5.67548 -6.90564 0
    endloop
  endfacet
  facet normal 0 0 1
    outer loop
      vertex 5.67648 -6.90205 0
      vertex 4.75 -7.8 0
      vertex 5.67608 -6.90321 0
    endloop
  endfacet
  facet normal 0 0 1
    outer loop
      vertex 14 -9 0
      vertex 4.65 4.65 0
      vertex 4.75 -4.6 0
    endloop
  endfacet
  facet normal 0 0 1
    outer loop
      vertex 9 9 0
      vertex -4.65 4.65 0
      vertex 4.65 4.65 0
    endloop
  endfacet
  facet normal 0 0 1
    outer loop
      vertex -4.65 4.65 0
      vertex -9 9 0
      vertex -4.65 -4.65 0
    endloop
  endfacet
  facet normal -0 0 1
    outer loop
      vertex -9 9 0
      vertex -4.65 4.65 0
      vertex 9 9 0
    endloop
  endfacet
  facet normal -0 0 1
    outer loop
      vertex 4.65 4.65 0
      vertex 14 -9 0
      vertex 9 9 0
    endloop
  endfacet
  facet normal -0 0 1
    outer loop
      vertex 5.72488 -6.91313 0
      vertex 14 -9 0
      vertex 5.725 -6.91063 0
    endloop
  endfacet
  facet normal -0 0 1
    outer loop
      vertex 5.72469 -6.9144 0
      vertex 14 -9 0
      vertex 5.72488 -6.91313 0
    endloop
  endfacet
  facet normal -0 0 1
    outer loop
      vertex 5.72452 -6.91561 0
      vertex 14 -9 0
      vertex 5.72469 -6.9144 0
    endloop
  endfacet
  facet normal -0 0 1
    outer loop
      vertex 5.72423 -6.9168 0
      vertex 14 -9 0
      vertex 5.72452 -6.91561 0
    endloop
  endfacet
  facet normal -0 0 1
    outer loop
      vertex 5.72392 -6.91805 0
      vertex 14 -9 0
      vertex 5.72423 -6.9168 0
    endloop
  endfacet
  facet normal -0 0 1
    outer loop
      vertex 5.7235 -6.91926 0
      vertex 14 -9 0
      vertex 5.72392 -6.91805 0
    endloop
  endfacet
  facet normal -0 0 1
    outer loop
      vertex 5.7231 -6.92041 0
      vertex 14 -9 0
      vertex 5.7235 -6.91926 0
    endloop
  endfacet
  facet normal -0 0 1
    outer loop
      vertex 5.72258 -6.92151 0
      vertex 14 -9 0
      vertex 5.7231 -6.92041 0
    endloop
  endfacet
  facet normal -0 0 1
    outer loop
      vertex 5.72205 -6.92268 0
      vertex 14 -9 0
      vertex 5.72258 -6.92151 0
    endloop
  endfacet
  facet normal -0 0 1
    outer loop
      vertex 5.7214 -6.92378 0
      vertex 14 -9 0
      vertex 5.72205 -6.92268 0
    endloop
  endfacet
  facet normal -0 0 1
    outer loop
      vertex 5.72079 -6.92483 0
      vertex 14 -9 0
      vertex 5.7214 -6.92378 0
    endloop
  endfacet
  facet normal -0 0 1
    outer loop
      vertex 5.72007 -6.92581 0
      vertex 14 -9 0
      vertex 5.72079 -6.92483 0
    endloop
  endfacet
  facet normal -0 0 1
    outer loop
      vertex 5.71933 -6.92684 0
      vertex 14 -9 0
      vertex 5.72007 -6.92581 0
    endloop
  endfacet
  facet normal -0 0 1
    outer loop
      vertex 5.71848 -6.92779 0
      vertex 14 -9 0
      vertex 5.71933 -6.92684 0
    endloop
  endfacet
  facet normal -0 0 1
    outer loop
      vertex 5.71768 -6.9287 0
      vertex 14 -9 0
      vertex 5.71848 -6.92779 0
    endloop
  endfacet
  facet normal -0 0 1
    outer loop
      vertex 5.71586 -6.93038 0
      vertex 14 -9 0
      vertex 5.71768 -6.9287 0
    endloop
  endfacet
  facet normal -0 0 1
    outer loop
      vertex 5.7149 -6.93111 0
      vertex 14 -9 0
      vertex 5.71586 -6.93038 0
    endloop
  endfacet
  facet normal -0 0 1
    outer loop
      vertex 5.71389 -6.93188 0
      vertex 14 -9 0
      vertex 5.7149 -6.93111 0
    endloop
  endfacet
  facet normal 0 0 1
    outer loop
      vertex 4.75 -7.8 0
      vertex 5.71389 -6.93188 0
      vertex 5.71178 -6.93317 0
    endloop
  endfacet
  facet normal 0 0 1
    outer loop
      vertex 4.75 -7.8 0
      vertex 5.71178 -6.93317 0
      vertex 5.71065 -6.93372 0
    endloop
  endfacet
  facet normal 0 0 1
    outer loop
      vertex 4.75 -7.8 0
      vertex 5.71065 -6.93372 0
      vertex 5.70957 -6.93424 0
    endloop
  endfacet
  facet normal 0 0 1
    outer loop
      vertex 4.75 -7.8 0
      vertex 5.70957 -6.93424 0
      vertex 5.70844 -6.93465 0
    endloop
  endfacet
  facet normal 0 0 1
    outer loop
      vertex 4.75 -7.8 0
      vertex 5.70844 -6.93465 0
      vertex 5.70726 -6.93509 0
    endloop
  endfacet
  facet normal 0 0 1
    outer loop
      vertex 4.75 -7.8 0
      vertex 5.70726 -6.93509 0
      vertex 5.7061 -6.93538 0
    endloop
  endfacet
  facet normal 0 0 1
    outer loop
      vertex 4.75 -7.8 0
      vertex 5.7061 -6.93538 0
      vertex 5.70488 -6.9357 0
    endloop
  endfacet
  facet normal 0 0 1
    outer loop
      vertex 4.75 -7.8 0
      vertex 5.70488 -6.9357 0
      vertex 5.70363 -6.93588 0
    endloop
  endfacet
  facet normal 0 0 1
    outer loop
      vertex 4.75 -7.8 0
      vertex 5.70363 -6.93588 0
      vertex 5.70245 -6.93606 0
    endloop
  endfacet
  facet normal 0 0 1
    outer loop
      vertex 4.75 -7.8 0
      vertex 5.70245 -6.93606 0
      vertex 5.70119 -6.93613 0
    endloop
  endfacet
  facet normal 0 0 1
    outer loop
      vertex 4.75 -7.8 0
      vertex 5.70119 -6.93613 0
      vertex 5.7 -6.93619 0
    endloop
  endfacet
  facet normal 0 0 1
    outer loop
      vertex 4.75 -7.8 0
      vertex 5.7 -6.93619 0
      vertex 5.6988 -6.93613 0
    endloop
  endfacet
  facet normal 0 0 1
    outer loop
      vertex 4.75 -7.8 0
      vertex 5.6988 -6.93613 0
      vertex 5.69755 -6.93606 0
    endloop
  endfacet
  facet normal 0 0 1
    outer loop
      vertex 4.75 -7.8 0
      vertex 5.69755 -6.93606 0
      vertex 5.69637 -6.93588 0
    endloop
  endfacet
  facet normal 0 0 1
    outer loop
      vertex 4.75 -7.8 0
      vertex 5.69637 -6.93588 0
      vertex 5.69512 -6.9357 0
    endloop
  endfacet
  facet normal 0 0 1
    outer loop
      vertex 5.69043 -6.93424 0
      vertex 5.69274 -6.93509 0
      vertex 5.69156 -6.93465 0
    endloop
  endfacet
  facet normal 0 0 -1
    outer loop
      vertex 5.68821 -6.93317 0
      vertex 5.69043 -6.93424 0
      vertex 5.68935 -6.93372 0
    endloop
  endfacet
  facet normal 0 0 1
    outer loop
      vertex 5.68414 -6.93038 0
      vertex 5.68611 -6.93188 0
      vertex 5.6851 -6.93111 0
    endloop
  endfacet
  facet normal 0 0 1
    outer loop
      vertex 5.67795 -6.92268 0
      vertex 5.67921 -6.92483 0
      vertex 5.6786 -6.92378 0
    endloop
  endfacet
  facet normal 0 0 -1
    outer loop
      vertex 5.67512 -6.91313 0
      vertex 5.67548 -6.91561 0
      vertex 5.6753 -6.9144 0
    endloop
  endfacet
  facet normal 0 0 1
    outer loop
      vertex 5.67506 -6.9094 0
      vertex 4.75 -7.8 0
      vertex 5.675 -6.91063 0
    endloop
  endfacet
  facet normal 0 0 1
    outer loop
      vertex 5.675 -6.91063 0
      vertex 4.75 -7.8 0
      vertex 5.67512 -6.91313 0
    endloop
  endfacet
  facet normal 0 0 1
    outer loop
      vertex 5.67512 -6.91313 0
      vertex 4.75 -7.8 0
      vertex 5.67548 -6.91561 0
    endloop
  endfacet
  facet normal 0 0 1
    outer loop
      vertex 5.67548 -6.91561 0
      vertex 4.75 -7.8 0
      vertex 5.67577 -6.9168 0
    endloop
  endfacet
  facet normal 0 0 1
    outer loop
      vertex 5.67577 -6.9168 0
      vertex 4.75 -7.8 0
      vertex 5.67608 -6.91805 0
    endloop
  endfacet
  facet normal 0 0 1
    outer loop
      vertex 5.67608 -6.91805 0
      vertex 4.75 -7.8 0
      vertex 5.6765 -6.91926 0
    endloop
  endfacet
  facet normal 0 0 1
    outer loop
      vertex 5.6765 -6.91926 0
      vertex 4.75 -7.8 0
      vertex 5.6769 -6.92041 0
    endloop
  endfacet
  facet normal 0 0 1
    outer loop
      vertex 4.75 -7.8 0
      vertex 5.67741 -6.92151 0
      vertex 5.6769 -6.92041 0
    endloop
  endfacet
  facet normal 0 0 1
    outer loop
      vertex 4.75 -7.8 0
      vertex 5.67795 -6.92268 0
      vertex 5.67741 -6.92151 0
    endloop
  endfacet
  facet normal 0 0 1
    outer loop
      vertex 4.75 -7.8 0
      vertex 5.67921 -6.92483 0
      vertex 5.67795 -6.92268 0
    endloop
  endfacet
  facet normal 0 0 1
    outer loop
      vertex 4.75 -7.8 0
      vertex 5.67993 -6.92581 0
      vertex 5.67921 -6.92483 0
    endloop
  endfacet
  facet normal 0 0 1
    outer loop
      vertex 4.75 -7.8 0
      vertex 5.68067 -6.92684 0
      vertex 5.67993 -6.92581 0
    endloop
  endfacet
  facet normal 0 0 1
    outer loop
      vertex 4.75 -7.8 0
      vertex 5.68152 -6.92779 0
      vertex 5.68067 -6.92684 0
    endloop
  endfacet
  facet normal 0 0 1
    outer loop
      vertex 4.75 -7.8 0
      vertex 5.68232 -6.9287 0
      vertex 5.68152 -6.92779 0
    endloop
  endfacet
  facet normal 0 0 1
    outer loop
      vertex 4.75 -7.8 0
      vertex 5.68414 -6.93038 0
      vertex 5.68232 -6.9287 0
    endloop
  endfacet
  facet normal 0 0 1
    outer loop
      vertex 4.75 -7.8 0
      vertex 5.68611 -6.93188 0
      vertex 5.68414 -6.93038 0
    endloop
  endfacet
  facet normal 0 0 1
    outer loop
      vertex 4.75 -7.8 0
      vertex 5.68821 -6.93317 0
      vertex 5.68611 -6.93188 0
    endloop
  endfacet
  facet normal 0 0 1
    outer loop
      vertex 4.75 -7.8 0
      vertex 5.69043 -6.93424 0
      vertex 5.68821 -6.93317 0
    endloop
  endfacet
  facet normal 0 0 1
    outer loop
      vertex 4.75 -7.8 0
      vertex 5.69274 -6.93509 0
      vertex 5.69043 -6.93424 0
    endloop
  endfacet
  facet normal 0 0 1
    outer loop
      vertex 4.75 -7.8 0
      vertex 5.6939 -6.93538 0
      vertex 5.69274 -6.93509 0
    endloop
  endfacet
  facet normal 0 0 1
    outer loop
      vertex 4.75 -7.8 0
      vertex 5.69512 -6.9357 0
      vertex 5.6939 -6.93538 0
    endloop
  endfacet
  facet normal 0 0 1
    outer loop
      vertex 5.71389 -6.93188 0
      vertex 4.75 -7.8 0
      vertex 14 -9 0
    endloop
  endfacet
  facet normal 0 0 1
    outer loop
      vertex -9 -9 0
      vertex 4.75 -7.8 0
      vertex -1.75 -7.8 0
    endloop
  endfacet
  facet normal 0 0 1
    outer loop
      vertex 4.75 -7.8 0
      vertex -9 -9 0
      vertex 14 -9 0
    endloop
  endfacet
  facet normal 0 0 1
    outer loop
      vertex -4.65 -4.65 0
      vertex -9 -9 0
      vertex -1.75 -7.8 0
    endloop
  endfacet
  facet normal 0 0 1
    outer loop
      vertex -9 -9 0
      vertex -4.65 -4.65 0
      vertex -9 9 0
    endloop
  endfacet
  facet normal 0 0 1
    outer loop
      vertex 4.75 -4.6 0
      vertex 4.65 4.65 0
      vertex 4.65 -4.6 0
    endloop
  endfacet
  facet normal 0 0 -1
    outer loop
      vertex 4.8 -9 -1
      vertex -9 -9 -1
      vertex 4.8 -8.37 -1
    endloop
  endfacet
  facet normal 0 0 -1
    outer loop
      vertex 14 -9 -1
      vertex 5.72488 -6.70058 -1
      vertex 5.725 -6.69807 -1
    endloop
  endfacet
  facet normal 0 0 -1
    outer loop
      vertex 5.8 -8.37 -1
      vertex 5.72478 -6.70128 -1
      vertex 5.72488 -6.70058 -1
    endloop
  endfacet
  facet normal 0 0 -1
    outer loop
      vertex 5.8 -8.37 -1
      vertex 5.72452 -6.70306 -1
      vertex 5.72478 -6.70128 -1
    endloop
  endfacet
  facet normal 0 0 -1
    outer loop
      vertex 5.8 -8.37 -1
      vertex 5.72409 -6.7048 -1
      vertex 5.72452 -6.70306 -1
    endloop
  endfacet
  facet normal 0 0 -1
    outer loop
      vertex 5.8 -8.37 -1
      vertex 5.72392 -6.70549 -1
      vertex 5.72409 -6.7048 -1
    endloop
  endfacet
  facet normal 0 0 -1
    outer loop
      vertex 5.8 -8.37 -1
      vertex 5.72369 -6.70616 -1
      vertex 5.72392 -6.70549 -1
    endloop
  endfacet
  facet normal 0 0 -1
    outer loop
      vertex 5.8 -8.37 -1
      vertex 5.7231 -6.70785 -1
      vertex 5.72369 -6.70616 -1
    endloop
  endfacet
  facet normal 0 0 -1
    outer loop
      vertex 5.8 -8.37 -1
      vertex 5.72235 -6.70947 -1
      vertex 5.7231 -6.70785 -1
    endloop
  endfacet
  facet normal 0 0 -1
    outer loop
      vertex 5.8 -8.37 -1
      vertex 5.72205 -6.71012 -1
      vertex 5.72235 -6.70947 -1
    endloop
  endfacet
  facet normal 0 0 -1
    outer loop
      vertex 5.8 -8.37 -1
      vertex 5.72169 -6.71073 -1
      vertex 5.72205 -6.71012 -1
    endloop
  endfacet
  facet normal 0 0 -1
    outer loop
      vertex 5.8 -8.37 -1
      vertex 5.72079 -6.71227 -1
      vertex 5.72169 -6.71073 -1
    endloop
  endfacet
  facet normal 0 0 -1
    outer loop
      vertex 5.8 -8.37 -1
      vertex 5.71974 -6.71371 -1
      vertex 5.72079 -6.71227 -1
    endloop
  endfacet
  facet normal 0 0 -1
    outer loop
      vertex 5.8 -8.37 -1
      vertex 5.71933 -6.71429 -1
      vertex 5.71974 -6.71371 -1
    endloop
  endfacet
  facet normal 0 0 -1
    outer loop
      vertex 5.8 -8.37 -1
      vertex 5.71886 -6.71481 -1
      vertex 5.71933 -6.71429 -1
    endloop
  endfacet
  facet normal 0 0 -1
    outer loop
      vertex 5.8 -8.37 -1
      vertex 5.71768 -6.71614 -1
      vertex 5.71886 -6.71481 -1
    endloop
  endfacet
  facet normal 0 0 -1
    outer loop
      vertex 5.8 -8.37 -1
      vertex 5.71586 -6.71783 -1
      vertex 5.71768 -6.71614 -1
    endloop
  endfacet
  facet normal 0 0 -1
    outer loop
      vertex 5.8 -8.37 -1
      vertex 5.71445 -6.7189 -1
      vertex 5.71586 -6.71783 -1
    endloop
  endfacet
  facet normal 0 0 -1
    outer loop
      vertex 5.8 -8.37 -1
      vertex 5.71389 -6.71932 -1
      vertex 5.71445 -6.7189 -1
    endloop
  endfacet
  facet normal 0 0 -1
    outer loop
      vertex 5.8 -8.37 -1
      vertex 5.71178 -6.72061 -1
      vertex 5.71389 -6.71932 -1
    endloop
  endfacet
  facet normal 0 0 -1
    outer loop
      vertex 5.8 -8.37 -1
      vertex 5.71115 -6.72092 -1
      vertex 5.71178 -6.72061 -1
    endloop
  endfacet
  facet normal 0 0 -1
    outer loop
      vertex 5.8 -8.37 -1
      vertex 5.70957 -6.72168 -1
      vertex 5.71115 -6.72092 -1
    endloop
  endfacet
  facet normal 0 0 -1
    outer loop
      vertex 5.8 -8.37 -1
      vertex 5.70792 -6.72229 -1
      vertex 5.70957 -6.72168 -1
    endloop
  endfacet
  facet normal 0 0 -1
    outer loop
      vertex 5.8 -8.37 -1
      vertex 5.70726 -6.72253 -1
      vertex 5.70792 -6.72229 -1
    endloop
  endfacet
  facet normal 0 0 -1
    outer loop
      vertex 5.8 -8.37 -1
      vertex 5.70556 -6.72296 -1
      vertex 5.70726 -6.72253 -1
    endloop
  endfacet
  facet normal 0 0 -1
    outer loop
      vertex 5.8 -8.37 -1
      vertex 5.70488 -6.72314 -1
      vertex 5.70556 -6.72296 -1
    endloop
  endfacet
  facet normal 0 0 -1
    outer loop
      vertex 5.8 -8.37 -1
      vertex 5.70418 -6.72324 -1
      vertex 5.70488 -6.72314 -1
    endloop
  endfacet
  facet normal 0 0 -1
    outer loop
      vertex 5.8 -8.37 -1
      vertex 5.70245 -6.72351 -1
      vertex 5.70418 -6.72324 -1
    endloop
  endfacet
  facet normal 0 0 -1
    outer loop
      vertex 5.8 -8.37 -1
      vertex 5.70175 -6.72354 -1
      vertex 5.70245 -6.72351 -1
    endloop
  endfacet
  facet normal 0 0 -1
    outer loop
      vertex 5.8 -8.37 -1
      vertex 5.7 -6.72363 -1
      vertex 5.70175 -6.72354 -1
    endloop
  endfacet
  facet normal 0 0 -1
    outer loop
      vertex 5.8 -8.37 -1
      vertex 5.69825 -6.72354 -1
      vertex 5.7 -6.72363 -1
    endloop
  endfacet
  facet normal 0 0 -1
    outer loop
      vertex 5.8 -8.37 -1
      vertex 5.69755 -6.72351 -1
      vertex 5.69825 -6.72354 -1
    endloop
  endfacet
  facet normal 0 0 -1
    outer loop
      vertex 5.8 -8.37 -1
      vertex 5.69582 -6.72324 -1
      vertex 5.69755 -6.72351 -1
    endloop
  endfacet
  facet normal 0 0 -1
    outer loop
      vertex 5.8 -8.37 -1
      vertex 5.69512 -6.72314 -1
      vertex 5.69582 -6.72324 -1
    endloop
  endfacet
  facet normal 0 0 -1
    outer loop
      vertex 5.8 -8.37 -1
      vertex 5.69444 -6.72296 -1
      vertex 5.69512 -6.72314 -1
    endloop
  endfacet
  facet normal 0 0 -1
    outer loop
      vertex 5.8 -8.37 -1
      vertex 5.69274 -6.72253 -1
      vertex 5.69444 -6.72296 -1
    endloop
  endfacet
  facet normal 0 0 -1
    outer loop
      vertex 5.8 -8.37 -1
      vertex 5.69208 -6.72229 -1
      vertex 5.69274 -6.72253 -1
    endloop
  endfacet
  facet normal 0 0 -1
    outer loop
      vertex 5.8 -8.37 -1
      vertex 5.69043 -6.72168 -1
      vertex 5.69208 -6.72229 -1
    endloop
  endfacet
  facet normal 0 0 -1
    outer loop
      vertex 4.8 -8.37 -1
      vertex 5.69043 -6.72168 -1
      vertex 5.8 -8.37 -1
    endloop
  endfacet
  facet normal -0 0 -1
    outer loop
      vertex 5.69043 -6.72168 -1
      vertex 4.8 -8.37 -1
      vertex 5.68885 -6.72092 -1
    endloop
  endfacet
  facet normal -0 0 -1
    outer loop
      vertex 5.68885 -6.72092 -1
      vertex 4.8 -8.37 -1
      vertex 5.68821 -6.72061 -1
    endloop
  endfacet
  facet normal -0 0 -1
    outer loop
      vertex 5.68821 -6.72061 -1
      vertex 4.8 -8.37 -1
      vertex 5.68611 -6.71932 -1
    endloop
  endfacet
  facet normal -0 0 -1
    outer loop
      vertex 5.68611 -6.71932 -1
      vertex 4.8 -8.37 -1
      vertex 5.68555 -6.7189 -1
    endloop
  endfacet
  facet normal -0 0 -1
    outer loop
      vertex 5.68555 -6.7189 -1
      vertex 4.8 -8.37 -1
      vertex 5.68414 -6.71783 -1
    endloop
  endfacet
  facet normal -0 0 -1
    outer loop
      vertex 5.68414 -6.71783 -1
      vertex 4.8 -8.37 -1
      vertex 5.68232 -6.71614 -1
    endloop
  endfacet
  facet normal -0 0 -1
    outer loop
      vertex 5.68232 -6.71614 -1
      vertex 4.8 -8.37 -1
      vertex 5.68114 -6.71481 -1
    endloop
  endfacet
  facet normal -0 0 -1
    outer loop
      vertex 5.68114 -6.71481 -1
      vertex 4.8 -8.37 -1
      vertex 5.68067 -6.71429 -1
    endloop
  endfacet
  facet normal -0 0 -1
    outer loop
      vertex 5.68067 -6.71429 -1
      vertex 4.8 -8.37 -1
      vertex 5.68026 -6.71371 -1
    endloop
  endfacet
  facet normal -0 0 -1
    outer loop
      vertex 5.68026 -6.71371 -1
      vertex 4.8 -8.37 -1
      vertex 5.67921 -6.71227 -1
    endloop
  endfacet
  facet normal -0 0 -1
    outer loop
      vertex 5.67921 -6.71227 -1
      vertex 4.8 -8.37 -1
      vertex 5.67831 -6.71073 -1
    endloop
  endfacet
  facet normal -0 0 -1
    outer loop
      vertex 5.67831 -6.71073 -1
      vertex 4.8 -8.37 -1
      vertex 5.67795 -6.71012 -1
    endloop
  endfacet
  facet normal -0 0 -1
    outer loop
      vertex 5.67795 -6.71012 -1
      vertex 4.8 -8.37 -1
      vertex 5.67765 -6.70947 -1
    endloop
  endfacet
  facet normal -0 0 -1
    outer loop
      vertex 5.67765 -6.70947 -1
      vertex 4.8 -8.37 -1
      vertex 5.6769 -6.70785 -1
    endloop
  endfacet
  facet normal -0 0 -1
    outer loop
      vertex 5.6769 -6.70785 -1
      vertex 4.8 -8.37 -1
      vertex 5.67631 -6.70616 -1
    endloop
  endfacet
  facet normal -0 0 -1
    outer loop
      vertex 5.67631 -6.70616 -1
      vertex 4.8 -8.37 -1
      vertex 5.67608 -6.70549 -1
    endloop
  endfacet
  facet normal -0 0 -1
    outer loop
      vertex 5.67608 -6.70549 -1
      vertex 4.8 -8.37 -1
      vertex 5.67591 -6.7048 -1
    endloop
  endfacet
  facet normal -0 0 -1
    outer loop
      vertex 5.67591 -6.7048 -1
      vertex 4.8 -8.37 -1
      vertex 5.67548 -6.70306 -1
    endloop
  endfacet
  facet normal -0 0 -1
    outer loop
      vertex 5.67548 -6.70306 -1
      vertex 4.8 -8.37 -1
      vertex 5.67522 -6.70128 -1
    endloop
  endfacet
  facet normal -0 0 -1
    outer loop
      vertex 5.67512 -6.70058 -1
      vertex 4.8 -8.37 -1
      vertex 5.675 -6.69807 -1
    endloop
  endfacet
  facet normal -0 0 -1
    outer loop
      vertex 5.67522 -6.70128 -1
      vertex 4.8 -8.37 -1
      vertex 5.67512 -6.70058 -1
    endloop
  endfacet
  facet normal 0 0 -1
    outer loop
      vertex 5.8 -8.37 -1
      vertex 14 -9 -1
      vertex 5.8 -9 -1
    endloop
  endfacet
  facet normal 0 0 -1
    outer loop
      vertex 5.72488 -6.70058 -1
      vertex 14 -9 -1
      vertex 5.8 -8.37 -1
    endloop
  endfacet
  facet normal 0 0 -1
    outer loop
      vertex 5.72491 -6.69628 -1
      vertex 14 -9 -1
      vertex 5.725 -6.69807 -1
    endloop
  endfacet
  facet normal 0 0 -1
    outer loop
      vertex 5.72488 -6.69557 -1
      vertex 14 -9 -1
      vertex 5.72491 -6.69628 -1
    endloop
  endfacet
  facet normal 0 0 -1
    outer loop
      vertex 5.72452 -6.69308 -1
      vertex 14 -9 -1
      vertex 5.72488 -6.69557 -1
    endloop
  endfacet
  facet normal 0 0 -1
    outer loop
      vertex 5.72392 -6.69065 -1
      vertex 14 -9 -1
      vertex 5.72452 -6.69308 -1
    endloop
  endfacet
  facet normal 0 0 -1
    outer loop
      vertex 5.72333 -6.68896 -1
      vertex 14 -9 -1
      vertex 5.72392 -6.69065 -1
    endloop
  endfacet
  facet normal 0 0 -1
    outer loop
      vertex 5.7231 -6.68829 -1
      vertex 14 -9 -1
      vertex 5.72333 -6.68896 -1
    endloop
  endfacet
  facet normal 0 0 -1
    outer loop
      vertex 5.7228 -6.68765 -1
      vertex 14 -9 -1
      vertex 5.7231 -6.68829 -1
    endloop
  endfacet
  facet normal 0 0 -1
    outer loop
      vertex 5.72205 -6.68602 -1
      vertex 14 -9 -1
      vertex 5.7228 -6.68765 -1
    endloop
  endfacet
  facet normal 0 0 -1
    outer loop
      vertex 5.72169 -6.68541 -1
      vertex 14 -9 -1
      vertex 5.72205 -6.68602 -1
    endloop
  endfacet
  facet normal 0 0 -1
    outer loop
      vertex 5.72079 -6.68387 -1
      vertex 14 -9 -1
      vertex 5.72169 -6.68541 -1
    endloop
  endfacet
  facet normal 0 0 -1
    outer loop
      vertex 5.71933 -6.68186 -1
      vertex 14 -9 -1
      vertex 5.72079 -6.68387 -1
    endloop
  endfacet
  facet normal 0 0 -1
    outer loop
      vertex 5.71814 -6.68052 -1
      vertex 14 -9 -1
      vertex 5.71933 -6.68186 -1
    endloop
  endfacet
  facet normal 0 0 -1
    outer loop
      vertex 5.71768 -6.68 -1
      vertex 14 -9 -1
      vertex 5.71814 -6.68052 -1
    endloop
  endfacet
  facet normal 0 0 -1
    outer loop
      vertex 14 -9 -1
      vertex 5.71768 -6.68 -1
      vertex 9 9 -1
    endloop
  endfacet
  facet normal 0 0 -1
    outer loop
      vertex 5.71716 -6.67952 -1
      vertex 9 9 -1
      vertex 5.71768 -6.68 -1
    endloop
  endfacet
  facet normal 0 0 -1
    outer loop
      vertex 5.71586 -6.67831 -1
      vertex 9 9 -1
      vertex 5.71716 -6.67952 -1
    endloop
  endfacet
  facet normal 0 0 -1
    outer loop
      vertex 5.7153 -6.67789 -1
      vertex 9 9 -1
      vertex 5.71586 -6.67831 -1
    endloop
  endfacet
  facet normal 0 0 -1
    outer loop
      vertex 5.71389 -6.67682 -1
      vertex 9 9 -1
      vertex 5.7153 -6.67789 -1
    endloop
  endfacet
  facet normal 0 0 -1
    outer loop
      vertex 5.71178 -6.67553 -1
      vertex 9 9 -1
      vertex 5.71389 -6.67682 -1
    endloop
  endfacet
  facet normal 0 0 -1
    outer loop
      vertex 5.71116 -6.67523 -1
      vertex 9 9 -1
      vertex 5.71178 -6.67553 -1
    endloop
  endfacet
  facet normal 0 0 -1
    outer loop
      vertex 5.70957 -6.67446 -1
      vertex 9 9 -1
      vertex 5.71116 -6.67523 -1
    endloop
  endfacet
  facet normal 0 0 -1
    outer loop
      vertex 5.70791 -6.67385 -1
      vertex 9 9 -1
      vertex 5.70957 -6.67446 -1
    endloop
  endfacet
  facet normal 0 0 -1
    outer loop
      vertex 5.70726 -6.67361 -1
      vertex 9 9 -1
      vertex 5.70791 -6.67385 -1
    endloop
  endfacet
  facet normal 0 0 -1
    outer loop
      vertex 5.70658 -6.67344 -1
      vertex 9 9 -1
      vertex 5.70726 -6.67361 -1
    endloop
  endfacet
  facet normal 0 0 -1
    outer loop
      vertex 5.70488 -6.673 -1
      vertex 9 9 -1
      vertex 5.70658 -6.67344 -1
    endloop
  endfacet
  facet normal 0 0 -1
    outer loop
      vertex 5.70245 -6.67264 -1
      vertex 9 9 -1
      vertex 5.70488 -6.673 -1
    endloop
  endfacet
  facet normal 0 0 -1
    outer loop
      vertex 5.70069 -6.67255 -1
      vertex 9 9 -1
      vertex 5.70245 -6.67264 -1
    endloop
  endfacet
  facet normal 0 0 -1
    outer loop
      vertex 5.7 -6.67251 -1
      vertex 9 9 -1
      vertex 5.70069 -6.67255 -1
    endloop
  endfacet
  facet normal 0 0 -1
    outer loop
      vertex 5.69931 -6.67255 -1
      vertex 9 9 -1
      vertex 5.7 -6.67251 -1
    endloop
  endfacet
  facet normal 0 0 -1
    outer loop
      vertex 5.69755 -6.67264 -1
      vertex 9 9 -1
      vertex 5.69931 -6.67255 -1
    endloop
  endfacet
  facet normal 0 0 -1
    outer loop
      vertex 5.69512 -6.673 -1
      vertex 9 9 -1
      vertex 5.69755 -6.67264 -1
    endloop
  endfacet
  facet normal 0 0 -1
    outer loop
      vertex 5.69342 -6.67344 -1
      vertex 9 9 -1
      vertex 5.69512 -6.673 -1
    endloop
  endfacet
  facet normal 0 0 -1
    outer loop
      vertex 5.69274 -6.67361 -1
      vertex 9 9 -1
      vertex 5.69342 -6.67344 -1
    endloop
  endfacet
  facet normal 0 0 -1
    outer loop
      vertex 5.69209 -6.67385 -1
      vertex 9 9 -1
      vertex 5.69274 -6.67361 -1
    endloop
  endfacet
  facet normal 0 0 -1
    outer loop
      vertex 5.69043 -6.67446 -1
      vertex 9 9 -1
      vertex 5.69209 -6.67385 -1
    endloop
  endfacet
  facet normal 0 0 -1
    outer loop
      vertex 5.68884 -6.67523 -1
      vertex 9 9 -1
      vertex 5.69043 -6.67446 -1
    endloop
  endfacet
  facet normal 0 0 -1
    outer loop
      vertex 5.68821 -6.67553 -1
      vertex 9 9 -1
      vertex 5.68884 -6.67523 -1
    endloop
  endfacet
  facet normal 0 0 -1
    outer loop
      vertex 5.68611 -6.67682 -1
      vertex 9 9 -1
      vertex 5.68821 -6.67553 -1
    endloop
  endfacet
  facet normal 0 0 -1
    outer loop
      vertex -9 9 -1
      vertex 5.68611 -6.67682 -1
      vertex 5.6847 -6.67789 -1
    endloop
  endfacet
  facet normal 0 0 -1
    outer loop
      vertex -9 9 -1
      vertex 5.6847 -6.67789 -1
      vertex 5.68414 -6.67831 -1
    endloop
  endfacet
  facet normal 0 0 -1
    outer loop
      vertex -9 9 -1
      vertex 5.68414 -6.67831 -1
      vertex 5.68284 -6.67952 -1
    endloop
  endfacet
  facet normal 0 0 -1
    outer loop
      vertex -9 9 -1
      vertex 5.68284 -6.67952 -1
      vertex 5.68232 -6.68 -1
    endloop
  endfacet
  facet normal 0 0 -1
    outer loop
      vertex -9 9 -1
      vertex 5.68232 -6.68 -1
      vertex 5.68185 -6.68052 -1
    endloop
  endfacet
  facet normal 0 0 -1
    outer loop
      vertex -9 9 -1
      vertex 5.68185 -6.68052 -1
      vertex 5.68067 -6.68186 -1
    endloop
  endfacet
  facet normal 0 0 -1
    outer loop
      vertex -9 -9 -1
      vertex 5.68067 -6.68186 -1
      vertex 5.67921 -6.68387 -1
    endloop
  endfacet
  facet normal 0 0 -1
    outer loop
      vertex -9 -9 -1
      vertex 5.67921 -6.68387 -1
      vertex 5.67831 -6.68541 -1
    endloop
  endfacet
  facet normal 0 0 -1
    outer loop
      vertex -9 -9 -1
      vertex 5.67831 -6.68541 -1
      vertex 5.67795 -6.68602 -1
    endloop
  endfacet
  facet normal 0 0 -1
    outer loop
      vertex -9 -9 -1
      vertex 5.67795 -6.68602 -1
      vertex 5.6772 -6.68765 -1
    endloop
  endfacet
  facet normal 0 0 -1
    outer loop
      vertex -9 -9 -1
      vertex 5.6772 -6.68765 -1
      vertex 5.6769 -6.68829 -1
    endloop
  endfacet
  facet normal 0 0 -1
    outer loop
      vertex 4.8 -8.37 -1
      vertex 5.6769 -6.68829 -1
      vertex 5.67667 -6.68896 -1
    endloop
  endfacet
  facet normal 0 0 -1
    outer loop
      vertex 4.8 -8.37 -1
      vertex 5.67667 -6.68896 -1
      vertex 5.67608 -6.69065 -1
    endloop
  endfacet
  facet normal 0 0 -1
    outer loop
      vertex 4.8 -8.37 -1
      vertex 5.67608 -6.69065 -1
      vertex 5.67548 -6.69308 -1
    endloop
  endfacet
  facet normal 0 0 -1
    outer loop
      vertex 5.675 -6.69807 -1
      vertex 5.67512 -6.69557 -1
      vertex 5.67509 -6.69628 -1
    endloop
  endfacet
  facet normal 0 0 -1
    outer loop
      vertex 4.8 -8.37 -1
      vertex 5.67512 -6.69557 -1
      vertex 5.675 -6.69807 -1
    endloop
  endfacet
  facet normal 0 0 -1
    outer loop
      vertex 4.8 -8.37 -1
      vertex 5.67548 -6.69308 -1
      vertex 5.67512 -6.69557 -1
    endloop
  endfacet
  facet normal 0 0 -1
    outer loop
      vertex 5.6769 -6.68829 -1
      vertex 4.8 -8.37 -1
      vertex -9 -9 -1
    endloop
  endfacet
  facet normal -0 0 -1
    outer loop
      vertex 5.68067 -6.68186 -1
      vertex -9 -9 -1
      vertex -9 9 -1
    endloop
  endfacet
  facet normal 0 0 -1
    outer loop
      vertex 5.68611 -6.67682 -1
      vertex -9 9 -1
      vertex 9 9 -1
    endloop
  endfacet
  facet normal 0.963518 0.267644 0
    outer loop
      vertex 14 -9 0
      vertex 9 9 -0.0999994
      vertex 9 9 0
    endloop
  endfacet
  facet normal 0.963518 0.267644 0
    outer loop
      vertex 9 9 -0.0999994
      vertex 14 -9 0
      vertex 9 9 -1
    endloop
  endfacet
  facet normal 0.963518 0.267644 0
    outer loop
      vertex 9 9 -1
      vertex 14 -9 0
      vertex 14 -9 -1
    endloop
  endfacet
  facet normal 1 0 0
    outer loop
      vertex 4.65 4.65 3.8
      vertex 4.65 -4.6 0.0999994
      vertex 4.65 4.65 0
    endloop
  endfacet
  facet normal 1 -0 0
    outer loop
      vertex 4.65 -4.65 3.8
      vertex 4.65 -4.6 0.0999994
      vertex 4.65 4.65 3.8
    endloop
  endfacet
  facet normal 1 0 0
    outer loop
      vertex 4.65 -4.6 0.0999994
      vertex 4.65 -4.65 3.8
      vertex 4.65 -4.65 0.0999994
    endloop
  endfacet
  facet normal 1 0 0
    outer loop
      vertex 4.65 4.65 0
      vertex 4.65 -4.6 0.0999994
      vertex 4.65 -4.6 0
    endloop
  endfacet
  facet normal -0 0 1
    outer loop
      vertex -4.65 4.65 3.8
      vertex 4.65 -4.65 3.8
      vertex 4.65 4.65 3.8
    endloop
  endfacet
  facet normal 0 0 1
    outer loop
      vertex 4.65 -4.65 3.8
      vertex -4.65 4.65 3.8
      vertex -4.65 -4.65 3.8
    endloop
  endfacet
  facet normal -1 0 0
    outer loop
      vertex -4.65 -4.65 0
      vertex -4.65 4.65 3.8
      vertex -4.65 4.65 0
    endloop
  endfacet
  facet normal -1 -0 0
    outer loop
      vertex -4.65 4.65 3.8
      vertex -4.65 -4.65 0
      vertex -4.65 -4.65 3.8
    endloop
  endfacet
  facet normal 0 1 -0
    outer loop
      vertex 4.65 4.65 0
      vertex -4.65 4.65 3.8
      vertex 4.65 4.65 3.8
    endloop
  endfacet
  facet normal 0 1 0
    outer loop
      vertex -4.65 4.65 3.8
      vertex 4.65 4.65 0
      vertex -4.65 4.65 0
    endloop
  endfacet
  facet normal 0 -1 0
    outer loop
      vertex -4.65 -4.65 3.8
      vertex -1.75 -4.65 0.0999994
      vertex 4.65 -4.65 3.8
    endloop
  endfacet
  facet normal 0 -1 0
    outer loop
      vertex -4.65 -4.65 0
      vertex -1.75 -4.65 0.0999994
      vertex -4.65 -4.65 3.8
    endloop
  endfacet
  facet normal 0 -1 -0
    outer loop
      vertex -1.75 -4.65 0.0999994
      vertex -4.65 -4.65 0
      vertex -1.75 -4.65 0
    endloop
  endfacet
  facet normal 0 -1 -0
    outer loop
      vertex 4.65 -4.65 3.8
      vertex -1.75 -4.65 0.0999994
      vertex 4.65 -4.65 0.0999994
    endloop
  endfacet
  facet normal 1 -0 0
    outer loop
      vertex 4.75 -7.8 0.0999994
      vertex 4.75 -4.6 0
      vertex 4.75 -4.6 0.0999994
    endloop
  endfacet
  facet normal 1 0 0
    outer loop
      vertex 4.75 -4.6 0
      vertex 4.75 -7.8 0.0999994
      vertex 4.75 -7.8 0
    endloop
  endfacet
  facet normal 0 0 1
    outer loop
      vertex 4.65 -4.65 0.0999994
      vertex 4.375 -7.475 0.0999994
      vertex 4.625 -7.475 0.0999994
    endloop
  endfacet
  facet normal 0 0 1
    outer loop
      vertex 4.375 -7.475 0.0999994
      vertex 1.625 -7.475 0.0999994
      vertex 4.375 -7.725 0.0999994
    endloop
  endfacet
  facet normal 0 0 1
    outer loop
      vertex 4.65 -4.65 0.0999994
      vertex 1.625 -7.475 0.0999994
      vertex 4.375 -7.475 0.0999994
    endloop
  endfacet
  facet normal 0 0 1
    outer loop
      vertex 4.65 -4.65 0.0999994
      vertex 1.375 -7.475 0.0999994
      vertex 1.625 -7.475 0.0999994
    endloop
  endfacet
  facet normal 0 0 1
    outer loop
      vertex 1.375 -7.475 0.0999994
      vertex -1.375 -7.475 0.0999994
      vertex 1.375 -7.725 0.0999994
    endloop
  endfacet
  facet normal -0 0 1
    outer loop
      vertex -1.75 -4.65 0.0999994
      vertex 1.375 -7.475 0.0999994
      vertex 4.65 -4.65 0.0999994
    endloop
  endfacet
  facet normal 0 0 1
    outer loop
      vertex 1.375 -7.475 0.0999994
      vertex -1.75 -4.65 0.0999994
      vertex -1.375 -7.475 0.0999994
    endloop
  endfacet
  facet normal 0 0 1
    outer loop
      vertex -1.75 -7.8 0.0999994
      vertex -1.625 -7.475 0.0999994
      vertex -1.75 -4.65 0.0999994
    endloop
  endfacet
  facet normal 0 0 1
    outer loop
      vertex -1.375 -7.475 0.0999994
      vertex -1.75 -4.65 0.0999994
      vertex -1.625 -7.475 0.0999994
    endloop
  endfacet
  facet normal 0 0 1
    outer loop
      vertex 4.65 -4.65 0.0999994
      vertex 4.75 -4.6 0.0999994
      vertex 4.65 -4.6 0.0999994
    endloop
  endfacet
  facet normal 0 0 1
    outer loop
      vertex 4.625 -7.475 0.0999994
      vertex 4.75 -4.6 0.0999994
      vertex 4.65 -4.65 0.0999994
    endloop
  endfacet
  facet normal 0 0 1
    outer loop
      vertex 4.75 -4.6 0.0999994
      vertex 4.625 -7.475 0.0999994
      vertex 4.75 -7.8 0.0999994
    endloop
  endfacet
  facet normal -0 0 1
    outer loop
      vertex 4.625 -7.725 0.0999994
      vertex 4.75 -7.8 0.0999994
      vertex 4.625 -7.475 0.0999994
    endloop
  endfacet
  facet normal -0 0 1
    outer loop
      vertex 4.375 -7.725 0.0999994
      vertex 4.75 -7.8 0.0999994
      vertex 4.625 -7.725 0.0999994
    endloop
  endfacet
  facet normal 0 0 1
    outer loop
      vertex 1.625 -7.725 0.0999994
      vertex 4.375 -7.725 0.0999994
      vertex 1.625 -7.475 0.0999994
    endloop
  endfacet
  facet normal 0 0 1
    outer loop
      vertex 4.375 -7.725 0.0999994
      vertex 1.625 -7.725 0.0999994
      vertex 4.75 -7.8 0.0999994
    endloop
  endfacet
  facet normal -0 0 1
    outer loop
      vertex 1.375 -7.725 0.0999994
      vertex 4.75 -7.8 0.0999994
      vertex 1.625 -7.725 0.0999994
    endloop
  endfacet
  facet normal 0 0 1
    outer loop
      vertex -1.375 -7.725 0.0999994
      vertex 1.375 -7.725 0.0999994
      vertex -1.375 -7.475 0.0999994
    endloop
  endfacet
  facet normal 0 0 1
    outer loop
      vertex -1.75 -7.8 0.0999994
      vertex 1.375 -7.725 0.0999994
      vertex -1.375 -7.725 0.0999994
    endloop
  endfacet
  facet normal 0 0 1
    outer loop
      vertex -1.75 -7.8 0.0999994
      vertex -1.375 -7.725 0.0999994
      vertex -1.625 -7.725 0.0999994
    endloop
  endfacet
  facet normal 0 0 1
    outer loop
      vertex 1.375 -7.725 0.0999994
      vertex -1.75 -7.8 0.0999994
      vertex 4.75 -7.8 0.0999994
    endloop
  endfacet
  facet normal 0 0 1
    outer loop
      vertex -1.625 -7.475 0.0999994
      vertex -1.75 -7.8 0.0999994
      vertex -1.625 -7.725 0.0999994
    endloop
  endfacet
  facet normal -1 0 0
    outer loop
      vertex -1.75 -7.8 0
      vertex -1.75 -4.65 0.0999994
      vertex -1.75 -4.65 0
    endloop
  endfacet
  facet normal -1 -0 0
    outer loop
      vertex -1.75 -4.65 0.0999994
      vertex -1.75 -7.8 0
      vertex -1.75 -7.8 0.0999994
    endloop
  endfacet
  facet normal 0 1 -0
    outer loop
      vertex 4.75 -4.6 0
      vertex 4.65 -4.6 0.0999994
      vertex 4.75 -4.6 0.0999994
    endloop
  endfacet
  facet normal 0 1 0
    outer loop
      vertex 4.65 -4.6 0.0999994
      vertex 4.75 -4.6 0
      vertex 4.65 -4.6 0
    endloop
  endfacet
  facet normal 0 -1 0
    outer loop
      vertex -1.75 -7.8 0
      vertex 4.75 -7.8 0.0999994
      vertex -1.75 -7.8 0.0999994
    endloop
  endfacet
  facet normal 0 -1 -0
    outer loop
      vertex 4.75 -7.8 0.0999994
      vertex -1.75 -7.8 0
      vertex 4.75 -7.8 0
    endloop
  endfacet
  facet normal -1 0 0
    outer loop
      vertex -2 -8.24507 2.7524
      vertex -2 -4.75493 3.6476
      vertex -2 -4.72374 3.50088
    endloop
  endfacet
  facet normal -1 0 0
    outer loop
      vertex -2 -4.75493 3.6476
      vertex -2 -8.24507 2.7524
      vertex -2 -8.27626 2.89912
    endloop
  endfacet
  facet normal 1 0 0
    outer loop
      vertex 5 -4.75493 3.6476
      vertex 5 -8.24507 2.7524
      vertex 5 -4.72374 3.50088
    endloop
  endfacet
  facet normal 1 0 -0
    outer loop
      vertex 5 -8.24507 2.7524
      vertex 5 -4.75493 3.6476
      vertex 5 -8.27626 2.89912
    endloop
  endfacet
  facet normal 0 -0.207911 0.978148
    outer loop
      vertex -2 -4.75493 3.6476
      vertex 5 -8.27626 2.89912
      vertex 5 -4.75493 3.6476
    endloop
  endfacet
  facet normal 0 -0.207911 0.978148
    outer loop
      vertex 5 -8.27626 2.89912
      vertex -2 -4.75493 3.6476
      vertex -2 -8.27626 2.89912
    endloop
  endfacet
  facet normal 1.58569e-05 0.207915 -0.978147
    outer loop
      vertex 4.625 -7.475 2.91608
      vertex 5 -8.24507 2.7524
      vertex 4.625 -7.725 2.86294
    endloop
  endfacet
  facet normal 0 0.207904 -0.978149
    outer loop
      vertex 5 -8.24507 2.7524
      vertex 4.375 -7.725 2.86294
      vertex 4.625 -7.725 2.86294
    endloop
  endfacet
  facet normal 0 0.207915 -0.978147
    outer loop
      vertex 4.375 -7.725 2.86294
      vertex 1.625 -7.725 2.86294
      vertex 4.375 -7.475 2.91608
    endloop
  endfacet
  facet normal 0 0.207904 -0.978149
    outer loop
      vertex 5 -8.24507 2.7524
      vertex 1.625 -7.725 2.86294
      vertex 4.375 -7.725 2.86294
    endloop
  endfacet
  facet normal 0 0.207904 -0.978149
    outer loop
      vertex 5 -8.24507 2.7524
      vertex 1.375 -7.725 2.86294
      vertex 1.625 -7.725 2.86294
    endloop
  endfacet
  facet normal 0 0.207915 -0.978147
    outer loop
      vertex 1.375 -7.725 2.86294
      vertex -1.375 -7.725 2.86294
      vertex 1.375 -7.475 2.91608
    endloop
  endfacet
  facet normal 0 0.207904 -0.978149
    outer loop
      vertex -2 -8.24507 2.7524
      vertex 1.375 -7.725 2.86294
      vertex 5 -8.24507 2.7524
    endloop
  endfacet
  facet normal 0 0.207904 -0.978149
    outer loop
      vertex 1.375 -7.725 2.86294
      vertex -2 -8.24507 2.7524
      vertex -1.375 -7.725 2.86294
    endloop
  endfacet
  facet normal -1.58569e-05 0.207915 -0.978147
    outer loop
      vertex -1.625 -7.725 2.86294
      vertex -2 -8.24507 2.7524
      vertex -1.625 -7.475 2.91608
    endloop
  endfacet
  facet normal 0 0.207904 -0.978149
    outer loop
      vertex -1.375 -7.725 2.86294
      vertex -2 -8.24507 2.7524
      vertex -1.625 -7.725 2.86294
    endloop
  endfacet
  facet normal 7.92534e-06 0.207911 -0.978148
    outer loop
      vertex 5 -8.24507 2.7524
      vertex 4.625 -7.475 2.91608
      vertex 5 -4.72374 3.50088
    endloop
  endfacet
  facet normal 0 0.207912 -0.978147
    outer loop
      vertex 4.375 -7.475 2.91608
      vertex 5 -4.72374 3.50088
      vertex 4.625 -7.475 2.91608
    endloop
  endfacet
  facet normal 0 0.207915 -0.978147
    outer loop
      vertex 1.625 -7.475 2.91608
      vertex 4.375 -7.475 2.91608
      vertex 1.625 -7.725 2.86294
    endloop
  endfacet
  facet normal 0 0.207912 -0.978147
    outer loop
      vertex 4.375 -7.475 2.91608
      vertex 1.625 -7.475 2.91608
      vertex 5 -4.72374 3.50088
    endloop
  endfacet
  facet normal 0 0.207912 -0.978147
    outer loop
      vertex 1.375 -7.475 2.91608
      vertex 5 -4.72374 3.50088
      vertex 1.625 -7.475 2.91608
    endloop
  endfacet
  facet normal 0 0.207915 -0.978147
    outer loop
      vertex -1.375 -7.475 2.91608
      vertex 1.375 -7.475 2.91608
      vertex -1.375 -7.725 2.86294
    endloop
  endfacet
  facet normal 0 0.207912 -0.978147
    outer loop
      vertex -2 -4.72374 3.50088
      vertex 1.375 -7.475 2.91608
      vertex -1.375 -7.475 2.91608
    endloop
  endfacet
  facet normal 0 0.207912 -0.978147
    outer loop
      vertex -2 -4.72374 3.50088
      vertex -1.375 -7.475 2.91608
      vertex -1.625 -7.475 2.91608
    endloop
  endfacet
  facet normal 0 0.207912 -0.978147
    outer loop
      vertex 1.375 -7.475 2.91608
      vertex -2 -4.72374 3.50088
      vertex 5 -4.72374 3.50088
    endloop
  endfacet
  facet normal -7.92534e-06 0.207911 -0.978148
    outer loop
      vertex -2 -4.72374 3.50088
      vertex -1.625 -7.475 2.91608
      vertex -2 -8.24507 2.7524
    endloop
  endfacet
  facet normal 0 -0.978143 -0.207935
    outer loop
      vertex -2 -8.24507 2.7524
      vertex 5 -8.27626 2.89912
      vertex -2 -8.27626 2.89912
    endloop
  endfacet
  facet normal 0 -0.978143 -0.207935
    outer loop
      vertex 5 -8.27626 2.89912
      vertex -2 -8.24507 2.7524
      vertex 5 -8.24507 2.7524
    endloop
  endfacet
  facet normal 0 0.978143 0.207935
    outer loop
      vertex 5 -4.72374 3.50088
      vertex -2 -4.75493 3.6476
      vertex 5 -4.75493 3.6476
    endloop
  endfacet
  facet normal 0 0.978143 0.207935
    outer loop
      vertex -2 -4.75493 3.6476
      vertex 5 -4.72374 3.50088
      vertex -2 -4.72374 3.50088
    endloop
  endfacet
endsolid OpenSCAD_Model
