solid OpenSCAD_Model
  facet normal 1 0 0
    outer loop
      vertex -9 16 1
      vertex -9 15 0.0499992
      vertex -9 16 0
    endloop
  endfacet
  facet normal 1 0 0
    outer loop
      vertex -9 16 1
      vertex -9 9 0.0499992
      vertex -9 15 0.0499992
    endloop
  endfacet
  facet normal 1 0 0
    outer loop
      vertex -9 9 0.0499992
      vertex -9 -9 0
      vertex -9 9 0
    endloop
  endfacet
  facet normal 1 0 0
    outer loop
      vertex -9 16 1
      vertex -9 -9 0
      vertex -9 9 0.0499992
    endloop
  endfacet
  facet normal 1 -0 0
    outer loop
      vertex -9 -16 1
      vertex -9 -9 0
      vertex -9 16 1
    endloop
  endfacet
  facet normal 1 0 0
    outer loop
      vertex -9 -9 0
      vertex -9 -16 1
      vertex -9 -16 0
    endloop
  endfacet
  facet normal 1 0 0
    outer loop
      vertex -9 16 0
      vertex -9 15 0.0499992
      vertex -9 15 0
    endloop
  endfacet
  facet normal -0 0 1
    outer loop
      vertex -35 16 1
      vertex -9 -16 1
      vertex -9 16 1
    endloop
  endfacet
  facet normal 0 0 1
    outer loop
      vertex -9 -16 1
      vertex -35 16 1
      vertex -35 -16 1
    endloop
  endfacet
  facet normal 0 0 -1
    outer loop
      vertex -35 -16 0
      vertex -9 -9 0
      vertex -9 -16 0
    endloop
  endfacet
  facet normal 0 0 -1
    outer loop
      vertex -35 9 0
      vertex -9 -9 0
      vertex -35 -16 0
    endloop
  endfacet
  facet normal 0 0 -1
    outer loop
      vertex -9 -9 0
      vertex -35 9 0
      vertex -9 9 0
    endloop
  endfacet
  facet normal 0 0 -1
    outer loop
      vertex -35 15 0
      vertex -9 16 0
      vertex -9 15 0
    endloop
  endfacet
  facet normal -0 0 -1
    outer loop
      vertex -9 16 0
      vertex -35 15 0
      vertex -35 16 0
    endloop
  endfacet
  facet normal -1 0 0
    outer loop
      vertex -35 15 -0.0999994
      vertex -35 9 -0.0999994
      vertex -35 15 0
    endloop
  endfacet
  facet normal -1 0 0
    outer loop
      vertex -35 15 0
      vertex -35 16 1
      vertex -35 16 0
    endloop
  endfacet
  facet normal -1 0 0
    outer loop
      vertex -35 9 0
      vertex -35 15 0
      vertex -35 9 -0.0999994
    endloop
  endfacet
  facet normal -1 0 0
    outer loop
      vertex -35 15 0
      vertex -35 9 0
      vertex -35 16 1
    endloop
  endfacet
  facet normal -1 0 0
    outer loop
      vertex -35 -16 1
      vertex -35 9 0
      vertex -35 -16 0
    endloop
  endfacet
  facet normal -1 0 0
    outer loop
      vertex -35 9 0
      vertex -35 -16 1
      vertex -35 16 1
    endloop
  endfacet
  facet normal 0 1 -0
    outer loop
      vertex -9 16 0
      vertex -35 16 1
      vertex -9 16 1
    endloop
  endfacet
  facet normal 0 1 0
    outer loop
      vertex -35 16 1
      vertex -9 16 0
      vertex -35 16 0
    endloop
  endfacet
  facet normal 0 -1 0
    outer loop
      vertex -35 -16 0
      vertex -9 -16 1
      vertex -35 -16 1
    endloop
  endfacet
  facet normal 0 -1 -0
    outer loop
      vertex -9 -16 1
      vertex -35 -16 0
      vertex -9 -16 0
    endloop
  endfacet
  facet normal 1 -0 0
    outer loop
      vertex 35 9 0.0499992
      vertex 35 15 -0.0999994
      vertex 35 15 0.0499992
    endloop
  endfacet
  facet normal 1 0 0
    outer loop
      vertex 35 15 -0.0999994
      vertex 35 9 0.0499992
      vertex 35 9 -0.0999994
    endloop
  endfacet
  facet normal -0 0 1
    outer loop
      vertex -9 15 0.0499992
      vertex 35 9 0.0499992
      vertex 35 15 0.0499992
    endloop
  endfacet
  facet normal 0 0 1
    outer loop
      vertex 35 9 0.0499992
      vertex -9 15 0.0499992
      vertex -9 9 0.0499992
    endloop
  endfacet
  facet normal 0 0 -1
    outer loop
      vertex 9 9 -0.0999994
      vertex 35 15 -0.0999994
      vertex 35 9 -0.0999994
    endloop
  endfacet
  facet normal 0 0 -1
    outer loop
      vertex -9 9 -0.0999994
      vertex 35 15 -0.0999994
      vertex 9 9 -0.0999994
    endloop
  endfacet
  facet normal 0 0 -1
    outer loop
      vertex -35 15 -0.0999994
      vertex -9 9 -0.0999994
      vertex -35 9 -0.0999994
    endloop
  endfacet
  facet normal 0 0 -1
    outer loop
      vertex -9 9 -0.0999994
      vertex -35 15 -0.0999994
      vertex 35 15 -0.0999994
    endloop
  endfacet
  facet normal 0 1 0
    outer loop
      vertex 35 15 0.0499992
      vertex -9 15 0
      vertex -9 15 0.0499992
    endloop
  endfacet
  facet normal 0 1 -0
    outer loop
      vertex 35 15 -0.0999994
      vertex -9 15 0
      vertex 35 15 0.0499992
    endloop
  endfacet
  facet normal 0 1 0
    outer loop
      vertex -35 15 -0.0999994
      vertex -9 15 0
      vertex 35 15 -0.0999994
    endloop
  endfacet
  facet normal 0 1 0
    outer loop
      vertex -9 15 0
      vertex -35 15 -0.0999994
      vertex -35 15 0
    endloop
  endfacet
  facet normal 0 1 -0
    outer loop
      vertex 9 9 -1
      vertex -9 9 -0.0999994
      vertex 9 9 -0.0999994
    endloop
  endfacet
  facet normal 0 1 0
    outer loop
      vertex -9 9 -0.0999994
      vertex 9 9 -1
      vertex -9 9 -1
    endloop
  endfacet
  facet normal 0 -1 0
    outer loop
      vertex 9 9 0
      vertex -9 9 0.0499992
      vertex -9 9 0
    endloop
  endfacet
  facet normal 0 -1 0
    outer loop
      vertex -9 9 0.0499992
      vertex 9 9 0
      vertex 35 9 0.0499992
    endloop
  endfacet
  facet normal 0 -1 0
    outer loop
      vertex 9 9 -0.0999994
      vertex 35 9 0.0499992
      vertex 9 9 0
    endloop
  endfacet
  facet normal 0 -1 -0
    outer loop
      vertex 35 9 0.0499992
      vertex 9 9 -0.0999994
      vertex 35 9 -0.0999994
    endloop
  endfacet
  facet normal 0 -1 0
    outer loop
      vertex -35 9 -0.0999994
      vertex -9 9 0
      vertex -35 9 0
    endloop
  endfacet
  facet normal 0 -1 -0
    outer loop
      vertex -9 9 0
      vertex -35 9 -0.0999994
      vertex -9 9 -0.0999994
    endloop
  endfacet
  facet normal -0.330064 0.942903 -0.0446204
    outer loop
      vertex 9.65 -6.28 11.5
      vertex 9.35227 -6.38476 11.4886
      vertex 9.35217 -6.38453 11.4942
    endloop
  endfacet
  facet normal -0.329983 0.942852 -0.0462696
    outer loop
      vertex 9.35227 -6.38476 11.4886
      vertex 9.65 -6.28 11.5
      vertex 9.65 -6.28106 11.4784
    endloop
  endfacet
  facet normal -0.330006 -0.942813 0.0468972
    outer loop
      vertex 9.35227 -6.61524 11.5113
      vertex 9.35216 -6.61549 11.5055
      vertex 9.65 -6.71894 11.5216
    endloop
  endfacet
  facet normal -0.329968 0.0481003 -0.942766
    outer loop
      vertex 9.4 -6.5 11.3675
      vertex 9.65 -6.47844 11.2811
      vertex 9.65 -6.5 11.28
    endloop
  endfacet
  facet normal -0.3296 0.0421843 -0.943178
    outer loop
      vertex 9.65 -6.47844 11.2811
      vertex 9.4 -6.5 11.3675
      vertex 9.39672 -6.49209 11.369
    endloop
  endfacet
  facet normal -0.330052 0.0563546 -0.942279
    outer loop
      vertex 9.39672 -6.49209 11.369
      vertex 9.3947 -6.4872 11.37
      vertex 9.65 -6.47844 11.2811
    endloop
  endfacet
  facet normal -0.329981 -0.915905 0.22854
    outer loop
      vertex 9.35336 -6.61259 11.5281
      vertex 9.65 -6.71577 11.5429
      vertex 9.65 -6.71053 11.5639
    endloop
  endfacet
  facet normal -0.330011 -0.916124 0.227617
    outer loop
      vertex 9.65 -6.71577 11.5429
      vertex 9.35336 -6.61259 11.5281
      vertex 9.35287 -6.61378 11.5226
    endloop
  endfacet
  facet normal -0.330011 -0.916124 -0.227617
    outer loop
      vertex 9.35336 -6.61259 11.4719
      vertex 9.65 -6.71577 11.4571
      vertex 9.35287 -6.61378 11.4774
    endloop
  endfacet
  facet normal -0.329981 -0.915905 -0.22854
    outer loop
      vertex 9.65 -6.71577 11.4571
      vertex 9.35336 -6.61259 11.4719
      vertex 9.65 -6.71053 11.4361
    endloop
  endfacet
  facet normal -0.330029 -0.634112 -0.699273
    outer loop
      vertex 9.3648 -6.58498 11.415
      vertex 9.65 -6.63957 11.3299
      vertex 9.65 -6.65556 11.3444
    endloop
  endfacet
  facet normal -0.33039 -0.628784 -0.703899
    outer loop
      vertex 9.65 -6.63957 11.3299
      vertex 9.3648 -6.58498 11.415
      vertex 9.36655 -6.58075 11.4104
    endloop
  endfacet
  facet normal -0.33039 -0.628784 0.703899
    outer loop
      vertex 9.3648 -6.58498 11.585
      vertex 9.65 -6.63957 11.6701
      vertex 9.36655 -6.58075 11.5896
    endloop
  endfacet
  facet normal -0.330029 -0.634112 0.699273
    outer loop
      vertex 9.65 -6.63957 11.6701
      vertex 9.3648 -6.58498 11.585
      vertex 9.65 -6.65556 11.6556
    endloop
  endfacet
  facet normal -0.329768 0.225671 -0.916693
    outer loop
      vertex 9.3867 -6.4679 11.3764
      vertex 9.38471 -6.46309 11.3783
      vertex 9.65 -6.43614 11.2895
    endloop
  endfacet
  facet normal -0.329884 -0.855017 -0.400154
    outer loop
      vertex 9.65 -6.69402 11.3963
      vertex 9.35618 -6.60579 11.45
      vertex 9.35708 -6.60361 11.4446
    endloop
  endfacet
  facet normal -0.329931 -0.761817 -0.557477
    outer loop
      vertex 9.65 -6.67006 11.3604
      vertex 9.36059 -6.59514 11.4293
      vertex 9.36185 -6.5921 11.4244
    endloop
  endfacet
  facet normal -0.330031 -0.942905 0.0448311
    outer loop
      vertex 9.65 -6.72 11.5
      vertex 9.35216 -6.61549 11.5055
      vertex 9.35207 -6.61572 11.5
    endloop
  endfacet
  facet normal -0.329986 -0.942851 0.0462696
    outer loop
      vertex 9.35216 -6.61549 11.5055
      vertex 9.65 -6.72 11.5
      vertex 9.65 -6.71894 11.5216
    endloop
  endfacet
  facet normal -0.329981 0.915905 0.22854
    outer loop
      vertex 9.65 -6.28423 11.5429
      vertex 9.35336 -6.38741 11.5281
      vertex 9.65 -6.28947 11.5639
    endloop
  endfacet
  facet normal -0.330011 0.916124 0.227617
    outer loop
      vertex 9.35336 -6.38741 11.5281
      vertex 9.65 -6.28423 11.5429
      vertex 9.35287 -6.38622 11.5226
    endloop
  endfacet
  facet normal -0.330039 0.485474 0.809561
    outer loop
      vertex 9.65 -6.37778 11.6829
      vertex 9.37398 -6.43719 11.606
      vertex 9.65 -6.39629 11.694
    endloop
  endfacet
  facet normal -0.329633 0.476498 0.815041
    outer loop
      vertex 9.37398 -6.43719 11.606
      vertex 9.65 -6.37778 11.6829
      vertex 9.37178 -6.43187 11.602
    endloop
  endfacet
  facet normal -0.329998 0.558429 0.76109
    outer loop
      vertex 9.65 -6.36043 11.6701
      vertex 9.36811 -6.42302 11.5938
      vertex 9.36979 -6.42707 11.5975
    endloop
  endfacet
  facet normal -0.329743 -0.492895 0.805186
    outer loop
      vertex 9.37578 -6.55846 11.6094
      vertex 9.37398 -6.56281 11.606
      vertex 9.65 -6.60371 11.694
    endloop
  endfacet
  facet normal -0.330159 0.315119 0.889773
    outer loop
      vertex 9.65 -6.41581 11.7033
      vertex 9.38275 -6.45835 11.6192
      vertex 9.65 -6.43614 11.7105
    endloop
  endfacet
  facet normal -0.329924 0.309747 0.891744
    outer loop
      vertex 9.38275 -6.45835 11.6192
      vertex 9.65 -6.41581 11.7033
      vertex 9.3801 -6.45196 11.616
    endloop
  endfacet
  facet normal -0.329997 -0.933698 0.138959
    outer loop
      vertex 9.35256 -6.61453 11.5168
      vertex 9.65 -6.71894 11.5216
      vertex 9.65 -6.71577 11.5429
    endloop
  endfacet
  facet normal -0.33003 -0.933836 0.137951
    outer loop
      vertex 9.65 -6.71894 11.5216
      vertex 9.35256 -6.61453 11.5168
      vertex 9.35227 -6.61524 11.5113
    endloop
  endfacet
  facet normal -0.329906 -0.131619 0.934793
    outer loop
      vertex 9.39161 -6.52026 11.6278
      vertex 9.38959 -6.52514 11.6264
      vertex 9.65 -6.54292 11.7158
    endloop
  endfacet
  facet normal -0.329998 -0.558429 -0.76109
    outer loop
      vertex 9.65 -6.63957 11.3299
      vertex 9.36811 -6.57698 11.4062
      vertex 9.36979 -6.57293 11.4025
    endloop
  endfacet
  facet normal -0.32996 -0.135583 0.934208
    outer loop
      vertex 9.3947 -6.5128 11.63
      vertex 9.65 -6.54292 11.7158
      vertex 9.65 -6.52156 11.7189
    endloop
  endfacet
  facet normal -0.330145 -0.138604 0.933699
    outer loop
      vertex 9.65 -6.54292 11.7158
      vertex 9.3947 -6.5128 11.63
      vertex 9.39161 -6.52026 11.6278
    endloop
  endfacet
  facet normal -0.330052 -0.0563546 0.942279
    outer loop
      vertex 9.39672 -6.50791 11.631
      vertex 9.3947 -6.5128 11.63
      vertex 9.65 -6.52156 11.7189
    endloop
  endfacet
  facet normal -0.329828 -0.754736 -0.567087
    outer loop
      vertex 9.36059 -6.59514 11.4293
      vertex 9.65 -6.68292 11.3778
      vertex 9.35927 -6.59832 11.4343
    endloop
  endfacet
  facet normal -0.330085 -0.759121 -0.561052
    outer loop
      vertex 9.65 -6.68292 11.3778
      vertex 9.36059 -6.59514 11.4293
      vertex 9.65 -6.67006 11.3604
    endloop
  endfacet
  facet normal -0.329983 -0.231623 -0.91513
    outer loop
      vertex 9.65 -6.56386 11.2895
      vertex 9.38959 -6.52514 11.3736
      vertex 9.65 -6.54292 11.2842
    endloop
  endfacet
  facet normal -0.329957 -0.231195 -0.915247
    outer loop
      vertex 9.38959 -6.52514 11.3736
      vertex 9.65 -6.56386 11.2895
      vertex 9.3867 -6.5321 11.3764
    endloop
  endfacet
  facet normal -0.330085 -0.759121 0.561052
    outer loop
      vertex 9.36059 -6.59514 11.5707
      vertex 9.65 -6.68292 11.6222
      vertex 9.65 -6.67006 11.6396
    endloop
  endfacet
  facet normal -0.329828 -0.754736 0.567087
    outer loop
      vertex 9.65 -6.68292 11.6222
      vertex 9.36059 -6.59514 11.5707
      vertex 9.35927 -6.59832 11.5657
    endloop
  endfacet
  facet normal -0.329997 0.933698 0.138959
    outer loop
      vertex 9.65 -6.28106 11.5216
      vertex 9.35256 -6.38547 11.5168
      vertex 9.65 -6.28423 11.5429
    endloop
  endfacet
  facet normal -0.33003 0.933836 0.137951
    outer loop
      vertex 9.35256 -6.38547 11.5168
      vertex 9.65 -6.28106 11.5216
      vertex 9.35227 -6.38476 11.5113
    endloop
  endfacet
  facet normal -0.329978 0.93379 0.138385
    outer loop
      vertex 9.65 -6.28423 11.5429
      vertex 9.35256 -6.38547 11.5168
      vertex 9.35287 -6.38622 11.5226
    endloop
  endfacet
  facet normal -0.329974 0.638282 0.695495
    outer loop
      vertex 9.65 -6.36043 11.6701
      vertex 9.36655 -6.41925 11.5896
      vertex 9.36811 -6.42302 11.5938
    endloop
  endfacet
  facet normal -0.330082 -0.5604 -0.759604
    outer loop
      vertex 9.36979 -6.57293 11.4025
      vertex 9.65 -6.62222 11.3171
      vertex 9.65 -6.63957 11.3299
    endloop
  endfacet
  facet normal -0.329673 -0.569351 -0.753097
    outer loop
      vertex 9.65 -6.62222 11.3171
      vertex 9.36979 -6.57293 11.4025
      vertex 9.37178 -6.56813 11.398
    endloop
  endfacet
  facet normal -0.329938 -0.809476 0.485685
    outer loop
      vertex 9.35927 -6.59832 11.5657
      vertex 9.65 -6.69402 11.6037
      vertex 9.65 -6.68292 11.6222
    endloop
  endfacet
  facet normal -0.329879 -0.808903 0.486678
    outer loop
      vertex 9.65 -6.69402 11.6037
      vertex 9.35927 -6.59832 11.5657
      vertex 9.35817 -6.601 11.5605
    endloop
  endfacet
  facet normal -0.330039 -0.485474 -0.809561
    outer loop
      vertex 9.65 -6.62222 11.3171
      vertex 9.37398 -6.56281 11.394
      vertex 9.65 -6.60371 11.306
    endloop
  endfacet
  facet normal -0.329633 -0.476498 -0.815041
    outer loop
      vertex 9.37398 -6.56281 11.394
      vertex 9.65 -6.62222 11.3171
      vertex 9.37178 -6.56813 11.398
    endloop
  endfacet
  facet normal -0.329891 -0.314304 -0.89016
    outer loop
      vertex 9.65 -6.56386 11.2895
      vertex 9.38275 -6.54165 11.3807
      vertex 9.38471 -6.53691 11.3783
    endloop
  endfacet
  facet normal -0.330052 -0.0563546 -0.942279
    outer loop
      vertex 9.65 -6.52156 11.2811
      vertex 9.3947 -6.5128 11.37
      vertex 9.39672 -6.50791 11.369
    endloop
  endfacet
  facet normal -0.329983 0.231623 0.91513
    outer loop
      vertex 9.65 -6.43614 11.7105
      vertex 9.38959 -6.47486 11.6264
      vertex 9.65 -6.45708 11.7158
    endloop
  endfacet
  facet normal -0.329957 0.231195 0.915247
    outer loop
      vertex 9.38959 -6.47486 11.6264
      vertex 9.65 -6.43614 11.7105
      vertex 9.3867 -6.4679 11.6236
    endloop
  endfacet
  facet normal -0.330033 -0.888573 -0.318616
    outer loop
      vertex 9.35528 -6.60795 11.4553
      vertex 9.65 -6.71053 11.4361
      vertex 9.35459 -6.60963 11.4607
    endloop
  endfacet
  facet normal -0.330031 -0.88856 -0.318656
    outer loop
      vertex 9.65 -6.71053 11.4361
      vertex 9.35528 -6.60795 11.4553
      vertex 9.65 -6.70325 11.4158
    endloop
  endfacet
  facet normal -0.329862 -0.315153 -0.88987
    outer loop
      vertex 9.65 -6.58419 11.2967
      vertex 9.38275 -6.54165 11.3807
      vertex 9.65 -6.56386 11.2895
    endloop
  endfacet
  facet normal -0.330125 -0.321438 -0.887522
    outer loop
      vertex 9.38275 -6.54165 11.3807
      vertex 9.65 -6.58419 11.2967
      vertex 9.3801 -6.54804 11.384
    endloop
  endfacet
  facet normal -0.32996 -0.135583 -0.934208
    outer loop
      vertex 9.65 -6.54292 11.2842
      vertex 9.3947 -6.5128 11.37
      vertex 9.65 -6.52156 11.2811
    endloop
  endfacet
  facet normal -0.330145 -0.138604 -0.933699
    outer loop
      vertex 9.3947 -6.5128 11.37
      vertex 9.65 -6.54292 11.2842
      vertex 9.39161 -6.52026 11.3722
    endloop
  endfacet
  facet normal -0.329879 -0.808903 -0.486678
    outer loop
      vertex 9.35927 -6.59832 11.4343
      vertex 9.65 -6.69402 11.3963
      vertex 9.35817 -6.601 11.4395
    endloop
  endfacet
  facet normal -0.329938 -0.809476 -0.485685
    outer loop
      vertex 9.65 -6.69402 11.3963
      vertex 9.35927 -6.59832 11.4343
      vertex 9.65 -6.68292 11.3778
    endloop
  endfacet
  facet normal -0.330052 0.0563546 0.942279
    outer loop
      vertex 9.65 -6.47844 11.7189
      vertex 9.3947 -6.4872 11.63
      vertex 9.39672 -6.49209 11.631
    endloop
  endfacet
  facet normal -0.330159 -0.315119 0.889773
    outer loop
      vertex 9.38275 -6.54165 11.6192
      vertex 9.65 -6.58419 11.7033
      vertex 9.65 -6.56386 11.7105
    endloop
  endfacet
  facet normal -0.329924 -0.309747 0.891744
    outer loop
      vertex 9.65 -6.58419 11.7033
      vertex 9.38275 -6.54165 11.6192
      vertex 9.3801 -6.54804 11.616
    endloop
  endfacet
  facet normal -0.330026 -0.406015 -0.852194
    outer loop
      vertex 9.65 -6.60371 11.306
      vertex 9.3801 -6.54804 11.384
      vertex 9.65 -6.58419 11.2967
    endloop
  endfacet
  facet normal -0.330313 -0.410736 -0.849817
    outer loop
      vertex 9.3801 -6.54804 11.384
      vertex 9.65 -6.60371 11.306
      vertex 9.37766 -6.55394 11.3878
    endloop
  endfacet
  facet normal -0.329968 -0.0481003 -0.942766
    outer loop
      vertex 9.65 -6.52156 11.2811
      vertex 9.4 -6.5 11.3675
      vertex 9.65 -6.5 11.28
    endloop
  endfacet
  facet normal -0.3296 -0.0421843 -0.943178
    outer loop
      vertex 9.4 -6.5 11.3675
      vertex 9.65 -6.52156 11.2811
      vertex 9.39672 -6.50791 11.369
    endloop
  endfacet
  facet normal -0.330024 -0.853255 -0.403783
    outer loop
      vertex 9.35618 -6.60579 11.45
      vertex 9.65 -6.70325 11.4158
      vertex 9.35528 -6.60795 11.4553
    endloop
  endfacet
  facet normal -0.330021 -0.85322 -0.403858
    outer loop
      vertex 9.65 -6.70325 11.4158
      vertex 9.35618 -6.60579 11.45
      vertex 9.65 -6.69402 11.3963
    endloop
  endfacet
  facet normal -0.329978 -0.93379 0.138385
    outer loop
      vertex 9.35287 -6.61378 11.5226
      vertex 9.35256 -6.61453 11.5168
      vertex 9.65 -6.71577 11.5429
    endloop
  endfacet
  facet normal -0.329983 -0.231623 0.91513
    outer loop
      vertex 9.38959 -6.52514 11.6264
      vertex 9.65 -6.56386 11.7105
      vertex 9.65 -6.54292 11.7158
    endloop
  endfacet
  facet normal -0.329957 -0.231195 0.915247
    outer loop
      vertex 9.65 -6.56386 11.7105
      vertex 9.38959 -6.52514 11.6264
      vertex 9.3867 -6.5321 11.6236
    endloop
  endfacet
  facet normal -0.329768 0.225671 0.916693
    outer loop
      vertex 9.65 -6.43614 11.7105
      vertex 9.38471 -6.46309 11.6217
      vertex 9.3867 -6.4679 11.6236
    endloop
  endfacet
  facet normal -0.329768 -0.225671 -0.916693
    outer loop
      vertex 9.65 -6.56386 11.2895
      vertex 9.38471 -6.53691 11.3783
      vertex 9.3867 -6.5321 11.3764
    endloop
  endfacet
  facet normal -0.329768 -0.225671 0.916693
    outer loop
      vertex 9.3867 -6.5321 11.6236
      vertex 9.38471 -6.53691 11.6217
      vertex 9.65 -6.56386 11.7105
    endloop
  endfacet
  facet normal -0.330039 -0.485474 0.809561
    outer loop
      vertex 9.37398 -6.56281 11.606
      vertex 9.65 -6.62222 11.6829
      vertex 9.65 -6.60371 11.694
    endloop
  endfacet
  facet normal -0.329633 -0.476498 0.815041
    outer loop
      vertex 9.65 -6.62222 11.6829
      vertex 9.37398 -6.56281 11.606
      vertex 9.37178 -6.56813 11.602
    endloop
  endfacet
  facet normal -0.329673 -0.569351 0.753097
    outer loop
      vertex 9.36979 -6.57293 11.5975
      vertex 9.65 -6.62222 11.6829
      vertex 9.37178 -6.56813 11.602
    endloop
  endfacet
  facet normal -0.330082 -0.5604 0.759604
    outer loop
      vertex 9.65 -6.62222 11.6829
      vertex 9.36979 -6.57293 11.5975
      vertex 9.65 -6.63957 11.6701
    endloop
  endfacet
  facet normal -0.329944 -0.80989 -0.48499
    outer loop
      vertex 9.65 -6.69402 11.3963
      vertex 9.35708 -6.60361 11.4446
      vertex 9.35817 -6.601 11.4395
    endloop
  endfacet
  facet normal -0.330064 -0.942903 -0.0446204
    outer loop
      vertex 9.35227 -6.61524 11.4886
      vertex 9.65 -6.72 11.5
      vertex 9.35217 -6.61547 11.4942
    endloop
  endfacet
  facet normal -0.329983 -0.942852 -0.0462696
    outer loop
      vertex 9.65 -6.72 11.5
      vertex 9.35227 -6.61524 11.4886
      vertex 9.65 -6.71894 11.4784
    endloop
  endfacet
  facet normal -0.329986 0.942851 0.0462696
    outer loop
      vertex 9.65 -6.28 11.5
      vertex 9.35216 -6.38451 11.5055
      vertex 9.65 -6.28106 11.5216
    endloop
  endfacet
  facet normal -0.330031 0.942905 0.0448311
    outer loop
      vertex 9.35216 -6.38451 11.5055
      vertex 9.65 -6.28 11.5
      vertex 9.35207 -6.38428 11.5
    endloop
  endfacet
  facet normal -0.329906 0.131619 0.934793
    outer loop
      vertex 9.65 -6.45708 11.7158
      vertex 9.38959 -6.47486 11.6264
      vertex 9.39161 -6.47974 11.6278
    endloop
  endfacet
  facet normal -0.329949 -0.933491 -0.140456
    outer loop
      vertex 9.35256 -6.61453 11.4832
      vertex 9.65 -6.71894 11.4784
      vertex 9.35227 -6.61524 11.4886
    endloop
  endfacet
  facet normal -0.329997 -0.933698 -0.138959
    outer loop
      vertex 9.65 -6.71894 11.4784
      vertex 9.35256 -6.61453 11.4832
      vertex 9.65 -6.71577 11.4571
    endloop
  endfacet
  facet normal -0.329884 0.855017 -0.400154
    outer loop
      vertex 9.35708 -6.39639 11.4446
      vertex 9.35618 -6.39421 11.45
      vertex 9.65 -6.30598 11.3963
    endloop
  endfacet
  facet normal -0.330031 -0.88856 0.318656
    outer loop
      vertex 9.35528 -6.60795 11.5447
      vertex 9.65 -6.71053 11.5639
      vertex 9.65 -6.70325 11.5842
    endloop
  endfacet
  facet normal -0.330033 -0.888573 0.318616
    outer loop
      vertex 9.65 -6.71053 11.5639
      vertex 9.35528 -6.60795 11.5447
      vertex 9.35459 -6.60963 11.5393
    endloop
  endfacet
  facet normal -0.330021 -0.699472 0.633897
    outer loop
      vertex 9.3648 -6.58498 11.585
      vertex 9.65 -6.67006 11.6396
      vertex 9.65 -6.65556 11.6556
    endloop
  endfacet
  facet normal -0.329985 -0.69903 0.634402
    outer loop
      vertex 9.65 -6.67006 11.6396
      vertex 9.3648 -6.58498 11.585
      vertex 9.36326 -6.5887 11.5801
    endloop
  endfacet
  facet normal -0.329974 -0.638282 -0.695495
    outer loop
      vertex 9.65 -6.63957 11.3299
      vertex 9.36655 -6.58075 11.4104
      vertex 9.36811 -6.57698 11.4062
    endloop
  endfacet
  facet normal -0.330059 -0.70053 -0.632708
    outer loop
      vertex 9.65 -6.67006 11.3604
      vertex 9.36185 -6.5921 11.4244
      vertex 9.36326 -6.5887 11.4199
    endloop
  endfacet
  facet normal -0.329985 -0.69903 -0.634402
    outer loop
      vertex 9.3648 -6.58498 11.415
      vertex 9.65 -6.67006 11.3604
      vertex 9.36326 -6.5887 11.4199
    endloop
  endfacet
  facet normal -0.330021 -0.699472 -0.633897
    outer loop
      vertex 9.65 -6.67006 11.3604
      vertex 9.3648 -6.58498 11.415
      vertex 9.65 -6.65556 11.3444
    endloop
  endfacet
  facet normal -0.330026 -0.406015 0.852194
    outer loop
      vertex 9.3801 -6.54804 11.616
      vertex 9.65 -6.60371 11.694
      vertex 9.65 -6.58419 11.7033
    endloop
  endfacet
  facet normal -0.330313 -0.410736 0.849817
    outer loop
      vertex 9.65 -6.60371 11.694
      vertex 9.3801 -6.54804 11.616
      vertex 9.37766 -6.55394 11.6122
    endloop
  endfacet
  facet normal -0.329906 -0.131619 -0.934793
    outer loop
      vertex 9.65 -6.54292 11.2842
      vertex 9.38959 -6.52514 11.3736
      vertex 9.39161 -6.52026 11.3722
    endloop
  endfacet
  facet normal -0.329985 0.69903 -0.634402
    outer loop
      vertex 9.65 -6.32994 11.3604
      vertex 9.3648 -6.41502 11.415
      vertex 9.36326 -6.4113 11.4199
    endloop
  endfacet
  facet normal -0.330021 0.699472 -0.633897
    outer loop
      vertex 9.3648 -6.41502 11.415
      vertex 9.65 -6.32994 11.3604
      vertex 9.65 -6.34444 11.3444
    endloop
  endfacet
  facet normal -0.330008 -0.94284 -0.0463295
    outer loop
      vertex 9.65 -6.72 11.5
      vertex 9.35207 -6.61572 11.5
      vertex 9.35217 -6.61547 11.4942
    endloop
  endfacet
  facet normal -0.329974 0.887991 0.320296
    outer loop
      vertex 9.65 -6.28947 11.5639
      vertex 9.35388 -6.38865 11.5338
      vertex 9.35459 -6.39037 11.5393
    endloop
  endfacet
  facet normal -0.330021 -0.85322 0.403858
    outer loop
      vertex 9.35618 -6.60579 11.55
      vertex 9.65 -6.70325 11.5842
      vertex 9.65 -6.69402 11.6037
    endloop
  endfacet
  facet normal -0.330024 -0.853255 0.403783
    outer loop
      vertex 9.65 -6.70325 11.5842
      vertex 9.35618 -6.60579 11.55
      vertex 9.35528 -6.60795 11.5447
    endloop
  endfacet
  facet normal -0.329974 -0.887991 0.320296
    outer loop
      vertex 9.35459 -6.60963 11.5393
      vertex 9.35388 -6.61135 11.5338
      vertex 9.65 -6.71053 11.5639
    endloop
  endfacet
  facet normal -0.329998 0.558429 -0.76109
    outer loop
      vertex 9.36979 -6.42707 11.4025
      vertex 9.36811 -6.42302 11.4062
      vertex 9.65 -6.36043 11.3299
    endloop
  endfacet
  facet normal -0.330011 0.916124 -0.227617
    outer loop
      vertex 9.65 -6.28423 11.4571
      vertex 9.35336 -6.38741 11.4719
      vertex 9.35287 -6.38622 11.4774
    endloop
  endfacet
  facet normal -0.329981 0.915905 -0.22854
    outer loop
      vertex 9.35336 -6.38741 11.4719
      vertex 9.65 -6.28423 11.4571
      vertex 9.65 -6.28947 11.4361
    endloop
  endfacet
  facet normal -0.329931 0.761817 -0.557477
    outer loop
      vertex 9.36185 -6.4079 11.4244
      vertex 9.36059 -6.40486 11.4293
      vertex 9.65 -6.32994 11.3604
    endloop
  endfacet
  facet normal -0.329608 0.330209 0.884489
    outer loop
      vertex 9.65 -6.43614 11.7105
      vertex 9.38275 -6.45835 11.6192
      vertex 9.38471 -6.46309 11.6217
    endloop
  endfacet
  facet normal -0.329931 -0.761817 0.557477
    outer loop
      vertex 9.36185 -6.5921 11.5756
      vertex 9.36059 -6.59514 11.5707
      vertex 9.65 -6.67006 11.6396
    endloop
  endfacet
  facet normal -0.330082 0.5604 0.759604
    outer loop
      vertex 9.36979 -6.42707 11.5975
      vertex 9.65 -6.37778 11.6829
      vertex 9.65 -6.36043 11.6701
    endloop
  endfacet
  facet normal -0.329673 0.569351 0.753097
    outer loop
      vertex 9.65 -6.37778 11.6829
      vertex 9.36979 -6.42707 11.5975
      vertex 9.37178 -6.43187 11.602
    endloop
  endfacet
  facet normal -0.329978 -0.93379 -0.138385
    outer loop
      vertex 9.65 -6.71577 11.4571
      vertex 9.35256 -6.61453 11.4832
      vertex 9.35287 -6.61378 11.4774
    endloop
  endfacet
  facet normal -0.330024 0.853255 -0.403783
    outer loop
      vertex 9.65 -6.29675 11.4158
      vertex 9.35618 -6.39421 11.45
      vertex 9.35528 -6.39205 11.4553
    endloop
  endfacet
  facet normal -0.330021 0.85322 -0.403858
    outer loop
      vertex 9.35618 -6.39421 11.45
      vertex 9.65 -6.29675 11.4158
      vertex 9.65 -6.30598 11.3963
    endloop
  endfacet
  facet normal -0.329879 0.808903 -0.486678
    outer loop
      vertex 9.65 -6.30598 11.3963
      vertex 9.35927 -6.40168 11.4343
      vertex 9.35817 -6.399 11.4395
    endloop
  endfacet
  facet normal -0.329938 0.809476 -0.485685
    outer loop
      vertex 9.35927 -6.40168 11.4343
      vertex 9.65 -6.30598 11.3963
      vertex 9.65 -6.31708 11.3778
    endloop
  endfacet
  facet normal -0.329974 -0.638282 0.695495
    outer loop
      vertex 9.36811 -6.57698 11.5938
      vertex 9.36655 -6.58075 11.5896
      vertex 9.65 -6.63957 11.6701
    endloop
  endfacet
  facet normal -0.330021 0.85322 0.403858
    outer loop
      vertex 9.65 -6.29675 11.5842
      vertex 9.35618 -6.39421 11.55
      vertex 9.65 -6.30598 11.6037
    endloop
  endfacet
  facet normal -0.330024 0.853255 0.403783
    outer loop
      vertex 9.35618 -6.39421 11.55
      vertex 9.65 -6.29675 11.5842
      vertex 9.35528 -6.39205 11.5447
    endloop
  endfacet
  facet normal -0.329705 0.394259 0.85782
    outer loop
      vertex 9.65 -6.39629 11.694
      vertex 9.37578 -6.44154 11.6094
      vertex 9.37766 -6.44606 11.6122
    endloop
  endfacet
  facet normal -0.329743 -0.492895 -0.805186
    outer loop
      vertex 9.65 -6.60371 11.306
      vertex 9.37398 -6.56281 11.394
      vertex 9.37578 -6.55846 11.3906
    endloop
  endfacet
  facet normal -0.330033 0.888573 -0.318616
    outer loop
      vertex 9.65 -6.28947 11.4361
      vertex 9.35528 -6.39205 11.4553
      vertex 9.35459 -6.39037 11.4607
    endloop
  endfacet
  facet normal -0.330031 0.88856 -0.318656
    outer loop
      vertex 9.35528 -6.39205 11.4553
      vertex 9.65 -6.28947 11.4361
      vertex 9.65 -6.29675 11.4158
    endloop
  endfacet
  facet normal -0.329705 -0.394259 0.85782
    outer loop
      vertex 9.37766 -6.55394 11.6122
      vertex 9.37578 -6.55846 11.6094
      vertex 9.65 -6.60371 11.694
    endloop
  endfacet
  facet normal -0.329705 -0.394259 -0.85782
    outer loop
      vertex 9.65 -6.60371 11.306
      vertex 9.37578 -6.55846 11.3906
      vertex 9.37766 -6.55394 11.3878
    endloop
  endfacet
  facet normal -0.330085 0.759121 0.561052
    outer loop
      vertex 9.65 -6.31708 11.6222
      vertex 9.36059 -6.40486 11.5707
      vertex 9.65 -6.32994 11.6396
    endloop
  endfacet
  facet normal -0.329828 0.754736 0.567087
    outer loop
      vertex 9.36059 -6.40486 11.5707
      vertex 9.65 -6.31708 11.6222
      vertex 9.35927 -6.40168 11.5657
    endloop
  endfacet
  facet normal -0.329608 -0.330209 0.884489
    outer loop
      vertex 9.38471 -6.53691 11.6217
      vertex 9.38275 -6.54165 11.6192
      vertex 9.65 -6.56386 11.7105
    endloop
  endfacet
  facet normal -0.330007 0.915703 -0.229311
    outer loop
      vertex 9.35388 -6.38865 11.4662
      vertex 9.35336 -6.38741 11.4719
      vertex 9.65 -6.28947 11.4361
    endloop
  endfacet
  facet normal -0.330031 0.88856 0.318656
    outer loop
      vertex 9.65 -6.28947 11.5639
      vertex 9.35528 -6.39205 11.5447
      vertex 9.65 -6.29675 11.5842
    endloop
  endfacet
  facet normal -0.330033 0.888573 0.318616
    outer loop
      vertex 9.35528 -6.39205 11.5447
      vertex 9.65 -6.28947 11.5639
      vertex 9.35459 -6.39037 11.5393
    endloop
  endfacet
  facet normal -0.329743 0.492895 -0.805186
    outer loop
      vertex 9.37578 -6.44154 11.3906
      vertex 9.37398 -6.43719 11.394
      vertex 9.65 -6.39629 11.306
    endloop
  endfacet
  facet normal -0.32996 0.135583 -0.934208
    outer loop
      vertex 9.3947 -6.4872 11.37
      vertex 9.65 -6.45708 11.2842
      vertex 9.65 -6.47844 11.2811
    endloop
  endfacet
  facet normal -0.330145 0.138604 -0.933699
    outer loop
      vertex 9.65 -6.45708 11.2842
      vertex 9.3947 -6.4872 11.37
      vertex 9.39161 -6.47974 11.3722
    endloop
  endfacet
  facet normal -0.330007 -0.915703 0.229311
    outer loop
      vertex 9.35388 -6.61135 11.5338
      vertex 9.35336 -6.61259 11.5281
      vertex 9.65 -6.71053 11.5639
    endloop
  endfacet
  facet normal -0.330059 -0.70053 0.632708
    outer loop
      vertex 9.36326 -6.5887 11.5801
      vertex 9.36185 -6.5921 11.5756
      vertex 9.65 -6.67006 11.6396
    endloop
  endfacet
  facet normal -0.329944 0.80989 0.48499
    outer loop
      vertex 9.65 -6.30598 11.6037
      vertex 9.35708 -6.39639 11.5554
      vertex 9.35817 -6.399 11.5605
    endloop
  endfacet
  facet normal -0.329931 0.761817 0.557477
    outer loop
      vertex 9.65 -6.32994 11.6396
      vertex 9.36059 -6.40486 11.5707
      vertex 9.36185 -6.4079 11.5756
    endloop
  endfacet
  facet normal -0.329978 0.93379 -0.138385
    outer loop
      vertex 9.35287 -6.38622 11.4774
      vertex 9.35256 -6.38547 11.4832
      vertex 9.65 -6.28423 11.4571
    endloop
  endfacet
  facet normal -0.329998 -0.558429 0.76109
    outer loop
      vertex 9.36979 -6.57293 11.5975
      vertex 9.36811 -6.57698 11.5938
      vertex 9.65 -6.63957 11.6701
    endloop
  endfacet
  facet normal -0.329828 0.754736 -0.567087
    outer loop
      vertex 9.65 -6.31708 11.3778
      vertex 9.36059 -6.40486 11.4293
      vertex 9.35927 -6.40168 11.4343
    endloop
  endfacet
  facet normal -0.330085 0.759121 -0.561052
    outer loop
      vertex 9.36059 -6.40486 11.4293
      vertex 9.65 -6.31708 11.3778
      vertex 9.65 -6.32994 11.3604
    endloop
  endfacet
  facet normal -0.330007 -0.915703 -0.229311
    outer loop
      vertex 9.65 -6.71053 11.4361
      vertex 9.35336 -6.61259 11.4719
      vertex 9.35388 -6.61135 11.4662
    endloop
  endfacet
  facet normal -0.330026 0.406015 0.852194
    outer loop
      vertex 9.65 -6.39629 11.694
      vertex 9.3801 -6.45196 11.616
      vertex 9.65 -6.41581 11.7033
    endloop
  endfacet
  facet normal -0.330313 0.410736 0.849817
    outer loop
      vertex 9.3801 -6.45196 11.616
      vertex 9.65 -6.39629 11.694
      vertex 9.37766 -6.44606 11.6122
    endloop
  endfacet
  facet normal -0.329949 0.933491 -0.140456
    outer loop
      vertex 9.65 -6.28106 11.4784
      vertex 9.35256 -6.38547 11.4832
      vertex 9.35227 -6.38476 11.4886
    endloop
  endfacet
  facet normal -0.329997 0.933698 -0.138959
    outer loop
      vertex 9.35256 -6.38547 11.4832
      vertex 9.65 -6.28106 11.4784
      vertex 9.65 -6.28423 11.4571
    endloop
  endfacet
  facet normal -0.330006 0.942813 0.0468972
    outer loop
      vertex 9.65 -6.28106 11.5216
      vertex 9.35216 -6.38451 11.5055
      vertex 9.35227 -6.38476 11.5113
    endloop
  endfacet
  facet normal -0.329968 -0.0481003 0.942766
    outer loop
      vertex 9.4 -6.5 11.6325
      vertex 9.65 -6.52156 11.7189
      vertex 9.65 -6.5 11.72
    endloop
  endfacet
  facet normal -0.3296 -0.0421843 0.943178
    outer loop
      vertex 9.65 -6.52156 11.7189
      vertex 9.4 -6.5 11.6325
      vertex 9.39672 -6.50791 11.631
    endloop
  endfacet
  facet normal -0.330059 0.70053 -0.632708
    outer loop
      vertex 9.36326 -6.4113 11.4199
      vertex 9.36185 -6.4079 11.4244
      vertex 9.65 -6.32994 11.3604
    endloop
  endfacet
  facet normal -0.32996 0.135583 0.934208
    outer loop
      vertex 9.65 -6.45708 11.7158
      vertex 9.3947 -6.4872 11.63
      vertex 9.65 -6.47844 11.7189
    endloop
  endfacet
  facet normal -0.330145 0.138604 0.933699
    outer loop
      vertex 9.3947 -6.4872 11.63
      vertex 9.65 -6.45708 11.7158
      vertex 9.39161 -6.47974 11.6278
    endloop
  endfacet
  facet normal -0.330026 0.406015 -0.852194
    outer loop
      vertex 9.3801 -6.45196 11.384
      vertex 9.65 -6.39629 11.306
      vertex 9.65 -6.41581 11.2967
    endloop
  endfacet
  facet normal -0.330313 0.410736 -0.849817
    outer loop
      vertex 9.65 -6.39629 11.306
      vertex 9.3801 -6.45196 11.384
      vertex 9.37766 -6.44606 11.3878
    endloop
  endfacet
  facet normal -0.330021 0.699472 0.633897
    outer loop
      vertex 9.65 -6.32994 11.6396
      vertex 9.3648 -6.41502 11.585
      vertex 9.65 -6.34444 11.6556
    endloop
  endfacet
  facet normal -0.329985 0.69903 0.634402
    outer loop
      vertex 9.3648 -6.41502 11.585
      vertex 9.65 -6.32994 11.6396
      vertex 9.36326 -6.4113 11.5801
    endloop
  endfacet
  facet normal -0.330029 0.634112 0.699273
    outer loop
      vertex 9.3648 -6.41502 11.585
      vertex 9.65 -6.36043 11.6701
      vertex 9.65 -6.34444 11.6556
    endloop
  endfacet
  facet normal -0.33039 0.628784 0.703899
    outer loop
      vertex 9.65 -6.36043 11.6701
      vertex 9.3648 -6.41502 11.585
      vertex 9.36655 -6.41925 11.5896
    endloop
  endfacet
  facet normal -0.329884 -0.855017 0.400154
    outer loop
      vertex 9.35708 -6.60361 11.5554
      vertex 9.35618 -6.60579 11.55
      vertex 9.65 -6.69402 11.6037
    endloop
  endfacet
  facet normal -0.329705 0.394259 -0.85782
    outer loop
      vertex 9.37766 -6.44606 11.3878
      vertex 9.37578 -6.44154 11.3906
      vertex 9.65 -6.39629 11.306
    endloop
  endfacet
  facet normal -0.329862 0.315153 -0.88987
    outer loop
      vertex 9.38275 -6.45835 11.3807
      vertex 9.65 -6.41581 11.2967
      vertex 9.65 -6.43614 11.2895
    endloop
  endfacet
  facet normal -0.330125 0.321438 -0.887522
    outer loop
      vertex 9.65 -6.41581 11.2967
      vertex 9.38275 -6.45835 11.3807
      vertex 9.3801 -6.45196 11.384
    endloop
  endfacet
  facet normal -0.329968 0.0481003 0.942766
    outer loop
      vertex 9.65 -6.47844 11.7189
      vertex 9.4 -6.5 11.6325
      vertex 9.65 -6.5 11.72
    endloop
  endfacet
  facet normal -0.3296 0.0421843 0.943178
    outer loop
      vertex 9.4 -6.5 11.6325
      vertex 9.65 -6.47844 11.7189
      vertex 9.39672 -6.49209 11.631
    endloop
  endfacet
  facet normal -0.329884 0.855017 0.400154
    outer loop
      vertex 9.65 -6.30598 11.6037
      vertex 9.35618 -6.39421 11.55
      vertex 9.35708 -6.39639 11.5554
    endloop
  endfacet
  facet normal -0.329974 0.887991 -0.320296
    outer loop
      vertex 9.35459 -6.39037 11.4607
      vertex 9.35388 -6.38865 11.4662
      vertex 9.65 -6.28947 11.4361
    endloop
  endfacet
  facet normal -0.330008 0.94284 -0.0463295
    outer loop
      vertex 9.35217 -6.38453 11.4942
      vertex 9.35207 -6.38428 11.5
      vertex 9.65 -6.28 11.5
    endloop
  endfacet
  facet normal -0.329938 0.809476 0.485685
    outer loop
      vertex 9.65 -6.30598 11.6037
      vertex 9.35927 -6.40168 11.5657
      vertex 9.65 -6.31708 11.6222
    endloop
  endfacet
  facet normal -0.329879 0.808903 0.486678
    outer loop
      vertex 9.35927 -6.40168 11.5657
      vertex 9.65 -6.30598 11.6037
      vertex 9.35817 -6.399 11.5605
    endloop
  endfacet
  facet normal -0.330007 0.915703 0.229311
    outer loop
      vertex 9.65 -6.28947 11.5639
      vertex 9.35336 -6.38741 11.5281
      vertex 9.35388 -6.38865 11.5338
    endloop
  endfacet
  facet normal -0.329974 -0.887991 -0.320296
    outer loop
      vertex 9.65 -6.71053 11.4361
      vertex 9.35388 -6.61135 11.4662
      vertex 9.35459 -6.60963 11.4607
    endloop
  endfacet
  facet normal -0.329891 0.314304 -0.89016
    outer loop
      vertex 9.38471 -6.46309 11.3783
      vertex 9.38275 -6.45835 11.3807
      vertex 9.65 -6.43614 11.2895
    endloop
  endfacet
  facet normal -0.329944 0.80989 -0.48499
    outer loop
      vertex 9.35817 -6.399 11.4395
      vertex 9.35708 -6.39639 11.4446
      vertex 9.65 -6.30598 11.3963
    endloop
  endfacet
  facet normal -0.329983 0.231623 -0.91513
    outer loop
      vertex 9.38959 -6.47486 11.3736
      vertex 9.65 -6.43614 11.2895
      vertex 9.65 -6.45708 11.2842
    endloop
  endfacet
  facet normal -0.329957 0.231195 -0.915247
    outer loop
      vertex 9.65 -6.43614 11.2895
      vertex 9.38959 -6.47486 11.3736
      vertex 9.3867 -6.4679 11.3764
    endloop
  endfacet
  facet normal -0.329906 0.131619 -0.934793
    outer loop
      vertex 9.39161 -6.47974 11.3722
      vertex 9.38959 -6.47486 11.3736
      vertex 9.65 -6.45708 11.2842
    endloop
  endfacet
  facet normal -0.33039 0.628784 -0.703899
    outer loop
      vertex 9.3648 -6.41502 11.415
      vertex 9.65 -6.36043 11.3299
      vertex 9.36655 -6.41925 11.4104
    endloop
  endfacet
  facet normal -0.330029 0.634112 -0.699273
    outer loop
      vertex 9.65 -6.36043 11.3299
      vertex 9.3648 -6.41502 11.415
      vertex 9.65 -6.34444 11.3444
    endloop
  endfacet
  facet normal -0.329944 -0.80989 0.48499
    outer loop
      vertex 9.35817 -6.601 11.5605
      vertex 9.35708 -6.60361 11.5554
      vertex 9.65 -6.69402 11.6037
    endloop
  endfacet
  facet normal -0.329743 0.492895 0.805186
    outer loop
      vertex 9.65 -6.39629 11.694
      vertex 9.37398 -6.43719 11.606
      vertex 9.37578 -6.44154 11.6094
    endloop
  endfacet
  facet normal -0.330039 0.485474 -0.809561
    outer loop
      vertex 9.37398 -6.43719 11.394
      vertex 9.65 -6.37778 11.3171
      vertex 9.65 -6.39629 11.306
    endloop
  endfacet
  facet normal -0.329633 0.476498 -0.815041
    outer loop
      vertex 9.65 -6.37778 11.3171
      vertex 9.37398 -6.43719 11.394
      vertex 9.37178 -6.43187 11.398
    endloop
  endfacet
  facet normal -0.329673 0.569351 -0.753097
    outer loop
      vertex 9.36979 -6.42707 11.4025
      vertex 9.65 -6.37778 11.3171
      vertex 9.37178 -6.43187 11.398
    endloop
  endfacet
  facet normal -0.330082 0.5604 -0.759604
    outer loop
      vertex 9.65 -6.37778 11.3171
      vertex 9.36979 -6.42707 11.4025
      vertex 9.65 -6.36043 11.3299
    endloop
  endfacet
  facet normal -0.330059 0.70053 0.632708
    outer loop
      vertex 9.65 -6.32994 11.6396
      vertex 9.36185 -6.4079 11.5756
      vertex 9.36326 -6.4113 11.5801
    endloop
  endfacet
  facet normal 1 0 0
    outer loop
      vertex 9.65 -6.28106 11.5216
      vertex 9.65 -6.28106 11.4784
      vertex 9.65 -6.28 11.5
    endloop
  endfacet
  facet normal 1 0 0
    outer loop
      vertex 9.65 -6.28423 11.5429
      vertex 9.65 -6.28106 11.4784
      vertex 9.65 -6.28106 11.5216
    endloop
  endfacet
  facet normal 1 0 0
    outer loop
      vertex 9.65 -6.28423 11.5429
      vertex 9.65 -6.28423 11.4571
      vertex 9.65 -6.28106 11.4784
    endloop
  endfacet
  facet normal 1 0 0
    outer loop
      vertex 9.65 -6.28947 11.5639
      vertex 9.65 -6.28423 11.4571
      vertex 9.65 -6.28423 11.5429
    endloop
  endfacet
  facet normal 1 0 0
    outer loop
      vertex 9.65 -6.28947 11.5639
      vertex 9.65 -6.28947 11.4361
      vertex 9.65 -6.28423 11.4571
    endloop
  endfacet
  facet normal 1 0 0
    outer loop
      vertex 9.65 -6.29675 11.5842
      vertex 9.65 -6.28947 11.4361
      vertex 9.65 -6.28947 11.5639
    endloop
  endfacet
  facet normal 1 0 0
    outer loop
      vertex 9.65 -6.29675 11.5842
      vertex 9.65 -6.29675 11.4158
      vertex 9.65 -6.28947 11.4361
    endloop
  endfacet
  facet normal 1 0 0
    outer loop
      vertex 9.65 -6.30598 11.6037
      vertex 9.65 -6.29675 11.4158
      vertex 9.65 -6.29675 11.5842
    endloop
  endfacet
  facet normal 1 0 0
    outer loop
      vertex 9.65 -6.30598 11.6037
      vertex 9.65 -6.30598 11.3963
      vertex 9.65 -6.29675 11.4158
    endloop
  endfacet
  facet normal 1 0 0
    outer loop
      vertex 9.65 -6.31708 11.6222
      vertex 9.65 -6.30598 11.3963
      vertex 9.65 -6.30598 11.6037
    endloop
  endfacet
  facet normal 1 0 0
    outer loop
      vertex 9.65 -6.31708 11.6222
      vertex 9.65 -6.31708 11.3778
      vertex 9.65 -6.30598 11.3963
    endloop
  endfacet
  facet normal 1 0 0
    outer loop
      vertex 9.65 -6.32994 11.6396
      vertex 9.65 -6.31708 11.3778
      vertex 9.65 -6.31708 11.6222
    endloop
  endfacet
  facet normal 1 0 0
    outer loop
      vertex 9.65 -6.32994 11.6396
      vertex 9.65 -6.32994 11.3604
      vertex 9.65 -6.31708 11.3778
    endloop
  endfacet
  facet normal 1 0 0
    outer loop
      vertex 9.65 -6.34444 11.6556
      vertex 9.65 -6.32994 11.3604
      vertex 9.65 -6.32994 11.6396
    endloop
  endfacet
  facet normal 1 0 0
    outer loop
      vertex 9.65 -6.34444 11.6556
      vertex 9.65 -6.34444 11.3444
      vertex 9.65 -6.32994 11.3604
    endloop
  endfacet
  facet normal 1 0 0
    outer loop
      vertex 9.65 -6.36043 11.6701
      vertex 9.65 -6.34444 11.3444
      vertex 9.65 -6.34444 11.6556
    endloop
  endfacet
  facet normal 1 0 0
    outer loop
      vertex 9.65 -6.36043 11.6701
      vertex 9.65 -6.36043 11.3299
      vertex 9.65 -6.34444 11.3444
    endloop
  endfacet
  facet normal 1 0 0
    outer loop
      vertex 9.65 -6.37778 11.6829
      vertex 9.65 -6.36043 11.3299
      vertex 9.65 -6.36043 11.6701
    endloop
  endfacet
  facet normal 1 0 0
    outer loop
      vertex 9.65 -6.37778 11.6829
      vertex 9.65 -6.37778 11.3171
      vertex 9.65 -6.36043 11.3299
    endloop
  endfacet
  facet normal 1 0 0
    outer loop
      vertex 9.65 -6.39629 11.694
      vertex 9.65 -6.37778 11.3171
      vertex 9.65 -6.37778 11.6829
    endloop
  endfacet
  facet normal 1 0 0
    outer loop
      vertex 9.65 -6.39629 11.694
      vertex 9.65 -6.39629 11.306
      vertex 9.65 -6.37778 11.3171
    endloop
  endfacet
  facet normal 1 0 0
    outer loop
      vertex 9.65 -6.41581 11.7033
      vertex 9.65 -6.39629 11.306
      vertex 9.65 -6.39629 11.694
    endloop
  endfacet
  facet normal 1 0 0
    outer loop
      vertex 9.65 -6.41581 11.7033
      vertex 9.65 -6.41581 11.2967
      vertex 9.65 -6.39629 11.306
    endloop
  endfacet
  facet normal 1 0 0
    outer loop
      vertex 9.65 -6.43614 11.7105
      vertex 9.65 -6.41581 11.2967
      vertex 9.65 -6.41581 11.7033
    endloop
  endfacet
  facet normal 1 0 0
    outer loop
      vertex 9.65 -6.43614 11.7105
      vertex 9.65 -6.43614 11.2895
      vertex 9.65 -6.41581 11.2967
    endloop
  endfacet
  facet normal 1 0 0
    outer loop
      vertex 9.65 -6.45708 11.7158
      vertex 9.65 -6.43614 11.2895
      vertex 9.65 -6.43614 11.7105
    endloop
  endfacet
  facet normal 1 0 0
    outer loop
      vertex 9.65 -6.45708 11.7158
      vertex 9.65 -6.45708 11.2842
      vertex 9.65 -6.43614 11.2895
    endloop
  endfacet
  facet normal 1 0 0
    outer loop
      vertex 9.65 -6.47844 11.7189
      vertex 9.65 -6.45708 11.2842
      vertex 9.65 -6.45708 11.7158
    endloop
  endfacet
  facet normal 1 0 0
    outer loop
      vertex 9.65 -6.47844 11.7189
      vertex 9.65 -6.47844 11.2811
      vertex 9.65 -6.45708 11.2842
    endloop
  endfacet
  facet normal 1 0 0
    outer loop
      vertex 9.65 -6.5 11.72
      vertex 9.65 -6.47844 11.2811
      vertex 9.65 -6.47844 11.7189
    endloop
  endfacet
  facet normal 1 0 0
    outer loop
      vertex 9.65 -6.5 11.72
      vertex 9.65 -6.5 11.28
      vertex 9.65 -6.47844 11.2811
    endloop
  endfacet
  facet normal 1 -0 0
    outer loop
      vertex 9.65 -6.52156 11.7189
      vertex 9.65 -6.5 11.28
      vertex 9.65 -6.5 11.72
    endloop
  endfacet
  facet normal 1 0 0
    outer loop
      vertex 9.65 -6.52156 11.7189
      vertex 9.65 -6.52156 11.2811
      vertex 9.65 -6.5 11.28
    endloop
  endfacet
  facet normal 1 -0 0
    outer loop
      vertex 9.65 -6.54292 11.7158
      vertex 9.65 -6.52156 11.2811
      vertex 9.65 -6.52156 11.7189
    endloop
  endfacet
  facet normal 1 0 0
    outer loop
      vertex 9.65 -6.54292 11.7158
      vertex 9.65 -6.54292 11.2842
      vertex 9.65 -6.52156 11.2811
    endloop
  endfacet
  facet normal 1 -0 0
    outer loop
      vertex 9.65 -6.56386 11.7105
      vertex 9.65 -6.54292 11.2842
      vertex 9.65 -6.54292 11.7158
    endloop
  endfacet
  facet normal 1 0 0
    outer loop
      vertex 9.65 -6.56386 11.7105
      vertex 9.65 -6.56386 11.2895
      vertex 9.65 -6.54292 11.2842
    endloop
  endfacet
  facet normal 1 -0 0
    outer loop
      vertex 9.65 -6.58419 11.7033
      vertex 9.65 -6.56386 11.2895
      vertex 9.65 -6.56386 11.7105
    endloop
  endfacet
  facet normal 1 0 0
    outer loop
      vertex 9.65 -6.58419 11.7033
      vertex 9.65 -6.58419 11.2967
      vertex 9.65 -6.56386 11.2895
    endloop
  endfacet
  facet normal 1 -0 0
    outer loop
      vertex 9.65 -6.60371 11.694
      vertex 9.65 -6.58419 11.2967
      vertex 9.65 -6.58419 11.7033
    endloop
  endfacet
  facet normal 1 0 0
    outer loop
      vertex 9.65 -6.60371 11.694
      vertex 9.65 -6.60371 11.306
      vertex 9.65 -6.58419 11.2967
    endloop
  endfacet
  facet normal 1 -0 0
    outer loop
      vertex 9.65 -6.62222 11.6829
      vertex 9.65 -6.60371 11.306
      vertex 9.65 -6.60371 11.694
    endloop
  endfacet
  facet normal 1 0 0
    outer loop
      vertex 9.65 -6.62222 11.6829
      vertex 9.65 -6.62222 11.3171
      vertex 9.65 -6.60371 11.306
    endloop
  endfacet
  facet normal 1 -0 0
    outer loop
      vertex 9.65 -6.63957 11.6701
      vertex 9.65 -6.62222 11.3171
      vertex 9.65 -6.62222 11.6829
    endloop
  endfacet
  facet normal 1 0 0
    outer loop
      vertex 9.65 -6.63957 11.6701
      vertex 9.65 -6.63957 11.3299
      vertex 9.65 -6.62222 11.3171
    endloop
  endfacet
  facet normal 1 -0 0
    outer loop
      vertex 9.65 -6.65556 11.6556
      vertex 9.65 -6.63957 11.3299
      vertex 9.65 -6.63957 11.6701
    endloop
  endfacet
  facet normal 1 0 0
    outer loop
      vertex 9.65 -6.65556 11.6556
      vertex 9.65 -6.65556 11.3444
      vertex 9.65 -6.63957 11.3299
    endloop
  endfacet
  facet normal 1 -0 0
    outer loop
      vertex 9.65 -6.67006 11.6396
      vertex 9.65 -6.65556 11.3444
      vertex 9.65 -6.65556 11.6556
    endloop
  endfacet
  facet normal 1 0 0
    outer loop
      vertex 9.65 -6.67006 11.6396
      vertex 9.65 -6.67006 11.3604
      vertex 9.65 -6.65556 11.3444
    endloop
  endfacet
  facet normal 1 -0 0
    outer loop
      vertex 9.65 -6.68292 11.6222
      vertex 9.65 -6.67006 11.3604
      vertex 9.65 -6.67006 11.6396
    endloop
  endfacet
  facet normal 1 0 0
    outer loop
      vertex 9.65 -6.68292 11.6222
      vertex 9.65 -6.68292 11.3778
      vertex 9.65 -6.67006 11.3604
    endloop
  endfacet
  facet normal 1 -0 0
    outer loop
      vertex 9.65 -6.69402 11.6037
      vertex 9.65 -6.68292 11.3778
      vertex 9.65 -6.68292 11.6222
    endloop
  endfacet
  facet normal 1 0 0
    outer loop
      vertex 9.65 -6.69402 11.6037
      vertex 9.65 -6.69402 11.3963
      vertex 9.65 -6.68292 11.3778
    endloop
  endfacet
  facet normal 1 -0 0
    outer loop
      vertex 9.65 -6.70325 11.5842
      vertex 9.65 -6.69402 11.3963
      vertex 9.65 -6.69402 11.6037
    endloop
  endfacet
  facet normal 1 0 0
    outer loop
      vertex 9.65 -6.70325 11.5842
      vertex 9.65 -6.70325 11.4158
      vertex 9.65 -6.69402 11.3963
    endloop
  endfacet
  facet normal 1 -0 0
    outer loop
      vertex 9.65 -6.71053 11.5639
      vertex 9.65 -6.70325 11.4158
      vertex 9.65 -6.70325 11.5842
    endloop
  endfacet
  facet normal 1 0 0
    outer loop
      vertex 9.65 -6.71053 11.5639
      vertex 9.65 -6.71053 11.4361
      vertex 9.65 -6.70325 11.4158
    endloop
  endfacet
  facet normal 1 -0 0
    outer loop
      vertex 9.65 -6.71577 11.5429
      vertex 9.65 -6.71053 11.4361
      vertex 9.65 -6.71053 11.5639
    endloop
  endfacet
  facet normal 1 0 0
    outer loop
      vertex 9.65 -6.71577 11.5429
      vertex 9.65 -6.71577 11.4571
      vertex 9.65 -6.71053 11.4361
    endloop
  endfacet
  facet normal 1 -0 0
    outer loop
      vertex 9.65 -6.71894 11.5216
      vertex 9.65 -6.71577 11.4571
      vertex 9.65 -6.71577 11.5429
    endloop
  endfacet
  facet normal 1 0 0
    outer loop
      vertex 9.65 -6.71894 11.5216
      vertex 9.65 -6.71894 11.4784
      vertex 9.65 -6.71577 11.4571
    endloop
  endfacet
  facet normal 1 0 -0
    outer loop
      vertex 9.65 -6.71894 11.4784
      vertex 9.65 -6.71894 11.5216
      vertex 9.65 -6.72 11.5
    endloop
  endfacet
  facet normal -0.329974 0.638282 -0.695495
    outer loop
      vertex 9.36811 -6.42302 11.4062
      vertex 9.36655 -6.41925 11.4104
      vertex 9.65 -6.36043 11.3299
    endloop
  endfacet
  facet normal 0.231195 -0.329957 -0.915247
    outer loop
      vertex 8.52514 -5.61041 11.3736
      vertex 8.56386 -5.35 11.2895
      vertex 8.5321 -5.6133 11.3764
    endloop
  endfacet
  facet normal 0.231623 -0.329983 -0.91513
    outer loop
      vertex 8.56386 -5.35 11.2895
      vertex 8.52514 -5.61041 11.3736
      vertex 8.54292 -5.35 11.2842
    endloop
  endfacet
  facet normal -0.0421843 -0.3296 -0.943178
    outer loop
      vertex 8.47844 -5.35 11.2811
      vertex 8.5 -5.6 11.3675
      vertex 8.49209 -5.60328 11.369
    endloop
  endfacet
  facet normal -0.0481003 -0.329968 -0.942766
    outer loop
      vertex 8.5 -5.6 11.3675
      vertex 8.47844 -5.35 11.2811
      vertex 8.5 -5.35 11.28
    endloop
  endfacet
  facet normal -0.0563546 -0.330052 -0.942279
    outer loop
      vertex 8.4872 -5.6053 11.37
      vertex 8.47844 -5.35 11.2811
      vertex 8.49209 -5.60328 11.369
    endloop
  endfacet
  facet normal 0.699472 -0.330021 0.633897
    outer loop
      vertex 8.58498 -5.6352 11.585
      vertex 8.67006 -5.35 11.6396
      vertex 8.65556 -5.35 11.6556
    endloop
  endfacet
  facet normal 0.69903 -0.329985 0.634402
    outer loop
      vertex 8.67006 -5.35 11.6396
      vertex 8.58498 -5.6352 11.585
      vertex 8.5887 -5.63674 11.5801
    endloop
  endfacet
  facet normal 0.85322 -0.330021 0.403858
    outer loop
      vertex 8.60579 -5.64382 11.55
      vertex 8.70325 -5.35 11.5842
      vertex 8.69402 -5.35 11.6037
    endloop
  endfacet
  facet normal 0.853255 -0.330024 0.403783
    outer loop
      vertex 8.70325 -5.35 11.5842
      vertex 8.60579 -5.64382 11.55
      vertex 8.60795 -5.64472 11.5447
    endloop
  endfacet
  facet normal -0.231623 -0.329983 0.91513
    outer loop
      vertex 8.43614 -5.35 11.7105
      vertex 8.47486 -5.61041 11.6264
      vertex 8.45708 -5.35 11.7158
    endloop
  endfacet
  facet normal -0.231195 -0.329957 0.915247
    outer loop
      vertex 8.47486 -5.61041 11.6264
      vertex 8.43614 -5.35 11.7105
      vertex 8.4679 -5.6133 11.6236
    endloop
  endfacet
  facet normal 0.759121 -0.330085 -0.561052
    outer loop
      vertex 8.68292 -5.35 11.3778
      vertex 8.59514 -5.63941 11.4293
      vertex 8.67006 -5.35 11.3604
    endloop
  endfacet
  facet normal 0.755062 -0.329848 -0.56664
    outer loop
      vertex 8.59514 -5.63941 11.4293
      vertex 8.68292 -5.35 11.3778
      vertex 8.59832 -5.64072 11.4343
    endloop
  endfacet
  facet normal 0.809473 -0.329948 -0.485684
    outer loop
      vertex 8.69402 -5.35 11.3963
      vertex 8.59832 -5.64072 11.4343
      vertex 8.68292 -5.35 11.3778
    endloop
  endfacet
  facet normal 0.808619 -0.32986 -0.487162
    outer loop
      vertex 8.59832 -5.64072 11.4343
      vertex 8.69402 -5.35 11.3963
      vertex 8.601 -5.64183 11.4395
    endloop
  endfacet
  facet normal -0.855017 -0.329884 0.400154
    outer loop
      vertex 8.39639 -5.64292 11.5554
      vertex 8.30598 -5.35 11.6037
      vertex 8.39421 -5.64382 11.55
    endloop
  endfacet
  facet normal 0.93379 -0.329978 -0.138385
    outer loop
      vertex 8.61453 -5.64744 11.4832
      vertex 8.61378 -5.64713 11.4774
      vertex 8.71577 -5.35 11.4571
    endloop
  endfacet
  facet normal 0.855017 -0.329884 -0.400154
    outer loop
      vertex 8.60579 -5.64382 11.45
      vertex 8.60361 -5.64292 11.4446
      vertex 8.69402 -5.35 11.3963
    endloop
  endfacet
  facet normal 0.138604 -0.330145 -0.933699
    outer loop
      vertex 8.5128 -5.6053 11.37
      vertex 8.54292 -5.35 11.2842
      vertex 8.52026 -5.60839 11.3722
    endloop
  endfacet
  facet normal 0.135583 -0.32996 -0.934208
    outer loop
      vertex 8.54292 -5.35 11.2842
      vertex 8.5128 -5.6053 11.37
      vertex 8.52156 -5.35 11.2811
    endloop
  endfacet
  facet normal 0.915703 -0.330007 -0.229311
    outer loop
      vertex 8.61259 -5.64664 11.4719
      vertex 8.61135 -5.64612 11.4662
      vertex 8.71053 -5.35 11.4361
    endloop
  endfacet
  facet normal 0.933698 -0.329997 0.138959
    outer loop
      vertex 8.61453 -5.64744 11.5168
      vertex 8.71894 -5.35 11.5216
      vertex 8.71577 -5.35 11.5429
    endloop
  endfacet
  facet normal 0.933836 -0.33003 0.137951
    outer loop
      vertex 8.71894 -5.35 11.5216
      vertex 8.61453 -5.64744 11.5168
      vertex 8.61524 -5.64773 11.5113
    endloop
  endfacet
  facet normal 0.638282 -0.329974 0.695495
    outer loop
      vertex 8.63957 -5.35 11.6701
      vertex 8.57698 -5.63189 11.5938
      vertex 8.58075 -5.63345 11.5896
    endloop
  endfacet
  facet normal 0.394259 -0.329705 -0.85782
    outer loop
      vertex 8.55846 -5.62422 11.3906
      vertex 8.55394 -5.62234 11.3878
      vertex 8.60371 -5.35 11.306
    endloop
  endfacet
  facet normal 0.85322 -0.330021 -0.403858
    outer loop
      vertex 8.70325 -5.35 11.4158
      vertex 8.60579 -5.64382 11.45
      vertex 8.69402 -5.35 11.3963
    endloop
  endfacet
  facet normal 0.853255 -0.330024 -0.403783
    outer loop
      vertex 8.60579 -5.64382 11.45
      vertex 8.70325 -5.35 11.4158
      vertex 8.60795 -5.64472 11.4553
    endloop
  endfacet
  facet normal -0.394259 -0.329705 0.85782
    outer loop
      vertex 8.44606 -5.62234 11.6122
      vertex 8.39629 -5.35 11.694
      vertex 8.44154 -5.62422 11.6094
    endloop
  endfacet
  facet normal -0.887991 -0.329974 0.320296
    outer loop
      vertex 8.39037 -5.64541 11.5393
      vertex 8.28947 -5.35 11.5639
      vertex 8.38865 -5.64612 11.5338
    endloop
  endfacet
  facet normal 0.476498 -0.329633 -0.815041
    outer loop
      vertex 8.56281 -5.62602 11.394
      vertex 8.62222 -5.35 11.3171
      vertex 8.56813 -5.62822 11.398
    endloop
  endfacet
  facet normal 0.485474 -0.330039 -0.809561
    outer loop
      vertex 8.62222 -5.35 11.3171
      vertex 8.56281 -5.62602 11.394
      vertex 8.60371 -5.35 11.306
    endloop
  endfacet
  facet normal -0.915703 -0.330007 -0.229311
    outer loop
      vertex 8.38741 -5.64664 11.4719
      vertex 8.28947 -5.35 11.4361
      vertex 8.38865 -5.64612 11.4662
    endloop
  endfacet
  facet normal 0.406015 -0.330026 0.852194
    outer loop
      vertex 8.54804 -5.6199 11.616
      vertex 8.60371 -5.35 11.694
      vertex 8.58419 -5.35 11.7033
    endloop
  endfacet
  facet normal 0.410736 -0.330313 0.849817
    outer loop
      vertex 8.60371 -5.35 11.694
      vertex 8.54804 -5.6199 11.616
      vertex 8.55394 -5.62234 11.6122
    endloop
  endfacet
  facet normal 0.634112 -0.330029 -0.699273
    outer loop
      vertex 8.58498 -5.6352 11.415
      vertex 8.63957 -5.35 11.3299
      vertex 8.65556 -5.35 11.3444
    endloop
  endfacet
  facet normal 0.628784 -0.33039 -0.703899
    outer loop
      vertex 8.63957 -5.35 11.3299
      vertex 8.58498 -5.6352 11.415
      vertex 8.58075 -5.63345 11.4104
    endloop
  endfacet
  facet normal 0.809473 -0.329948 0.485684
    outer loop
      vertex 8.59832 -5.64072 11.5657
      vertex 8.69402 -5.35 11.6037
      vertex 8.68292 -5.35 11.6222
    endloop
  endfacet
  facet normal 0.808619 -0.32986 0.487162
    outer loop
      vertex 8.69402 -5.35 11.6037
      vertex 8.59832 -5.64072 11.5657
      vertex 8.601 -5.64183 11.5605
    endloop
  endfacet
  facet normal 0.410736 -0.330313 -0.849817
    outer loop
      vertex 8.54804 -5.6199 11.384
      vertex 8.60371 -5.35 11.306
      vertex 8.55394 -5.62234 11.3878
    endloop
  endfacet
  facet normal 0.406015 -0.330026 -0.852194
    outer loop
      vertex 8.60371 -5.35 11.306
      vertex 8.54804 -5.6199 11.384
      vertex 8.58419 -5.35 11.2967
    endloop
  endfacet
  facet normal -0.569351 -0.329673 0.753097
    outer loop
      vertex 8.37778 -5.35 11.6829
      vertex 8.42707 -5.63021 11.5975
      vertex 8.43187 -5.62822 11.602
    endloop
  endfacet
  facet normal -0.5604 -0.330082 0.759604
    outer loop
      vertex 8.42707 -5.63021 11.5975
      vertex 8.37778 -5.35 11.6829
      vertex 8.36043 -5.35 11.6701
    endloop
  endfacet
  facet normal -0.942851 -0.329986 0.0462696
    outer loop
      vertex 8.28 -5.35 11.5
      vertex 8.38451 -5.64784 11.5055
      vertex 8.28106 -5.35 11.5216
    endloop
  endfacet
  facet normal -0.942905 -0.330031 0.0448311
    outer loop
      vertex 8.38451 -5.64784 11.5055
      vertex 8.28 -5.35 11.5
      vertex 8.38428 -5.64793 11.5
    endloop
  endfacet
  facet normal 0.933698 -0.329997 -0.138959
    outer loop
      vertex 8.71894 -5.35 11.4784
      vertex 8.61453 -5.64744 11.4832
      vertex 8.71577 -5.35 11.4571
    endloop
  endfacet
  facet normal 0.933491 -0.329949 -0.140456
    outer loop
      vertex 8.61453 -5.64744 11.4832
      vertex 8.71894 -5.35 11.4784
      vertex 8.61524 -5.64773 11.4886
    endloop
  endfacet
  facet normal 0.887991 -0.329974 -0.320296
    outer loop
      vertex 8.61135 -5.64612 11.4662
      vertex 8.60963 -5.64541 11.4607
      vertex 8.71053 -5.35 11.4361
    endloop
  endfacet
  facet normal 0.88856 -0.330031 -0.318656
    outer loop
      vertex 8.71053 -5.35 11.4361
      vertex 8.60795 -5.64472 11.4553
      vertex 8.70325 -5.35 11.4158
    endloop
  endfacet
  facet normal 0.888573 -0.330033 -0.318616
    outer loop
      vertex 8.60795 -5.64472 11.4553
      vertex 8.71053 -5.35 11.4361
      vertex 8.60963 -5.64541 11.4607
    endloop
  endfacet
  facet normal 0.0421843 -0.3296 -0.943178
    outer loop
      vertex 8.5 -5.6 11.3675
      vertex 8.52156 -5.35 11.2811
      vertex 8.50791 -5.60328 11.369
    endloop
  endfacet
  facet normal 0.0481003 -0.329968 -0.942766
    outer loop
      vertex 8.52156 -5.35 11.2811
      vertex 8.5 -5.6 11.3675
      vertex 8.5 -5.35 11.28
    endloop
  endfacet
  facet normal 0.131619 -0.329906 -0.934793
    outer loop
      vertex 8.52514 -5.61041 11.3736
      vertex 8.52026 -5.60839 11.3722
      vertex 8.54292 -5.35 11.2842
    endloop
  endfacet
  facet normal 0.315119 -0.330159 0.889773
    outer loop
      vertex 8.54165 -5.61725 11.6192
      vertex 8.58419 -5.35 11.7033
      vertex 8.56386 -5.35 11.7105
    endloop
  endfacet
  facet normal 0.309747 -0.329924 0.891744
    outer loop
      vertex 8.58419 -5.35 11.7033
      vertex 8.54165 -5.61725 11.6192
      vertex 8.54804 -5.6199 11.616
    endloop
  endfacet
  facet normal 0 1 0
    outer loop
      vertex 8.52156 -5.35 11.7189
      vertex 8.47844 -5.35 11.7189
      vertex 8.5 -5.35 11.72
    endloop
  endfacet
  facet normal 0 1 0
    outer loop
      vertex 8.54292 -5.35 11.7158
      vertex 8.47844 -5.35 11.7189
      vertex 8.52156 -5.35 11.7189
    endloop
  endfacet
  facet normal 0 1 0
    outer loop
      vertex 8.54292 -5.35 11.7158
      vertex 8.45708 -5.35 11.7158
      vertex 8.47844 -5.35 11.7189
    endloop
  endfacet
  facet normal 0 1 0
    outer loop
      vertex 8.56386 -5.35 11.7105
      vertex 8.45708 -5.35 11.7158
      vertex 8.54292 -5.35 11.7158
    endloop
  endfacet
  facet normal 0 1 0
    outer loop
      vertex 8.56386 -5.35 11.7105
      vertex 8.43614 -5.35 11.7105
      vertex 8.45708 -5.35 11.7158
    endloop
  endfacet
  facet normal 0 1 0
    outer loop
      vertex 8.58419 -5.35 11.7033
      vertex 8.43614 -5.35 11.7105
      vertex 8.56386 -5.35 11.7105
    endloop
  endfacet
  facet normal 0 1 0
    outer loop
      vertex 8.58419 -5.35 11.7033
      vertex 8.41581 -5.35 11.7033
      vertex 8.43614 -5.35 11.7105
    endloop
  endfacet
  facet normal 0 1 0
    outer loop
      vertex 8.60371 -5.35 11.694
      vertex 8.41581 -5.35 11.7033
      vertex 8.58419 -5.35 11.7033
    endloop
  endfacet
  facet normal 0 1 0
    outer loop
      vertex 8.60371 -5.35 11.694
      vertex 8.39629 -5.35 11.694
      vertex 8.41581 -5.35 11.7033
    endloop
  endfacet
  facet normal 0 1 0
    outer loop
      vertex 8.62222 -5.35 11.6829
      vertex 8.39629 -5.35 11.694
      vertex 8.60371 -5.35 11.694
    endloop
  endfacet
  facet normal 0 1 0
    outer loop
      vertex 8.62222 -5.35 11.6829
      vertex 8.37778 -5.35 11.6829
      vertex 8.39629 -5.35 11.694
    endloop
  endfacet
  facet normal 0 1 0
    outer loop
      vertex 8.63957 -5.35 11.6701
      vertex 8.37778 -5.35 11.6829
      vertex 8.62222 -5.35 11.6829
    endloop
  endfacet
  facet normal 0 1 0
    outer loop
      vertex 8.63957 -5.35 11.6701
      vertex 8.36043 -5.35 11.6701
      vertex 8.37778 -5.35 11.6829
    endloop
  endfacet
  facet normal 0 1 0
    outer loop
      vertex 8.65556 -5.35 11.6556
      vertex 8.36043 -5.35 11.6701
      vertex 8.63957 -5.35 11.6701
    endloop
  endfacet
  facet normal 0 1 0
    outer loop
      vertex 8.65556 -5.35 11.6556
      vertex 8.34444 -5.35 11.6556
      vertex 8.36043 -5.35 11.6701
    endloop
  endfacet
  facet normal 0 1 0
    outer loop
      vertex 8.67006 -5.35 11.6396
      vertex 8.34444 -5.35 11.6556
      vertex 8.65556 -5.35 11.6556
    endloop
  endfacet
  facet normal 0 1 0
    outer loop
      vertex 8.67006 -5.35 11.6396
      vertex 8.32994 -5.35 11.6396
      vertex 8.34444 -5.35 11.6556
    endloop
  endfacet
  facet normal 0 1 0
    outer loop
      vertex 8.68292 -5.35 11.6222
      vertex 8.32994 -5.35 11.6396
      vertex 8.67006 -5.35 11.6396
    endloop
  endfacet
  facet normal 0 1 0
    outer loop
      vertex 8.68292 -5.35 11.6222
      vertex 8.31708 -5.35 11.6222
      vertex 8.32994 -5.35 11.6396
    endloop
  endfacet
  facet normal 0 1 0
    outer loop
      vertex 8.69402 -5.35 11.6037
      vertex 8.31708 -5.35 11.6222
      vertex 8.68292 -5.35 11.6222
    endloop
  endfacet
  facet normal 0 1 0
    outer loop
      vertex 8.69402 -5.35 11.6037
      vertex 8.30598 -5.35 11.6037
      vertex 8.31708 -5.35 11.6222
    endloop
  endfacet
  facet normal 0 1 0
    outer loop
      vertex 8.70325 -5.35 11.5842
      vertex 8.30598 -5.35 11.6037
      vertex 8.69402 -5.35 11.6037
    endloop
  endfacet
  facet normal 0 1 0
    outer loop
      vertex 8.70325 -5.35 11.5842
      vertex 8.29675 -5.35 11.5842
      vertex 8.30598 -5.35 11.6037
    endloop
  endfacet
  facet normal 0 1 0
    outer loop
      vertex 8.71053 -5.35 11.5639
      vertex 8.29675 -5.35 11.5842
      vertex 8.70325 -5.35 11.5842
    endloop
  endfacet
  facet normal 0 1 0
    outer loop
      vertex 8.71053 -5.35 11.5639
      vertex 8.28947 -5.35 11.5639
      vertex 8.29675 -5.35 11.5842
    endloop
  endfacet
  facet normal 0 1 0
    outer loop
      vertex 8.71577 -5.35 11.5429
      vertex 8.28947 -5.35 11.5639
      vertex 8.71053 -5.35 11.5639
    endloop
  endfacet
  facet normal 0 1 0
    outer loop
      vertex 8.71577 -5.35 11.5429
      vertex 8.28423 -5.35 11.5429
      vertex 8.28947 -5.35 11.5639
    endloop
  endfacet
  facet normal 0 1 0
    outer loop
      vertex 8.71894 -5.35 11.5216
      vertex 8.28423 -5.35 11.5429
      vertex 8.71577 -5.35 11.5429
    endloop
  endfacet
  facet normal 0 1 0
    outer loop
      vertex 8.71894 -5.35 11.5216
      vertex 8.28106 -5.35 11.5216
      vertex 8.28423 -5.35 11.5429
    endloop
  endfacet
  facet normal 0 1 0
    outer loop
      vertex 8.72 -5.35 11.5
      vertex 8.28106 -5.35 11.5216
      vertex 8.71894 -5.35 11.5216
    endloop
  endfacet
  facet normal 0 1 0
    outer loop
      vertex 8.72 -5.35 11.5
      vertex 8.28 -5.35 11.5
      vertex 8.28106 -5.35 11.5216
    endloop
  endfacet
  facet normal 0 1 -0
    outer loop
      vertex 8.71894 -5.35 11.4784
      vertex 8.28 -5.35 11.5
      vertex 8.72 -5.35 11.5
    endloop
  endfacet
  facet normal 0 1 0
    outer loop
      vertex 8.71894 -5.35 11.4784
      vertex 8.28106 -5.35 11.4784
      vertex 8.28 -5.35 11.5
    endloop
  endfacet
  facet normal 0 1 -0
    outer loop
      vertex 8.71577 -5.35 11.4571
      vertex 8.28106 -5.35 11.4784
      vertex 8.71894 -5.35 11.4784
    endloop
  endfacet
  facet normal 0 1 0
    outer loop
      vertex 8.71577 -5.35 11.4571
      vertex 8.28423 -5.35 11.4571
      vertex 8.28106 -5.35 11.4784
    endloop
  endfacet
  facet normal 0 1 -0
    outer loop
      vertex 8.71053 -5.35 11.4361
      vertex 8.28423 -5.35 11.4571
      vertex 8.71577 -5.35 11.4571
    endloop
  endfacet
  facet normal 0 1 0
    outer loop
      vertex 8.71053 -5.35 11.4361
      vertex 8.28947 -5.35 11.4361
      vertex 8.28423 -5.35 11.4571
    endloop
  endfacet
  facet normal 0 1 -0
    outer loop
      vertex 8.70325 -5.35 11.4158
      vertex 8.28947 -5.35 11.4361
      vertex 8.71053 -5.35 11.4361
    endloop
  endfacet
  facet normal 0 1 0
    outer loop
      vertex 8.70325 -5.35 11.4158
      vertex 8.29675 -5.35 11.4158
      vertex 8.28947 -5.35 11.4361
    endloop
  endfacet
  facet normal 0 1 -0
    outer loop
      vertex 8.69402 -5.35 11.3963
      vertex 8.29675 -5.35 11.4158
      vertex 8.70325 -5.35 11.4158
    endloop
  endfacet
  facet normal 0 1 0
    outer loop
      vertex 8.69402 -5.35 11.3963
      vertex 8.30598 -5.35 11.3963
      vertex 8.29675 -5.35 11.4158
    endloop
  endfacet
  facet normal 0 1 -0
    outer loop
      vertex 8.68292 -5.35 11.3778
      vertex 8.30598 -5.35 11.3963
      vertex 8.69402 -5.35 11.3963
    endloop
  endfacet
  facet normal 0 1 0
    outer loop
      vertex 8.68292 -5.35 11.3778
      vertex 8.31708 -5.35 11.3778
      vertex 8.30598 -5.35 11.3963
    endloop
  endfacet
  facet normal 0 1 -0
    outer loop
      vertex 8.67006 -5.35 11.3604
      vertex 8.31708 -5.35 11.3778
      vertex 8.68292 -5.35 11.3778
    endloop
  endfacet
  facet normal 0 1 0
    outer loop
      vertex 8.67006 -5.35 11.3604
      vertex 8.32994 -5.35 11.3604
      vertex 8.31708 -5.35 11.3778
    endloop
  endfacet
  facet normal 0 1 -0
    outer loop
      vertex 8.65556 -5.35 11.3444
      vertex 8.32994 -5.35 11.3604
      vertex 8.67006 -5.35 11.3604
    endloop
  endfacet
  facet normal 0 1 0
    outer loop
      vertex 8.65556 -5.35 11.3444
      vertex 8.34444 -5.35 11.3444
      vertex 8.32994 -5.35 11.3604
    endloop
  endfacet
  facet normal 0 1 -0
    outer loop
      vertex 8.63957 -5.35 11.3299
      vertex 8.34444 -5.35 11.3444
      vertex 8.65556 -5.35 11.3444
    endloop
  endfacet
  facet normal 0 1 0
    outer loop
      vertex 8.63957 -5.35 11.3299
      vertex 8.36043 -5.35 11.3299
      vertex 8.34444 -5.35 11.3444
    endloop
  endfacet
  facet normal 0 1 -0
    outer loop
      vertex 8.62222 -5.35 11.3171
      vertex 8.36043 -5.35 11.3299
      vertex 8.63957 -5.35 11.3299
    endloop
  endfacet
  facet normal 0 1 0
    outer loop
      vertex 8.62222 -5.35 11.3171
      vertex 8.37778 -5.35 11.3171
      vertex 8.36043 -5.35 11.3299
    endloop
  endfacet
  facet normal 0 1 -0
    outer loop
      vertex 8.60371 -5.35 11.306
      vertex 8.37778 -5.35 11.3171
      vertex 8.62222 -5.35 11.3171
    endloop
  endfacet
  facet normal 0 1 0
    outer loop
      vertex 8.60371 -5.35 11.306
      vertex 8.39629 -5.35 11.306
      vertex 8.37778 -5.35 11.3171
    endloop
  endfacet
  facet normal 0 1 -0
    outer loop
      vertex 8.58419 -5.35 11.2967
      vertex 8.39629 -5.35 11.306
      vertex 8.60371 -5.35 11.306
    endloop
  endfacet
  facet normal 0 1 0
    outer loop
      vertex 8.58419 -5.35 11.2967
      vertex 8.41581 -5.35 11.2967
      vertex 8.39629 -5.35 11.306
    endloop
  endfacet
  facet normal 0 1 -0
    outer loop
      vertex 8.56386 -5.35 11.2895
      vertex 8.41581 -5.35 11.2967
      vertex 8.58419 -5.35 11.2967
    endloop
  endfacet
  facet normal 0 1 0
    outer loop
      vertex 8.56386 -5.35 11.2895
      vertex 8.43614 -5.35 11.2895
      vertex 8.41581 -5.35 11.2967
    endloop
  endfacet
  facet normal 0 1 -0
    outer loop
      vertex 8.54292 -5.35 11.2842
      vertex 8.43614 -5.35 11.2895
      vertex 8.56386 -5.35 11.2895
    endloop
  endfacet
  facet normal 0 1 0
    outer loop
      vertex 8.54292 -5.35 11.2842
      vertex 8.45708 -5.35 11.2842
      vertex 8.43614 -5.35 11.2895
    endloop
  endfacet
  facet normal 0 1 -0
    outer loop
      vertex 8.52156 -5.35 11.2811
      vertex 8.45708 -5.35 11.2842
      vertex 8.54292 -5.35 11.2842
    endloop
  endfacet
  facet normal 0 1 0
    outer loop
      vertex 8.52156 -5.35 11.2811
      vertex 8.47844 -5.35 11.2811
      vertex 8.45708 -5.35 11.2842
    endloop
  endfacet
  facet normal -0 1 0
    outer loop
      vertex 8.47844 -5.35 11.2811
      vertex 8.52156 -5.35 11.2811
      vertex 8.5 -5.35 11.28
    endloop
  endfacet
  facet normal 0.5604 -0.330082 -0.759604
    outer loop
      vertex 8.57293 -5.63021 11.4025
      vertex 8.62222 -5.35 11.3171
      vertex 8.63957 -5.35 11.3299
    endloop
  endfacet
  facet normal 0.569351 -0.329673 -0.753097
    outer loop
      vertex 8.62222 -5.35 11.3171
      vertex 8.57293 -5.63021 11.4025
      vertex 8.56813 -5.62822 11.398
    endloop
  endfacet
  facet normal -0.315119 -0.330159 0.889773
    outer loop
      vertex 8.41581 -5.35 11.7033
      vertex 8.45835 -5.61725 11.6192
      vertex 8.43614 -5.35 11.7105
    endloop
  endfacet
  facet normal -0.309747 -0.329924 0.891744
    outer loop
      vertex 8.45835 -5.61725 11.6192
      vertex 8.41581 -5.35 11.7033
      vertex 8.45196 -5.6199 11.616
    endloop
  endfacet
  facet normal 0.915905 -0.329981 -0.22854
    outer loop
      vertex 8.71577 -5.35 11.4571
      vertex 8.61259 -5.64664 11.4719
      vertex 8.71053 -5.35 11.4361
    endloop
  endfacet
  facet normal 0.916124 -0.330011 -0.227617
    outer loop
      vertex 8.61259 -5.64664 11.4719
      vertex 8.71577 -5.35 11.4571
      vertex 8.61378 -5.64713 11.4774
    endloop
  endfacet
  facet normal 0.638282 -0.329974 -0.695495
    outer loop
      vertex 8.58075 -5.63345 11.4104
      vertex 8.57698 -5.63189 11.4062
      vertex 8.63957 -5.35 11.3299
    endloop
  endfacet
  facet normal 0.634112 -0.330029 0.699273
    outer loop
      vertex 8.63957 -5.35 11.6701
      vertex 8.58498 -5.6352 11.585
      vertex 8.65556 -5.35 11.6556
    endloop
  endfacet
  facet normal 0.628784 -0.33039 0.703899
    outer loop
      vertex 8.58498 -5.6352 11.585
      vertex 8.63957 -5.35 11.6701
      vertex 8.58075 -5.63345 11.5896
    endloop
  endfacet
  facet normal 0.942852 -0.329983 -0.0462696
    outer loop
      vertex 8.72 -5.35 11.5
      vertex 8.61524 -5.64773 11.4886
      vertex 8.71894 -5.35 11.4784
    endloop
  endfacet
  facet normal 0.942903 -0.330064 -0.0446204
    outer loop
      vertex 8.61524 -5.64773 11.4886
      vertex 8.72 -5.35 11.5
      vertex 8.61547 -5.64783 11.4942
    endloop
  endfacet
  facet normal 0.5604 -0.330082 0.759604
    outer loop
      vertex 8.62222 -5.35 11.6829
      vertex 8.57293 -5.63021 11.5975
      vertex 8.63957 -5.35 11.6701
    endloop
  endfacet
  facet normal 0.569351 -0.329673 0.753097
    outer loop
      vertex 8.57293 -5.63021 11.5975
      vertex 8.62222 -5.35 11.6829
      vertex 8.56813 -5.62822 11.602
    endloop
  endfacet
  facet normal 0.492895 -0.329743 0.805186
    outer loop
      vertex 8.60371 -5.35 11.694
      vertex 8.55846 -5.62422 11.6094
      vertex 8.56281 -5.62602 11.606
    endloop
  endfacet
  facet normal -0.88856 -0.330031 0.318656
    outer loop
      vertex 8.28947 -5.35 11.5639
      vertex 8.39205 -5.64472 11.5447
      vertex 8.29675 -5.35 11.5842
    endloop
  endfacet
  facet normal -0.888573 -0.330033 0.318616
    outer loop
      vertex 8.39205 -5.64472 11.5447
      vertex 8.28947 -5.35 11.5639
      vertex 8.39037 -5.64541 11.5393
    endloop
  endfacet
  facet normal -0.410736 -0.330313 -0.849817
    outer loop
      vertex 8.39629 -5.35 11.306
      vertex 8.45196 -5.6199 11.384
      vertex 8.44606 -5.62234 11.3878
    endloop
  endfacet
  facet normal -0.406015 -0.330026 -0.852194
    outer loop
      vertex 8.45196 -5.6199 11.384
      vertex 8.39629 -5.35 11.306
      vertex 8.41581 -5.35 11.2967
    endloop
  endfacet
  facet normal -0.933698 -0.329997 0.138959
    outer loop
      vertex 8.28106 -5.35 11.5216
      vertex 8.38547 -5.64744 11.5168
      vertex 8.28423 -5.35 11.5429
    endloop
  endfacet
  facet normal -0.933836 -0.33003 0.137951
    outer loop
      vertex 8.38547 -5.64744 11.5168
      vertex 8.28106 -5.35 11.5216
      vertex 8.38476 -5.64773 11.5113
    endloop
  endfacet
  facet normal 0.80989 -0.329944 0.48499
    outer loop
      vertex 8.69402 -5.35 11.6037
      vertex 8.601 -5.64183 11.5605
      vertex 8.60361 -5.64292 11.5554
    endloop
  endfacet
  facet normal -0.492895 -0.329743 0.805186
    outer loop
      vertex 8.44154 -5.62422 11.6094
      vertex 8.39629 -5.35 11.694
      vertex 8.43719 -5.62602 11.606
    endloop
  endfacet
  facet normal 0.558429 -0.329998 -0.76109
    outer loop
      vertex 8.57698 -5.63189 11.4062
      vertex 8.57293 -5.63021 11.4025
      vertex 8.63957 -5.35 11.3299
    endloop
  endfacet
  facet normal -0.915905 -0.329981 0.22854
    outer loop
      vertex 8.28423 -5.35 11.5429
      vertex 8.38741 -5.64664 11.5281
      vertex 8.28947 -5.35 11.5639
    endloop
  endfacet
  facet normal -0.916124 -0.330011 0.227617
    outer loop
      vertex 8.38741 -5.64664 11.5281
      vertex 8.28423 -5.35 11.5429
      vertex 8.38622 -5.64713 11.5226
    endloop
  endfacet
  facet normal 0.699472 -0.330021 -0.633897
    outer loop
      vertex 8.67006 -5.35 11.3604
      vertex 8.58498 -5.6352 11.415
      vertex 8.65556 -5.35 11.3444
    endloop
  endfacet
  facet normal 0.69903 -0.329985 -0.634402
    outer loop
      vertex 8.58498 -5.6352 11.415
      vertex 8.67006 -5.35 11.3604
      vertex 8.5887 -5.63674 11.4199
    endloop
  endfacet
  facet normal -0.942813 -0.330006 0.0468972
    outer loop
      vertex 8.38476 -5.64773 11.5113
      vertex 8.28106 -5.35 11.5216
      vertex 8.38451 -5.64784 11.5055
    endloop
  endfacet
  facet normal 0.225671 -0.329768 -0.916693
    outer loop
      vertex 8.53691 -5.61529 11.3783
      vertex 8.5321 -5.6133 11.3764
      vertex 8.56386 -5.35 11.2895
    endloop
  endfacet
  facet normal 0.80989 -0.329944 -0.48499
    outer loop
      vertex 8.60361 -5.64292 11.4446
      vertex 8.601 -5.64183 11.4395
      vertex 8.69402 -5.35 11.3963
    endloop
  endfacet
  facet normal -0.225671 -0.329768 0.916693
    outer loop
      vertex 8.4679 -5.6133 11.6236
      vertex 8.43614 -5.35 11.7105
      vertex 8.46309 -5.61529 11.6217
    endloop
  endfacet
  facet normal 0.70053 -0.330059 -0.632708
    outer loop
      vertex 8.5921 -5.63815 11.4244
      vertex 8.5887 -5.63674 11.4199
      vertex 8.67006 -5.35 11.3604
    endloop
  endfacet
  facet normal -0.330209 -0.329608 0.884489
    outer loop
      vertex 8.46309 -5.61529 11.6217
      vertex 8.43614 -5.35 11.7105
      vertex 8.45835 -5.61725 11.6192
    endloop
  endfacet
  facet normal 0.135583 -0.32996 0.934208
    outer loop
      vertex 8.5128 -5.6053 11.63
      vertex 8.54292 -5.35 11.7158
      vertex 8.52156 -5.35 11.7189
    endloop
  endfacet
  facet normal 0.138604 -0.330145 0.933699
    outer loop
      vertex 8.54292 -5.35 11.7158
      vertex 8.5128 -5.6053 11.63
      vertex 8.52026 -5.60839 11.6278
    endloop
  endfacet
  facet normal 0.321438 -0.330125 -0.887522
    outer loop
      vertex 8.54165 -5.61725 11.3807
      vertex 8.58419 -5.35 11.2967
      vertex 8.54804 -5.6199 11.384
    endloop
  endfacet
  facet normal 0.315153 -0.329862 -0.88987
    outer loop
      vertex 8.58419 -5.35 11.2967
      vertex 8.54165 -5.61725 11.3807
      vertex 8.56386 -5.35 11.2895
    endloop
  endfacet
  facet normal -0.942852 -0.329983 -0.0462696
    outer loop
      vertex 8.38476 -5.64773 11.4886
      vertex 8.28 -5.35 11.5
      vertex 8.28106 -5.35 11.4784
    endloop
  endfacet
  facet normal -0.942903 -0.330064 -0.0446204
    outer loop
      vertex 8.28 -5.35 11.5
      vertex 8.38476 -5.64773 11.4886
      vertex 8.38453 -5.64783 11.4942
    endloop
  endfacet
  facet normal -0.70053 -0.330059 0.632708
    outer loop
      vertex 8.4113 -5.63674 11.5801
      vertex 8.32994 -5.35 11.6396
      vertex 8.4079 -5.63815 11.5756
    endloop
  endfacet
  facet normal 0.0563546 -0.330052 -0.942279
    outer loop
      vertex 8.5128 -5.6053 11.37
      vertex 8.50791 -5.60328 11.369
      vertex 8.52156 -5.35 11.2811
    endloop
  endfacet
  facet normal 0.855017 -0.329884 0.400154
    outer loop
      vertex 8.69402 -5.35 11.6037
      vertex 8.60361 -5.64292 11.5554
      vertex 8.60579 -5.64382 11.55
    endloop
  endfacet
  facet normal -0.94284 -0.330008 -0.0463295
    outer loop
      vertex 8.38428 -5.64793 11.5
      vertex 8.28 -5.35 11.5
      vertex 8.38453 -5.64783 11.4942
    endloop
  endfacet
  facet normal -0.492895 -0.329743 -0.805186
    outer loop
      vertex 8.43719 -5.62602 11.394
      vertex 8.39629 -5.35 11.306
      vertex 8.44154 -5.62422 11.3906
    endloop
  endfacet
  facet normal -0.699472 -0.330021 0.633897
    outer loop
      vertex 8.32994 -5.35 11.6396
      vertex 8.41502 -5.6352 11.585
      vertex 8.34444 -5.35 11.6556
    endloop
  endfacet
  facet normal -0.69903 -0.329985 0.634402
    outer loop
      vertex 8.41502 -5.6352 11.585
      vertex 8.32994 -5.35 11.6396
      vertex 8.4113 -5.63674 11.5801
    endloop
  endfacet
  facet normal 0.761817 -0.329931 -0.557477
    outer loop
      vertex 8.59514 -5.63941 11.4293
      vertex 8.5921 -5.63815 11.4244
      vertex 8.67006 -5.35 11.3604
    endloop
  endfacet
  facet normal 0.558429 -0.329998 0.76109
    outer loop
      vertex 8.63957 -5.35 11.6701
      vertex 8.57293 -5.63021 11.5975
      vertex 8.57698 -5.63189 11.5938
    endloop
  endfacet
  facet normal 0.94284 -0.330008 -0.0463295
    outer loop
      vertex 8.61572 -5.64793 11.5
      vertex 8.61547 -5.64783 11.4942
      vertex 8.72 -5.35 11.5
    endloop
  endfacet
  facet normal -0.85322 -0.330021 -0.403858
    outer loop
      vertex 8.39421 -5.64382 11.45
      vertex 8.29675 -5.35 11.4158
      vertex 8.30598 -5.35 11.3963
    endloop
  endfacet
  facet normal -0.853255 -0.330024 -0.403783
    outer loop
      vertex 8.29675 -5.35 11.4158
      vertex 8.39421 -5.64382 11.45
      vertex 8.39205 -5.64472 11.4553
    endloop
  endfacet
  facet normal 0.942851 -0.329986 0.0462696
    outer loop
      vertex 8.61549 -5.64784 11.5055
      vertex 8.72 -5.35 11.5
      vertex 8.71894 -5.35 11.5216
    endloop
  endfacet
  facet normal 0.942905 -0.330031 0.0448311
    outer loop
      vertex 8.72 -5.35 11.5
      vertex 8.61549 -5.64784 11.5055
      vertex 8.61572 -5.64793 11.5
    endloop
  endfacet
  facet normal 0.761817 -0.329931 0.557477
    outer loop
      vertex 8.67006 -5.35 11.6396
      vertex 8.5921 -5.63815 11.5756
      vertex 8.59514 -5.63941 11.5707
    endloop
  endfacet
  facet normal -0.855017 -0.329884 -0.400154
    outer loop
      vertex 8.39421 -5.64382 11.45
      vertex 8.30598 -5.35 11.3963
      vertex 8.39639 -5.64292 11.4446
    endloop
  endfacet
  facet normal -0.558429 -0.329998 0.76109
    outer loop
      vertex 8.42707 -5.63021 11.5975
      vertex 8.36043 -5.35 11.6701
      vertex 8.42302 -5.63189 11.5938
    endloop
  endfacet
  facet normal -0.138604 -0.330145 -0.933699
    outer loop
      vertex 8.45708 -5.35 11.2842
      vertex 8.4872 -5.6053 11.37
      vertex 8.47974 -5.60839 11.3722
    endloop
  endfacet
  facet normal -0.135583 -0.32996 -0.934208
    outer loop
      vertex 8.4872 -5.6053 11.37
      vertex 8.45708 -5.35 11.2842
      vertex 8.47844 -5.35 11.2811
    endloop
  endfacet
  facet normal -0.809473 -0.329948 -0.485684
    outer loop
      vertex 8.40168 -5.64072 11.4343
      vertex 8.30598 -5.35 11.3963
      vertex 8.31708 -5.35 11.3778
    endloop
  endfacet
  facet normal -0.808619 -0.32986 -0.487162
    outer loop
      vertex 8.30598 -5.35 11.3963
      vertex 8.40168 -5.64072 11.4343
      vertex 8.399 -5.64183 11.4395
    endloop
  endfacet
  facet normal 0.759121 -0.330085 0.561052
    outer loop
      vertex 8.59514 -5.63941 11.5707
      vertex 8.68292 -5.35 11.6222
      vertex 8.67006 -5.35 11.6396
    endloop
  endfacet
  facet normal 0.755062 -0.329848 0.56664
    outer loop
      vertex 8.68292 -5.35 11.6222
      vertex 8.59514 -5.63941 11.5707
      vertex 8.59832 -5.64072 11.5657
    endloop
  endfacet
  facet normal -0.569351 -0.329673 -0.753097
    outer loop
      vertex 8.42707 -5.63021 11.4025
      vertex 8.37778 -5.35 11.3171
      vertex 8.43187 -5.62822 11.398
    endloop
  endfacet
  facet normal -0.5604 -0.330082 -0.759604
    outer loop
      vertex 8.37778 -5.35 11.3171
      vertex 8.42707 -5.63021 11.4025
      vertex 8.36043 -5.35 11.3299
    endloop
  endfacet
  facet normal 0.70053 -0.330059 0.632708
    outer loop
      vertex 8.67006 -5.35 11.6396
      vertex 8.5887 -5.63674 11.5801
      vertex 8.5921 -5.63815 11.5756
    endloop
  endfacet
  facet normal -0.915905 -0.329981 -0.22854
    outer loop
      vertex 8.38741 -5.64664 11.4719
      vertex 8.28423 -5.35 11.4571
      vertex 8.28947 -5.35 11.4361
    endloop
  endfacet
  facet normal -0.916124 -0.330011 -0.227617
    outer loop
      vertex 8.28423 -5.35 11.4571
      vertex 8.38741 -5.64664 11.4719
      vertex 8.38622 -5.64713 11.4774
    endloop
  endfacet
  facet normal 0.915905 -0.329981 0.22854
    outer loop
      vertex 8.61259 -5.64664 11.5281
      vertex 8.71577 -5.35 11.5429
      vertex 8.71053 -5.35 11.5639
    endloop
  endfacet
  facet normal 0.916124 -0.330011 0.227617
    outer loop
      vertex 8.71577 -5.35 11.5429
      vertex 8.61259 -5.64664 11.5281
      vertex 8.61378 -5.64713 11.5226
    endloop
  endfacet
  facet normal 0.314304 -0.329891 -0.89016
    outer loop
      vertex 8.54165 -5.61725 11.3807
      vertex 8.53691 -5.61529 11.3783
      vertex 8.56386 -5.35 11.2895
    endloop
  endfacet
  facet normal 0.0563546 -0.330052 0.942279
    outer loop
      vertex 8.52156 -5.35 11.7189
      vertex 8.50791 -5.60328 11.631
      vertex 8.5128 -5.6053 11.63
    endloop
  endfacet
  facet normal -0.406015 -0.330026 0.852194
    outer loop
      vertex 8.39629 -5.35 11.694
      vertex 8.45196 -5.6199 11.616
      vertex 8.41581 -5.35 11.7033
    endloop
  endfacet
  facet normal -0.410736 -0.330313 0.849817
    outer loop
      vertex 8.45196 -5.6199 11.616
      vertex 8.39629 -5.35 11.694
      vertex 8.44606 -5.62234 11.6122
    endloop
  endfacet
  facet normal -0.638282 -0.329974 -0.695495
    outer loop
      vertex 8.41925 -5.63345 11.4104
      vertex 8.36043 -5.35 11.3299
      vertex 8.42302 -5.63189 11.4062
    endloop
  endfacet
  facet normal 0.0481003 -0.329968 0.942766
    outer loop
      vertex 8.5 -5.6 11.6325
      vertex 8.52156 -5.35 11.7189
      vertex 8.5 -5.35 11.72
    endloop
  endfacet
  facet normal 0.0421843 -0.3296 0.943178
    outer loop
      vertex 8.52156 -5.35 11.7189
      vertex 8.5 -5.6 11.6325
      vertex 8.50791 -5.60328 11.631
    endloop
  endfacet
  facet normal -0.80989 -0.329944 0.48499
    outer loop
      vertex 8.399 -5.64183 11.5605
      vertex 8.30598 -5.35 11.6037
      vertex 8.39639 -5.64292 11.5554
    endloop
  endfacet
  facet normal -0.759121 -0.330085 0.561052
    outer loop
      vertex 8.31708 -5.35 11.6222
      vertex 8.40486 -5.63941 11.5707
      vertex 8.32994 -5.35 11.6396
    endloop
  endfacet
  facet normal -0.755062 -0.329848 0.56664
    outer loop
      vertex 8.40486 -5.63941 11.5707
      vertex 8.31708 -5.35 11.6222
      vertex 8.40168 -5.64072 11.5657
    endloop
  endfacet
  facet normal 0.485474 -0.330039 0.809561
    outer loop
      vertex 8.56281 -5.62602 11.606
      vertex 8.62222 -5.35 11.6829
      vertex 8.60371 -5.35 11.694
    endloop
  endfacet
  facet normal 0.476498 -0.329633 0.815041
    outer loop
      vertex 8.62222 -5.35 11.6829
      vertex 8.56281 -5.62602 11.606
      vertex 8.56813 -5.62822 11.602
    endloop
  endfacet
  facet normal 0.492895 -0.329743 -0.805186
    outer loop
      vertex 8.56281 -5.62602 11.394
      vertex 8.55846 -5.62422 11.3906
      vertex 8.60371 -5.35 11.306
    endloop
  endfacet
  facet normal -0.314304 -0.329891 -0.89016
    outer loop
      vertex 8.45835 -5.61725 11.3807
      vertex 8.43614 -5.35 11.2895
      vertex 8.46309 -5.61529 11.3783
    endloop
  endfacet
  facet normal -0.321438 -0.330125 -0.887522
    outer loop
      vertex 8.41581 -5.35 11.2967
      vertex 8.45835 -5.61725 11.3807
      vertex 8.45196 -5.6199 11.384
    endloop
  endfacet
  facet normal -0.315153 -0.329862 -0.88987
    outer loop
      vertex 8.45835 -5.61725 11.3807
      vertex 8.41581 -5.35 11.2967
      vertex 8.43614 -5.35 11.2895
    endloop
  endfacet
  facet normal 0.131619 -0.329906 0.934793
    outer loop
      vertex 8.54292 -5.35 11.7158
      vertex 8.52026 -5.60839 11.6278
      vertex 8.52514 -5.61041 11.6264
    endloop
  endfacet
  facet normal 0.225671 -0.329768 0.916693
    outer loop
      vertex 8.56386 -5.35 11.7105
      vertex 8.5321 -5.6133 11.6236
      vertex 8.53691 -5.61529 11.6217
    endloop
  endfacet
  facet normal -0.485474 -0.330039 0.809561
    outer loop
      vertex 8.37778 -5.35 11.6829
      vertex 8.43719 -5.62602 11.606
      vertex 8.39629 -5.35 11.694
    endloop
  endfacet
  facet normal -0.476498 -0.329633 0.815041
    outer loop
      vertex 8.43719 -5.62602 11.606
      vertex 8.37778 -5.35 11.6829
      vertex 8.43187 -5.62822 11.602
    endloop
  endfacet
  facet normal -0.135583 -0.32996 0.934208
    outer loop
      vertex 8.45708 -5.35 11.7158
      vertex 8.4872 -5.6053 11.63
      vertex 8.47844 -5.35 11.7189
    endloop
  endfacet
  facet normal -0.138604 -0.330145 0.933699
    outer loop
      vertex 8.4872 -5.6053 11.63
      vertex 8.45708 -5.35 11.7158
      vertex 8.47974 -5.60839 11.6278
    endloop
  endfacet
  facet normal 0.231623 -0.329983 0.91513
    outer loop
      vertex 8.52514 -5.61041 11.6264
      vertex 8.56386 -5.35 11.7105
      vertex 8.54292 -5.35 11.7158
    endloop
  endfacet
  facet normal 0.231195 -0.329957 0.915247
    outer loop
      vertex 8.56386 -5.35 11.7105
      vertex 8.52514 -5.61041 11.6264
      vertex 8.5321 -5.6133 11.6236
    endloop
  endfacet
  facet normal 0.330209 -0.329608 0.884489
    outer loop
      vertex 8.56386 -5.35 11.7105
      vertex 8.53691 -5.61529 11.6217
      vertex 8.54165 -5.61725 11.6192
    endloop
  endfacet
  facet normal 0.394259 -0.329705 0.85782
    outer loop
      vertex 8.60371 -5.35 11.694
      vertex 8.55394 -5.62234 11.6122
      vertex 8.55846 -5.62422 11.6094
    endloop
  endfacet
  facet normal -0.93379 -0.329978 -0.138385
    outer loop
      vertex 8.38547 -5.64744 11.4832
      vertex 8.28423 -5.35 11.4571
      vertex 8.38622 -5.64713 11.4774
    endloop
  endfacet
  facet normal -0.394259 -0.329705 -0.85782
    outer loop
      vertex 8.44154 -5.62422 11.3906
      vertex 8.39629 -5.35 11.306
      vertex 8.44606 -5.62234 11.3878
    endloop
  endfacet
  facet normal -0.93379 -0.329978 0.138385
    outer loop
      vertex 8.38622 -5.64713 11.5226
      vertex 8.28423 -5.35 11.5429
      vertex 8.38547 -5.64744 11.5168
    endloop
  endfacet
  facet normal 0.942813 -0.330006 0.0468972
    outer loop
      vertex 8.71894 -5.35 11.5216
      vertex 8.61524 -5.64773 11.5113
      vertex 8.61549 -5.64784 11.5055
    endloop
  endfacet
  facet normal 0.88856 -0.330031 0.318656
    outer loop
      vertex 8.60795 -5.64472 11.5447
      vertex 8.71053 -5.35 11.5639
      vertex 8.70325 -5.35 11.5842
    endloop
  endfacet
  facet normal 0.888573 -0.330033 0.318616
    outer loop
      vertex 8.71053 -5.35 11.5639
      vertex 8.60795 -5.64472 11.5447
      vertex 8.60963 -5.64541 11.5393
    endloop
  endfacet
  facet normal 0.93379 -0.329978 0.138385
    outer loop
      vertex 8.71577 -5.35 11.5429
      vertex 8.61378 -5.64713 11.5226
      vertex 8.61453 -5.64744 11.5168
    endloop
  endfacet
  facet normal -0.809473 -0.329948 0.485684
    outer loop
      vertex 8.30598 -5.35 11.6037
      vertex 8.40168 -5.64072 11.5657
      vertex 8.31708 -5.35 11.6222
    endloop
  endfacet
  facet normal -0.808619 -0.32986 0.487162
    outer loop
      vertex 8.40168 -5.64072 11.5657
      vertex 8.30598 -5.35 11.6037
      vertex 8.399 -5.64183 11.5605
    endloop
  endfacet
  facet normal -0.915703 -0.330007 0.229311
    outer loop
      vertex 8.38865 -5.64612 11.5338
      vertex 8.28947 -5.35 11.5639
      vertex 8.38741 -5.64664 11.5281
    endloop
  endfacet
  facet normal -0.85322 -0.330021 0.403858
    outer loop
      vertex 8.29675 -5.35 11.5842
      vertex 8.39421 -5.64382 11.55
      vertex 8.30598 -5.35 11.6037
    endloop
  endfacet
  facet normal -0.853255 -0.330024 0.403783
    outer loop
      vertex 8.39421 -5.64382 11.55
      vertex 8.29675 -5.35 11.5842
      vertex 8.39205 -5.64472 11.5447
    endloop
  endfacet
  facet normal -0.225671 -0.329768 -0.916693
    outer loop
      vertex 8.46309 -5.61529 11.3783
      vertex 8.43614 -5.35 11.2895
      vertex 8.4679 -5.6133 11.3764
    endloop
  endfacet
  facet normal -0.933698 -0.329997 -0.138959
    outer loop
      vertex 8.38547 -5.64744 11.4832
      vertex 8.28106 -5.35 11.4784
      vertex 8.28423 -5.35 11.4571
    endloop
  endfacet
  facet normal -0.933491 -0.329949 -0.140456
    outer loop
      vertex 8.28106 -5.35 11.4784
      vertex 8.38547 -5.64744 11.4832
      vertex 8.38476 -5.64773 11.4886
    endloop
  endfacet
  facet normal -0.0481003 -0.329968 0.942766
    outer loop
      vertex 8.47844 -5.35 11.7189
      vertex 8.5 -5.6 11.6325
      vertex 8.5 -5.35 11.72
    endloop
  endfacet
  facet normal -0.0421843 -0.3296 0.943178
    outer loop
      vertex 8.5 -5.6 11.6325
      vertex 8.47844 -5.35 11.7189
      vertex 8.49209 -5.60328 11.631
    endloop
  endfacet
  facet normal -0.70053 -0.330059 -0.632708
    outer loop
      vertex 8.4079 -5.63815 11.4244
      vertex 8.32994 -5.35 11.3604
      vertex 8.4113 -5.63674 11.4199
    endloop
  endfacet
  facet normal -0.761817 -0.329931 0.557477
    outer loop
      vertex 8.4079 -5.63815 11.5756
      vertex 8.32994 -5.35 11.6396
      vertex 8.40486 -5.63941 11.5707
    endloop
  endfacet
  facet normal -0.231195 -0.329957 -0.915247
    outer loop
      vertex 8.43614 -5.35 11.2895
      vertex 8.47486 -5.61041 11.3736
      vertex 8.4679 -5.6133 11.3764
    endloop
  endfacet
  facet normal -0.231623 -0.329983 -0.91513
    outer loop
      vertex 8.47486 -5.61041 11.3736
      vertex 8.43614 -5.35 11.2895
      vertex 8.45708 -5.35 11.2842
    endloop
  endfacet
  facet normal -0.131619 -0.329906 -0.934793
    outer loop
      vertex 8.47486 -5.61041 11.3736
      vertex 8.45708 -5.35 11.2842
      vertex 8.47974 -5.60839 11.3722
    endloop
  endfacet
  facet normal -0.699472 -0.330021 -0.633897
    outer loop
      vertex 8.41502 -5.6352 11.415
      vertex 8.32994 -5.35 11.3604
      vertex 8.34444 -5.35 11.3444
    endloop
  endfacet
  facet normal -0.69903 -0.329985 -0.634402
    outer loop
      vertex 8.32994 -5.35 11.3604
      vertex 8.41502 -5.6352 11.415
      vertex 8.4113 -5.63674 11.4199
    endloop
  endfacet
  facet normal -0.887991 -0.329974 -0.320296
    outer loop
      vertex 8.38865 -5.64612 11.4662
      vertex 8.28947 -5.35 11.4361
      vertex 8.39037 -5.64541 11.4607
    endloop
  endfacet
  facet normal -0.638282 -0.329974 0.695495
    outer loop
      vertex 8.42302 -5.63189 11.5938
      vertex 8.36043 -5.35 11.6701
      vertex 8.41925 -5.63345 11.5896
    endloop
  endfacet
  facet normal -0.558429 -0.329998 -0.76109
    outer loop
      vertex 8.42302 -5.63189 11.4062
      vertex 8.36043 -5.35 11.3299
      vertex 8.42707 -5.63021 11.4025
    endloop
  endfacet
  facet normal -0.476498 -0.329633 -0.815041
    outer loop
      vertex 8.37778 -5.35 11.3171
      vertex 8.43719 -5.62602 11.394
      vertex 8.43187 -5.62822 11.398
    endloop
  endfacet
  facet normal -0.485474 -0.330039 -0.809561
    outer loop
      vertex 8.43719 -5.62602 11.394
      vertex 8.37778 -5.35 11.3171
      vertex 8.39629 -5.35 11.306
    endloop
  endfacet
  facet normal -0.80989 -0.329944 -0.48499
    outer loop
      vertex 8.39639 -5.64292 11.4446
      vertex 8.30598 -5.35 11.3963
      vertex 8.399 -5.64183 11.4395
    endloop
  endfacet
  facet normal -0.628784 -0.33039 -0.703899
    outer loop
      vertex 8.41502 -5.6352 11.415
      vertex 8.36043 -5.35 11.3299
      vertex 8.41925 -5.63345 11.4104
    endloop
  endfacet
  facet normal -0.634112 -0.330029 -0.699273
    outer loop
      vertex 8.36043 -5.35 11.3299
      vertex 8.41502 -5.6352 11.415
      vertex 8.34444 -5.35 11.3444
    endloop
  endfacet
  facet normal -0.0563546 -0.330052 0.942279
    outer loop
      vertex 8.49209 -5.60328 11.631
      vertex 8.47844 -5.35 11.7189
      vertex 8.4872 -5.6053 11.63
    endloop
  endfacet
  facet normal 0.915703 -0.330007 0.229311
    outer loop
      vertex 8.71053 -5.35 11.5639
      vertex 8.61135 -5.64612 11.5338
      vertex 8.61259 -5.64664 11.5281
    endloop
  endfacet
  facet normal 0.887991 -0.329974 0.320296
    outer loop
      vertex 8.71053 -5.35 11.5639
      vertex 8.60963 -5.64541 11.5393
      vertex 8.61135 -5.64612 11.5338
    endloop
  endfacet
  facet normal -0.628784 -0.33039 0.703899
    outer loop
      vertex 8.36043 -5.35 11.6701
      vertex 8.41502 -5.6352 11.585
      vertex 8.41925 -5.63345 11.5896
    endloop
  endfacet
  facet normal -0.634112 -0.330029 0.699273
    outer loop
      vertex 8.41502 -5.6352 11.585
      vertex 8.36043 -5.35 11.6701
      vertex 8.34444 -5.35 11.6556
    endloop
  endfacet
  facet normal -0.88856 -0.330031 -0.318656
    outer loop
      vertex 8.39205 -5.64472 11.4553
      vertex 8.28947 -5.35 11.4361
      vertex 8.29675 -5.35 11.4158
    endloop
  endfacet
  facet normal -0.888573 -0.330033 -0.318616
    outer loop
      vertex 8.28947 -5.35 11.4361
      vertex 8.39205 -5.64472 11.4553
      vertex 8.39037 -5.64541 11.4607
    endloop
  endfacet
  facet normal -0.131619 -0.329906 0.934793
    outer loop
      vertex 8.47974 -5.60839 11.6278
      vertex 8.45708 -5.35 11.7158
      vertex 8.47486 -5.61041 11.6264
    endloop
  endfacet
  facet normal -0.759121 -0.330085 -0.561052
    outer loop
      vertex 8.40486 -5.63941 11.4293
      vertex 8.31708 -5.35 11.3778
      vertex 8.32994 -5.35 11.3604
    endloop
  endfacet
  facet normal -0.755062 -0.329848 -0.56664
    outer loop
      vertex 8.31708 -5.35 11.3778
      vertex 8.40486 -5.63941 11.4293
      vertex 8.40168 -5.64072 11.4343
    endloop
  endfacet
  facet normal -0.761817 -0.329931 -0.557477
    outer loop
      vertex 8.40486 -5.63941 11.4293
      vertex 8.32994 -5.35 11.3604
      vertex 8.4079 -5.63815 11.4244
    endloop
  endfacet
  facet normal 0.330039 0.485474 -0.809561
    outer loop
      vertex 7.35 -6.37778 11.3171
      vertex 7.62602 -6.43719 11.394
      vertex 7.35 -6.39629 11.306
    endloop
  endfacet
  facet normal 0.329633 0.476498 -0.815041
    outer loop
      vertex 7.62602 -6.43719 11.394
      vertex 7.35 -6.37778 11.3171
      vertex 7.62822 -6.43187 11.398
    endloop
  endfacet
  facet normal 0.329985 -0.69903 -0.634402
    outer loop
      vertex 7.35 -6.67006 11.3604
      vertex 7.6352 -6.58498 11.415
      vertex 7.63674 -6.5887 11.4199
    endloop
  endfacet
  facet normal 0.330021 -0.699472 -0.633897
    outer loop
      vertex 7.6352 -6.58498 11.415
      vertex 7.35 -6.67006 11.3604
      vertex 7.35 -6.65556 11.3444
    endloop
  endfacet
  facet normal 0.3296 -0.0421843 -0.943178
    outer loop
      vertex 7.35 -6.52156 11.2811
      vertex 7.6 -6.5 11.3675
      vertex 7.60328 -6.50791 11.369
    endloop
  endfacet
  facet normal 0.329968 -0.0481003 -0.942766
    outer loop
      vertex 7.6 -6.5 11.3675
      vertex 7.35 -6.52156 11.2811
      vertex 7.35 -6.5 11.28
    endloop
  endfacet
  facet normal 0.330052 -0.0563546 -0.942279
    outer loop
      vertex 7.6053 -6.5128 11.37
      vertex 7.35 -6.52156 11.2811
      vertex 7.60328 -6.50791 11.369
    endloop
  endfacet
  facet normal 0.329633 0.476498 0.815041
    outer loop
      vertex 7.35 -6.37778 11.6829
      vertex 7.62602 -6.43719 11.606
      vertex 7.62822 -6.43187 11.602
    endloop
  endfacet
  facet normal 0.330039 0.485474 0.809561
    outer loop
      vertex 7.62602 -6.43719 11.606
      vertex 7.35 -6.37778 11.6829
      vertex 7.35 -6.39629 11.694
    endloop
  endfacet
  facet normal 0.330007 0.915703 0.229311
    outer loop
      vertex 7.64664 -6.38741 11.5281
      vertex 7.35 -6.28947 11.5639
      vertex 7.64612 -6.38865 11.5338
    endloop
  endfacet
  facet normal 0.330021 -0.699472 0.633897
    outer loop
      vertex 7.35 -6.67006 11.6396
      vertex 7.6352 -6.58498 11.585
      vertex 7.35 -6.65556 11.6556
    endloop
  endfacet
  facet normal 0.329985 -0.69903 0.634402
    outer loop
      vertex 7.6352 -6.58498 11.585
      vertex 7.35 -6.67006 11.6396
      vertex 7.63674 -6.5887 11.5801
    endloop
  endfacet
  facet normal 0.33039 0.628784 -0.703899
    outer loop
      vertex 7.35 -6.36043 11.3299
      vertex 7.6352 -6.41502 11.415
      vertex 7.63345 -6.41925 11.4104
    endloop
  endfacet
  facet normal 0.330029 0.634112 -0.699273
    outer loop
      vertex 7.6352 -6.41502 11.415
      vertex 7.35 -6.36043 11.3299
      vertex 7.35 -6.34444 11.3444
    endloop
  endfacet
  facet normal 0.330029 0.634112 0.699273
    outer loop
      vertex 7.35 -6.36043 11.6701
      vertex 7.6352 -6.41502 11.585
      vertex 7.35 -6.34444 11.6556
    endloop
  endfacet
  facet normal 0.33039 0.628784 0.703899
    outer loop
      vertex 7.6352 -6.41502 11.585
      vertex 7.35 -6.36043 11.6701
      vertex 7.63345 -6.41925 11.5896
    endloop
  endfacet
  facet normal 0.330052 0.0563546 0.942279
    outer loop
      vertex 7.6053 -6.4872 11.63
      vertex 7.35 -6.47844 11.7189
      vertex 7.60328 -6.49209 11.631
    endloop
  endfacet
  facet normal 0.329974 -0.887991 -0.320296
    outer loop
      vertex 7.64612 -6.61135 11.4662
      vertex 7.35 -6.71053 11.4361
      vertex 7.64541 -6.60963 11.4607
    endloop
  endfacet
  facet normal 0.329906 -0.131619 -0.934793
    outer loop
      vertex 7.61041 -6.52514 11.3736
      vertex 7.35 -6.54292 11.2842
      vertex 7.60839 -6.52026 11.3722
    endloop
  endfacet
  facet normal 0.330007 0.915703 -0.229311
    outer loop
      vertex 7.64612 -6.38865 11.4662
      vertex 7.35 -6.28947 11.4361
      vertex 7.64664 -6.38741 11.4719
    endloop
  endfacet
  facet normal 0.329884 0.855017 -0.400154
    outer loop
      vertex 7.64292 -6.39639 11.4446
      vertex 7.35 -6.30598 11.3963
      vertex 7.64382 -6.39421 11.45
    endloop
  endfacet
  facet normal 0.330021 0.85322 0.403858
    outer loop
      vertex 7.64382 -6.39421 11.55
      vertex 7.35 -6.29675 11.5842
      vertex 7.35 -6.30598 11.6037
    endloop
  endfacet
  facet normal 0.330024 0.853255 0.403783
    outer loop
      vertex 7.35 -6.29675 11.5842
      vertex 7.64382 -6.39421 11.55
      vertex 7.64472 -6.39205 11.5447
    endloop
  endfacet
  facet normal 0.330039 -0.485474 0.809561
    outer loop
      vertex 7.35 -6.62222 11.6829
      vertex 7.62602 -6.56281 11.606
      vertex 7.35 -6.60371 11.694
    endloop
  endfacet
  facet normal 0.329633 -0.476498 0.815041
    outer loop
      vertex 7.62602 -6.56281 11.606
      vertex 7.35 -6.62222 11.6829
      vertex 7.62822 -6.56813 11.602
    endloop
  endfacet
  facet normal 0.329998 0.558429 -0.76109
    outer loop
      vertex 7.63021 -6.42707 11.4025
      vertex 7.35 -6.36043 11.3299
      vertex 7.63189 -6.42302 11.4062
    endloop
  endfacet
  facet normal 0.329974 0.887991 0.320296
    outer loop
      vertex 7.64612 -6.38865 11.5338
      vertex 7.35 -6.28947 11.5639
      vertex 7.64541 -6.39037 11.5393
    endloop
  endfacet
  facet normal 0.330052 0.0563546 -0.942279
    outer loop
      vertex 7.60328 -6.49209 11.369
      vertex 7.35 -6.47844 11.2811
      vertex 7.6053 -6.4872 11.37
    endloop
  endfacet
  facet normal 0.329998 0.558429 0.76109
    outer loop
      vertex 7.63189 -6.42302 11.5938
      vertex 7.35 -6.36043 11.6701
      vertex 7.63021 -6.42707 11.5975
    endloop
  endfacet
  facet normal 0.330082 0.5604 0.759604
    outer loop
      vertex 7.35 -6.37778 11.6829
      vertex 7.63021 -6.42707 11.5975
      vertex 7.35 -6.36043 11.6701
    endloop
  endfacet
  facet normal 0.329673 0.569351 0.753097
    outer loop
      vertex 7.63021 -6.42707 11.5975
      vertex 7.35 -6.37778 11.6829
      vertex 7.62822 -6.43187 11.602
    endloop
  endfacet
  facet normal 0.329848 0.755062 -0.56664
    outer loop
      vertex 7.63941 -6.40486 11.4293
      vertex 7.35 -6.31708 11.3778
      vertex 7.64072 -6.40168 11.4343
    endloop
  endfacet
  facet normal 0.330085 0.759121 -0.561052
    outer loop
      vertex 7.35 -6.31708 11.3778
      vertex 7.63941 -6.40486 11.4293
      vertex 7.35 -6.32994 11.3604
    endloop
  endfacet
  facet normal 0.329949 0.933491 -0.140456
    outer loop
      vertex 7.64744 -6.38547 11.4832
      vertex 7.35 -6.28106 11.4784
      vertex 7.64773 -6.38476 11.4886
    endloop
  endfacet
  facet normal 0.329997 0.933698 -0.138959
    outer loop
      vertex 7.35 -6.28106 11.4784
      vertex 7.64744 -6.38547 11.4832
      vertex 7.35 -6.28423 11.4571
    endloop
  endfacet
  facet normal 0.330313 0.410736 0.849817
    outer loop
      vertex 7.35 -6.39629 11.694
      vertex 7.6199 -6.45196 11.616
      vertex 7.62234 -6.44606 11.6122
    endloop
  endfacet
  facet normal 0.330026 0.406015 0.852194
    outer loop
      vertex 7.6199 -6.45196 11.616
      vertex 7.35 -6.39629 11.694
      vertex 7.35 -6.41581 11.7033
    endloop
  endfacet
  facet normal 0.329862 0.315153 -0.88987
    outer loop
      vertex 7.35 -6.41581 11.2967
      vertex 7.61725 -6.45835 11.3807
      vertex 7.35 -6.43614 11.2895
    endloop
  endfacet
  facet normal 0.330125 0.321438 -0.887522
    outer loop
      vertex 7.61725 -6.45835 11.3807
      vertex 7.35 -6.41581 11.2967
      vertex 7.6199 -6.45196 11.384
    endloop
  endfacet
  facet normal 0.329944 -0.80989 0.48499
    outer loop
      vertex 7.64183 -6.601 11.5605
      vertex 7.35 -6.69402 11.6037
      vertex 7.64292 -6.60361 11.5554
    endloop
  endfacet
  facet normal 0.329997 -0.933698 0.138959
    outer loop
      vertex 7.35 -6.71894 11.5216
      vertex 7.64744 -6.61453 11.5168
      vertex 7.35 -6.71577 11.5429
    endloop
  endfacet
  facet normal 0.33003 -0.933836 0.137951
    outer loop
      vertex 7.64744 -6.61453 11.5168
      vertex 7.35 -6.71894 11.5216
      vertex 7.64773 -6.61524 11.5113
    endloop
  endfacet
  facet normal 0.330059 0.70053 -0.632708
    outer loop
      vertex 7.63674 -6.4113 11.4199
      vertex 7.35 -6.32994 11.3604
      vertex 7.63815 -6.4079 11.4244
    endloop
  endfacet
  facet normal 0.329673 0.569351 -0.753097
    outer loop
      vertex 7.35 -6.37778 11.3171
      vertex 7.63021 -6.42707 11.4025
      vertex 7.62822 -6.43187 11.398
    endloop
  endfacet
  facet normal 0.330082 0.5604 -0.759604
    outer loop
      vertex 7.63021 -6.42707 11.4025
      vertex 7.35 -6.37778 11.3171
      vertex 7.35 -6.36043 11.3299
    endloop
  endfacet
  facet normal 0.329743 0.492895 -0.805186
    outer loop
      vertex 7.62422 -6.44154 11.3906
      vertex 7.35 -6.39629 11.306
      vertex 7.62602 -6.43719 11.394
    endloop
  endfacet
  facet normal 0.329985 0.69903 -0.634402
    outer loop
      vertex 7.6352 -6.41502 11.415
      vertex 7.35 -6.32994 11.3604
      vertex 7.63674 -6.4113 11.4199
    endloop
  endfacet
  facet normal 0.330021 0.699472 -0.633897
    outer loop
      vertex 7.35 -6.32994 11.3604
      vertex 7.6352 -6.41502 11.415
      vertex 7.35 -6.34444 11.3444
    endloop
  endfacet
  facet normal 0.329673 -0.569351 0.753097
    outer loop
      vertex 7.35 -6.62222 11.6829
      vertex 7.63021 -6.57293 11.5975
      vertex 7.62822 -6.56813 11.602
    endloop
  endfacet
  facet normal 0.330082 -0.5604 0.759604
    outer loop
      vertex 7.63021 -6.57293 11.5975
      vertex 7.35 -6.62222 11.6829
      vertex 7.35 -6.63957 11.6701
    endloop
  endfacet
  facet normal 0.329978 0.93379 0.138385
    outer loop
      vertex 7.64744 -6.38547 11.5168
      vertex 7.35 -6.28423 11.5429
      vertex 7.64713 -6.38622 11.5226
    endloop
  endfacet
  facet normal 0.330033 0.888573 -0.318616
    outer loop
      vertex 7.64472 -6.39205 11.4553
      vertex 7.35 -6.28947 11.4361
      vertex 7.64541 -6.39037 11.4607
    endloop
  endfacet
  facet normal 0.330031 0.88856 -0.318656
    outer loop
      vertex 7.35 -6.28947 11.4361
      vertex 7.64472 -6.39205 11.4553
      vertex 7.35 -6.29675 11.4158
    endloop
  endfacet
  facet normal 0.32996 0.135583 -0.934208
    outer loop
      vertex 7.35 -6.45708 11.2842
      vertex 7.6053 -6.4872 11.37
      vertex 7.35 -6.47844 11.2811
    endloop
  endfacet
  facet normal 0.330145 0.138604 -0.933699
    outer loop
      vertex 7.6053 -6.4872 11.37
      vertex 7.35 -6.45708 11.2842
      vertex 7.60839 -6.47974 11.3722
    endloop
  endfacet
  facet normal 0.32986 0.808619 -0.487162
    outer loop
      vertex 7.64072 -6.40168 11.4343
      vertex 7.35 -6.30598 11.3963
      vertex 7.64183 -6.399 11.4395
    endloop
  endfacet
  facet normal 0.329948 0.809473 -0.485684
    outer loop
      vertex 7.35 -6.30598 11.3963
      vertex 7.64072 -6.40168 11.4343
      vertex 7.35 -6.31708 11.3778
    endloop
  endfacet
  facet normal 0.329891 -0.314304 -0.89016
    outer loop
      vertex 7.61725 -6.54165 11.3807
      vertex 7.35 -6.56386 11.2895
      vertex 7.61529 -6.53691 11.3783
    endloop
  endfacet
  facet normal 0.329768 -0.225671 0.916693
    outer loop
      vertex 7.6133 -6.5321 11.6236
      vertex 7.35 -6.56386 11.7105
      vertex 7.61529 -6.53691 11.6217
    endloop
  endfacet
  facet normal 0.330026 -0.406015 0.852194
    outer loop
      vertex 7.35 -6.60371 11.694
      vertex 7.6199 -6.54804 11.616
      vertex 7.35 -6.58419 11.7033
    endloop
  endfacet
  facet normal 0.330313 -0.410736 0.849817
    outer loop
      vertex 7.6199 -6.54804 11.616
      vertex 7.35 -6.60371 11.694
      vertex 7.62234 -6.55394 11.6122
    endloop
  endfacet
  facet normal 0.330026 0.406015 -0.852194
    outer loop
      vertex 7.35 -6.39629 11.306
      vertex 7.6199 -6.45196 11.384
      vertex 7.35 -6.41581 11.2967
    endloop
  endfacet
  facet normal 0.330313 0.410736 -0.849817
    outer loop
      vertex 7.6199 -6.45196 11.384
      vertex 7.35 -6.39629 11.306
      vertex 7.62234 -6.44606 11.3878
    endloop
  endfacet
  facet normal 0.329968 0.0481003 -0.942766
    outer loop
      vertex 7.35 -6.47844 11.2811
      vertex 7.6 -6.5 11.3675
      vertex 7.35 -6.5 11.28
    endloop
  endfacet
  facet normal 0.3296 0.0421843 -0.943178
    outer loop
      vertex 7.6 -6.5 11.3675
      vertex 7.35 -6.47844 11.2811
      vertex 7.60328 -6.49209 11.369
    endloop
  endfacet
  facet normal 0.329998 -0.558429 0.76109
    outer loop
      vertex 7.63021 -6.57293 11.5975
      vertex 7.35 -6.63957 11.6701
      vertex 7.63189 -6.57698 11.5938
    endloop
  endfacet
  facet normal 0.3296 0.0421843 0.943178
    outer loop
      vertex 7.35 -6.47844 11.7189
      vertex 7.6 -6.5 11.6325
      vertex 7.60328 -6.49209 11.631
    endloop
  endfacet
  facet normal 0.329968 0.0481003 0.942766
    outer loop
      vertex 7.6 -6.5 11.6325
      vertex 7.35 -6.47844 11.7189
      vertex 7.35 -6.5 11.72
    endloop
  endfacet
  facet normal 0.330085 -0.759121 0.561052
    outer loop
      vertex 7.35 -6.68292 11.6222
      vertex 7.63941 -6.59514 11.5707
      vertex 7.35 -6.67006 11.6396
    endloop
  endfacet
  facet normal 0.329848 -0.755062 0.56664
    outer loop
      vertex 7.63941 -6.59514 11.5707
      vertex 7.35 -6.68292 11.6222
      vertex 7.64072 -6.59832 11.5657
    endloop
  endfacet
  facet normal 0.329974 0.638282 0.695495
    outer loop
      vertex 7.63345 -6.41925 11.5896
      vertex 7.35 -6.36043 11.6701
      vertex 7.63189 -6.42302 11.5938
    endloop
  endfacet
  facet normal 0.329906 0.131619 -0.934793
    outer loop
      vertex 7.60839 -6.47974 11.3722
      vertex 7.35 -6.45708 11.2842
      vertex 7.61041 -6.47486 11.3736
    endloop
  endfacet
  facet normal 0.330024 0.853255 -0.403783
    outer loop
      vertex 7.64382 -6.39421 11.45
      vertex 7.35 -6.29675 11.4158
      vertex 7.64472 -6.39205 11.4553
    endloop
  endfacet
  facet normal 0.330021 0.85322 -0.403858
    outer loop
      vertex 7.35 -6.29675 11.4158
      vertex 7.64382 -6.39421 11.45
      vertex 7.35 -6.30598 11.3963
    endloop
  endfacet
  facet normal 0.330029 -0.634112 -0.699273
    outer loop
      vertex 7.35 -6.63957 11.3299
      vertex 7.6352 -6.58498 11.415
      vertex 7.35 -6.65556 11.3444
    endloop
  endfacet
  facet normal 0.33039 -0.628784 -0.703899
    outer loop
      vertex 7.6352 -6.58498 11.415
      vertex 7.35 -6.63957 11.3299
      vertex 7.63345 -6.58075 11.4104
    endloop
  endfacet
  facet normal 0.329743 -0.492895 -0.805186
    outer loop
      vertex 7.62602 -6.56281 11.394
      vertex 7.35 -6.60371 11.306
      vertex 7.62422 -6.55846 11.3906
    endloop
  endfacet
  facet normal 0.329743 0.492895 0.805186
    outer loop
      vertex 7.62602 -6.43719 11.606
      vertex 7.35 -6.39629 11.694
      vertex 7.62422 -6.44154 11.6094
    endloop
  endfacet
  facet normal 0.329906 -0.131619 0.934793
    outer loop
      vertex 7.60839 -6.52026 11.6278
      vertex 7.35 -6.54292 11.7158
      vertex 7.61041 -6.52514 11.6264
    endloop
  endfacet
  facet normal 0.329974 0.638282 -0.695495
    outer loop
      vertex 7.63189 -6.42302 11.4062
      vertex 7.35 -6.36043 11.3299
      vertex 7.63345 -6.41925 11.4104
    endloop
  endfacet
  facet normal 0.330313 -0.410736 -0.849817
    outer loop
      vertex 7.35 -6.60371 11.306
      vertex 7.6199 -6.54804 11.384
      vertex 7.62234 -6.55394 11.3878
    endloop
  endfacet
  facet normal 0.330026 -0.406015 -0.852194
    outer loop
      vertex 7.6199 -6.54804 11.384
      vertex 7.35 -6.60371 11.306
      vertex 7.35 -6.58419 11.2967
    endloop
  endfacet
  facet normal 0.329978 -0.93379 0.138385
    outer loop
      vertex 7.64713 -6.61378 11.5226
      vertex 7.35 -6.71577 11.5429
      vertex 7.64744 -6.61453 11.5168
    endloop
  endfacet
  facet normal 0.330064 0.942903 -0.0446204
    outer loop
      vertex 7.64773 -6.38476 11.4886
      vertex 7.35 -6.28 11.5
      vertex 7.64783 -6.38453 11.4942
    endloop
  endfacet
  facet normal 0.329983 0.942852 -0.0462696
    outer loop
      vertex 7.35 -6.28 11.5
      vertex 7.64773 -6.38476 11.4886
      vertex 7.35 -6.28106 11.4784
    endloop
  endfacet
  facet normal 0.329983 0.231623 -0.91513
    outer loop
      vertex 7.35 -6.43614 11.2895
      vertex 7.61041 -6.47486 11.3736
      vertex 7.35 -6.45708 11.2842
    endloop
  endfacet
  facet normal 0.329957 0.231195 -0.915247
    outer loop
      vertex 7.61041 -6.47486 11.3736
      vertex 7.35 -6.43614 11.2895
      vertex 7.6133 -6.4679 11.3764
    endloop
  endfacet
  facet normal 0.329974 -0.887991 0.320296
    outer loop
      vertex 7.64541 -6.60963 11.5393
      vertex 7.35 -6.71053 11.5639
      vertex 7.64612 -6.61135 11.5338
    endloop
  endfacet
  facet normal 0.32996 -0.135583 0.934208
    outer loop
      vertex 7.35 -6.54292 11.7158
      vertex 7.6053 -6.5128 11.63
      vertex 7.35 -6.52156 11.7189
    endloop
  endfacet
  facet normal 0.330145 -0.138604 0.933699
    outer loop
      vertex 7.6053 -6.5128 11.63
      vertex 7.35 -6.54292 11.7158
      vertex 7.60839 -6.52026 11.6278
    endloop
  endfacet
  facet normal 0.330021 0.699472 0.633897
    outer loop
      vertex 7.6352 -6.41502 11.585
      vertex 7.35 -6.32994 11.6396
      vertex 7.35 -6.34444 11.6556
    endloop
  endfacet
  facet normal 0.329985 0.69903 0.634402
    outer loop
      vertex 7.35 -6.32994 11.6396
      vertex 7.6352 -6.41502 11.585
      vertex 7.63674 -6.4113 11.5801
    endloop
  endfacet
  facet normal 0.330145 0.138604 0.933699
    outer loop
      vertex 7.35 -6.45708 11.7158
      vertex 7.6053 -6.4872 11.63
      vertex 7.60839 -6.47974 11.6278
    endloop
  endfacet
  facet normal 0.32996 0.135583 0.934208
    outer loop
      vertex 7.6053 -6.4872 11.63
      vertex 7.35 -6.45708 11.7158
      vertex 7.35 -6.47844 11.7189
    endloop
  endfacet
  facet normal 0.329944 0.80989 -0.48499
    outer loop
      vertex 7.64183 -6.399 11.4395
      vertex 7.35 -6.30598 11.3963
      vertex 7.64292 -6.39639 11.4446
    endloop
  endfacet
  facet normal 0.329768 0.225671 -0.916693
    outer loop
      vertex 7.6133 -6.4679 11.3764
      vertex 7.35 -6.43614 11.2895
      vertex 7.61529 -6.46309 11.3783
    endloop
  endfacet
  facet normal 0.330145 -0.138604 -0.933699
    outer loop
      vertex 7.35 -6.54292 11.2842
      vertex 7.6053 -6.5128 11.37
      vertex 7.60839 -6.52026 11.3722
    endloop
  endfacet
  facet normal 0.32996 -0.135583 -0.934208
    outer loop
      vertex 7.6053 -6.5128 11.37
      vertex 7.35 -6.54292 11.2842
      vertex 7.35 -6.52156 11.2811
    endloop
  endfacet
  facet normal 0.330024 -0.853255 -0.403783
    outer loop
      vertex 7.35 -6.70325 11.4158
      vertex 7.64382 -6.60579 11.45
      vertex 7.64472 -6.60795 11.4553
    endloop
  endfacet
  facet normal 0.330021 -0.85322 -0.403858
    outer loop
      vertex 7.64382 -6.60579 11.45
      vertex 7.35 -6.70325 11.4158
      vertex 7.35 -6.69402 11.3963
    endloop
  endfacet
  facet normal 0.329884 0.855017 0.400154
    outer loop
      vertex 7.64382 -6.39421 11.55
      vertex 7.35 -6.30598 11.6037
      vertex 7.64292 -6.39639 11.5554
    endloop
  endfacet
  facet normal 0.329924 0.309747 0.891744
    outer loop
      vertex 7.35 -6.41581 11.7033
      vertex 7.61725 -6.45835 11.6192
      vertex 7.6199 -6.45196 11.616
    endloop
  endfacet
  facet normal 0.330159 0.315119 0.889773
    outer loop
      vertex 7.61725 -6.45835 11.6192
      vertex 7.35 -6.41581 11.7033
      vertex 7.35 -6.43614 11.7105
    endloop
  endfacet
  facet normal 0.330159 -0.315119 0.889773
    outer loop
      vertex 7.35 -6.58419 11.7033
      vertex 7.61725 -6.54165 11.6192
      vertex 7.35 -6.56386 11.7105
    endloop
  endfacet
  facet normal 0.329924 -0.309747 0.891744
    outer loop
      vertex 7.61725 -6.54165 11.6192
      vertex 7.35 -6.58419 11.7033
      vertex 7.6199 -6.54804 11.616
    endloop
  endfacet
  facet normal 0.329884 -0.855017 -0.400154
    outer loop
      vertex 7.64382 -6.60579 11.45
      vertex 7.35 -6.69402 11.3963
      vertex 7.64292 -6.60361 11.4446
    endloop
  endfacet
  facet normal 0.329931 0.761817 -0.557477
    outer loop
      vertex 7.63815 -6.4079 11.4244
      vertex 7.35 -6.32994 11.3604
      vertex 7.63941 -6.40486 11.4293
    endloop
  endfacet
  facet normal 0.330008 0.94284 -0.0463295
    outer loop
      vertex 7.64783 -6.38453 11.4942
      vertex 7.35 -6.28 11.5
      vertex 7.64793 -6.38428 11.5
    endloop
  endfacet
  facet normal 0.330006 0.942813 0.0468972
    outer loop
      vertex 7.64784 -6.38451 11.5055
      vertex 7.35 -6.28106 11.5216
      vertex 7.64773 -6.38476 11.5113
    endloop
  endfacet
  facet normal 0.330031 0.942905 0.0448311
    outer loop
      vertex 7.35 -6.28 11.5
      vertex 7.64784 -6.38451 11.5055
      vertex 7.64793 -6.38428 11.5
    endloop
  endfacet
  facet normal 0.329986 0.942851 0.0462696
    outer loop
      vertex 7.64784 -6.38451 11.5055
      vertex 7.35 -6.28 11.5
      vertex 7.35 -6.28106 11.5216
    endloop
  endfacet
  facet normal 0.329998 -0.558429 -0.76109
    outer loop
      vertex 7.63189 -6.57698 11.4062
      vertex 7.35 -6.63957 11.3299
      vertex 7.63021 -6.57293 11.4025
    endloop
  endfacet
  facet normal 0.329983 -0.231623 0.91513
    outer loop
      vertex 7.35 -6.56386 11.7105
      vertex 7.61041 -6.52514 11.6264
      vertex 7.35 -6.54292 11.7158
    endloop
  endfacet
  facet normal 0.329957 -0.231195 0.915247
    outer loop
      vertex 7.61041 -6.52514 11.6264
      vertex 7.35 -6.56386 11.7105
      vertex 7.6133 -6.5321 11.6236
    endloop
  endfacet
  facet normal 0.329891 0.314304 -0.89016
    outer loop
      vertex 7.61529 -6.46309 11.3783
      vertex 7.35 -6.43614 11.2895
      vertex 7.61725 -6.45835 11.3807
    endloop
  endfacet
  facet normal 0.329986 -0.942851 0.0462696
    outer loop
      vertex 7.35 -6.72 11.5
      vertex 7.64784 -6.61549 11.5055
      vertex 7.35 -6.71894 11.5216
    endloop
  endfacet
  facet normal 0.330031 -0.942905 0.0448311
    outer loop
      vertex 7.64784 -6.61549 11.5055
      vertex 7.35 -6.72 11.5
      vertex 7.64793 -6.61572 11.5
    endloop
  endfacet
  facet normal 0.329978 -0.93379 -0.138385
    outer loop
      vertex 7.64744 -6.61453 11.4832
      vertex 7.35 -6.71577 11.4571
      vertex 7.64713 -6.61378 11.4774
    endloop
  endfacet
  facet normal 0.330059 0.70053 0.632708
    outer loop
      vertex 7.63815 -6.4079 11.5756
      vertex 7.35 -6.32994 11.6396
      vertex 7.63674 -6.4113 11.5801
    endloop
  endfacet
  facet normal 0.329981 0.915905 0.22854
    outer loop
      vertex 7.64664 -6.38741 11.5281
      vertex 7.35 -6.28423 11.5429
      vertex 7.35 -6.28947 11.5639
    endloop
  endfacet
  facet normal 0.330011 0.916124 0.227617
    outer loop
      vertex 7.35 -6.28423 11.5429
      vertex 7.64664 -6.38741 11.5281
      vertex 7.64713 -6.38622 11.5226
    endloop
  endfacet
  facet normal 0.329884 -0.855017 0.400154
    outer loop
      vertex 7.64292 -6.60361 11.5554
      vertex 7.35 -6.69402 11.6037
      vertex 7.64382 -6.60579 11.55
    endloop
  endfacet
  facet normal 0.329948 -0.809473 0.485684
    outer loop
      vertex 7.35 -6.69402 11.6037
      vertex 7.64072 -6.59832 11.5657
      vertex 7.35 -6.68292 11.6222
    endloop
  endfacet
  facet normal 0.32986 -0.808619 0.487162
    outer loop
      vertex 7.64072 -6.59832 11.5657
      vertex 7.35 -6.69402 11.6037
      vertex 7.64183 -6.601 11.5605
    endloop
  endfacet
  facet normal 0.329978 0.93379 -0.138385
    outer loop
      vertex 7.64713 -6.38622 11.4774
      vertex 7.35 -6.28423 11.4571
      vertex 7.64744 -6.38547 11.4832
    endloop
  endfacet
  facet normal 0.329705 0.394259 -0.85782
    outer loop
      vertex 7.62234 -6.44606 11.3878
      vertex 7.35 -6.39629 11.306
      vertex 7.62422 -6.44154 11.3906
    endloop
  endfacet
  facet normal 0.330008 -0.94284 -0.0463295
    outer loop
      vertex 7.64793 -6.61572 11.5
      vertex 7.35 -6.72 11.5
      vertex 7.64783 -6.61547 11.4942
    endloop
  endfacet
  facet normal 0.330033 -0.888573 -0.318616
    outer loop
      vertex 7.35 -6.71053 11.4361
      vertex 7.64472 -6.60795 11.4553
      vertex 7.64541 -6.60963 11.4607
    endloop
  endfacet
  facet normal 0.330031 -0.88856 -0.318656
    outer loop
      vertex 7.64472 -6.60795 11.4553
      vertex 7.35 -6.71053 11.4361
      vertex 7.35 -6.70325 11.4158
    endloop
  endfacet
  facet normal 0.330021 -0.85322 0.403858
    outer loop
      vertex 7.35 -6.70325 11.5842
      vertex 7.64382 -6.60579 11.55
      vertex 7.35 -6.69402 11.6037
    endloop
  endfacet
  facet normal 0.330024 -0.853255 0.403783
    outer loop
      vertex 7.64382 -6.60579 11.55
      vertex 7.35 -6.70325 11.5842
      vertex 7.64472 -6.60795 11.5447
    endloop
  endfacet
  facet normal 0.329968 -0.0481003 0.942766
    outer loop
      vertex 7.35 -6.52156 11.7189
      vertex 7.6 -6.5 11.6325
      vertex 7.35 -6.5 11.72
    endloop
  endfacet
  facet normal 0.3296 -0.0421843 0.943178
    outer loop
      vertex 7.6 -6.5 11.6325
      vertex 7.35 -6.52156 11.7189
      vertex 7.60328 -6.50791 11.631
    endloop
  endfacet
  facet normal 0.330125 -0.321438 -0.887522
    outer loop
      vertex 7.35 -6.58419 11.2967
      vertex 7.61725 -6.54165 11.3807
      vertex 7.6199 -6.54804 11.384
    endloop
  endfacet
  facet normal 0.329862 -0.315153 -0.88987
    outer loop
      vertex 7.61725 -6.54165 11.3807
      vertex 7.35 -6.58419 11.2967
      vertex 7.35 -6.56386 11.2895
    endloop
  endfacet
  facet normal 0.330011 0.916124 -0.227617
    outer loop
      vertex 7.64664 -6.38741 11.4719
      vertex 7.35 -6.28423 11.4571
      vertex 7.64713 -6.38622 11.4774
    endloop
  endfacet
  facet normal 0.329981 0.915905 -0.22854
    outer loop
      vertex 7.35 -6.28423 11.4571
      vertex 7.64664 -6.38741 11.4719
      vertex 7.35 -6.28947 11.4361
    endloop
  endfacet
  facet normal 0.330011 -0.916124 -0.227617
    outer loop
      vertex 7.35 -6.71577 11.4571
      vertex 7.64664 -6.61259 11.4719
      vertex 7.64713 -6.61378 11.4774
    endloop
  endfacet
  facet normal 0.329981 -0.915905 -0.22854
    outer loop
      vertex 7.64664 -6.61259 11.4719
      vertex 7.35 -6.71577 11.4571
      vertex 7.35 -6.71053 11.4361
    endloop
  endfacet
  facet normal 0.330007 -0.915703 0.229311
    outer loop
      vertex 7.64612 -6.61135 11.5338
      vertex 7.35 -6.71053 11.5639
      vertex 7.64664 -6.61259 11.5281
    endloop
  endfacet
  facet normal 0.330031 -0.88856 0.318656
    outer loop
      vertex 7.35 -6.71053 11.5639
      vertex 7.64472 -6.60795 11.5447
      vertex 7.35 -6.70325 11.5842
    endloop
  endfacet
  facet normal 0.330033 -0.888573 0.318616
    outer loop
      vertex 7.64472 -6.60795 11.5447
      vertex 7.35 -6.71053 11.5639
      vertex 7.64541 -6.60963 11.5393
    endloop
  endfacet
  facet normal 0.329906 0.131619 0.934793
    outer loop
      vertex 7.61041 -6.47486 11.6264
      vertex 7.35 -6.45708 11.7158
      vertex 7.60839 -6.47974 11.6278
    endloop
  endfacet
  facet normal 0.329768 0.225671 0.916693
    outer loop
      vertex 7.61529 -6.46309 11.6217
      vertex 7.35 -6.43614 11.7105
      vertex 7.6133 -6.4679 11.6236
    endloop
  endfacet
  facet normal 0.329981 -0.915905 0.22854
    outer loop
      vertex 7.35 -6.71577 11.5429
      vertex 7.64664 -6.61259 11.5281
      vertex 7.35 -6.71053 11.5639
    endloop
  endfacet
  facet normal 0.330011 -0.916124 0.227617
    outer loop
      vertex 7.64664 -6.61259 11.5281
      vertex 7.35 -6.71577 11.5429
      vertex 7.64713 -6.61378 11.5226
    endloop
  endfacet
  facet normal 0.330007 -0.915703 -0.229311
    outer loop
      vertex 7.64664 -6.61259 11.4719
      vertex 7.35 -6.71053 11.4361
      vertex 7.64612 -6.61135 11.4662
    endloop
  endfacet
  facet normal 0.329608 -0.330209 0.884489
    outer loop
      vertex 7.61529 -6.53691 11.6217
      vertex 7.35 -6.56386 11.7105
      vertex 7.61725 -6.54165 11.6192
    endloop
  endfacet
  facet normal 0.329957 0.231195 0.915247
    outer loop
      vertex 7.35 -6.43614 11.7105
      vertex 7.61041 -6.47486 11.6264
      vertex 7.6133 -6.4679 11.6236
    endloop
  endfacet
  facet normal 0.329983 0.231623 0.91513
    outer loop
      vertex 7.61041 -6.47486 11.6264
      vertex 7.35 -6.43614 11.7105
      vertex 7.35 -6.45708 11.7158
    endloop
  endfacet
  facet normal 0.329608 0.330209 0.884489
    outer loop
      vertex 7.61725 -6.45835 11.6192
      vertex 7.35 -6.43614 11.7105
      vertex 7.61529 -6.46309 11.6217
    endloop
  endfacet
  facet normal 0.329705 0.394259 0.85782
    outer loop
      vertex 7.62422 -6.44154 11.6094
      vertex 7.35 -6.39629 11.694
      vertex 7.62234 -6.44606 11.6122
    endloop
  endfacet
  facet normal 0.330006 -0.942813 0.0468972
    outer loop
      vertex 7.64773 -6.61524 11.5113
      vertex 7.35 -6.71894 11.5216
      vertex 7.64784 -6.61549 11.5055
    endloop
  endfacet
  facet normal 0.329974 -0.638282 0.695495
    outer loop
      vertex 7.63189 -6.57698 11.5938
      vertex 7.35 -6.63957 11.6701
      vertex 7.63345 -6.58075 11.5896
    endloop
  endfacet
  facet normal 0.329974 0.887991 -0.320296
    outer loop
      vertex 7.64541 -6.39037 11.4607
      vertex 7.35 -6.28947 11.4361
      vertex 7.64612 -6.38865 11.4662
    endloop
  endfacet
  facet normal 0.329997 0.933698 0.138959
    outer loop
      vertex 7.64744 -6.38547 11.5168
      vertex 7.35 -6.28106 11.5216
      vertex 7.35 -6.28423 11.5429
    endloop
  endfacet
  facet normal 0.33003 0.933836 0.137951
    outer loop
      vertex 7.35 -6.28106 11.5216
      vertex 7.64744 -6.38547 11.5168
      vertex 7.64773 -6.38476 11.5113
    endloop
  endfacet
  facet normal 0.330031 0.88856 0.318656
    outer loop
      vertex 7.64472 -6.39205 11.5447
      vertex 7.35 -6.28947 11.5639
      vertex 7.35 -6.29675 11.5842
    endloop
  endfacet
  facet normal 0.330033 0.888573 0.318616
    outer loop
      vertex 7.35 -6.28947 11.5639
      vertex 7.64472 -6.39205 11.5447
      vertex 7.64541 -6.39037 11.5393
    endloop
  endfacet
  facet normal 0.329948 0.809473 0.485684
    outer loop
      vertex 7.64072 -6.40168 11.5657
      vertex 7.35 -6.30598 11.6037
      vertex 7.35 -6.31708 11.6222
    endloop
  endfacet
  facet normal 0.32986 0.808619 0.487162
    outer loop
      vertex 7.35 -6.30598 11.6037
      vertex 7.64072 -6.40168 11.5657
      vertex 7.64183 -6.399 11.5605
    endloop
  endfacet
  facet normal 0.32986 -0.808619 -0.487162
    outer loop
      vertex 7.35 -6.69402 11.3963
      vertex 7.64072 -6.59832 11.4343
      vertex 7.64183 -6.601 11.4395
    endloop
  endfacet
  facet normal 0.329948 -0.809473 -0.485684
    outer loop
      vertex 7.64072 -6.59832 11.4343
      vertex 7.35 -6.69402 11.3963
      vertex 7.35 -6.68292 11.3778
    endloop
  endfacet
  facet normal 0.329848 -0.755062 -0.56664
    outer loop
      vertex 7.35 -6.68292 11.3778
      vertex 7.63941 -6.59514 11.4293
      vertex 7.64072 -6.59832 11.4343
    endloop
  endfacet
  facet normal 0.330085 -0.759121 -0.561052
    outer loop
      vertex 7.63941 -6.59514 11.4293
      vertex 7.35 -6.68292 11.3778
      vertex 7.35 -6.67006 11.3604
    endloop
  endfacet
  facet normal 0.330059 -0.70053 0.632708
    outer loop
      vertex 7.63674 -6.5887 11.5801
      vertex 7.35 -6.67006 11.6396
      vertex 7.63815 -6.5921 11.5756
    endloop
  endfacet
  facet normal 0.330059 -0.70053 -0.632708
    outer loop
      vertex 7.63815 -6.5921 11.4244
      vertex 7.35 -6.67006 11.3604
      vertex 7.63674 -6.5887 11.4199
    endloop
  endfacet
  facet normal 0.329931 -0.761817 -0.557477
    outer loop
      vertex 7.63941 -6.59514 11.4293
      vertex 7.35 -6.67006 11.3604
      vertex 7.63815 -6.5921 11.4244
    endloop
  endfacet
  facet normal 0.329768 -0.225671 -0.916693
    outer loop
      vertex 7.61529 -6.53691 11.3783
      vertex 7.35 -6.56386 11.2895
      vertex 7.6133 -6.5321 11.3764
    endloop
  endfacet
  facet normal 0.329944 -0.80989 -0.48499
    outer loop
      vertex 7.64292 -6.60361 11.4446
      vertex 7.35 -6.69402 11.3963
      vertex 7.64183 -6.601 11.4395
    endloop
  endfacet
  facet normal 0.329705 -0.394259 -0.85782
    outer loop
      vertex 7.62422 -6.55846 11.3906
      vertex 7.35 -6.60371 11.306
      vertex 7.62234 -6.55394 11.3878
    endloop
  endfacet
  facet normal 0.329957 -0.231195 -0.915247
    outer loop
      vertex 7.35 -6.56386 11.2895
      vertex 7.61041 -6.52514 11.3736
      vertex 7.6133 -6.5321 11.3764
    endloop
  endfacet
  facet normal 0.329983 -0.231623 -0.91513
    outer loop
      vertex 7.61041 -6.52514 11.3736
      vertex 7.35 -6.56386 11.2895
      vertex 7.35 -6.54292 11.2842
    endloop
  endfacet
  facet normal 0.330052 -0.0563546 0.942279
    outer loop
      vertex 7.60328 -6.50791 11.631
      vertex 7.35 -6.52156 11.7189
      vertex 7.6053 -6.5128 11.63
    endloop
  endfacet
  facet normal 0.33039 -0.628784 0.703899
    outer loop
      vertex 7.35 -6.63957 11.6701
      vertex 7.6352 -6.58498 11.585
      vertex 7.63345 -6.58075 11.5896
    endloop
  endfacet
  facet normal 0.330029 -0.634112 0.699273
    outer loop
      vertex 7.6352 -6.58498 11.585
      vertex 7.35 -6.63957 11.6701
      vertex 7.35 -6.65556 11.6556
    endloop
  endfacet
  facet normal 0.329974 -0.638282 -0.695495
    outer loop
      vertex 7.63345 -6.58075 11.4104
      vertex 7.35 -6.63957 11.3299
      vertex 7.63189 -6.57698 11.4062
    endloop
  endfacet
  facet normal 0.329931 -0.761817 0.557477
    outer loop
      vertex 7.63815 -6.5921 11.5756
      vertex 7.35 -6.67006 11.6396
      vertex 7.63941 -6.59514 11.5707
    endloop
  endfacet
  facet normal 0.329705 -0.394259 0.85782
    outer loop
      vertex 7.62234 -6.55394 11.6122
      vertex 7.35 -6.60371 11.694
      vertex 7.62422 -6.55846 11.6094
    endloop
  endfacet
  facet normal 0.330085 0.759121 0.561052
    outer loop
      vertex 7.63941 -6.40486 11.5707
      vertex 7.35 -6.31708 11.6222
      vertex 7.35 -6.32994 11.6396
    endloop
  endfacet
  facet normal 0.329848 0.755062 0.56664
    outer loop
      vertex 7.35 -6.31708 11.6222
      vertex 7.63941 -6.40486 11.5707
      vertex 7.64072 -6.40168 11.5657
    endloop
  endfacet
  facet normal 0.329931 0.761817 0.557477
    outer loop
      vertex 7.63941 -6.40486 11.5707
      vertex 7.35 -6.32994 11.6396
      vertex 7.63815 -6.4079 11.5756
    endloop
  endfacet
  facet normal 0.329743 -0.492895 0.805186
    outer loop
      vertex 7.62422 -6.55846 11.6094
      vertex 7.35 -6.60371 11.694
      vertex 7.62602 -6.56281 11.606
    endloop
  endfacet
  facet normal 0.329949 -0.933491 -0.140456
    outer loop
      vertex 7.35 -6.71894 11.4784
      vertex 7.64744 -6.61453 11.4832
      vertex 7.64773 -6.61524 11.4886
    endloop
  endfacet
  facet normal 0.329997 -0.933698 -0.138959
    outer loop
      vertex 7.64744 -6.61453 11.4832
      vertex 7.35 -6.71894 11.4784
      vertex 7.35 -6.71577 11.4571
    endloop
  endfacet
  facet normal 0.330064 -0.942903 -0.0446204
    outer loop
      vertex 7.35 -6.72 11.5
      vertex 7.64773 -6.61524 11.4886
      vertex 7.64783 -6.61547 11.4942
    endloop
  endfacet
  facet normal 0.329983 -0.942852 -0.0462696
    outer loop
      vertex 7.64773 -6.61524 11.4886
      vertex 7.35 -6.72 11.5
      vertex 7.35 -6.71894 11.4784
    endloop
  endfacet
  facet normal 0.330082 -0.5604 -0.759604
    outer loop
      vertex 7.35 -6.62222 11.3171
      vertex 7.63021 -6.57293 11.4025
      vertex 7.35 -6.63957 11.3299
    endloop
  endfacet
  facet normal 0.329673 -0.569351 -0.753097
    outer loop
      vertex 7.63021 -6.57293 11.4025
      vertex 7.35 -6.62222 11.3171
      vertex 7.62822 -6.56813 11.398
    endloop
  endfacet
  facet normal 0.329633 -0.476498 -0.815041
    outer loop
      vertex 7.35 -6.62222 11.3171
      vertex 7.62602 -6.56281 11.394
      vertex 7.62822 -6.56813 11.398
    endloop
  endfacet
  facet normal 0.330039 -0.485474 -0.809561
    outer loop
      vertex 7.62602 -6.56281 11.394
      vertex 7.35 -6.62222 11.3171
      vertex 7.35 -6.60371 11.306
    endloop
  endfacet
  facet normal -1 0 0
    outer loop
      vertex 7.35 -6.28106 11.4784
      vertex 7.35 -6.28106 11.5216
      vertex 7.35 -6.28 11.5
    endloop
  endfacet
  facet normal -1 0 0
    outer loop
      vertex 7.35 -6.28423 11.4571
      vertex 7.35 -6.28106 11.5216
      vertex 7.35 -6.28106 11.4784
    endloop
  endfacet
  facet normal -1 0 0
    outer loop
      vertex 7.35 -6.28423 11.4571
      vertex 7.35 -6.28423 11.5429
      vertex 7.35 -6.28106 11.5216
    endloop
  endfacet
  facet normal -1 0 0
    outer loop
      vertex 7.35 -6.28947 11.4361
      vertex 7.35 -6.28423 11.5429
      vertex 7.35 -6.28423 11.4571
    endloop
  endfacet
  facet normal -1 0 0
    outer loop
      vertex 7.35 -6.28947 11.4361
      vertex 7.35 -6.28947 11.5639
      vertex 7.35 -6.28423 11.5429
    endloop
  endfacet
  facet normal -1 0 0
    outer loop
      vertex 7.35 -6.29675 11.4158
      vertex 7.35 -6.28947 11.5639
      vertex 7.35 -6.28947 11.4361
    endloop
  endfacet
  facet normal -1 0 0
    outer loop
      vertex 7.35 -6.29675 11.4158
      vertex 7.35 -6.29675 11.5842
      vertex 7.35 -6.28947 11.5639
    endloop
  endfacet
  facet normal -1 0 0
    outer loop
      vertex 7.35 -6.30598 11.3963
      vertex 7.35 -6.29675 11.5842
      vertex 7.35 -6.29675 11.4158
    endloop
  endfacet
  facet normal -1 0 0
    outer loop
      vertex 7.35 -6.30598 11.3963
      vertex 7.35 -6.30598 11.6037
      vertex 7.35 -6.29675 11.5842
    endloop
  endfacet
  facet normal -1 0 0
    outer loop
      vertex 7.35 -6.31708 11.3778
      vertex 7.35 -6.30598 11.6037
      vertex 7.35 -6.30598 11.3963
    endloop
  endfacet
  facet normal -1 0 0
    outer loop
      vertex 7.35 -6.31708 11.3778
      vertex 7.35 -6.31708 11.6222
      vertex 7.35 -6.30598 11.6037
    endloop
  endfacet
  facet normal -1 0 0
    outer loop
      vertex 7.35 -6.32994 11.3604
      vertex 7.35 -6.31708 11.6222
      vertex 7.35 -6.31708 11.3778
    endloop
  endfacet
  facet normal -1 0 0
    outer loop
      vertex 7.35 -6.32994 11.3604
      vertex 7.35 -6.32994 11.6396
      vertex 7.35 -6.31708 11.6222
    endloop
  endfacet
  facet normal -1 0 0
    outer loop
      vertex 7.35 -6.34444 11.3444
      vertex 7.35 -6.32994 11.6396
      vertex 7.35 -6.32994 11.3604
    endloop
  endfacet
  facet normal -1 0 0
    outer loop
      vertex 7.35 -6.34444 11.3444
      vertex 7.35 -6.34444 11.6556
      vertex 7.35 -6.32994 11.6396
    endloop
  endfacet
  facet normal -1 0 0
    outer loop
      vertex 7.35 -6.36043 11.3299
      vertex 7.35 -6.34444 11.6556
      vertex 7.35 -6.34444 11.3444
    endloop
  endfacet
  facet normal -1 0 0
    outer loop
      vertex 7.35 -6.36043 11.3299
      vertex 7.35 -6.36043 11.6701
      vertex 7.35 -6.34444 11.6556
    endloop
  endfacet
  facet normal -1 0 0
    outer loop
      vertex 7.35 -6.37778 11.3171
      vertex 7.35 -6.36043 11.6701
      vertex 7.35 -6.36043 11.3299
    endloop
  endfacet
  facet normal -1 0 0
    outer loop
      vertex 7.35 -6.37778 11.3171
      vertex 7.35 -6.37778 11.6829
      vertex 7.35 -6.36043 11.6701
    endloop
  endfacet
  facet normal -1 0 0
    outer loop
      vertex 7.35 -6.39629 11.306
      vertex 7.35 -6.37778 11.6829
      vertex 7.35 -6.37778 11.3171
    endloop
  endfacet
  facet normal -1 0 0
    outer loop
      vertex 7.35 -6.39629 11.306
      vertex 7.35 -6.39629 11.694
      vertex 7.35 -6.37778 11.6829
    endloop
  endfacet
  facet normal -1 0 0
    outer loop
      vertex 7.35 -6.41581 11.2967
      vertex 7.35 -6.39629 11.694
      vertex 7.35 -6.39629 11.306
    endloop
  endfacet
  facet normal -1 0 0
    outer loop
      vertex 7.35 -6.41581 11.2967
      vertex 7.35 -6.41581 11.7033
      vertex 7.35 -6.39629 11.694
    endloop
  endfacet
  facet normal -1 0 0
    outer loop
      vertex 7.35 -6.43614 11.2895
      vertex 7.35 -6.41581 11.7033
      vertex 7.35 -6.41581 11.2967
    endloop
  endfacet
  facet normal -1 0 0
    outer loop
      vertex 7.35 -6.43614 11.2895
      vertex 7.35 -6.43614 11.7105
      vertex 7.35 -6.41581 11.7033
    endloop
  endfacet
  facet normal -1 0 0
    outer loop
      vertex 7.35 -6.45708 11.2842
      vertex 7.35 -6.43614 11.7105
      vertex 7.35 -6.43614 11.2895
    endloop
  endfacet
  facet normal -1 0 0
    outer loop
      vertex 7.35 -6.45708 11.2842
      vertex 7.35 -6.45708 11.7158
      vertex 7.35 -6.43614 11.7105
    endloop
  endfacet
  facet normal -1 0 0
    outer loop
      vertex 7.35 -6.47844 11.2811
      vertex 7.35 -6.45708 11.7158
      vertex 7.35 -6.45708 11.2842
    endloop
  endfacet
  facet normal -1 0 0
    outer loop
      vertex 7.35 -6.47844 11.2811
      vertex 7.35 -6.47844 11.7189
      vertex 7.35 -6.45708 11.7158
    endloop
  endfacet
  facet normal -1 0 0
    outer loop
      vertex 7.35 -6.5 11.28
      vertex 7.35 -6.47844 11.7189
      vertex 7.35 -6.47844 11.2811
    endloop
  endfacet
  facet normal -1 0 0
    outer loop
      vertex 7.35 -6.5 11.28
      vertex 7.35 -6.5 11.72
      vertex 7.35 -6.47844 11.7189
    endloop
  endfacet
  facet normal -1 0 0
    outer loop
      vertex 7.35 -6.52156 11.2811
      vertex 7.35 -6.5 11.72
      vertex 7.35 -6.5 11.28
    endloop
  endfacet
  facet normal -1 0 0
    outer loop
      vertex 7.35 -6.52156 11.2811
      vertex 7.35 -6.52156 11.7189
      vertex 7.35 -6.5 11.72
    endloop
  endfacet
  facet normal -1 0 0
    outer loop
      vertex 7.35 -6.54292 11.2842
      vertex 7.35 -6.52156 11.7189
      vertex 7.35 -6.52156 11.2811
    endloop
  endfacet
  facet normal -1 0 0
    outer loop
      vertex 7.35 -6.54292 11.2842
      vertex 7.35 -6.54292 11.7158
      vertex 7.35 -6.52156 11.7189
    endloop
  endfacet
  facet normal -1 0 0
    outer loop
      vertex 7.35 -6.56386 11.2895
      vertex 7.35 -6.54292 11.7158
      vertex 7.35 -6.54292 11.2842
    endloop
  endfacet
  facet normal -1 0 0
    outer loop
      vertex 7.35 -6.56386 11.2895
      vertex 7.35 -6.56386 11.7105
      vertex 7.35 -6.54292 11.7158
    endloop
  endfacet
  facet normal -1 0 0
    outer loop
      vertex 7.35 -6.58419 11.2967
      vertex 7.35 -6.56386 11.7105
      vertex 7.35 -6.56386 11.2895
    endloop
  endfacet
  facet normal -1 0 0
    outer loop
      vertex 7.35 -6.58419 11.2967
      vertex 7.35 -6.58419 11.7033
      vertex 7.35 -6.56386 11.7105
    endloop
  endfacet
  facet normal -1 0 0
    outer loop
      vertex 7.35 -6.60371 11.306
      vertex 7.35 -6.58419 11.7033
      vertex 7.35 -6.58419 11.2967
    endloop
  endfacet
  facet normal -1 0 0
    outer loop
      vertex 7.35 -6.60371 11.306
      vertex 7.35 -6.60371 11.694
      vertex 7.35 -6.58419 11.7033
    endloop
  endfacet
  facet normal -1 0 0
    outer loop
      vertex 7.35 -6.62222 11.3171
      vertex 7.35 -6.60371 11.694
      vertex 7.35 -6.60371 11.306
    endloop
  endfacet
  facet normal -1 0 0
    outer loop
      vertex 7.35 -6.62222 11.3171
      vertex 7.35 -6.62222 11.6829
      vertex 7.35 -6.60371 11.694
    endloop
  endfacet
  facet normal -1 0 0
    outer loop
      vertex 7.35 -6.63957 11.3299
      vertex 7.35 -6.62222 11.6829
      vertex 7.35 -6.62222 11.3171
    endloop
  endfacet
  facet normal -1 0 0
    outer loop
      vertex 7.35 -6.63957 11.3299
      vertex 7.35 -6.63957 11.6701
      vertex 7.35 -6.62222 11.6829
    endloop
  endfacet
  facet normal -1 0 0
    outer loop
      vertex 7.35 -6.65556 11.3444
      vertex 7.35 -6.63957 11.6701
      vertex 7.35 -6.63957 11.3299
    endloop
  endfacet
  facet normal -1 0 0
    outer loop
      vertex 7.35 -6.65556 11.3444
      vertex 7.35 -6.65556 11.6556
      vertex 7.35 -6.63957 11.6701
    endloop
  endfacet
  facet normal -1 0 0
    outer loop
      vertex 7.35 -6.67006 11.3604
      vertex 7.35 -6.65556 11.6556
      vertex 7.35 -6.65556 11.3444
    endloop
  endfacet
  facet normal -1 0 0
    outer loop
      vertex 7.35 -6.67006 11.3604
      vertex 7.35 -6.67006 11.6396
      vertex 7.35 -6.65556 11.6556
    endloop
  endfacet
  facet normal -1 0 0
    outer loop
      vertex 7.35 -6.68292 11.3778
      vertex 7.35 -6.67006 11.6396
      vertex 7.35 -6.67006 11.3604
    endloop
  endfacet
  facet normal -1 0 0
    outer loop
      vertex 7.35 -6.68292 11.3778
      vertex 7.35 -6.68292 11.6222
      vertex 7.35 -6.67006 11.6396
    endloop
  endfacet
  facet normal -1 0 0
    outer loop
      vertex 7.35 -6.69402 11.3963
      vertex 7.35 -6.68292 11.6222
      vertex 7.35 -6.68292 11.3778
    endloop
  endfacet
  facet normal -1 0 0
    outer loop
      vertex 7.35 -6.69402 11.3963
      vertex 7.35 -6.69402 11.6037
      vertex 7.35 -6.68292 11.6222
    endloop
  endfacet
  facet normal -1 0 0
    outer loop
      vertex 7.35 -6.70325 11.4158
      vertex 7.35 -6.69402 11.6037
      vertex 7.35 -6.69402 11.3963
    endloop
  endfacet
  facet normal -1 0 0
    outer loop
      vertex 7.35 -6.70325 11.4158
      vertex 7.35 -6.70325 11.5842
      vertex 7.35 -6.69402 11.6037
    endloop
  endfacet
  facet normal -1 0 0
    outer loop
      vertex 7.35 -6.71053 11.4361
      vertex 7.35 -6.70325 11.5842
      vertex 7.35 -6.70325 11.4158
    endloop
  endfacet
  facet normal -1 0 0
    outer loop
      vertex 7.35 -6.71053 11.4361
      vertex 7.35 -6.71053 11.5639
      vertex 7.35 -6.70325 11.5842
    endloop
  endfacet
  facet normal -1 0 0
    outer loop
      vertex 7.35 -6.71577 11.4571
      vertex 7.35 -6.71053 11.5639
      vertex 7.35 -6.71053 11.4361
    endloop
  endfacet
  facet normal -1 0 0
    outer loop
      vertex 7.35 -6.71577 11.4571
      vertex 7.35 -6.71577 11.5429
      vertex 7.35 -6.71053 11.5639
    endloop
  endfacet
  facet normal -1 0 0
    outer loop
      vertex 7.35 -6.71894 11.4784
      vertex 7.35 -6.71577 11.5429
      vertex 7.35 -6.71577 11.4571
    endloop
  endfacet
  facet normal -1 0 0
    outer loop
      vertex 7.35 -6.71894 11.4784
      vertex 7.35 -6.71894 11.5216
      vertex 7.35 -6.71577 11.5429
    endloop
  endfacet
  facet normal -1 0 -0
    outer loop
      vertex 7.35 -6.71894 11.5216
      vertex 7.35 -6.71894 11.4784
      vertex 7.35 -6.72 11.5
    endloop
  endfacet
  facet normal 0.329944 0.80989 0.48499
    outer loop
      vertex 7.64292 -6.39639 11.5554
      vertex 7.35 -6.30598 11.6037
      vertex 7.64183 -6.399 11.5605
    endloop
  endfacet
  facet normal 0.942903 0.330064 -0.0446204
    outer loop
      vertex 8.72 -7.65 11.5
      vertex 8.61524 -7.35227 11.4886
      vertex 8.61547 -7.35217 11.4942
    endloop
  endfacet
  facet normal 0.942852 0.329983 -0.0462696
    outer loop
      vertex 8.61524 -7.35227 11.4886
      vertex 8.72 -7.65 11.5
      vertex 8.71894 -7.65 11.4784
    endloop
  endfacet
  facet normal -0.942813 0.330006 0.0468972
    outer loop
      vertex 8.38451 -7.35216 11.5055
      vertex 8.28106 -7.65 11.5216
      vertex 8.38476 -7.35227 11.5113
    endloop
  endfacet
  facet normal 0.0481003 0.329968 -0.942766
    outer loop
      vertex 8.5 -7.4 11.3675
      vertex 8.52156 -7.65 11.2811
      vertex 8.5 -7.65 11.28
    endloop
  endfacet
  facet normal 0.0421843 0.3296 -0.943178
    outer loop
      vertex 8.52156 -7.65 11.2811
      vertex 8.5 -7.4 11.3675
      vertex 8.50791 -7.39672 11.369
    endloop
  endfacet
  facet normal 0.0563546 0.330052 -0.942279
    outer loop
      vertex 8.52156 -7.65 11.2811
      vertex 8.50791 -7.39672 11.369
      vertex 8.5128 -7.3947 11.37
    endloop
  endfacet
  facet normal -0.916124 0.330011 0.227617
    outer loop
      vertex 8.28423 -7.65 11.5429
      vertex 8.38741 -7.35336 11.5281
      vertex 8.38622 -7.35287 11.5226
    endloop
  endfacet
  facet normal -0.915905 0.329981 0.22854
    outer loop
      vertex 8.38741 -7.35336 11.5281
      vertex 8.28423 -7.65 11.5429
      vertex 8.28947 -7.65 11.5639
    endloop
  endfacet
  facet normal -0.915905 0.329981 -0.22854
    outer loop
      vertex 8.28423 -7.65 11.4571
      vertex 8.38741 -7.35336 11.4719
      vertex 8.28947 -7.65 11.4361
    endloop
  endfacet
  facet normal -0.916124 0.330011 -0.227617
    outer loop
      vertex 8.38741 -7.35336 11.4719
      vertex 8.28423 -7.65 11.4571
      vertex 8.38622 -7.35287 11.4774
    endloop
  endfacet
  facet normal -0.628784 0.33039 -0.703899
    outer loop
      vertex 8.36043 -7.65 11.3299
      vertex 8.41502 -7.3648 11.415
      vertex 8.41925 -7.36655 11.4104
    endloop
  endfacet
  facet normal -0.634112 0.330029 -0.699273
    outer loop
      vertex 8.41502 -7.3648 11.415
      vertex 8.36043 -7.65 11.3299
      vertex 8.34444 -7.65 11.3444
    endloop
  endfacet
  facet normal -0.628784 0.33039 0.703899
    outer loop
      vertex 8.41502 -7.3648 11.585
      vertex 8.36043 -7.65 11.6701
      vertex 8.41925 -7.36655 11.5896
    endloop
  endfacet
  facet normal -0.634112 0.330029 0.699273
    outer loop
      vertex 8.36043 -7.65 11.6701
      vertex 8.41502 -7.3648 11.585
      vertex 8.34444 -7.65 11.6556
    endloop
  endfacet
  facet normal 0.225671 0.329768 -0.916693
    outer loop
      vertex 8.56386 -7.65 11.2895
      vertex 8.5321 -7.3867 11.3764
      vertex 8.53691 -7.38471 11.3783
    endloop
  endfacet
  facet normal -0.855017 0.329884 -0.400154
    outer loop
      vertex 8.39639 -7.35708 11.4446
      vertex 8.30598 -7.65 11.3963
      vertex 8.39421 -7.35618 11.45
    endloop
  endfacet
  facet normal -0.761817 0.329931 -0.557477
    outer loop
      vertex 8.4079 -7.36185 11.4244
      vertex 8.32994 -7.65 11.3604
      vertex 8.40486 -7.36059 11.4293
    endloop
  endfacet
  facet normal -0.942905 0.330031 0.0448311
    outer loop
      vertex 8.28 -7.65 11.5
      vertex 8.38451 -7.35216 11.5055
      vertex 8.38428 -7.35207 11.5
    endloop
  endfacet
  facet normal -0.942851 0.329986 0.0462696
    outer loop
      vertex 8.38451 -7.35216 11.5055
      vertex 8.28 -7.65 11.5
      vertex 8.28106 -7.65 11.5216
    endloop
  endfacet
  facet normal 0.915905 0.329981 0.22854
    outer loop
      vertex 8.71577 -7.65 11.5429
      vertex 8.61259 -7.35336 11.5281
      vertex 8.71053 -7.65 11.5639
    endloop
  endfacet
  facet normal 0.916124 0.330011 0.227617
    outer loop
      vertex 8.61259 -7.35336 11.5281
      vertex 8.71577 -7.65 11.5429
      vertex 8.61378 -7.35287 11.5226
    endloop
  endfacet
  facet normal 0.476498 0.329633 0.815041
    outer loop
      vertex 8.56281 -7.37398 11.606
      vertex 8.62222 -7.65 11.6829
      vertex 8.56813 -7.37178 11.602
    endloop
  endfacet
  facet normal 0.485474 0.330039 0.809561
    outer loop
      vertex 8.62222 -7.65 11.6829
      vertex 8.56281 -7.37398 11.606
      vertex 8.60371 -7.65 11.694
    endloop
  endfacet
  facet normal 0.558429 0.329998 0.76109
    outer loop
      vertex 8.57698 -7.36811 11.5938
      vertex 8.57293 -7.36979 11.5975
      vertex 8.63957 -7.65 11.6701
    endloop
  endfacet
  facet normal -0.492895 0.329743 0.805186
    outer loop
      vertex 8.43719 -7.37398 11.606
      vertex 8.39629 -7.65 11.694
      vertex 8.44154 -7.37578 11.6094
    endloop
  endfacet
  facet normal 0.309747 0.329924 0.891744
    outer loop
      vertex 8.54165 -7.38275 11.6192
      vertex 8.58419 -7.65 11.7033
      vertex 8.54804 -7.3801 11.616
    endloop
  endfacet
  facet normal 0.315119 0.330159 0.889773
    outer loop
      vertex 8.58419 -7.65 11.7033
      vertex 8.54165 -7.38275 11.6192
      vertex 8.56386 -7.65 11.7105
    endloop
  endfacet
  facet normal -0.933836 0.33003 0.137951
    outer loop
      vertex 8.28106 -7.65 11.5216
      vertex 8.38547 -7.35256 11.5168
      vertex 8.38476 -7.35227 11.5113
    endloop
  endfacet
  facet normal -0.933698 0.329997 0.138959
    outer loop
      vertex 8.38547 -7.35256 11.5168
      vertex 8.28106 -7.65 11.5216
      vertex 8.28423 -7.65 11.5429
    endloop
  endfacet
  facet normal -0.131619 0.329906 0.934793
    outer loop
      vertex 8.47486 -7.38959 11.6264
      vertex 8.45708 -7.65 11.7158
      vertex 8.47974 -7.39161 11.6278
    endloop
  endfacet
  facet normal -0.558429 0.329998 -0.76109
    outer loop
      vertex 8.42707 -7.36979 11.4025
      vertex 8.36043 -7.65 11.3299
      vertex 8.42302 -7.36811 11.4062
    endloop
  endfacet
  facet normal -0.138604 0.330145 0.933699
    outer loop
      vertex 8.45708 -7.65 11.7158
      vertex 8.4872 -7.3947 11.63
      vertex 8.47974 -7.39161 11.6278
    endloop
  endfacet
  facet normal -0.135583 0.32996 0.934208
    outer loop
      vertex 8.4872 -7.3947 11.63
      vertex 8.45708 -7.65 11.7158
      vertex 8.47844 -7.65 11.7189
    endloop
  endfacet
  facet normal -0.0563546 0.330052 0.942279
    outer loop
      vertex 8.4872 -7.3947 11.63
      vertex 8.47844 -7.65 11.7189
      vertex 8.49209 -7.39672 11.631
    endloop
  endfacet
  facet normal -0.759121 0.330085 -0.561052
    outer loop
      vertex 8.31708 -7.65 11.3778
      vertex 8.40486 -7.36059 11.4293
      vertex 8.32994 -7.65 11.3604
    endloop
  endfacet
  facet normal -0.755062 0.329848 -0.56664
    outer loop
      vertex 8.40486 -7.36059 11.4293
      vertex 8.31708 -7.65 11.3778
      vertex 8.40168 -7.35928 11.4343
    endloop
  endfacet
  facet normal -0.231623 0.329983 -0.91513
    outer loop
      vertex 8.43614 -7.65 11.2895
      vertex 8.47486 -7.38959 11.3736
      vertex 8.45708 -7.65 11.2842
    endloop
  endfacet
  facet normal -0.231195 0.329957 -0.915247
    outer loop
      vertex 8.47486 -7.38959 11.3736
      vertex 8.43614 -7.65 11.2895
      vertex 8.4679 -7.3867 11.3764
    endloop
  endfacet
  facet normal -0.755062 0.329848 0.56664
    outer loop
      vertex 8.31708 -7.65 11.6222
      vertex 8.40486 -7.36059 11.5707
      vertex 8.40168 -7.35928 11.5657
    endloop
  endfacet
  facet normal -0.759121 0.330085 0.561052
    outer loop
      vertex 8.40486 -7.36059 11.5707
      vertex 8.31708 -7.65 11.6222
      vertex 8.32994 -7.65 11.6396
    endloop
  endfacet
  facet normal 0.933698 0.329997 0.138959
    outer loop
      vertex 8.71894 -7.65 11.5216
      vertex 8.61453 -7.35256 11.5168
      vertex 8.71577 -7.65 11.5429
    endloop
  endfacet
  facet normal 0.933836 0.33003 0.137951
    outer loop
      vertex 8.61453 -7.35256 11.5168
      vertex 8.71894 -7.65 11.5216
      vertex 8.61524 -7.35227 11.5113
    endloop
  endfacet
  facet normal 0.93379 0.329978 0.138385
    outer loop
      vertex 8.61453 -7.35256 11.5168
      vertex 8.61378 -7.35287 11.5226
      vertex 8.71577 -7.65 11.5429
    endloop
  endfacet
  facet normal 0.638282 0.329974 0.695495
    outer loop
      vertex 8.58075 -7.36655 11.5896
      vertex 8.57698 -7.36811 11.5938
      vertex 8.63957 -7.65 11.6701
    endloop
  endfacet
  facet normal -0.569351 0.329673 -0.753097
    outer loop
      vertex 8.37778 -7.65 11.3171
      vertex 8.42707 -7.36979 11.4025
      vertex 8.43187 -7.37178 11.398
    endloop
  endfacet
  facet normal -0.5604 0.330082 -0.759604
    outer loop
      vertex 8.42707 -7.36979 11.4025
      vertex 8.37778 -7.65 11.3171
      vertex 8.36043 -7.65 11.3299
    endloop
  endfacet
  facet normal -0.808619 0.32986 0.487162
    outer loop
      vertex 8.30598 -7.65 11.6037
      vertex 8.40168 -7.35928 11.5657
      vertex 8.399 -7.35817 11.5605
    endloop
  endfacet
  facet normal -0.809473 0.329948 0.485684
    outer loop
      vertex 8.40168 -7.35928 11.5657
      vertex 8.30598 -7.65 11.6037
      vertex 8.31708 -7.65 11.6222
    endloop
  endfacet
  facet normal -0.485474 0.330039 -0.809561
    outer loop
      vertex 8.37778 -7.65 11.3171
      vertex 8.43719 -7.37398 11.394
      vertex 8.39629 -7.65 11.306
    endloop
  endfacet
  facet normal -0.476498 0.329633 -0.815041
    outer loop
      vertex 8.43719 -7.37398 11.394
      vertex 8.37778 -7.65 11.3171
      vertex 8.43187 -7.37178 11.398
    endloop
  endfacet
  facet normal -0.314304 0.329891 -0.89016
    outer loop
      vertex 8.46309 -7.38471 11.3783
      vertex 8.43614 -7.65 11.2895
      vertex 8.45835 -7.38275 11.3807
    endloop
  endfacet
  facet normal -0.0563546 0.330052 -0.942279
    outer loop
      vertex 8.49209 -7.39672 11.369
      vertex 8.47844 -7.65 11.2811
      vertex 8.4872 -7.3947 11.37
    endloop
  endfacet
  facet normal 0.231195 0.329957 0.915247
    outer loop
      vertex 8.52514 -7.38959 11.6264
      vertex 8.56386 -7.65 11.7105
      vertex 8.5321 -7.3867 11.6236
    endloop
  endfacet
  facet normal 0.231623 0.329983 0.91513
    outer loop
      vertex 8.56386 -7.65 11.7105
      vertex 8.52514 -7.38959 11.6264
      vertex 8.54292 -7.65 11.7158
    endloop
  endfacet
  facet normal -0.88856 0.330031 -0.318656
    outer loop
      vertex 8.28947 -7.65 11.4361
      vertex 8.39205 -7.35528 11.4553
      vertex 8.29675 -7.65 11.4158
    endloop
  endfacet
  facet normal -0.888573 0.330033 -0.318616
    outer loop
      vertex 8.39205 -7.35528 11.4553
      vertex 8.28947 -7.65 11.4361
      vertex 8.39037 -7.35459 11.4607
    endloop
  endfacet
  facet normal -0.315153 0.329862 -0.88987
    outer loop
      vertex 8.41581 -7.65 11.2967
      vertex 8.45835 -7.38275 11.3807
      vertex 8.43614 -7.65 11.2895
    endloop
  endfacet
  facet normal -0.321438 0.330125 -0.887522
    outer loop
      vertex 8.45835 -7.38275 11.3807
      vertex 8.41581 -7.65 11.2967
      vertex 8.45196 -7.3801 11.384
    endloop
  endfacet
  facet normal -0.135583 0.32996 -0.934208
    outer loop
      vertex 8.45708 -7.65 11.2842
      vertex 8.4872 -7.3947 11.37
      vertex 8.47844 -7.65 11.2811
    endloop
  endfacet
  facet normal -0.138604 0.330145 -0.933699
    outer loop
      vertex 8.4872 -7.3947 11.37
      vertex 8.45708 -7.65 11.2842
      vertex 8.47974 -7.39161 11.3722
    endloop
  endfacet
  facet normal -0.809473 0.329948 -0.485684
    outer loop
      vertex 8.30598 -7.65 11.3963
      vertex 8.40168 -7.35928 11.4343
      vertex 8.31708 -7.65 11.3778
    endloop
  endfacet
  facet normal -0.808619 0.32986 -0.487162
    outer loop
      vertex 8.40168 -7.35928 11.4343
      vertex 8.30598 -7.65 11.3963
      vertex 8.399 -7.35817 11.4395
    endloop
  endfacet
  facet normal 0.0563546 0.330052 0.942279
    outer loop
      vertex 8.5128 -7.3947 11.63
      vertex 8.50791 -7.39672 11.631
      vertex 8.52156 -7.65 11.7189
    endloop
  endfacet
  facet normal -0.309747 0.329924 0.891744
    outer loop
      vertex 8.41581 -7.65 11.7033
      vertex 8.45835 -7.38275 11.6192
      vertex 8.45196 -7.3801 11.616
    endloop
  endfacet
  facet normal -0.315119 0.330159 0.889773
    outer loop
      vertex 8.45835 -7.38275 11.6192
      vertex 8.41581 -7.65 11.7033
      vertex 8.43614 -7.65 11.7105
    endloop
  endfacet
  facet normal -0.406015 0.330026 -0.852194
    outer loop
      vertex 8.39629 -7.65 11.306
      vertex 8.45196 -7.3801 11.384
      vertex 8.41581 -7.65 11.2967
    endloop
  endfacet
  facet normal -0.410736 0.330313 -0.849817
    outer loop
      vertex 8.45196 -7.3801 11.384
      vertex 8.39629 -7.65 11.306
      vertex 8.44606 -7.37766 11.3878
    endloop
  endfacet
  facet normal -0.0481003 0.329968 -0.942766
    outer loop
      vertex 8.47844 -7.65 11.2811
      vertex 8.5 -7.4 11.3675
      vertex 8.5 -7.65 11.28
    endloop
  endfacet
  facet normal -0.0421843 0.3296 -0.943178
    outer loop
      vertex 8.5 -7.4 11.3675
      vertex 8.47844 -7.65 11.2811
      vertex 8.49209 -7.39672 11.369
    endloop
  endfacet
  facet normal -0.85322 0.330021 -0.403858
    outer loop
      vertex 8.29675 -7.65 11.4158
      vertex 8.39421 -7.35618 11.45
      vertex 8.30598 -7.65 11.3963
    endloop
  endfacet
  facet normal -0.853255 0.330024 -0.403783
    outer loop
      vertex 8.39421 -7.35618 11.45
      vertex 8.29675 -7.65 11.4158
      vertex 8.39205 -7.35528 11.4553
    endloop
  endfacet
  facet normal -0.93379 0.329978 0.138385
    outer loop
      vertex 8.38547 -7.35256 11.5168
      vertex 8.28423 -7.65 11.5429
      vertex 8.38622 -7.35287 11.5226
    endloop
  endfacet
  facet normal -0.231195 0.329957 0.915247
    outer loop
      vertex 8.43614 -7.65 11.7105
      vertex 8.47486 -7.38959 11.6264
      vertex 8.4679 -7.3867 11.6236
    endloop
  endfacet
  facet normal -0.231623 0.329983 0.91513
    outer loop
      vertex 8.47486 -7.38959 11.6264
      vertex 8.43614 -7.65 11.7105
      vertex 8.45708 -7.65 11.7158
    endloop
  endfacet
  facet normal 0.225671 0.329768 0.916693
    outer loop
      vertex 8.53691 -7.38471 11.6217
      vertex 8.5321 -7.3867 11.6236
      vertex 8.56386 -7.65 11.7105
    endloop
  endfacet
  facet normal -0.225671 0.329768 -0.916693
    outer loop
      vertex 8.4679 -7.3867 11.3764
      vertex 8.43614 -7.65 11.2895
      vertex 8.46309 -7.38471 11.3783
    endloop
  endfacet
  facet normal -0.225671 0.329768 0.916693
    outer loop
      vertex 8.46309 -7.38471 11.6217
      vertex 8.43614 -7.65 11.7105
      vertex 8.4679 -7.3867 11.6236
    endloop
  endfacet
  facet normal -0.476498 0.329633 0.815041
    outer loop
      vertex 8.37778 -7.65 11.6829
      vertex 8.43719 -7.37398 11.606
      vertex 8.43187 -7.37178 11.602
    endloop
  endfacet
  facet normal -0.485474 0.330039 0.809561
    outer loop
      vertex 8.43719 -7.37398 11.606
      vertex 8.37778 -7.65 11.6829
      vertex 8.39629 -7.65 11.694
    endloop
  endfacet
  facet normal -0.569351 0.329673 0.753097
    outer loop
      vertex 8.42707 -7.36979 11.5975
      vertex 8.37778 -7.65 11.6829
      vertex 8.43187 -7.37178 11.602
    endloop
  endfacet
  facet normal -0.5604 0.330082 0.759604
    outer loop
      vertex 8.37778 -7.65 11.6829
      vertex 8.42707 -7.36979 11.5975
      vertex 8.36043 -7.65 11.6701
    endloop
  endfacet
  facet normal -0.80989 0.329944 -0.48499
    outer loop
      vertex 8.399 -7.35817 11.4395
      vertex 8.30598 -7.65 11.3963
      vertex 8.39639 -7.35708 11.4446
    endloop
  endfacet
  facet normal -0.942852 0.329983 -0.0462696
    outer loop
      vertex 8.28 -7.65 11.5
      vertex 8.38476 -7.35227 11.4886
      vertex 8.28106 -7.65 11.4784
    endloop
  endfacet
  facet normal -0.942903 0.330064 -0.0446204
    outer loop
      vertex 8.38476 -7.35227 11.4886
      vertex 8.28 -7.65 11.5
      vertex 8.38453 -7.35217 11.4942
    endloop
  endfacet
  facet normal 0.942851 0.329986 0.0462696
    outer loop
      vertex 8.72 -7.65 11.5
      vertex 8.61549 -7.35216 11.5055
      vertex 8.71894 -7.65 11.5216
    endloop
  endfacet
  facet normal 0.942905 0.330031 0.0448311
    outer loop
      vertex 8.61549 -7.35216 11.5055
      vertex 8.72 -7.65 11.5
      vertex 8.61572 -7.35207 11.5
    endloop
  endfacet
  facet normal 0.131619 0.329906 0.934793
    outer loop
      vertex 8.52514 -7.38959 11.6264
      vertex 8.52026 -7.39161 11.6278
      vertex 8.54292 -7.65 11.7158
    endloop
  endfacet
  facet normal -0.933698 0.329997 -0.138959
    outer loop
      vertex 8.28106 -7.65 11.4784
      vertex 8.38547 -7.35256 11.4832
      vertex 8.28423 -7.65 11.4571
    endloop
  endfacet
  facet normal -0.933491 0.329949 -0.140456
    outer loop
      vertex 8.38547 -7.35256 11.4832
      vertex 8.28106 -7.65 11.4784
      vertex 8.38476 -7.35227 11.4886
    endloop
  endfacet
  facet normal 0.855017 0.329884 -0.400154
    outer loop
      vertex 8.69402 -7.65 11.3963
      vertex 8.60361 -7.35708 11.4446
      vertex 8.60579 -7.35618 11.45
    endloop
  endfacet
  facet normal -0.888573 0.330033 0.318616
    outer loop
      vertex 8.28947 -7.65 11.5639
      vertex 8.39205 -7.35528 11.5447
      vertex 8.39037 -7.35459 11.5393
    endloop
  endfacet
  facet normal -0.88856 0.330031 0.318656
    outer loop
      vertex 8.39205 -7.35528 11.5447
      vertex 8.28947 -7.65 11.5639
      vertex 8.29675 -7.65 11.5842
    endloop
  endfacet
  facet normal -0.69903 0.329985 0.634402
    outer loop
      vertex 8.32994 -7.65 11.6396
      vertex 8.41502 -7.3648 11.585
      vertex 8.4113 -7.36326 11.5801
    endloop
  endfacet
  facet normal -0.699472 0.330021 0.633897
    outer loop
      vertex 8.41502 -7.3648 11.585
      vertex 8.32994 -7.65 11.6396
      vertex 8.34444 -7.65 11.6556
    endloop
  endfacet
  facet normal -0.638282 0.329974 -0.695495
    outer loop
      vertex 8.42302 -7.36811 11.4062
      vertex 8.36043 -7.65 11.3299
      vertex 8.41925 -7.36655 11.4104
    endloop
  endfacet
  facet normal -0.70053 0.330059 -0.632708
    outer loop
      vertex 8.4113 -7.36326 11.4199
      vertex 8.32994 -7.65 11.3604
      vertex 8.4079 -7.36185 11.4244
    endloop
  endfacet
  facet normal -0.699472 0.330021 -0.633897
    outer loop
      vertex 8.32994 -7.65 11.3604
      vertex 8.41502 -7.3648 11.415
      vertex 8.34444 -7.65 11.3444
    endloop
  endfacet
  facet normal -0.69903 0.329985 -0.634402
    outer loop
      vertex 8.41502 -7.3648 11.415
      vertex 8.32994 -7.65 11.3604
      vertex 8.4113 -7.36326 11.4199
    endloop
  endfacet
  facet normal -0.410736 0.330313 0.849817
    outer loop
      vertex 8.39629 -7.65 11.694
      vertex 8.45196 -7.3801 11.616
      vertex 8.44606 -7.37766 11.6122
    endloop
  endfacet
  facet normal -0.406015 0.330026 0.852194
    outer loop
      vertex 8.45196 -7.3801 11.616
      vertex 8.39629 -7.65 11.694
      vertex 8.41581 -7.65 11.7033
    endloop
  endfacet
  facet normal -0.131619 0.329906 -0.934793
    outer loop
      vertex 8.47974 -7.39161 11.3722
      vertex 8.45708 -7.65 11.2842
      vertex 8.47486 -7.38959 11.3736
    endloop
  endfacet
  facet normal 0.69903 0.329985 -0.634402
    outer loop
      vertex 8.67006 -7.65 11.3604
      vertex 8.58498 -7.3648 11.415
      vertex 8.5887 -7.36326 11.4199
    endloop
  endfacet
  facet normal 0.699472 0.330021 -0.633897
    outer loop
      vertex 8.58498 -7.3648 11.415
      vertex 8.67006 -7.65 11.3604
      vertex 8.65556 -7.65 11.3444
    endloop
  endfacet
  facet normal -0.94284 0.330008 -0.0463295
    outer loop
      vertex 8.38453 -7.35217 11.4942
      vertex 8.28 -7.65 11.5
      vertex 8.38428 -7.35207 11.5
    endloop
  endfacet
  facet normal 0.887991 0.329974 0.320296
    outer loop
      vertex 8.61135 -7.35388 11.5338
      vertex 8.60963 -7.35459 11.5393
      vertex 8.71053 -7.65 11.5639
    endloop
  endfacet
  facet normal -0.853255 0.330024 0.403783
    outer loop
      vertex 8.29675 -7.65 11.5842
      vertex 8.39421 -7.35618 11.55
      vertex 8.39205 -7.35528 11.5447
    endloop
  endfacet
  facet normal -0.85322 0.330021 0.403858
    outer loop
      vertex 8.39421 -7.35618 11.55
      vertex 8.29675 -7.65 11.5842
      vertex 8.30598 -7.65 11.6037
    endloop
  endfacet
  facet normal -0.887991 0.329974 0.320296
    outer loop
      vertex 8.38865 -7.35388 11.5338
      vertex 8.28947 -7.65 11.5639
      vertex 8.39037 -7.35459 11.5393
    endloop
  endfacet
  facet normal 0.558429 0.329998 -0.76109
    outer loop
      vertex 8.63957 -7.65 11.3299
      vertex 8.57293 -7.36979 11.4025
      vertex 8.57698 -7.36811 11.4062
    endloop
  endfacet
  facet normal 0.916124 0.330011 -0.227617
    outer loop
      vertex 8.71577 -7.65 11.4571
      vertex 8.61259 -7.35336 11.4719
      vertex 8.61378 -7.35287 11.4774
    endloop
  endfacet
  facet normal 0.915905 0.329981 -0.22854
    outer loop
      vertex 8.61259 -7.35336 11.4719
      vertex 8.71577 -7.65 11.4571
      vertex 8.71053 -7.65 11.4361
    endloop
  endfacet
  facet normal 0.761817 0.329931 -0.557477
    outer loop
      vertex 8.67006 -7.65 11.3604
      vertex 8.5921 -7.36185 11.4244
      vertex 8.59514 -7.36059 11.4293
    endloop
  endfacet
  facet normal 0.330209 0.329608 0.884489
    outer loop
      vertex 8.54165 -7.38275 11.6192
      vertex 8.53691 -7.38471 11.6217
      vertex 8.56386 -7.65 11.7105
    endloop
  endfacet
  facet normal -0.761817 0.329931 0.557477
    outer loop
      vertex 8.40486 -7.36059 11.5707
      vertex 8.32994 -7.65 11.6396
      vertex 8.4079 -7.36185 11.5756
    endloop
  endfacet
  facet normal 0.5604 0.330082 0.759604
    outer loop
      vertex 8.57293 -7.36979 11.5975
      vertex 8.62222 -7.65 11.6829
      vertex 8.63957 -7.65 11.6701
    endloop
  endfacet
  facet normal 0.569351 0.329673 0.753097
    outer loop
      vertex 8.62222 -7.65 11.6829
      vertex 8.57293 -7.36979 11.5975
      vertex 8.56813 -7.37178 11.602
    endloop
  endfacet
  facet normal -0.93379 0.329978 -0.138385
    outer loop
      vertex 8.38622 -7.35287 11.4774
      vertex 8.28423 -7.65 11.4571
      vertex 8.38547 -7.35256 11.4832
    endloop
  endfacet
  facet normal 0.853255 0.330024 -0.403783
    outer loop
      vertex 8.70325 -7.65 11.4158
      vertex 8.60579 -7.35618 11.45
      vertex 8.60795 -7.35528 11.4553
    endloop
  endfacet
  facet normal 0.85322 0.330021 -0.403858
    outer loop
      vertex 8.60579 -7.35618 11.45
      vertex 8.70325 -7.65 11.4158
      vertex 8.69402 -7.65 11.3963
    endloop
  endfacet
  facet normal 0.808619 0.32986 -0.487162
    outer loop
      vertex 8.69402 -7.65 11.3963
      vertex 8.59832 -7.35928 11.4343
      vertex 8.601 -7.35817 11.4395
    endloop
  endfacet
  facet normal 0.809473 0.329948 -0.485684
    outer loop
      vertex 8.59832 -7.35928 11.4343
      vertex 8.69402 -7.65 11.3963
      vertex 8.68292 -7.65 11.3778
    endloop
  endfacet
  facet normal -0.638282 0.329974 0.695495
    outer loop
      vertex 8.41925 -7.36655 11.5896
      vertex 8.36043 -7.65 11.6701
      vertex 8.42302 -7.36811 11.5938
    endloop
  endfacet
  facet normal 0.85322 0.330021 0.403858
    outer loop
      vertex 8.70325 -7.65 11.5842
      vertex 8.60579 -7.35618 11.55
      vertex 8.69402 -7.65 11.6037
    endloop
  endfacet
  facet normal 0.853255 0.330024 0.403783
    outer loop
      vertex 8.60579 -7.35618 11.55
      vertex 8.70325 -7.65 11.5842
      vertex 8.60795 -7.35528 11.5447
    endloop
  endfacet
  facet normal 0.394259 0.329705 0.85782
    outer loop
      vertex 8.55846 -7.37578 11.6094
      vertex 8.55394 -7.37766 11.6122
      vertex 8.60371 -7.65 11.694
    endloop
  endfacet
  facet normal -0.492895 0.329743 -0.805186
    outer loop
      vertex 8.44154 -7.37578 11.3906
      vertex 8.39629 -7.65 11.306
      vertex 8.43719 -7.37398 11.394
    endloop
  endfacet
  facet normal 0.888573 0.330033 -0.318616
    outer loop
      vertex 8.71053 -7.65 11.4361
      vertex 8.60795 -7.35528 11.4553
      vertex 8.60963 -7.35459 11.4607
    endloop
  endfacet
  facet normal 0.88856 0.330031 -0.318656
    outer loop
      vertex 8.60795 -7.35528 11.4553
      vertex 8.71053 -7.65 11.4361
      vertex 8.70325 -7.65 11.4158
    endloop
  endfacet
  facet normal -0.394259 0.329705 0.85782
    outer loop
      vertex 8.44154 -7.37578 11.6094
      vertex 8.39629 -7.65 11.694
      vertex 8.44606 -7.37766 11.6122
    endloop
  endfacet
  facet normal -0.394259 0.329705 -0.85782
    outer loop
      vertex 8.44606 -7.37766 11.3878
      vertex 8.39629 -7.65 11.306
      vertex 8.44154 -7.37578 11.3906
    endloop
  endfacet
  facet normal 0.759121 0.330085 0.561052
    outer loop
      vertex 8.68292 -7.65 11.6222
      vertex 8.59514 -7.36059 11.5707
      vertex 8.67006 -7.65 11.6396
    endloop
  endfacet
  facet normal 0.755062 0.329848 0.56664
    outer loop
      vertex 8.59514 -7.36059 11.5707
      vertex 8.68292 -7.65 11.6222
      vertex 8.59832 -7.35928 11.5657
    endloop
  endfacet
  facet normal -0.330209 0.329608 0.884489
    outer loop
      vertex 8.45835 -7.38275 11.6192
      vertex 8.43614 -7.65 11.7105
      vertex 8.46309 -7.38471 11.6217
    endloop
  endfacet
  facet normal 0.915703 0.330007 -0.229311
    outer loop
      vertex 8.71053 -7.65 11.4361
      vertex 8.61135 -7.35388 11.4662
      vertex 8.61259 -7.35336 11.4719
    endloop
  endfacet
  facet normal 0.88856 0.330031 0.318656
    outer loop
      vertex 8.71053 -7.65 11.5639
      vertex 8.60795 -7.35528 11.5447
      vertex 8.70325 -7.65 11.5842
    endloop
  endfacet
  facet normal 0.888573 0.330033 0.318616
    outer loop
      vertex 8.60795 -7.35528 11.5447
      vertex 8.71053 -7.65 11.5639
      vertex 8.60963 -7.35459 11.5393
    endloop
  endfacet
  facet normal 0.492895 0.329743 -0.805186
    outer loop
      vertex 8.60371 -7.65 11.306
      vertex 8.55846 -7.37578 11.3906
      vertex 8.56281 -7.37398 11.394
    endloop
  endfacet
  facet normal 0.135583 0.32996 -0.934208
    outer loop
      vertex 8.5128 -7.3947 11.37
      vertex 8.54292 -7.65 11.2842
      vertex 8.52156 -7.65 11.2811
    endloop
  endfacet
  facet normal 0.138604 0.330145 -0.933699
    outer loop
      vertex 8.54292 -7.65 11.2842
      vertex 8.5128 -7.3947 11.37
      vertex 8.52026 -7.39161 11.3722
    endloop
  endfacet
  facet normal -0.915703 0.330007 0.229311
    outer loop
      vertex 8.38741 -7.35336 11.5281
      vertex 8.28947 -7.65 11.5639
      vertex 8.38865 -7.35388 11.5338
    endloop
  endfacet
  facet normal -0.70053 0.330059 0.632708
    outer loop
      vertex 8.4079 -7.36185 11.5756
      vertex 8.32994 -7.65 11.6396
      vertex 8.4113 -7.36326 11.5801
    endloop
  endfacet
  facet normal 0.80989 0.329944 0.48499
    outer loop
      vertex 8.60361 -7.35708 11.5554
      vertex 8.601 -7.35817 11.5605
      vertex 8.69402 -7.65 11.6037
    endloop
  endfacet
  facet normal 0.761817 0.329931 0.557477
    outer loop
      vertex 8.59514 -7.36059 11.5707
      vertex 8.5921 -7.36185 11.5756
      vertex 8.67006 -7.65 11.6396
    endloop
  endfacet
  facet normal 0.93379 0.329978 -0.138385
    outer loop
      vertex 8.71577 -7.65 11.4571
      vertex 8.61378 -7.35287 11.4774
      vertex 8.61453 -7.35256 11.4832
    endloop
  endfacet
  facet normal -0.558429 0.329998 0.76109
    outer loop
      vertex 8.42302 -7.36811 11.5938
      vertex 8.36043 -7.65 11.6701
      vertex 8.42707 -7.36979 11.5975
    endloop
  endfacet
  facet normal 0.755062 0.329848 -0.56664
    outer loop
      vertex 8.68292 -7.65 11.3778
      vertex 8.59514 -7.36059 11.4293
      vertex 8.59832 -7.35928 11.4343
    endloop
  endfacet
  facet normal 0.759121 0.330085 -0.561052
    outer loop
      vertex 8.59514 -7.36059 11.4293
      vertex 8.68292 -7.65 11.3778
      vertex 8.67006 -7.65 11.3604
    endloop
  endfacet
  facet normal -0.915703 0.330007 -0.229311
    outer loop
      vertex 8.38865 -7.35388 11.4662
      vertex 8.28947 -7.65 11.4361
      vertex 8.38741 -7.35336 11.4719
    endloop
  endfacet
  facet normal 0.410736 0.330313 0.849817
    outer loop
      vertex 8.54804 -7.3801 11.616
      vertex 8.60371 -7.65 11.694
      vertex 8.55394 -7.37766 11.6122
    endloop
  endfacet
  facet normal 0.406015 0.330026 0.852194
    outer loop
      vertex 8.60371 -7.65 11.694
      vertex 8.54804 -7.3801 11.616
      vertex 8.58419 -7.65 11.7033
    endloop
  endfacet
  facet normal 0.933491 0.329949 -0.140456
    outer loop
      vertex 8.71894 -7.65 11.4784
      vertex 8.61453 -7.35256 11.4832
      vertex 8.61524 -7.35227 11.4886
    endloop
  endfacet
  facet normal 0.933698 0.329997 -0.138959
    outer loop
      vertex 8.61453 -7.35256 11.4832
      vertex 8.71894 -7.65 11.4784
      vertex 8.71577 -7.65 11.4571
    endloop
  endfacet
  facet normal 0.942813 0.330006 0.0468972
    outer loop
      vertex 8.61549 -7.35216 11.5055
      vertex 8.61524 -7.35227 11.5113
      vertex 8.71894 -7.65 11.5216
    endloop
  endfacet
  facet normal -0.0421843 0.3296 0.943178
    outer loop
      vertex 8.47844 -7.65 11.7189
      vertex 8.5 -7.4 11.6325
      vertex 8.49209 -7.39672 11.631
    endloop
  endfacet
  facet normal -0.0481003 0.329968 0.942766
    outer loop
      vertex 8.5 -7.4 11.6325
      vertex 8.47844 -7.65 11.7189
      vertex 8.5 -7.65 11.72
    endloop
  endfacet
  facet normal 0.70053 0.330059 -0.632708
    outer loop
      vertex 8.67006 -7.65 11.3604
      vertex 8.5887 -7.36326 11.4199
      vertex 8.5921 -7.36185 11.4244
    endloop
  endfacet
  facet normal 0.138604 0.330145 0.933699
    outer loop
      vertex 8.5128 -7.3947 11.63
      vertex 8.54292 -7.65 11.7158
      vertex 8.52026 -7.39161 11.6278
    endloop
  endfacet
  facet normal 0.135583 0.32996 0.934208
    outer loop
      vertex 8.54292 -7.65 11.7158
      vertex 8.5128 -7.3947 11.63
      vertex 8.52156 -7.65 11.7189
    endloop
  endfacet
  facet normal 0.406015 0.330026 -0.852194
    outer loop
      vertex 8.54804 -7.3801 11.384
      vertex 8.60371 -7.65 11.306
      vertex 8.58419 -7.65 11.2967
    endloop
  endfacet
  facet normal 0.410736 0.330313 -0.849817
    outer loop
      vertex 8.60371 -7.65 11.306
      vertex 8.54804 -7.3801 11.384
      vertex 8.55394 -7.37766 11.3878
    endloop
  endfacet
  facet normal 0.699472 0.330021 0.633897
    outer loop
      vertex 8.67006 -7.65 11.6396
      vertex 8.58498 -7.3648 11.585
      vertex 8.65556 -7.65 11.6556
    endloop
  endfacet
  facet normal 0.69903 0.329985 0.634402
    outer loop
      vertex 8.58498 -7.3648 11.585
      vertex 8.67006 -7.65 11.6396
      vertex 8.5887 -7.36326 11.5801
    endloop
  endfacet
  facet normal 0.634112 0.330029 0.699273
    outer loop
      vertex 8.58498 -7.3648 11.585
      vertex 8.63957 -7.65 11.6701
      vertex 8.65556 -7.65 11.6556
    endloop
  endfacet
  facet normal 0.628784 0.33039 0.703899
    outer loop
      vertex 8.63957 -7.65 11.6701
      vertex 8.58498 -7.3648 11.585
      vertex 8.58075 -7.36655 11.5896
    endloop
  endfacet
  facet normal -0.855017 0.329884 0.400154
    outer loop
      vertex 8.39421 -7.35618 11.55
      vertex 8.30598 -7.65 11.6037
      vertex 8.39639 -7.35708 11.5554
    endloop
  endfacet
  facet normal 0.394259 0.329705 -0.85782
    outer loop
      vertex 8.60371 -7.65 11.306
      vertex 8.55394 -7.37766 11.3878
      vertex 8.55846 -7.37578 11.3906
    endloop
  endfacet
  facet normal 0.315153 0.329862 -0.88987
    outer loop
      vertex 8.54165 -7.38275 11.3807
      vertex 8.58419 -7.65 11.2967
      vertex 8.56386 -7.65 11.2895
    endloop
  endfacet
  facet normal 0.321438 0.330125 -0.887522
    outer loop
      vertex 8.58419 -7.65 11.2967
      vertex 8.54165 -7.38275 11.3807
      vertex 8.54804 -7.3801 11.384
    endloop
  endfacet
  facet normal 0.0421843 0.3296 0.943178
    outer loop
      vertex 8.5 -7.4 11.6325
      vertex 8.52156 -7.65 11.7189
      vertex 8.50791 -7.39672 11.631
    endloop
  endfacet
  facet normal 0.0481003 0.329968 0.942766
    outer loop
      vertex 8.52156 -7.65 11.7189
      vertex 8.5 -7.4 11.6325
      vertex 8.5 -7.65 11.72
    endloop
  endfacet
  facet normal 0.855017 0.329884 0.400154
    outer loop
      vertex 8.60579 -7.35618 11.55
      vertex 8.60361 -7.35708 11.5554
      vertex 8.69402 -7.65 11.6037
    endloop
  endfacet
  facet normal 0.887991 0.329974 -0.320296
    outer loop
      vertex 8.71053 -7.65 11.4361
      vertex 8.60963 -7.35459 11.4607
      vertex 8.61135 -7.35388 11.4662
    endloop
  endfacet
  facet normal 0.94284 0.330008 -0.0463295
    outer loop
      vertex 8.72 -7.65 11.5
      vertex 8.61547 -7.35217 11.4942
      vertex 8.61572 -7.35207 11.5
    endloop
  endfacet
  facet normal 0.809473 0.329948 0.485684
    outer loop
      vertex 8.69402 -7.65 11.6037
      vertex 8.59832 -7.35928 11.5657
      vertex 8.68292 -7.65 11.6222
    endloop
  endfacet
  facet normal 0.808619 0.32986 0.487162
    outer loop
      vertex 8.59832 -7.35928 11.5657
      vertex 8.69402 -7.65 11.6037
      vertex 8.601 -7.35817 11.5605
    endloop
  endfacet
  facet normal 0.915703 0.330007 0.229311
    outer loop
      vertex 8.61259 -7.35336 11.5281
      vertex 8.61135 -7.35388 11.5338
      vertex 8.71053 -7.65 11.5639
    endloop
  endfacet
  facet normal -0.887991 0.329974 -0.320296
    outer loop
      vertex 8.39037 -7.35459 11.4607
      vertex 8.28947 -7.65 11.4361
      vertex 8.38865 -7.35388 11.4662
    endloop
  endfacet
  facet normal 0.314304 0.329891 -0.89016
    outer loop
      vertex 8.56386 -7.65 11.2895
      vertex 8.53691 -7.38471 11.3783
      vertex 8.54165 -7.38275 11.3807
    endloop
  endfacet
  facet normal 0.80989 0.329944 -0.48499
    outer loop
      vertex 8.69402 -7.65 11.3963
      vertex 8.601 -7.35817 11.4395
      vertex 8.60361 -7.35708 11.4446
    endloop
  endfacet
  facet normal 0.231623 0.329983 -0.91513
    outer loop
      vertex 8.52514 -7.38959 11.3736
      vertex 8.56386 -7.65 11.2895
      vertex 8.54292 -7.65 11.2842
    endloop
  endfacet
  facet normal 0.231195 0.329957 -0.915247
    outer loop
      vertex 8.56386 -7.65 11.2895
      vertex 8.52514 -7.38959 11.3736
      vertex 8.5321 -7.3867 11.3764
    endloop
  endfacet
  facet normal 0.131619 0.329906 -0.934793
    outer loop
      vertex 8.54292 -7.65 11.2842
      vertex 8.52026 -7.39161 11.3722
      vertex 8.52514 -7.38959 11.3736
    endloop
  endfacet
  facet normal 0.634112 0.330029 -0.699273
    outer loop
      vertex 8.63957 -7.65 11.3299
      vertex 8.58498 -7.3648 11.415
      vertex 8.65556 -7.65 11.3444
    endloop
  endfacet
  facet normal 0.628784 0.33039 -0.703899
    outer loop
      vertex 8.58498 -7.3648 11.415
      vertex 8.63957 -7.65 11.3299
      vertex 8.58075 -7.36655 11.4104
    endloop
  endfacet
  facet normal -0.80989 0.329944 0.48499
    outer loop
      vertex 8.39639 -7.35708 11.5554
      vertex 8.30598 -7.65 11.6037
      vertex 8.399 -7.35817 11.5605
    endloop
  endfacet
  facet normal 0.492895 0.329743 0.805186
    outer loop
      vertex 8.56281 -7.37398 11.606
      vertex 8.55846 -7.37578 11.6094
      vertex 8.60371 -7.65 11.694
    endloop
  endfacet
  facet normal 0.485474 0.330039 -0.809561
    outer loop
      vertex 8.56281 -7.37398 11.394
      vertex 8.62222 -7.65 11.3171
      vertex 8.60371 -7.65 11.306
    endloop
  endfacet
  facet normal 0.476498 0.329633 -0.815041
    outer loop
      vertex 8.62222 -7.65 11.3171
      vertex 8.56281 -7.37398 11.394
      vertex 8.56813 -7.37178 11.398
    endloop
  endfacet
  facet normal 0.5604 0.330082 -0.759604
    outer loop
      vertex 8.62222 -7.65 11.3171
      vertex 8.57293 -7.36979 11.4025
      vertex 8.63957 -7.65 11.3299
    endloop
  endfacet
  facet normal 0.569351 0.329673 -0.753097
    outer loop
      vertex 8.57293 -7.36979 11.4025
      vertex 8.62222 -7.65 11.3171
      vertex 8.56813 -7.37178 11.398
    endloop
  endfacet
  facet normal 0.70053 0.330059 0.632708
    outer loop
      vertex 8.5921 -7.36185 11.5756
      vertex 8.5887 -7.36326 11.5801
      vertex 8.67006 -7.65 11.6396
    endloop
  endfacet
  facet normal 0 -1 0
    outer loop
      vertex 8.47844 -7.65 11.7189
      vertex 8.52156 -7.65 11.7189
      vertex 8.5 -7.65 11.72
    endloop
  endfacet
  facet normal 0 -1 0
    outer loop
      vertex 8.45708 -7.65 11.7158
      vertex 8.52156 -7.65 11.7189
      vertex 8.47844 -7.65 11.7189
    endloop
  endfacet
  facet normal 0 -1 0
    outer loop
      vertex 8.45708 -7.65 11.7158
      vertex 8.54292 -7.65 11.7158
      vertex 8.52156 -7.65 11.7189
    endloop
  endfacet
  facet normal 0 -1 0
    outer loop
      vertex 8.43614 -7.65 11.7105
      vertex 8.54292 -7.65 11.7158
      vertex 8.45708 -7.65 11.7158
    endloop
  endfacet
  facet normal 0 -1 0
    outer loop
      vertex 8.43614 -7.65 11.7105
      vertex 8.56386 -7.65 11.7105
      vertex 8.54292 -7.65 11.7158
    endloop
  endfacet
  facet normal 0 -1 0
    outer loop
      vertex 8.41581 -7.65 11.7033
      vertex 8.56386 -7.65 11.7105
      vertex 8.43614 -7.65 11.7105
    endloop
  endfacet
  facet normal 0 -1 0
    outer loop
      vertex 8.41581 -7.65 11.7033
      vertex 8.58419 -7.65 11.7033
      vertex 8.56386 -7.65 11.7105
    endloop
  endfacet
  facet normal 0 -1 0
    outer loop
      vertex 8.39629 -7.65 11.694
      vertex 8.58419 -7.65 11.7033
      vertex 8.41581 -7.65 11.7033
    endloop
  endfacet
  facet normal 0 -1 0
    outer loop
      vertex 8.39629 -7.65 11.694
      vertex 8.60371 -7.65 11.694
      vertex 8.58419 -7.65 11.7033
    endloop
  endfacet
  facet normal 0 -1 0
    outer loop
      vertex 8.37778 -7.65 11.6829
      vertex 8.60371 -7.65 11.694
      vertex 8.39629 -7.65 11.694
    endloop
  endfacet
  facet normal 0 -1 0
    outer loop
      vertex 8.37778 -7.65 11.6829
      vertex 8.62222 -7.65 11.6829
      vertex 8.60371 -7.65 11.694
    endloop
  endfacet
  facet normal 0 -1 0
    outer loop
      vertex 8.36043 -7.65 11.6701
      vertex 8.62222 -7.65 11.6829
      vertex 8.37778 -7.65 11.6829
    endloop
  endfacet
  facet normal 0 -1 0
    outer loop
      vertex 8.36043 -7.65 11.6701
      vertex 8.63957 -7.65 11.6701
      vertex 8.62222 -7.65 11.6829
    endloop
  endfacet
  facet normal 0 -1 0
    outer loop
      vertex 8.34444 -7.65 11.6556
      vertex 8.63957 -7.65 11.6701
      vertex 8.36043 -7.65 11.6701
    endloop
  endfacet
  facet normal 0 -1 0
    outer loop
      vertex 8.34444 -7.65 11.6556
      vertex 8.65556 -7.65 11.6556
      vertex 8.63957 -7.65 11.6701
    endloop
  endfacet
  facet normal 0 -1 0
    outer loop
      vertex 8.32994 -7.65 11.6396
      vertex 8.65556 -7.65 11.6556
      vertex 8.34444 -7.65 11.6556
    endloop
  endfacet
  facet normal 0 -1 0
    outer loop
      vertex 8.32994 -7.65 11.6396
      vertex 8.67006 -7.65 11.6396
      vertex 8.65556 -7.65 11.6556
    endloop
  endfacet
  facet normal 0 -1 0
    outer loop
      vertex 8.31708 -7.65 11.6222
      vertex 8.67006 -7.65 11.6396
      vertex 8.32994 -7.65 11.6396
    endloop
  endfacet
  facet normal 0 -1 0
    outer loop
      vertex 8.31708 -7.65 11.6222
      vertex 8.68292 -7.65 11.6222
      vertex 8.67006 -7.65 11.6396
    endloop
  endfacet
  facet normal 0 -1 0
    outer loop
      vertex 8.30598 -7.65 11.6037
      vertex 8.68292 -7.65 11.6222
      vertex 8.31708 -7.65 11.6222
    endloop
  endfacet
  facet normal 0 -1 0
    outer loop
      vertex 8.30598 -7.65 11.6037
      vertex 8.69402 -7.65 11.6037
      vertex 8.68292 -7.65 11.6222
    endloop
  endfacet
  facet normal 0 -1 0
    outer loop
      vertex 8.29675 -7.65 11.5842
      vertex 8.69402 -7.65 11.6037
      vertex 8.30598 -7.65 11.6037
    endloop
  endfacet
  facet normal 0 -1 0
    outer loop
      vertex 8.29675 -7.65 11.5842
      vertex 8.70325 -7.65 11.5842
      vertex 8.69402 -7.65 11.6037
    endloop
  endfacet
  facet normal 0 -1 0
    outer loop
      vertex 8.28947 -7.65 11.5639
      vertex 8.70325 -7.65 11.5842
      vertex 8.29675 -7.65 11.5842
    endloop
  endfacet
  facet normal 0 -1 0
    outer loop
      vertex 8.28947 -7.65 11.5639
      vertex 8.71053 -7.65 11.5639
      vertex 8.70325 -7.65 11.5842
    endloop
  endfacet
  facet normal 0 -1 0
    outer loop
      vertex 8.28423 -7.65 11.5429
      vertex 8.71053 -7.65 11.5639
      vertex 8.28947 -7.65 11.5639
    endloop
  endfacet
  facet normal 0 -1 0
    outer loop
      vertex 8.28423 -7.65 11.5429
      vertex 8.71577 -7.65 11.5429
      vertex 8.71053 -7.65 11.5639
    endloop
  endfacet
  facet normal 0 -1 0
    outer loop
      vertex 8.28106 -7.65 11.5216
      vertex 8.71577 -7.65 11.5429
      vertex 8.28423 -7.65 11.5429
    endloop
  endfacet
  facet normal 0 -1 0
    outer loop
      vertex 8.28106 -7.65 11.5216
      vertex 8.71894 -7.65 11.5216
      vertex 8.71577 -7.65 11.5429
    endloop
  endfacet
  facet normal 0 -1 0
    outer loop
      vertex 8.28 -7.65 11.5
      vertex 8.71894 -7.65 11.5216
      vertex 8.28106 -7.65 11.5216
    endloop
  endfacet
  facet normal 0 -1 0
    outer loop
      vertex 8.28 -7.65 11.5
      vertex 8.72 -7.65 11.5
      vertex 8.71894 -7.65 11.5216
    endloop
  endfacet
  facet normal 0 -1 0
    outer loop
      vertex 8.28106 -7.65 11.4784
      vertex 8.72 -7.65 11.5
      vertex 8.28 -7.65 11.5
    endloop
  endfacet
  facet normal 0 -1 0
    outer loop
      vertex 8.28106 -7.65 11.4784
      vertex 8.71894 -7.65 11.4784
      vertex 8.72 -7.65 11.5
    endloop
  endfacet
  facet normal 0 -1 0
    outer loop
      vertex 8.28423 -7.65 11.4571
      vertex 8.71894 -7.65 11.4784
      vertex 8.28106 -7.65 11.4784
    endloop
  endfacet
  facet normal 0 -1 0
    outer loop
      vertex 8.28423 -7.65 11.4571
      vertex 8.71577 -7.65 11.4571
      vertex 8.71894 -7.65 11.4784
    endloop
  endfacet
  facet normal 0 -1 0
    outer loop
      vertex 8.28947 -7.65 11.4361
      vertex 8.71577 -7.65 11.4571
      vertex 8.28423 -7.65 11.4571
    endloop
  endfacet
  facet normal 0 -1 0
    outer loop
      vertex 8.28947 -7.65 11.4361
      vertex 8.71053 -7.65 11.4361
      vertex 8.71577 -7.65 11.4571
    endloop
  endfacet
  facet normal 0 -1 0
    outer loop
      vertex 8.29675 -7.65 11.4158
      vertex 8.71053 -7.65 11.4361
      vertex 8.28947 -7.65 11.4361
    endloop
  endfacet
  facet normal 0 -1 0
    outer loop
      vertex 8.29675 -7.65 11.4158
      vertex 8.70325 -7.65 11.4158
      vertex 8.71053 -7.65 11.4361
    endloop
  endfacet
  facet normal 0 -1 0
    outer loop
      vertex 8.30598 -7.65 11.3963
      vertex 8.70325 -7.65 11.4158
      vertex 8.29675 -7.65 11.4158
    endloop
  endfacet
  facet normal 0 -1 0
    outer loop
      vertex 8.30598 -7.65 11.3963
      vertex 8.69402 -7.65 11.3963
      vertex 8.70325 -7.65 11.4158
    endloop
  endfacet
  facet normal 0 -1 0
    outer loop
      vertex 8.31708 -7.65 11.3778
      vertex 8.69402 -7.65 11.3963
      vertex 8.30598 -7.65 11.3963
    endloop
  endfacet
  facet normal 0 -1 0
    outer loop
      vertex 8.31708 -7.65 11.3778
      vertex 8.68292 -7.65 11.3778
      vertex 8.69402 -7.65 11.3963
    endloop
  endfacet
  facet normal 0 -1 0
    outer loop
      vertex 8.32994 -7.65 11.3604
      vertex 8.68292 -7.65 11.3778
      vertex 8.31708 -7.65 11.3778
    endloop
  endfacet
  facet normal 0 -1 0
    outer loop
      vertex 8.32994 -7.65 11.3604
      vertex 8.67006 -7.65 11.3604
      vertex 8.68292 -7.65 11.3778
    endloop
  endfacet
  facet normal 0 -1 0
    outer loop
      vertex 8.34444 -7.65 11.3444
      vertex 8.67006 -7.65 11.3604
      vertex 8.32994 -7.65 11.3604
    endloop
  endfacet
  facet normal 0 -1 0
    outer loop
      vertex 8.34444 -7.65 11.3444
      vertex 8.65556 -7.65 11.3444
      vertex 8.67006 -7.65 11.3604
    endloop
  endfacet
  facet normal 0 -1 0
    outer loop
      vertex 8.36043 -7.65 11.3299
      vertex 8.65556 -7.65 11.3444
      vertex 8.34444 -7.65 11.3444
    endloop
  endfacet
  facet normal 0 -1 0
    outer loop
      vertex 8.36043 -7.65 11.3299
      vertex 8.63957 -7.65 11.3299
      vertex 8.65556 -7.65 11.3444
    endloop
  endfacet
  facet normal 0 -1 0
    outer loop
      vertex 8.37778 -7.65 11.3171
      vertex 8.63957 -7.65 11.3299
      vertex 8.36043 -7.65 11.3299
    endloop
  endfacet
  facet normal 0 -1 0
    outer loop
      vertex 8.37778 -7.65 11.3171
      vertex 8.62222 -7.65 11.3171
      vertex 8.63957 -7.65 11.3299
    endloop
  endfacet
  facet normal 0 -1 0
    outer loop
      vertex 8.39629 -7.65 11.306
      vertex 8.62222 -7.65 11.3171
      vertex 8.37778 -7.65 11.3171
    endloop
  endfacet
  facet normal 0 -1 0
    outer loop
      vertex 8.39629 -7.65 11.306
      vertex 8.60371 -7.65 11.306
      vertex 8.62222 -7.65 11.3171
    endloop
  endfacet
  facet normal 0 -1 0
    outer loop
      vertex 8.41581 -7.65 11.2967
      vertex 8.60371 -7.65 11.306
      vertex 8.39629 -7.65 11.306
    endloop
  endfacet
  facet normal 0 -1 0
    outer loop
      vertex 8.41581 -7.65 11.2967
      vertex 8.58419 -7.65 11.2967
      vertex 8.60371 -7.65 11.306
    endloop
  endfacet
  facet normal 0 -1 0
    outer loop
      vertex 8.43614 -7.65 11.2895
      vertex 8.58419 -7.65 11.2967
      vertex 8.41581 -7.65 11.2967
    endloop
  endfacet
  facet normal 0 -1 0
    outer loop
      vertex 8.43614 -7.65 11.2895
      vertex 8.56386 -7.65 11.2895
      vertex 8.58419 -7.65 11.2967
    endloop
  endfacet
  facet normal 0 -1 0
    outer loop
      vertex 8.45708 -7.65 11.2842
      vertex 8.56386 -7.65 11.2895
      vertex 8.43614 -7.65 11.2895
    endloop
  endfacet
  facet normal 0 -1 0
    outer loop
      vertex 8.45708 -7.65 11.2842
      vertex 8.54292 -7.65 11.2842
      vertex 8.56386 -7.65 11.2895
    endloop
  endfacet
  facet normal 0 -1 0
    outer loop
      vertex 8.47844 -7.65 11.2811
      vertex 8.54292 -7.65 11.2842
      vertex 8.45708 -7.65 11.2842
    endloop
  endfacet
  facet normal 0 -1 0
    outer loop
      vertex 8.47844 -7.65 11.2811
      vertex 8.52156 -7.65 11.2811
      vertex 8.54292 -7.65 11.2842
    endloop
  endfacet
  facet normal -0 -1 0
    outer loop
      vertex 8.52156 -7.65 11.2811
      vertex 8.47844 -7.65 11.2811
      vertex 8.5 -7.65 11.28
    endloop
  endfacet
  facet normal 0.638282 0.329974 -0.695495
    outer loop
      vertex 8.63957 -7.65 11.3299
      vertex 8.57698 -7.36811 11.4062
      vertex 8.58075 -7.36655 11.4104
    endloop
  endfacet
  facet normal -0.849199 0.50903 0.140535
    outer loop
      vertex 7.8009 -6.03288 13.3746
      vertex 7.77283 -6.11132 13.4891
      vertex 7.81443 -6.04192 13.4891
    endloop
  endfacet
  facet normal -0.335977 -0.93926 -0.0700776
    outer loop
      vertex 8.25593 -7.30459 13.0254
      vertex 8.17511 -7.28435 13.1416
      vertex 8.17824 -7.2768 13.0254
    endloop
  endfacet
  facet normal 0.789408 0.19778 0.581136
    outer loop
      vertex 9.10269 -6.31718 13.9992
      vertex 9.05986 -6.38864 14.0817
      vertex 9.11771 -6.37713 13.9992
    endloop
  endfacet
  facet normal -0.0294058 0.598534 0.800558
    outer loop
      vertex 8.5 -6.13658 14.2757
      vertex 8.45717 -6.06512 14.2207
      vertex 8.46438 -6.13833 14.2757
    endloop
  endfacet
  facet normal -0.618058 -0.292286 0.729776
    outer loop
      vertex 8.09628 -6.66723 14.2207
      vertex 8.0322 -6.69377 14.1558
      vertex 8.11461 -6.70599 14.2207
    endloop
  endfacet
  facet normal -0.698002 -0.418366 0.581174
    outer loop
      vertex 7.99658 -6.76908 14.0817
      vertex 7.97633 -6.8499 13.9992
      vertex 8.02538 -6.81713 14.0817
    endloop
  endfacet
  facet normal 0.901759 0.426519 0.0700799
    outer loop
      vertex 9.28435 -6.17511 13.2584
      vertex 9.24152 -6.10365 13.3746
      vertex 9.2768 -6.17824 13.3746
    endloop
  endfacet
  facet normal 0.644044 0.710559 0.283396
    outer loop
      vertex 9.00771 -5.88135 13.6009
      vertex 8.98746 -5.90603 13.7088
      vertex 9.04333 -5.95667 13.7088
    endloop
  endfacet
  facet normal 0.837156 -0.209743 0.505152
    outer loop
      vertex 9.11771 -6.62287 13.9992
      vertex 9.10269 -6.68282 13.9992
      vertex 9.15333 -6.69818 13.9089
    endloop
  endfacet
  facet normal 0.895012 0.423328 0.140527
    outer loop
      vertex 9.24152 -6.10365 13.3746
      vertex 9.22717 -6.11132 13.4891
      vertex 9.2768 -6.17824 13.3746
    endloop
  endfacet
  facet normal -0.121919 -0.487139 0.864772
    outer loop
      vertex 8.44413 -6.78085 14.3204
      vertex 8.41688 -6.77403 14.3204
      vertex 8.4291 -6.85644 14.2757
    endloop
  endfacet
  facet normal -0.514037 0.857768 0
    outer loop
      vertex 8.0998 -5.75127 13.1416
      vertex 8.02833 -5.7941 13.2584
      vertex 8.0998 -5.75127 13.2584
    endloop
  endfacet
  facet normal -0.514037 0.857768 0
    outer loop
      vertex 8.02833 -5.7941 13.2584
      vertex 8.0998 -5.75127 13.1416
      vertex 8.02833 -5.7941 13.1416
    endloop
  endfacet
  facet normal 0.998794 -0.0490935 0
    outer loop
      vertex 9.34489 -6.58321 13.2584
      vertex 9.34898 -6.5 13.2
      vertex 9.34898 -6.5 13.2584
    endloop
  endfacet
  facet normal 0.998794 -0.0490935 0
    outer loop
      vertex 9.34898 -6.5 13.2
      vertex 9.34489 -6.58321 13.2584
      vertex 9.34489 -6.58321 13.2
    endloop
  endfacet
  facet normal 0.960361 -0.24089 -0.140279
    outer loop
      vertex 9.30459 -6.74407 13.0254
      vertex 9.29954 -6.74254 12.9882
      vertex 9.30536 -6.72848 13.0039
    endloop
  endfacet
  facet normal -0.901759 0.426519 -0.0700799
    outer loop
      vertex 7.7232 -6.17824 13.0254
      vertex 7.71565 -6.17511 13.1416
      vertex 7.75848 -6.10365 13.0254
    endloop
  endfacet
  facet normal -0.50903 -0.849199 0.140535
    outer loop
      vertex 8.04192 -7.18557 13.4891
      vertex 8.03288 -7.1991 13.3746
      vertex 8.11132 -7.22717 13.4891
    endloop
  endfacet
  facet normal 0.387039 0.057499 0.920269
    outer loop
      vertex 8.78085 -6.44413 14.3204
      vertex 8.70256 -6.45971 14.3543
      vertex 8.78498 -6.47193 14.3204
    endloop
  endfacet
  facet normal 0.333463 0.932233 0.140514
    outer loop
      vertex 8.74407 -5.69541 13.3746
      vertex 8.73935 -5.71098 13.4891
      vertex 8.82176 -5.7232 13.3746
    endloop
  endfacet
  facet normal 0.602925 0.54657 0.581157
    outer loop
      vertex 8.94534 -6.05466 13.9992
      vertex 8.90363 -6.09637 14.0817
      vertex 8.98685 -6.10045 13.9992
    endloop
  endfacet
  facet normal -0.647423 -0.38805 0.655942
    outer loop
      vertex 8.05344 -6.73869 14.1558
      vertex 7.99658 -6.76908 14.0817
      vertex 8.02538 -6.81713 14.0817
    endloop
  endfacet
  facet normal 0.6394 0.579635 0.505164
    outer loop
      vertex 8.98276 -6.01724 13.9089
      vertex 8.94534 -6.05466 13.9992
      vertex 8.98685 -6.10045 13.9992
    endloop
  endfacet
  facet normal -0.902967 -0.323033 0.283373
    outer loop
      vertex 7.7647 -6.72305 13.7088
      vertex 7.76061 -6.80627 13.6009
      vertex 7.7901 -6.79405 13.7088
    endloop
  endfacet
  facet normal -0.710616 -0.64395 0.283467
    outer loop
      vertex 7.95667 -7.04333 13.7088
      vertex 7.88135 -7.00771 13.6009
      vertex 7.93409 -7.06591 13.6009
    endloop
  endfacet
  facet normal 0.643711 0.230352 0.729777
    outer loop
      vertex 8.9678 -6.30623 14.1558
      vertex 8.90372 -6.33277 14.2207
      vertex 8.91817 -6.37315 14.2207
    endloop
  endfacet
  facet normal -0.903985 0.427565 0
    outer loop
      vertex 7.71565 -6.17511 13.1416
      vertex 7.75127 -6.0998 13.2584
      vertex 7.75127 -6.0998 13.1416
    endloop
  endfacet
  facet normal -0.903985 0.427565 0
    outer loop
      vertex 7.75127 -6.0998 13.2584
      vertex 7.71565 -6.17511 13.1416
      vertex 7.71565 -6.17511 13.2584
    endloop
  endfacet
  facet normal 0.849206 -0.50902 0.140527
    outer loop
      vertex 9.22717 -6.88868 13.4891
      vertex 9.1991 -6.96712 13.3746
      vertex 9.24152 -6.89635 13.3746
    endloop
  endfacet
  facet normal 0.9668 -0.143483 0.21145
    outer loop
      vertex 9.29646 -6.57844 13.6009
      vertex 9.28493 -6.65613 13.6009
      vertex 9.30868 -6.66086 13.4891
    endloop
  endfacet
  facet normal -0.308149 -0.513973 0.800547
    outer loop
      vertex 8.29809 -6.80217 14.2757
      vertex 8.29401 -6.88539 14.2207
      vertex 8.32868 -6.82051 14.2757
    endloop
  endfacet
  facet normal -0.785067 0.582204 0.211441
    outer loop
      vertex 7.86263 -5.97693 13.4891
      vertex 7.83457 -6.05537 13.6009
      vertex 7.88135 -5.99229 13.6009
    endloop
  endfacet
  facet normal 0.849206 0.50902 0.140527
    outer loop
      vertex 9.24152 -6.10365 13.3746
      vertex 9.1991 -6.03288 13.3746
      vertex 9.22717 -6.11132 13.4891
    endloop
  endfacet
  facet normal 0.484747 -0.653658 0.581164
    outer loop
      vertex 8.86213 -6.94125 14.0817
      vertex 8.8499 -7.02367 13.9992
      vertex 8.89955 -6.98685 13.9992
    endloop
  endfacet
  facet normal 0.237479 0.948105 0.211423
    outer loop
      vertex 8.73935 -5.71098 13.4891
      vertex 8.66086 -5.69132 13.4891
      vertex 8.73232 -5.73415 13.6009
    endloop
  endfacet
  facet normal -0.892923 -0.13245 0.430285
    outer loop
      vertex 7.82056 -6.56692 13.9089
      vertex 7.78494 -6.64223 13.8118
      vertex 7.83039 -6.63319 13.9089
    endloop
  endfacet
  facet normal 0.594279 -0.801193 0.0701556
    outer loop
      vertex 9.03858 -7.15627 13.2584
      vertex 8.96712 -7.1991 13.3746
      vertex 8.97167 -7.2059 13.2584
    endloop
  endfacet
  facet normal -0.0395129 -0.265834 0.963209
    outer loop
      vertex 8.47567 -6.62232 14.3771
      vertex 8.45971 -6.70256 14.3543
      vertex 8.48778 -6.62412 14.3771
    endloop
  endfacet
  facet normal -0.986735 -0.146418 0.0701194
    outer loop
      vertex 7.67536 -6.66403 13.3746
      vertex 7.65511 -6.58321 13.2584
      vertex 7.66734 -6.66563 13.2584
    endloop
  endfacet
  facet normal 0.579635 0.6394 0.505164
    outer loop
      vertex 8.98276 -6.01724 13.9089
      vertex 8.89955 -6.01315 13.9992
      vertex 8.94534 -6.05466 13.9992
    endloop
  endfacet
  facet normal -0.26844 0.0131302 0.963207
    outer loop
      vertex 8.29446 -6.47976 14.3543
      vertex 8.29347 -6.5 14.3543
      vertex 8.37528 -6.5 14.3771
    endloop
  endfacet
  facet normal -0.970036 0.242959 0
    outer loop
      vertex 7.66734 -6.33437 13.1416
      vertex 7.68758 -6.25356 13.2584
      vertex 7.68758 -6.25356 13.1416
    endloop
  endfacet
  facet normal -0.970036 0.242959 0
    outer loop
      vertex 7.68758 -6.25356 13.2584
      vertex 7.66734 -6.33437 13.1416
      vertex 7.66734 -6.33437 13.2584
    endloop
  endfacet
  facet normal -0.143483 -0.9668 0.21145
    outer loop
      vertex 8.34387 -7.28493 13.6009
      vertex 8.33914 -7.30868 13.4891
      vertex 8.42156 -7.29646 13.6009
    endloop
  endfacet
  facet normal 0.581271 0.145654 0.800568
    outer loop
      vertex 8.91817 -6.37315 14.2207
      vertex 8.84777 -6.3945 14.2757
      vertex 8.85644 -6.4291 14.2757
    endloop
  endfacet
  facet normal 0.692318 -0.627539 0.356217
    outer loop
      vertex 9.06358 -6.96252 13.8118
      vertex 9.01553 -7.01553 13.8118
      vertex 9.09397 -6.98746 13.7088
    endloop
  endfacet
  facet normal 0.606185 -0.668838 0.430343
    outer loop
      vertex 8.98276 -6.98276 13.9089
      vertex 8.93312 -7.02775 13.9089
      vertex 8.96252 -7.06358 13.8118
    endloop
  endfacet
  facet normal -0.347989 0.735609 0.581191
    outer loop
      vertex 8.25898 -5.91813 13.9992
      vertex 8.20311 -5.94456 13.9992
      vertex 8.28156 -5.97263 14.0817
    endloop
  endfacet
  facet normal -0.902939 -0.32308 0.283408
    outer loop
      vertex 7.7647 -6.72305 13.7088
      vertex 7.73415 -6.73232 13.6009
      vertex 7.76061 -6.80627 13.6009
    endloop
  endfacet
  facet normal 0.801193 0.594279 0.0701556
    outer loop
      vertex 9.2059 -6.02833 13.2584
      vertex 9.15627 -5.96142 13.2584
      vertex 9.1991 -6.03288 13.3746
    endloop
  endfacet
  facet normal -0.670008 0.73904 0.0700635
    outer loop
      vertex 7.96142 -5.84373 13.2584
      vertex 7.90547 -5.90547 13.3746
      vertex 7.9666 -5.85005 13.3746
    endloop
  endfacet
  facet normal 0.66985 -0.73917 0.0702085
    outer loop
      vertex 9.09453 -7.09453 13.3746
      vertex 9.03858 -7.15627 13.2584
      vertex 9.10032 -7.10032 13.2584
    endloop
  endfacet
  facet normal 0.960409 0.240561 0.140515
    outer loop
      vertex 9.30459 -6.25593 13.3746
      vertex 9.28902 -6.26065 13.4891
      vertex 9.30868 -6.33914 13.4891
    endloop
  endfacet
  facet normal -0.137131 -0.924265 0.35627
    outer loop
      vertex 8.42854 -7.22556 13.8118
      vertex 8.35777 -7.21506 13.8118
      vertex 8.42468 -7.26469 13.7088
    endloop
  endfacet
  facet normal 0.0479146 -0.976212 0.211456
    outer loop
      vertex 8.57844 -7.29646 13.6009
      vertex 8.5 -7.30031 13.6009
      vertex 8.58082 -7.32056 13.4891
    endloop
  endfacet
  facet normal 0.895012 -0.423328 0.140527
    outer loop
      vertex 9.2768 -6.82176 13.3746
      vertex 9.22717 -6.88868 13.4891
      vertex 9.24152 -6.89635 13.3746
    endloop
  endfacet
  facet normal 0.390797 0.0192127 0.920276
    outer loop
      vertex 8.78498 -6.47193 14.3204
      vertex 8.70653 -6.5 14.3543
      vertex 8.78636 -6.5 14.3204
    endloop
  endfacet
  facet normal 0.564279 0.201816 0.800537
    outer loop
      vertex 8.90372 -6.33277 14.2207
      vertex 8.83576 -6.36092 14.2757
      vertex 8.84777 -6.3945 14.2757
    endloop
  endfacet
  facet normal -0.0479146 0.976212 0.211456
    outer loop
      vertex 8.5 -5.69969 13.6009
      vertex 8.41918 -5.67944 13.4891
      vertex 8.42156 -5.70354 13.6009
    endloop
  endfacet
  facet normal -0.145654 0.581271 0.800568
    outer loop
      vertex 8.4291 -6.14356 14.2757
      vertex 8.37315 -6.08183 14.2207
      vertex 8.3945 -6.15223 14.2757
    endloop
  endfacet
  facet normal -0.0369184 0.753863 0.655993
    outer loop
      vertex 8.5 -5.92918 14.0817
      vertex 8.44405 -5.93192 14.0817
      vertex 8.5 -5.99366 14.1558
    endloop
  endfacet
  facet normal 0.95785 -0.0470532 0.283389
    outer loop
      vertex 9.26839 -6.5 13.7088
      vertex 9.26469 -6.57532 13.7088
      vertex 9.29646 -6.57844 13.6009
    endloop
  endfacet
  facet normal 0.146779 0.989169 3.72172e-05
    outer loop
      vertex 8.66563 -5.66734 13.2584
      vertex 8.66086 -5.66663 13.2
      vertex 8.58321 -5.65511 13.2584
    endloop
  endfacet
  facet normal 0.147225 0.989103 -0
    outer loop
      vertex 8.66563 -5.66734 13.1416
      vertex 8.66086 -5.66663 13.2
      vertex 8.66563 -5.66734 13.2584
    endloop
  endfacet
  facet normal 0.147225 0.989103 0
    outer loop
      vertex 8.66086 -5.66663 13.2
      vertex 8.66563 -5.66734 13.1416
      vertex 8.66086 -5.66663 13.1416
    endloop
  endfacet
  facet normal 0.146752 0.989173 0
    outer loop
      vertex 8.58321 -5.65511 13.2584
      vertex 8.66086 -5.66663 13.2
      vertex 8.58321 -5.65511 13.2
    endloop
  endfacet
  facet normal 0.0470532 0.95785 0.283389
    outer loop
      vertex 8.57844 -5.70354 13.6009
      vertex 8.5 -5.73161 13.7088
      vertex 8.57532 -5.73531 13.7088
    endloop
  endfacet
  facet normal 0.0462283 -0.129372 0.990518
    outer loop
      vertex 8.54773 -6.61523 14.3771
      vertex 8.51211 -6.53991 14.3886
      vertex 8.5362 -6.61935 14.3771
    endloop
  endfacet
  facet normal -0.167324 0.35372 0.920263
    outer loop
      vertex 8.39042 -6.23544 14.3204
      vertex 8.36501 -6.24746 14.3204
      vertex 8.42096 -6.30919 14.3543
    endloop
  endfacet
  facet normal -0.663213 -0.166122 0.729761
    outer loop
      vertex 8.07141 -6.58525 14.2207
      vertex 8.01546 -6.64698 14.1558
      vertex 8.08183 -6.62685 14.2207
    endloop
  endfacet
  facet normal -0.855609 0.512857 0.0700812
    outer loop
      vertex 7.8009 -6.03288 13.3746
      vertex 7.75127 -6.0998 13.2584
      vertex 7.75848 -6.10365 13.3746
    endloop
  endfacet
  facet normal -0.6394 0.579635 0.505164
    outer loop
      vertex 8.01724 -6.01724 13.9089
      vertex 8.01315 -6.10045 13.9992
      vertex 8.05466 -6.05466 13.9992
    endloop
  endfacet
  facet normal -0.875638 -0.219347 0.430285
    outer loop
      vertex 7.83039 -6.63319 13.9089
      vertex 7.78494 -6.64223 13.8118
      vertex 7.84667 -6.69818 13.9089
    endloop
  endfacet
  facet normal -0.986736 -0.146403 0.0701304
    outer loop
      vertex 7.66325 -6.58241 13.3746
      vertex 7.65511 -6.58321 13.2584
      vertex 7.67536 -6.66403 13.3746
    endloop
  endfacet
  facet normal -0.989103 0.147225 0
    outer loop
      vertex 7.66663 -6.33914 13.2
      vertex 7.66734 -6.33437 13.1416
      vertex 7.66663 -6.33914 13.1416
    endloop
  endfacet
  facet normal -0.989103 0.147225 0
    outer loop
      vertex 7.66734 -6.33437 13.1416
      vertex 7.66663 -6.33914 13.2
      vertex 7.66734 -6.33437 13.2584
    endloop
  endfacet
  facet normal -0.989173 0.146752 0
    outer loop
      vertex 7.65511 -6.41679 13.2584
      vertex 7.66663 -6.33914 13.2
      vertex 7.65511 -6.41679 13.2
    endloop
  endfacet
  facet normal -0.989169 0.146779 3.72172e-05
    outer loop
      vertex 7.66663 -6.33914 13.2
      vertex 7.65511 -6.41679 13.2584
      vertex 7.66734 -6.33437 13.2584
    endloop
  endfacet
  facet normal -0.336062 -0.939224 0.0701428
    outer loop
      vertex 8.25593 -7.30459 13.3746
      vertex 8.17511 -7.28435 13.2584
      vertex 8.25356 -7.31242 13.2584
    endloop
  endfacet
  facet normal -0.967649 -0.242361 0.0701232
    outer loop
      vertex 7.67536 -6.66403 13.3746
      vertex 7.66734 -6.66563 13.2584
      vertex 7.68758 -6.74644 13.2584
    endloop
  endfacet
  facet normal -0.766217 -0.274147 0.581168
    outer loop
      vertex 7.95376 -6.6657 14.0817
      vertex 7.89731 -6.68282 13.9992
      vertex 7.97263 -6.71844 14.0817
    endloop
  endfacet
  facet normal -0.801456 -0.480325 0.356308
    outer loop
      vertex 7.85702 -6.84368 13.8118
      vertex 7.82234 -6.86222 13.7088
      vertex 7.8938 -6.90505 13.8118
    endloop
  endfacet
  facet normal -0.0489726 -0.996335 0.070132
    outer loop
      vertex 8.41759 -7.33675 13.3746
      vertex 8.41679 -7.34489 13.2584
      vertex 8.5 -7.34898 13.2584
    endloop
  endfacet
  facet normal -0.0470138 -0.95786 0.283363
    outer loop
      vertex 8.5 -7.26839 13.7088
      vertex 8.42156 -7.29646 13.6009
      vertex 8.5 -7.30031 13.6009
    endloop
  endfacet
  facet normal -0.595669 -0.80323 0
    outer loop
      vertex 8.02446 -7.20302 13.2
      vertex 7.96142 -7.15627 13.2584
      vertex 7.96142 -7.15627 13.2
    endloop
  endfacet
  facet normal -0.595747 -0.803172 -0.000130048
    outer loop
      vertex 7.96142 -7.15627 13.2584
      vertex 8.02446 -7.20302 13.2
      vertex 8.02833 -7.2059 13.2584
    endloop
  endfacet
  facet normal -0.597011 -0.802233 0
    outer loop
      vertex 8.02833 -7.2059 13.1416
      vertex 8.02446 -7.20302 13.2
      vertex 8.02446 -7.20302 13.1416
    endloop
  endfacet
  facet normal -0.597011 -0.802233 0
    outer loop
      vertex 8.02446 -7.20302 13.2
      vertex 8.02833 -7.2059 13.1416
      vertex 8.02833 -7.2059 13.2584
    endloop
  endfacet
  facet normal -0.81602 -0.385931 0.430312
    outer loop
      vertex 7.89789 -6.82183 13.9089
      vertex 7.82643 -6.779 13.8118
      vertex 7.85702 -6.84368 13.8118
    endloop
  endfacet
  facet normal -0.639487 -0.579584 0.505112
    outer loop
      vertex 8.01315 -6.89955 13.9992
      vertex 7.97225 -6.93312 13.9089
      vertex 8.01724 -6.98276 13.9089
    endloop
  endfacet
  facet normal -0.932172 0.333628 -0.140525
    outer loop
      vertex 7.7318 -6.1818 12.9599
      vertex 7.71758 -6.21614 12.9727
      vertex 7.7232 -6.17824 13.0254
    endloop
  endfacet
  facet normal 0.800235 0.595523 -0.0705433
    outer loop
      vertex 9.2049 -6.029 13.1246
      vertex 9.20302 -6.02446 13.1416
      vertex 9.2059 -6.02833 13.1416
    endloop
  endfacet
  facet normal 0.386038 0.816001 0.430252
    outer loop
      vertex 8.779 -5.82643 13.8118
      vertex 8.76127 -5.86924 13.9089
      vertex 8.82183 -5.89789 13.9089
    endloop
  endfacet
  facet normal 0.66985 0.73917 0.0702085
    outer loop
      vertex 9.10032 -5.89968 13.2584
      vertex 9.03858 -5.84373 13.2584
      vertex 9.09453 -5.90547 13.3746
    endloop
  endfacet
  facet normal 0.668813 0.606234 0.430312
    outer loop
      vertex 9.01553 -5.98447 13.8118
      vertex 8.98276 -6.01724 13.9089
      vertex 9.06358 -6.03748 13.8118
    endloop
  endfacet
  facet normal 0.986678 0.146864 -0.06998
    outer loop
      vertex 9.33337 -6.33914 13.1416
      vertex 9.33149 -6.33461 13.1246
      vertex 9.33266 -6.33437 13.1416
    endloop
  endfacet
  facet normal 0.627539 -0.692318 0.356217
    outer loop
      vertex 9.01553 -7.01553 13.8118
      vertex 8.96252 -7.06358 13.8118
      vertex 8.98746 -7.09397 13.7088
    endloop
  endfacet
  facet normal -0.665 0.733516 0.140462
    outer loop
      vertex 7.9666 -5.85005 13.3746
      vertex 7.90547 -5.90547 13.3746
      vertex 7.91697 -5.91697 13.4891
    endloop
  endfacet
  facet normal 0.335977 -0.93926 -0.0700776
    outer loop
      vertex 8.82489 -7.28435 13.1416
      vertex 8.74407 -7.30459 13.0254
      vertex 8.82176 -7.2768 13.0254
    endloop
  endfacet
  facet normal 0.966795 0.143497 0.211461
    outer loop
      vertex 9.30868 -6.33914 13.4891
      vertex 9.29646 -6.42156 13.6009
      vertex 9.32056 -6.41918 13.4891
    endloop
  endfacet
  facet normal 0.682843 -0.0334336 0.7298
    outer loop
      vertex 9.00634 -6.5 14.1558
      vertex 8.93488 -6.54283 14.2207
      vertex 9.00391 -6.54963 14.1558
    endloop
  endfacet
  facet normal 0.735666 -0.34793 0.581155
    outer loop
      vertex 9.02737 -6.71844 14.0817
      vertex 9.00342 -6.76908 14.0817
      vertex 9.05544 -6.79689 13.9992
    endloop
  endfacet
  facet normal 0.967656 -0.242363 -0.0700191
    outer loop
      vertex 9.31242 -6.74644 13.1416
      vertex 9.33149 -6.66539 13.1246
      vertex 9.33266 -6.66563 13.1416
    endloop
  endfacet
  facet normal 0.96765 -0.242372 -0.0700683
    outer loop
      vertex 9.33149 -6.66539 13.1246
      vertex 9.31242 -6.74644 13.1416
      vertex 9.32051 -6.69191 13.0647
    endloop
  endfacet
  facet normal -0.653658 -0.484747 0.581164
    outer loop
      vertex 8.05875 -6.86213 14.0817
      vertex 7.97633 -6.8499 13.9992
      vertex 8.01315 -6.89955 13.9992
    endloop
  endfacet
  facet normal 0.329301 -0.920254 0.211408
    outer loop
      vertex 8.80627 -7.23939 13.6009
      vertex 8.73935 -7.28902 13.4891
      vertex 8.81553 -7.26176 13.4891
    endloop
  endfacet
  facet normal 0.0490935 -0.998794 0
    outer loop
      vertex 8.5 -7.34898 13.2
      vertex 8.58321 -7.34489 13.2584
      vertex 8.5 -7.34898 13.2584
    endloop
  endfacet
  facet normal 0.0490935 -0.998794 0
    outer loop
      vertex 8.58321 -7.34489 13.2584
      vertex 8.5 -7.34898 13.2
      vertex 8.58321 -7.34489 13.2
    endloop
  endfacet
  facet normal 0.941544 -0.336891 0
    outer loop
      vertex 9.28435 -6.82489 13.2584
      vertex 9.31242 -6.74644 13.1416
      vertex 9.31242 -6.74644 13.2584
    endloop
  endfacet
  facet normal 0.941544 -0.336891 0
    outer loop
      vertex 9.31242 -6.74644 13.1416
      vertex 9.28435 -6.82489 13.2584
      vertex 9.28435 -6.82489 13.1416
    endloop
  endfacet
  facet normal 0.506878 -0.559283 0.655955
    outer loop
      vertex 8.85804 -6.85804 14.1558
      vertex 8.82122 -6.89141 14.1558
      vertex 8.90363 -6.90363 14.0817
    endloop
  endfacet
  facet normal 0.183505 -0.732134 0.655977
    outer loop
      vertex 8.64698 -6.98454 14.1558
      vertex 8.61136 -7.05986 14.0817
      vertex 8.6657 -7.04624 14.0817
    endloop
  endfacet
  facet normal 0.430725 0.258238 0.864748
    outer loop
      vertex 8.80217 -6.29809 14.2757
      vertex 8.7381 -6.34091 14.3204
      vertex 8.82051 -6.32868 14.2757
    endloop
  endfacet
  facet normal 0.592776 0.0878747 0.800559
    outer loop
      vertex 8.93488 -6.45717 14.2207
      vertex 8.85644 -6.4291 14.2757
      vertex 8.86167 -6.46438 14.2757
    endloop
  endfacet
  facet normal -0.322703 0.682326 0.655968
    outer loop
      vertex 8.28156 -5.97263 14.0817
      vertex 8.23092 -5.99658 14.0817
      vertex 8.30623 -6.0322 14.1558
    endloop
  endfacet
  facet normal -0.487148 0.122069 0.864746
    outer loop
      vertex 8.15223 -6.3945 14.2757
      vertex 8.14356 -6.4291 14.2757
      vertex 8.22597 -6.41688 14.3204
    endloop
  endfacet
  facet normal 0.333468 0.932248 -0.140403
    outer loop
      vertex 8.78386 -5.71758 12.9727
      vertex 8.74407 -5.69541 13.0254
      vertex 8.82176 -5.7232 13.0254
    endloop
  endfacet
  facet normal 0.333622 0.932212 -0.140272
    outer loop
      vertex 8.74407 -5.69541 13.0254
      vertex 8.78386 -5.71758 12.9727
      vertex 8.74254 -5.70046 12.9882
    endloop
  endfacet
  facet normal 0.849916 0.304051 0.430343
    outer loop
      vertex 9.19768 -6.28836 13.8118
      vertex 9.13076 -6.23873 13.9089
      vertex 9.15333 -6.30182 13.9089
    endloop
  endfacet
  facet normal 0.387042 0.0575254 0.920266
    outer loop
      vertex 8.78498 -6.47193 14.3204
      vertex 8.70256 -6.45971 14.3543
      vertex 8.70554 -6.47976 14.3543
    endloop
  endfacet
  facet normal 0.484728 0.653664 0.581173
    outer loop
      vertex 8.8499 -5.97633 13.9992
      vertex 8.81713 -6.02538 14.0817
      vertex 8.86213 -6.05875 14.0817
    endloop
  endfacet
  facet normal 0.879718 0.314875 0.356301
    outer loop
      vertex 9.2099 -6.20595 13.7088
      vertex 9.17357 -6.221 13.8118
      vertex 9.19768 -6.28836 13.8118
    endloop
  endfacet
  facet normal -0.423328 0.895012 0.140527
    outer loop
      vertex 8.17824 -5.7232 13.3746
      vertex 8.10365 -5.75848 13.3746
      vertex 8.11132 -5.77283 13.4891
    endloop
  endfacet
  facet normal 0.423403 0.894988 -0.140455
    outer loop
      vertex 8.85253 -5.74602 12.9727
      vertex 8.89635 -5.75848 13.0254
      vertex 8.89386 -5.76314 12.9882
    endloop
  endfacet
  facet normal 0.423336 0.895029 -0.140389
    outer loop
      vertex 8.89635 -5.75848 13.0254
      vertex 8.85253 -5.74602 12.9727
      vertex 8.82176 -5.7232 13.0254
    endloop
  endfacet
  facet normal -0.368414 0.131811 0.92027
    outer loop
      vertex 8.30919 -6.42096 14.3543
      vertex 8.22597 -6.41688 14.3204
      vertex 8.30236 -6.44005 14.3543
    endloop
  endfacet
  facet normal -0.230494 -0.13819 0.963211
    outer loop
      vertex 8.3963 -6.56929 14.3771
      vertex 8.31785 -6.59736 14.3543
      vertex 8.32827 -6.61474 14.3543
    endloop
  endfacet
  facet normal 0.214723 -0.453945 0.86477
    outer loop
      vertex 8.67132 -6.82051 14.2757
      vertex 8.60958 -6.76456 14.3204
      vertex 8.63908 -6.83576 14.2757
    endloop
  endfacet
  facet normal -0.131853 -0.36841 0.920266
    outer loop
      vertex 8.42096 -6.69081 14.3543
      vertex 8.39042 -6.76456 14.3204
      vertex 8.41688 -6.77403 14.3204
    endloop
  endfacet
  facet normal -0.0818385 0.110353 0.990517
    outer loop
      vertex 8.43071 -6.3963 14.3771
      vertex 8.42088 -6.40359 14.3771
      vertex 8.47683 -6.46532 14.3886
    endloop
  endfacet
  facet normal -0.390827 -0.0191166 0.920266
    outer loop
      vertex 8.29347 -6.5 14.3543
      vertex 8.21502 -6.52807 14.3204
      vertex 8.29446 -6.52024 14.3543
    endloop
  endfacet
  facet normal -0.838327 0.502473 0.211493
    outer loop
      vertex 7.83457 -6.05537 13.6009
      vertex 7.77283 -6.11132 13.4891
      vertex 7.79419 -6.12274 13.6009
    endloop
  endfacet
  facet normal -0.920254 0.329301 0.211408
    outer loop
      vertex 7.73824 -6.18447 13.4891
      vertex 7.71098 -6.26065 13.4891
      vertex 7.76061 -6.19373 13.6009
    endloop
  endfacet
  facet normal -0.879802 0.314746 0.356208
    outer loop
      vertex 7.7901 -6.20595 13.7088
      vertex 7.7647 -6.27695 13.7088
      vertex 7.80232 -6.28836 13.8118
    endloop
  endfacet
  facet normal -0.967649 0.242361 0.0701232
    outer loop
      vertex 7.68758 -6.25356 13.2584
      vertex 7.66734 -6.33437 13.2584
      vertex 7.67536 -6.33597 13.3746
    endloop
  endfacet
  facet normal -0.93926 0.335977 -0.0700776
    outer loop
      vertex 7.7232 -6.17824 13.0254
      vertex 7.69541 -6.25593 13.0254
      vertex 7.71565 -6.17511 13.1416
    endloop
  endfacet
  facet normal -0.988885 -0.0485983 0.140517
    outer loop
      vertex 7.67547 -6.5 13.4891
      vertex 7.6592 -6.5 13.3746
      vertex 7.66325 -6.58241 13.3746
    endloop
  endfacet
  facet normal -0.998794 0.0490935 0
    outer loop
      vertex 7.65102 -6.5 13.2
      vertex 7.65511 -6.41679 13.2584
      vertex 7.65511 -6.41679 13.2
    endloop
  endfacet
  facet normal -0.998794 0.0490935 0
    outer loop
      vertex 7.65511 -6.41679 13.2584
      vertex 7.65102 -6.5 13.2
      vertex 7.65102 -6.5 13.2584
    endloop
  endfacet
  facet normal -0.95786 -0.0470138 0.283363
    outer loop
      vertex 7.73161 -6.5 13.7088
      vertex 7.69969 -6.5 13.6009
      vertex 7.70354 -6.57844 13.6009
    endloop
  endfacet
  facet normal -0.901762 0.426514 -0.0700842
    outer loop
      vertex 7.75848 -6.10365 13.0254
      vertex 7.71565 -6.17511 13.1416
      vertex 7.75127 -6.0998 13.1416
    endloop
  endfacet
  facet normal -0.941544 -0.336891 0
    outer loop
      vertex 7.71565 -6.82489 13.1416
      vertex 7.68758 -6.74644 13.2584
      vertex 7.68758 -6.74644 13.1416
    endloop
  endfacet
  facet normal -0.941544 -0.336891 0
    outer loop
      vertex 7.68758 -6.74644 13.2584
      vertex 7.71565 -6.82489 13.1416
      vertex 7.71565 -6.82489 13.2584
    endloop
  endfacet
  facet normal -0.94866 -0.140665 0.283299
    outer loop
      vertex 7.73531 -6.57532 13.7088
      vertex 7.71507 -6.65613 13.6009
      vertex 7.74637 -6.64991 13.7088
    endloop
  endfacet
  facet normal -0.423403 -0.894988 -0.140455
    outer loop
      vertex 8.14747 -7.25398 12.9727
      vertex 8.10365 -7.24152 13.0254
      vertex 8.10614 -7.23686 12.9882
    endloop
  endfacet
  facet normal -0.423336 -0.895029 -0.140389
    outer loop
      vertex 8.10365 -7.24152 13.0254
      vertex 8.14747 -7.25398 12.9727
      vertex 8.17824 -7.2768 13.0254
    endloop
  endfacet
  facet normal -0.402397 -0.444034 0.800569
    outer loop
      vertex 8.24302 -6.75698 14.2757
      vertex 8.191 -6.809 14.2207
      vertex 8.22278 -6.8378 14.2207
    endloop
  endfacet
  facet normal -0.100285 -0.676325 0.729745
    outer loop
      vertex 8.41475 -6.92859 14.2207
      vertex 8.40122 -6.99661 14.1558
      vertex 8.45717 -6.93488 14.2207
    endloop
  endfacet
  facet normal -0.656316 -0.724262 0.211409
    outer loop
      vertex 7.93409 -7.06591 13.6009
      vertex 7.91697 -7.08303 13.4891
      vertex 7.99229 -7.11865 13.6009
    endloop
  endfacet
  facet normal -0.6394 -0.579635 0.505164
    outer loop
      vertex 8.05466 -6.94534 13.9992
      vertex 8.01315 -6.89955 13.9992
      vertex 8.01724 -6.98276 13.9089
    endloop
  endfacet
  facet normal -0.23313 -0.930231 0.283408
    outer loop
      vertex 8.27695 -7.2353 13.7088
      vertex 8.26768 -7.26585 13.6009
      vertex 8.35009 -7.25363 13.7088
    endloop
  endfacet
  facet normal 0.0470138 -0.95786 0.283363
    outer loop
      vertex 8.5 -7.26839 13.7088
      vertex 8.5 -7.30031 13.6009
      vertex 8.57844 -7.29646 13.6009
    endloop
  endfacet
  facet normal -0.0458401 -0.933258 0.356269
    outer loop
      vertex 8.5 -7.22907 13.8118
      vertex 8.42854 -7.22556 13.8118
      vertex 8.5 -7.26839 13.7088
    endloop
  endfacet
  facet normal -0.671507 -0.740998 0
    outer loop
      vertex 7.89968 -7.10032 13.2
      vertex 7.96142 -7.15627 13.2584
      vertex 7.89968 -7.10032 13.2584
    endloop
  endfacet
  facet normal -0.671507 -0.740998 -0
    outer loop
      vertex 7.96142 -7.15627 13.2584
      vertex 7.89968 -7.10032 13.2
      vertex 7.96142 -7.15627 13.2
    endloop
  endfacet
  facet normal -0.426519 -0.901759 -0.0700799
    outer loop
      vertex 8.17511 -7.28435 13.1416
      vertex 8.10365 -7.24152 13.0254
      vertex 8.17824 -7.2768 13.0254
    endloop
  endfacet
  facet normal 0.145307 -0.979355 0.140534
    outer loop
      vertex 8.66086 -7.30868 13.4891
      vertex 8.58241 -7.33675 13.3746
      vertex 8.66403 -7.32464 13.3746
    endloop
  endfacet
  facet normal -0.426514 -0.901762 -0.0700842
    outer loop
      vertex 8.17511 -7.28435 13.1416
      vertex 8.0998 -7.24873 13.1416
      vertex 8.10365 -7.24152 13.0254
    endloop
  endfacet
  facet normal -0.838327 -0.502473 0.211493
    outer loop
      vertex 7.79419 -6.87726 13.6009
      vertex 7.77283 -6.88868 13.4891
      vertex 7.83457 -6.94463 13.6009
    endloop
  endfacet
  facet normal -0.95785 -0.0470532 0.283389
    outer loop
      vertex 7.73161 -6.5 13.7088
      vertex 7.70354 -6.57844 13.6009
      vertex 7.73531 -6.57532 13.7088
    endloop
  endfacet
  facet normal -0.812603 -0.290694 0.505146
    outer loop
      vertex 7.89731 -6.68282 13.9992
      vertex 7.86924 -6.76127 13.9089
      vertex 7.91813 -6.74102 13.9992
    endloop
  endfacet
  facet normal -0.901596 -0.044285 0.430306
    outer loop
      vertex 7.82056 -6.56692 13.9089
      vertex 7.77093 -6.5 13.8118
      vertex 7.77444 -6.57146 13.8118
    endloop
  endfacet
  facet normal -0.892923 0.13245 0.430285
    outer loop
      vertex 7.83039 -6.36681 13.9089
      vertex 7.78494 -6.35777 13.8118
      vertex 7.82056 -6.43308 13.9089
    endloop
  endfacet
  facet normal 0.423155 -0.895094 -0.140523
    outer loop
      vertex 8.82176 -7.2768 13.0254
      vertex 8.8182 -7.2682 12.9599
      vertex 8.85253 -7.25398 12.9727
    endloop
  endfacet
  facet normal 0.989103 0.147225 0
    outer loop
      vertex 9.33266 -6.33437 13.2584
      vertex 9.33337 -6.33914 13.2
      vertex 9.33266 -6.33437 13.1416
    endloop
  endfacet
  facet normal 0.989169 0.146779 3.72172e-05
    outer loop
      vertex 9.34489 -6.41679 13.2584
      vertex 9.33337 -6.33914 13.2
      vertex 9.33266 -6.33437 13.2584
    endloop
  endfacet
  facet normal 0.989173 0.146752 0
    outer loop
      vertex 9.33337 -6.33914 13.2
      vertex 9.34489 -6.41679 13.2584
      vertex 9.34489 -6.41679 13.2
    endloop
  endfacet
  facet normal 0.989103 0.147225 0
    outer loop
      vertex 9.33266 -6.33437 13.1416
      vertex 9.33337 -6.33914 13.2
      vertex 9.33337 -6.33914 13.1416
    endloop
  endfacet
  facet normal 0.493105 0.82252 0.283386
    outer loop
      vertex 8.94463 -5.83457 13.6009
      vertex 8.86222 -5.82234 13.7088
      vertex 8.92689 -5.86111 13.7088
    endloop
  endfacet
  facet normal 0.895045 0.423234 0.140596
    outer loop
      vertex 9.2768 -6.17824 13.3746
      vertex 9.22717 -6.11132 13.4891
      vertex 9.26176 -6.18447 13.4891
    endloop
  endfacet
  facet normal 0.801272 0.594184 0.0700681
    outer loop
      vertex 9.15627 -5.96142 13.2584
      vertex 9.14995 -5.9666 13.3746
      vertex 9.1991 -6.03288 13.3746
    endloop
  endfacet
  facet normal 0.932183 -0.333569 0.140595
    outer loop
      vertex 9.28902 -6.73935 13.4891
      vertex 9.26176 -6.81553 13.4891
      vertex 9.2768 -6.82176 13.3746
    endloop
  endfacet
  facet normal 0.95786 -0.0470138 0.283363
    outer loop
      vertex 9.30031 -6.5 13.6009
      vertex 9.26839 -6.5 13.7088
      vertex 9.29646 -6.57844 13.6009
    endloop
  endfacet
  facet normal -0.242395 0.96763 -0.0702639
    outer loop
      vertex 8.25593 -5.69541 13.0254
      vertex 8.30809 -5.67949 13.0647
      vertex 8.2907 -5.6867 13.0254
    endloop
  endfacet
  facet normal -0.242479 0.967617 -0.0701473
    outer loop
      vertex 8.30809 -5.67949 13.0647
      vertex 8.25593 -5.69541 13.0254
      vertex 8.25356 -5.68758 13.1416
    endloop
  endfacet
  facet normal 0.140785 0.948617 0.283381
    outer loop
      vertex 8.57844 -5.70354 13.6009
      vertex 8.57532 -5.73531 13.7088
      vertex 8.65613 -5.71507 13.6009
    endloop
  endfacet
  facet normal 0.143483 0.9668 0.21145
    outer loop
      vertex 8.66086 -5.69132 13.4891
      vertex 8.57844 -5.70354 13.6009
      vertex 8.65613 -5.71507 13.6009
    endloop
  endfacet
  facet normal 0.862008 -0.0423114 0.505126
    outer loop
      vertex 9.12981 -6.5 13.9992
      vertex 9.12678 -6.56173 13.9992
      vertex 9.17944 -6.56692 13.9089
    endloop
  endfacet
  facet normal 0.883592 -0.417819 0.211404
    outer loop
      vertex 9.23939 -6.80627 13.6009
      vertex 9.22717 -6.88868 13.4891
      vertex 9.26176 -6.81553 13.4891
    endloop
  endfacet
  facet normal 0.639487 -0.579584 0.505112
    outer loop
      vertex 8.98685 -6.89955 13.9992
      vertex 8.98276 -6.98276 13.9089
      vertex 9.02775 -6.93312 13.9089
    endloop
  endfacet
  facet normal 0.780144 -0.369057 0.505146
    outer loop
      vertex 9.08187 -6.74102 13.9992
      vertex 9.05544 -6.79689 13.9992
      vertex 9.13076 -6.76127 13.9089
    endloop
  endfacet
  facet normal 0.930231 -0.23313 0.283408
    outer loop
      vertex 9.25363 -6.64991 13.7088
      vertex 9.2353 -6.72305 13.7088
      vertex 9.26585 -6.73232 13.6009
    endloop
  endfacet
  facet normal 0.201127 -0.335676 0.920255
    outer loop
      vertex 8.65909 -6.7381 14.3204
      vertex 8.59736 -6.68215 14.3543
      vertex 8.63499 -6.75254 14.3204
    endloop
  endfacet
  facet normal 0.903985 -0.427565 0
    outer loop
      vertex 9.24873 -6.9002 13.2584
      vertex 9.28435 -6.82489 13.1416
      vertex 9.28435 -6.82489 13.2584
    endloop
  endfacet
  facet normal 0.903985 -0.427565 0
    outer loop
      vertex 9.28435 -6.82489 13.1416
      vertex 9.24873 -6.9002 13.2584
      vertex 9.24873 -6.9002 13.1416
    endloop
  endfacet
  facet normal 0.875636 0.219256 0.430336
    outer loop
      vertex 9.19768 -6.28836 13.8118
      vertex 9.15333 -6.30182 13.9089
      vertex 9.21506 -6.35777 13.8118
    endloop
  endfacet
  facet normal 0.996335 0.0489726 0.070132
    outer loop
      vertex 9.34489 -6.41679 13.2584
      vertex 9.33675 -6.41759 13.3746
      vertex 9.34898 -6.5 13.2584
    endloop
  endfacet
  facet normal 0.976205 0.0479527 0.211482
    outer loop
      vertex 9.32056 -6.41918 13.4891
      vertex 9.30031 -6.5 13.6009
      vertex 9.32453 -6.5 13.4891
    endloop
  endfacet
  facet normal 0.857768 0.514037 0
    outer loop
      vertex 9.24873 -6.0998 13.2584
      vertex 9.2059 -6.02833 13.1416
      vertex 9.2059 -6.02833 13.2584
    endloop
  endfacet
  facet normal 0.857768 0.514037 0
    outer loop
      vertex 9.2059 -6.02833 13.1416
      vertex 9.24873 -6.0998 13.2584
      vertex 9.24873 -6.0998 13.1416
    endloop
  endfacet
  facet normal 0.724226 0.656345 0.21144
    outer loop
      vertex 9.13737 -5.97693 13.4891
      vertex 9.08303 -5.91697 13.4891
      vertex 9.11865 -5.99229 13.6009
    endloop
  endfacet
  facet normal 0.493036 -0.822582 0.283327
    outer loop
      vertex 8.94463 -7.16543 13.6009
      vertex 8.86222 -7.17766 13.7088
      vertex 8.87726 -7.20581 13.6009
    endloop
  endfacet
  facet normal 0.219256 -0.875636 0.430336
    outer loop
      vertex 8.69818 -7.15333 13.9089
      vertex 8.64223 -7.21506 13.8118
      vertex 8.71164 -7.19768 13.8118
    endloop
  endfacet
  facet normal 0.146752 -0.989173 0
    outer loop
      vertex 8.66086 -7.33337 13.2
      vertex 8.58321 -7.34489 13.2584
      vertex 8.58321 -7.34489 13.2
    endloop
  endfacet
  facet normal 0.146779 -0.989169 3.72172e-05
    outer loop
      vertex 8.58321 -7.34489 13.2584
      vertex 8.66086 -7.33337 13.2
      vertex 8.66563 -7.33266 13.2584
    endloop
  endfacet
  facet normal 0.147225 -0.989103 0
    outer loop
      vertex 8.66563 -7.33266 13.1416
      vertex 8.66086 -7.33337 13.2
      vertex 8.66086 -7.33337 13.1416
    endloop
  endfacet
  facet normal 0.147225 -0.989103 0
    outer loop
      vertex 8.66086 -7.33337 13.2
      vertex 8.66563 -7.33266 13.1416
      vertex 8.66563 -7.33266 13.2584
    endloop
  endfacet
  facet normal 0.595523 -0.800235 -0.0705433
    outer loop
      vertex 8.97167 -7.2059 13.1416
      vertex 8.971 -7.2049 13.1246
      vertex 8.97554 -7.20302 13.1416
    endloop
  endfacet
  facet normal 0.426519 -0.901759 -0.0700799
    outer loop
      vertex 8.82489 -7.28435 13.1416
      vertex 8.82176 -7.2768 13.0254
      vertex 8.89635 -7.24152 13.0254
    endloop
  endfacet
  facet normal 0.670008 -0.73904 0.0700635
    outer loop
      vertex 9.09453 -7.09453 13.3746
      vertex 9.0334 -7.14995 13.3746
      vertex 9.03858 -7.15627 13.2584
    endloop
  endfacet
  facet normal -0.242393 -0.967639 0.070147
    outer loop
      vertex 8.25593 -7.30459 13.3746
      vertex 8.25356 -7.31242 13.2584
      vertex 8.33597 -7.32464 13.3746
    endloop
  endfacet
  facet normal 0.25427 -0.710663 0.655976
    outer loop
      vertex 8.71844 -7.02737 14.0817
      vertex 8.64698 -6.98454 14.1558
      vertex 8.6657 -7.04624 14.0817
    endloop
  endfacet
  facet normal 0.506612 -0.459143 0.729748
    outer loop
      vertex 8.89141 -6.82122 14.1558
      vertex 8.809 -6.809 14.2207
      vertex 8.85804 -6.85804 14.1558
    endloop
  endfacet
  facet normal 0.253101 -0.0904402 0.963203
    outer loop
      vertex 8.61935 -6.5362 14.3771
      vertex 8.61523 -6.54773 14.3771
      vertex 8.69081 -6.57904 14.3543
    endloop
  endfacet
  facet normal 0.25624 -0.541716 0.800553
    outer loop
      vertex 8.67132 -6.82051 14.2757
      vertex 8.63908 -6.83576 14.2757
      vertex 8.70599 -6.88539 14.2207
    endloop
  endfacet
  facet normal -0.137228 -0.00671041 0.990517
    outer loop
      vertex 8.45829 -6.5 14.3886
      vertex 8.37588 -6.51222 14.3771
      vertex 8.45849 -6.50409 14.3886
    endloop
  endfacet
  facet normal 0.459143 -0.506612 0.729748
    outer loop
      vertex 8.85804 -6.85804 14.1558
      vertex 8.809 -6.809 14.2207
      vertex 8.82122 -6.89141 14.1558
    endloop
  endfacet
  facet normal 0.369073 0.780142 0.505137
    outer loop
      vertex 8.82183 -5.89789 13.9089
      vertex 8.76127 -5.86924 13.9089
      vertex 8.79689 -5.94456 13.9992
    endloop
  endfacet
  facet normal 0.693232 0.514095 0.505109
    outer loop
      vertex 9.02775 -6.06688 13.9089
      vertex 8.98685 -6.10045 13.9992
      vertex 9.02367 -6.1501 13.9992
    endloop
  endfacet
  facet normal 0.54918 0.407261 0.729754
    outer loop
      vertex 8.89141 -6.17878 14.1558
      vertex 8.8378 -6.22278 14.2207
      vertex 8.86334 -6.25722 14.2207
    endloop
  endfacet
  facet normal -0.0423778 0.861983 0.505162
    outer loop
      vertex 8.5 -5.81727 13.9089
      vertex 8.43308 -5.82056 13.9089
      vertex 8.5 -5.87019 13.9992
    endloop
  endfacet
  facet normal 0.242361 0.967649 0.0701232
    outer loop
      vertex 8.66563 -5.66734 13.2584
      vertex 8.66403 -5.67536 13.3746
      vertex 8.74644 -5.68758 13.2584
    endloop
  endfacet
  facet normal 0.240561 0.960409 0.140515
    outer loop
      vertex 8.74407 -5.69541 13.3746
      vertex 8.66086 -5.69132 13.4891
      vertex 8.73935 -5.71098 13.4891
    endloop
  endfacet
  facet normal 0.417927 0.883521 0.211491
    outer loop
      vertex 8.88868 -5.77283 13.4891
      vertex 8.80627 -5.76061 13.6009
      vertex 8.87726 -5.79419 13.6009
    endloop
  endfacet
  facet normal 0.812603 0.290694 0.505146
    outer loop
      vertex 9.13076 -6.23873 13.9089
      vertex 9.08187 -6.25898 13.9992
      vertex 9.10269 -6.31718 13.9992
    endloop
  endfacet
  facet normal 0.933258 -0.0458401 0.356269
    outer loop
      vertex 9.22907 -6.5 13.8118
      vertex 9.22556 -6.57146 13.8118
      vertex 9.26839 -6.5 13.7088
    endloop
  endfacet
  facet normal 0.844667 0.39948 0.356305
    outer loop
      vertex 9.17766 -6.13778 13.7088
      vertex 9.14298 -6.15632 13.8118
      vertex 9.17357 -6.221 13.8118
    endloop
  endfacet
  facet normal 0.801456 0.480325 0.356308
    outer loop
      vertex 9.17766 -6.13778 13.7088
      vertex 9.1062 -6.09495 13.8118
      vertex 9.14298 -6.15632 13.8118
    endloop
  endfacet
  facet normal -0.146403 0.986736 0.0701304
    outer loop
      vertex 8.41679 -5.65511 13.2584
      vertex 8.33597 -5.67536 13.3746
      vertex 8.41759 -5.66325 13.3746
    endloop
  endfacet
  facet normal 0.304204 0.849905 0.430257
    outer loop
      vertex 8.779 -5.82643 13.8118
      vertex 8.71164 -5.80232 13.8118
      vertex 8.76127 -5.86924 13.9089
    endloop
  endfacet
  facet normal -0.581271 0.145654 0.800568
    outer loop
      vertex 8.15223 -6.3945 14.2757
      vertex 8.08183 -6.37315 14.2207
      vertex 8.14356 -6.4291 14.2757
    endloop
  endfacet
  facet normal -0.379577 -0.0949987 0.92027
    outer loop
      vertex 8.29744 -6.54029 14.3543
      vertex 8.21915 -6.55587 14.3204
      vertex 8.22597 -6.58312 14.3204
    endloop
  endfacet
  facet normal -0.387042 0.0575254 0.920266
    outer loop
      vertex 8.29744 -6.45971 14.3543
      vertex 8.21502 -6.47193 14.3204
      vertex 8.29446 -6.47976 14.3543
    endloop
  endfacet
  facet normal -0.746554 -0.11075 0.656043
    outer loop
      vertex 8.00339 -6.59878 14.1558
      vertex 7.93192 -6.55595 14.0817
      vertex 7.94014 -6.61136 14.0817
    endloop
  endfacet
  facet normal 0.402377 0.444042 0.800575
    outer loop
      vertex 8.77722 -6.1622 14.2207
      vertex 8.73055 -6.21907 14.2757
      vertex 8.75698 -6.24302 14.2757
    endloop
  endfacet
  facet normal -0.0201343 -0.135907 0.990517
    outer loop
      vertex 8.49186 -6.54091 14.3886
      vertex 8.48778 -6.62412 14.3771
      vertex 8.49591 -6.54151 14.3886
    endloop
  endfacet
  facet normal -0.0423114 -0.862008 0.505126
    outer loop
      vertex 8.43827 -7.12678 13.9992
      vertex 8.43308 -7.17944 13.9089
      vertex 8.5 -7.12981 13.9992
    endloop
  endfacet
  facet normal 0.74658 0.110886 0.65599
    outer loop
      vertex 9.06808 -6.44405 14.0817
      vertex 8.99661 -6.40122 14.1558
      vertex 9.00391 -6.45037 14.1558
    endloop
  endfacet
  facet normal -0.335676 -0.201127 0.920255
    outer loop
      vertex 8.31785 -6.59736 14.3543
      vertex 8.24746 -6.63499 14.3204
      vertex 8.2619 -6.65909 14.3204
    endloop
  endfacet
  facet normal -0.199161 0.180465 0.963207
    outer loop
      vertex 8.35396 -6.35396 14.3543
      vertex 8.34035 -6.36898 14.3543
      vertex 8.40359 -6.42088 14.3771
    endloop
  endfacet
  facet normal 0.464008 -0.774289 0.430317
    outer loop
      vertex 8.8793 -7.06767 13.9089
      vertex 8.82183 -7.10211 13.9089
      vertex 8.84368 -7.14298 13.8118
    endloop
  endfacet
  facet normal 0.371972 -0.337312 0.864787
    outer loop
      vertex 8.72136 -6.68166 14.3204
      vertex 8.70248 -6.70248 14.3204
      vertex 8.75698 -6.75698 14.2757
    endloop
  endfacet
  facet normal -0.849206 0.50902 0.140527
    outer loop
      vertex 7.8009 -6.03288 13.3746
      vertex 7.75848 -6.10365 13.3746
      vertex 7.77283 -6.11132 13.4891
    endloop
  endfacet
  facet normal -0.895012 0.423328 0.140527
    outer loop
      vertex 7.75848 -6.10365 13.3746
      vertex 7.7232 -6.17824 13.3746
      vertex 7.77283 -6.11132 13.4891
    endloop
  endfacet
  facet normal -0.849905 0.304204 0.430257
    outer loop
      vertex 7.82643 -6.221 13.8118
      vertex 7.80232 -6.28836 13.8118
      vertex 7.86924 -6.23873 13.9089
    endloop
  endfacet
  facet normal -0.571251 0.770297 0.283399
    outer loop
      vertex 8.05537 -5.83457 13.6009
      vertex 7.99229 -5.88135 13.6009
      vertex 8.01254 -5.90603 13.7088
    endloop
  endfacet
  facet normal -0.960402 0.240581 0.14053
    outer loop
      vertex 7.69541 -6.25593 13.3746
      vertex 7.67536 -6.33597 13.3746
      vertex 7.69132 -6.33914 13.4891
    endloop
  endfacet
  facet normal -0.932183 0.333569 0.140595
    outer loop
      vertex 7.7232 -6.17824 13.3746
      vertex 7.71098 -6.26065 13.4891
      vertex 7.73824 -6.18447 13.4891
    endloop
  endfacet
  facet normal -0.95785 0.0470532 0.283389
    outer loop
      vertex 7.73531 -6.42468 13.7088
      vertex 7.70354 -6.42156 13.6009
      vertex 7.73161 -6.5 13.7088
    endloop
  endfacet
  facet normal -0.95786 0.0470138 0.283363
    outer loop
      vertex 7.70354 -6.42156 13.6009
      vertex 7.69969 -6.5 13.6009
      vertex 7.73161 -6.5 13.7088
    endloop
  endfacet
  facet normal -0.988885 0.0485983 0.140517
    outer loop
      vertex 7.66325 -6.41759 13.3746
      vertex 7.6592 -6.5 13.3746
      vertex 7.67547 -6.5 13.4891
    endloop
  endfacet
  facet normal -0.996335 0.0489644 0.0701379
    outer loop
      vertex 7.66325 -6.41759 13.3746
      vertex 7.65102 -6.5 13.2584
      vertex 7.6592 -6.5 13.3746
    endloop
  endfacet
  facet normal -0.894988 0.423403 -0.140455
    outer loop
      vertex 7.74602 -6.14747 12.9727
      vertex 7.75848 -6.10365 13.0254
      vertex 7.76314 -6.10614 12.9882
    endloop
  endfacet
  facet normal -0.895029 0.423336 -0.140389
    outer loop
      vertex 7.75848 -6.10365 13.0254
      vertex 7.74602 -6.14747 12.9727
      vertex 7.7232 -6.17824 13.0254
    endloop
  endfacet
  facet normal -0.941544 0.336891 0
    outer loop
      vertex 7.68758 -6.25356 13.1416
      vertex 7.71565 -6.17511 13.2584
      vertex 7.71565 -6.17511 13.1416
    endloop
  endfacet
  facet normal -0.941544 0.336891 0
    outer loop
      vertex 7.71565 -6.17511 13.2584
      vertex 7.68758 -6.25356 13.1416
      vertex 7.68758 -6.25356 13.2584
    endloop
  endfacet
  facet normal -0.932248 0.333468 -0.140403
    outer loop
      vertex 7.71758 -6.21614 12.9727
      vertex 7.69541 -6.25593 13.0254
      vertex 7.7232 -6.17824 13.0254
    endloop
  endfacet
  facet normal -0.932212 0.333622 -0.140272
    outer loop
      vertex 7.69541 -6.25593 13.0254
      vertex 7.71758 -6.21614 12.9727
      vertex 7.70046 -6.25746 12.9882
    endloop
  endfacet
  facet normal -0.986735 0.146418 0.0701194
    outer loop
      vertex 7.66734 -6.33437 13.2584
      vertex 7.65511 -6.41679 13.2584
      vertex 7.67536 -6.33597 13.3746
    endloop
  endfacet
  facet normal -0.976212 -0.0479146 0.211456
    outer loop
      vertex 7.69969 -6.5 13.6009
      vertex 7.67944 -6.58082 13.4891
      vertex 7.70354 -6.57844 13.6009
    endloop
  endfacet
  facet normal -0.866943 -0.410008 0.283378
    outer loop
      vertex 7.7901 -6.79405 13.7088
      vertex 7.76061 -6.80627 13.6009
      vertex 7.82234 -6.86222 13.7088
    endloop
  endfacet
  facet normal -0.901762 -0.426514 -0.0700842
    outer loop
      vertex 7.75127 -6.9002 13.1416
      vertex 7.71565 -6.82489 13.1416
      vertex 7.75848 -6.89635 13.0254
    endloop
  endfacet
  facet normal -0.64395 -0.710616 0.283467
    outer loop
      vertex 7.95667 -7.04333 13.7088
      vertex 7.93409 -7.06591 13.6009
      vertex 7.99229 -7.11865 13.6009
    endloop
  endfacet
  facet normal -0.594279 -0.801193 0.0701556
    outer loop
      vertex 8.03288 -7.1991 13.3746
      vertex 7.96142 -7.15627 13.2584
      vertex 8.02833 -7.2059 13.2584
    endloop
  endfacet
  facet normal -0.333628 -0.932172 -0.140525
    outer loop
      vertex 8.21614 -7.28242 12.9727
      vertex 8.17824 -7.2768 13.0254
      vertex 8.1818 -7.2682 12.9599
    endloop
  endfacet
  facet normal -0.816001 -0.386038 0.430252
    outer loop
      vertex 7.86924 -6.76127 13.9089
      vertex 7.82643 -6.779 13.8118
      vertex 7.89789 -6.82183 13.9089
    endloop
  endfacet
  facet normal -0.89291 -0.132479 0.430303
    outer loop
      vertex 7.82056 -6.56692 13.9089
      vertex 7.77444 -6.57146 13.8118
      vertex 7.78494 -6.64223 13.8118
    endloop
  endfacet
  facet normal -0.740274 -0.443662 0.505133
    outer loop
      vertex 7.94456 -6.79689 13.9992
      vertex 7.89789 -6.82183 13.9089
      vertex 7.97633 -6.8499 13.9992
    endloop
  endfacet
  facet normal -0.766217 -0.2741 0.581188
    outer loop
      vertex 7.97263 -6.71844 14.0817
      vertex 7.89731 -6.68282 13.9992
      vertex 7.91813 -6.74102 13.9992
    endloop
  endfacet
  facet normal 0.0202003 0.135903 0.990516
    outer loop
      vertex 8.51222 -6.37588 14.3771
      vertex 8.50814 -6.45909 14.3886
      vertex 8.52433 -6.37768 14.3771
    endloop
  endfacet
  facet normal -0.472836 -0.169227 0.864748
    outer loop
      vertex 8.22597 -6.58312 14.3204
      vertex 8.15223 -6.6055 14.2757
      vertex 8.23544 -6.60958 14.3204
    endloop
  endfacet
  facet normal -0.785067 -0.582204 0.211441
    outer loop
      vertex 7.88135 -7.00771 13.6009
      vertex 7.83457 -6.94463 13.6009
      vertex 7.86263 -7.02307 13.4891
    endloop
  endfacet
  facet normal -0.801416 -0.480453 0.356227
    outer loop
      vertex 7.8938 -6.90505 13.8118
      vertex 7.82234 -6.86222 13.7088
      vertex 7.86111 -6.92689 13.7088
    endloop
  endfacet
  facet normal 0.044285 -0.901596 0.430306
    outer loop
      vertex 8.56692 -7.17944 13.9089
      vertex 8.5 -7.22907 13.8118
      vertex 8.57146 -7.22556 13.8118
    endloop
  endfacet
  facet normal 0.219347 -0.875638 0.430285
    outer loop
      vertex 8.69818 -7.15333 13.9089
      vertex 8.63319 -7.16961 13.9089
      vertex 8.64223 -7.21506 13.8118
    endloop
  endfacet
  facet normal -0.145361 -0.979352 0.140496
    outer loop
      vertex 8.41918 -7.32056 13.4891
      vertex 8.33914 -7.30868 13.4891
      vertex 8.41759 -7.33675 13.3746
    endloop
  endfacet
  facet normal -0.0479146 -0.976212 0.211456
    outer loop
      vertex 8.42156 -7.29646 13.6009
      vertex 8.41918 -7.32056 13.4891
      vertex 8.5 -7.30031 13.6009
    endloop
  endfacet
  facet normal -0.333463 -0.932233 0.140514
    outer loop
      vertex 8.26065 -7.28902 13.4891
      vertex 8.17824 -7.2768 13.3746
      vertex 8.25593 -7.30459 13.3746
    endloop
  endfacet
  facet normal 0.0485983 -0.988885 0.140517
    outer loop
      vertex 8.5 -7.32453 13.4891
      vertex 8.5 -7.3408 13.3746
      vertex 8.58241 -7.33675 13.3746
    endloop
  endfacet
  facet normal -0.347989 -0.735609 0.581191
    outer loop
      vertex 8.28156 -7.02737 14.0817
      vertex 8.20311 -7.05544 13.9992
      vertex 8.25898 -7.08187 13.9992
    endloop
  endfacet
  facet normal -0.219256 -0.875636 0.430336
    outer loop
      vertex 8.30182 -7.15333 13.9089
      vertex 8.28836 -7.19768 13.8118
      vertex 8.35777 -7.21506 13.8118
    endloop
  endfacet
  facet normal -0.336891 -0.941544 0
    outer loop
      vertex 8.17511 -7.28435 13.1416
      vertex 8.25356 -7.31242 13.2584
      vertex 8.17511 -7.28435 13.2584
    endloop
  endfacet
  facet normal -0.336891 -0.941544 -0
    outer loop
      vertex 8.25356 -7.31242 13.2584
      vertex 8.17511 -7.28435 13.1416
      vertex 8.25356 -7.31242 13.1416
    endloop
  endfacet
  facet normal 0.0489726 -0.996335 0.070132
    outer loop
      vertex 8.58241 -7.33675 13.3746
      vertex 8.5 -7.34898 13.2584
      vertex 8.58321 -7.34489 13.2584
    endloop
  endfacet
  facet normal -0.427565 -0.903985 0
    outer loop
      vertex 8.0998 -7.24873 13.1416
      vertex 8.17511 -7.28435 13.2584
      vertex 8.0998 -7.24873 13.2584
    endloop
  endfacet
  facet normal -0.427565 -0.903985 -0
    outer loop
      vertex 8.17511 -7.28435 13.2584
      vertex 8.0998 -7.24873 13.1416
      vertex 8.17511 -7.28435 13.1416
    endloop
  endfacet
  facet normal -0.242959 -0.970036 0
    outer loop
      vertex 8.25356 -7.31242 13.1416
      vertex 8.33437 -7.33266 13.2584
      vertex 8.25356 -7.31242 13.2584
    endloop
  endfacet
  facet normal -0.242959 -0.970036 -0
    outer loop
      vertex 8.33437 -7.33266 13.2584
      vertex 8.25356 -7.31242 13.1416
      vertex 8.33437 -7.33266 13.1416
    endloop
  endfacet
  facet normal -0.512857 -0.855609 0.0700812
    outer loop
      vertex 8.10365 -7.24152 13.3746
      vertex 8.03288 -7.1991 13.3746
      vertex 8.0998 -7.24873 13.2584
    endloop
  endfacet
  facet normal -0.665 -0.733516 0.140462
    outer loop
      vertex 7.91697 -7.08303 13.4891
      vertex 7.90547 -7.09453 13.3746
      vertex 7.9666 -7.14995 13.3746
    endloop
  endfacet
  facet normal -0.976212 0.0479146 0.211456
    outer loop
      vertex 7.70354 -6.42156 13.6009
      vertex 7.67944 -6.41918 13.4891
      vertex 7.69969 -6.5 13.6009
    endloop
  endfacet
  facet normal -0.939224 -0.336062 0.0701428
    outer loop
      vertex 7.69541 -6.74407 13.3746
      vertex 7.68758 -6.74644 13.2584
      vertex 7.71565 -6.82489 13.2584
    endloop
  endfacet
  facet normal -0.837174 -0.209712 0.505134
    outer loop
      vertex 7.88229 -6.62287 13.9992
      vertex 7.83039 -6.63319 13.9089
      vertex 7.84667 -6.69818 13.9089
    endloop
  endfacet
  facet normal -0.933258 0.0458401 0.356269
    outer loop
      vertex 7.77444 -6.42854 13.8118
      vertex 7.73161 -6.5 13.7088
      vertex 7.77093 -6.5 13.8118
    endloop
  endfacet
  facet normal -0.933259 0.0458452 0.356266
    outer loop
      vertex 7.73531 -6.42468 13.7088
      vertex 7.73161 -6.5 13.7088
      vertex 7.77444 -6.42854 13.8118
    endloop
  endfacet
  facet normal -0.837174 0.209712 0.505134
    outer loop
      vertex 7.84667 -6.30182 13.9089
      vertex 7.83039 -6.36681 13.9089
      vertex 7.88229 -6.37713 13.9992
    endloop
  endfacet
  facet normal -0.804998 -0.11942 0.581135
    outer loop
      vertex 7.93192 -6.55595 14.0817
      vertex 7.87322 -6.56173 13.9992
      vertex 7.94014 -6.61136 14.0817
    endloop
  endfacet
  facet normal -0.853699 -0.126631 0.505136
    outer loop
      vertex 7.88229 -6.62287 13.9992
      vertex 7.82056 -6.56692 13.9089
      vertex 7.83039 -6.63319 13.9089
    endloop
  endfacet
  facet normal 0.51277 -0.855655 0.0701511
    outer loop
      vertex 8.96712 -7.1991 13.3746
      vertex 8.9002 -7.24873 13.2584
      vertex 8.97167 -7.2059 13.2584
    endloop
  endfacet
  facet normal 0.849237 0.50899 -0.140452
    outer loop
      vertex 9.23686 -6.10614 12.9882
      vertex 9.22309 -6.0729 13.0254
      vertex 9.24152 -6.10365 13.0254
    endloop
  endfacet
  facet normal 0.960465 0.2406 -0.140065
    outer loop
      vertex 9.30536 -6.27152 13.0039
      vertex 9.30459 -6.25593 13.0254
      vertex 9.3133 -6.2907 13.0254
    endloop
  endfacet
  facet normal 0.93926 0.335977 0.0700776
    outer loop
      vertex 9.28435 -6.17511 13.2584
      vertex 9.2768 -6.17824 13.3746
      vertex 9.30459 -6.25593 13.3746
    endloop
  endfacet
  facet normal 0.665 0.733516 0.140462
    outer loop
      vertex 9.09453 -5.90547 13.3746
      vertex 9.0334 -5.85005 13.3746
      vertex 9.08303 -5.91697 13.4891
    endloop
  endfacet
  facet normal 0.670008 0.73904 0.0700635
    outer loop
      vertex 9.03858 -5.84373 13.2584
      vertex 9.0334 -5.85005 13.3746
      vertex 9.09453 -5.90547 13.3746
    endloop
  endfacet
  facet normal 0.785043 0.582229 0.211465
    outer loop
      vertex 9.18557 -6.04192 13.4891
      vertex 9.13737 -5.97693 13.4891
      vertex 9.16543 -6.05537 13.6009
    endloop
  endfacet
  facet normal 0.82252 0.493105 0.283386
    outer loop
      vertex 9.16543 -6.05537 13.6009
      vertex 9.13889 -6.07311 13.7088
      vertex 9.17766 -6.13778 13.7088
    endloop
  endfacet
  facet normal 0.668838 0.606185 0.430343
    outer loop
      vertex 9.06358 -6.03748 13.8118
      vertex 8.98276 -6.01724 13.9089
      vertex 9.02775 -6.06688 13.9089
    endloop
  endfacet
  facet normal 0.883521 0.417927 0.211491
    outer loop
      vertex 9.22717 -6.11132 13.4891
      vertex 9.20581 -6.12274 13.6009
      vertex 9.23939 -6.19373 13.6009
    endloop
  endfacet
  facet normal 0.801272 -0.594184 0.0700681
    outer loop
      vertex 9.1991 -6.96712 13.3746
      vertex 9.14995 -7.0334 13.3746
      vertex 9.15627 -7.03858 13.2584
    endloop
  endfacet
  facet normal 0.967639 -0.242393 0.070147
    outer loop
      vertex 9.32464 -6.66403 13.3746
      vertex 9.30459 -6.74407 13.3746
      vertex 9.31242 -6.74644 13.2584
    endloop
  endfacet
  facet normal 0.932212 -0.333622 -0.140272
    outer loop
      vertex 9.30459 -6.74407 13.0254
      vertex 9.28242 -6.78386 12.9727
      vertex 9.29954 -6.74254 12.9882
    endloop
  endfacet
  facet normal 0.932248 -0.333468 -0.140403
    outer loop
      vertex 9.28242 -6.78386 12.9727
      vertex 9.30459 -6.74407 13.0254
      vertex 9.2768 -6.82176 13.0254
    endloop
  endfacet
  facet normal -0.582204 0.785067 0.211441
    outer loop
      vertex 8.05537 -5.83457 13.6009
      vertex 7.97693 -5.86263 13.4891
      vertex 7.99229 -5.88135 13.6009
    endloop
  endfacet
  facet normal -0.336062 0.939224 0.0701428
    outer loop
      vertex 8.25356 -5.68758 13.2584
      vertex 8.17511 -5.71565 13.2584
      vertex 8.25593 -5.69541 13.3746
    endloop
  endfacet
  facet normal -0.274147 0.766217 0.581168
    outer loop
      vertex 8.31718 -5.89731 13.9992
      vertex 8.28156 -5.97263 14.0817
      vertex 8.3343 -5.95376 14.0817
    endloop
  endfacet
  facet normal -0.656345 0.724226 0.21144
    outer loop
      vertex 7.97693 -5.86263 13.4891
      vertex 7.91697 -5.91697 13.4891
      vertex 7.99229 -5.88135 13.6009
    endloop
  endfacet
  facet normal 0.0458452 0.933259 0.356266
    outer loop
      vertex 8.57532 -5.73531 13.7088
      vertex 8.5 -5.73161 13.7088
      vertex 8.57146 -5.77444 13.8118
    endloop
  endfacet
  facet normal -0.290694 0.812603 0.505146
    outer loop
      vertex 8.31718 -5.89731 13.9992
      vertex 8.23873 -5.86924 13.9089
      vertex 8.25898 -5.91813 13.9992
    endloop
  endfacet
  facet normal 0.487148 0.122069 0.864746
    outer loop
      vertex 8.84777 -6.3945 14.2757
      vertex 8.77403 -6.41688 14.3204
      vertex 8.85644 -6.4291 14.2757
    endloop
  endfacet
  facet normal 0.59278 0.087897 0.800553
    outer loop
      vertex 8.92859 -6.41475 14.2207
      vertex 8.85644 -6.4291 14.2757
      vertex 8.93488 -6.45717 14.2207
    endloop
  endfacet
  facet normal 0.663213 -0.166122 0.729761
    outer loop
      vertex 8.92859 -6.58525 14.2207
      vertex 8.91817 -6.62685 14.2207
      vertex 8.98454 -6.64698 14.1558
    endloop
  endfacet
  facet normal 0.579584 -0.639487 0.505112
    outer loop
      vertex 8.98276 -6.98276 13.9089
      vertex 8.89955 -6.98685 13.9992
      vertex 8.93312 -7.02775 13.9089
    endloop
  endfacet
  facet normal 0.81602 -0.385931 0.430312
    outer loop
      vertex 9.17357 -6.779 13.8118
      vertex 9.10211 -6.82183 13.9089
      vertex 9.14298 -6.84368 13.8118
    endloop
  endfacet
  facet normal 0.906423 -0.226965 0.356207
    outer loop
      vertex 9.21506 -6.64223 13.8118
      vertex 9.19768 -6.71164 13.8118
      vertex 9.2353 -6.72305 13.7088
    endloop
  endfacet
  facet normal 0.879802 0.314746 0.356208
    outer loop
      vertex 9.2099 -6.20595 13.7088
      vertex 9.19768 -6.28836 13.8118
      vertex 9.2353 -6.27695 13.7088
    endloop
  endfacet
  facet normal 0.901605 -0.0443258 0.430282
    outer loop
      vertex 9.18273 -6.5 13.9089
      vertex 9.17944 -6.56692 13.9089
      vertex 9.22907 -6.5 13.8118
    endloop
  endfacet
  facet normal 0.933258 0.0458401 0.356269
    outer loop
      vertex 9.26839 -6.5 13.7088
      vertex 9.22556 -6.42854 13.8118
      vertex 9.22907 -6.5 13.8118
    endloop
  endfacet
  facet normal 0.849916 -0.304051 0.430343
    outer loop
      vertex 9.15333 -6.69818 13.9089
      vertex 9.13076 -6.76127 13.9089
      vertex 9.19768 -6.71164 13.8118
    endloop
  endfacet
  facet normal 0.93926 -0.335977 0.0700776
    outer loop
      vertex 9.30459 -6.74407 13.3746
      vertex 9.2768 -6.82176 13.3746
      vertex 9.28435 -6.82489 13.2584
    endloop
  endfacet
  facet normal 0.979352 -0.145361 0.140496
    outer loop
      vertex 9.32056 -6.58082 13.4891
      vertex 9.30868 -6.66086 13.4891
      vertex 9.33675 -6.58241 13.3746
    endloop
  endfacet
  facet normal 0.94811 -0.237432 0.211455
    outer loop
      vertex 9.28493 -6.65613 13.6009
      vertex 9.26585 -6.73232 13.6009
      vertex 9.30868 -6.66086 13.4891
    endloop
  endfacet
  facet normal 0.901759 0.426519 -0.0700799
    outer loop
      vertex 9.2768 -6.17824 13.0254
      vertex 9.24152 -6.10365 13.0254
      vertex 9.28435 -6.17511 13.1416
    endloop
  endfacet
  facet normal 0.986735 0.146418 0.0701194
    outer loop
      vertex 9.33266 -6.33437 13.2584
      vertex 9.32464 -6.33597 13.3746
      vertex 9.34489 -6.41679 13.2584
    endloop
  endfacet
  facet normal 0.369073 -0.780142 0.505137
    outer loop
      vertex 8.79689 -7.05544 13.9992
      vertex 8.76127 -7.13076 13.9089
      vertex 8.82183 -7.10211 13.9089
    endloop
  endfacet
  facet normal 0.385931 -0.81602 0.430312
    outer loop
      vertex 8.82183 -7.10211 13.9089
      vertex 8.779 -7.17357 13.8118
      vertex 8.84368 -7.14298 13.8118
    endloop
  endfacet
  facet normal 0.740282 -0.443628 0.50515
    outer loop
      vertex 9.10211 -6.82183 13.9089
      vertex 9.02367 -6.8499 13.9992
      vertex 9.06767 -6.8793 13.9089
    endloop
  endfacet
  facet normal 0.407284 -0.549145 0.729767
    outer loop
      vertex 8.82122 -6.89141 14.1558
      vertex 8.74278 -6.86334 14.2207
      vertex 8.78131 -6.92101 14.1558
    endloop
  endfacet
  facet normal -0.146418 -0.986735 0.0701194
    outer loop
      vertex 8.33597 -7.32464 13.3746
      vertex 8.33437 -7.33266 13.2584
      vertex 8.41679 -7.34489 13.2584
    endloop
  endfacet
  facet normal 0.582204 -0.785067 0.211441
    outer loop
      vertex 9.00771 -7.11865 13.6009
      vertex 8.94463 -7.16543 13.6009
      vertex 9.02307 -7.13737 13.4891
    endloop
  endfacet
  facet normal 0.242959 -0.970036 0
    outer loop
      vertex 8.66563 -7.33266 13.1416
      vertex 8.74644 -7.31242 13.2584
      vertex 8.66563 -7.33266 13.2584
    endloop
  endfacet
  facet normal 0.242959 -0.970036 0
    outer loop
      vertex 8.74644 -7.31242 13.2584
      vertex 8.66563 -7.33266 13.1416
      vertex 8.74644 -7.31242 13.1416
    endloop
  endfacet
  facet normal 0.514037 -0.857768 0
    outer loop
      vertex 8.9002 -7.24873 13.1416
      vertex 8.97167 -7.2059 13.2584
      vertex 8.9002 -7.24873 13.2584
    endloop
  endfacet
  facet normal 0.514037 -0.857768 0
    outer loop
      vertex 8.97167 -7.2059 13.2584
      vertex 8.9002 -7.24873 13.1416
      vertex 8.97167 -7.2059 13.1416
    endloop
  endfacet
  facet normal 0.795274 -0.589736 0.140535
    outer loop
      vertex 9.18557 -6.95808 13.4891
      vertex 9.14995 -7.0334 13.3746
      vertex 9.1991 -6.96712 13.3746
    endloop
  endfacet
  facet normal 0.145361 -0.979352 0.140496
    outer loop
      vertex 8.66086 -7.30868 13.4891
      vertex 8.58082 -7.32056 13.4891
      vertex 8.58241 -7.33675 13.3746
    endloop
  endfacet
  facet normal 0.140785 -0.948617 0.283381
    outer loop
      vertex 8.65613 -7.28493 13.6009
      vertex 8.57532 -7.26469 13.7088
      vertex 8.57844 -7.29646 13.6009
    endloop
  endfacet
  facet normal 0.804998 -0.11942 0.581135
    outer loop
      vertex 9.12678 -6.56173 13.9992
      vertex 9.05986 -6.61136 14.0817
      vertex 9.11771 -6.62287 13.9992
    endloop
  endfacet
  facet normal 0.60293 -0.546559 0.581162
    outer loop
      vertex 8.94125 -6.86213 14.0817
      vertex 8.90363 -6.90363 14.0817
      vertex 8.98685 -6.89955 13.9992
    endloop
  endfacet
  facet normal 0.403374 -0.29915 0.864753
    outer loop
      vertex 8.80217 -6.70191 14.2757
      vertex 8.72136 -6.68166 14.3204
      vertex 8.78093 -6.73055 14.2757
    endloop
  endfacet
  facet normal 0.766217 -0.2741 0.581188
    outer loop
      vertex 9.10269 -6.68282 13.9992
      vertex 9.02737 -6.71844 14.0817
      vertex 9.08187 -6.74102 13.9992
    endloop
  endfacet
  facet normal 0.693232 -0.514095 0.505109
    outer loop
      vertex 9.02367 -6.8499 13.9992
      vertex 8.98685 -6.89955 13.9992
      vertex 9.02775 -6.93312 13.9089
    endloop
  endfacet
  facet normal 0.780142 -0.369073 0.505137
    outer loop
      vertex 9.13076 -6.76127 13.9089
      vertex 9.05544 -6.79689 13.9992
      vertex 9.10211 -6.82183 13.9089
    endloop
  endfacet
  facet normal 0.201127 0.335676 0.920255
    outer loop
      vertex 8.63499 -6.24746 14.3204
      vertex 8.59736 -6.31785 14.3543
      vertex 8.65909 -6.2619 14.3204
    endloop
  endfacet
  facet normal 0.00671041 -0.137228 0.990517
    outer loop
      vertex 8.50409 -6.54151 14.3886
      vertex 8.5 -6.54171 14.3886
      vertex 8.51222 -6.62412 14.3771
    endloop
  endfacet
  facet normal 0.472836 -0.169227 0.864748
    outer loop
      vertex 8.77403 -6.58312 14.3204
      vertex 8.76456 -6.60958 14.3204
      vertex 8.84777 -6.6055 14.2757
    endloop
  endfacet
  facet normal 0.643711 -0.230352 0.729777
    outer loop
      vertex 8.91817 -6.62685 14.2207
      vertex 8.90372 -6.66723 14.2207
      vertex 8.9678 -6.69377 14.1558
    endloop
  endfacet
  facet normal 0.131811 0.368414 0.92027
    outer loop
      vertex 8.58312 -6.22597 14.3204
      vertex 8.55995 -6.30236 14.3543
      vertex 8.57904 -6.30919 14.3543
    endloop
  endfacet
  facet normal 0.513973 0.308149 0.800547
    outer loop
      vertex 8.88539 -6.29401 14.2207
      vertex 8.80217 -6.29809 14.2757
      vertex 8.82051 -6.32868 14.2757
    endloop
  endfacet
  facet normal 0.812598 0.290701 0.505151
    outer loop
      vertex 9.13076 -6.23873 13.9089
      vertex 9.10269 -6.31718 13.9992
      vertex 9.15333 -6.30182 13.9089
    endloop
  endfacet
  facet normal 0.698029 0.418343 0.581158
    outer loop
      vertex 9.02367 -6.1501 13.9992
      vertex 9.00342 -6.23092 14.0817
      vertex 9.05544 -6.20311 13.9992
    endloop
  endfacet
  facet normal 0.627539 0.692318 0.356217
    outer loop
      vertex 8.98746 -5.90603 13.7088
      vertex 8.96252 -5.93642 13.8118
      vertex 9.01553 -5.98447 13.8118
    endloop
  endfacet
  facet normal 0.418366 0.698002 0.581174
    outer loop
      vertex 8.8499 -5.97633 13.9992
      vertex 8.76908 -5.99658 14.0817
      vertex 8.81713 -6.02538 14.0817
    endloop
  endfacet
  facet normal 0.410077 0.866926 0.283332
    outer loop
      vertex 8.87726 -5.79419 13.6009
      vertex 8.80627 -5.76061 13.6009
      vertex 8.86222 -5.82234 13.7088
    endloop
  endfacet
  facet normal -0.219347 0.875638 0.430285
    outer loop
      vertex 8.35777 -5.78494 13.8118
      vertex 8.30182 -5.84667 13.9089
      vertex 8.36681 -5.83039 13.9089
    endloop
  endfacet
  facet normal 0.407261 0.54918 0.729754
    outer loop
      vertex 8.82122 -6.10859 14.1558
      vertex 8.74278 -6.13666 14.2207
      vertex 8.77722 -6.1622 14.2207
    endloop
  endfacet
  facet normal 0.166085 0.663238 0.729747
    outer loop
      vertex 8.59878 -6.00339 14.1558
      vertex 8.58525 -6.07141 14.2207
      vertex 8.64698 -6.01546 14.1558
    endloop
  endfacet
  facet normal 0.143497 0.966795 0.211461
    outer loop
      vertex 8.58082 -5.67944 13.4891
      vertex 8.57844 -5.70354 13.6009
      vertex 8.66086 -5.69132 13.4891
    endloop
  endfacet
  facet normal -0.0489726 0.996335 0.070132
    outer loop
      vertex 8.5 -5.65102 13.2584
      vertex 8.41679 -5.65511 13.2584
      vertex 8.41759 -5.66325 13.3746
    endloop
  endfacet
  facet normal 0.242393 0.967639 0.070147
    outer loop
      vertex 8.74644 -5.68758 13.2584
      vertex 8.66403 -5.67536 13.3746
      vertex 8.74407 -5.69541 13.3746
    endloop
  endfacet
  facet normal 0.145307 0.979355 0.140534
    outer loop
      vertex 8.66403 -5.67536 13.3746
      vertex 8.58241 -5.66325 13.3746
      vertex 8.66086 -5.69132 13.4891
    endloop
  endfacet
  facet normal 0.51277 0.855655 0.0701511
    outer loop
      vertex 8.97167 -5.7941 13.2584
      vertex 8.9002 -5.75127 13.2584
      vertex 8.96712 -5.8009 13.3746
    endloop
  endfacet
  facet normal 0.594279 0.801193 0.0701556
    outer loop
      vertex 8.97167 -5.7941 13.2584
      vertex 8.96712 -5.8009 13.3746
      vertex 9.03858 -5.84373 13.2584
    endloop
  endfacet
  facet normal 0.556608 0.750528 0.356224
    outer loop
      vertex 8.92689 -5.86111 13.7088
      vertex 8.90505 -5.8938 13.8118
      vertex 8.98746 -5.90603 13.7088
    endloop
  endfacet
  facet normal 0.227141 0.906332 0.356327
    outer loop
      vertex 8.64991 -5.74637 13.7088
      vertex 8.64223 -5.78494 13.8118
      vertex 8.72305 -5.7647 13.7088
    endloop
  endfacet
  facet normal 0.976212 0.0479146 0.211456
    outer loop
      vertex 9.32056 -6.41918 13.4891
      vertex 9.29646 -6.42156 13.6009
      vertex 9.30031 -6.5 13.6009
    endloop
  endfacet
  facet normal 0.902939 0.32308 0.283408
    outer loop
      vertex 9.23939 -6.19373 13.6009
      vertex 9.2353 -6.27695 13.7088
      vertex 9.26585 -6.26768 13.6009
    endloop
  endfacet
  facet normal 0.901596 0.044285 0.430306
    outer loop
      vertex 9.22556 -6.42854 13.8118
      vertex 9.17944 -6.43308 13.9089
      vertex 9.22907 -6.5 13.8118
    endloop
  endfacet
  facet normal 0.837174 0.209712 0.505134
    outer loop
      vertex 9.15333 -6.30182 13.9089
      vertex 9.11771 -6.37713 13.9992
      vertex 9.16961 -6.36681 13.9089
    endloop
  endfacet
  facet normal 0.692329 0.62752 0.356231
    outer loop
      vertex 9.04333 -5.95667 13.7088
      vertex 9.01553 -5.98447 13.8118
      vertex 9.09397 -6.01254 13.7088
    endloop
  endfacet
  facet normal 0.692318 0.627539 0.356217
    outer loop
      vertex 9.09397 -6.01254 13.7088
      vertex 9.01553 -5.98447 13.8118
      vertex 9.06358 -6.03748 13.8118
    endloop
  endfacet
  facet normal 0.94866 0.140665 0.283299
    outer loop
      vertex 9.28493 -6.34387 13.6009
      vertex 9.25363 -6.35009 13.7088
      vertex 9.26469 -6.42468 13.7088
    endloop
  endfacet
  facet normal 0.920259 0.329277 0.211424
    outer loop
      vertex 9.28902 -6.26065 13.4891
      vertex 9.23939 -6.19373 13.6009
      vertex 9.26585 -6.26768 13.6009
    endloop
  endfacet
  facet normal 0.126631 0.853699 0.505136
    outer loop
      vertex 8.63319 -5.83039 13.9089
      vertex 8.56692 -5.82056 13.9089
      vertex 8.62287 -5.88229 13.9992
    endloop
  endfacet
  facet normal 0.329277 0.920259 0.211424
    outer loop
      vertex 8.73935 -5.71098 13.4891
      vertex 8.73232 -5.73415 13.6009
      vertex 8.80627 -5.76061 13.6009
    endloop
  endfacet
  facet normal 0.314746 0.879802 0.356208
    outer loop
      vertex 8.72305 -5.7647 13.7088
      vertex 8.71164 -5.80232 13.8118
      vertex 8.79405 -5.7901 13.7088
    endloop
  endfacet
  facet normal 0.226965 0.906423 0.356207
    outer loop
      vertex 8.72305 -5.7647 13.7088
      vertex 8.64223 -5.78494 13.8118
      vertex 8.71164 -5.80232 13.8118
    endloop
  endfacet
  facet normal -0.335977 0.93926 -0.0700776
    outer loop
      vertex 8.17824 -5.7232 13.0254
      vertex 8.17511 -5.71565 13.1416
      vertex 8.25593 -5.69541 13.0254
    endloop
  endfacet
  facet normal 0.24089 0.960361 -0.140279
    outer loop
      vertex 8.74254 -5.70046 12.9882
      vertex 8.72848 -5.69464 13.0039
      vertex 8.74407 -5.69541 13.0254
    endloop
  endfacet
  facet normal 0.73917 0.66985 0.0702085
    outer loop
      vertex 9.10032 -5.89968 13.2584
      vertex 9.09453 -5.90547 13.3746
      vertex 9.15627 -5.96142 13.2584
    endloop
  endfacet
  facet normal 0.80323 0.595669 0
    outer loop
      vertex 9.15627 -5.96142 13.2584
      vertex 9.20302 -6.02446 13.2
      vertex 9.15627 -5.96142 13.2
    endloop
  endfacet
  facet normal 0.803172 0.595747 -0.000130048
    outer loop
      vertex 9.2059 -6.02833 13.2584
      vertex 9.20302 -6.02446 13.2
      vertex 9.15627 -5.96142 13.2584
    endloop
  endfacet
  facet normal 0.802233 0.597011 -0
    outer loop
      vertex 9.2059 -6.02833 13.1416
      vertex 9.20302 -6.02446 13.2
      vertex 9.2059 -6.02833 13.2584
    endloop
  endfacet
  facet normal 0.802233 0.597011 0
    outer loop
      vertex 9.20302 -6.02446 13.2
      vertex 9.2059 -6.02833 13.1416
      vertex 9.20302 -6.02446 13.1416
    endloop
  endfacet
  facet normal -0.816001 0.386038 0.430252
    outer loop
      vertex 7.89789 -6.17817 13.9089
      vertex 7.82643 -6.221 13.8118
      vertex 7.86924 -6.23873 13.9089
    endloop
  endfacet
  facet normal -0.849916 0.304051 0.430343
    outer loop
      vertex 7.86924 -6.23873 13.9089
      vertex 7.80232 -6.28836 13.8118
      vertex 7.84667 -6.30182 13.9089
    endloop
  endfacet
  facet normal -0.682906 -0.0336431 0.729731
    outer loop
      vertex 8.06301 -6.5 14.2207
      vertex 7.99366 -6.5 14.1558
      vertex 8.06512 -6.54283 14.2207
    endloop
  endfacet
  facet normal -0.698002 0.418366 0.581174
    outer loop
      vertex 8.02538 -6.18287 14.0817
      vertex 7.97633 -6.1501 13.9992
      vertex 7.99658 -6.23092 14.0817
    endloop
  endfacet
  facet normal -0.137224 0.00673767 0.990517
    outer loop
      vertex 8.37588 -6.48778 14.3771
      vertex 8.37528 -6.5 14.3771
      vertex 8.45829 -6.5 14.3886
    endloop
  endfacet
  facet normal -0.390827 0.0191166 0.920266
    outer loop
      vertex 8.29446 -6.47976 14.3543
      vertex 8.21502 -6.47193 14.3204
      vertex 8.29347 -6.5 14.3543
    endloop
  endfacet
  facet normal -0.390797 -0.0192127 0.920276
    outer loop
      vertex 8.29347 -6.5 14.3543
      vertex 8.21364 -6.5 14.3204
      vertex 8.21502 -6.52807 14.3204
    endloop
  endfacet
  facet normal -0.260718 0.0652344 0.963208
    outer loop
      vertex 8.38065 -6.4638 14.3771
      vertex 8.29744 -6.45971 14.3543
      vertex 8.37768 -6.47567 14.3771
    endloop
  endfacet
  facet normal -0.124196 0.0587414 0.990517
    outer loop
      vertex 8.46322 -6.48034 14.3886
      vertex 8.39001 -6.44121 14.3771
      vertex 8.46147 -6.48404 14.3886
    endloop
  endfacet
  facet normal 0.481322 -0.356958 0.800569
    outer loop
      vertex 8.80217 -6.70191 14.2757
      vertex 8.78093 -6.73055 14.2757
      vertex 8.86334 -6.74278 14.2207
    endloop
  endfacet
  facet normal 0.167324 -0.35372 0.920263
    outer loop
      vertex 8.63499 -6.75254 14.3204
      vertex 8.57904 -6.69081 14.3543
      vertex 8.60958 -6.76456 14.3204
    endloop
  endfacet
  facet normal -0.643744 -0.230311 0.72976
    outer loop
      vertex 8.08183 -6.62685 14.2207
      vertex 8.01546 -6.64698 14.1558
      vertex 8.0322 -6.69377 14.1558
    endloop
  endfacet
  facet normal -0.564279 -0.201816 0.800537
    outer loop
      vertex 8.15223 -6.6055 14.2757
      vertex 8.09628 -6.66723 14.2207
      vertex 8.16424 -6.63908 14.2757
    endloop
  endfacet
  facet normal 0.110351 0.0818408 0.990517
    outer loop
      vertex 8.59641 -6.42088 14.3771
      vertex 8.53224 -6.47354 14.3886
      vertex 8.53468 -6.47683 14.3886
    endloop
  endfacet
  facet normal -0.260718 -0.0652344 0.963208
    outer loop
      vertex 8.37768 -6.52433 14.3771
      vertex 8.29744 -6.54029 14.3543
      vertex 8.38065 -6.5362 14.3771
    endloop
  endfacet
  facet normal 0.399475 -0.844671 0.356301
    outer loop
      vertex 8.86222 -7.17766 13.7088
      vertex 8.779 -7.17357 13.8118
      vertex 8.79405 -7.2099 13.7088
    endloop
  endfacet
  facet normal 0.484728 -0.653664 0.581173
    outer loop
      vertex 8.86213 -6.94125 14.0817
      vertex 8.81713 -6.97462 14.0817
      vertex 8.8499 -7.02367 13.9992
    endloop
  endfacet
  facet normal 0.230352 -0.643711 0.729777
    outer loop
      vertex 8.66723 -6.90372 14.2207
      vertex 8.62685 -6.91817 14.2207
      vertex 8.69377 -6.9678 14.1558
    endloop
  endfacet
  facet normal 0.449636 -0.606249 0.655965
    outer loop
      vertex 8.82122 -6.89141 14.1558
      vertex 8.78131 -6.92101 14.1558
      vertex 8.81713 -6.97462 14.0817
    endloop
  endfacet
  facet normal -0.94866 0.140665 0.283299
    outer loop
      vertex 7.74637 -6.35009 13.7088
      vertex 7.71507 -6.34387 13.6009
      vertex 7.73531 -6.42468 13.7088
    endloop
  endfacet
  facet normal -0.948105 0.237479 0.211423
    outer loop
      vertex 7.71098 -6.26065 13.4891
      vertex 7.69132 -6.33914 13.4891
      vertex 7.73415 -6.26768 13.6009
    endloop
  endfacet
  facet normal -0.902967 0.323033 0.283373
    outer loop
      vertex 7.7901 -6.20595 13.7088
      vertex 7.76061 -6.19373 13.6009
      vertex 7.7647 -6.27695 13.7088
    endloop
  endfacet
  facet normal -0.930231 0.23313 0.283408
    outer loop
      vertex 7.7647 -6.27695 13.7088
      vertex 7.73415 -6.26768 13.6009
      vertex 7.74637 -6.35009 13.7088
    endloop
  endfacet
  facet normal -0.676325 0.100285 0.729745
    outer loop
      vertex 8.07141 -6.41475 14.2207
      vertex 8.00339 -6.40122 14.1558
      vertex 8.06512 -6.45717 14.2207
    endloop
  endfacet
  facet normal -0.740998 0.671507 0
    outer loop
      vertex 7.84373 -5.96142 13.2
      vertex 7.89968 -5.89968 13.2584
      vertex 7.89968 -5.89968 13.2
    endloop
  endfacet
  facet normal -0.740998 0.671507 0
    outer loop
      vertex 7.89968 -5.89968 13.2584
      vertex 7.84373 -5.96142 13.2
      vertex 7.84373 -5.96142 13.2584
    endloop
  endfacet
  facet normal -0.883521 0.417927 0.211491
    outer loop
      vertex 7.77283 -6.11132 13.4891
      vertex 7.76061 -6.19373 13.6009
      vertex 7.79419 -6.12274 13.6009
    endloop
  endfacet
  facet normal -0.853701 -0.126645 0.505129
    outer loop
      vertex 7.87322 -6.56173 13.9992
      vertex 7.82056 -6.56692 13.9089
      vertex 7.88229 -6.62287 13.9992
    endloop
  endfacet
  facet normal -0.933259 -0.0458452 0.356266
    outer loop
      vertex 7.77444 -6.57146 13.8118
      vertex 7.73161 -6.5 13.7088
      vertex 7.73531 -6.57532 13.7088
    endloop
  endfacet
  facet normal -0.96765 0.242372 -0.0700683
    outer loop
      vertex 7.66851 -6.33461 13.1246
      vertex 7.68758 -6.25356 13.1416
      vertex 7.67949 -6.30809 13.0647
    endloop
  endfacet
  facet normal -0.967656 0.242363 -0.0700191
    outer loop
      vertex 7.68758 -6.25356 13.1416
      vertex 7.66851 -6.33461 13.1246
      vertex 7.66734 -6.33437 13.1416
    endloop
  endfacet
  facet normal -0.96763 0.242395 -0.0702639
    outer loop
      vertex 7.67949 -6.30809 13.0647
      vertex 7.69541 -6.25593 13.0254
      vertex 7.6867 -6.2907 13.0254
    endloop
  endfacet
  facet normal -0.967617 0.242479 -0.0701473
    outer loop
      vertex 7.69541 -6.25593 13.0254
      vertex 7.67949 -6.30809 13.0647
      vertex 7.68758 -6.25356 13.1416
    endloop
  endfacet
  facet normal -0.986678 0.146864 -0.06998
    outer loop
      vertex 7.66851 -6.33461 13.1246
      vertex 7.66663 -6.33914 13.1416
      vertex 7.66734 -6.33437 13.1416
    endloop
  endfacet
  facet normal -0.770291 -0.571264 0.28339
    outer loop
      vertex 7.86111 -6.92689 13.7088
      vertex 7.83457 -6.94463 13.6009
      vertex 7.90603 -6.98746 13.7088
    endloop
  endfacet
  facet normal -0.801193 -0.594279 0.0701556
    outer loop
      vertex 7.8009 -6.96712 13.3746
      vertex 7.7941 -6.97167 13.2584
      vertex 7.84373 -7.03858 13.2584
    endloop
  endfacet
  facet normal -0.849199 -0.50903 0.140535
    outer loop
      vertex 7.81443 -6.95808 13.4891
      vertex 7.77283 -6.88868 13.4891
      vertex 7.8009 -6.96712 13.3746
    endloop
  endfacet
  facet normal -0.903985 -0.427565 0
    outer loop
      vertex 7.75127 -6.9002 13.1416
      vertex 7.71565 -6.82489 13.2584
      vertex 7.71565 -6.82489 13.1416
    endloop
  endfacet
  facet normal -0.903985 -0.427565 0
    outer loop
      vertex 7.71565 -6.82489 13.2584
      vertex 7.75127 -6.9002 13.1416
      vertex 7.75127 -6.9002 13.2584
    endloop
  endfacet
  facet normal -0.333468 -0.932248 -0.140403
    outer loop
      vertex 8.21614 -7.28242 12.9727
      vertex 8.25593 -7.30459 13.0254
      vertex 8.17824 -7.2768 13.0254
    endloop
  endfacet
  facet normal -0.333622 -0.932212 -0.140272
    outer loop
      vertex 8.25593 -7.30459 13.0254
      vertex 8.21614 -7.28242 12.9727
      vertex 8.25746 -7.29954 12.9882
    endloop
  endfacet
  facet normal -0.849905 -0.304204 0.430257
    outer loop
      vertex 7.86924 -6.76127 13.9089
      vertex 7.80232 -6.71164 13.8118
      vertex 7.82643 -6.779 13.8118
    endloop
  endfacet
  facet normal -0.837156 -0.209743 0.505152
    outer loop
      vertex 7.88229 -6.62287 13.9992
      vertex 7.84667 -6.69818 13.9089
      vertex 7.89731 -6.68282 13.9992
    endloop
  endfacet
  facet normal -0.710663 -0.25427 0.655976
    outer loop
      vertex 8.01546 -6.64698 14.1558
      vertex 7.95376 -6.6657 14.0817
      vertex 7.97263 -6.71844 14.0817
    endloop
  endfacet
  facet normal -0.789363 -0.197849 0.581172
    outer loop
      vertex 7.94014 -6.61136 14.0817
      vertex 7.89731 -6.68282 13.9992
      vertex 7.95376 -6.6657 14.0817
    endloop
  endfacet
  facet normal -0.647374 -0.38809 0.655967
    outer loop
      vertex 8.05344 -6.73869 14.1558
      vertex 8.02538 -6.81713 14.0817
      vertex 8.07899 -6.78131 14.1558
    endloop
  endfacet
  facet normal -0.698029 -0.418343 0.581158
    outer loop
      vertex 7.99658 -6.76908 14.0817
      vertex 7.94456 -6.79689 13.9992
      vertex 7.97633 -6.8499 13.9992
    endloop
  endfacet
  facet normal -0.506878 -0.559283 0.655955
    outer loop
      vertex 8.14196 -6.85804 14.1558
      vertex 8.09637 -6.90363 14.0817
      vertex 8.17878 -6.89141 14.1558
    endloop
  endfacet
  facet normal -0.653664 -0.484728 0.581173
    outer loop
      vertex 8.02538 -6.81713 14.0817
      vertex 7.97633 -6.8499 13.9992
      vertex 8.05875 -6.86213 14.0817
    endloop
  endfacet
  facet normal -0.750528 -0.556608 0.356224
    outer loop
      vertex 7.8938 -6.90505 13.8118
      vertex 7.86111 -6.92689 13.7088
      vertex 7.90603 -6.98746 13.7088
    endloop
  endfacet
  facet normal -0.314875 -0.879718 0.356301
    outer loop
      vertex 8.221 -7.17357 13.8118
      vertex 8.20595 -7.2099 13.7088
      vertex 8.28836 -7.19768 13.8118
    endloop
  endfacet
  facet normal -0.844667 -0.39948 0.356305
    outer loop
      vertex 7.82643 -6.779 13.8118
      vertex 7.82234 -6.86222 13.7088
      vertex 7.85702 -6.84368 13.8118
    endloop
  endfacet
  facet normal -0.480325 -0.801456 0.356308
    outer loop
      vertex 8.15632 -7.14298 13.8118
      vertex 8.09495 -7.1062 13.8118
      vertex 8.13778 -7.17766 13.7088
    endloop
  endfacet
  facet normal -0.866926 -0.410077 0.283332
    outer loop
      vertex 7.82234 -6.86222 13.7088
      vertex 7.76061 -6.80627 13.6009
      vertex 7.79419 -6.87726 13.6009
    endloop
  endfacet
  facet normal -0.930231 -0.23313 0.283408
    outer loop
      vertex 7.74637 -6.64991 13.7088
      vertex 7.73415 -6.73232 13.6009
      vertex 7.7647 -6.72305 13.7088
    endloop
  endfacet
  facet normal 0.323033 -0.902967 0.283373
    outer loop
      vertex 8.79405 -7.2099 13.7088
      vertex 8.72305 -7.2353 13.7088
      vertex 8.80627 -7.23939 13.6009
    endloop
  endfacet
  facet normal 0.32308 -0.902939 0.283408
    outer loop
      vertex 8.80627 -7.23939 13.6009
      vertex 8.72305 -7.2353 13.7088
      vertex 8.73232 -7.26585 13.6009
    endloop
  endfacet
  facet normal 0.304051 -0.849916 0.430343
    outer loop
      vertex 8.76127 -7.13076 13.9089
      vertex 8.69818 -7.15333 13.9089
      vertex 8.71164 -7.19768 13.8118
    endloop
  endfacet
  facet normal -0.0294058 -0.598534 0.800558
    outer loop
      vertex 8.46438 -6.86167 14.2757
      vertex 8.45717 -6.93488 14.2207
      vertex 8.5 -6.86342 14.2757
    endloop
  endfacet
  facet normal 0.0485757 -0.988888 0.140501
    outer loop
      vertex 8.58082 -7.32056 13.4891
      vertex 8.5 -7.32453 13.4891
      vertex 8.58241 -7.33675 13.3746
    endloop
  endfacet
  facet normal -0.143497 -0.966795 0.211461
    outer loop
      vertex 8.42156 -7.29646 13.6009
      vertex 8.33914 -7.30868 13.4891
      vertex 8.41918 -7.32056 13.4891
    endloop
  endfacet
  facet normal -0.137046 -0.924258 0.356322
    outer loop
      vertex 8.35777 -7.21506 13.8118
      vertex 8.35009 -7.25363 13.7088
      vertex 8.42468 -7.26469 13.7088
    endloop
  endfacet
  facet normal -0.571264 -0.770291 0.28339
    outer loop
      vertex 8.07311 -7.13889 13.7088
      vertex 8.01254 -7.09397 13.7088
      vertex 8.05537 -7.16543 13.6009
    endloop
  endfacet
  facet normal -0.232973 -0.930305 0.283296
    outer loop
      vertex 8.35009 -7.25363 13.7088
      vertex 8.26768 -7.26585 13.6009
      vertex 8.34387 -7.28493 13.6009
    endloop
  endfacet
  facet normal -0.209712 -0.837174 0.505134
    outer loop
      vertex 8.37713 -7.11771 13.9992
      vertex 8.30182 -7.15333 13.9089
      vertex 8.36681 -7.16961 13.9089
    endloop
  endfacet
  facet normal -0.132479 -0.89291 0.430303
    outer loop
      vertex 8.43308 -7.17944 13.9089
      vertex 8.35777 -7.21506 13.8118
      vertex 8.42854 -7.22556 13.8118
    endloop
  endfacet
  facet normal 0.254257 -0.710674 0.65597
    outer loop
      vertex 8.69377 -6.9678 14.1558
      vertex 8.64698 -6.98454 14.1558
      vertex 8.71844 -7.02737 14.0817
    endloop
  endfacet
  facet normal -0.50899 -0.849237 -0.140452
    outer loop
      vertex 8.10365 -7.24152 13.0254
      vertex 8.0729 -7.22309 13.0254
      vertex 8.10614 -7.23686 12.9882
    endloop
  endfacet
  facet normal -0.51277 -0.855655 0.0701511
    outer loop
      vertex 8.03288 -7.1991 13.3746
      vertex 8.02833 -7.2059 13.2584
      vertex 8.0998 -7.24873 13.2584
    endloop
  endfacet
  facet normal -0.514037 -0.857768 0
    outer loop
      vertex 8.02833 -7.2059 13.1416
      vertex 8.0998 -7.24873 13.2584
      vertex 8.02833 -7.2059 13.2584
    endloop
  endfacet
  facet normal -0.514037 -0.857768 -0
    outer loop
      vertex 8.0998 -7.24873 13.2584
      vertex 8.02833 -7.2059 13.1416
      vertex 8.0998 -7.24873 13.1416
    endloop
  endfacet
  facet normal -0.329301 -0.920254 0.211408
    outer loop
      vertex 8.19373 -7.23939 13.6009
      vertex 8.18447 -7.26176 13.4891
      vertex 8.26065 -7.28902 13.4891
    endloop
  endfacet
  facet normal -0.502505 -0.838313 0.21147
    outer loop
      vertex 8.05537 -7.16543 13.6009
      vertex 8.04192 -7.18557 13.4891
      vertex 8.11132 -7.22717 13.4891
    endloop
  endfacet
  facet normal -0.146779 -0.989169 3.72172e-05
    outer loop
      vertex 8.33437 -7.33266 13.2584
      vertex 8.33914 -7.33337 13.2
      vertex 8.41679 -7.34489 13.2584
    endloop
  endfacet
  facet normal -0.147225 -0.989103 0
    outer loop
      vertex 8.33437 -7.33266 13.1416
      vertex 8.33914 -7.33337 13.2
      vertex 8.33437 -7.33266 13.2584
    endloop
  endfacet
  facet normal -0.147225 -0.989103 -0
    outer loop
      vertex 8.33914 -7.33337 13.2
      vertex 8.33437 -7.33266 13.1416
      vertex 8.33914 -7.33337 13.1416
    endloop
  endfacet
  facet normal -0.146752 -0.989173 -0
    outer loop
      vertex 8.41679 -7.34489 13.2584
      vertex 8.33914 -7.33337 13.2
      vertex 8.41679 -7.34489 13.2
    endloop
  endfacet
  facet normal 0.146864 -0.986678 -0.06998
    outer loop
      vertex 8.66563 -7.33266 13.1416
      vertex 8.66086 -7.33337 13.1416
      vertex 8.66539 -7.33149 13.1246
    endloop
  endfacet
  facet normal 0.336062 -0.939224 -0.0701428
    outer loop
      vertex 8.74644 -7.31242 13.1416
      vertex 8.74407 -7.30459 13.0254
      vertex 8.82489 -7.28435 13.1416
    endloop
  endfacet
  facet normal -0.50902 -0.849206 0.140527
    outer loop
      vertex 8.11132 -7.22717 13.4891
      vertex 8.03288 -7.1991 13.3746
      vertex 8.10365 -7.24152 13.3746
    endloop
  endfacet
  facet normal -0.849206 -0.50902 0.140527
    outer loop
      vertex 7.77283 -6.88868 13.4891
      vertex 7.75848 -6.89635 13.3746
      vertex 7.8009 -6.96712 13.3746
    endloop
  endfacet
  facet normal -0.966795 -0.143497 0.211461
    outer loop
      vertex 7.70354 -6.57844 13.6009
      vertex 7.67944 -6.58082 13.4891
      vertex 7.69132 -6.66086 13.4891
    endloop
  endfacet
  facet normal -0.988888 -0.0485757 0.140501
    outer loop
      vertex 7.67547 -6.5 13.4891
      vertex 7.66325 -6.58241 13.3746
      vertex 7.67944 -6.58082 13.4891
    endloop
  endfacet
  facet normal -0.879802 -0.314746 0.356208
    outer loop
      vertex 7.80232 -6.71164 13.8118
      vertex 7.7647 -6.72305 13.7088
      vertex 7.7901 -6.79405 13.7088
    endloop
  endfacet
  facet normal -0.875636 -0.219256 0.430336
    outer loop
      vertex 7.84667 -6.69818 13.9089
      vertex 7.78494 -6.64223 13.8118
      vertex 7.80232 -6.71164 13.8118
    endloop
  endfacet
  facet normal -0.979352 -0.145361 0.140496
    outer loop
      vertex 7.67944 -6.58082 13.4891
      vertex 7.66325 -6.58241 13.3746
      vertex 7.69132 -6.66086 13.4891
    endloop
  endfacet
  facet normal -0.979355 -0.145307 0.140534
    outer loop
      vertex 7.69132 -6.66086 13.4891
      vertex 7.66325 -6.58241 13.3746
      vertex 7.67536 -6.66403 13.3746
    endloop
  endfacet
  facet normal -0.930305 0.232973 0.283296
    outer loop
      vertex 7.73415 -6.26768 13.6009
      vertex 7.71507 -6.34387 13.6009
      vertex 7.74637 -6.35009 13.7088
    endloop
  endfacet
  facet normal -0.906423 0.226965 0.356207
    outer loop
      vertex 7.80232 -6.28836 13.8118
      vertex 7.7647 -6.27695 13.7088
      vertex 7.78494 -6.35777 13.8118
    endloop
  endfacet
  facet normal -0.89291 0.132479 0.430303
    outer loop
      vertex 7.78494 -6.35777 13.8118
      vertex 7.77444 -6.42854 13.8118
      vertex 7.82056 -6.43308 13.9089
    endloop
  endfacet
  facet normal -0.924265 0.137131 0.35627
    outer loop
      vertex 7.78494 -6.35777 13.8118
      vertex 7.73531 -6.42468 13.7088
      vertex 7.77444 -6.42854 13.8118
    endloop
  endfacet
  facet normal -0.789408 -0.19778 0.581136
    outer loop
      vertex 7.94014 -6.61136 14.0817
      vertex 7.88229 -6.62287 13.9992
      vertex 7.89731 -6.68282 13.9992
    endloop
  endfacet
  facet normal -0.804998 -0.11942 0.581135
    outer loop
      vertex 7.94014 -6.61136 14.0817
      vertex 7.87322 -6.56173 13.9992
      vertex 7.88229 -6.62287 13.9992
    endloop
  endfacet
  facet normal 0.895029 -0.423336 -0.140389
    outer loop
      vertex 9.24152 -6.89635 13.0254
      vertex 9.25398 -6.85253 12.9727
      vertex 9.2768 -6.82176 13.0254
    endloop
  endfacet
  facet normal 0.894988 -0.423403 -0.140455
    outer loop
      vertex 9.25398 -6.85253 12.9727
      vertex 9.24152 -6.89635 13.0254
      vertex 9.23686 -6.89386 12.9882
    endloop
  endfacet
  facet normal 0.849237 -0.50899 -0.140452
    outer loop
      vertex 9.24152 -6.89635 13.0254
      vertex 9.22309 -6.9271 13.0254
      vertex 9.23686 -6.89386 12.9882
    endloop
  endfacet
  facet normal 0.93926 0.335977 -0.0700776
    outer loop
      vertex 9.30459 -6.25593 13.0254
      vertex 9.2768 -6.17824 13.0254
      vertex 9.28435 -6.17511 13.1416
    endloop
  endfacet
  facet normal 0.894988 0.423403 -0.140455
    outer loop
      vertex 9.24152 -6.10365 13.0254
      vertex 9.25398 -6.14747 12.9727
      vertex 9.23686 -6.10614 12.9882
    endloop
  endfacet
  facet normal 0.895029 0.423336 -0.140389
    outer loop
      vertex 9.25398 -6.14747 12.9727
      vertex 9.24152 -6.10365 13.0254
      vertex 9.2768 -6.17824 13.0254
    endloop
  endfacet
  facet normal 0.903985 0.427565 0
    outer loop
      vertex 9.28435 -6.17511 13.2584
      vertex 9.24873 -6.0998 13.1416
      vertex 9.24873 -6.0998 13.2584
    endloop
  endfacet
  facet normal 0.903985 0.427565 0
    outer loop
      vertex 9.24873 -6.0998 13.1416
      vertex 9.28435 -6.17511 13.2584
      vertex 9.28435 -6.17511 13.1416
    endloop
  endfacet
  facet normal 0.960361 0.24089 -0.140279
    outer loop
      vertex 9.30536 -6.27152 13.0039
      vertex 9.29954 -6.25746 12.9882
      vertex 9.30459 -6.25593 13.0254
    endloop
  endfacet
  facet normal 0.939224 0.336062 0.0701428
    outer loop
      vertex 9.31242 -6.25356 13.2584
      vertex 9.28435 -6.17511 13.2584
      vertex 9.30459 -6.25593 13.3746
    endloop
  endfacet
  facet normal 0.895094 0.423155 -0.140523
    outer loop
      vertex 9.2682 -6.1818 12.9599
      vertex 9.25398 -6.14747 12.9727
      vertex 9.2768 -6.17824 13.0254
    endloop
  endfacet
  facet normal 0.932183 0.333569 0.140595
    outer loop
      vertex 9.2768 -6.17824 13.3746
      vertex 9.26176 -6.18447 13.4891
      vertex 9.28902 -6.26065 13.4891
    endloop
  endfacet
  facet normal 0.960402 0.240581 0.14053
    outer loop
      vertex 9.32464 -6.33597 13.3746
      vertex 9.30459 -6.25593 13.3746
      vertex 9.30868 -6.33914 13.4891
    endloop
  endfacet
  facet normal 0.901762 0.426514 0.0700842
    outer loop
      vertex 9.24873 -6.0998 13.2584
      vertex 9.24152 -6.10365 13.3746
      vertex 9.28435 -6.17511 13.2584
    endloop
  endfacet
  facet normal 0.855609 0.512857 0.0700812
    outer loop
      vertex 9.24873 -6.0998 13.2584
      vertex 9.1991 -6.03288 13.3746
      vertex 9.24152 -6.10365 13.3746
    endloop
  endfacet
  facet normal 0.930305 0.232973 0.283296
    outer loop
      vertex 9.26585 -6.26768 13.6009
      vertex 9.25363 -6.35009 13.7088
      vertex 9.28493 -6.34387 13.6009
    endloop
  endfacet
  facet normal 0.932233 0.333463 0.140514
    outer loop
      vertex 9.30459 -6.25593 13.3746
      vertex 9.2768 -6.17824 13.3746
      vertex 9.28902 -6.26065 13.4891
    endloop
  endfacet
  facet normal 0.73362 0.664859 0.140585
    outer loop
      vertex 9.14995 -5.9666 13.3746
      vertex 9.08303 -5.91697 13.4891
      vertex 9.13737 -5.97693 13.4891
    endloop
  endfacet
  facet normal 0.594184 0.801272 0.0700681
    outer loop
      vertex 9.03858 -5.84373 13.2584
      vertex 8.96712 -5.8009 13.3746
      vertex 9.0334 -5.85005 13.3746
    endloop
  endfacet
  facet normal 0.740998 0.671507 0
    outer loop
      vertex 9.15627 -5.96142 13.2584
      vertex 9.10032 -5.89968 13.2
      vertex 9.10032 -5.89968 13.2584
    endloop
  endfacet
  facet normal 0.740998 0.671507 0
    outer loop
      vertex 9.10032 -5.89968 13.2
      vertex 9.15627 -5.96142 13.2584
      vertex 9.15627 -5.96142 13.2
    endloop
  endfacet
  facet normal 0.426519 0.901759 -0.0700799
    outer loop
      vertex 8.89635 -5.75848 13.0254
      vertex 8.82176 -5.7232 13.0254
      vertex 8.82489 -5.71565 13.1416
    endloop
  endfacet
  facet normal 0.502505 0.838313 0.21147
    outer loop
      vertex 8.95808 -5.81443 13.4891
      vertex 8.88868 -5.77283 13.4891
      vertex 8.94463 -5.83457 13.6009
    endloop
  endfacet
  facet normal 0.664859 0.73362 0.140585
    outer loop
      vertex 9.0334 -5.85005 13.3746
      vertex 9.02307 -5.86263 13.4891
      vertex 9.08303 -5.91697 13.4891
    endloop
  endfacet
  facet normal 0.849199 0.50903 0.140535
    outer loop
      vertex 9.1991 -6.03288 13.3746
      vertex 9.18557 -6.04192 13.4891
      vertex 9.22717 -6.11132 13.4891
    endloop
  endfacet
  facet normal 0.770291 0.571264 0.28339
    outer loop
      vertex 9.16543 -6.05537 13.6009
      vertex 9.09397 -6.01254 13.7088
      vertex 9.13889 -6.07311 13.7088
    endloop
  endfacet
  facet normal 0.901762 -0.426514 0.0700842
    outer loop
      vertex 9.28435 -6.82489 13.2584
      vertex 9.24152 -6.89635 13.3746
      vertex 9.24873 -6.9002 13.2584
    endloop
  endfacet
  facet normal 0.733516 -0.665 0.140462
    outer loop
      vertex 9.14995 -7.0334 13.3746
      vertex 9.08303 -7.08303 13.4891
      vertex 9.09453 -7.09453 13.3746
    endloop
  endfacet
  facet normal 0.996335 0.0489644 0.0701379
    outer loop
      vertex 9.34898 -6.5 13.2584
      vertex 9.33675 -6.41759 13.3746
      vertex 9.3408 -6.5 13.3746
    endloop
  endfacet
  facet normal 0.996335 -0.0489644 0.0701379
    outer loop
      vertex 9.3408 -6.5 13.3746
      vertex 9.33675 -6.58241 13.3746
      vertex 9.34898 -6.5 13.2584
    endloop
  endfacet
  facet normal -0.73904 0.670008 0.0700635
    outer loop
      vertex 7.90547 -5.90547 13.3746
      vertex 7.84373 -5.96142 13.2584
      vertex 7.85005 -5.9666 13.3746
    endloop
  endfacet
  facet normal -0.512756 0.855631 -0.0705399
    outer loop
      vertex 8.0998 -5.75127 13.1416
      vertex 8.029 -5.7951 13.1246
      vertex 8.02833 -5.7941 13.1416
    endloop
  endfacet
  facet normal -0.512871 0.855607 -0.0700013
    outer loop
      vertex 8.029 -5.7951 13.1246
      vertex 8.0998 -5.75127 13.1416
      vertex 8.05551 -5.78411 13.0647
    endloop
  endfacet
  facet normal -0.423155 0.895094 -0.140523
    outer loop
      vertex 8.1818 -5.7318 12.9599
      vertex 8.14747 -5.74602 12.9727
      vertex 8.17824 -5.7232 13.0254
    endloop
  endfacet
  facet normal -0.417819 0.883592 0.211404
    outer loop
      vertex 8.18447 -5.73824 13.4891
      vertex 8.11132 -5.77283 13.4891
      vertex 8.19373 -5.76061 13.6009
    endloop
  endfacet
  facet normal -0.335977 0.93926 0.0700776
    outer loop
      vertex 8.25593 -5.69541 13.3746
      vertex 8.17511 -5.71565 13.2584
      vertex 8.17824 -5.7232 13.3746
    endloop
  endfacet
  facet normal -0.242959 0.970036 0
    outer loop
      vertex 8.33437 -5.66734 13.1416
      vertex 8.25356 -5.68758 13.2584
      vertex 8.33437 -5.66734 13.2584
    endloop
  endfacet
  facet normal -0.242959 0.970036 0
    outer loop
      vertex 8.25356 -5.68758 13.2584
      vertex 8.33437 -5.66734 13.1416
      vertex 8.25356 -5.68758 13.1416
    endloop
  endfacet
  facet normal -0.146752 0.989173 0
    outer loop
      vertex 8.33914 -5.66663 13.2
      vertex 8.41679 -5.65511 13.2584
      vertex 8.41679 -5.65511 13.2
    endloop
  endfacet
  facet normal -0.146779 0.989169 3.72172e-05
    outer loop
      vertex 8.41679 -5.65511 13.2584
      vertex 8.33914 -5.66663 13.2
      vertex 8.33437 -5.66734 13.2584
    endloop
  endfacet
  facet normal -0.147225 0.989103 0
    outer loop
      vertex 8.33437 -5.66734 13.1416
      vertex 8.33914 -5.66663 13.2
      vertex 8.33914 -5.66663 13.1416
    endloop
  endfacet
  facet normal -0.147225 0.989103 0
    outer loop
      vertex 8.33914 -5.66663 13.2
      vertex 8.33437 -5.66734 13.1416
      vertex 8.33437 -5.66734 13.2584
    endloop
  endfacet
  facet normal -0.54918 0.407261 0.729754
    outer loop
      vertex 8.1622 -6.22278 14.2207
      vertex 8.10859 -6.17878 14.1558
      vertex 8.13666 -6.25722 14.2207
    endloop
  endfacet
  facet normal -0.556608 0.750528 0.356224
    outer loop
      vertex 8.07311 -5.86111 13.7088
      vertex 8.01254 -5.90603 13.7088
      vertex 8.09495 -5.8938 13.8118
    endloop
  endfacet
  facet normal -0.44958 0.606266 0.655987
    outer loop
      vertex 8.18287 -6.02538 14.0817
      vertex 8.13787 -6.05875 14.0817
      vertex 8.17878 -6.10859 14.1558
    endloop
  endfacet
  facet normal -0.449636 0.606249 0.655965
    outer loop
      vertex 8.18287 -6.02538 14.0817
      vertex 8.17878 -6.10859 14.1558
      vertex 8.21869 -6.07899 14.1558
    endloop
  endfacet
  facet normal 0.11942 0.804998 0.581135
    outer loop
      vertex 8.56173 -5.87322 13.9992
      vertex 8.55595 -5.93192 14.0817
      vertex 8.61136 -5.94014 14.0817
    endloop
  endfacet
  facet normal 0.0479527 0.976205 0.211482
    outer loop
      vertex 8.5 -5.67547 13.4891
      vertex 8.5 -5.69969 13.6009
      vertex 8.58082 -5.67944 13.4891
    endloop
  endfacet
  facet normal 0.849905 -0.304204 0.430257
    outer loop
      vertex 9.19768 -6.71164 13.8118
      vertex 9.13076 -6.76127 13.9089
      vertex 9.17357 -6.779 13.8118
    endloop
  endfacet
  facet normal 0.801456 -0.480325 0.356308
    outer loop
      vertex 9.14298 -6.84368 13.8118
      vertex 9.1062 -6.90505 13.8118
      vertex 9.17766 -6.86222 13.7088
    endloop
  endfacet
  facet normal 0.480453 -0.801416 0.356227
    outer loop
      vertex 8.90505 -7.1062 13.8118
      vertex 8.86222 -7.17766 13.7088
      vertex 8.92689 -7.13889 13.7088
    endloop
  endfacet
  facet normal 0.816001 -0.386038 0.430252
    outer loop
      vertex 9.13076 -6.76127 13.9089
      vertex 9.10211 -6.82183 13.9089
      vertex 9.17357 -6.779 13.8118
    endloop
  endfacet
  facet normal 0.901759 -0.426519 0.0700799
    outer loop
      vertex 9.2768 -6.82176 13.3746
      vertex 9.24152 -6.89635 13.3746
      vertex 9.28435 -6.82489 13.2584
    endloop
  endfacet
  facet normal 0.822582 -0.493036 0.283327
    outer loop
      vertex 9.17766 -6.86222 13.7088
      vertex 9.16543 -6.94463 13.6009
      vertex 9.20581 -6.87726 13.6009
    endloop
  endfacet
  facet normal 0.812603 -0.290694 0.505146
    outer loop
      vertex 9.10269 -6.68282 13.9992
      vertex 9.08187 -6.74102 13.9992
      vertex 9.13076 -6.76127 13.9089
    endloop
  endfacet
  facet normal 0.753866 -0.036911 0.65599
    outer loop
      vertex 9.00634 -6.5 14.1558
      vertex 9.00391 -6.54963 14.1558
      vertex 9.06808 -6.55595 14.0817
    endloop
  endfacet
  facet normal 0.875638 0.219347 0.430285
    outer loop
      vertex 9.21506 -6.35777 13.8118
      vertex 9.15333 -6.30182 13.9089
      vertex 9.16961 -6.36681 13.9089
    endloop
  endfacet
  facet normal 0.56421 0.201903 0.800564
    outer loop
      vertex 8.90372 -6.33277 14.2207
      vertex 8.84777 -6.3945 14.2757
      vertex 8.91817 -6.37315 14.2207
    endloop
  endfacet
  facet normal 0.924265 -0.137131 0.35627
    outer loop
      vertex 9.22556 -6.57146 13.8118
      vertex 9.21506 -6.64223 13.8118
      vertex 9.26469 -6.57532 13.7088
    endloop
  endfacet
  facet normal 0.933259 -0.0458452 0.356266
    outer loop
      vertex 9.26839 -6.5 13.7088
      vertex 9.22556 -6.57146 13.8118
      vertex 9.26469 -6.57532 13.7088
    endloop
  endfacet
  facet normal 0.976212 -0.0479146 0.211456
    outer loop
      vertex 9.30031 -6.5 13.6009
      vertex 9.29646 -6.57844 13.6009
      vertex 9.32056 -6.58082 13.4891
    endloop
  endfacet
  facet normal 0.979352 0.145361 0.140496
    outer loop
      vertex 9.33675 -6.41759 13.3746
      vertex 9.30868 -6.33914 13.4891
      vertex 9.32056 -6.41918 13.4891
    endloop
  endfacet
  facet normal 0.988888 -0.0485757 0.140501
    outer loop
      vertex 9.32453 -6.5 13.4891
      vertex 9.32056 -6.58082 13.4891
      vertex 9.33675 -6.58241 13.3746
    endloop
  endfacet
  facet normal 0.976205 -0.0479527 0.211482
    outer loop
      vertex 9.32453 -6.5 13.4891
      vertex 9.30031 -6.5 13.6009
      vertex 9.32056 -6.58082 13.4891
    endloop
  endfacet
  facet normal 0.948105 -0.237479 0.211423
    outer loop
      vertex 9.30868 -6.66086 13.4891
      vertex 9.26585 -6.73232 13.6009
      vertex 9.28902 -6.73935 13.4891
    endloop
  endfacet
  facet normal 0.895045 -0.423234 0.140596
    outer loop
      vertex 9.26176 -6.81553 13.4891
      vertex 9.22717 -6.88868 13.4891
      vertex 9.2768 -6.82176 13.3746
    endloop
  endfacet
  facet normal 0.417819 -0.883592 0.211404
    outer loop
      vertex 8.88868 -7.22717 13.4891
      vertex 8.80627 -7.23939 13.6009
      vertex 8.81553 -7.26176 13.4891
    endloop
  endfacet
  facet normal 0.423328 -0.895012 0.140527
    outer loop
      vertex 8.88868 -7.22717 13.4891
      vertex 8.82176 -7.2768 13.3746
      vertex 8.89635 -7.24152 13.3746
    endloop
  endfacet
  facet normal 0.606234 -0.668813 0.430312
    outer loop
      vertex 8.98276 -6.98276 13.9089
      vertex 8.96252 -7.06358 13.8118
      vertex 9.01553 -7.01553 13.8118
    endloop
  endfacet
  facet normal 0.693166 -0.514143 0.505151
    outer loop
      vertex 9.06767 -6.8793 13.9089
      vertex 9.02367 -6.8499 13.9992
      vertex 9.02775 -6.93312 13.9089
    endloop
  endfacet
  facet normal 0.333628 -0.932172 -0.140525
    outer loop
      vertex 8.82176 -7.2768 13.0254
      vertex 8.78386 -7.28242 12.9727
      vertex 8.8182 -7.2682 12.9599
    endloop
  endfacet
  facet normal 0.24089 -0.960361 -0.140279
    outer loop
      vertex 8.74407 -7.30459 13.0254
      vertex 8.72848 -7.30536 13.0039
      vertex 8.74254 -7.29954 12.9882
    endloop
  endfacet
  facet normal 0.242361 -0.967649 0.0701232
    outer loop
      vertex 8.74644 -7.31242 13.2584
      vertex 8.66403 -7.32464 13.3746
      vertex 8.66563 -7.33266 13.2584
    endloop
  endfacet
  facet normal 0.0470532 -0.95785 0.283389
    outer loop
      vertex 8.57532 -7.26469 13.7088
      vertex 8.5 -7.26839 13.7088
      vertex 8.57844 -7.29646 13.6009
    endloop
  endfacet
  facet normal 0.594184 -0.801272 0.0700681
    outer loop
      vertex 9.0334 -7.14995 13.3746
      vertex 8.96712 -7.1991 13.3746
      vertex 9.03858 -7.15627 13.2584
    endloop
  endfacet
  facet normal 0.855609 -0.512857 0.0700812
    outer loop
      vertex 9.24152 -6.89635 13.3746
      vertex 9.1991 -6.96712 13.3746
      vertex 9.24873 -6.9002 13.2584
    endloop
  endfacet
  facet normal 0.571251 -0.770297 0.283399
    outer loop
      vertex 8.98746 -7.09397 13.7088
      vertex 8.94463 -7.16543 13.6009
      vertex 9.00771 -7.11865 13.6009
    endloop
  endfacet
  facet normal 0.443628 -0.740282 0.50515
    outer loop
      vertex 8.8499 -7.02367 13.9992
      vertex 8.82183 -7.10211 13.9089
      vertex 8.8793 -7.06767 13.9089
    endloop
  endfacet
  facet normal 0.502473 -0.838327 0.211493
    outer loop
      vertex 8.94463 -7.16543 13.6009
      vertex 8.87726 -7.20581 13.6009
      vertex 8.88868 -7.22717 13.4891
    endloop
  endfacet
  facet normal 0.735609 -0.347989 0.581191
    outer loop
      vertex 9.08187 -6.74102 13.9992
      vertex 9.02737 -6.71844 14.0817
      vertex 9.05544 -6.79689 13.9992
    endloop
  endfacet
  facet normal 0.58641 -0.351463 0.729793
    outer loop
      vertex 8.88539 -6.70599 14.2207
      vertex 8.86334 -6.74278 14.2207
      vertex 8.94656 -6.73869 14.1558
    endloop
  endfacet
  facet normal 0.647423 -0.38805 0.655942
    outer loop
      vertex 9.00342 -6.76908 14.0817
      vertex 8.94656 -6.73869 14.1558
      vertex 8.97462 -6.81713 14.0817
    endloop
  endfacet
  facet normal 0.710663 -0.25427 0.655976
    outer loop
      vertex 9.04624 -6.6657 14.0817
      vertex 8.98454 -6.64698 14.1558
      vertex 9.02737 -6.71844 14.0817
    endloop
  endfacet
  facet normal 0.546559 -0.60293 0.581162
    outer loop
      vertex 8.90363 -6.90363 14.0817
      vertex 8.86213 -6.94125 14.0817
      vertex 8.89955 -6.98685 13.9992
    endloop
  endfacet
  facet normal 0.653658 -0.484747 0.581164
    outer loop
      vertex 9.02367 -6.8499 13.9992
      vertex 8.94125 -6.86213 14.0817
      vertex 8.98685 -6.89955 13.9992
    endloop
  endfacet
  facet normal -0.453937 0.214732 0.864772
    outer loop
      vertex 8.24746 -6.36501 14.3204
      vertex 8.17949 -6.32868 14.2757
      vertex 8.23544 -6.39042 14.3204
    endloop
  endfacet
  facet normal -0.137224 -0.00673767 0.990517
    outer loop
      vertex 8.45829 -6.5 14.3886
      vertex 8.37528 -6.5 14.3771
      vertex 8.37588 -6.51222 14.3771
    endloop
  endfacet
  facet normal 0.753863 0.0369184 0.655993
    outer loop
      vertex 9.06808 -6.44405 14.0817
      vertex 9.00634 -6.5 14.1558
      vertex 9.07082 -6.5 14.0817
    endloop
  endfacet
  facet normal 0.812829 -0.0398975 0.581135
    outer loop
      vertex 9.12981 -6.5 13.9992
      vertex 9.06808 -6.55595 14.0817
      vertex 9.12678 -6.56173 13.9992
    endloop
  endfacet
  facet normal 0 0 1
    outer loop
      vertex 8.53 -6.5 14.3886
      vertex 8.54171 -6.5 14.3886
      vertex 8.54151 -6.49591 14.3886
    endloop
  endfacet
  facet normal 0 0 1
    outer loop
      vertex 8.52985 -6.49706 14.3886
      vertex 8.54151 -6.49591 14.3886
      vertex 8.54091 -6.49186 14.3886
    endloop
  endfacet
  facet normal 0 0 1
    outer loop
      vertex 8.54171 -6.5 14.3886
      vertex 8.53 -6.5 14.3886
      vertex 8.54151 -6.50409 14.3886
    endloop
  endfacet
  facet normal 0 0 1
    outer loop
      vertex 8.52942 -6.49415 14.3886
      vertex 8.54091 -6.49186 14.3886
      vertex 8.53991 -6.48789 14.3886
    endloop
  endfacet
  facet normal -0 0 1
    outer loop
      vertex 8.52985 -6.50294 14.3886
      vertex 8.54151 -6.50409 14.3886
      vertex 8.53 -6.5 14.3886
    endloop
  endfacet
  facet normal 0 0 1
    outer loop
      vertex 8.52871 -6.49129 14.3886
      vertex 8.53991 -6.48789 14.3886
      vertex 8.53853 -6.48404 14.3886
    endloop
  endfacet
  facet normal 0 0 1
    outer loop
      vertex 8.54151 -6.50409 14.3886
      vertex 8.52985 -6.50294 14.3886
      vertex 8.54091 -6.50814 14.3886
    endloop
  endfacet
  facet normal 0 0 1
    outer loop
      vertex 8.52772 -6.48852 14.3886
      vertex 8.53853 -6.48404 14.3886
      vertex 8.53678 -6.48034 14.3886
    endloop
  endfacet
  facet normal -0 0 1
    outer loop
      vertex 8.52942 -6.50585 14.3886
      vertex 8.54091 -6.50814 14.3886
      vertex 8.52985 -6.50294 14.3886
    endloop
  endfacet
  facet normal 0 0 1
    outer loop
      vertex 8.52646 -6.48586 14.3886
      vertex 8.53678 -6.48034 14.3886
      vertex 8.53468 -6.47683 14.3886
    endloop
  endfacet
  facet normal 0 0 1
    outer loop
      vertex 8.54091 -6.50814 14.3886
      vertex 8.52942 -6.50585 14.3886
      vertex 8.53991 -6.51211 14.3886
    endloop
  endfacet
  facet normal 0 0 1
    outer loop
      vertex 8.52494 -6.48333 14.3886
      vertex 8.53468 -6.47683 14.3886
      vertex 8.53224 -6.47354 14.3886
    endloop
  endfacet
  facet normal -0 0 1
    outer loop
      vertex 8.52871 -6.50871 14.3886
      vertex 8.53991 -6.51211 14.3886
      vertex 8.52942 -6.50585 14.3886
    endloop
  endfacet
  facet normal 0 0 1
    outer loop
      vertex 8.53991 -6.51211 14.3886
      vertex 8.52871 -6.50871 14.3886
      vertex 8.53853 -6.51596 14.3886
    endloop
  endfacet
  facet normal 0 0 1
    outer loop
      vertex 8.54151 -6.49591 14.3886
      vertex 8.52985 -6.49706 14.3886
      vertex 8.53 -6.5 14.3886
    endloop
  endfacet
  facet normal 0 0 1
    outer loop
      vertex 8.52319 -6.48097 14.3886
      vertex 8.53224 -6.47354 14.3886
      vertex 8.52949 -6.47051 14.3886
    endloop
  endfacet
  facet normal 0 0 1
    outer loop
      vertex 8.54091 -6.49186 14.3886
      vertex 8.52942 -6.49415 14.3886
      vertex 8.52985 -6.49706 14.3886
    endloop
  endfacet
  facet normal 0 0 1
    outer loop
      vertex 8.53991 -6.48789 14.3886
      vertex 8.52871 -6.49129 14.3886
      vertex 8.52942 -6.49415 14.3886
    endloop
  endfacet
  facet normal 0 0 1
    outer loop
      vertex 8.53853 -6.48404 14.3886
      vertex 8.52772 -6.48852 14.3886
      vertex 8.52871 -6.49129 14.3886
    endloop
  endfacet
  facet normal 0 0 1
    outer loop
      vertex 8.52121 -6.47879 14.3886
      vertex 8.52949 -6.47051 14.3886
      vertex 8.52646 -6.46776 14.3886
    endloop
  endfacet
  facet normal 0 0 1
    outer loop
      vertex 8.53678 -6.48034 14.3886
      vertex 8.52646 -6.48586 14.3886
      vertex 8.52772 -6.48852 14.3886
    endloop
  endfacet
  facet normal 0 0 1
    outer loop
      vertex 8.53468 -6.47683 14.3886
      vertex 8.52494 -6.48333 14.3886
      vertex 8.52646 -6.48586 14.3886
    endloop
  endfacet
  facet normal 0 0 1
    outer loop
      vertex 8.53224 -6.47354 14.3886
      vertex 8.52319 -6.48097 14.3886
      vertex 8.52494 -6.48333 14.3886
    endloop
  endfacet
  facet normal 0 0 1
    outer loop
      vertex 8.51903 -6.47681 14.3886
      vertex 8.52646 -6.46776 14.3886
      vertex 8.52317 -6.46532 14.3886
    endloop
  endfacet
  facet normal 0 0 1
    outer loop
      vertex 8.52949 -6.47051 14.3886
      vertex 8.52121 -6.47879 14.3886
      vertex 8.52319 -6.48097 14.3886
    endloop
  endfacet
  facet normal 0 0 1
    outer loop
      vertex 8.51667 -6.47506 14.3886
      vertex 8.52317 -6.46532 14.3886
      vertex 8.51966 -6.46322 14.3886
    endloop
  endfacet
  facet normal 0 0 1
    outer loop
      vertex 8.52646 -6.46776 14.3886
      vertex 8.51903 -6.47681 14.3886
      vertex 8.52121 -6.47879 14.3886
    endloop
  endfacet
  facet normal 0 0 1
    outer loop
      vertex 8.52317 -6.46532 14.3886
      vertex 8.51667 -6.47506 14.3886
      vertex 8.51903 -6.47681 14.3886
    endloop
  endfacet
  facet normal 0 0 1
    outer loop
      vertex 8.51414 -6.47354 14.3886
      vertex 8.51966 -6.46322 14.3886
      vertex 8.51596 -6.46147 14.3886
    endloop
  endfacet
  facet normal 0 0 1
    outer loop
      vertex 8.51966 -6.46322 14.3886
      vertex 8.51414 -6.47354 14.3886
      vertex 8.51667 -6.47506 14.3886
    endloop
  endfacet
  facet normal 0 0 1
    outer loop
      vertex 8.51148 -6.47228 14.3886
      vertex 8.51596 -6.46147 14.3886
      vertex 8.51211 -6.46009 14.3886
    endloop
  endfacet
  facet normal 0 0 1
    outer loop
      vertex 8.51596 -6.46147 14.3886
      vertex 8.51148 -6.47228 14.3886
      vertex 8.51414 -6.47354 14.3886
    endloop
  endfacet
  facet normal 0 0 1
    outer loop
      vertex 8.51211 -6.46009 14.3886
      vertex 8.50871 -6.47129 14.3886
      vertex 8.51148 -6.47228 14.3886
    endloop
  endfacet
  facet normal 0 0 1
    outer loop
      vertex 8.50814 -6.45909 14.3886
      vertex 8.50871 -6.47129 14.3886
      vertex 8.51211 -6.46009 14.3886
    endloop
  endfacet
  facet normal 0 0 1
    outer loop
      vertex 8.50814 -6.45909 14.3886
      vertex 8.50585 -6.47058 14.3886
      vertex 8.50871 -6.47129 14.3886
    endloop
  endfacet
  facet normal 0 0 1
    outer loop
      vertex 8.50409 -6.45849 14.3886
      vertex 8.50585 -6.47058 14.3886
      vertex 8.50814 -6.45909 14.3886
    endloop
  endfacet
  facet normal 0 0 1
    outer loop
      vertex 8.50409 -6.45849 14.3886
      vertex 8.50294 -6.47015 14.3886
      vertex 8.50585 -6.47058 14.3886
    endloop
  endfacet
  facet normal 0 0 1
    outer loop
      vertex 8.5 -6.45829 14.3886
      vertex 8.50294 -6.47015 14.3886
      vertex 8.50409 -6.45849 14.3886
    endloop
  endfacet
  facet normal 0 0 1
    outer loop
      vertex 8.5 -6.45829 14.3886
      vertex 8.5 -6.47 14.3886
      vertex 8.50294 -6.47015 14.3886
    endloop
  endfacet
  facet normal 0 0 1
    outer loop
      vertex 8.5 -6.45829 14.3886
      vertex 8.49706 -6.47015 14.3886
      vertex 8.5 -6.47 14.3886
    endloop
  endfacet
  facet normal -0 0 1
    outer loop
      vertex 8.49591 -6.45849 14.3886
      vertex 8.49706 -6.47015 14.3886
      vertex 8.5 -6.45829 14.3886
    endloop
  endfacet
  facet normal 0 0 1
    outer loop
      vertex 8.49591 -6.45849 14.3886
      vertex 8.49415 -6.47058 14.3886
      vertex 8.49706 -6.47015 14.3886
    endloop
  endfacet
  facet normal -0 0 1
    outer loop
      vertex 8.49186 -6.45909 14.3886
      vertex 8.49415 -6.47058 14.3886
      vertex 8.49591 -6.45849 14.3886
    endloop
  endfacet
  facet normal 0 0 1
    outer loop
      vertex 8.49186 -6.45909 14.3886
      vertex 8.49129 -6.47129 14.3886
      vertex 8.49415 -6.47058 14.3886
    endloop
  endfacet
  facet normal -0 0 1
    outer loop
      vertex 8.48789 -6.46009 14.3886
      vertex 8.49129 -6.47129 14.3886
      vertex 8.49186 -6.45909 14.3886
    endloop
  endfacet
  facet normal 0 0 1
    outer loop
      vertex 8.49129 -6.47129 14.3886
      vertex 8.48789 -6.46009 14.3886
      vertex 8.48852 -6.47228 14.3886
    endloop
  endfacet
  facet normal -0 0 1
    outer loop
      vertex 8.48404 -6.46147 14.3886
      vertex 8.48852 -6.47228 14.3886
      vertex 8.48789 -6.46009 14.3886
    endloop
  endfacet
  facet normal 0 0 1
    outer loop
      vertex 8.48852 -6.47228 14.3886
      vertex 8.48404 -6.46147 14.3886
      vertex 8.48586 -6.47354 14.3886
    endloop
  endfacet
  facet normal -0 0 1
    outer loop
      vertex 8.48034 -6.46322 14.3886
      vertex 8.48586 -6.47354 14.3886
      vertex 8.48404 -6.46147 14.3886
    endloop
  endfacet
  facet normal 0 0 1
    outer loop
      vertex 8.48586 -6.47354 14.3886
      vertex 8.48034 -6.46322 14.3886
      vertex 8.48333 -6.47506 14.3886
    endloop
  endfacet
  facet normal -0 0 1
    outer loop
      vertex 8.47683 -6.46532 14.3886
      vertex 8.48333 -6.47506 14.3886
      vertex 8.48034 -6.46322 14.3886
    endloop
  endfacet
  facet normal 0 0 1
    outer loop
      vertex 8.48333 -6.47506 14.3886
      vertex 8.47683 -6.46532 14.3886
      vertex 8.48097 -6.47681 14.3886
    endloop
  endfacet
  facet normal -0 0 1
    outer loop
      vertex 8.47354 -6.46776 14.3886
      vertex 8.48097 -6.47681 14.3886
      vertex 8.47683 -6.46532 14.3886
    endloop
  endfacet
  facet normal 0 0 1
    outer loop
      vertex 8.48097 -6.47681 14.3886
      vertex 8.47354 -6.46776 14.3886
      vertex 8.47879 -6.47879 14.3886
    endloop
  endfacet
  facet normal -0 0 1
    outer loop
      vertex 8.47051 -6.47051 14.3886
      vertex 8.47879 -6.47879 14.3886
      vertex 8.47354 -6.46776 14.3886
    endloop
  endfacet
  facet normal 0 0 1
    outer loop
      vertex 8.47879 -6.47879 14.3886
      vertex 8.47051 -6.47051 14.3886
      vertex 8.47681 -6.48097 14.3886
    endloop
  endfacet
  facet normal -0 0 1
    outer loop
      vertex 8.46776 -6.47354 14.3886
      vertex 8.47681 -6.48097 14.3886
      vertex 8.47051 -6.47051 14.3886
    endloop
  endfacet
  facet normal 0 0 1
    outer loop
      vertex 8.47681 -6.48097 14.3886
      vertex 8.46776 -6.47354 14.3886
      vertex 8.47506 -6.48333 14.3886
    endloop
  endfacet
  facet normal -0 0 1
    outer loop
      vertex 8.46532 -6.47683 14.3886
      vertex 8.47506 -6.48333 14.3886
      vertex 8.46776 -6.47354 14.3886
    endloop
  endfacet
  facet normal 0 0 1
    outer loop
      vertex 8.47506 -6.48333 14.3886
      vertex 8.46532 -6.47683 14.3886
      vertex 8.47354 -6.48586 14.3886
    endloop
  endfacet
  facet normal -0 0 1
    outer loop
      vertex 8.46322 -6.48034 14.3886
      vertex 8.47354 -6.48586 14.3886
      vertex 8.46532 -6.47683 14.3886
    endloop
  endfacet
  facet normal 0 0 1
    outer loop
      vertex 8.47354 -6.48586 14.3886
      vertex 8.46322 -6.48034 14.3886
      vertex 8.47228 -6.48852 14.3886
    endloop
  endfacet
  facet normal -0 0 1
    outer loop
      vertex 8.46147 -6.48404 14.3886
      vertex 8.47228 -6.48852 14.3886
      vertex 8.46322 -6.48034 14.3886
    endloop
  endfacet
  facet normal 0 0 1
    outer loop
      vertex 8.47228 -6.48852 14.3886
      vertex 8.46147 -6.48404 14.3886
      vertex 8.47129 -6.49129 14.3886
    endloop
  endfacet
  facet normal -0 0 1
    outer loop
      vertex 8.52772 -6.51148 14.3886
      vertex 8.53853 -6.51596 14.3886
      vertex 8.52871 -6.50871 14.3886
    endloop
  endfacet
  facet normal 0 0 1
    outer loop
      vertex 8.53853 -6.51596 14.3886
      vertex 8.52772 -6.51148 14.3886
      vertex 8.53678 -6.51966 14.3886
    endloop
  endfacet
  facet normal -0 0 1
    outer loop
      vertex 8.52646 -6.51414 14.3886
      vertex 8.53678 -6.51966 14.3886
      vertex 8.52772 -6.51148 14.3886
    endloop
  endfacet
  facet normal 0 0 1
    outer loop
      vertex 8.53678 -6.51966 14.3886
      vertex 8.52646 -6.51414 14.3886
      vertex 8.53468 -6.52317 14.3886
    endloop
  endfacet
  facet normal -0 0 1
    outer loop
      vertex 8.52494 -6.51667 14.3886
      vertex 8.53468 -6.52317 14.3886
      vertex 8.52646 -6.51414 14.3886
    endloop
  endfacet
  facet normal 0 0 1
    outer loop
      vertex 8.53468 -6.52317 14.3886
      vertex 8.52494 -6.51667 14.3886
      vertex 8.53224 -6.52646 14.3886
    endloop
  endfacet
  facet normal -0 0 1
    outer loop
      vertex 8.52319 -6.51903 14.3886
      vertex 8.53224 -6.52646 14.3886
      vertex 8.52494 -6.51667 14.3886
    endloop
  endfacet
  facet normal 0 0 1
    outer loop
      vertex 8.53224 -6.52646 14.3886
      vertex 8.52319 -6.51903 14.3886
      vertex 8.52949 -6.52949 14.3886
    endloop
  endfacet
  facet normal -0 0 1
    outer loop
      vertex 8.52121 -6.52121 14.3886
      vertex 8.52949 -6.52949 14.3886
      vertex 8.52319 -6.51903 14.3886
    endloop
  endfacet
  facet normal 0 0 1
    outer loop
      vertex 8.52949 -6.52949 14.3886
      vertex 8.52121 -6.52121 14.3886
      vertex 8.52646 -6.53224 14.3886
    endloop
  endfacet
  facet normal -0 0 1
    outer loop
      vertex 8.51903 -6.52319 14.3886
      vertex 8.52646 -6.53224 14.3886
      vertex 8.52121 -6.52121 14.3886
    endloop
  endfacet
  facet normal 0 0 1
    outer loop
      vertex 8.52646 -6.53224 14.3886
      vertex 8.51903 -6.52319 14.3886
      vertex 8.52317 -6.53468 14.3886
    endloop
  endfacet
  facet normal -0 0 1
    outer loop
      vertex 8.51667 -6.52494 14.3886
      vertex 8.52317 -6.53468 14.3886
      vertex 8.51903 -6.52319 14.3886
    endloop
  endfacet
  facet normal 0 0 1
    outer loop
      vertex 8.52317 -6.53468 14.3886
      vertex 8.51667 -6.52494 14.3886
      vertex 8.51966 -6.53678 14.3886
    endloop
  endfacet
  facet normal -0 0 1
    outer loop
      vertex 8.51414 -6.52646 14.3886
      vertex 8.51966 -6.53678 14.3886
      vertex 8.51667 -6.52494 14.3886
    endloop
  endfacet
  facet normal 0 0 1
    outer loop
      vertex 8.51966 -6.53678 14.3886
      vertex 8.51414 -6.52646 14.3886
      vertex 8.51596 -6.53853 14.3886
    endloop
  endfacet
  facet normal -0 0 1
    outer loop
      vertex 8.51148 -6.52772 14.3886
      vertex 8.51596 -6.53853 14.3886
      vertex 8.51414 -6.52646 14.3886
    endloop
  endfacet
  facet normal 0 0 1
    outer loop
      vertex 8.51596 -6.53853 14.3886
      vertex 8.51148 -6.52772 14.3886
      vertex 8.51211 -6.53991 14.3886
    endloop
  endfacet
  facet normal -0 0 1
    outer loop
      vertex 8.50871 -6.52871 14.3886
      vertex 8.51211 -6.53991 14.3886
      vertex 8.51148 -6.52772 14.3886
    endloop
  endfacet
  facet normal 0 0 1
    outer loop
      vertex 8.50871 -6.52871 14.3886
      vertex 8.50814 -6.54091 14.3886
      vertex 8.51211 -6.53991 14.3886
    endloop
  endfacet
  facet normal -0 0 1
    outer loop
      vertex 8.50585 -6.52942 14.3886
      vertex 8.50814 -6.54091 14.3886
      vertex 8.50871 -6.52871 14.3886
    endloop
  endfacet
  facet normal 0 0 1
    outer loop
      vertex 8.50585 -6.52942 14.3886
      vertex 8.50409 -6.54151 14.3886
      vertex 8.50814 -6.54091 14.3886
    endloop
  endfacet
  facet normal -0 0 1
    outer loop
      vertex 8.50294 -6.52985 14.3886
      vertex 8.50409 -6.54151 14.3886
      vertex 8.50585 -6.52942 14.3886
    endloop
  endfacet
  facet normal -0 0 1
    outer loop
      vertex 8.5 -6.53 14.3886
      vertex 8.50409 -6.54151 14.3886
      vertex 8.50294 -6.52985 14.3886
    endloop
  endfacet
  facet normal 0 0 1
    outer loop
      vertex 8.5 -6.53 14.3886
      vertex 8.5 -6.54171 14.3886
      vertex 8.50409 -6.54151 14.3886
    endloop
  endfacet
  facet normal 0 0 1
    outer loop
      vertex 8.49706 -6.52985 14.3886
      vertex 8.5 -6.54171 14.3886
      vertex 8.5 -6.53 14.3886
    endloop
  endfacet
  facet normal 0 0 1
    outer loop
      vertex 8.49706 -6.52985 14.3886
      vertex 8.49591 -6.54151 14.3886
      vertex 8.5 -6.54171 14.3886
    endloop
  endfacet
  facet normal 0 0 1
    outer loop
      vertex 8.49415 -6.52942 14.3886
      vertex 8.49591 -6.54151 14.3886
      vertex 8.49706 -6.52985 14.3886
    endloop
  endfacet
  facet normal 0 0 1
    outer loop
      vertex 8.49415 -6.52942 14.3886
      vertex 8.49186 -6.54091 14.3886
      vertex 8.49591 -6.54151 14.3886
    endloop
  endfacet
  facet normal 0 0 1
    outer loop
      vertex 8.49129 -6.52871 14.3886
      vertex 8.49186 -6.54091 14.3886
      vertex 8.49415 -6.52942 14.3886
    endloop
  endfacet
  facet normal 0 0 1
    outer loop
      vertex 8.48789 -6.53991 14.3886
      vertex 8.49129 -6.52871 14.3886
      vertex 8.48852 -6.52772 14.3886
    endloop
  endfacet
  facet normal 0 0 1
    outer loop
      vertex 8.49129 -6.52871 14.3886
      vertex 8.48789 -6.53991 14.3886
      vertex 8.49186 -6.54091 14.3886
    endloop
  endfacet
  facet normal 0 0 1
    outer loop
      vertex 8.48404 -6.53853 14.3886
      vertex 8.48852 -6.52772 14.3886
      vertex 8.48586 -6.52646 14.3886
    endloop
  endfacet
  facet normal 0 0 1
    outer loop
      vertex 8.48852 -6.52772 14.3886
      vertex 8.48404 -6.53853 14.3886
      vertex 8.48789 -6.53991 14.3886
    endloop
  endfacet
  facet normal 0 0 1
    outer loop
      vertex 8.48034 -6.53678 14.3886
      vertex 8.48586 -6.52646 14.3886
      vertex 8.48333 -6.52494 14.3886
    endloop
  endfacet
  facet normal 0 0 1
    outer loop
      vertex 8.47683 -6.53468 14.3886
      vertex 8.48333 -6.52494 14.3886
      vertex 8.48097 -6.52319 14.3886
    endloop
  endfacet
  facet normal 0 0 1
    outer loop
      vertex 8.48586 -6.52646 14.3886
      vertex 8.48034 -6.53678 14.3886
      vertex 8.48404 -6.53853 14.3886
    endloop
  endfacet
  facet normal 0 0 1
    outer loop
      vertex 8.47354 -6.53224 14.3886
      vertex 8.48097 -6.52319 14.3886
      vertex 8.47879 -6.52121 14.3886
    endloop
  endfacet
  facet normal 0 0 1
    outer loop
      vertex 8.48333 -6.52494 14.3886
      vertex 8.47683 -6.53468 14.3886
      vertex 8.48034 -6.53678 14.3886
    endloop
  endfacet
  facet normal 0 0 1
    outer loop
      vertex 8.47051 -6.52949 14.3886
      vertex 8.47879 -6.52121 14.3886
      vertex 8.47681 -6.51903 14.3886
    endloop
  endfacet
  facet normal 0 0 1
    outer loop
      vertex 8.46776 -6.52646 14.3886
      vertex 8.47681 -6.51903 14.3886
      vertex 8.47506 -6.51667 14.3886
    endloop
  endfacet
  facet normal 0 0 1
    outer loop
      vertex 8.46532 -6.52317 14.3886
      vertex 8.47506 -6.51667 14.3886
      vertex 8.47354 -6.51414 14.3886
    endloop
  endfacet
  facet normal 0 0 1
    outer loop
      vertex 8.48097 -6.52319 14.3886
      vertex 8.47354 -6.53224 14.3886
      vertex 8.47683 -6.53468 14.3886
    endloop
  endfacet
  facet normal 0 0 1
    outer loop
      vertex 8.46322 -6.51966 14.3886
      vertex 8.47354 -6.51414 14.3886
      vertex 8.47228 -6.51148 14.3886
    endloop
  endfacet
  facet normal 0 0 1
    outer loop
      vertex 8.46147 -6.51596 14.3886
      vertex 8.47228 -6.51148 14.3886
      vertex 8.47129 -6.50871 14.3886
    endloop
  endfacet
  facet normal 0 0 1
    outer loop
      vertex 8.46009 -6.51211 14.3886
      vertex 8.47129 -6.50871 14.3886
      vertex 8.47058 -6.50585 14.3886
    endloop
  endfacet
  facet normal 0 0 1
    outer loop
      vertex 8.47879 -6.52121 14.3886
      vertex 8.47051 -6.52949 14.3886
      vertex 8.47354 -6.53224 14.3886
    endloop
  endfacet
  facet normal 0 0 1
    outer loop
      vertex 8.45909 -6.50814 14.3886
      vertex 8.47058 -6.50585 14.3886
      vertex 8.47015 -6.50294 14.3886
    endloop
  endfacet
  facet normal 0 0 1
    outer loop
      vertex 8.45849 -6.50409 14.3886
      vertex 8.47015 -6.50294 14.3886
      vertex 8.47 -6.5 14.3886
    endloop
  endfacet
  facet normal -0 0 1
    outer loop
      vertex 8.46009 -6.48789 14.3886
      vertex 8.47129 -6.49129 14.3886
      vertex 8.46147 -6.48404 14.3886
    endloop
  endfacet
  facet normal 0 0 1
    outer loop
      vertex 8.47681 -6.51903 14.3886
      vertex 8.46776 -6.52646 14.3886
      vertex 8.47051 -6.52949 14.3886
    endloop
  endfacet
  facet normal 0 0 1
    outer loop
      vertex 8.47129 -6.49129 14.3886
      vertex 8.46009 -6.48789 14.3886
      vertex 8.47058 -6.49415 14.3886
    endloop
  endfacet
  facet normal 0 0 1
    outer loop
      vertex 8.47506 -6.51667 14.3886
      vertex 8.46532 -6.52317 14.3886
      vertex 8.46776 -6.52646 14.3886
    endloop
  endfacet
  facet normal -0 0 1
    outer loop
      vertex 8.45909 -6.49186 14.3886
      vertex 8.47058 -6.49415 14.3886
      vertex 8.46009 -6.48789 14.3886
    endloop
  endfacet
  facet normal 0 0 1
    outer loop
      vertex 8.47354 -6.51414 14.3886
      vertex 8.46322 -6.51966 14.3886
      vertex 8.46532 -6.52317 14.3886
    endloop
  endfacet
  facet normal 0 0 1
    outer loop
      vertex 8.47058 -6.49415 14.3886
      vertex 8.45909 -6.49186 14.3886
      vertex 8.47015 -6.49706 14.3886
    endloop
  endfacet
  facet normal 0 0 1
    outer loop
      vertex 8.47228 -6.51148 14.3886
      vertex 8.46147 -6.51596 14.3886
      vertex 8.46322 -6.51966 14.3886
    endloop
  endfacet
  facet normal -0 0 1
    outer loop
      vertex 8.45849 -6.49591 14.3886
      vertex 8.47015 -6.49706 14.3886
      vertex 8.45909 -6.49186 14.3886
    endloop
  endfacet
  facet normal 0 0 1
    outer loop
      vertex 8.47129 -6.50871 14.3886
      vertex 8.46009 -6.51211 14.3886
      vertex 8.46147 -6.51596 14.3886
    endloop
  endfacet
  facet normal 0 0 1
    outer loop
      vertex 8.47015 -6.49706 14.3886
      vertex 8.45849 -6.49591 14.3886
      vertex 8.47 -6.5 14.3886
    endloop
  endfacet
  facet normal 0 0 1
    outer loop
      vertex 8.47058 -6.50585 14.3886
      vertex 8.45909 -6.50814 14.3886
      vertex 8.46009 -6.51211 14.3886
    endloop
  endfacet
  facet normal 0 0 1
    outer loop
      vertex 8.45829 -6.5 14.3886
      vertex 8.47 -6.5 14.3886
      vertex 8.45849 -6.49591 14.3886
    endloop
  endfacet
  facet normal 0 0 1
    outer loop
      vertex 8.47015 -6.50294 14.3886
      vertex 8.45849 -6.50409 14.3886
      vertex 8.45909 -6.50814 14.3886
    endloop
  endfacet
  facet normal 0 0 1
    outer loop
      vertex 8.47 -6.5 14.3886
      vertex 8.45829 -6.5 14.3886
      vertex 8.45849 -6.50409 14.3886
    endloop
  endfacet
  facet normal 0.592776 -0.0878747 0.800559
    outer loop
      vertex 8.86167 -6.53562 14.2757
      vertex 8.85644 -6.5709 14.2757
      vertex 8.93488 -6.54283 14.2207
    endloop
  endfacet
  facet normal 0.472841 -0.169113 0.864767
    outer loop
      vertex 8.84777 -6.6055 14.2757
      vertex 8.76456 -6.60958 14.3204
      vertex 8.83576 -6.63908 14.2757
    endloop
  endfacet
  facet normal 0.598502 -0.0294849 0.800578
    outer loop
      vertex 8.93699 -6.5 14.2207
      vertex 8.86342 -6.5 14.2757
      vertex 8.93488 -6.54283 14.2207
    endloop
  endfacet
  facet normal 0.676243 -0.100439 0.7298
    outer loop
      vertex 9.00391 -6.54963 14.1558
      vertex 8.93488 -6.54283 14.2207
      vertex 8.99661 -6.59878 14.1558
    endloop
  endfacet
  facet normal 0.262865 -0.289876 0.920257
    outer loop
      vertex 8.70248 -6.70248 14.3204
      vertex 8.64604 -6.64604 14.3543
      vertex 8.68166 -6.72136 14.3204
    endloop
  endfacet
  facet normal 0.29915 0.403374 0.864753
    outer loop
      vertex 8.70191 -6.19783 14.2757
      vertex 8.68166 -6.27864 14.3204
      vertex 8.73055 -6.21907 14.2757
    endloop
  endfacet
  facet normal 0.472836 0.169227 0.864748
    outer loop
      vertex 8.84777 -6.3945 14.2757
      vertex 8.76456 -6.39042 14.3204
      vertex 8.77403 -6.41688 14.3204
    endloop
  endfacet
  facet normal 0.356958 0.481322 0.800569
    outer loop
      vertex 8.74278 -6.13666 14.2207
      vertex 8.70191 -6.19783 14.2757
      vertex 8.73055 -6.21907 14.2757
    endloop
  endfacet
  facet normal 0.559203 0.506921 0.65599
    outer loop
      vertex 8.90363 -6.09637 14.0817
      vertex 8.89141 -6.17878 14.1558
      vertex 8.94125 -6.13787 14.0817
    endloop
  endfacet
  facet normal 0.710674 0.254257 0.65597
    outer loop
      vertex 9.02737 -6.28156 14.0817
      vertex 8.9678 -6.30623 14.1558
      vertex 8.98454 -6.35302 14.1558
    endloop
  endfacet
  facet normal 0.816001 0.386038 0.430252
    outer loop
      vertex 9.17357 -6.221 13.8118
      vertex 9.10211 -6.17817 13.9089
      vertex 9.13076 -6.23873 13.9089
    endloop
  endfacet
  facet normal 0.351535 0.586395 0.72977
    outer loop
      vertex 8.78131 -6.07899 14.1558
      vertex 8.73869 -6.05344 14.1558
      vertex 8.74278 -6.13666 14.2207
    endloop
  endfacet
  facet normal 0.606249 0.449636 0.655965
    outer loop
      vertex 8.97462 -6.18287 14.0817
      vertex 8.89141 -6.17878 14.1558
      vertex 8.92101 -6.21869 14.1558
    endloop
  endfacet
  facet normal 0.753863 -0.0369184 0.655993
    outer loop
      vertex 9.07082 -6.5 14.0817
      vertex 9.00634 -6.5 14.1558
      vertex 9.06808 -6.55595 14.0817
    endloop
  endfacet
  facet normal 0.812829 0.0398975 0.581135
    outer loop
      vertex 9.12678 -6.43827 13.9992
      vertex 9.06808 -6.44405 14.0817
      vertex 9.12981 -6.5 13.9992
    endloop
  endfacet
  facet normal 0.579584 0.639487 0.505112
    outer loop
      vertex 8.93312 -5.97225 13.9089
      vertex 8.89955 -6.01315 13.9992
      vertex 8.98276 -6.01724 13.9089
    endloop
  endfacet
  facet normal 0.639487 0.579584 0.505112
    outer loop
      vertex 9.02775 -6.06688 13.9089
      vertex 8.98276 -6.01724 13.9089
      vertex 8.98685 -6.10045 13.9992
    endloop
  endfacet
  facet normal 0.656345 0.724226 0.21144
    outer loop
      vertex 9.02307 -5.86263 13.4891
      vertex 9.00771 -5.88135 13.6009
      vertex 9.08303 -5.91697 13.4891
    endloop
  endfacet
  facet normal 0.725059 0.537707 0.430303
    outer loop
      vertex 9.1062 -6.09495 13.8118
      vertex 9.06358 -6.03748 13.8118
      vertex 9.06767 -6.1207 13.9089
    endloop
  endfacet
  facet normal 0.385931 0.81602 0.430312
    outer loop
      vertex 8.84368 -5.85702 13.8118
      vertex 8.779 -5.82643 13.8118
      vertex 8.82183 -5.89789 13.9089
    endloop
  endfacet
  facet normal 0.556601 0.750536 0.356218
    outer loop
      vertex 8.98746 -5.90603 13.7088
      vertex 8.90505 -5.8938 13.8118
      vertex 8.96252 -5.93642 13.8118
    endloop
  endfacet
  facet normal 0.39948 0.844667 0.356305
    outer loop
      vertex 8.86222 -5.82234 13.7088
      vertex 8.779 -5.82643 13.8118
      vertex 8.84368 -5.85702 13.8118
    endloop
  endfacet
  facet normal 0.464039 0.774281 0.430299
    outer loop
      vertex 8.90505 -5.8938 13.8118
      vertex 8.84368 -5.85702 13.8118
      vertex 8.8793 -5.93233 13.9089
    endloop
  endfacet
  facet normal 0.323033 0.902967 0.283373
    outer loop
      vertex 8.80627 -5.76061 13.6009
      vertex 8.72305 -5.7647 13.7088
      vertex 8.79405 -5.7901 13.7088
    endloop
  endfacet
  facet normal 0.25427 0.710663 0.655976
    outer loop
      vertex 8.6657 -5.95376 14.0817
      vertex 8.64698 -6.01546 14.1558
      vertex 8.71844 -5.97263 14.0817
    endloop
  endfacet
  facet normal -0.254257 0.710674 0.65597
    outer loop
      vertex 8.35302 -6.01546 14.1558
      vertex 8.28156 -5.97263 14.0817
      vertex 8.30623 -6.0322 14.1558
    endloop
  endfacet
  facet normal -0.606249 0.449636 0.655965
    outer loop
      vertex 8.10859 -6.17878 14.1558
      vertex 8.02538 -6.18287 14.0817
      vertex 8.07899 -6.21869 14.1558
    endloop
  endfacet
  facet normal -0.230494 0.13819 0.963211
    outer loop
      vertex 8.32827 -6.38526 14.3543
      vertex 8.31785 -6.40264 14.3543
      vertex 8.3963 -6.43071 14.3771
    endloop
  endfacet
  facet normal -0.333569 0.932183 0.140595
    outer loop
      vertex 8.26065 -5.71098 13.4891
      vertex 8.17824 -5.7232 13.3746
      vertex 8.18447 -5.73824 13.4891
    endloop
  endfacet
  facet normal -0.0423114 0.862008 0.505126
    outer loop
      vertex 8.5 -5.87019 13.9992
      vertex 8.43308 -5.82056 13.9089
      vertex 8.43827 -5.87322 13.9992
    endloop
  endfacet
  facet normal 0.145361 0.979352 0.140496
    outer loop
      vertex 8.58241 -5.66325 13.3746
      vertex 8.58082 -5.67944 13.4891
      vertex 8.66086 -5.69132 13.4891
    endloop
  endfacet
  facet normal 0.0470138 0.95786 0.283363
    outer loop
      vertex 8.5 -5.69969 13.6009
      vertex 8.5 -5.73161 13.7088
      vertex 8.57844 -5.70354 13.6009
    endloop
  endfacet
  facet normal 0.335977 0.93926 0.0700776
    outer loop
      vertex 8.82489 -5.71565 13.2584
      vertex 8.74407 -5.69541 13.3746
      vertex 8.82176 -5.7232 13.3746
    endloop
  endfacet
  facet normal 0.146403 0.986736 0.0701304
    outer loop
      vertex 8.58321 -5.65511 13.2584
      vertex 8.58241 -5.66325 13.3746
      vertex 8.66403 -5.67536 13.3746
    endloop
  endfacet
  facet normal 0.50902 0.849206 0.140527
    outer loop
      vertex 8.89635 -5.75848 13.3746
      vertex 8.88868 -5.77283 13.4891
      vertex 8.96712 -5.8009 13.3746
    endloop
  endfacet
  facet normal 0.426514 0.901762 0.0700842
    outer loop
      vertex 8.9002 -5.75127 13.2584
      vertex 8.82489 -5.71565 13.2584
      vertex 8.89635 -5.75848 13.3746
    endloop
  endfacet
  facet normal 0.512756 0.855631 -0.0705399
    outer loop
      vertex 8.971 -5.7951 13.1246
      vertex 8.9002 -5.75127 13.1416
      vertex 8.97167 -5.7941 13.1416
    endloop
  endfacet
  facet normal 0.512871 0.855607 -0.0700013
    outer loop
      vertex 8.9002 -5.75127 13.1416
      vertex 8.971 -5.7951 13.1246
      vertex 8.94449 -5.78411 13.0647
    endloop
  endfacet
  facet normal 0.50903 0.849199 0.140535
    outer loop
      vertex 8.96712 -5.8009 13.3746
      vertex 8.88868 -5.77283 13.4891
      vertex 8.95808 -5.81443 13.4891
    endloop
  endfacet
  facet normal 0.423328 0.895012 0.140527
    outer loop
      vertex 8.89635 -5.75848 13.3746
      vertex 8.82176 -5.7232 13.3746
      vertex 8.88868 -5.77283 13.4891
    endloop
  endfacet
  facet normal 0.410008 0.866943 0.283378
    outer loop
      vertex 8.80627 -5.76061 13.6009
      vertex 8.79405 -5.7901 13.7088
      vertex 8.86222 -5.82234 13.7088
    endloop
  endfacet
  facet normal 0.480325 0.801456 0.356308
    outer loop
      vertex 8.86222 -5.82234 13.7088
      vertex 8.84368 -5.85702 13.8118
      vertex 8.90505 -5.8938 13.8118
    endloop
  endfacet
  facet normal 0.804998 0.11942 0.581135
    outer loop
      vertex 9.11771 -6.37713 13.9992
      vertex 9.05986 -6.38864 14.0817
      vertex 9.12678 -6.43827 13.9992
    endloop
  endfacet
  facet normal 0.837156 0.209743 0.505152
    outer loop
      vertex 9.15333 -6.30182 13.9089
      vertex 9.10269 -6.31718 13.9992
      vertex 9.11771 -6.37713 13.9992
    endloop
  endfacet
  facet normal 0.849905 0.304204 0.430257
    outer loop
      vertex 9.17357 -6.221 13.8118
      vertex 9.13076 -6.23873 13.9089
      vertex 9.19768 -6.28836 13.8118
    endloop
  endfacet
  facet normal 0.930231 0.23313 0.283408
    outer loop
      vertex 9.26585 -6.26768 13.6009
      vertex 9.2353 -6.27695 13.7088
      vertex 9.25363 -6.35009 13.7088
    endloop
  endfacet
  facet normal 0.801416 0.480453 0.356227
    outer loop
      vertex 9.13889 -6.07311 13.7088
      vertex 9.1062 -6.09495 13.8118
      vertex 9.17766 -6.13778 13.7088
    endloop
  endfacet
  facet normal 0.785067 0.582204 0.211441
    outer loop
      vertex 9.13737 -5.97693 13.4891
      vertex 9.11865 -5.99229 13.6009
      vertex 9.16543 -6.05537 13.6009
    endloop
  endfacet
  facet normal 0.902967 0.323033 0.283373
    outer loop
      vertex 9.23939 -6.19373 13.6009
      vertex 9.2099 -6.20595 13.7088
      vertex 9.2353 -6.27695 13.7088
    endloop
  endfacet
  facet normal 0.924258 0.137046 0.356322
    outer loop
      vertex 9.25363 -6.35009 13.7088
      vertex 9.21506 -6.35777 13.8118
      vertex 9.26469 -6.42468 13.7088
    endloop
  endfacet
  facet normal -0.137131 0.924265 0.35627
    outer loop
      vertex 8.42468 -5.73531 13.7088
      vertex 8.35777 -5.78494 13.8118
      vertex 8.42854 -5.77444 13.8118
    endloop
  endfacet
  facet normal 0.0878747 0.592776 0.800559
    outer loop
      vertex 8.54283 -6.06512 14.2207
      vertex 8.53562 -6.13833 14.2757
      vertex 8.5709 -6.14356 14.2757
    endloop
  endfacet
  facet normal 0.140665 0.94866 0.283299
    outer loop
      vertex 8.65613 -5.71507 13.6009
      vertex 8.57532 -5.73531 13.7088
      vertex 8.64991 -5.74637 13.7088
    endloop
  endfacet
  facet normal 0.219256 0.875636 0.430336
    outer loop
      vertex 8.71164 -5.80232 13.8118
      vertex 8.64223 -5.78494 13.8118
      vertex 8.69818 -5.84667 13.9089
    endloop
  endfacet
  facet normal 0.240581 0.960402 0.14053
    outer loop
      vertex 8.66403 -5.67536 13.3746
      vertex 8.66086 -5.69132 13.4891
      vertex 8.74407 -5.69541 13.3746
    endloop
  endfacet
  facet normal 0.336062 0.939224 0.0701428
    outer loop
      vertex 8.74644 -5.68758 13.2584
      vertex 8.74407 -5.69541 13.3746
      vertex 8.82489 -5.71565 13.2584
    endloop
  endfacet
  facet normal 0.237432 0.94811 0.211455
    outer loop
      vertex 8.66086 -5.69132 13.4891
      vertex 8.65613 -5.71507 13.6009
      vertex 8.73232 -5.73415 13.6009
    endloop
  endfacet
  facet normal 0.232973 0.930305 0.283296
    outer loop
      vertex 8.65613 -5.71507 13.6009
      vertex 8.64991 -5.74637 13.7088
      vertex 8.73232 -5.73415 13.6009
    endloop
  endfacet
  facet normal 0.671507 0.740998 -0
    outer loop
      vertex 9.10032 -5.89968 13.2
      vertex 9.03858 -5.84373 13.2584
      vertex 9.10032 -5.89968 13.2584
    endloop
  endfacet
  facet normal 0.671507 0.740998 0
    outer loop
      vertex 9.03858 -5.84373 13.2584
      vertex 9.10032 -5.89968 13.2
      vertex 9.03858 -5.84373 13.2
    endloop
  endfacet
  facet normal 0.595669 0.80323 0
    outer loop
      vertex 8.97554 -5.79698 13.2
      vertex 9.03858 -5.84373 13.2584
      vertex 9.03858 -5.84373 13.2
    endloop
  endfacet
  facet normal 0.595747 0.803172 -0.000130048
    outer loop
      vertex 9.03858 -5.84373 13.2584
      vertex 8.97554 -5.79698 13.2
      vertex 8.97167 -5.7941 13.2584
    endloop
  endfacet
  facet normal 0.597011 0.802233 0
    outer loop
      vertex 8.97167 -5.7941 13.1416
      vertex 8.97554 -5.79698 13.2
      vertex 8.97554 -5.79698 13.1416
    endloop
  endfacet
  facet normal 0.597011 0.802233 0
    outer loop
      vertex 8.97554 -5.79698 13.2
      vertex 8.97167 -5.7941 13.1416
      vertex 8.97167 -5.7941 13.2584
    endloop
  endfacet
  facet normal -0.513973 0.308149 0.800547
    outer loop
      vertex 8.19783 -6.29809 14.2757
      vertex 8.11461 -6.29401 14.2207
      vertex 8.17949 -6.32868 14.2757
    endloop
  endfacet
  facet normal -0.753866 0.036911 0.65599
    outer loop
      vertex 7.99609 -6.45037 14.1558
      vertex 7.93192 -6.44405 14.0817
      vertex 7.99366 -6.5 14.1558
    endloop
  endfacet
  facet normal -0.789408 0.19778 0.581136
    outer loop
      vertex 7.89731 -6.31718 13.9992
      vertex 7.88229 -6.37713 13.9992
      vertex 7.94014 -6.38864 14.0817
    endloop
  endfacet
  facet normal -0.853701 0.126645 0.505129
    outer loop
      vertex 7.88229 -6.37713 13.9992
      vertex 7.82056 -6.43308 13.9089
      vertex 7.87322 -6.43827 13.9992
    endloop
  endfacet
  facet normal -0.853699 0.126631 0.505136
    outer loop
      vertex 7.83039 -6.36681 13.9089
      vertex 7.82056 -6.43308 13.9089
      vertex 7.88229 -6.37713 13.9992
    endloop
  endfacet
  facet normal -0.692318 0.627539 0.356217
    outer loop
      vertex 7.98447 -5.98447 13.8118
      vertex 7.90603 -6.01254 13.7088
      vertex 7.93642 -6.03748 13.8118
    endloop
  endfacet
  facet normal -0.26844 -0.0131302 0.963207
    outer loop
      vertex 8.37528 -6.5 14.3771
      vertex 8.29347 -6.5 14.3543
      vertex 8.29446 -6.52024 14.3543
    endloop
  endfacet
  facet normal -0.268429 -0.0131798 0.963209
    outer loop
      vertex 8.37528 -6.5 14.3771
      vertex 8.29446 -6.52024 14.3543
      vertex 8.37588 -6.51222 14.3771
    endloop
  endfacet
  facet normal 0.00673767 -0.137224 0.990517
    outer loop
      vertex 8.5 -6.54171 14.3886
      vertex 8.5 -6.62472 14.3771
      vertex 8.51222 -6.62412 14.3771
    endloop
  endfacet
  facet normal 0.26844 0.0131302 0.963207
    outer loop
      vertex 8.70554 -6.47976 14.3543
      vertex 8.62472 -6.5 14.3771
      vertex 8.70653 -6.5 14.3543
    endloop
  endfacet
  facet normal -0.110351 0.0818408 0.990517
    outer loop
      vertex 8.46776 -6.47354 14.3886
      vertex 8.40359 -6.42088 14.3771
      vertex 8.46532 -6.47683 14.3886
    endloop
  endfacet
  facet normal 0.0131302 0.26844 0.963207
    outer loop
      vertex 8.5 -6.29347 14.3543
      vertex 8.5 -6.37528 14.3771
      vertex 8.52024 -6.29446 14.3543
    endloop
  endfacet
  facet normal -0.472841 0.169113 0.864767
    outer loop
      vertex 8.16424 -6.36092 14.2757
      vertex 8.15223 -6.3945 14.2757
      vertex 8.23544 -6.39042 14.3204
    endloop
  endfacet
  facet normal 0.145654 0.581271 0.800568
    outer loop
      vertex 8.62685 -6.08183 14.2207
      vertex 8.5709 -6.14356 14.2757
      vertex 8.6055 -6.15223 14.2757
    endloop
  endfacet
  facet normal 0.101738 0.0923363 0.990517
    outer loop
      vertex 8.59641 -6.42088 14.3771
      vertex 8.52949 -6.47051 14.3886
      vertex 8.53224 -6.47354 14.3886
    endloop
  endfacet
  facet normal 0.372135 -0.337216 0.864755
    outer loop
      vertex 8.78093 -6.73055 14.2757
      vertex 8.72136 -6.68166 14.3204
      vertex 8.75698 -6.75698 14.2757
    endloop
  endfacet
  facet normal 0.215825 0.160145 0.96321
    outer loop
      vertex 8.65965 -6.36898 14.3543
      vertex 8.6037 -6.43071 14.3771
      vertex 8.67173 -6.38526 14.3543
    endloop
  endfacet
  facet normal 0.00671041 0.137228 0.990517
    outer loop
      vertex 8.51222 -6.37588 14.3771
      vertex 8.5 -6.45829 14.3886
      vertex 8.50409 -6.45849 14.3886
    endloop
  endfacet
  facet normal 0.0705343 -0.117893 0.990518
    outer loop
      vertex 8.52317 -6.53468 14.3886
      vertex 8.51966 -6.53678 14.3886
      vertex 8.55879 -6.60999 14.3771
    endloop
  endfacet
  facet normal 0.0192127 -0.390797 0.920276
    outer loop
      vertex 8.5 -6.70653 14.3543
      vertex 8.5 -6.78636 14.3204
      vertex 8.52807 -6.78498 14.3204
    endloop
  endfacet
  facet normal 0.308149 -0.513973 0.800547
    outer loop
      vertex 8.70191 -6.80217 14.2757
      vertex 8.67132 -6.82051 14.2757
      vertex 8.70599 -6.88539 14.2207
    endloop
  endfacet
  facet normal 0.403366 -0.299174 0.864749
    outer loop
      vertex 8.7381 -6.65909 14.3204
      vertex 8.72136 -6.68166 14.3204
      vertex 8.80217 -6.70191 14.2757
    endloop
  endfacet
  facet normal -0.581303 -0.145605 0.800554
    outer loop
      vertex 8.14356 -6.5709 14.2757
      vertex 8.07141 -6.58525 14.2207
      vertex 8.08183 -6.62685 14.2207
    endloop
  endfacet
  facet normal -0.732118 -0.183333 0.656043
    outer loop
      vertex 8.00339 -6.59878 14.1558
      vertex 7.94014 -6.61136 14.0817
      vertex 8.01546 -6.64698 14.1558
    endloop
  endfacet
  facet normal -0.513992 -0.30806 0.800569
    outer loop
      vertex 8.19783 -6.70191 14.2757
      vertex 8.11461 -6.70599 14.2207
      vertex 8.13666 -6.74278 14.2207
    endloop
  endfacet
  facet normal -0.481322 -0.356958 0.800569
    outer loop
      vertex 8.19783 -6.70191 14.2757
      vertex 8.13666 -6.74278 14.2207
      vertex 8.21907 -6.73055 14.2757
    endloop
  endfacet
  facet normal -0.379581 -0.0949917 0.920269
    outer loop
      vertex 8.29744 -6.54029 14.3543
      vertex 8.22597 -6.58312 14.3204
      vertex 8.30236 -6.55995 14.3543
    endloop
  endfacet
  facet normal -0.0192127 -0.390797 0.920276
    outer loop
      vertex 8.5 -6.70653 14.3543
      vertex 8.47193 -6.78498 14.3204
      vertex 8.5 -6.78636 14.3204
    endloop
  endfacet
  facet normal 0.537707 -0.725059 0.430303
    outer loop
      vertex 8.96252 -7.06358 13.8118
      vertex 8.8793 -7.06767 13.9089
      vertex 8.90505 -7.1062 13.8118
    endloop
  endfacet
  facet normal 0.514095 -0.693232 0.505109
    outer loop
      vertex 8.89955 -6.98685 13.9992
      vertex 8.8499 -7.02367 13.9992
      vertex 8.93312 -7.02775 13.9089
    endloop
  endfacet
  facet normal 0.443662 -0.740274 0.505133
    outer loop
      vertex 8.8499 -7.02367 13.9992
      vertex 8.79689 -7.05544 13.9992
      vertex 8.82183 -7.10211 13.9089
    endloop
  endfacet
  facet normal 0.39948 -0.844667 0.356305
    outer loop
      vertex 8.84368 -7.14298 13.8118
      vertex 8.779 -7.17357 13.8118
      vertex 8.86222 -7.17766 13.7088
    endloop
  endfacet
  facet normal 0.351535 -0.586395 0.72977
    outer loop
      vertex 8.74278 -6.86334 14.2207
      vertex 8.73869 -6.94656 14.1558
      vertex 8.78131 -6.92101 14.1558
    endloop
  endfacet
  facet normal 0.29915 -0.403374 0.864753
    outer loop
      vertex 8.73055 -6.78093 14.2757
      vertex 8.68166 -6.72136 14.3204
      vertex 8.70191 -6.80217 14.2757
    endloop
  endfacet
  facet normal 0.290694 -0.812603 0.505146
    outer loop
      vertex 8.74102 -7.08187 13.9992
      vertex 8.68282 -7.10269 13.9992
      vertex 8.76127 -7.13076 13.9089
    endloop
  endfacet
  facet normal 0.110886 -0.74658 0.65599
    outer loop
      vertex 8.59878 -6.99661 14.1558
      vertex 8.54963 -7.00391 14.1558
      vertex 8.55595 -7.06808 14.0817
    endloop
  endfacet
  facet normal -0.979355 0.145307 0.140534
    outer loop
      vertex 7.67536 -6.33597 13.3746
      vertex 7.66325 -6.41759 13.3746
      vertex 7.69132 -6.33914 13.4891
    endloop
  endfacet
  facet normal -0.932233 0.333463 0.140514
    outer loop
      vertex 7.7232 -6.17824 13.3746
      vertex 7.69541 -6.25593 13.3746
      vertex 7.71098 -6.26065 13.4891
    endloop
  endfacet
  facet normal -0.979352 0.145361 0.140496
    outer loop
      vertex 7.69132 -6.33914 13.4891
      vertex 7.66325 -6.41759 13.3746
      vertex 7.67944 -6.41918 13.4891
    endloop
  endfacet
  facet normal -0.988888 0.0485757 0.140501
    outer loop
      vertex 7.67944 -6.41918 13.4891
      vertex 7.66325 -6.41759 13.3746
      vertex 7.67547 -6.5 13.4891
    endloop
  endfacet
  facet normal -0.647423 0.38805 0.655942
    outer loop
      vertex 8.02538 -6.18287 14.0817
      vertex 7.99658 -6.23092 14.0817
      vertex 8.05344 -6.26131 14.1558
    endloop
  endfacet
  facet normal -0.693232 0.514095 0.505109
    outer loop
      vertex 8.01315 -6.10045 13.9992
      vertex 7.97225 -6.06688 13.9089
      vertex 7.97633 -6.1501 13.9992
    endloop
  endfacet
  facet normal -0.920259 0.329277 0.211424
    outer loop
      vertex 7.76061 -6.19373 13.6009
      vertex 7.71098 -6.26065 13.4891
      vertex 7.73415 -6.26768 13.6009
    endloop
  endfacet
  facet normal -0.902939 0.32308 0.283408
    outer loop
      vertex 7.76061 -6.19373 13.6009
      vertex 7.73415 -6.26768 13.6009
      vertex 7.7647 -6.27695 13.7088
    endloop
  endfacet
  facet normal -0.93926 0.335977 0.0700776
    outer loop
      vertex 7.71565 -6.17511 13.2584
      vertex 7.69541 -6.25593 13.3746
      vertex 7.7232 -6.17824 13.3746
    endloop
  endfacet
  facet normal -0.960409 0.240561 0.140515
    outer loop
      vertex 7.69541 -6.25593 13.3746
      vertex 7.69132 -6.33914 13.4891
      vertex 7.71098 -6.26065 13.4891
    endloop
  endfacet
  facet normal -0.861983 0.0423778 0.505162
    outer loop
      vertex 7.82056 -6.43308 13.9089
      vertex 7.81727 -6.5 13.9089
      vertex 7.87019 -6.5 13.9992
    endloop
  endfacet
  facet normal -0.933258 -0.0458401 0.356269
    outer loop
      vertex 7.77093 -6.5 13.8118
      vertex 7.73161 -6.5 13.7088
      vertex 7.77444 -6.57146 13.8118
    endloop
  endfacet
  facet normal -0.996335 0.0489726 0.070132
    outer loop
      vertex 7.65511 -6.41679 13.2584
      vertex 7.65102 -6.5 13.2584
      vertex 7.66325 -6.41759 13.3746
    endloop
  endfacet
  facet normal -0.986736 0.146403 0.0701304
    outer loop
      vertex 7.67536 -6.33597 13.3746
      vertex 7.65511 -6.41679 13.2584
      vertex 7.66325 -6.41759 13.3746
    endloop
  endfacet
  facet normal -0.939224 0.336062 -0.0701428
    outer loop
      vertex 7.69541 -6.25593 13.0254
      vertex 7.68758 -6.25356 13.1416
      vertex 7.71565 -6.17511 13.1416
    endloop
  endfacet
  facet normal -0.855655 0.51277 0.0701511
    outer loop
      vertex 7.7941 -6.02833 13.2584
      vertex 7.75127 -6.0998 13.2584
      vertex 7.8009 -6.03288 13.3746
    endloop
  endfacet
  facet normal -0.589785 -0.79523 0.140581
    outer loop
      vertex 7.97693 -7.13737 13.4891
      vertex 7.9666 -7.14995 13.3746
      vertex 8.04192 -7.18557 13.4891
    endloop
  endfacet
  facet normal -0.801272 -0.594184 0.0700681
    outer loop
      vertex 7.85005 -7.0334 13.3746
      vertex 7.8009 -6.96712 13.3746
      vertex 7.84373 -7.03858 13.2584
    endloop
  endfacet
  facet normal -0.901759 -0.426519 0.0700799
    outer loop
      vertex 7.7232 -6.82176 13.3746
      vertex 7.71565 -6.82489 13.2584
      vertex 7.75848 -6.89635 13.3746
    endloop
  endfacet
  facet normal -0.960402 -0.240581 0.14053
    outer loop
      vertex 7.69132 -6.66086 13.4891
      vertex 7.67536 -6.66403 13.3746
      vertex 7.69541 -6.74407 13.3746
    endloop
  endfacet
  facet normal -0.857768 -0.514037 0
    outer loop
      vertex 7.7941 -6.97167 13.1416
      vertex 7.75127 -6.9002 13.2584
      vertex 7.75127 -6.9002 13.1416
    endloop
  endfacet
  facet normal -0.857768 -0.514037 0
    outer loop
      vertex 7.75127 -6.9002 13.2584
      vertex 7.7941 -6.97167 13.1416
      vertex 7.7941 -6.97167 13.2584
    endloop
  endfacet
  facet normal -0.423155 -0.895094 -0.140523
    outer loop
      vertex 8.17824 -7.2768 13.0254
      vertex 8.14747 -7.25398 12.9727
      vertex 8.1818 -7.2682 12.9599
    endloop
  endfacet
  facet normal -0.512819 -0.855625 -0.0701632
    outer loop
      vertex 8.10365 -7.24152 13.0254
      vertex 8.05551 -7.21589 13.0647
      vertex 8.0729 -7.22309 13.0254
    endloop
  endfacet
  facet normal -0.512771 -0.85566 -0.0700816
    outer loop
      vertex 8.05551 -7.21589 13.0647
      vertex 8.10365 -7.24152 13.0254
      vertex 8.0998 -7.24873 13.1416
    endloop
  endfacet
  facet normal -0.512756 -0.855631 -0.0705399
    outer loop
      vertex 8.029 -7.2049 13.1246
      vertex 8.0998 -7.24873 13.1416
      vertex 8.02833 -7.2059 13.1416
    endloop
  endfacet
  facet normal -0.512871 -0.855607 -0.0700013
    outer loop
      vertex 8.0998 -7.24873 13.1416
      vertex 8.029 -7.2049 13.1246
      vertex 8.05551 -7.21589 13.0647
    endloop
  endfacet
  facet normal -0.735666 -0.34793 0.581155
    outer loop
      vertex 7.97263 -6.71844 14.0817
      vertex 7.94456 -6.79689 13.9992
      vertex 7.99658 -6.76908 14.0817
    endloop
  endfacet
  facet normal -0.735609 -0.347989 0.581191
    outer loop
      vertex 7.97263 -6.71844 14.0817
      vertex 7.91813 -6.74102 13.9992
      vertex 7.94456 -6.79689 13.9992
    endloop
  endfacet
  facet normal -0.812598 -0.290701 0.505151
    outer loop
      vertex 7.89731 -6.68282 13.9992
      vertex 7.84667 -6.69818 13.9089
      vertex 7.86924 -6.76127 13.9089
    endloop
  endfacet
  facet normal -0.849916 -0.304051 0.430343
    outer loop
      vertex 7.84667 -6.69818 13.9089
      vertex 7.80232 -6.71164 13.8118
      vertex 7.86924 -6.76127 13.9089
    endloop
  endfacet
  facet normal -0.710674 -0.254257 0.65597
    outer loop
      vertex 8.01546 -6.64698 14.1558
      vertex 7.97263 -6.71844 14.0817
      vertex 8.0322 -6.69377 14.1558
    endloop
  endfacet
  facet normal -0.682326 -0.322703 0.655968
    outer loop
      vertex 8.0322 -6.69377 14.1558
      vertex 7.97263 -6.71844 14.0817
      vertex 7.99658 -6.76908 14.0817
    endloop
  endfacet
  facet normal -0.444042 -0.402377 0.800575
    outer loop
      vertex 8.21907 -6.73055 14.2757
      vertex 8.1622 -6.77722 14.2207
      vertex 8.24302 -6.75698 14.2757
    endloop
  endfacet
  facet normal -0.58641 -0.351463 0.729793
    outer loop
      vertex 8.11461 -6.70599 14.2207
      vertex 8.05344 -6.73869 14.1558
      vertex 8.13666 -6.74278 14.2207
    endloop
  endfacet
  facet normal -0.60293 -0.546559 0.581162
    outer loop
      vertex 8.05875 -6.86213 14.0817
      vertex 8.01315 -6.89955 13.9992
      vertex 8.09637 -6.90363 14.0817
    endloop
  endfacet
  facet normal -0.385931 -0.81602 0.430312
    outer loop
      vertex 8.17817 -7.10211 13.9089
      vertex 8.15632 -7.14298 13.8118
      vertex 8.221 -7.17357 13.8118
    endloop
  endfacet
  facet normal -0.606249 -0.449636 0.655965
    outer loop
      vertex 8.07899 -6.78131 14.1558
      vertex 8.02538 -6.81713 14.0817
      vertex 8.10859 -6.82122 14.1558
    endloop
  endfacet
  facet normal -0.606266 -0.44958 0.655987
    outer loop
      vertex 8.10859 -6.82122 14.1558
      vertex 8.02538 -6.81713 14.0817
      vertex 8.05875 -6.86213 14.0817
    endloop
  endfacet
  facet normal -0.11075 -0.746554 0.656043
    outer loop
      vertex 8.40122 -6.99661 14.1558
      vertex 8.38864 -7.05986 14.0817
      vertex 8.44405 -7.06808 14.0817
    endloop
  endfacet
  facet normal -0.62752 -0.692329 0.356231
    outer loop
      vertex 7.98447 -7.01553 13.8118
      vertex 7.95667 -7.04333 13.7088
      vertex 8.01254 -7.09397 13.7088
    endloop
  endfacet
  facet normal -0.795274 -0.589736 0.140535
    outer loop
      vertex 7.81443 -6.95808 13.4891
      vertex 7.8009 -6.96712 13.3746
      vertex 7.85005 -7.0334 13.3746
    endloop
  endfacet
  facet normal -0.582229 -0.785043 0.211465
    outer loop
      vertex 8.05537 -7.16543 13.6009
      vertex 7.97693 -7.13737 13.4891
      vertex 8.04192 -7.18557 13.4891
    endloop
  endfacet
  facet normal -0.879718 -0.314875 0.356301
    outer loop
      vertex 7.80232 -6.71164 13.8118
      vertex 7.7901 -6.79405 13.7088
      vertex 7.82643 -6.779 13.8118
    endloop
  endfacet
  facet normal -0.844671 -0.399475 0.356301
    outer loop
      vertex 7.82643 -6.779 13.8118
      vertex 7.7901 -6.79405 13.7088
      vertex 7.82234 -6.86222 13.7088
    endloop
  endfacet
  facet normal -0.838313 -0.502505 0.21147
    outer loop
      vertex 7.83457 -6.94463 13.6009
      vertex 7.77283 -6.88868 13.4891
      vertex 7.81443 -6.95808 13.4891
    endloop
  endfacet
  facet normal -0.725059 -0.537707 0.430303
    outer loop
      vertex 7.93233 -6.8793 13.9089
      vertex 7.8938 -6.90505 13.8118
      vertex 7.93642 -6.96252 13.8118
    endloop
  endfacet
  facet normal -0.895045 -0.423234 0.140596
    outer loop
      vertex 7.73824 -6.81553 13.4891
      vertex 7.7232 -6.82176 13.3746
      vertex 7.77283 -6.88868 13.4891
    endloop
  endfacet
  facet normal -0.920254 -0.329301 0.211408
    outer loop
      vertex 7.76061 -6.80627 13.6009
      vertex 7.71098 -6.73935 13.4891
      vertex 7.73824 -6.81553 13.4891
    endloop
  endfacet
  facet normal 0.329277 -0.920259 0.211424
    outer loop
      vertex 8.80627 -7.23939 13.6009
      vertex 8.73232 -7.26585 13.6009
      vertex 8.73935 -7.28902 13.4891
    endloop
  endfacet
  facet normal 0.314746 -0.879802 0.356208
    outer loop
      vertex 8.79405 -7.2099 13.7088
      vertex 8.71164 -7.19768 13.8118
      vertex 8.72305 -7.2353 13.7088
    endloop
  endfacet
  facet normal 0.11942 -0.804998 0.581135
    outer loop
      vertex 8.61136 -7.05986 14.0817
      vertex 8.56173 -7.12678 13.9992
      vertex 8.62287 -7.11771 13.9992
    endloop
  endfacet
  facet normal 0.0458401 -0.933258 0.356269
    outer loop
      vertex 8.5 -7.22907 13.8118
      vertex 8.5 -7.26839 13.7088
      vertex 8.57146 -7.22556 13.8118
    endloop
  endfacet
  facet normal 0.347989 -0.735609 0.581191
    outer loop
      vertex 8.79689 -7.05544 13.9992
      vertex 8.71844 -7.02737 14.0817
      vertex 8.74102 -7.08187 13.9992
    endloop
  endfacet
  facet normal 0.2741 -0.766217 0.581188
    outer loop
      vertex 8.71844 -7.02737 14.0817
      vertex 8.68282 -7.10269 13.9992
      vertex 8.74102 -7.08187 13.9992
    endloop
  endfacet
  facet normal -0.0485757 -0.988888 0.140501
    outer loop
      vertex 8.41918 -7.32056 13.4891
      vertex 8.41759 -7.33675 13.3746
      vertex 8.5 -7.32453 13.4891
    endloop
  endfacet
  facet normal -0.0485983 -0.988885 0.140517
    outer loop
      vertex 8.5 -7.32453 13.4891
      vertex 8.41759 -7.33675 13.3746
      vertex 8.5 -7.3408 13.3746
    endloop
  endfacet
  facet normal -0.237432 -0.94811 0.211455
    outer loop
      vertex 8.34387 -7.28493 13.6009
      vertex 8.26768 -7.26585 13.6009
      vertex 8.33914 -7.30868 13.4891
    endloop
  endfacet
  facet normal -0.0470532 -0.95785 0.283389
    outer loop
      vertex 8.42468 -7.26469 13.7088
      vertex 8.42156 -7.29646 13.6009
      vertex 8.5 -7.26839 13.7088
    endloop
  endfacet
  facet normal -0.230311 -0.643744 0.72976
    outer loop
      vertex 8.37315 -6.91817 14.2207
      vertex 8.30623 -6.9678 14.1558
      vertex 8.35302 -6.98454 14.1558
    endloop
  endfacet
  facet normal -0.32308 -0.902939 0.283408
    outer loop
      vertex 8.27695 -7.2353 13.7088
      vertex 8.19373 -7.23939 13.6009
      vertex 8.26768 -7.26585 13.6009
    endloop
  endfacet
  facet normal -0.514143 -0.693166 0.505151
    outer loop
      vertex 8.1501 -7.02367 13.9992
      vertex 8.06688 -7.02775 13.9089
      vertex 8.1207 -7.06767 13.9089
    endloop
  endfacet
  facet normal -0.39948 -0.844667 0.356305
    outer loop
      vertex 8.15632 -7.14298 13.8118
      vertex 8.13778 -7.17766 13.7088
      vertex 8.221 -7.17357 13.8118
    endloop
  endfacet
  facet normal -0.140785 -0.948617 0.283381
    outer loop
      vertex 8.42468 -7.26469 13.7088
      vertex 8.34387 -7.28493 13.6009
      vertex 8.42156 -7.29646 13.6009
    endloop
  endfacet
  facet normal -0.140665 -0.94866 0.283299
    outer loop
      vertex 8.35009 -7.25363 13.7088
      vertex 8.34387 -7.28493 13.6009
      vertex 8.42468 -7.26469 13.7088
    endloop
  endfacet
  facet normal -0.0423778 -0.861983 0.505162
    outer loop
      vertex 8.5 -7.12981 13.9992
      vertex 8.43308 -7.17944 13.9089
      vertex 8.5 -7.18273 13.9089
    endloop
  endfacet
  facet normal -0.13245 -0.892923 0.430285
    outer loop
      vertex 8.36681 -7.16961 13.9089
      vertex 8.35777 -7.21506 13.8118
      vertex 8.43308 -7.17944 13.9089
    endloop
  endfacet
  facet normal -0.410008 -0.866943 0.283378
    outer loop
      vertex 8.20595 -7.2099 13.7088
      vertex 8.13778 -7.17766 13.7088
      vertex 8.19373 -7.23939 13.6009
    endloop
  endfacet
  facet normal -0.369057 -0.780144 0.505146
    outer loop
      vertex 8.25898 -7.08187 13.9992
      vertex 8.20311 -7.05544 13.9992
      vertex 8.23873 -7.13076 13.9089
    endloop
  endfacet
  facet normal -0.423328 -0.895012 0.140527
    outer loop
      vertex 8.11132 -7.22717 13.4891
      vertex 8.10365 -7.24152 13.3746
      vertex 8.17824 -7.2768 13.3746
    endloop
  endfacet
  facet normal -0.426514 -0.901762 0.0700842
    outer loop
      vertex 8.10365 -7.24152 13.3746
      vertex 8.0998 -7.24873 13.2584
      vertex 8.17511 -7.28435 13.2584
    endloop
  endfacet
  facet normal -0.333569 -0.932183 0.140595
    outer loop
      vertex 8.18447 -7.26176 13.4891
      vertex 8.17824 -7.2768 13.3746
      vertex 8.26065 -7.28902 13.4891
    endloop
  endfacet
  facet normal -0.240561 -0.960409 0.140515
    outer loop
      vertex 8.26065 -7.28902 13.4891
      vertex 8.25593 -7.30459 13.3746
      vertex 8.33914 -7.30868 13.4891
    endloop
  endfacet
  facet normal 0.242363 -0.967656 -0.0700191
    outer loop
      vertex 8.66539 -7.33149 13.1246
      vertex 8.74644 -7.31242 13.1416
      vertex 8.66563 -7.33266 13.1416
    endloop
  endfacet
  facet normal 0.242372 -0.96765 -0.0700683
    outer loop
      vertex 8.74644 -7.31242 13.1416
      vertex 8.66539 -7.33149 13.1246
      vertex 8.69191 -7.32051 13.0647
    endloop
  endfacet
  facet normal 0.242395 -0.96763 -0.0702639
    outer loop
      vertex 8.74407 -7.30459 13.0254
      vertex 8.69191 -7.32051 13.0647
      vertex 8.7093 -7.3133 13.0254
    endloop
  endfacet
  facet normal 0.242479 -0.967617 -0.0701473
    outer loop
      vertex 8.69191 -7.32051 13.0647
      vertex 8.74407 -7.30459 13.0254
      vertex 8.74644 -7.31242 13.1416
    endloop
  endfacet
  facet normal 0.333622 -0.932212 -0.140272
    outer loop
      vertex 8.78386 -7.28242 12.9727
      vertex 8.74407 -7.30459 13.0254
      vertex 8.74254 -7.29954 12.9882
    endloop
  endfacet
  facet normal 0.333468 -0.932248 -0.140403
    outer loop
      vertex 8.74407 -7.30459 13.0254
      vertex 8.78386 -7.28242 12.9727
      vertex 8.82176 -7.2768 13.0254
    endloop
  endfacet
  facet normal 0.2406 -0.960465 -0.140065
    outer loop
      vertex 8.74407 -7.30459 13.0254
      vertex 8.7093 -7.3133 13.0254
      vertex 8.72848 -7.30536 13.0039
    endloop
  endfacet
  facet normal -0.423234 -0.895045 0.140596
    outer loop
      vertex 8.18447 -7.26176 13.4891
      vertex 8.11132 -7.22717 13.4891
      vertex 8.17824 -7.2768 13.3746
    endloop
  endfacet
  facet normal -0.417819 -0.883592 0.211404
    outer loop
      vertex 8.19373 -7.23939 13.6009
      vertex 8.11132 -7.22717 13.4891
      vertex 8.18447 -7.26176 13.4891
    endloop
  endfacet
  facet normal -0.9668 -0.143483 0.21145
    outer loop
      vertex 7.70354 -6.57844 13.6009
      vertex 7.69132 -6.66086 13.4891
      vertex 7.71507 -6.65613 13.6009
    endloop
  endfacet
  facet normal -0.948617 -0.140785 0.283381
    outer loop
      vertex 7.73531 -6.57532 13.7088
      vertex 7.70354 -6.57844 13.6009
      vertex 7.71507 -6.65613 13.6009
    endloop
  endfacet
  facet normal -0.924265 -0.137131 0.35627
    outer loop
      vertex 7.77444 -6.57146 13.8118
      vertex 7.73531 -6.57532 13.7088
      vertex 7.78494 -6.64223 13.8118
    endloop
  endfacet
  facet normal -0.924258 -0.137046 0.356322
    outer loop
      vertex 7.78494 -6.64223 13.8118
      vertex 7.73531 -6.57532 13.7088
      vertex 7.74637 -6.64991 13.7088
    endloop
  endfacet
  facet normal -0.996335 -0.0489644 0.0701379
    outer loop
      vertex 7.6592 -6.5 13.3746
      vertex 7.65102 -6.5 13.2584
      vertex 7.66325 -6.58241 13.3746
    endloop
  endfacet
  facet normal -0.996335 -0.0489726 0.070132
    outer loop
      vertex 7.66325 -6.58241 13.3746
      vertex 7.65102 -6.5 13.2584
      vertex 7.65511 -6.58321 13.2584
    endloop
  endfacet
  facet normal -0.924258 0.137046 0.356322
    outer loop
      vertex 7.74637 -6.35009 13.7088
      vertex 7.73531 -6.42468 13.7088
      vertex 7.78494 -6.35777 13.8118
    endloop
  endfacet
  facet normal -0.906332 0.227141 0.356327
    outer loop
      vertex 7.7647 -6.27695 13.7088
      vertex 7.74637 -6.35009 13.7088
      vertex 7.78494 -6.35777 13.8118
    endloop
  endfacet
  facet normal -0.732134 -0.183505 0.655977
    outer loop
      vertex 8.01546 -6.64698 14.1558
      vertex 7.94014 -6.61136 14.0817
      vertex 7.95376 -6.6657 14.0817
    endloop
  endfacet
  facet normal -0.663238 -0.166085 0.729747
    outer loop
      vertex 8.07141 -6.58525 14.2207
      vertex 8.00339 -6.59878 14.1558
      vertex 8.01546 -6.64698 14.1558
    endloop
  endfacet
  facet normal 0.73917 -0.66985 0.0702085
    outer loop
      vertex 9.15627 -7.03858 13.2584
      vertex 9.09453 -7.09453 13.3746
      vertex 9.10032 -7.10032 13.2584
    endloop
  endfacet
  facet normal 0.512756 -0.855631 -0.0705399
    outer loop
      vertex 8.9002 -7.24873 13.1416
      vertex 8.971 -7.2049 13.1246
      vertex 8.97167 -7.2059 13.1416
    endloop
  endfacet
  facet normal 0.512871 -0.855607 -0.0700013
    outer loop
      vertex 8.971 -7.2049 13.1246
      vertex 8.9002 -7.24873 13.1416
      vertex 8.94449 -7.21589 13.0647
    endloop
  endfacet
  facet normal 0.855607 -0.512871 -0.0700013
    outer loop
      vertex 9.24873 -6.9002 13.1416
      vertex 9.2049 -6.971 13.1246
      vertex 9.21589 -6.94449 13.0647
    endloop
  endfacet
  facet normal 0.855631 -0.512756 -0.0705399
    outer loop
      vertex 9.2049 -6.971 13.1246
      vertex 9.24873 -6.9002 13.1416
      vertex 9.2059 -6.97167 13.1416
    endloop
  endfacet
  facet normal 0.802233 -0.597011 0
    outer loop
      vertex 9.2059 -6.97167 13.2584
      vertex 9.20302 -6.97554 13.2
      vertex 9.2059 -6.97167 13.1416
    endloop
  endfacet
  facet normal 0.803172 -0.595747 -0.000130048
    outer loop
      vertex 9.15627 -7.03858 13.2584
      vertex 9.20302 -6.97554 13.2
      vertex 9.2059 -6.97167 13.2584
    endloop
  endfacet
  facet normal 0.80323 -0.595669 0
    outer loop
      vertex 9.20302 -6.97554 13.2
      vertex 9.15627 -7.03858 13.2584
      vertex 9.15627 -7.03858 13.2
    endloop
  endfacet
  facet normal 0.802233 -0.597011 0
    outer loop
      vertex 9.2059 -6.97167 13.1416
      vertex 9.20302 -6.97554 13.2
      vertex 9.20302 -6.97554 13.1416
    endloop
  endfacet
  facet normal 0.855655 0.51277 0.0701511
    outer loop
      vertex 9.2059 -6.02833 13.2584
      vertex 9.1991 -6.03288 13.3746
      vertex 9.24873 -6.0998 13.2584
    endloop
  endfacet
  facet normal 0.901762 0.426514 -0.0700842
    outer loop
      vertex 9.28435 -6.17511 13.1416
      vertex 9.24152 -6.10365 13.0254
      vertex 9.24873 -6.0998 13.1416
    endloop
  endfacet
  facet normal 0.967617 0.242479 -0.0701473
    outer loop
      vertex 9.32051 -6.30809 13.0647
      vertex 9.30459 -6.25593 13.0254
      vertex 9.31242 -6.25356 13.1416
    endloop
  endfacet
  facet normal 0.96763 0.242395 -0.0702639
    outer loop
      vertex 9.30459 -6.25593 13.0254
      vertex 9.32051 -6.30809 13.0647
      vertex 9.3133 -6.2907 13.0254
    endloop
  endfacet
  facet normal 0.939224 0.336062 -0.0701428
    outer loop
      vertex 9.30459 -6.25593 13.0254
      vertex 9.28435 -6.17511 13.1416
      vertex 9.31242 -6.25356 13.1416
    endloop
  endfacet
  facet normal 0.85566 0.512771 -0.0700816
    outer loop
      vertex 9.24152 -6.10365 13.0254
      vertex 9.21589 -6.05551 13.0647
      vertex 9.24873 -6.0998 13.1416
    endloop
  endfacet
  facet normal 0.855625 0.512819 -0.0701632
    outer loop
      vertex 9.21589 -6.05551 13.0647
      vertex 9.24152 -6.10365 13.0254
      vertex 9.22309 -6.0729 13.0254
    endloop
  endfacet
  facet normal 0.855631 0.512756 -0.0705399
    outer loop
      vertex 9.24873 -6.0998 13.1416
      vertex 9.2049 -6.029 13.1246
      vertex 9.2059 -6.02833 13.1416
    endloop
  endfacet
  facet normal 0.855607 0.512871 -0.0700013
    outer loop
      vertex 9.2049 -6.029 13.1246
      vertex 9.24873 -6.0998 13.1416
      vertex 9.21589 -6.05551 13.0647
    endloop
  endfacet
  facet normal 0.941544 0.336891 0
    outer loop
      vertex 9.31242 -6.25356 13.2584
      vertex 9.28435 -6.17511 13.1416
      vertex 9.28435 -6.17511 13.2584
    endloop
  endfacet
  facet normal 0.941544 0.336891 0
    outer loop
      vertex 9.28435 -6.17511 13.1416
      vertex 9.31242 -6.25356 13.2584
      vertex 9.31242 -6.25356 13.1416
    endloop
  endfacet
  facet normal 0.988885 -0.0485983 0.140517
    outer loop
      vertex 9.3408 -6.5 13.3746
      vertex 9.32453 -6.5 13.4891
      vertex 9.33675 -6.58241 13.3746
    endloop
  endfacet
  facet normal 0.996335 -0.0489726 0.070132
    outer loop
      vertex 9.34898 -6.5 13.2584
      vertex 9.33675 -6.58241 13.3746
      vertex 9.34489 -6.58321 13.2584
    endloop
  endfacet
  facet normal 0.883592 0.417819 0.211404
    outer loop
      vertex 9.26176 -6.18447 13.4891
      vertex 9.22717 -6.11132 13.4891
      vertex 9.23939 -6.19373 13.6009
    endloop
  endfacet
  facet normal 0.920254 0.329301 0.211408
    outer loop
      vertex 9.26176 -6.18447 13.4891
      vertex 9.23939 -6.19373 13.6009
      vertex 9.28902 -6.26065 13.4891
    endloop
  endfacet
  facet normal 0.770297 0.571251 0.283399
    outer loop
      vertex 9.11865 -5.99229 13.6009
      vertex 9.09397 -6.01254 13.7088
      vertex 9.16543 -6.05537 13.6009
    endloop
  endfacet
  facet normal 0.724262 0.656316 0.211409
    outer loop
      vertex 9.08303 -5.91697 13.4891
      vertex 9.06591 -5.93409 13.6009
      vertex 9.11865 -5.99229 13.6009
    endloop
  endfacet
  facet normal 0.79523 0.589785 0.140581
    outer loop
      vertex 9.14995 -5.9666 13.3746
      vertex 9.13737 -5.97693 13.4891
      vertex 9.18557 -6.04192 13.4891
    endloop
  endfacet
  facet normal 0.795274 0.589736 0.140535
    outer loop
      vertex 9.1991 -6.03288 13.3746
      vertex 9.14995 -5.9666 13.3746
      vertex 9.18557 -6.04192 13.4891
    endloop
  endfacet
  facet normal 0.849199 -0.50903 0.140535
    outer loop
      vertex 9.22717 -6.88868 13.4891
      vertex 9.18557 -6.95808 13.4891
      vertex 9.1991 -6.96712 13.3746
    endloop
  endfacet
  facet normal 0.901759 -0.426519 -0.0700799
    outer loop
      vertex 9.28435 -6.82489 13.1416
      vertex 9.24152 -6.89635 13.0254
      vertex 9.2768 -6.82176 13.0254
    endloop
  endfacet
  facet normal 0.93926 -0.335977 -0.0700776
    outer loop
      vertex 9.28435 -6.82489 13.1416
      vertex 9.2768 -6.82176 13.0254
      vertex 9.30459 -6.74407 13.0254
    endloop
  endfacet
  facet normal 0.998794 0.0490935 0
    outer loop
      vertex 9.34898 -6.5 13.2584
      vertex 9.34489 -6.41679 13.2
      vertex 9.34489 -6.41679 13.2584
    endloop
  endfacet
  facet normal 0.998794 0.0490935 0
    outer loop
      vertex 9.34489 -6.41679 13.2
      vertex 9.34898 -6.5 13.2584
      vertex 9.34898 -6.5 13.2
    endloop
  endfacet
  facet normal 0.970036 -0.242959 0
    outer loop
      vertex 9.31242 -6.74644 13.2584
      vertex 9.33266 -6.66563 13.1416
      vertex 9.33266 -6.66563 13.2584
    endloop
  endfacet
  facet normal 0.970036 -0.242959 0
    outer loop
      vertex 9.33266 -6.66563 13.1416
      vertex 9.31242 -6.74644 13.2584
      vertex 9.31242 -6.74644 13.1416
    endloop
  endfacet
  facet normal -0.895094 0.423155 -0.140523
    outer loop
      vertex 7.7318 -6.1818 12.9599
      vertex 7.7232 -6.17824 13.0254
      vertex 7.74602 -6.14747 12.9727
    endloop
  endfacet
  facet normal -0.855607 0.512871 -0.0700013
    outer loop
      vertex 7.75127 -6.0998 13.1416
      vertex 7.7951 -6.029 13.1246
      vertex 7.78411 -6.05551 13.0647
    endloop
  endfacet
  facet normal -0.855631 0.512756 -0.0705399
    outer loop
      vertex 7.7951 -6.029 13.1246
      vertex 7.75127 -6.0998 13.1416
      vertex 7.7941 -6.02833 13.1416
    endloop
  endfacet
  facet normal -0.838313 0.502505 0.21147
    outer loop
      vertex 7.81443 -6.04192 13.4891
      vertex 7.77283 -6.11132 13.4891
      vertex 7.83457 -6.05537 13.6009
    endloop
  endfacet
  facet normal -0.785043 0.582229 0.211465
    outer loop
      vertex 7.86263 -5.97693 13.4891
      vertex 7.81443 -6.04192 13.4891
      vertex 7.83457 -6.05537 13.6009
    endloop
  endfacet
  facet normal -0.242363 0.967656 -0.0700191
    outer loop
      vertex 8.33461 -5.66851 13.1246
      vertex 8.25356 -5.68758 13.1416
      vertex 8.33437 -5.66734 13.1416
    endloop
  endfacet
  facet normal -0.242372 0.96765 -0.0700683
    outer loop
      vertex 8.25356 -5.68758 13.1416
      vertex 8.33461 -5.66851 13.1246
      vertex 8.30809 -5.67949 13.0647
    endloop
  endfacet
  facet normal -0.146864 0.986678 -0.06998
    outer loop
      vertex 8.33461 -5.66851 13.1246
      vertex 8.33437 -5.66734 13.1416
      vertex 8.33914 -5.66663 13.1416
    endloop
  endfacet
  facet normal -0.32308 0.902939 0.283408
    outer loop
      vertex 8.26768 -5.73415 13.6009
      vertex 8.19373 -5.76061 13.6009
      vertex 8.27695 -5.7647 13.7088
    endloop
  endfacet
  facet normal -0.333463 0.932233 0.140514
    outer loop
      vertex 8.25593 -5.69541 13.3746
      vertex 8.17824 -5.7232 13.3746
      vertex 8.26065 -5.71098 13.4891
    endloop
  endfacet
  facet normal 0.146418 0.986735 0.0701194
    outer loop
      vertex 8.66563 -5.66734 13.2584
      vertex 8.58321 -5.65511 13.2584
      vertex 8.66403 -5.67536 13.3746
    endloop
  endfacet
  facet normal 0.0489726 0.996335 0.070132
    outer loop
      vertex 8.58321 -5.65511 13.2584
      vertex 8.5 -5.65102 13.2584
      vertex 8.58241 -5.66325 13.3746
    endloop
  endfacet
  facet normal -0.50902 0.849206 0.140527
    outer loop
      vertex 8.10365 -5.75848 13.3746
      vertex 8.03288 -5.8009 13.3746
      vertex 8.11132 -5.77283 13.4891
    endloop
  endfacet
  facet normal -0.426519 0.901759 0.0700799
    outer loop
      vertex 8.17511 -5.71565 13.2584
      vertex 8.10365 -5.75848 13.3746
      vertex 8.17824 -5.7232 13.3746
    endloop
  endfacet
  facet normal -0.410008 0.866943 0.283378
    outer loop
      vertex 8.19373 -5.76061 13.6009
      vertex 8.13778 -5.82234 13.7088
      vertex 8.20595 -5.7901 13.7088
    endloop
  endfacet
  facet normal -0.493036 0.822582 0.283327
    outer loop
      vertex 8.12274 -5.79419 13.6009
      vertex 8.05537 -5.83457 13.6009
      vertex 8.13778 -5.82234 13.7088
    endloop
  endfacet
  facet normal -0.644044 0.710559 0.283396
    outer loop
      vertex 7.99229 -5.88135 13.6009
      vertex 7.95667 -5.95667 13.7088
      vertex 8.01254 -5.90603 13.7088
    endloop
  endfacet
  facet normal -0.866943 0.410008 0.283378
    outer loop
      vertex 7.82234 -6.13778 13.7088
      vertex 7.76061 -6.19373 13.6009
      vertex 7.7901 -6.20595 13.7088
    endloop
  endfacet
  facet normal -0.227141 0.906332 0.356327
    outer loop
      vertex 8.35009 -5.74637 13.7088
      vertex 8.27695 -5.7647 13.7088
      vertex 8.35777 -5.78494 13.8118
    endloop
  endfacet
  facet normal -0.304051 0.849916 0.430343
    outer loop
      vertex 8.28836 -5.80232 13.8118
      vertex 8.23873 -5.86924 13.9089
      vertex 8.30182 -5.84667 13.9089
    endloop
  endfacet
  facet normal -0.197849 0.789363 0.581172
    outer loop
      vertex 8.38864 -5.94014 14.0817
      vertex 8.31718 -5.89731 13.9992
      vertex 8.3343 -5.95376 14.0817
    endloop
  endfacet
  facet normal -0.183333 0.732118 0.656043
    outer loop
      vertex 8.38864 -5.94014 14.0817
      vertex 8.35302 -6.01546 14.1558
      vertex 8.40122 -6.00339 14.1558
    endloop
  endfacet
  facet normal 0.924258 -0.137046 0.356322
    outer loop
      vertex 9.26469 -6.57532 13.7088
      vertex 9.21506 -6.64223 13.8118
      vertex 9.25363 -6.64991 13.7088
    endloop
  endfacet
  facet normal 0.906332 -0.227141 0.356327
    outer loop
      vertex 9.25363 -6.64991 13.7088
      vertex 9.21506 -6.64223 13.8118
      vertex 9.2353 -6.72305 13.7088
    endloop
  endfacet
  facet normal 0.879802 -0.314746 0.356208
    outer loop
      vertex 9.2353 -6.72305 13.7088
      vertex 9.19768 -6.71164 13.8118
      vertex 9.2099 -6.79405 13.7088
    endloop
  endfacet
  facet normal 0.656345 -0.724226 0.21144
    outer loop
      vertex 9.08303 -7.08303 13.4891
      vertex 9.00771 -7.11865 13.6009
      vertex 9.02307 -7.13737 13.4891
    endloop
  endfacet
  facet normal 0.844671 -0.399475 0.356301
    outer loop
      vertex 9.2099 -6.79405 13.7088
      vertex 9.17357 -6.779 13.8118
      vertex 9.17766 -6.86222 13.7088
    endloop
  endfacet
  facet normal 0.866926 -0.410077 0.283332
    outer loop
      vertex 9.23939 -6.80627 13.6009
      vertex 9.17766 -6.86222 13.7088
      vertex 9.20581 -6.87726 13.6009
    endloop
  endfacet
  facet normal 0.785067 -0.582204 0.211441
    outer loop
      vertex 9.16543 -6.94463 13.6009
      vertex 9.11865 -7.00771 13.6009
      vertex 9.13737 -7.02307 13.4891
    endloop
  endfacet
  facet normal 0.770297 -0.571251 0.283399
    outer loop
      vertex 9.16543 -6.94463 13.6009
      vertex 9.09397 -6.98746 13.7088
      vertex 9.11865 -7.00771 13.6009
    endloop
  endfacet
  facet normal 0.812598 -0.290701 0.505151
    outer loop
      vertex 9.15333 -6.69818 13.9089
      vertex 9.10269 -6.68282 13.9992
      vertex 9.13076 -6.76127 13.9089
    endloop
  endfacet
  facet normal 0.789408 -0.19778 0.581136
    outer loop
      vertex 9.11771 -6.62287 13.9992
      vertex 9.05986 -6.61136 14.0817
      vertex 9.10269 -6.68282 13.9992
    endloop
  endfacet
  facet normal 0.9668 0.143483 0.21145
    outer loop
      vertex 9.30868 -6.33914 13.4891
      vertex 9.28493 -6.34387 13.6009
      vertex 9.29646 -6.42156 13.6009
    endloop
  endfacet
  facet normal 0.948617 0.140785 0.283381
    outer loop
      vertex 9.28493 -6.34387 13.6009
      vertex 9.26469 -6.42468 13.7088
      vertex 9.29646 -6.42156 13.6009
    endloop
  endfacet
  facet normal 0.861983 -0.0423778 0.505162
    outer loop
      vertex 9.18273 -6.5 13.9089
      vertex 9.12981 -6.5 13.9992
      vertex 9.17944 -6.56692 13.9089
    endloop
  endfacet
  facet normal 0.933259 0.0458452 0.356266
    outer loop
      vertex 9.26469 -6.42468 13.7088
      vertex 9.22556 -6.42854 13.8118
      vertex 9.26839 -6.5 13.7088
    endloop
  endfacet
  facet normal 0.988885 0.0485983 0.140517
    outer loop
      vertex 9.33675 -6.41759 13.3746
      vertex 9.32453 -6.5 13.4891
      vertex 9.3408 -6.5 13.3746
    endloop
  endfacet
  facet normal 0.988888 0.0485757 0.140501
    outer loop
      vertex 9.33675 -6.41759 13.3746
      vertex 9.32056 -6.41918 13.4891
      vertex 9.32453 -6.5 13.4891
    endloop
  endfacet
  facet normal 0.948617 -0.140785 0.283381
    outer loop
      vertex 9.29646 -6.57844 13.6009
      vertex 9.26469 -6.57532 13.7088
      vertex 9.28493 -6.65613 13.6009
    endloop
  endfacet
  facet normal 0.966795 -0.143497 0.211461
    outer loop
      vertex 9.32056 -6.58082 13.4891
      vertex 9.29646 -6.57844 13.6009
      vertex 9.30868 -6.66086 13.4891
    endloop
  endfacet
  facet normal 0.920254 -0.329301 0.211408
    outer loop
      vertex 9.28902 -6.73935 13.4891
      vertex 9.23939 -6.80627 13.6009
      vertex 9.26176 -6.81553 13.4891
    endloop
  endfacet
  facet normal 0.883521 -0.417927 0.211491
    outer loop
      vertex 9.23939 -6.80627 13.6009
      vertex 9.20581 -6.87726 13.6009
      vertex 9.22717 -6.88868 13.4891
    endloop
  endfacet
  facet normal 0.986736 -0.146403 0.0701304
    outer loop
      vertex 9.33675 -6.58241 13.3746
      vertex 9.32464 -6.66403 13.3746
      vertex 9.34489 -6.58321 13.2584
    endloop
  endfacet
  facet normal 0.979355 -0.145307 0.140534
    outer loop
      vertex 9.33675 -6.58241 13.3746
      vertex 9.30868 -6.66086 13.4891
      vertex 9.32464 -6.66403 13.3746
    endloop
  endfacet
  facet normal 0.410077 -0.866926 0.283332
    outer loop
      vertex 8.86222 -7.17766 13.7088
      vertex 8.80627 -7.23939 13.6009
      vertex 8.87726 -7.20581 13.6009
    endloop
  endfacet
  facet normal 0.410008 -0.866943 0.283378
    outer loop
      vertex 8.86222 -7.17766 13.7088
      vertex 8.79405 -7.2099 13.7088
      vertex 8.80627 -7.23939 13.6009
    endloop
  endfacet
  facet normal 0.226965 -0.906423 0.356207
    outer loop
      vertex 8.71164 -7.19768 13.8118
      vertex 8.64223 -7.21506 13.8118
      vertex 8.72305 -7.2353 13.7088
    endloop
  endfacet
  facet normal 0.143497 -0.966795 0.211461
    outer loop
      vertex 8.66086 -7.30868 13.4891
      vertex 8.57844 -7.29646 13.6009
      vertex 8.58082 -7.32056 13.4891
    endloop
  endfacet
  facet normal 0.801416 -0.480453 0.356227
    outer loop
      vertex 9.17766 -6.86222 13.7088
      vertex 9.1062 -6.90505 13.8118
      vertex 9.13889 -6.92689 13.7088
    endloop
  endfacet
  facet normal 0.774289 -0.464008 0.430317
    outer loop
      vertex 9.10211 -6.82183 13.9089
      vertex 9.06767 -6.8793 13.9089
      vertex 9.14298 -6.84368 13.8118
    endloop
  endfacet
  facet normal -0.146403 -0.986736 0.0701304
    outer loop
      vertex 8.41759 -7.33675 13.3746
      vertex 8.33597 -7.32464 13.3746
      vertex 8.41679 -7.34489 13.2584
    endloop
  endfacet
  facet normal -0.242361 -0.967649 0.0701232
    outer loop
      vertex 8.33597 -7.32464 13.3746
      vertex 8.25356 -7.31242 13.2584
      vertex 8.33437 -7.33266 13.2584
    endloop
  endfacet
  facet normal 0.146403 -0.986736 0.0701304
    outer loop
      vertex 8.66403 -7.32464 13.3746
      vertex 8.58241 -7.33675 13.3746
      vertex 8.58321 -7.34489 13.2584
    endloop
  endfacet
  facet normal 0.146418 -0.986735 0.0701194
    outer loop
      vertex 8.66403 -7.32464 13.3746
      vertex 8.58321 -7.34489 13.2584
      vertex 8.66563 -7.33266 13.2584
    endloop
  endfacet
  facet normal 0.73904 -0.670008 0.0700635
    outer loop
      vertex 9.14995 -7.0334 13.3746
      vertex 9.09453 -7.09453 13.3746
      vertex 9.15627 -7.03858 13.2584
    endloop
  endfacet
  facet normal 0.656316 -0.724262 0.211409
    outer loop
      vertex 9.06591 -7.06591 13.6009
      vertex 9.00771 -7.11865 13.6009
      vertex 9.08303 -7.08303 13.4891
    endloop
  endfacet
  facet normal 0.750528 -0.556608 0.356224
    outer loop
      vertex 9.1062 -6.90505 13.8118
      vertex 9.09397 -6.98746 13.7088
      vertex 9.13889 -6.92689 13.7088
    endloop
  endfacet
  facet normal 0.480325 -0.801456 0.356308
    outer loop
      vertex 8.90505 -7.1062 13.8118
      vertex 8.84368 -7.14298 13.8118
      vertex 8.86222 -7.17766 13.7088
    endloop
  endfacet
  facet normal 0.556608 -0.750528 0.356224
    outer loop
      vertex 8.98746 -7.09397 13.7088
      vertex 8.90505 -7.1062 13.8118
      vertex 8.92689 -7.13889 13.7088
    endloop
  endfacet
  facet normal 0.665 -0.733516 0.140462
    outer loop
      vertex 9.08303 -7.08303 13.4891
      vertex 9.0334 -7.14995 13.3746
      vertex 9.09453 -7.09453 13.3746
    endloop
  endfacet
  facet normal 0.724262 -0.656316 0.211409
    outer loop
      vertex 9.11865 -7.00771 13.6009
      vertex 9.06591 -7.06591 13.6009
      vertex 9.08303 -7.08303 13.4891
    endloop
  endfacet
  facet normal 0.417927 -0.883521 0.211491
    outer loop
      vertex 8.87726 -7.20581 13.6009
      vertex 8.80627 -7.23939 13.6009
      vertex 8.88868 -7.22717 13.4891
    endloop
  endfacet
  facet normal 0.333569 -0.932183 0.140595
    outer loop
      vertex 8.81553 -7.26176 13.4891
      vertex 8.73935 -7.28902 13.4891
      vertex 8.82176 -7.2768 13.3746
    endloop
  endfacet
  facet normal 0.698029 -0.418343 0.581158
    outer loop
      vertex 9.05544 -6.79689 13.9992
      vertex 9.00342 -6.76908 14.0817
      vertex 9.02367 -6.8499 13.9992
    endloop
  endfacet
  facet normal 0.740274 -0.443662 0.505133
    outer loop
      vertex 9.05544 -6.79689 13.9992
      vertex 9.02367 -6.8499 13.9992
      vertex 9.10211 -6.82183 13.9089
    endloop
  endfacet
  facet normal 0.606249 -0.449636 0.655965
    outer loop
      vertex 8.92101 -6.78131 14.1558
      vertex 8.89141 -6.82122 14.1558
      vertex 8.97462 -6.81713 14.0817
    endloop
  endfacet
  facet normal 0.444034 -0.402397 0.800569
    outer loop
      vertex 8.8378 -6.77722 14.2207
      vertex 8.75698 -6.75698 14.2757
      vertex 8.809 -6.809 14.2207
    endloop
  endfacet
  facet normal 0.559283 -0.506878 0.655955
    outer loop
      vertex 8.89141 -6.82122 14.1558
      vertex 8.85804 -6.85804 14.1558
      vertex 8.90363 -6.90363 14.0817
    endloop
  endfacet
  facet normal 0.549145 -0.407284 0.729767
    outer loop
      vertex 8.92101 -6.78131 14.1558
      vertex 8.86334 -6.74278 14.2207
      vertex 8.89141 -6.82122 14.1558
    endloop
  endfacet
  facet normal 0.602925 -0.54657 0.581157
    outer loop
      vertex 8.98685 -6.89955 13.9992
      vertex 8.90363 -6.90363 14.0817
      vertex 8.94534 -6.94534 13.9992
    endloop
  endfacet
  facet normal 0.54657 -0.602925 0.581157
    outer loop
      vertex 8.90363 -6.90363 14.0817
      vertex 8.89955 -6.98685 13.9992
      vertex 8.94534 -6.94534 13.9992
    endloop
  endfacet
  facet normal -0.215825 -0.160145 0.96321
    outer loop
      vertex 8.3963 -6.56929 14.3771
      vertex 8.32827 -6.61474 14.3543
      vertex 8.34035 -6.63102 14.3543
    endloop
  endfacet
  facet normal -0.0246602 -0.501603 0.864746
    outer loop
      vertex 8.47193 -6.78498 14.3204
      vertex 8.46438 -6.86167 14.2757
      vertex 8.5 -6.78636 14.3204
    endloop
  endfacet
  facet normal 0.496781 -0.0736441 0.864746
    outer loop
      vertex 8.86167 -6.53562 14.2757
      vertex 8.78498 -6.52807 14.3204
      vertex 8.85644 -6.5709 14.2757
    endloop
  endfacet
  facet normal 0.766217 -0.274147 0.581168
    outer loop
      vertex 9.04624 -6.6657 14.0817
      vertex 9.02737 -6.71844 14.0817
      vertex 9.10269 -6.68282 13.9992
    endloop
  endfacet
  facet normal 0.682906 0.0336431 0.729731
    outer loop
      vertex 9.00634 -6.5 14.1558
      vertex 8.93488 -6.45717 14.2207
      vertex 8.93699 -6.5 14.2207
    endloop
  endfacet
  facet normal 0.501609 0.0246439 0.864743
    outer loop
      vertex 8.86167 -6.46438 14.2757
      vertex 8.78636 -6.5 14.3204
      vertex 8.86342 -6.5 14.2757
    endloop
  endfacet
  facet normal 0.453945 0.214723 0.86477
    outer loop
      vertex 8.82051 -6.32868 14.2757
      vertex 8.76456 -6.39042 14.3204
      vertex 8.83576 -6.36092 14.2757
    endloop
  endfacet
  facet normal 0.676325 0.100285 0.729745
    outer loop
      vertex 8.99661 -6.40122 14.1558
      vertex 8.92859 -6.41475 14.2207
      vertex 8.93488 -6.45717 14.2207
    endloop
  endfacet
  facet normal 0.0818408 0.110351 0.990517
    outer loop
      vertex 8.57912 -6.40359 14.3771
      vertex 8.52317 -6.46532 14.3886
      vertex 8.52646 -6.46776 14.3886
    endloop
  endfacet
  facet normal 0.501603 0.0246602 0.864746
    outer loop
      vertex 8.86167 -6.46438 14.2757
      vertex 8.78498 -6.47193 14.3204
      vertex 8.78636 -6.5 14.3204
    endloop
  endfacet
  facet normal 0.581271 -0.145654 0.800568
    outer loop
      vertex 8.85644 -6.5709 14.2757
      vertex 8.84777 -6.6055 14.2757
      vertex 8.91817 -6.62685 14.2207
    endloop
  endfacet
  facet normal 0.353791 -0.167239 0.920252
    outer loop
      vertex 8.69081 -6.57904 14.3543
      vertex 8.68215 -6.59736 14.3543
      vertex 8.75254 -6.63499 14.3204
    endloop
  endfacet
  facet normal 0.430725 -0.258238 0.864748
    outer loop
      vertex 8.82051 -6.67132 14.2757
      vertex 8.7381 -6.65909 14.3204
      vertex 8.80217 -6.70191 14.2757
    endloop
  endfacet
  facet normal 0.541716 -0.25624 0.800553
    outer loop
      vertex 8.83576 -6.63908 14.2757
      vertex 8.82051 -6.67132 14.2757
      vertex 8.88539 -6.70599 14.2207
    endloop
  endfacet
  facet normal 0.314283 0.233101 0.920266
    outer loop
      vertex 8.72136 -6.31834 14.3204
      vertex 8.67173 -6.38526 14.3543
      vertex 8.7381 -6.34091 14.3204
    endloop
  endfacet
  facet normal 0.258098 0.430759 0.864773
    outer loop
      vertex 8.67132 -6.17949 14.2757
      vertex 8.63499 -6.24746 14.3204
      vertex 8.65909 -6.2619 14.3204
    endloop
  endfacet
  facet normal 0.351463 0.58641 0.729793
    outer loop
      vertex 8.73869 -6.05344 14.1558
      vertex 8.70599 -6.11461 14.2207
      vertex 8.74278 -6.13666 14.2207
    endloop
  endfacet
  facet normal 0.618058 0.292286 0.729776
    outer loop
      vertex 8.9678 -6.30623 14.1558
      vertex 8.88539 -6.29401 14.2207
      vertex 8.90372 -6.33277 14.2207
    endloop
  endfacet
  facet normal 0.322703 0.682326 0.655968
    outer loop
      vertex 8.71844 -5.97263 14.0817
      vertex 8.69377 -6.0322 14.1558
      vertex 8.76908 -5.99658 14.0817
    endloop
  endfacet
  facet normal 0.38809 0.647374 0.655967
    outer loop
      vertex 8.81713 -6.02538 14.0817
      vertex 8.73869 -6.05344 14.1558
      vertex 8.78131 -6.07899 14.1558
    endloop
  endfacet
  facet normal 0.403366 0.299174 0.864749
    outer loop
      vertex 8.80217 -6.29809 14.2757
      vertex 8.72136 -6.31834 14.3204
      vertex 8.7381 -6.34091 14.3204
    endloop
  endfacet
  facet normal 0.506612 0.459143 0.729748
    outer loop
      vertex 8.85804 -6.14196 14.1558
      vertex 8.809 -6.191 14.2207
      vertex 8.89141 -6.17878 14.1558
    endloop
  endfacet
  facet normal 0.549145 0.407284 0.729767
    outer loop
      vertex 8.89141 -6.17878 14.1558
      vertex 8.86334 -6.25722 14.2207
      vertex 8.92101 -6.21869 14.1558
    endloop
  endfacet
  facet normal 0.698002 0.418366 0.581174
    outer loop
      vertex 9.02367 -6.1501 13.9992
      vertex 8.97462 -6.18287 14.0817
      vertex 9.00342 -6.23092 14.0817
    endloop
  endfacet
  facet normal 0.740282 0.443628 0.50515
    outer loop
      vertex 9.06767 -6.1207 13.9089
      vertex 9.02367 -6.1501 13.9992
      vertex 9.10211 -6.17817 13.9089
    endloop
  endfacet
  facet normal 0.774289 0.464008 0.430317
    outer loop
      vertex 9.14298 -6.15632 13.8118
      vertex 9.06767 -6.1207 13.9089
      vertex 9.10211 -6.17817 13.9089
    endloop
  endfacet
  facet normal 0.710663 0.25427 0.655976
    outer loop
      vertex 9.02737 -6.28156 14.0817
      vertex 8.98454 -6.35302 14.1558
      vertex 9.04624 -6.3343 14.0817
    endloop
  endfacet
  facet normal 0.735609 0.347989 0.581191
    outer loop
      vertex 9.05544 -6.20311 13.9992
      vertex 9.02737 -6.28156 14.0817
      vertex 9.08187 -6.25898 13.9992
    endloop
  endfacet
  facet normal 0.676243 0.100439 0.7298
    outer loop
      vertex 8.99661 -6.40122 14.1558
      vertex 8.93488 -6.45717 14.2207
      vertex 9.00391 -6.45037 14.1558
    endloop
  endfacet
  facet normal 0.501609 -0.0246439 0.864743
    outer loop
      vertex 8.86342 -6.5 14.2757
      vertex 8.78636 -6.5 14.3204
      vertex 8.86167 -6.53562 14.2757
    endloop
  endfacet
  facet normal 0.862008 0.0423114 0.505126
    outer loop
      vertex 9.17944 -6.43308 13.9089
      vertex 9.12678 -6.43827 13.9992
      vertex 9.12981 -6.5 13.9992
    endloop
  endfacet
  facet normal 0.924265 0.137131 0.35627
    outer loop
      vertex 9.26469 -6.42468 13.7088
      vertex 9.21506 -6.35777 13.8118
      vertex 9.22556 -6.42854 13.8118
    endloop
  endfacet
  facet normal 0.653658 0.484747 0.581164
    outer loop
      vertex 8.98685 -6.10045 13.9992
      vertex 8.94125 -6.13787 14.0817
      vertex 9.02367 -6.1501 13.9992
    endloop
  endfacet
  facet normal 0.60293 0.546559 0.581162
    outer loop
      vertex 8.98685 -6.10045 13.9992
      vertex 8.90363 -6.09637 14.0817
      vertex 8.94125 -6.13787 14.0817
    endloop
  endfacet
  facet normal 0.484747 0.653658 0.581164
    outer loop
      vertex 8.89955 -6.01315 13.9992
      vertex 8.8499 -5.97633 13.9992
      vertex 8.86213 -6.05875 14.0817
    endloop
  endfacet
  facet normal 0.464008 0.774289 0.430317
    outer loop
      vertex 8.84368 -5.85702 13.8118
      vertex 8.82183 -5.89789 13.9089
      vertex 8.8793 -5.93233 13.9089
    endloop
  endfacet
  facet normal 0.750536 0.556601 0.356218
    outer loop
      vertex 9.09397 -6.01254 13.7088
      vertex 9.06358 -6.03748 13.8118
      vertex 9.1062 -6.09495 13.8118
    endloop
  endfacet
  facet normal 0.750528 0.556608 0.356224
    outer loop
      vertex 9.13889 -6.07311 13.7088
      vertex 9.09397 -6.01254 13.7088
      vertex 9.1062 -6.09495 13.8118
    endloop
  endfacet
  facet normal 0.606185 0.668838 0.430343
    outer loop
      vertex 8.96252 -5.93642 13.8118
      vertex 8.93312 -5.97225 13.9089
      vertex 8.98276 -6.01724 13.9089
    endloop
  endfacet
  facet normal 0.606234 0.668813 0.430312
    outer loop
      vertex 9.01553 -5.98447 13.8118
      vertex 8.96252 -5.93642 13.8118
      vertex 8.98276 -6.01724 13.9089
    endloop
  endfacet
  facet normal 0.197849 0.789363 0.581172
    outer loop
      vertex 8.68282 -5.89731 13.9992
      vertex 8.61136 -5.94014 14.0817
      vertex 8.6657 -5.95376 14.0817
    endloop
  endfacet
  facet normal 0.2741 0.766217 0.581188
    outer loop
      vertex 8.74102 -5.91813 13.9992
      vertex 8.68282 -5.89731 13.9992
      vertex 8.71844 -5.97263 14.0817
    endloop
  endfacet
  facet normal 0.34793 0.735666 0.581155
    outer loop
      vertex 8.79689 -5.94456 13.9992
      vertex 8.71844 -5.97263 14.0817
      vertex 8.76908 -5.99658 14.0817
    endloop
  endfacet
  facet normal 0.274147 0.766217 0.581168
    outer loop
      vertex 8.68282 -5.89731 13.9992
      vertex 8.6657 -5.95376 14.0817
      vertex 8.71844 -5.97263 14.0817
    endloop
  endfacet
  facet normal -0.356942 0.481327 0.800573
    outer loop
      vertex 8.25722 -6.13666 14.2207
      vertex 8.22278 -6.1622 14.2207
      vertex 8.26945 -6.21907 14.2757
    endloop
  endfacet
  facet normal -0.559203 0.506921 0.65599
    outer loop
      vertex 8.09637 -6.09637 14.0817
      vertex 8.05875 -6.13787 14.0817
      vertex 8.10859 -6.17878 14.1558
    endloop
  endfacet
  facet normal -0.101797 0.0922569 0.990518
    outer loop
      vertex 8.41181 -6.41181 14.3771
      vertex 8.40359 -6.42088 14.3771
      vertex 8.47051 -6.47051 14.3886
    endloop
  endfacet
  facet normal -0.23313 0.930231 0.283408
    outer loop
      vertex 8.35009 -5.74637 13.7088
      vertex 8.26768 -5.73415 13.6009
      vertex 8.27695 -5.7647 13.7088
    endloop
  endfacet
  facet normal -0.137046 0.924258 0.356322
    outer loop
      vertex 8.42468 -5.73531 13.7088
      vertex 8.35009 -5.74637 13.7088
      vertex 8.35777 -5.78494 13.8118
    endloop
  endfacet
  facet normal -0.0485757 0.988888 0.140501
    outer loop
      vertex 8.5 -5.67547 13.4891
      vertex 8.41759 -5.66325 13.3746
      vertex 8.41918 -5.67944 13.4891
    endloop
  endfacet
  facet normal 0.0479146 0.976212 0.211456
    outer loop
      vertex 8.58082 -5.67944 13.4891
      vertex 8.5 -5.69969 13.6009
      vertex 8.57844 -5.70354 13.6009
    endloop
  endfacet
  facet normal 0.0490935 0.998794 -0
    outer loop
      vertex 8.58321 -5.65511 13.2
      vertex 8.5 -5.65102 13.2584
      vertex 8.58321 -5.65511 13.2584
    endloop
  endfacet
  facet normal 0.0490935 0.998794 0
    outer loop
      vertex 8.5 -5.65102 13.2584
      vertex 8.58321 -5.65511 13.2
      vertex 8.5 -5.65102 13.2
    endloop
  endfacet
  facet normal 0.336062 0.939224 -0.0701428
    outer loop
      vertex 8.82489 -5.71565 13.1416
      vertex 8.74407 -5.69541 13.0254
      vertex 8.74644 -5.68758 13.1416
    endloop
  endfacet
  facet normal 0.242479 0.967617 -0.0701473
    outer loop
      vertex 8.74407 -5.69541 13.0254
      vertex 8.69191 -5.67949 13.0647
      vertex 8.74644 -5.68758 13.1416
    endloop
  endfacet
  facet normal 0.242395 0.96763 -0.0702639
    outer loop
      vertex 8.69191 -5.67949 13.0647
      vertex 8.74407 -5.69541 13.0254
      vertex 8.7093 -5.6867 13.0254
    endloop
  endfacet
  facet normal 0.333569 0.932183 0.140595
    outer loop
      vertex 8.82176 -5.7232 13.3746
      vertex 8.73935 -5.71098 13.4891
      vertex 8.81553 -5.73824 13.4891
    endloop
  endfacet
  facet normal 0.329301 0.920254 0.211408
    outer loop
      vertex 8.81553 -5.73824 13.4891
      vertex 8.73935 -5.71098 13.4891
      vertex 8.80627 -5.76061 13.6009
    endloop
  endfacet
  facet normal 0.427565 0.903985 -0
    outer loop
      vertex 8.9002 -5.75127 13.1416
      vertex 8.82489 -5.71565 13.2584
      vertex 8.9002 -5.75127 13.2584
    endloop
  endfacet
  facet normal 0.427565 0.903985 0
    outer loop
      vertex 8.82489 -5.71565 13.2584
      vertex 8.9002 -5.75127 13.1416
      vertex 8.82489 -5.71565 13.1416
    endloop
  endfacet
  facet normal 0.512857 0.855609 0.0700812
    outer loop
      vertex 8.9002 -5.75127 13.2584
      vertex 8.89635 -5.75848 13.3746
      vertex 8.96712 -5.8009 13.3746
    endloop
  endfacet
  facet normal 0.426519 0.901759 0.0700799
    outer loop
      vertex 8.82489 -5.71565 13.2584
      vertex 8.82176 -5.7232 13.3746
      vertex 8.89635 -5.75848 13.3746
    endloop
  endfacet
  facet normal 0.571264 0.770291 0.28339
    outer loop
      vertex 8.94463 -5.83457 13.6009
      vertex 8.92689 -5.86111 13.7088
      vertex 8.98746 -5.90603 13.7088
    endloop
  endfacet
  facet normal 0.480453 0.801416 0.356227
    outer loop
      vertex 8.92689 -5.86111 13.7088
      vertex 8.86222 -5.82234 13.7088
      vertex 8.90505 -5.8938 13.8118
    endloop
  endfacet
  facet normal 0.766217 0.2741 0.581188
    outer loop
      vertex 9.08187 -6.25898 13.9992
      vertex 9.02737 -6.28156 14.0817
      vertex 9.10269 -6.31718 13.9992
    endloop
  endfacet
  facet normal 0.732118 0.183333 0.656043
    outer loop
      vertex 9.05986 -6.38864 14.0817
      vertex 8.98454 -6.35302 14.1558
      vertex 8.99661 -6.40122 14.1558
    endloop
  endfacet
  facet normal 0.780144 0.369057 0.505146
    outer loop
      vertex 9.13076 -6.23873 13.9089
      vertex 9.05544 -6.20311 13.9992
      vertex 9.08187 -6.25898 13.9992
    endloop
  endfacet
  facet normal 0.766217 0.274147 0.581168
    outer loop
      vertex 9.10269 -6.31718 13.9992
      vertex 9.02737 -6.28156 14.0817
      vertex 9.04624 -6.3343 14.0817
    endloop
  endfacet
  facet normal 0.866943 0.410008 0.283378
    outer loop
      vertex 9.23939 -6.19373 13.6009
      vertex 9.17766 -6.13778 13.7088
      vertex 9.2099 -6.20595 13.7088
    endloop
  endfacet
  facet normal 0.844671 0.399475 0.356301
    outer loop
      vertex 9.17766 -6.13778 13.7088
      vertex 9.17357 -6.221 13.8118
      vertex 9.2099 -6.20595 13.7088
    endloop
  endfacet
  facet normal 0.838327 0.502473 0.211493
    outer loop
      vertex 9.22717 -6.11132 13.4891
      vertex 9.16543 -6.05537 13.6009
      vertex 9.20581 -6.12274 13.6009
    endloop
  endfacet
  facet normal 0.838313 0.502505 0.21147
    outer loop
      vertex 9.18557 -6.04192 13.4891
      vertex 9.16543 -6.05537 13.6009
      vertex 9.22717 -6.11132 13.4891
    endloop
  endfacet
  facet normal 0.94811 0.237432 0.211455
    outer loop
      vertex 9.30868 -6.33914 13.4891
      vertex 9.26585 -6.26768 13.6009
      vertex 9.28493 -6.34387 13.6009
    endloop
  endfacet
  facet normal 0.948105 0.237479 0.211423
    outer loop
      vertex 9.28902 -6.26065 13.4891
      vertex 9.26585 -6.26768 13.6009
      vertex 9.30868 -6.33914 13.4891
    endloop
  endfacet
  facet normal 0.132479 0.89291 0.430303
    outer loop
      vertex 8.57146 -5.77444 13.8118
      vertex 8.56692 -5.82056 13.9089
      vertex 8.64223 -5.78494 13.8118
    endloop
  endfacet
  facet normal -0.044285 0.901596 0.430306
    outer loop
      vertex 8.5 -5.77093 13.8118
      vertex 8.42854 -5.77444 13.8118
      vertex 8.43308 -5.82056 13.9089
    endloop
  endfacet
  facet normal 0.209712 0.837174 0.505134
    outer loop
      vertex 8.63319 -5.83039 13.9089
      vertex 8.62287 -5.88229 13.9992
      vertex 8.69818 -5.84667 13.9089
    endloop
  endfacet
  facet normal 0.304051 0.849916 0.430343
    outer loop
      vertex 8.71164 -5.80232 13.8118
      vertex 8.69818 -5.84667 13.9089
      vertex 8.76127 -5.86924 13.9089
    endloop
  endfacet
  facet normal 0.137046 0.924258 0.356322
    outer loop
      vertex 8.64991 -5.74637 13.7088
      vertex 8.57532 -5.73531 13.7088
      vertex 8.64223 -5.78494 13.8118
    endloop
  endfacet
  facet normal 0.0443258 0.901605 0.430282
    outer loop
      vertex 8.5 -5.77093 13.8118
      vertex 8.5 -5.81727 13.9089
      vertex 8.56692 -5.82056 13.9089
    endloop
  endfacet
  facet normal -0.487139 0.121919 0.864772
    outer loop
      vertex 8.22597 -6.41688 14.3204
      vertex 8.14356 -6.4291 14.2757
      vertex 8.21915 -6.44413 14.3204
    endloop
  endfacet
  facet normal -0.160145 0.215825 0.96321
    outer loop
      vertex 8.38526 -6.32827 14.3543
      vertex 8.36898 -6.34035 14.3543
      vertex 8.43071 -6.3963 14.3771
    endloop
  endfacet
  facet normal -0.74658 0.110886 0.65599
    outer loop
      vertex 8.00339 -6.40122 14.1558
      vertex 7.93192 -6.44405 14.0817
      vertex 7.99609 -6.45037 14.1558
    endloop
  endfacet
  facet normal -0.598502 0.0294849 0.800578
    outer loop
      vertex 8.06512 -6.45717 14.2207
      vertex 8.06301 -6.5 14.2207
      vertex 8.13658 -6.5 14.2757
    endloop
  endfacet
  facet normal -0.862008 0.0423114 0.505126
    outer loop
      vertex 7.87322 -6.43827 13.9992
      vertex 7.82056 -6.43308 13.9089
      vertex 7.87019 -6.5 13.9992
    endloop
  endfacet
  facet normal -0.812829 0.0398975 0.581135
    outer loop
      vertex 7.87322 -6.43827 13.9992
      vertex 7.87019 -6.5 13.9992
      vertex 7.93192 -6.44405 14.0817
    endloop
  endfacet
  facet normal -0.253101 -0.0904402 0.963203
    outer loop
      vertex 8.38065 -6.5362 14.3771
      vertex 8.30919 -6.57904 14.3543
      vertex 8.38477 -6.54773 14.3771
    endloop
  endfacet
  facet normal 0.0202003 -0.135903 0.990516
    outer loop
      vertex 8.52433 -6.62232 14.3771
      vertex 8.50814 -6.54091 14.3886
      vertex 8.51222 -6.62412 14.3771
    endloop
  endfacet
  facet normal 0.36841 -0.131853 0.920266
    outer loop
      vertex 8.77403 -6.58312 14.3204
      vertex 8.69081 -6.57904 14.3543
      vertex 8.76456 -6.60958 14.3204
    endloop
  endfacet
  facet normal 0.0463515 -0.129314 0.99052
    outer loop
      vertex 8.51596 -6.53853 14.3886
      vertex 8.51211 -6.53991 14.3886
      vertex 8.54773 -6.61523 14.3771
    endloop
  endfacet
  facet normal -0.110353 0.0818385 0.990517
    outer loop
      vertex 8.40359 -6.42088 14.3771
      vertex 8.3963 -6.43071 14.3771
      vertex 8.46532 -6.47683 14.3886
    endloop
  endfacet
  facet normal -0.215878 0.160096 0.963206
    outer loop
      vertex 8.40359 -6.42088 14.3771
      vertex 8.34035 -6.36898 14.3543
      vertex 8.3963 -6.43071 14.3771
    endloop
  endfacet
  facet normal 0.133215 0.0335555 0.990519
    outer loop
      vertex 8.61935 -6.4638 14.3771
      vertex 8.53991 -6.48789 14.3886
      vertex 8.54091 -6.49186 14.3886
    endloop
  endfacet
  facet normal -0.0705343 0.117893 0.990518
    outer loop
      vertex 8.48034 -6.46322 14.3886
      vertex 8.44121 -6.39001 14.3771
      vertex 8.47683 -6.46532 14.3886
    endloop
  endfacet
  facet normal 0.167239 -0.353791 0.920252
    outer loop
      vertex 8.59736 -6.68215 14.3543
      vertex 8.57904 -6.69081 14.3543
      vertex 8.63499 -6.75254 14.3204
    endloop
  endfacet
  facet normal 0.253046 0.0905345 0.963209
    outer loop
      vertex 8.69081 -6.42096 14.3543
      vertex 8.61935 -6.4638 14.3771
      vertex 8.69764 -6.44005 14.3543
    endloop
  endfacet
  facet normal 0.368414 0.131811 0.92027
    outer loop
      vertex 8.77403 -6.41688 14.3204
      vertex 8.69081 -6.42096 14.3543
      vertex 8.69764 -6.44005 14.3543
    endloop
  endfacet
  facet normal 0.292286 -0.618058 0.729776
    outer loop
      vertex 8.70599 -6.88539 14.2207
      vertex 8.66723 -6.90372 14.2207
      vertex 8.69377 -6.9678 14.1558
    endloop
  endfacet
  facet normal 0.0737918 -0.49671 0.864774
    outer loop
      vertex 8.55587 -6.78085 14.3204
      vertex 8.52807 -6.78498 14.3204
      vertex 8.5709 -6.85644 14.2757
    endloop
  endfacet
  facet normal 0.0246602 -0.501603 0.864746
    outer loop
      vertex 8.52807 -6.78498 14.3204
      vertex 8.5 -6.78636 14.3204
      vertex 8.53562 -6.86167 14.2757
    endloop
  endfacet
  facet normal -0.0246439 -0.501609 0.864743
    outer loop
      vertex 8.5 -6.78636 14.3204
      vertex 8.46438 -6.86167 14.2757
      vertex 8.5 -6.86342 14.2757
    endloop
  endfacet
  facet normal 0.506623 -0.459117 0.729757
    outer loop
      vertex 8.8378 -6.77722 14.2207
      vertex 8.809 -6.809 14.2207
      vertex 8.89141 -6.82122 14.1558
    endloop
  endfacet
  facet normal 0.54918 -0.407261 0.729754
    outer loop
      vertex 8.86334 -6.74278 14.2207
      vertex 8.8378 -6.77722 14.2207
      vertex 8.89141 -6.82122 14.1558
    endloop
  endfacet
  facet normal 0.256201 -0.541754 0.800539
    outer loop
      vertex 8.70599 -6.88539 14.2207
      vertex 8.63908 -6.83576 14.2757
      vertex 8.66723 -6.90372 14.2207
    endloop
  endfacet
  facet normal 0.214732 -0.453937 0.864772
    outer loop
      vertex 8.63499 -6.75254 14.3204
      vertex 8.60958 -6.76456 14.3204
      vertex 8.67132 -6.82051 14.2757
    endloop
  endfacet
  facet normal -0.753866 -0.036911 0.65599
    outer loop
      vertex 7.99366 -6.5 14.1558
      vertex 7.93192 -6.55595 14.0817
      vertex 7.99609 -6.54963 14.1558
    endloop
  endfacet
  facet normal -0.592776 0.0878747 0.800559
    outer loop
      vertex 8.14356 -6.4291 14.2757
      vertex 8.06512 -6.45717 14.2207
      vertex 8.13833 -6.46438 14.2757
    endloop
  endfacet
  facet normal -0.592776 -0.0878747 0.800559
    outer loop
      vertex 8.13833 -6.53562 14.2757
      vertex 8.06512 -6.54283 14.2207
      vertex 8.14356 -6.5709 14.2757
    endloop
  endfacet
  facet normal -0.598502 -0.0294849 0.800578
    outer loop
      vertex 8.13658 -6.5 14.2757
      vertex 8.06301 -6.5 14.2207
      vertex 8.06512 -6.54283 14.2207
    endloop
  endfacet
  facet normal -0.598534 0.0294058 0.800558
    outer loop
      vertex 8.13833 -6.46438 14.2757
      vertex 8.06512 -6.45717 14.2207
      vertex 8.13658 -6.5 14.2757
    endloop
  endfacet
  facet normal -0.581303 0.145605 0.800554
    outer loop
      vertex 8.08183 -6.37315 14.2207
      vertex 8.07141 -6.41475 14.2207
      vertex 8.14356 -6.4291 14.2757
    endloop
  endfacet
  facet normal -0.506612 -0.459143 0.729748
    outer loop
      vertex 8.191 -6.809 14.2207
      vertex 8.10859 -6.82122 14.1558
      vertex 8.14196 -6.85804 14.1558
    endloop
  endfacet
  facet normal -0.481327 -0.356942 0.800573
    outer loop
      vertex 8.21907 -6.73055 14.2757
      vertex 8.13666 -6.74278 14.2207
      vertex 8.1622 -6.77722 14.2207
    endloop
  endfacet
  facet normal -0.233154 -0.314218 0.920275
    outer loop
      vertex 8.36898 -6.65965 14.3543
      vertex 8.31834 -6.72136 14.3204
      vertex 8.38526 -6.67173 14.3543
    endloop
  endfacet
  facet normal -0.314218 -0.233154 0.920275
    outer loop
      vertex 8.32827 -6.61474 14.3543
      vertex 8.27864 -6.68166 14.3204
      vertex 8.34035 -6.63102 14.3543
    endloop
  endfacet
  facet normal -0.513973 -0.308149 0.800547
    outer loop
      vertex 8.17949 -6.67132 14.2757
      vertex 8.11461 -6.70599 14.2207
      vertex 8.19783 -6.70191 14.2757
    endloop
  endfacet
  facet normal 0.230311 -0.643744 0.72976
    outer loop
      vertex 8.69377 -6.9678 14.1558
      vertex 8.62685 -6.91817 14.2207
      vertex 8.64698 -6.98454 14.1558
    endloop
  endfacet
  facet normal 0.351463 -0.58641 0.729793
    outer loop
      vertex 8.74278 -6.86334 14.2207
      vertex 8.70599 -6.88539 14.2207
      vertex 8.73869 -6.94656 14.1558
    endloop
  endfacet
  facet normal 0.369057 -0.780144 0.505146
    outer loop
      vertex 8.79689 -7.05544 13.9992
      vertex 8.74102 -7.08187 13.9992
      vertex 8.76127 -7.13076 13.9089
    endloop
  endfacet
  facet normal 0.314875 -0.879718 0.356301
    outer loop
      vertex 8.779 -7.17357 13.8118
      vertex 8.71164 -7.19768 13.8118
      vertex 8.79405 -7.2099 13.7088
    endloop
  endfacet
  facet normal 0.44958 -0.606266 0.655987
    outer loop
      vertex 8.82122 -6.89141 14.1558
      vertex 8.81713 -6.97462 14.0817
      vertex 8.86213 -6.94125 14.0817
    endloop
  endfacet
  facet normal 0.506921 -0.559203 0.65599
    outer loop
      vertex 8.90363 -6.90363 14.0817
      vertex 8.82122 -6.89141 14.1558
      vertex 8.86213 -6.94125 14.0817
    endloop
  endfacet
  facet normal -0.0398975 -0.812829 0.581135
    outer loop
      vertex 8.44405 -7.06808 14.0817
      vertex 8.43827 -7.12678 13.9992
      vertex 8.5 -7.12981 13.9992
    endloop
  endfacet
  facet normal 0.145605 -0.581303 0.800554
    outer loop
      vertex 8.62685 -6.91817 14.2207
      vertex 8.5709 -6.85644 14.2757
      vertex 8.58525 -6.92859 14.2207
    endloop
  endfacet
  facet normal -0.976205 0.0479527 0.211482
    outer loop
      vertex 7.67944 -6.41918 13.4891
      vertex 7.67547 -6.5 13.4891
      vertex 7.69969 -6.5 13.6009
    endloop
  endfacet
  facet normal -0.976205 -0.0479527 0.211482
    outer loop
      vertex 7.69969 -6.5 13.6009
      vertex 7.67547 -6.5 13.4891
      vertex 7.67944 -6.58082 13.4891
    endloop
  endfacet
  facet normal -0.94811 0.237432 0.211455
    outer loop
      vertex 7.73415 -6.26768 13.6009
      vertex 7.69132 -6.33914 13.4891
      vertex 7.71507 -6.34387 13.6009
    endloop
  endfacet
  facet normal -0.948617 0.140785 0.283381
    outer loop
      vertex 7.71507 -6.34387 13.6009
      vertex 7.70354 -6.42156 13.6009
      vertex 7.73531 -6.42468 13.7088
    endloop
  endfacet
  facet normal -0.774289 0.464008 0.430317
    outer loop
      vertex 7.93233 -6.1207 13.9089
      vertex 7.85702 -6.15632 13.8118
      vertex 7.89789 -6.17817 13.9089
    endloop
  endfacet
  facet normal -0.643744 0.230311 0.72976
    outer loop
      vertex 8.0322 -6.30623 14.1558
      vertex 8.01546 -6.35302 14.1558
      vertex 8.08183 -6.37315 14.2207
    endloop
  endfacet
  facet normal -0.676243 0.100439 0.7298
    outer loop
      vertex 8.00339 -6.40122 14.1558
      vertex 7.99609 -6.45037 14.1558
      vertex 8.06512 -6.45717 14.2207
    endloop
  endfacet
  facet normal -0.586395 0.351535 0.72977
    outer loop
      vertex 8.07899 -6.21869 14.1558
      vertex 8.05344 -6.26131 14.1558
      vertex 8.13666 -6.25722 14.2207
    endloop
  endfacet
  facet normal -0.19778 0.789408 0.581136
    outer loop
      vertex 8.37713 -5.88229 13.9992
      vertex 8.31718 -5.89731 13.9992
      vertex 8.38864 -5.94014 14.0817
    endloop
  endfacet
  facet normal -0.60293 0.546559 0.581162
    outer loop
      vertex 8.09637 -6.09637 14.0817
      vertex 8.01315 -6.10045 13.9992
      vertex 8.05875 -6.13787 14.0817
    endloop
  endfacet
  facet normal -0.939224 0.336062 0.0701428
    outer loop
      vertex 7.71565 -6.17511 13.2584
      vertex 7.68758 -6.25356 13.2584
      vertex 7.69541 -6.25593 13.3746
    endloop
  endfacet
  facet normal -0.967639 0.242393 0.070147
    outer loop
      vertex 7.68758 -6.25356 13.2584
      vertex 7.67536 -6.33597 13.3746
      vertex 7.69541 -6.25593 13.3746
    endloop
  endfacet
  facet normal -0.901759 0.426519 0.0700799
    outer loop
      vertex 7.75848 -6.10365 13.3746
      vertex 7.71565 -6.17511 13.2584
      vertex 7.7232 -6.17824 13.3746
    endloop
  endfacet
  facet normal -0.861983 -0.0423778 0.505162
    outer loop
      vertex 7.87019 -6.5 13.9992
      vertex 7.81727 -6.5 13.9089
      vertex 7.82056 -6.56692 13.9089
    endloop
  endfacet
  facet normal -0.901596 0.044285 0.430306
    outer loop
      vertex 7.77444 -6.42854 13.8118
      vertex 7.77093 -6.5 13.8118
      vertex 7.82056 -6.43308 13.9089
    endloop
  endfacet
  facet normal -0.960361 0.24089 -0.140279
    outer loop
      vertex 7.70046 -6.25746 12.9882
      vertex 7.69464 -6.27152 13.0039
      vertex 7.69541 -6.25593 13.0254
    endloop
  endfacet
  facet normal -0.960465 0.2406 -0.140065
    outer loop
      vertex 7.69464 -6.27152 13.0039
      vertex 7.6867 -6.2907 13.0254
      vertex 7.69541 -6.25593 13.0254
    endloop
  endfacet
  facet normal -0.66985 -0.73917 0.0702085
    outer loop
      vertex 7.90547 -7.09453 13.3746
      vertex 7.89968 -7.10032 13.2584
      vertex 7.96142 -7.15627 13.2584
    endloop
  endfacet
  facet normal -0.855609 -0.512857 0.0700812
    outer loop
      vertex 7.75848 -6.89635 13.3746
      vertex 7.75127 -6.9002 13.2584
      vertex 7.8009 -6.96712 13.3746
    endloop
  endfacet
  facet normal -0.855655 -0.51277 0.0701511
    outer loop
      vertex 7.8009 -6.96712 13.3746
      vertex 7.75127 -6.9002 13.2584
      vertex 7.7941 -6.97167 13.2584
    endloop
  endfacet
  facet normal -0.967639 -0.242393 0.070147
    outer loop
      vertex 7.69541 -6.74407 13.3746
      vertex 7.67536 -6.66403 13.3746
      vertex 7.68758 -6.74644 13.2584
    endloop
  endfacet
  facet normal -0.895012 -0.423328 0.140527
    outer loop
      vertex 7.77283 -6.88868 13.4891
      vertex 7.7232 -6.82176 13.3746
      vertex 7.75848 -6.89635 13.3746
    endloop
  endfacet
  facet normal -0.920259 -0.329277 0.211424
    outer loop
      vertex 7.73415 -6.73232 13.6009
      vertex 7.71098 -6.73935 13.4891
      vertex 7.76061 -6.80627 13.6009
    endloop
  endfacet
  facet normal -0.802233 -0.597011 -0
    outer loop
      vertex 7.79698 -6.97554 13.2
      vertex 7.7941 -6.97167 13.1416
      vertex 7.79698 -6.97554 13.1416
    endloop
  endfacet
  facet normal -0.802233 -0.597011 0
    outer loop
      vertex 7.7941 -6.97167 13.1416
      vertex 7.79698 -6.97554 13.2
      vertex 7.7941 -6.97167 13.2584
    endloop
  endfacet
  facet normal -0.80323 -0.595669 -0
    outer loop
      vertex 7.84373 -7.03858 13.2584
      vertex 7.79698 -6.97554 13.2
      vertex 7.84373 -7.03858 13.2
    endloop
  endfacet
  facet normal -0.803172 -0.595747 -0.000130048
    outer loop
      vertex 7.79698 -6.97554 13.2
      vertex 7.84373 -7.03858 13.2584
      vertex 7.7941 -6.97167 13.2584
    endloop
  endfacet
  facet normal -0.618062 -0.292245 0.729789
    outer loop
      vertex 8.11461 -6.70599 14.2207
      vertex 8.0322 -6.69377 14.1558
      vertex 8.05344 -6.73869 14.1558
    endloop
  endfacet
  facet normal -0.682374 -0.322654 0.655942
    outer loop
      vertex 8.0322 -6.69377 14.1558
      vertex 7.99658 -6.76908 14.0817
      vertex 8.05344 -6.73869 14.1558
    endloop
  endfacet
  facet normal -0.541716 -0.25624 0.800553
    outer loop
      vertex 8.16424 -6.63908 14.2757
      vertex 8.11461 -6.70599 14.2207
      vertex 8.17949 -6.67132 14.2757
    endloop
  endfacet
  facet normal -0.487148 -0.122069 0.864746
    outer loop
      vertex 8.22597 -6.58312 14.3204
      vertex 8.14356 -6.5709 14.2757
      vertex 8.15223 -6.6055 14.2757
    endloop
  endfacet
  facet normal -0.693232 -0.514095 0.505109
    outer loop
      vertex 7.97633 -6.8499 13.9992
      vertex 7.97225 -6.93312 13.9089
      vertex 8.01315 -6.89955 13.9992
    endloop
  endfacet
  facet normal -0.418343 -0.698029 0.581158
    outer loop
      vertex 8.23092 -7.00342 14.0817
      vertex 8.1501 -7.02367 13.9992
      vertex 8.20311 -7.05544 13.9992
    endloop
  endfacet
  facet normal -0.506921 -0.559203 0.65599
    outer loop
      vertex 8.17878 -6.89141 14.1558
      vertex 8.09637 -6.90363 14.0817
      vertex 8.13787 -6.94125 14.0817
    endloop
  endfacet
  facet normal -0.459117 -0.506623 0.729757
    outer loop
      vertex 8.191 -6.809 14.2207
      vertex 8.17878 -6.89141 14.1558
      vertex 8.22278 -6.8378 14.2207
    endloop
  endfacet
  facet normal -0.692318 -0.627539 0.356217
    outer loop
      vertex 7.93642 -6.96252 13.8118
      vertex 7.90603 -6.98746 13.7088
      vertex 7.98447 -7.01553 13.8118
    endloop
  endfacet
  facet normal -0.724998 -0.537754 0.430347
    outer loop
      vertex 7.97225 -6.93312 13.9089
      vertex 7.93233 -6.8793 13.9089
      vertex 7.93642 -6.96252 13.8118
    endloop
  endfacet
  facet normal -0.82252 -0.493105 0.283386
    outer loop
      vertex 7.86111 -6.92689 13.7088
      vertex 7.82234 -6.86222 13.7088
      vertex 7.83457 -6.94463 13.6009
    endloop
  endfacet
  facet normal -0.822582 -0.493036 0.283327
    outer loop
      vertex 7.82234 -6.86222 13.7088
      vertex 7.79419 -6.87726 13.6009
      vertex 7.83457 -6.94463 13.6009
    endloop
  endfacet
  facet normal -0.664859 -0.73362 0.140585
    outer loop
      vertex 7.97693 -7.13737 13.4891
      vertex 7.91697 -7.08303 13.4891
      vertex 7.9666 -7.14995 13.3746
    endloop
  endfacet
  facet normal -0.724262 -0.656316 0.211409
    outer loop
      vertex 7.93409 -7.06591 13.6009
      vertex 7.88135 -7.00771 13.6009
      vertex 7.91697 -7.08303 13.4891
    endloop
  endfacet
  facet normal -0.780142 -0.369073 0.505137
    outer loop
      vertex 7.94456 -6.79689 13.9992
      vertex 7.86924 -6.76127 13.9089
      vertex 7.89789 -6.82183 13.9089
    endloop
  endfacet
  facet normal -0.780144 -0.369057 0.505146
    outer loop
      vertex 7.91813 -6.74102 13.9992
      vertex 7.86924 -6.76127 13.9089
      vertex 7.94456 -6.79689 13.9992
    endloop
  endfacet
  facet normal -0.883592 -0.417819 0.211404
    outer loop
      vertex 7.76061 -6.80627 13.6009
      vertex 7.73824 -6.81553 13.4891
      vertex 7.77283 -6.88868 13.4891
    endloop
  endfacet
  facet normal -0.883521 -0.417927 0.211491
    outer loop
      vertex 7.79419 -6.87726 13.6009
      vertex 7.76061 -6.80627 13.6009
      vertex 7.77283 -6.88868 13.4891
    endloop
  endfacet
  facet normal -0.906423 -0.226965 0.356207
    outer loop
      vertex 7.78494 -6.64223 13.8118
      vertex 7.7647 -6.72305 13.7088
      vertex 7.80232 -6.71164 13.8118
    endloop
  endfacet
  facet normal -0.906332 -0.227141 0.356327
    outer loop
      vertex 7.78494 -6.64223 13.8118
      vertex 7.74637 -6.64991 13.7088
      vertex 7.7647 -6.72305 13.7088
    endloop
  endfacet
  facet normal 0.209712 -0.837174 0.505134
    outer loop
      vertex 8.69818 -7.15333 13.9089
      vertex 8.62287 -7.11771 13.9992
      vertex 8.63319 -7.16961 13.9089
    endloop
  endfacet
  facet normal 0.290701 -0.812598 0.505151
    outer loop
      vertex 8.76127 -7.13076 13.9089
      vertex 8.68282 -7.10269 13.9992
      vertex 8.69818 -7.15333 13.9089
    endloop
  endfacet
  facet normal -0.145307 -0.979355 0.140534
    outer loop
      vertex 8.33914 -7.30868 13.4891
      vertex 8.33597 -7.32464 13.3746
      vertex 8.41759 -7.33675 13.3746
    endloop
  endfacet
  facet normal -0.240581 -0.960402 0.14053
    outer loop
      vertex 8.33914 -7.30868 13.4891
      vertex 8.25593 -7.30459 13.3746
      vertex 8.33597 -7.32464 13.3746
    endloop
  endfacet
  facet normal -0.0490935 -0.998794 0
    outer loop
      vertex 8.41679 -7.34489 13.2
      vertex 8.5 -7.34898 13.2584
      vertex 8.41679 -7.34489 13.2584
    endloop
  endfacet
  facet normal -0.0490935 -0.998794 -0
    outer loop
      vertex 8.5 -7.34898 13.2584
      vertex 8.41679 -7.34489 13.2
      vertex 8.5 -7.34898 13.2
    endloop
  endfacet
  facet normal 0.0479527 -0.976205 0.211482
    outer loop
      vertex 8.5 -7.30031 13.6009
      vertex 8.5 -7.32453 13.4891
      vertex 8.58082 -7.32056 13.4891
    endloop
  endfacet
  facet normal -0.0479527 -0.976205 0.211482
    outer loop
      vertex 8.5 -7.30031 13.6009
      vertex 8.41918 -7.32056 13.4891
      vertex 8.5 -7.32453 13.4891
    endloop
  endfacet
  facet normal -0.219347 -0.875638 0.430285
    outer loop
      vertex 8.36681 -7.16961 13.9089
      vertex 8.30182 -7.15333 13.9089
      vertex 8.35777 -7.21506 13.8118
    endloop
  endfacet
  facet normal -0.0458452 -0.933259 0.356266
    outer loop
      vertex 8.42854 -7.22556 13.8118
      vertex 8.42468 -7.26469 13.7088
      vertex 8.5 -7.26839 13.7088
    endloop
  endfacet
  facet normal -0.386038 -0.816001 0.430252
    outer loop
      vertex 8.23873 -7.13076 13.9089
      vertex 8.17817 -7.10211 13.9089
      vertex 8.221 -7.17357 13.8118
    endloop
  endfacet
  facet normal -0.044285 -0.901596 0.430306
    outer loop
      vertex 8.43308 -7.17944 13.9089
      vertex 8.42854 -7.22556 13.8118
      vertex 8.5 -7.22907 13.8118
    endloop
  endfacet
  facet normal -0.44958 -0.606266 0.655987
    outer loop
      vertex 8.17878 -6.89141 14.1558
      vertex 8.13787 -6.94125 14.0817
      vertex 8.18287 -6.97462 14.0817
    endloop
  endfacet
  facet normal -0.606185 -0.668838 0.430343
    outer loop
      vertex 8.06688 -7.02775 13.9089
      vertex 8.01724 -6.98276 13.9089
      vertex 8.03748 -7.06358 13.8118
    endloop
  endfacet
  facet normal 0.0443258 -0.901605 0.430282
    outer loop
      vertex 8.5 -7.18273 13.9089
      vertex 8.5 -7.22907 13.8118
      vertex 8.56692 -7.17944 13.9089
    endloop
  endfacet
  facet normal 0.0423114 -0.862008 0.505126
    outer loop
      vertex 8.56173 -7.12678 13.9992
      vertex 8.5 -7.12981 13.9992
      vertex 8.56692 -7.17944 13.9089
    endloop
  endfacet
  facet normal -0.0736441 -0.496781 0.864746
    outer loop
      vertex 8.47193 -6.78498 14.3204
      vertex 8.4291 -6.85644 14.2757
      vertex 8.46438 -6.86167 14.2757
    endloop
  endfacet
  facet normal -0.138097 -0.230528 0.963216
    outer loop
      vertex 8.43071 -6.6037 14.3771
      vertex 8.40264 -6.68215 14.3543
      vertex 8.44121 -6.60999 14.3771
    endloop
  endfacet
  facet normal -0.230352 -0.643711 0.729777
    outer loop
      vertex 8.33277 -6.90372 14.2207
      vertex 8.30623 -6.9678 14.1558
      vertex 8.37315 -6.91817 14.2207
    endloop
  endfacet
  facet normal -0.602925 -0.54657 0.581157
    outer loop
      vertex 8.09637 -6.90363 14.0817
      vertex 8.01315 -6.89955 13.9992
      vertex 8.05466 -6.94534 13.9992
    endloop
  endfacet
  facet normal -0.426519 -0.901759 0.0700799
    outer loop
      vertex 8.17824 -7.2768 13.3746
      vertex 8.10365 -7.24152 13.3746
      vertex 8.17511 -7.28435 13.2584
    endloop
  endfacet
  facet normal -0.335977 -0.93926 0.0700776
    outer loop
      vertex 8.17824 -7.2768 13.3746
      vertex 8.17511 -7.28435 13.2584
      vertex 8.25593 -7.30459 13.3746
    endloop
  endfacet
  facet normal -0.237479 -0.948105 0.211423
    outer loop
      vertex 8.26768 -7.26585 13.6009
      vertex 8.26065 -7.28902 13.4891
      vertex 8.33914 -7.30868 13.4891
    endloop
  endfacet
  facet normal -0.329277 -0.920259 0.211424
    outer loop
      vertex 8.26768 -7.26585 13.6009
      vertex 8.19373 -7.23939 13.6009
      vertex 8.26065 -7.28902 13.4891
    endloop
  endfacet
  facet normal 0.426514 -0.901762 -0.0700842
    outer loop
      vertex 8.9002 -7.24873 13.1416
      vertex 8.82489 -7.28435 13.1416
      vertex 8.89635 -7.24152 13.0254
    endloop
  endfacet
  facet normal -0.502473 -0.838327 0.211493
    outer loop
      vertex 8.12274 -7.20581 13.6009
      vertex 8.05537 -7.16543 13.6009
      vertex 8.11132 -7.22717 13.4891
    endloop
  endfacet
  facet normal -0.417927 -0.883521 0.211491
    outer loop
      vertex 8.12274 -7.20581 13.6009
      vertex 8.11132 -7.22717 13.4891
      vertex 8.19373 -7.23939 13.6009
    endloop
  endfacet
  facet normal -0.94811 -0.237432 0.211455
    outer loop
      vertex 7.71507 -6.65613 13.6009
      vertex 7.69132 -6.66086 13.4891
      vertex 7.73415 -6.73232 13.6009
    endloop
  endfacet
  facet normal -0.930305 -0.232973 0.283296
    outer loop
      vertex 7.74637 -6.64991 13.7088
      vertex 7.71507 -6.65613 13.6009
      vertex 7.73415 -6.73232 13.6009
    endloop
  endfacet
  facet normal 0.595747 -0.803172 -0.000130048
    outer loop
      vertex 8.97167 -7.2059 13.2584
      vertex 8.97554 -7.20302 13.2
      vertex 9.03858 -7.15627 13.2584
    endloop
  endfacet
  facet normal 0.597011 -0.802233 0
    outer loop
      vertex 8.97167 -7.2059 13.1416
      vertex 8.97554 -7.20302 13.2
      vertex 8.97167 -7.2059 13.2584
    endloop
  endfacet
  facet normal 0.597011 -0.802233 0
    outer loop
      vertex 8.97554 -7.20302 13.2
      vertex 8.97167 -7.2059 13.1416
      vertex 8.97554 -7.20302 13.1416
    endloop
  endfacet
  facet normal 0.595669 -0.80323 0
    outer loop
      vertex 9.03858 -7.15627 13.2584
      vertex 8.97554 -7.20302 13.2
      vertex 9.03858 -7.15627 13.2
    endloop
  endfacet
  facet normal 0.857768 -0.514037 0
    outer loop
      vertex 9.2059 -6.97167 13.2584
      vertex 9.24873 -6.9002 13.1416
      vertex 9.24873 -6.9002 13.2584
    endloop
  endfacet
  facet normal 0.857768 -0.514037 0
    outer loop
      vertex 9.24873 -6.9002 13.1416
      vertex 9.2059 -6.97167 13.2584
      vertex 9.2059 -6.97167 13.1416
    endloop
  endfacet
  facet normal 0.800235 -0.595523 -0.0705433
    outer loop
      vertex 9.2059 -6.97167 13.1416
      vertex 9.20302 -6.97554 13.1416
      vertex 9.2049 -6.971 13.1246
    endloop
  endfacet
  facet normal 0.932248 0.333468 -0.140403
    outer loop
      vertex 9.30459 -6.25593 13.0254
      vertex 9.28242 -6.21614 12.9727
      vertex 9.2768 -6.17824 13.0254
    endloop
  endfacet
  facet normal 0.932212 0.333622 -0.140272
    outer loop
      vertex 9.28242 -6.21614 12.9727
      vertex 9.30459 -6.25593 13.0254
      vertex 9.29954 -6.25746 12.9882
    endloop
  endfacet
  facet normal 0.932172 0.333628 -0.140525
    outer loop
      vertex 9.28242 -6.21614 12.9727
      vertex 9.2682 -6.1818 12.9599
      vertex 9.2768 -6.17824 13.0254
    endloop
  endfacet
  facet normal 0.970036 0.242959 0
    outer loop
      vertex 9.33266 -6.33437 13.2584
      vertex 9.31242 -6.25356 13.1416
      vertex 9.31242 -6.25356 13.2584
    endloop
  endfacet
  facet normal 0.970036 0.242959 0
    outer loop
      vertex 9.31242 -6.25356 13.1416
      vertex 9.33266 -6.33437 13.2584
      vertex 9.33266 -6.33437 13.1416
    endloop
  endfacet
  facet normal 0.967656 0.242363 -0.0700191
    outer loop
      vertex 9.33149 -6.33461 13.1246
      vertex 9.31242 -6.25356 13.1416
      vertex 9.33266 -6.33437 13.1416
    endloop
  endfacet
  facet normal 0.96765 0.242372 -0.0700683
    outer loop
      vertex 9.31242 -6.25356 13.1416
      vertex 9.33149 -6.33461 13.1246
      vertex 9.32051 -6.30809 13.0647
    endloop
  endfacet
  facet normal 0.967639 0.242393 0.070147
    outer loop
      vertex 9.31242 -6.25356 13.2584
      vertex 9.30459 -6.25593 13.3746
      vertex 9.32464 -6.33597 13.3746
    endloop
  endfacet
  facet normal 0.967649 0.242361 0.0701232
    outer loop
      vertex 9.33266 -6.33437 13.2584
      vertex 9.31242 -6.25356 13.2584
      vertex 9.32464 -6.33597 13.3746
    endloop
  endfacet
  facet normal 0.73904 0.670008 0.0700635
    outer loop
      vertex 9.15627 -5.96142 13.2584
      vertex 9.09453 -5.90547 13.3746
      vertex 9.14995 -5.9666 13.3746
    endloop
  endfacet
  facet normal 0.733516 0.665 0.140462
    outer loop
      vertex 9.09453 -5.90547 13.3746
      vertex 9.08303 -5.91697 13.4891
      vertex 9.14995 -5.9666 13.3746
    endloop
  endfacet
  facet normal 0.801193 -0.594279 0.0701556
    outer loop
      vertex 9.1991 -6.96712 13.3746
      vertex 9.15627 -7.03858 13.2584
      vertex 9.2059 -6.97167 13.2584
    endloop
  endfacet
  facet normal 0.855655 -0.51277 0.0701511
    outer loop
      vertex 9.24873 -6.9002 13.2584
      vertex 9.1991 -6.96712 13.3746
      vertex 9.2059 -6.97167 13.2584
    endloop
  endfacet
  facet normal 0.960465 -0.2406 -0.140065
    outer loop
      vertex 9.3133 -6.7093 13.0254
      vertex 9.30459 -6.74407 13.0254
      vertex 9.30536 -6.72848 13.0039
    endloop
  endfacet
  facet normal 0.895094 -0.423155 -0.140523
    outer loop
      vertex 9.2768 -6.82176 13.0254
      vertex 9.25398 -6.85253 12.9727
      vertex 9.2682 -6.8182 12.9599
    endloop
  endfacet
  facet normal 0.932172 -0.333628 -0.140525
    outer loop
      vertex 9.2768 -6.82176 13.0254
      vertex 9.2682 -6.8182 12.9599
      vertex 9.28242 -6.78386 12.9727
    endloop
  endfacet
  facet normal -0.802233 0.597011 0
    outer loop
      vertex 7.79698 -6.02446 13.1416
      vertex 7.7941 -6.02833 13.1416
      vertex 7.79698 -6.02446 13.2
    endloop
  endfacet
  facet normal -0.80323 0.595669 0
    outer loop
      vertex 7.79698 -6.02446 13.2
      vertex 7.84373 -5.96142 13.2584
      vertex 7.84373 -5.96142 13.2
    endloop
  endfacet
  facet normal -0.803172 0.595747 -0.000130048
    outer loop
      vertex 7.79698 -6.02446 13.2
      vertex 7.7941 -6.02833 13.2584
      vertex 7.84373 -5.96142 13.2584
    endloop
  endfacet
  facet normal -0.802233 0.597011 0
    outer loop
      vertex 7.7941 -6.02833 13.2584
      vertex 7.79698 -6.02446 13.2
      vertex 7.7941 -6.02833 13.1416
    endloop
  endfacet
  facet normal -0.73917 0.66985 0.0702085
    outer loop
      vertex 7.89968 -5.89968 13.2584
      vertex 7.84373 -5.96142 13.2584
      vertex 7.90547 -5.90547 13.3746
    endloop
  endfacet
  facet normal -0.426514 0.901762 0.0700842
    outer loop
      vertex 8.17511 -5.71565 13.2584
      vertex 8.0998 -5.75127 13.2584
      vertex 8.10365 -5.75848 13.3746
    endloop
  endfacet
  facet normal -0.664859 0.73362 0.140585
    outer loop
      vertex 7.9666 -5.85005 13.3746
      vertex 7.91697 -5.91697 13.4891
      vertex 7.97693 -5.86263 13.4891
    endloop
  endfacet
  facet normal -0.589785 0.79523 0.140581
    outer loop
      vertex 8.04192 -5.81443 13.4891
      vertex 7.9666 -5.85005 13.3746
      vertex 7.97693 -5.86263 13.4891
    endloop
  endfacet
  facet normal -0.512771 0.85566 -0.0700816
    outer loop
      vertex 8.10365 -5.75848 13.0254
      vertex 8.05551 -5.78411 13.0647
      vertex 8.0998 -5.75127 13.1416
    endloop
  endfacet
  facet normal -0.512819 0.855625 -0.0701632
    outer loop
      vertex 8.05551 -5.78411 13.0647
      vertex 8.10365 -5.75848 13.0254
      vertex 8.0729 -5.77691 13.0254
    endloop
  endfacet
  facet normal -0.427565 0.903985 0
    outer loop
      vertex 8.17511 -5.71565 13.1416
      vertex 8.0998 -5.75127 13.2584
      vertex 8.17511 -5.71565 13.2584
    endloop
  endfacet
  facet normal -0.427565 0.903985 0
    outer loop
      vertex 8.0998 -5.75127 13.2584
      vertex 8.17511 -5.71565 13.1416
      vertex 8.0998 -5.75127 13.1416
    endloop
  endfacet
  facet normal -0.595523 0.800235 -0.0705433
    outer loop
      vertex 8.029 -5.7951 13.1246
      vertex 8.02446 -5.79698 13.1416
      vertex 8.02833 -5.7941 13.1416
    endloop
  endfacet
  facet normal -0.336062 0.939224 -0.0701428
    outer loop
      vertex 8.25593 -5.69541 13.0254
      vertex 8.17511 -5.71565 13.1416
      vertex 8.25356 -5.68758 13.1416
    endloop
  endfacet
  facet normal -0.323033 0.902967 0.283373
    outer loop
      vertex 8.27695 -5.7647 13.7088
      vertex 8.19373 -5.76061 13.6009
      vertex 8.20595 -5.7901 13.7088
    endloop
  endfacet
  facet normal -0.386038 0.816001 0.430252
    outer loop
      vertex 8.221 -5.82643 13.8118
      vertex 8.17817 -5.89789 13.9089
      vertex 8.23873 -5.86924 13.9089
    endloop
  endfacet
  facet normal 0.0485757 0.988888 0.140501
    outer loop
      vertex 8.58241 -5.66325 13.3746
      vertex 8.5 -5.67547 13.4891
      vertex 8.58082 -5.67944 13.4891
    endloop
  endfacet
  facet normal -0.143483 0.9668 0.21145
    outer loop
      vertex 8.42156 -5.70354 13.6009
      vertex 8.33914 -5.69132 13.4891
      vertex 8.34387 -5.71507 13.6009
    endloop
  endfacet
  facet normal -0.237432 0.94811 0.211455
    outer loop
      vertex 8.33914 -5.69132 13.4891
      vertex 8.26768 -5.73415 13.6009
      vertex 8.34387 -5.71507 13.6009
    endloop
  endfacet
  facet normal -0.329301 0.920254 0.211408
    outer loop
      vertex 8.26065 -5.71098 13.4891
      vertex 8.18447 -5.73824 13.4891
      vertex 8.19373 -5.76061 13.6009
    endloop
  endfacet
  facet normal -0.423234 0.895045 0.140596
    outer loop
      vertex 8.17824 -5.7232 13.3746
      vertex 8.11132 -5.77283 13.4891
      vertex 8.18447 -5.73824 13.4891
    endloop
  endfacet
  facet normal -0.582229 0.785043 0.211465
    outer loop
      vertex 8.04192 -5.81443 13.4891
      vertex 7.97693 -5.86263 13.4891
      vertex 8.05537 -5.83457 13.6009
    endloop
  endfacet
  facet normal -0.502505 0.838313 0.21147
    outer loop
      vertex 8.11132 -5.77283 13.4891
      vertex 8.04192 -5.81443 13.4891
      vertex 8.05537 -5.83457 13.6009
    endloop
  endfacet
  facet normal -0.502473 0.838327 0.211493
    outer loop
      vertex 8.11132 -5.77283 13.4891
      vertex 8.05537 -5.83457 13.6009
      vertex 8.12274 -5.79419 13.6009
    endloop
  endfacet
  facet normal -0.571264 0.770291 0.28339
    outer loop
      vertex 8.05537 -5.83457 13.6009
      vertex 8.01254 -5.90603 13.7088
      vertex 8.07311 -5.86111 13.7088
    endloop
  endfacet
  facet normal -0.656316 0.724262 0.211409
    outer loop
      vertex 7.99229 -5.88135 13.6009
      vertex 7.91697 -5.91697 13.4891
      vertex 7.93409 -5.93409 13.6009
    endloop
  endfacet
  facet normal -0.692329 0.62752 0.356231
    outer loop
      vertex 7.95667 -5.95667 13.7088
      vertex 7.90603 -6.01254 13.7088
      vertex 7.98447 -5.98447 13.8118
    endloop
  endfacet
  facet normal -0.710616 0.64395 0.283467
    outer loop
      vertex 7.93409 -5.93409 13.6009
      vertex 7.88135 -5.99229 13.6009
      vertex 7.95667 -5.95667 13.7088
    endloop
  endfacet
  facet normal -0.79523 0.589785 0.140581
    outer loop
      vertex 7.85005 -5.9666 13.3746
      vertex 7.81443 -6.04192 13.4891
      vertex 7.86263 -5.97693 13.4891
    endloop
  endfacet
  facet normal -0.653658 0.484747 0.581164
    outer loop
      vertex 8.01315 -6.10045 13.9992
      vertex 7.97633 -6.1501 13.9992
      vertex 8.05875 -6.13787 14.0817
    endloop
  endfacet
  facet normal -0.506612 0.459143 0.729748
    outer loop
      vertex 8.14196 -6.14196 14.1558
      vertex 8.10859 -6.17878 14.1558
      vertex 8.191 -6.191 14.2207
    endloop
  endfacet
  facet normal -0.399475 0.844671 0.356301
    outer loop
      vertex 8.20595 -5.7901 13.7088
      vertex 8.13778 -5.82234 13.7088
      vertex 8.221 -5.82643 13.8118
    endloop
  endfacet
  facet normal -0.493105 0.82252 0.283386
    outer loop
      vertex 8.13778 -5.82234 13.7088
      vertex 8.05537 -5.83457 13.6009
      vertex 8.07311 -5.86111 13.7088
    endloop
  endfacet
  facet normal -0.2741 0.766217 0.581188
    outer loop
      vertex 8.31718 -5.89731 13.9992
      vertex 8.25898 -5.91813 13.9992
      vertex 8.28156 -5.97263 14.0817
    endloop
  endfacet
  facet normal -0.11942 0.804998 0.581135
    outer loop
      vertex 8.43827 -5.87322 13.9992
      vertex 8.37713 -5.88229 13.9992
      vertex 8.38864 -5.94014 14.0817
    endloop
  endfacet
  facet normal -0.464008 0.774289 0.430317
    outer loop
      vertex 8.15632 -5.85702 13.8118
      vertex 8.1207 -5.93233 13.9089
      vertex 8.17817 -5.89789 13.9089
    endloop
  endfacet
  facet normal -0.602925 0.54657 0.581157
    outer loop
      vertex 8.05466 -6.05466 13.9992
      vertex 8.01315 -6.10045 13.9992
      vertex 8.09637 -6.09637 14.0817
    endloop
  endfacet
  facet normal 0.0423114 0.862008 0.505126
    outer loop
      vertex 8.56692 -5.82056 13.9089
      vertex 8.5 -5.87019 13.9992
      vertex 8.56173 -5.87322 13.9992
    endloop
  endfacet
  facet normal 0.0369184 0.753863 0.655993
    outer loop
      vertex 8.5 -5.92918 14.0817
      vertex 8.5 -5.99366 14.1558
      vertex 8.55595 -5.93192 14.0817
    endloop
  endfacet
  facet normal 0.844667 -0.39948 0.356305
    outer loop
      vertex 9.17357 -6.779 13.8118
      vertex 9.14298 -6.84368 13.8118
      vertex 9.17766 -6.86222 13.7088
    endloop
  endfacet
  facet normal 0.879718 -0.314875 0.356301
    outer loop
      vertex 9.19768 -6.71164 13.8118
      vertex 9.17357 -6.779 13.8118
      vertex 9.2099 -6.79405 13.7088
    endloop
  endfacet
  facet normal 0.770291 -0.571264 0.28339
    outer loop
      vertex 9.13889 -6.92689 13.7088
      vertex 9.09397 -6.98746 13.7088
      vertex 9.16543 -6.94463 13.6009
    endloop
  endfacet
  facet normal 0.82252 -0.493105 0.283386
    outer loop
      vertex 9.17766 -6.86222 13.7088
      vertex 9.13889 -6.92689 13.7088
      vertex 9.16543 -6.94463 13.6009
    endloop
  endfacet
  facet normal 0.920259 -0.329277 0.211424
    outer loop
      vertex 9.26585 -6.73232 13.6009
      vertex 9.23939 -6.80627 13.6009
      vertex 9.28902 -6.73935 13.4891
    endloop
  endfacet
  facet normal 0.902939 -0.32308 0.283408
    outer loop
      vertex 9.26585 -6.73232 13.6009
      vertex 9.2353 -6.72305 13.7088
      vertex 9.23939 -6.80627 13.6009
    endloop
  endfacet
  facet normal 0.710559 -0.644044 0.283396
    outer loop
      vertex 9.09397 -6.98746 13.7088
      vertex 9.04333 -7.04333 13.7088
      vertex 9.11865 -7.00771 13.6009
    endloop
  endfacet
  facet normal 0.710616 -0.64395 0.283467
    outer loop
      vertex 9.11865 -7.00771 13.6009
      vertex 9.04333 -7.04333 13.7088
      vertex 9.06591 -7.06591 13.6009
    endloop
  endfacet
  facet normal 0.724226 -0.656345 0.21144
    outer loop
      vertex 9.11865 -7.00771 13.6009
      vertex 9.08303 -7.08303 13.4891
      vertex 9.13737 -7.02307 13.4891
    endloop
  endfacet
  facet normal 0.73362 -0.664859 0.140585
    outer loop
      vertex 9.13737 -7.02307 13.4891
      vertex 9.08303 -7.08303 13.4891
      vertex 9.14995 -7.0334 13.3746
    endloop
  endfacet
  facet normal 0.875636 -0.219256 0.430336
    outer loop
      vertex 9.21506 -6.64223 13.8118
      vertex 9.15333 -6.69818 13.9089
      vertex 9.19768 -6.71164 13.8118
    endloop
  endfacet
  facet normal 0.853701 -0.126645 0.505129
    outer loop
      vertex 9.12678 -6.56173 13.9992
      vertex 9.11771 -6.62287 13.9992
      vertex 9.17944 -6.56692 13.9089
    endloop
  endfacet
  facet normal 0.56421 -0.201903 0.800564
    outer loop
      vertex 8.91817 -6.62685 14.2207
      vertex 8.84777 -6.6055 14.2757
      vertex 8.90372 -6.66723 14.2207
    endloop
  endfacet
  facet normal 0.618058 -0.292286 0.729776
    outer loop
      vertex 8.90372 -6.66723 14.2207
      vertex 8.88539 -6.70599 14.2207
      vertex 8.9678 -6.69377 14.1558
    endloop
  endfacet
  facet normal 0.837174 -0.209712 0.505134
    outer loop
      vertex 9.16961 -6.63319 13.9089
      vertex 9.11771 -6.62287 13.9992
      vertex 9.15333 -6.69818 13.9089
    endloop
  endfacet
  facet normal 0.875638 -0.219347 0.430285
    outer loop
      vertex 9.16961 -6.63319 13.9089
      vertex 9.15333 -6.69818 13.9089
      vertex 9.21506 -6.64223 13.8118
    endloop
  endfacet
  facet normal 0.901596 -0.044285 0.430306
    outer loop
      vertex 9.22907 -6.5 13.8118
      vertex 9.17944 -6.56692 13.9089
      vertex 9.22556 -6.57146 13.8118
    endloop
  endfacet
  facet normal 0.89291 -0.132479 0.430303
    outer loop
      vertex 9.22556 -6.57146 13.8118
      vertex 9.17944 -6.56692 13.9089
      vertex 9.21506 -6.64223 13.8118
    endloop
  endfacet
  facet normal 0.95786 0.0470138 0.283363
    outer loop
      vertex 9.29646 -6.42156 13.6009
      vertex 9.26839 -6.5 13.7088
      vertex 9.30031 -6.5 13.6009
    endloop
  endfacet
  facet normal 0.95785 0.0470532 0.283389
    outer loop
      vertex 9.29646 -6.42156 13.6009
      vertex 9.26469 -6.42468 13.7088
      vertex 9.26839 -6.5 13.7088
    endloop
  endfacet
  facet normal 0.892923 0.13245 0.430285
    outer loop
      vertex 9.21506 -6.35777 13.8118
      vertex 9.16961 -6.36681 13.9089
      vertex 9.17944 -6.43308 13.9089
    endloop
  endfacet
  facet normal 0.89291 0.132479 0.430303
    outer loop
      vertex 9.21506 -6.35777 13.8118
      vertex 9.17944 -6.43308 13.9089
      vertex 9.22556 -6.42854 13.8118
    endloop
  endfacet
  facet normal 0.94866 -0.140665 0.283299
    outer loop
      vertex 9.26469 -6.57532 13.7088
      vertex 9.25363 -6.64991 13.7088
      vertex 9.28493 -6.65613 13.6009
    endloop
  endfacet
  facet normal 0.930305 -0.232973 0.283296
    outer loop
      vertex 9.28493 -6.65613 13.6009
      vertex 9.25363 -6.64991 13.7088
      vertex 9.26585 -6.73232 13.6009
    endloop
  endfacet
  facet normal 0.932233 -0.333463 0.140514
    outer loop
      vertex 9.28902 -6.73935 13.4891
      vertex 9.2768 -6.82176 13.3746
      vertex 9.30459 -6.74407 13.3746
    endloop
  endfacet
  facet normal 0.939224 -0.336062 0.0701428
    outer loop
      vertex 9.30459 -6.74407 13.3746
      vertex 9.28435 -6.82489 13.2584
      vertex 9.31242 -6.74644 13.2584
    endloop
  endfacet
  facet normal 0.967649 -0.242361 0.0701232
    outer loop
      vertex 9.32464 -6.66403 13.3746
      vertex 9.31242 -6.74644 13.2584
      vertex 9.33266 -6.66563 13.2584
    endloop
  endfacet
  facet normal 0.986735 -0.146418 0.0701194
    outer loop
      vertex 9.34489 -6.58321 13.2584
      vertex 9.32464 -6.66403 13.3746
      vertex 9.33266 -6.66563 13.2584
    endloop
  endfacet
  facet normal 0.240561 -0.960409 0.140515
    outer loop
      vertex 8.73935 -7.28902 13.4891
      vertex 8.66086 -7.30868 13.4891
      vertex 8.74407 -7.30459 13.3746
    endloop
  endfacet
  facet normal 0.423234 -0.895045 0.140596
    outer loop
      vertex 8.88868 -7.22717 13.4891
      vertex 8.81553 -7.26176 13.4891
      vertex 8.82176 -7.2768 13.3746
    endloop
  endfacet
  facet normal 0.23313 -0.930231 0.283408
    outer loop
      vertex 8.72305 -7.2353 13.7088
      vertex 8.64991 -7.25363 13.7088
      vertex 8.73232 -7.26585 13.6009
    endloop
  endfacet
  facet normal 0.227141 -0.906332 0.356327
    outer loop
      vertex 8.72305 -7.2353 13.7088
      vertex 8.64223 -7.21506 13.8118
      vertex 8.64991 -7.25363 13.7088
    endloop
  endfacet
  facet normal 0.774281 -0.464039 0.430299
    outer loop
      vertex 9.14298 -6.84368 13.8118
      vertex 9.06767 -6.8793 13.9089
      vertex 9.1062 -6.90505 13.8118
    endloop
  endfacet
  facet normal 0.750536 -0.556601 0.356218
    outer loop
      vertex 9.1062 -6.90505 13.8118
      vertex 9.06358 -6.96252 13.8118
      vertex 9.09397 -6.98746 13.7088
    endloop
  endfacet
  facet normal 0.423336 -0.895029 -0.140389
    outer loop
      vertex 8.85253 -7.25398 12.9727
      vertex 8.89635 -7.24152 13.0254
      vertex 8.82176 -7.2768 13.0254
    endloop
  endfacet
  facet normal 0.423403 -0.894988 -0.140455
    outer loop
      vertex 8.89635 -7.24152 13.0254
      vertex 8.85253 -7.25398 12.9727
      vertex 8.89386 -7.23686 12.9882
    endloop
  endfacet
  facet normal 0.512771 -0.85566 -0.0700816
    outer loop
      vertex 8.89635 -7.24152 13.0254
      vertex 8.94449 -7.21589 13.0647
      vertex 8.9002 -7.24873 13.1416
    endloop
  endfacet
  facet normal 0.512819 -0.855625 -0.0701632
    outer loop
      vertex 8.94449 -7.21589 13.0647
      vertex 8.89635 -7.24152 13.0254
      vertex 8.9271 -7.22309 13.0254
    endloop
  endfacet
  facet normal 0.589736 -0.795274 0.140535
    outer loop
      vertex 9.0334 -7.14995 13.3746
      vertex 8.95808 -7.18557 13.4891
      vertex 8.96712 -7.1991 13.3746
    endloop
  endfacet
  facet normal 0.664859 -0.73362 0.140585
    outer loop
      vertex 9.08303 -7.08303 13.4891
      vertex 9.02307 -7.13737 13.4891
      vertex 9.0334 -7.14995 13.3746
    endloop
  endfacet
  facet normal 0.671507 -0.740998 0
    outer loop
      vertex 9.03858 -7.15627 13.2
      vertex 9.10032 -7.10032 13.2584
      vertex 9.03858 -7.15627 13.2584
    endloop
  endfacet
  facet normal 0.671507 -0.740998 0
    outer loop
      vertex 9.10032 -7.10032 13.2584
      vertex 9.03858 -7.15627 13.2
      vertex 9.10032 -7.10032 13.2
    endloop
  endfacet
  facet normal 0.740998 -0.671507 0
    outer loop
      vertex 9.10032 -7.10032 13.2584
      vertex 9.15627 -7.03858 13.2
      vertex 9.15627 -7.03858 13.2584
    endloop
  endfacet
  facet normal 0.740998 -0.671507 0
    outer loop
      vertex 9.15627 -7.03858 13.2
      vertex 9.10032 -7.10032 13.2584
      vertex 9.10032 -7.10032 13.2
    endloop
  endfacet
  facet normal 0.692329 -0.62752 0.356231
    outer loop
      vertex 9.09397 -6.98746 13.7088
      vertex 9.01553 -7.01553 13.8118
      vertex 9.04333 -7.04333 13.7088
    endloop
  endfacet
  facet normal 0.62752 -0.692329 0.356231
    outer loop
      vertex 9.01553 -7.01553 13.8118
      vertex 8.98746 -7.09397 13.7088
      vertex 9.04333 -7.04333 13.7088
    endloop
  endfacet
  facet normal 0.464039 -0.774281 0.430299
    outer loop
      vertex 8.8793 -7.06767 13.9089
      vertex 8.84368 -7.14298 13.8118
      vertex 8.90505 -7.1062 13.8118
    endloop
  endfacet
  facet normal 0.556601 -0.750536 0.356218
    outer loop
      vertex 8.96252 -7.06358 13.8118
      vertex 8.90505 -7.1062 13.8118
      vertex 8.98746 -7.09397 13.7088
    endloop
  endfacet
  facet normal 0.537754 -0.724998 0.430347
    outer loop
      vertex 8.93312 -7.02775 13.9089
      vertex 8.8793 -7.06767 13.9089
      vertex 8.96252 -7.06358 13.8118
    endloop
  endfacet
  facet normal 0.514143 -0.693166 0.505151
    outer loop
      vertex 8.93312 -7.02775 13.9089
      vertex 8.8499 -7.02367 13.9992
      vertex 8.8793 -7.06767 13.9089
    endloop
  endfacet
  facet normal 0.493105 -0.82252 0.283386
    outer loop
      vertex 8.92689 -7.13889 13.7088
      vertex 8.86222 -7.17766 13.7088
      vertex 8.94463 -7.16543 13.6009
    endloop
  endfacet
  facet normal 0.571264 -0.770291 0.28339
    outer loop
      vertex 8.98746 -7.09397 13.7088
      vertex 8.92689 -7.13889 13.7088
      vertex 8.94463 -7.16543 13.6009
    endloop
  endfacet
  facet normal 0.50902 -0.849206 0.140527
    outer loop
      vertex 8.96712 -7.1991 13.3746
      vertex 8.88868 -7.22717 13.4891
      vertex 8.89635 -7.24152 13.3746
    endloop
  endfacet
  facet normal 0.240581 -0.960402 0.14053
    outer loop
      vertex 8.74407 -7.30459 13.3746
      vertex 8.66086 -7.30868 13.4891
      vertex 8.66403 -7.32464 13.3746
    endloop
  endfacet
  facet normal 0.242393 -0.967639 0.070147
    outer loop
      vertex 8.74407 -7.30459 13.3746
      vertex 8.66403 -7.32464 13.3746
      vertex 8.74644 -7.31242 13.2584
    endloop
  endfacet
  facet normal 0.513973 -0.308149 0.800547
    outer loop
      vertex 8.82051 -6.67132 14.2757
      vertex 8.80217 -6.70191 14.2757
      vertex 8.88539 -6.70599 14.2207
    endloop
  endfacet
  facet normal 0.513992 -0.30806 0.800569
    outer loop
      vertex 8.88539 -6.70599 14.2207
      vertex 8.80217 -6.70191 14.2757
      vertex 8.86334 -6.74278 14.2207
    endloop
  endfacet
  facet normal 0.653664 -0.484728 0.581173
    outer loop
      vertex 8.97462 -6.81713 14.0817
      vertex 8.94125 -6.86213 14.0817
      vertex 9.02367 -6.8499 13.9992
    endloop
  endfacet
  facet normal 0.698002 -0.418366 0.581174
    outer loop
      vertex 9.00342 -6.76908 14.0817
      vertex 8.97462 -6.81713 14.0817
      vertex 9.02367 -6.8499 13.9992
    endloop
  endfacet
  facet normal 0.579635 -0.6394 0.505164
    outer loop
      vertex 8.94534 -6.94534 13.9992
      vertex 8.89955 -6.98685 13.9992
      vertex 8.98276 -6.98276 13.9089
    endloop
  endfacet
  facet normal 0.6394 -0.579635 0.505164
    outer loop
      vertex 8.98685 -6.89955 13.9992
      vertex 8.94534 -6.94534 13.9992
      vertex 8.98276 -6.98276 13.9089
    endloop
  endfacet
  facet normal 0.379581 0.0949917 0.920269
    outer loop
      vertex 8.77403 -6.41688 14.3204
      vertex 8.69764 -6.44005 14.3543
      vertex 8.70256 -6.45971 14.3543
    endloop
  endfacet
  facet normal 0.682326 -0.322703 0.655968
    outer loop
      vertex 9.02737 -6.71844 14.0817
      vertex 8.9678 -6.69377 14.1558
      vertex 9.00342 -6.76908 14.0817
    endloop
  endfacet
  facet normal 0.643744 -0.230311 0.72976
    outer loop
      vertex 8.98454 -6.64698 14.1558
      vertex 8.91817 -6.62685 14.2207
      vertex 8.9678 -6.69377 14.1558
    endloop
  endfacet
  facet normal 0.598534 -0.0294058 0.800558
    outer loop
      vertex 8.86342 -6.5 14.2757
      vertex 8.86167 -6.53562 14.2757
      vertex 8.93488 -6.54283 14.2207
    endloop
  endfacet
  facet normal 0.682906 -0.0336431 0.729731
    outer loop
      vertex 8.93699 -6.5 14.2207
      vertex 8.93488 -6.54283 14.2207
      vertex 9.00634 -6.5 14.1558
    endloop
  endfacet
  facet normal 0.487139 0.121919 0.864772
    outer loop
      vertex 8.85644 -6.4291 14.2757
      vertex 8.77403 -6.41688 14.3204
      vertex 8.78085 -6.44413 14.3204
    endloop
  endfacet
  facet normal 0.496781 0.0736441 0.864746
    outer loop
      vertex 8.85644 -6.4291 14.2757
      vertex 8.78498 -6.47193 14.3204
      vertex 8.86167 -6.46438 14.2757
    endloop
  endfacet
  facet normal 0.472841 0.169113 0.864767
    outer loop
      vertex 8.83576 -6.36092 14.2757
      vertex 8.76456 -6.39042 14.3204
      vertex 8.84777 -6.3945 14.2757
    endloop
  endfacet
  facet normal 0.682374 0.322654 0.655942
    outer loop
      vertex 9.00342 -6.23092 14.0817
      vertex 8.94656 -6.26131 14.1558
      vertex 8.9678 -6.30623 14.1558
    endloop
  endfacet
  facet normal 0.581303 -0.145605 0.800554
    outer loop
      vertex 8.92859 -6.58525 14.2207
      vertex 8.85644 -6.5709 14.2757
      vertex 8.91817 -6.62685 14.2207
    endloop
  endfacet
  facet normal 0.501603 -0.0246602 0.864746
    outer loop
      vertex 8.78636 -6.5 14.3204
      vertex 8.78498 -6.52807 14.3204
      vertex 8.86167 -6.53562 14.2757
    endloop
  endfacet
  facet normal 0.453937 -0.214732 0.864772
    outer loop
      vertex 8.76456 -6.60958 14.3204
      vertex 8.75254 -6.63499 14.3204
      vertex 8.82051 -6.67132 14.2757
    endloop
  endfacet
  facet normal 0.453945 -0.214723 0.86477
    outer loop
      vertex 8.83576 -6.63908 14.2757
      vertex 8.76456 -6.60958 14.3204
      vertex 8.82051 -6.67132 14.2757
    endloop
  endfacet
  facet normal 0.379577 -0.0949987 0.92027
    outer loop
      vertex 8.78085 -6.55587 14.3204
      vertex 8.70256 -6.54029 14.3543
      vertex 8.77403 -6.58312 14.3204
    endloop
  endfacet
  facet normal 0.487148 -0.122069 0.864746
    outer loop
      vertex 8.85644 -6.5709 14.2757
      vertex 8.77403 -6.58312 14.3204
      vertex 8.84777 -6.6055 14.2757
    endloop
  endfacet
  facet normal 0.541754 -0.256201 0.800539
    outer loop
      vertex 8.90372 -6.66723 14.2207
      vertex 8.83576 -6.63908 14.2757
      vertex 8.88539 -6.70599 14.2207
    endloop
  endfacet
  facet normal 0.564279 -0.201816 0.800537
    outer loop
      vertex 8.84777 -6.6055 14.2757
      vertex 8.83576 -6.63908 14.2757
      vertex 8.90372 -6.66723 14.2207
    endloop
  endfacet
  facet normal 0.314218 0.233154 0.920275
    outer loop
      vertex 8.72136 -6.31834 14.3204
      vertex 8.65965 -6.36898 14.3543
      vertex 8.67173 -6.38526 14.3543
    endloop
  endfacet
  facet normal -0.0575254 0.387042 0.920266
    outer loop
      vertex 8.47193 -6.21502 14.3204
      vertex 8.45971 -6.29744 14.3543
      vertex 8.47976 -6.29446 14.3543
    endloop
  endfacet
  facet normal 0.459143 0.506612 0.729748
    outer loop
      vertex 8.82122 -6.10859 14.1558
      vertex 8.809 -6.191 14.2207
      vertex 8.85804 -6.14196 14.1558
    endloop
  endfacet
  facet normal 0.481322 0.356958 0.800569
    outer loop
      vertex 8.86334 -6.25722 14.2207
      vertex 8.78093 -6.26945 14.2757
      vertex 8.80217 -6.29809 14.2757
    endloop
  endfacet
  facet normal 0.506921 0.559203 0.65599
    outer loop
      vertex 8.86213 -6.05875 14.0817
      vertex 8.82122 -6.10859 14.1558
      vertex 8.90363 -6.09637 14.0817
    endloop
  endfacet
  facet normal 0.449636 0.606249 0.655965
    outer loop
      vertex 8.81713 -6.02538 14.0817
      vertex 8.78131 -6.07899 14.1558
      vertex 8.82122 -6.10859 14.1558
    endloop
  endfacet
  facet normal 0.546559 0.60293 0.581162
    outer loop
      vertex 8.89955 -6.01315 13.9992
      vertex 8.86213 -6.05875 14.0817
      vertex 8.90363 -6.09637 14.0817
    endloop
  endfacet
  facet normal 0.54657 0.602925 0.581157
    outer loop
      vertex 8.94534 -6.05466 13.9992
      vertex 8.89955 -6.01315 13.9992
      vertex 8.90363 -6.09637 14.0817
    endloop
  endfacet
  facet normal 0.38805 0.647423 0.655942
    outer loop
      vertex 8.76908 -5.99658 14.0817
      vertex 8.73869 -6.05344 14.1558
      vertex 8.81713 -6.02538 14.0817
    endloop
  endfacet
  facet normal 0.369057 0.780144 0.505146
    outer loop
      vertex 8.76127 -5.86924 13.9089
      vertex 8.74102 -5.91813 13.9992
      vertex 8.79689 -5.94456 13.9992
    endloop
  endfacet
  facet normal 0.774281 0.464039 0.430299
    outer loop
      vertex 9.1062 -6.09495 13.8118
      vertex 9.06767 -6.1207 13.9089
      vertex 9.14298 -6.15632 13.8118
    endloop
  endfacet
  facet normal 0.81602 0.385931 0.430312
    outer loop
      vertex 9.14298 -6.15632 13.8118
      vertex 9.10211 -6.17817 13.9089
      vertex 9.17357 -6.221 13.8118
    endloop
  endfacet
  facet normal 0.724998 0.537754 0.430347
    outer loop
      vertex 9.06358 -6.03748 13.8118
      vertex 9.02775 -6.06688 13.9089
      vertex 9.06767 -6.1207 13.9089
    endloop
  endfacet
  facet normal 0.693166 0.514143 0.505151
    outer loop
      vertex 9.02775 -6.06688 13.9089
      vertex 9.02367 -6.1501 13.9992
      vertex 9.06767 -6.1207 13.9089
    endloop
  endfacet
  facet normal 0.663238 0.166085 0.729747
    outer loop
      vertex 8.98454 -6.35302 14.1558
      vertex 8.92859 -6.41475 14.2207
      vertex 8.99661 -6.40122 14.1558
    endloop
  endfacet
  facet normal 0.643744 0.230311 0.72976
    outer loop
      vertex 8.9678 -6.30623 14.1558
      vertex 8.91817 -6.37315 14.2207
      vertex 8.98454 -6.35302 14.1558
    endloop
  endfacet
  facet normal 0.746554 0.11075 0.656043
    outer loop
      vertex 9.05986 -6.38864 14.0817
      vertex 8.99661 -6.40122 14.1558
      vertex 9.06808 -6.44405 14.0817
    endloop
  endfacet
  facet normal 0.804998 0.11942 0.581135
    outer loop
      vertex 9.12678 -6.43827 13.9992
      vertex 9.05986 -6.38864 14.0817
      vertex 9.06808 -6.44405 14.0817
    endloop
  endfacet
  facet normal 0.732118 -0.183333 0.656043
    outer loop
      vertex 8.99661 -6.59878 14.1558
      vertex 8.98454 -6.64698 14.1558
      vertex 9.05986 -6.61136 14.0817
    endloop
  endfacet
  facet normal 0.804998 -0.11942 0.581135
    outer loop
      vertex 9.06808 -6.55595 14.0817
      vertex 9.05986 -6.61136 14.0817
      vertex 9.12678 -6.56173 13.9992
    endloop
  endfacet
  facet normal 0.682843 0.0334336 0.7298
    outer loop
      vertex 9.00391 -6.45037 14.1558
      vertex 8.93488 -6.45717 14.2207
      vertex 9.00634 -6.5 14.1558
    endloop
  endfacet
  facet normal 0.753866 0.036911 0.65599
    outer loop
      vertex 9.06808 -6.44405 14.0817
      vertex 9.00391 -6.45037 14.1558
      vertex 9.00634 -6.5 14.1558
    endloop
  endfacet
  facet normal 0.901605 0.0443258 0.430282
    outer loop
      vertex 9.22907 -6.5 13.8118
      vertex 9.17944 -6.43308 13.9089
      vertex 9.18273 -6.5 13.9089
    endloop
  endfacet
  facet normal 0.861983 0.0423778 0.505162
    outer loop
      vertex 9.17944 -6.43308 13.9089
      vertex 9.12981 -6.5 13.9992
      vertex 9.18273 -6.5 13.9089
    endloop
  endfacet
  facet normal 0.606266 0.44958 0.655987
    outer loop
      vertex 8.94125 -6.13787 14.0817
      vertex 8.89141 -6.17878 14.1558
      vertex 8.97462 -6.18287 14.0817
    endloop
  endfacet
  facet normal 0.653664 0.484728 0.581173
    outer loop
      vertex 9.02367 -6.1501 13.9992
      vertex 8.94125 -6.13787 14.0817
      vertex 8.97462 -6.18287 14.0817
    endloop
  endfacet
  facet normal 0.710559 0.644044 0.283396
    outer loop
      vertex 9.11865 -5.99229 13.6009
      vertex 9.04333 -5.95667 13.7088
      vertex 9.09397 -6.01254 13.7088
    endloop
  endfacet
  facet normal 0.710616 0.64395 0.283467
    outer loop
      vertex 9.06591 -5.93409 13.6009
      vertex 9.04333 -5.95667 13.7088
      vertex 9.11865 -5.99229 13.6009
    endloop
  endfacet
  facet normal 0.314875 0.879718 0.356301
    outer loop
      vertex 8.79405 -5.7901 13.7088
      vertex 8.71164 -5.80232 13.8118
      vertex 8.779 -5.82643 13.8118
    endloop
  endfacet
  facet normal 0.399475 0.844671 0.356301
    outer loop
      vertex 8.79405 -5.7901 13.7088
      vertex 8.779 -5.82643 13.8118
      vertex 8.86222 -5.82234 13.7088
    endloop
  endfacet
  facet normal 0.290694 0.812603 0.505146
    outer loop
      vertex 8.76127 -5.86924 13.9089
      vertex 8.68282 -5.89731 13.9992
      vertex 8.74102 -5.91813 13.9992
    endloop
  endfacet
  facet normal 0.183505 0.732134 0.655977
    outer loop
      vertex 8.6657 -5.95376 14.0817
      vertex 8.61136 -5.94014 14.0817
      vertex 8.64698 -6.01546 14.1558
    endloop
  endfacet
  facet normal -0.506878 0.559283 0.655955
    outer loop
      vertex 8.17878 -6.10859 14.1558
      vertex 8.09637 -6.09637 14.0817
      vertex 8.14196 -6.14196 14.1558
    endloop
  endfacet
  facet normal -0.459143 0.506612 0.729748
    outer loop
      vertex 8.17878 -6.10859 14.1558
      vertex 8.14196 -6.14196 14.1558
      vertex 8.191 -6.191 14.2207
    endloop
  endfacet
  facet normal -0.256201 0.541754 0.800539
    outer loop
      vertex 8.33277 -6.09628 14.2207
      vertex 8.29401 -6.11461 14.2207
      vertex 8.36092 -6.16424 14.2757
    endloop
  endfacet
  facet normal -0.201127 0.335676 0.920255
    outer loop
      vertex 8.36501 -6.24746 14.3204
      vertex 8.34091 -6.2619 14.3204
      vertex 8.40264 -6.31785 14.3543
    endloop
  endfacet
  facet normal 0.0398975 0.812829 0.581135
    outer loop
      vertex 8.56173 -5.87322 13.9992
      vertex 8.5 -5.87019 13.9992
      vertex 8.55595 -5.93192 14.0817
    endloop
  endfacet
  facet normal 0.0336431 0.682906 0.729731
    outer loop
      vertex 8.5 -5.99366 14.1558
      vertex 8.5 -6.06301 14.2207
      vertex 8.54283 -6.06512 14.2207
    endloop
  endfacet
  facet normal -0.0490935 0.998794 0
    outer loop
      vertex 8.5 -5.65102 13.2
      vertex 8.41679 -5.65511 13.2584
      vertex 8.5 -5.65102 13.2584
    endloop
  endfacet
  facet normal -0.0490935 0.998794 0
    outer loop
      vertex 8.41679 -5.65511 13.2584
      vertex 8.5 -5.65102 13.2
      vertex 8.41679 -5.65511 13.2
    endloop
  endfacet
  facet normal 0.426514 0.901762 -0.0700842
    outer loop
      vertex 8.89635 -5.75848 13.0254
      vertex 8.82489 -5.71565 13.1416
      vertex 8.9002 -5.75127 13.1416
    endloop
  endfacet
  facet normal 0.333628 0.932172 -0.140525
    outer loop
      vertex 8.8182 -5.7318 12.9599
      vertex 8.78386 -5.71758 12.9727
      vertex 8.82176 -5.7232 13.0254
    endloop
  endfacet
  facet normal 0.423155 0.895094 -0.140523
    outer loop
      vertex 8.85253 -5.74602 12.9727
      vertex 8.8182 -5.7318 12.9599
      vertex 8.82176 -5.7232 13.0254
    endloop
  endfacet
  facet normal 0.2406 0.960465 -0.140065
    outer loop
      vertex 8.72848 -5.69464 13.0039
      vertex 8.7093 -5.6867 13.0254
      vertex 8.74407 -5.69541 13.0254
    endloop
  endfacet
  facet normal 0.417819 0.883592 0.211404
    outer loop
      vertex 8.81553 -5.73824 13.4891
      vertex 8.80627 -5.76061 13.6009
      vertex 8.88868 -5.77283 13.4891
    endloop
  endfacet
  facet normal 0.423234 0.895045 0.140596
    outer loop
      vertex 8.82176 -5.7232 13.3746
      vertex 8.81553 -5.73824 13.4891
      vertex 8.88868 -5.77283 13.4891
    endloop
  endfacet
  facet normal 0.582204 0.785067 0.211441
    outer loop
      vertex 9.02307 -5.86263 13.4891
      vertex 8.94463 -5.83457 13.6009
      vertex 9.00771 -5.88135 13.6009
    endloop
  endfacet
  facet normal 0.589736 0.795274 0.140535
    outer loop
      vertex 8.96712 -5.8009 13.3746
      vertex 8.95808 -5.81443 13.4891
      vertex 9.0334 -5.85005 13.3746
    endloop
  endfacet
  facet normal 0.780142 0.369073 0.505137
    outer loop
      vertex 9.10211 -6.17817 13.9089
      vertex 9.05544 -6.20311 13.9992
      vertex 9.13076 -6.23873 13.9089
    endloop
  endfacet
  facet normal 0.740274 0.443662 0.505133
    outer loop
      vertex 9.10211 -6.17817 13.9089
      vertex 9.02367 -6.1501 13.9992
      vertex 9.05544 -6.20311 13.9992
    endloop
  endfacet
  facet normal 0.735666 0.34793 0.581155
    outer loop
      vertex 9.05544 -6.20311 13.9992
      vertex 9.00342 -6.23092 14.0817
      vertex 9.02737 -6.28156 14.0817
    endloop
  endfacet
  facet normal 0.682326 0.322703 0.655968
    outer loop
      vertex 9.00342 -6.23092 14.0817
      vertex 8.9678 -6.30623 14.1558
      vertex 9.02737 -6.28156 14.0817
    endloop
  endfacet
  facet normal 0.906423 0.226965 0.356207
    outer loop
      vertex 9.2353 -6.27695 13.7088
      vertex 9.19768 -6.28836 13.8118
      vertex 9.21506 -6.35777 13.8118
    endloop
  endfacet
  facet normal 0.906332 0.227141 0.356327
    outer loop
      vertex 9.2353 -6.27695 13.7088
      vertex 9.21506 -6.35777 13.8118
      vertex 9.25363 -6.35009 13.7088
    endloop
  endfacet
  facet normal 0.822582 0.493036 0.283327
    outer loop
      vertex 9.20581 -6.12274 13.6009
      vertex 9.16543 -6.05537 13.6009
      vertex 9.17766 -6.13778 13.7088
    endloop
  endfacet
  facet normal 0.866926 0.410077 0.283332
    outer loop
      vertex 9.20581 -6.12274 13.6009
      vertex 9.17766 -6.13778 13.7088
      vertex 9.23939 -6.19373 13.6009
    endloop
  endfacet
  facet normal 0.0423778 0.861983 0.505162
    outer loop
      vertex 8.5 -5.81727 13.9089
      vertex 8.5 -5.87019 13.9992
      vertex 8.56692 -5.82056 13.9089
    endloop
  endfacet
  facet normal -0.13245 0.892923 0.430285
    outer loop
      vertex 8.43308 -5.82056 13.9089
      vertex 8.35777 -5.78494 13.8118
      vertex 8.36681 -5.83039 13.9089
    endloop
  endfacet
  facet normal 0.137131 0.924265 0.35627
    outer loop
      vertex 8.57532 -5.73531 13.7088
      vertex 8.57146 -5.77444 13.8118
      vertex 8.64223 -5.78494 13.8118
    endloop
  endfacet
  facet normal -0.0458452 0.933259 0.356266
    outer loop
      vertex 8.5 -5.73161 13.7088
      vertex 8.42468 -5.73531 13.7088
      vertex 8.42854 -5.77444 13.8118
    endloop
  endfacet
  facet normal -0.209712 0.837174 0.505134
    outer loop
      vertex 8.36681 -5.83039 13.9089
      vertex 8.30182 -5.84667 13.9089
      vertex 8.37713 -5.88229 13.9992
    endloop
  endfacet
  facet normal -0.132479 0.89291 0.430303
    outer loop
      vertex 8.42854 -5.77444 13.8118
      vertex 8.35777 -5.78494 13.8118
      vertex 8.43308 -5.82056 13.9089
    endloop
  endfacet
  facet normal 0.290701 0.812598 0.505151
    outer loop
      vertex 8.69818 -5.84667 13.9089
      vertex 8.68282 -5.89731 13.9992
      vertex 8.76127 -5.86924 13.9089
    endloop
  endfacet
  facet normal 0.347989 0.735609 0.581191
    outer loop
      vertex 8.74102 -5.91813 13.9992
      vertex 8.71844 -5.97263 14.0817
      vertex 8.79689 -5.94456 13.9992
    endloop
  endfacet
  facet normal 0.126645 0.853701 0.505129
    outer loop
      vertex 8.56692 -5.82056 13.9089
      vertex 8.56173 -5.87322 13.9992
      vertex 8.62287 -5.88229 13.9992
    endloop
  endfacet
  facet normal 0.11942 0.804998 0.581135
    outer loop
      vertex 8.62287 -5.88229 13.9992
      vertex 8.56173 -5.87322 13.9992
      vertex 8.61136 -5.94014 14.0817
    endloop
  endfacet
  facet normal 0.219347 0.875638 0.430285
    outer loop
      vertex 8.64223 -5.78494 13.8118
      vertex 8.63319 -5.83039 13.9089
      vertex 8.69818 -5.84667 13.9089
    endloop
  endfacet
  facet normal 0.13245 0.892923 0.430285
    outer loop
      vertex 8.64223 -5.78494 13.8118
      vertex 8.56692 -5.82056 13.9089
      vertex 8.63319 -5.83039 13.9089
    endloop
  endfacet
  facet normal -0.335598 0.201204 0.920267
    outer loop
      vertex 8.32827 -6.38526 14.3543
      vertex 8.2619 -6.34091 14.3204
      vertex 8.31785 -6.40264 14.3543
    endloop
  endfacet
  facet normal -0.233101 0.314283 0.920266
    outer loop
      vertex 8.34091 -6.2619 14.3204
      vertex 8.31834 -6.27864 14.3204
      vertex 8.38526 -6.32827 14.3543
    endloop
  endfacet
  facet normal -0.766217 0.2741 0.581188
    outer loop
      vertex 7.91813 -6.25898 13.9992
      vertex 7.89731 -6.31718 13.9992
      vertex 7.97263 -6.28156 14.0817
    endloop
  endfacet
  facet normal -0.735609 0.347989 0.581191
    outer loop
      vertex 7.94456 -6.20311 13.9992
      vertex 7.91813 -6.25898 13.9992
      vertex 7.97263 -6.28156 14.0817
    endloop
  endfacet
  facet normal -0.862008 -0.0423114 0.505126
    outer loop
      vertex 7.87019 -6.5 13.9992
      vertex 7.82056 -6.56692 13.9089
      vertex 7.87322 -6.56173 13.9992
    endloop
  endfacet
  facet normal -0.812829 -0.0398975 0.581135
    outer loop
      vertex 7.93192 -6.55595 14.0817
      vertex 7.87019 -6.5 13.9992
      vertex 7.87322 -6.56173 13.9992
    endloop
  endfacet
  facet normal -0.253046 0.0905345 0.963209
    outer loop
      vertex 8.30919 -6.42096 14.3543
      vertex 8.30236 -6.44005 14.3543
      vertex 8.38065 -6.4638 14.3771
    endloop
  endfacet
  facet normal 0.199142 0.18048 0.963208
    outer loop
      vertex 8.64604 -6.35396 14.3543
      vertex 8.58819 -6.41181 14.3771
      vertex 8.59641 -6.42088 14.3771
    endloop
  endfacet
  facet normal -0.114847 0.242955 0.963215
    outer loop
      vertex 8.42096 -6.30919 14.3543
      vertex 8.40264 -6.31785 14.3543
      vertex 8.44121 -6.39001 14.3771
    endloop
  endfacet
  facet normal -0.00673767 0.137224 0.990517
    outer loop
      vertex 8.5 -6.37528 14.3771
      vertex 8.48778 -6.37588 14.3771
      vertex 8.5 -6.45829 14.3886
    endloop
  endfacet
  facet normal -0.430759 0.258098 0.864773
    outer loop
      vertex 8.2619 -6.34091 14.3204
      vertex 8.17949 -6.32868 14.2757
      vertex 8.24746 -6.36501 14.3204
    endloop
  endfacet
  facet normal -0.215825 0.160145 0.96321
    outer loop
      vertex 8.34035 -6.36898 14.3543
      vertex 8.32827 -6.38526 14.3543
      vertex 8.3963 -6.43071 14.3771
    endloop
  endfacet
  facet normal -0.230528 0.138097 0.963216
    outer loop
      vertex 8.3963 -6.43071 14.3771
      vertex 8.31785 -6.40264 14.3543
      vertex 8.39001 -6.44121 14.3771
    endloop
  endfacet
  facet normal -0.11786 0.0706038 0.990517
    outer loop
      vertex 8.3963 -6.43071 14.3771
      vertex 8.39001 -6.44121 14.3771
      vertex 8.46532 -6.47683 14.3886
    endloop
  endfacet
  facet normal -0.337216 -0.372135 0.864755
    outer loop
      vertex 8.31834 -6.72136 14.3204
      vertex 8.24302 -6.75698 14.2757
      vertex 8.26945 -6.78093 14.2757
    endloop
  endfacet
  facet normal -0.11786 -0.0706038 0.990517
    outer loop
      vertex 8.46532 -6.52317 14.3886
      vertex 8.39001 -6.55879 14.3771
      vertex 8.3963 -6.56929 14.3771
    endloop
  endfacet
  facet normal -0.0463515 0.129314 0.99052
    outer loop
      vertex 8.48789 -6.46009 14.3886
      vertex 8.45227 -6.38477 14.3771
      vertex 8.48404 -6.46147 14.3886
    endloop
  endfacet
  facet normal 0.0706038 -0.11786 0.990517
    outer loop
      vertex 8.56929 -6.6037 14.3771
      vertex 8.52317 -6.53468 14.3886
      vertex 8.55879 -6.60999 14.3771
    endloop
  endfacet
  facet normal -0.101738 0.0923363 0.990517
    outer loop
      vertex 8.47051 -6.47051 14.3886
      vertex 8.40359 -6.42088 14.3771
      vertex 8.46776 -6.47354 14.3886
    endloop
  endfacet
  facet normal 0.121919 -0.487139 0.864772
    outer loop
      vertex 8.58312 -6.77403 14.3204
      vertex 8.55587 -6.78085 14.3204
      vertex 8.5709 -6.85644 14.2757
    endloop
  endfacet
  facet normal 0.131853 -0.36841 0.920266
    outer loop
      vertex 8.60958 -6.76456 14.3204
      vertex 8.57904 -6.69081 14.3543
      vertex 8.58312 -6.77403 14.3204
    endloop
  endfacet
  facet normal 0.379581 -0.0949917 0.920269
    outer loop
      vertex 8.70256 -6.54029 14.3543
      vertex 8.69764 -6.55995 14.3543
      vertex 8.77403 -6.58312 14.3204
    endloop
  endfacet
  facet normal 0.387039 -0.057499 0.920269
    outer loop
      vertex 8.78498 -6.52807 14.3204
      vertex 8.70256 -6.54029 14.3543
      vertex 8.78085 -6.55587 14.3204
    endloop
  endfacet
  facet normal 0.260717 0.0652456 0.963208
    outer loop
      vertex 8.69764 -6.44005 14.3543
      vertex 8.61935 -6.4638 14.3771
      vertex 8.70256 -6.45971 14.3543
    endloop
  endfacet
  facet normal 0.390827 0.0191166 0.920266
    outer loop
      vertex 8.78498 -6.47193 14.3204
      vertex 8.70554 -6.47976 14.3543
      vertex 8.70653 -6.5 14.3543
    endloop
  endfacet
  facet normal 0.36841 0.131853 0.920266
    outer loop
      vertex 8.76456 -6.39042 14.3204
      vertex 8.69081 -6.42096 14.3543
      vertex 8.77403 -6.41688 14.3204
    endloop
  endfacet
  facet normal 0.453937 0.214732 0.864772
    outer loop
      vertex 8.82051 -6.32868 14.2757
      vertex 8.75254 -6.36501 14.3204
      vertex 8.76456 -6.39042 14.3204
    endloop
  endfacet
  facet normal 0.0398975 -0.812829 0.581135
    outer loop
      vertex 8.55595 -7.06808 14.0817
      vertex 8.5 -7.12981 13.9992
      vertex 8.56173 -7.12678 13.9992
    endloop
  endfacet
  facet normal 0.100285 -0.676325 0.729745
    outer loop
      vertex 8.58525 -6.92859 14.2207
      vertex 8.54283 -6.93488 14.2207
      vertex 8.59878 -6.99661 14.1558
    endloop
  endfacet
  facet normal 0.0904402 -0.253101 0.963203
    outer loop
      vertex 8.54773 -6.61523 14.3771
      vertex 8.5362 -6.61935 14.3771
      vertex 8.57904 -6.69081 14.3543
    endloop
  endfacet
  facet normal 0.0131798 -0.268429 0.963209
    outer loop
      vertex 8.51222 -6.62412 14.3771
      vertex 8.5 -6.62472 14.3771
      vertex 8.52024 -6.70554 14.3543
    endloop
  endfacet
  facet normal -0.0878747 -0.592776 0.800559
    outer loop
      vertex 8.46438 -6.86167 14.2757
      vertex 8.4291 -6.85644 14.2757
      vertex 8.45717 -6.93488 14.2207
    endloop
  endfacet
  facet normal 0.0246439 -0.501609 0.864743
    outer loop
      vertex 8.5 -6.78636 14.3204
      vertex 8.5 -6.86342 14.2757
      vertex 8.53562 -6.86167 14.2757
    endloop
  endfacet
  facet normal 0.444042 -0.402377 0.800575
    outer loop
      vertex 8.78093 -6.73055 14.2757
      vertex 8.75698 -6.75698 14.2757
      vertex 8.8378 -6.77722 14.2207
    endloop
  endfacet
  facet normal 0.481327 -0.356942 0.800573
    outer loop
      vertex 8.86334 -6.74278 14.2207
      vertex 8.78093 -6.73055 14.2757
      vertex 8.8378 -6.77722 14.2207
    endloop
  endfacet
  facet normal 0.407261 -0.54918 0.729754
    outer loop
      vertex 8.77722 -6.8378 14.2207
      vertex 8.74278 -6.86334 14.2207
      vertex 8.82122 -6.89141 14.1558
    endloop
  endfacet
  facet normal 0.356958 -0.481322 0.800569
    outer loop
      vertex 8.73055 -6.78093 14.2757
      vertex 8.70191 -6.80217 14.2757
      vertex 8.74278 -6.86334 14.2207
    endloop
  endfacet
  facet normal 0.169113 -0.472841 0.864767
    outer loop
      vertex 8.60958 -6.76456 14.3204
      vertex 8.6055 -6.84777 14.2757
      vertex 8.63908 -6.83576 14.2757
    endloop
  endfacet
  facet normal 0.169227 -0.472836 0.864748
    outer loop
      vertex 8.60958 -6.76456 14.3204
      vertex 8.58312 -6.77403 14.3204
      vertex 8.6055 -6.84777 14.2757
    endloop
  endfacet
  facet normal -0.581271 -0.145654 0.800568
    outer loop
      vertex 8.14356 -6.5709 14.2757
      vertex 8.08183 -6.62685 14.2207
      vertex 8.15223 -6.6055 14.2757
    endloop
  endfacet
  facet normal -0.74658 -0.110886 0.65599
    outer loop
      vertex 7.99609 -6.54963 14.1558
      vertex 7.93192 -6.55595 14.0817
      vertex 8.00339 -6.59878 14.1558
    endloop
  endfacet
  facet normal -0.676243 -0.100439 0.7298
    outer loop
      vertex 8.06512 -6.54283 14.2207
      vertex 7.99609 -6.54963 14.1558
      vertex 8.00339 -6.59878 14.1558
    endloop
  endfacet
  facet normal -0.676325 -0.100285 0.729745
    outer loop
      vertex 8.06512 -6.54283 14.2207
      vertex 8.00339 -6.59878 14.1558
      vertex 8.07141 -6.58525 14.2207
    endloop
  endfacet
  facet normal -0.663213 0.166122 0.729761
    outer loop
      vertex 8.08183 -6.37315 14.2207
      vertex 8.01546 -6.35302 14.1558
      vertex 8.07141 -6.41475 14.2207
    endloop
  endfacet
  facet normal -0.682843 -0.0334336 0.7298
    outer loop
      vertex 8.06512 -6.54283 14.2207
      vertex 7.99366 -6.5 14.1558
      vertex 7.99609 -6.54963 14.1558
    endloop
  endfacet
  facet normal -0.368414 -0.131811 0.92027
    outer loop
      vertex 8.30236 -6.55995 14.3543
      vertex 8.22597 -6.58312 14.3204
      vertex 8.30919 -6.57904 14.3543
    endloop
  endfacet
  facet normal -0.265835 -0.0395106 0.963209
    outer loop
      vertex 8.37588 -6.51222 14.3771
      vertex 8.29446 -6.52024 14.3543
      vertex 8.29744 -6.54029 14.3543
    endloop
  endfacet
  facet normal -0.501603 -0.0246602 0.864746
    outer loop
      vertex 8.21364 -6.5 14.3204
      vertex 8.13833 -6.53562 14.2757
      vertex 8.21502 -6.52807 14.3204
    endloop
  endfacet
  facet normal -0.379577 0.0949987 0.92027
    outer loop
      vertex 8.22597 -6.41688 14.3204
      vertex 8.21915 -6.44413 14.3204
      vertex 8.29744 -6.45971 14.3543
    endloop
  endfacet
  facet normal -0.390797 0.0192127 0.920276
    outer loop
      vertex 8.21502 -6.47193 14.3204
      vertex 8.21364 -6.5 14.3204
      vertex 8.29347 -6.5 14.3543
    endloop
  endfacet
  facet normal -0.501609 0.0246439 0.864743
    outer loop
      vertex 8.13833 -6.46438 14.2757
      vertex 8.13658 -6.5 14.2757
      vertex 8.21364 -6.5 14.3204
    endloop
  endfacet
  facet normal -0.54918 -0.407261 0.729754
    outer loop
      vertex 8.13666 -6.74278 14.2207
      vertex 8.10859 -6.82122 14.1558
      vertex 8.1622 -6.77722 14.2207
    endloop
  endfacet
  facet normal -0.541754 -0.256201 0.800539
    outer loop
      vertex 8.16424 -6.63908 14.2757
      vertex 8.09628 -6.66723 14.2207
      vertex 8.11461 -6.70599 14.2207
    endloop
  endfacet
  facet normal -0.0333501 0.133288 0.990516
    outer loop
      vertex 8.47567 -6.37768 14.3771
      vertex 8.4638 -6.38065 14.3771
      vertex 8.49186 -6.45909 14.3886
    endloop
  endfacet
  facet normal -0.215878 -0.160096 0.963206
    outer loop
      vertex 8.3963 -6.56929 14.3771
      vertex 8.34035 -6.63102 14.3543
      vertex 8.40359 -6.57912 14.3771
    endloop
  endfacet
  facet normal -0.453937 -0.214732 0.864772
    outer loop
      vertex 8.23544 -6.60958 14.3204
      vertex 8.17949 -6.67132 14.2757
      vertex 8.24746 -6.63499 14.3204
    endloop
  endfacet
  facet normal -0.353791 -0.167239 0.920252
    outer loop
      vertex 8.30919 -6.57904 14.3543
      vertex 8.24746 -6.63499 14.3204
      vertex 8.31785 -6.59736 14.3543
    endloop
  endfacet
  facet normal -0.387042 -0.0575254 0.920266
    outer loop
      vertex 8.29446 -6.52024 14.3543
      vertex 8.21502 -6.52807 14.3204
      vertex 8.29744 -6.54029 14.3543
    endloop
  endfacet
  facet normal -0.387039 -0.057499 0.920269
    outer loop
      vertex 8.29744 -6.54029 14.3543
      vertex 8.21502 -6.52807 14.3204
      vertex 8.21915 -6.55587 14.3204
    endloop
  endfacet
  facet normal 0.418366 -0.698002 0.581174
    outer loop
      vertex 8.81713 -6.97462 14.0817
      vertex 8.76908 -7.00342 14.0817
      vertex 8.8499 -7.02367 13.9992
    endloop
  endfacet
  facet normal 0.183333 -0.732118 0.656043
    outer loop
      vertex 8.64698 -6.98454 14.1558
      vertex 8.59878 -6.99661 14.1558
      vertex 8.61136 -7.05986 14.0817
    endloop
  endfacet
  facet normal 0.304204 -0.849905 0.430257
    outer loop
      vertex 8.76127 -7.13076 13.9089
      vertex 8.71164 -7.19768 13.8118
      vertex 8.779 -7.17357 13.8118
    endloop
  endfacet
  facet normal 0.386038 -0.816001 0.430252
    outer loop
      vertex 8.82183 -7.10211 13.9089
      vertex 8.76127 -7.13076 13.9089
      vertex 8.779 -7.17357 13.8118
    endloop
  endfacet
  facet normal 0.459117 -0.506623 0.729757
    outer loop
      vertex 8.809 -6.809 14.2207
      vertex 8.77722 -6.8378 14.2207
      vertex 8.82122 -6.89141 14.1558
    endloop
  endfacet
  facet normal 0.402397 -0.444034 0.800569
    outer loop
      vertex 8.809 -6.809 14.2207
      vertex 8.75698 -6.75698 14.2757
      vertex 8.77722 -6.8378 14.2207
    endloop
  endfacet
  facet normal -0.0398048 -0.812802 0.581178
    outer loop
      vertex 8.5 -7.07082 14.0817
      vertex 8.44405 -7.06808 14.0817
      vertex 8.5 -7.12981 13.9992
    endloop
  endfacet
  facet normal -0.514095 -0.693232 0.505109
    outer loop
      vertex 8.10045 -6.98685 13.9992
      vertex 8.06688 -7.02775 13.9089
      vertex 8.1501 -7.02367 13.9992
    endloop
  endfacet
  facet normal 0.036911 -0.753866 0.65599
    outer loop
      vertex 8.54963 -7.00391 14.1558
      vertex 8.5 -7.00634 14.1558
      vertex 8.55595 -7.06808 14.0817
    endloop
  endfacet
  facet normal 0.0398048 -0.812802 0.581178
    outer loop
      vertex 8.5 -7.07082 14.0817
      vertex 8.5 -7.12981 13.9992
      vertex 8.55595 -7.06808 14.0817
    endloop
  endfacet
  facet normal -0.38809 -0.647374 0.655967
    outer loop
      vertex 8.21869 -6.92101 14.1558
      vertex 8.18287 -6.97462 14.0817
      vertex 8.26131 -6.94656 14.1558
    endloop
  endfacet
  facet normal -0.11942 -0.804998 0.581135
    outer loop
      vertex 8.38864 -7.05986 14.0817
      vertex 8.37713 -7.11771 13.9992
      vertex 8.43827 -7.12678 13.9992
    endloop
  endfacet
  facet normal -0.9668 0.143483 0.21145
    outer loop
      vertex 7.71507 -6.34387 13.6009
      vertex 7.69132 -6.33914 13.4891
      vertex 7.70354 -6.42156 13.6009
    endloop
  endfacet
  facet normal -0.966795 0.143497 0.211461
    outer loop
      vertex 7.69132 -6.33914 13.4891
      vertex 7.67944 -6.41918 13.4891
      vertex 7.70354 -6.42156 13.6009
    endloop
  endfacet
  facet normal -0.875636 0.219256 0.430336
    outer loop
      vertex 7.80232 -6.28836 13.8118
      vertex 7.78494 -6.35777 13.8118
      vertex 7.84667 -6.30182 13.9089
    endloop
  endfacet
  facet normal -0.875638 0.219347 0.430285
    outer loop
      vertex 7.84667 -6.30182 13.9089
      vertex 7.78494 -6.35777 13.8118
      vertex 7.83039 -6.36681 13.9089
    endloop
  endfacet
  facet normal -0.780144 0.369057 0.505146
    outer loop
      vertex 7.94456 -6.20311 13.9992
      vertex 7.86924 -6.23873 13.9089
      vertex 7.91813 -6.25898 13.9992
    endloop
  endfacet
  facet normal -0.698029 0.418343 0.581158
    outer loop
      vertex 7.97633 -6.1501 13.9992
      vertex 7.94456 -6.20311 13.9992
      vertex 7.99658 -6.23092 14.0817
    endloop
  endfacet
  facet normal -0.464039 0.774281 0.430299
    outer loop
      vertex 8.15632 -5.85702 13.8118
      vertex 8.09495 -5.8938 13.8118
      vertex 8.1207 -5.93233 13.9089
    endloop
  endfacet
  facet normal -0.639487 0.579584 0.505112
    outer loop
      vertex 8.01724 -6.01724 13.9089
      vertex 7.97225 -6.06688 13.9089
      vertex 8.01315 -6.10045 13.9992
    endloop
  endfacet
  facet normal -0.559283 0.506878 0.655955
    outer loop
      vertex 8.14196 -6.14196 14.1558
      vertex 8.09637 -6.09637 14.0817
      vertex 8.10859 -6.17878 14.1558
    endloop
  endfacet
  facet normal -0.546559 0.60293 0.581162
    outer loop
      vertex 8.10045 -6.01315 13.9992
      vertex 8.09637 -6.09637 14.0817
      vertex 8.13787 -6.05875 14.0817
    endloop
  endfacet
  facet normal -0.895045 0.423234 0.140596
    outer loop
      vertex 7.77283 -6.11132 13.4891
      vertex 7.7232 -6.17824 13.3746
      vertex 7.73824 -6.18447 13.4891
    endloop
  endfacet
  facet normal -0.883592 0.417819 0.211404
    outer loop
      vertex 7.77283 -6.11132 13.4891
      vertex 7.73824 -6.18447 13.4891
      vertex 7.76061 -6.19373 13.6009
    endloop
  endfacet
  facet normal -0.795274 0.589736 0.140535
    outer loop
      vertex 7.85005 -5.9666 13.3746
      vertex 7.8009 -6.03288 13.3746
      vertex 7.81443 -6.04192 13.4891
    endloop
  endfacet
  facet normal -0.801272 0.594184 0.0700681
    outer loop
      vertex 7.84373 -5.96142 13.2584
      vertex 7.8009 -6.03288 13.3746
      vertex 7.85005 -5.9666 13.3746
    endloop
  endfacet
  facet normal -0.901605 0.0443258 0.430282
    outer loop
      vertex 7.82056 -6.43308 13.9089
      vertex 7.77093 -6.5 13.8118
      vertex 7.81727 -6.5 13.9089
    endloop
  endfacet
  facet normal -0.901605 -0.0443258 0.430282
    outer loop
      vertex 7.81727 -6.5 13.9089
      vertex 7.77093 -6.5 13.8118
      vertex 7.82056 -6.56692 13.9089
    endloop
  endfacet
  facet normal -0.96763 -0.242395 -0.0702639
    outer loop
      vertex 7.69541 -6.74407 13.0254
      vertex 7.67949 -6.69191 13.0647
      vertex 7.6867 -6.7093 13.0254
    endloop
  endfacet
  facet normal -0.967617 -0.242479 -0.0701473
    outer loop
      vertex 7.67949 -6.69191 13.0647
      vertex 7.69541 -6.74407 13.0254
      vertex 7.68758 -6.74644 13.1416
    endloop
  endfacet
  facet normal -0.96765 -0.242372 -0.0700683
    outer loop
      vertex 7.68758 -6.74644 13.1416
      vertex 7.66851 -6.66539 13.1246
      vertex 7.67949 -6.69191 13.0647
    endloop
  endfacet
  facet normal -0.967656 -0.242363 -0.0700191
    outer loop
      vertex 7.66851 -6.66539 13.1246
      vertex 7.68758 -6.74644 13.1416
      vertex 7.66734 -6.66563 13.1416
    endloop
  endfacet
  facet normal -0.595523 -0.800235 -0.0705433
    outer loop
      vertex 8.02833 -7.2059 13.1416
      vertex 8.02446 -7.20302 13.1416
      vertex 8.029 -7.2049 13.1246
    endloop
  endfacet
  facet normal -0.740998 -0.671507 0
    outer loop
      vertex 7.89968 -7.10032 13.2
      vertex 7.84373 -7.03858 13.2584
      vertex 7.84373 -7.03858 13.2
    endloop
  endfacet
  facet normal -0.740998 -0.671507 0
    outer loop
      vertex 7.84373 -7.03858 13.2584
      vertex 7.89968 -7.10032 13.2
      vertex 7.89968 -7.10032 13.2584
    endloop
  endfacet
  facet normal -0.970036 -0.242959 0
    outer loop
      vertex 7.68758 -6.74644 13.1416
      vertex 7.66734 -6.66563 13.2584
      vertex 7.66734 -6.66563 13.1416
    endloop
  endfacet
  facet normal -0.970036 -0.242959 0
    outer loop
      vertex 7.66734 -6.66563 13.2584
      vertex 7.68758 -6.74644 13.1416
      vertex 7.68758 -6.74644 13.2584
    endloop
  endfacet
  facet normal -0.901762 -0.426514 0.0700842
    outer loop
      vertex 7.75848 -6.89635 13.3746
      vertex 7.71565 -6.82489 13.2584
      vertex 7.75127 -6.9002 13.2584
    endloop
  endfacet
  facet normal -0.93926 -0.335977 0.0700776
    outer loop
      vertex 7.7232 -6.82176 13.3746
      vertex 7.69541 -6.74407 13.3746
      vertex 7.71565 -6.82489 13.2584
    endloop
  endfacet
  facet normal -0.948105 -0.237479 0.211423
    outer loop
      vertex 7.73415 -6.73232 13.6009
      vertex 7.69132 -6.66086 13.4891
      vertex 7.71098 -6.73935 13.4891
    endloop
  endfacet
  facet normal -0.960409 -0.240561 0.140515
    outer loop
      vertex 7.71098 -6.73935 13.4891
      vertex 7.69132 -6.66086 13.4891
      vertex 7.69541 -6.74407 13.3746
    endloop
  endfacet
  facet normal -0.2406 -0.960465 -0.140065
    outer loop
      vertex 8.2907 -7.3133 13.0254
      vertex 8.25593 -7.30459 13.0254
      vertex 8.27152 -7.30536 13.0039
    endloop
  endfacet
  facet normal -0.24089 -0.960361 -0.140279
    outer loop
      vertex 8.27152 -7.30536 13.0039
      vertex 8.25593 -7.30459 13.0254
      vertex 8.25746 -7.29954 12.9882
    endloop
  endfacet
  facet normal -0.336062 -0.939224 -0.0701428
    outer loop
      vertex 8.25356 -7.31242 13.1416
      vertex 8.17511 -7.28435 13.1416
      vertex 8.25593 -7.30459 13.0254
    endloop
  endfacet
  facet normal -0.146864 -0.986678 -0.06998
    outer loop
      vertex 8.33914 -7.33337 13.1416
      vertex 8.33437 -7.33266 13.1416
      vertex 8.33461 -7.33149 13.1246
    endloop
  endfacet
  facet normal -0.56421 -0.201903 0.800564
    outer loop
      vertex 8.15223 -6.6055 14.2757
      vertex 8.08183 -6.62685 14.2207
      vertex 8.09628 -6.66723 14.2207
    endloop
  endfacet
  facet normal -0.643711 -0.230352 0.729777
    outer loop
      vertex 8.08183 -6.62685 14.2207
      vertex 8.0322 -6.69377 14.1558
      vertex 8.09628 -6.66723 14.2207
    endloop
  endfacet
  facet normal -0.693166 -0.514143 0.505151
    outer loop
      vertex 7.97633 -6.8499 13.9992
      vertex 7.93233 -6.8793 13.9089
      vertex 7.97225 -6.93312 13.9089
    endloop
  endfacet
  facet normal -0.692329 -0.62752 0.356231
    outer loop
      vertex 7.98447 -7.01553 13.8118
      vertex 7.90603 -6.98746 13.7088
      vertex 7.95667 -7.04333 13.7088
    endloop
  endfacet
  facet normal -0.506623 -0.459117 0.729757
    outer loop
      vertex 8.1622 -6.77722 14.2207
      vertex 8.10859 -6.82122 14.1558
      vertex 8.191 -6.809 14.2207
    endloop
  endfacet
  facet normal -0.444034 -0.402397 0.800569
    outer loop
      vertex 8.24302 -6.75698 14.2757
      vertex 8.1622 -6.77722 14.2207
      vertex 8.191 -6.809 14.2207
    endloop
  endfacet
  facet normal -0.201903 -0.56421 0.800564
    outer loop
      vertex 8.3945 -6.84777 14.2757
      vertex 8.33277 -6.90372 14.2207
      vertex 8.37315 -6.91817 14.2207
    endloop
  endfacet
  facet normal -0.459143 -0.506612 0.729748
    outer loop
      vertex 8.191 -6.809 14.2207
      vertex 8.14196 -6.85804 14.1558
      vertex 8.17878 -6.89141 14.1558
    endloop
  endfacet
  facet normal -0.79523 -0.589785 0.140581
    outer loop
      vertex 7.86263 -7.02307 13.4891
      vertex 7.81443 -6.95808 13.4891
      vertex 7.85005 -7.0334 13.3746
    endloop
  endfacet
  facet normal -0.785043 -0.582229 0.211465
    outer loop
      vertex 7.83457 -6.94463 13.6009
      vertex 7.81443 -6.95808 13.4891
      vertex 7.86263 -7.02307 13.4891
    endloop
  endfacet
  facet normal -0.656345 -0.724226 0.21144
    outer loop
      vertex 7.99229 -7.11865 13.6009
      vertex 7.91697 -7.08303 13.4891
      vertex 7.97693 -7.13737 13.4891
    endloop
  endfacet
  facet normal -0.582204 -0.785067 0.211441
    outer loop
      vertex 7.99229 -7.11865 13.6009
      vertex 7.97693 -7.13737 13.4891
      vertex 8.05537 -7.16543 13.6009
    endloop
  endfacet
  facet normal -0.733516 -0.665 0.140462
    outer loop
      vertex 7.91697 -7.08303 13.4891
      vertex 7.85005 -7.0334 13.3746
      vertex 7.90547 -7.09453 13.3746
    endloop
  endfacet
  facet normal -0.670008 -0.73904 0.0700635
    outer loop
      vertex 7.9666 -7.14995 13.3746
      vertex 7.90547 -7.09453 13.3746
      vertex 7.96142 -7.15627 13.2584
    endloop
  endfacet
  facet normal 0.19778 -0.789408 0.581136
    outer loop
      vertex 8.68282 -7.10269 13.9992
      vertex 8.61136 -7.05986 14.0817
      vertex 8.62287 -7.11771 13.9992
    endloop
  endfacet
  facet normal 0.209743 -0.837156 0.505152
    outer loop
      vertex 8.68282 -7.10269 13.9992
      vertex 8.62287 -7.11771 13.9992
      vertex 8.69818 -7.15333 13.9089
    endloop
  endfacet
  facet normal -0.0489644 -0.996335 0.0701379
    outer loop
      vertex 8.5 -7.3408 13.3746
      vertex 8.41759 -7.33675 13.3746
      vertex 8.5 -7.34898 13.2584
    endloop
  endfacet
  facet normal 0.0489644 -0.996335 0.0701379
    outer loop
      vertex 8.5 -7.3408 13.3746
      vertex 8.5 -7.34898 13.2584
      vertex 8.58241 -7.33675 13.3746
    endloop
  endfacet
  facet normal -0.323033 -0.902967 0.283373
    outer loop
      vertex 8.20595 -7.2099 13.7088
      vertex 8.19373 -7.23939 13.6009
      vertex 8.27695 -7.2353 13.7088
    endloop
  endfacet
  facet normal -0.314746 -0.879802 0.356208
    outer loop
      vertex 8.28836 -7.19768 13.8118
      vertex 8.20595 -7.2099 13.7088
      vertex 8.27695 -7.2353 13.7088
    endloop
  endfacet
  facet normal -0.226965 -0.906423 0.356207
    outer loop
      vertex 8.28836 -7.19768 13.8118
      vertex 8.27695 -7.2353 13.7088
      vertex 8.35777 -7.21506 13.8118
    endloop
  endfacet
  facet normal -0.227141 -0.906332 0.356327
    outer loop
      vertex 8.35777 -7.21506 13.8118
      vertex 8.27695 -7.2353 13.7088
      vertex 8.35009 -7.25363 13.7088
    endloop
  endfacet
  facet normal -0.556601 -0.750536 0.356218
    outer loop
      vertex 8.03748 -7.06358 13.8118
      vertex 8.01254 -7.09397 13.7088
      vertex 8.09495 -7.1062 13.8118
    endloop
  endfacet
  facet normal -0.418366 -0.698002 0.581174
    outer loop
      vertex 8.18287 -6.97462 14.0817
      vertex 8.1501 -7.02367 13.9992
      vertex 8.23092 -7.00342 14.0817
    endloop
  endfacet
  facet normal -0.304204 -0.849905 0.430257
    outer loop
      vertex 8.23873 -7.13076 13.9089
      vertex 8.221 -7.17357 13.8118
      vertex 8.28836 -7.19768 13.8118
    endloop
  endfacet
  facet normal -0.304051 -0.849916 0.430343
    outer loop
      vertex 8.30182 -7.15333 13.9089
      vertex 8.23873 -7.13076 13.9089
      vertex 8.28836 -7.19768 13.8118
    endloop
  endfacet
  facet normal 0.132479 -0.89291 0.430303
    outer loop
      vertex 8.64223 -7.21506 13.8118
      vertex 8.56692 -7.17944 13.9089
      vertex 8.57146 -7.22556 13.8118
    endloop
  endfacet
  facet normal 0.13245 -0.892923 0.430285
    outer loop
      vertex 8.63319 -7.16961 13.9089
      vertex 8.56692 -7.17944 13.9089
      vertex 8.64223 -7.21506 13.8118
    endloop
  endfacet
  facet normal -0.0443258 -0.901605 0.430282
    outer loop
      vertex 8.5 -7.18273 13.9089
      vertex 8.43308 -7.17944 13.9089
      vertex 8.5 -7.22907 13.8118
    endloop
  endfacet
  facet normal 0.0423778 -0.861983 0.505162
    outer loop
      vertex 8.5 -7.12981 13.9992
      vertex 8.5 -7.18273 13.9089
      vertex 8.56692 -7.17944 13.9089
    endloop
  endfacet
  facet normal -0.30806 -0.513992 0.800569
    outer loop
      vertex 8.29809 -6.80217 14.2757
      vertex 8.25722 -6.86334 14.2207
      vertex 8.29401 -6.88539 14.2207
    endloop
  endfacet
  facet normal -0.402377 -0.444042 0.800575
    outer loop
      vertex 8.24302 -6.75698 14.2757
      vertex 8.22278 -6.8378 14.2207
      vertex 8.26945 -6.78093 14.2757
    endloop
  endfacet
  facet normal -0.13819 -0.230494 0.963211
    outer loop
      vertex 8.43071 -6.6037 14.3771
      vertex 8.38526 -6.67173 14.3543
      vertex 8.40264 -6.68215 14.3543
    endloop
  endfacet
  facet normal -0.335598 -0.201204 0.920267
    outer loop
      vertex 8.31785 -6.59736 14.3543
      vertex 8.2619 -6.65909 14.3204
      vertex 8.32827 -6.61474 14.3543
    endloop
  endfacet
  facet normal -0.559283 -0.506878 0.655955
    outer loop
      vertex 8.10859 -6.82122 14.1558
      vertex 8.09637 -6.90363 14.0817
      vertex 8.14196 -6.85804 14.1558
    endloop
  endfacet
  facet normal -0.559203 -0.506921 0.65599
    outer loop
      vertex 8.10859 -6.82122 14.1558
      vertex 8.05875 -6.86213 14.0817
      vertex 8.09637 -6.90363 14.0817
    endloop
  endfacet
  facet normal -0.546559 -0.60293 0.581162
    outer loop
      vertex 8.13787 -6.94125 14.0817
      vertex 8.09637 -6.90363 14.0817
      vertex 8.10045 -6.98685 13.9992
    endloop
  endfacet
  facet normal -0.54657 -0.602925 0.581157
    outer loop
      vertex 8.09637 -6.90363 14.0817
      vertex 8.05466 -6.94534 13.9992
      vertex 8.10045 -6.98685 13.9992
    endloop
  endfacet
  facet normal -0.197849 -0.789363 0.581172
    outer loop
      vertex 8.3343 -7.04624 14.0817
      vertex 8.31718 -7.10269 13.9992
      vertex 8.38864 -7.05986 14.0817
    endloop
  endfacet
  facet normal -0.036911 -0.753866 0.65599
    outer loop
      vertex 8.45037 -7.00391 14.1558
      vertex 8.44405 -7.06808 14.0817
      vertex 8.5 -7.00634 14.1558
    endloop
  endfacet
  facet normal 0.427565 -0.903985 0
    outer loop
      vertex 8.82489 -7.28435 13.1416
      vertex 8.9002 -7.24873 13.2584
      vertex 8.82489 -7.28435 13.2584
    endloop
  endfacet
  facet normal 0.427565 -0.903985 0
    outer loop
      vertex 8.9002 -7.24873 13.2584
      vertex 8.82489 -7.28435 13.1416
      vertex 8.9002 -7.24873 13.1416
    endloop
  endfacet
  facet normal 0.336891 -0.941544 0
    outer loop
      vertex 8.74644 -7.31242 13.1416
      vertex 8.82489 -7.28435 13.2584
      vertex 8.74644 -7.31242 13.2584
    endloop
  endfacet
  facet normal 0.336891 -0.941544 0
    outer loop
      vertex 8.82489 -7.28435 13.2584
      vertex 8.74644 -7.31242 13.1416
      vertex 8.82489 -7.28435 13.1416
    endloop
  endfacet
  facet normal 0.979355 0.145307 0.140534
    outer loop
      vertex 9.32464 -6.33597 13.3746
      vertex 9.30868 -6.33914 13.4891
      vertex 9.33675 -6.41759 13.3746
    endloop
  endfacet
  facet normal 0.986736 0.146403 0.0701304
    outer loop
      vertex 9.34489 -6.41679 13.2584
      vertex 9.32464 -6.33597 13.3746
      vertex 9.33675 -6.41759 13.3746
    endloop
  endfacet
  facet normal 0.986678 -0.146864 -0.06998
    outer loop
      vertex 9.33266 -6.66563 13.1416
      vertex 9.33149 -6.66539 13.1246
      vertex 9.33337 -6.66086 13.1416
    endloop
  endfacet
  facet normal 0.989173 -0.146752 0
    outer loop
      vertex 9.34489 -6.58321 13.2584
      vertex 9.33337 -6.66086 13.2
      vertex 9.34489 -6.58321 13.2
    endloop
  endfacet
  facet normal 0.989169 -0.146779 3.72172e-05
    outer loop
      vertex 9.33266 -6.66563 13.2584
      vertex 9.33337 -6.66086 13.2
      vertex 9.34489 -6.58321 13.2584
    endloop
  endfacet
  facet normal 0.989103 -0.147225 0
    outer loop
      vertex 9.33266 -6.66563 13.1416
      vertex 9.33337 -6.66086 13.2
      vertex 9.33266 -6.66563 13.2584
    endloop
  endfacet
  facet normal 0.989103 -0.147225 0
    outer loop
      vertex 9.33337 -6.66086 13.2
      vertex 9.33266 -6.66563 13.1416
      vertex 9.33337 -6.66086 13.1416
    endloop
  endfacet
  facet normal 0.901762 -0.426514 -0.0700842
    outer loop
      vertex 9.24873 -6.9002 13.1416
      vertex 9.24152 -6.89635 13.0254
      vertex 9.28435 -6.82489 13.1416
    endloop
  endfacet
  facet normal 0.85566 -0.512771 -0.0700816
    outer loop
      vertex 9.21589 -6.94449 13.0647
      vertex 9.24152 -6.89635 13.0254
      vertex 9.24873 -6.9002 13.1416
    endloop
  endfacet
  facet normal 0.855625 -0.512819 -0.0701632
    outer loop
      vertex 9.24152 -6.89635 13.0254
      vertex 9.21589 -6.94449 13.0647
      vertex 9.22309 -6.9271 13.0254
    endloop
  endfacet
  facet normal -0.855625 0.512819 -0.0701632
    outer loop
      vertex 7.75848 -6.10365 13.0254
      vertex 7.78411 -6.05551 13.0647
      vertex 7.77691 -6.0729 13.0254
    endloop
  endfacet
  facet normal -0.85566 0.512771 -0.0700816
    outer loop
      vertex 7.78411 -6.05551 13.0647
      vertex 7.75848 -6.10365 13.0254
      vertex 7.75127 -6.0998 13.1416
    endloop
  endfacet
  facet normal -0.849237 0.50899 -0.140452
    outer loop
      vertex 7.76314 -6.10614 12.9882
      vertex 7.75848 -6.10365 13.0254
      vertex 7.77691 -6.0729 13.0254
    endloop
  endfacet
  facet normal -0.901762 0.426514 0.0700842
    outer loop
      vertex 7.75127 -6.0998 13.2584
      vertex 7.71565 -6.17511 13.2584
      vertex 7.75848 -6.10365 13.3746
    endloop
  endfacet
  facet normal -0.800235 0.595523 -0.0705433
    outer loop
      vertex 7.7951 -6.029 13.1246
      vertex 7.7941 -6.02833 13.1416
      vertex 7.79698 -6.02446 13.1416
    endloop
  endfacet
  facet normal -0.66985 0.73917 0.0702085
    outer loop
      vertex 7.96142 -5.84373 13.2584
      vertex 7.89968 -5.89968 13.2584
      vertex 7.90547 -5.90547 13.3746
    endloop
  endfacet
  facet normal -0.594184 0.801272 0.0700681
    outer loop
      vertex 8.03288 -5.8009 13.3746
      vertex 7.96142 -5.84373 13.2584
      vertex 7.9666 -5.85005 13.3746
    endloop
  endfacet
  facet normal -0.594279 0.801193 0.0701556
    outer loop
      vertex 8.02833 -5.7941 13.2584
      vertex 7.96142 -5.84373 13.2584
      vertex 8.03288 -5.8009 13.3746
    endloop
  endfacet
  facet normal -0.512857 0.855609 0.0700812
    outer loop
      vertex 8.0998 -5.75127 13.2584
      vertex 8.03288 -5.8009 13.3746
      vertex 8.10365 -5.75848 13.3746
    endloop
  endfacet
  facet normal -0.336891 0.941544 0
    outer loop
      vertex 8.25356 -5.68758 13.1416
      vertex 8.17511 -5.71565 13.2584
      vertex 8.25356 -5.68758 13.2584
    endloop
  endfacet
  facet normal -0.336891 0.941544 0
    outer loop
      vertex 8.17511 -5.71565 13.2584
      vertex 8.25356 -5.68758 13.1416
      vertex 8.17511 -5.71565 13.1416
    endloop
  endfacet
  facet normal -0.2406 0.960465 -0.140065
    outer loop
      vertex 8.27152 -5.69464 13.0039
      vertex 8.25593 -5.69541 13.0254
      vertex 8.2907 -5.6867 13.0254
    endloop
  endfacet
  facet normal -0.426514 0.901762 -0.0700842
    outer loop
      vertex 8.10365 -5.75848 13.0254
      vertex 8.0998 -5.75127 13.1416
      vertex 8.17511 -5.71565 13.1416
    endloop
  endfacet
  facet normal -0.426519 0.901759 -0.0700799
    outer loop
      vertex 8.17824 -5.7232 13.0254
      vertex 8.10365 -5.75848 13.0254
      vertex 8.17511 -5.71565 13.1416
    endloop
  endfacet
  facet normal -0.333622 0.932212 -0.140272
    outer loop
      vertex 8.21614 -5.71758 12.9727
      vertex 8.25593 -5.69541 13.0254
      vertex 8.25746 -5.70046 12.9882
    endloop
  endfacet
  facet normal -0.333468 0.932248 -0.140403
    outer loop
      vertex 8.25593 -5.69541 13.0254
      vertex 8.21614 -5.71758 12.9727
      vertex 8.17824 -5.7232 13.0254
    endloop
  endfacet
  facet normal -0.24089 0.960361 -0.140279
    outer loop
      vertex 8.25746 -5.70046 12.9882
      vertex 8.25593 -5.69541 13.0254
      vertex 8.27152 -5.69464 13.0039
    endloop
  endfacet
  facet normal -0.146418 0.986735 0.0701194
    outer loop
      vertex 8.41679 -5.65511 13.2584
      vertex 8.33437 -5.66734 13.2584
      vertex 8.33597 -5.67536 13.3746
    endloop
  endfacet
  facet normal -0.242361 0.967649 0.0701232
    outer loop
      vertex 8.33437 -5.66734 13.2584
      vertex 8.25356 -5.68758 13.2584
      vertex 8.33597 -5.67536 13.3746
    endloop
  endfacet
  facet normal -0.240561 0.960409 0.140515
    outer loop
      vertex 8.33914 -5.69132 13.4891
      vertex 8.25593 -5.69541 13.3746
      vertex 8.26065 -5.71098 13.4891
    endloop
  endfacet
  facet normal -0.240581 0.960402 0.14053
    outer loop
      vertex 8.33597 -5.67536 13.3746
      vertex 8.25593 -5.69541 13.3746
      vertex 8.33914 -5.69132 13.4891
    endloop
  endfacet
  facet normal -0.329277 0.920259 0.211424
    outer loop
      vertex 8.26065 -5.71098 13.4891
      vertex 8.19373 -5.76061 13.6009
      vertex 8.26768 -5.73415 13.6009
    endloop
  endfacet
  facet normal -0.145307 0.979355 0.140534
    outer loop
      vertex 8.41759 -5.66325 13.3746
      vertex 8.33597 -5.67536 13.3746
      vertex 8.33914 -5.69132 13.4891
    endloop
  endfacet
  facet normal -0.480453 0.801416 0.356227
    outer loop
      vertex 8.13778 -5.82234 13.7088
      vertex 8.07311 -5.86111 13.7088
      vertex 8.09495 -5.8938 13.8118
    endloop
  endfacet
  facet normal -0.304204 0.849905 0.430257
    outer loop
      vertex 8.28836 -5.80232 13.8118
      vertex 8.221 -5.82643 13.8118
      vertex 8.23873 -5.86924 13.9089
    endloop
  endfacet
  facet normal -0.64395 0.710616 0.283467
    outer loop
      vertex 7.99229 -5.88135 13.6009
      vertex 7.93409 -5.93409 13.6009
      vertex 7.95667 -5.95667 13.7088
    endloop
  endfacet
  facet normal -0.710559 0.644044 0.283396
    outer loop
      vertex 7.95667 -5.95667 13.7088
      vertex 7.88135 -5.99229 13.6009
      vertex 7.90603 -6.01254 13.7088
    endloop
  endfacet
  facet normal -0.62752 0.692329 0.356231
    outer loop
      vertex 8.01254 -5.90603 13.7088
      vertex 7.95667 -5.95667 13.7088
      vertex 7.98447 -5.98447 13.8118
    endloop
  endfacet
  facet normal -0.770297 0.571251 0.283399
    outer loop
      vertex 7.88135 -5.99229 13.6009
      vertex 7.83457 -6.05537 13.6009
      vertex 7.90603 -6.01254 13.7088
    endloop
  endfacet
  facet normal -0.780142 0.369073 0.505137
    outer loop
      vertex 7.89789 -6.17817 13.9089
      vertex 7.86924 -6.23873 13.9089
      vertex 7.94456 -6.20311 13.9992
    endloop
  endfacet
  facet normal -0.740274 0.443662 0.505133
    outer loop
      vertex 7.97633 -6.1501 13.9992
      vertex 7.89789 -6.17817 13.9089
      vertex 7.94456 -6.20311 13.9992
    endloop
  endfacet
  facet normal -0.219256 0.875636 0.430336
    outer loop
      vertex 8.35777 -5.78494 13.8118
      vertex 8.28836 -5.80232 13.8118
      vertex 8.30182 -5.84667 13.9089
    endloop
  endfacet
  facet normal -0.226965 0.906423 0.356207
    outer loop
      vertex 8.35777 -5.78494 13.8118
      vertex 8.27695 -5.7647 13.7088
      vertex 8.28836 -5.80232 13.8118
    endloop
  endfacet
  facet normal -0.209743 0.837156 0.505152
    outer loop
      vertex 8.37713 -5.88229 13.9992
      vertex 8.30182 -5.84667 13.9089
      vertex 8.31718 -5.89731 13.9992
    endloop
  endfacet
  facet normal -0.290701 0.812598 0.505151
    outer loop
      vertex 8.30182 -5.84667 13.9089
      vertex 8.23873 -5.86924 13.9089
      vertex 8.31718 -5.89731 13.9992
    endloop
  endfacet
  facet normal -0.11942 0.804998 0.581135
    outer loop
      vertex 8.43827 -5.87322 13.9992
      vertex 8.38864 -5.94014 14.0817
      vertex 8.44405 -5.93192 14.0817
    endloop
  endfacet
  facet normal -0.11075 0.746554 0.656043
    outer loop
      vertex 8.44405 -5.93192 14.0817
      vertex 8.38864 -5.94014 14.0817
      vertex 8.40122 -6.00339 14.1558
    endloop
  endfacet
  facet normal -0.166085 0.663238 0.729747
    outer loop
      vertex 8.40122 -6.00339 14.1558
      vertex 8.35302 -6.01546 14.1558
      vertex 8.41475 -6.07141 14.2207
    endloop
  endfacet
  facet normal -0.356958 0.481322 0.800569
    outer loop
      vertex 8.29809 -6.19783 14.2757
      vertex 8.25722 -6.13666 14.2207
      vertex 8.26945 -6.21907 14.2757
    endloop
  endfacet
  facet normal -0.443662 0.740274 0.505133
    outer loop
      vertex 8.17817 -5.89789 13.9089
      vertex 8.1501 -5.97633 13.9992
      vertex 8.20311 -5.94456 13.9992
    endloop
  endfacet
  facet normal -0.54657 0.602925 0.581157
    outer loop
      vertex 8.10045 -6.01315 13.9992
      vertex 8.05466 -6.05466 13.9992
      vertex 8.09637 -6.09637 14.0817
    endloop
  endfacet
  facet normal -0.166122 0.663213 0.729761
    outer loop
      vertex 8.41475 -6.07141 14.2207
      vertex 8.35302 -6.01546 14.1558
      vertex 8.37315 -6.08183 14.2207
    endloop
  endfacet
  facet normal -0.230352 0.643711 0.729777
    outer loop
      vertex 8.37315 -6.08183 14.2207
      vertex 8.30623 -6.0322 14.1558
      vertex 8.33277 -6.09628 14.2207
    endloop
  endfacet
  facet normal 0.866943 -0.410008 0.283378
    outer loop
      vertex 9.2099 -6.79405 13.7088
      vertex 9.17766 -6.86222 13.7088
      vertex 9.23939 -6.80627 13.6009
    endloop
  endfacet
  facet normal 0.902967 -0.323033 0.283373
    outer loop
      vertex 9.2353 -6.72305 13.7088
      vertex 9.2099 -6.79405 13.7088
      vertex 9.23939 -6.80627 13.6009
    endloop
  endfacet
  facet normal 0.838313 -0.502505 0.21147
    outer loop
      vertex 9.22717 -6.88868 13.4891
      vertex 9.16543 -6.94463 13.6009
      vertex 9.18557 -6.95808 13.4891
    endloop
  endfacet
  facet normal 0.838327 -0.502473 0.211493
    outer loop
      vertex 9.20581 -6.87726 13.6009
      vertex 9.16543 -6.94463 13.6009
      vertex 9.22717 -6.88868 13.4891
    endloop
  endfacet
  facet normal 0.785043 -0.582229 0.211465
    outer loop
      vertex 9.16543 -6.94463 13.6009
      vertex 9.13737 -7.02307 13.4891
      vertex 9.18557 -6.95808 13.4891
    endloop
  endfacet
  facet normal 0.79523 -0.589785 0.140581
    outer loop
      vertex 9.18557 -6.95808 13.4891
      vertex 9.13737 -7.02307 13.4891
      vertex 9.14995 -7.0334 13.3746
    endloop
  endfacet
  facet normal 0.789363 -0.197849 0.581172
    outer loop
      vertex 9.05986 -6.61136 14.0817
      vertex 9.04624 -6.6657 14.0817
      vertex 9.10269 -6.68282 13.9992
    endloop
  endfacet
  facet normal 0.710674 -0.254257 0.65597
    outer loop
      vertex 8.98454 -6.64698 14.1558
      vertex 8.9678 -6.69377 14.1558
      vertex 9.02737 -6.71844 14.0817
    endloop
  endfacet
  facet normal 0.892923 -0.13245 0.430285
    outer loop
      vertex 9.17944 -6.56692 13.9089
      vertex 9.16961 -6.63319 13.9089
      vertex 9.21506 -6.64223 13.8118
    endloop
  endfacet
  facet normal 0.853699 -0.126631 0.505136
    outer loop
      vertex 9.17944 -6.56692 13.9089
      vertex 9.11771 -6.62287 13.9992
      vertex 9.16961 -6.63319 13.9089
    endloop
  endfacet
  facet normal 0.960402 -0.240581 0.14053
    outer loop
      vertex 9.30868 -6.66086 13.4891
      vertex 9.30459 -6.74407 13.3746
      vertex 9.32464 -6.66403 13.3746
    endloop
  endfacet
  facet normal 0.960409 -0.240561 0.140515
    outer loop
      vertex 9.30868 -6.66086 13.4891
      vertex 9.28902 -6.73935 13.4891
      vertex 9.30459 -6.74407 13.3746
    endloop
  endfacet
  facet normal 0.143483 -0.9668 0.21145
    outer loop
      vertex 8.65613 -7.28493 13.6009
      vertex 8.57844 -7.29646 13.6009
      vertex 8.66086 -7.30868 13.4891
    endloop
  endfacet
  facet normal 0.232973 -0.930305 0.283296
    outer loop
      vertex 8.73232 -7.26585 13.6009
      vertex 8.64991 -7.25363 13.7088
      vertex 8.65613 -7.28493 13.6009
    endloop
  endfacet
  facet normal 0.725059 -0.537707 0.430303
    outer loop
      vertex 9.06767 -6.8793 13.9089
      vertex 9.06358 -6.96252 13.8118
      vertex 9.1062 -6.90505 13.8118
    endloop
  endfacet
  facet normal 0.724998 -0.537754 0.430347
    outer loop
      vertex 9.06767 -6.8793 13.9089
      vertex 9.02775 -6.93312 13.9089
      vertex 9.06358 -6.96252 13.8118
    endloop
  endfacet
  facet normal 0.582229 -0.785043 0.211465
    outer loop
      vertex 9.02307 -7.13737 13.4891
      vertex 8.94463 -7.16543 13.6009
      vertex 8.95808 -7.18557 13.4891
    endloop
  endfacet
  facet normal 0.589785 -0.79523 0.140581
    outer loop
      vertex 9.02307 -7.13737 13.4891
      vertex 8.95808 -7.18557 13.4891
      vertex 9.0334 -7.14995 13.3746
    endloop
  endfacet
  facet normal 0.333463 -0.932233 0.140514
    outer loop
      vertex 8.82176 -7.2768 13.3746
      vertex 8.73935 -7.28902 13.4891
      vertex 8.74407 -7.30459 13.3746
    endloop
  endfacet
  facet normal 0.426519 -0.901759 0.0700799
    outer loop
      vertex 8.89635 -7.24152 13.3746
      vertex 8.82176 -7.2768 13.3746
      vertex 8.82489 -7.28435 13.2584
    endloop
  endfacet
  facet normal 0.647374 -0.38809 0.655967
    outer loop
      vertex 8.94656 -6.73869 14.1558
      vertex 8.92101 -6.78131 14.1558
      vertex 8.97462 -6.81713 14.0817
    endloop
  endfacet
  facet normal 0.586395 -0.351535 0.72977
    outer loop
      vertex 8.94656 -6.73869 14.1558
      vertex 8.86334 -6.74278 14.2207
      vertex 8.92101 -6.78131 14.1558
    endloop
  endfacet
  facet normal 0.606266 -0.44958 0.655987
    outer loop
      vertex 8.97462 -6.81713 14.0817
      vertex 8.89141 -6.82122 14.1558
      vertex 8.94125 -6.86213 14.0817
    endloop
  endfacet
  facet normal 0.559203 -0.506921 0.65599
    outer loop
      vertex 8.94125 -6.86213 14.0817
      vertex 8.89141 -6.82122 14.1558
      vertex 8.90363 -6.90363 14.0817
    endloop
  endfacet
  facet normal 0.668813 -0.606234 0.430312
    outer loop
      vertex 9.06358 -6.96252 13.8118
      vertex 8.98276 -6.98276 13.9089
      vertex 9.01553 -7.01553 13.8118
    endloop
  endfacet
  facet normal 0.668838 -0.606185 0.430343
    outer loop
      vertex 9.02775 -6.93312 13.9089
      vertex 8.98276 -6.98276 13.9089
      vertex 9.06358 -6.96252 13.8118
    endloop
  endfacet
  facet normal 0.135903 0.0202003 0.990516
    outer loop
      vertex 8.62232 -6.47567 14.3771
      vertex 8.54091 -6.49186 14.3886
      vertex 8.62412 -6.48778 14.3771
    endloop
  endfacet
  facet normal 0.26844 -0.0131302 0.963207
    outer loop
      vertex 8.70653 -6.5 14.3543
      vertex 8.62472 -6.5 14.3771
      vertex 8.70554 -6.52024 14.3543
    endloop
  endfacet
  facet normal -0.0949917 0.379581 0.920269
    outer loop
      vertex 8.45971 -6.29744 14.3543
      vertex 8.41688 -6.22597 14.3204
      vertex 8.44005 -6.30236 14.3543
    endloop
  endfacet
  facet normal 0.262729 0.289948 0.920274
    outer loop
      vertex 8.68166 -6.27864 14.3204
      vertex 8.63102 -6.34035 14.3543
      vertex 8.64604 -6.35396 14.3543
    endloop
  endfacet
  facet normal 0.732134 -0.183505 0.655977
    outer loop
      vertex 9.05986 -6.61136 14.0817
      vertex 8.98454 -6.64698 14.1558
      vertex 9.04624 -6.6657 14.0817
    endloop
  endfacet
  facet normal 0.676325 -0.100285 0.729745
    outer loop
      vertex 8.93488 -6.54283 14.2207
      vertex 8.92859 -6.58525 14.2207
      vertex 8.99661 -6.59878 14.1558
    endloop
  endfacet
  facet normal 0.59278 -0.087897 0.800553
    outer loop
      vertex 8.93488 -6.54283 14.2207
      vertex 8.85644 -6.5709 14.2757
      vertex 8.92859 -6.58525 14.2207
    endloop
  endfacet
  facet normal 0.663238 -0.166085 0.729747
    outer loop
      vertex 8.99661 -6.59878 14.1558
      vertex 8.92859 -6.58525 14.2207
      vertex 8.98454 -6.64698 14.1558
    endloop
  endfacet
  facet normal 0.598502 0.0294849 0.800578
    outer loop
      vertex 8.93488 -6.45717 14.2207
      vertex 8.86342 -6.5 14.2757
      vertex 8.93699 -6.5 14.2207
    endloop
  endfacet
  facet normal 0.598534 0.0294058 0.800558
    outer loop
      vertex 8.93488 -6.45717 14.2207
      vertex 8.86167 -6.46438 14.2757
      vertex 8.86342 -6.5 14.2757
    endloop
  endfacet
  facet normal 0.379577 0.0949987 0.92027
    outer loop
      vertex 8.77403 -6.41688 14.3204
      vertex 8.70256 -6.45971 14.3543
      vertex 8.78085 -6.44413 14.3204
    endloop
  endfacet
  facet normal 0.49671 0.0737918 0.864774
    outer loop
      vertex 8.85644 -6.4291 14.2757
      vertex 8.78085 -6.44413 14.3204
      vertex 8.78498 -6.47193 14.3204
    endloop
  endfacet
  facet normal 0.13819 0.230494 0.963211
    outer loop
      vertex 8.59736 -6.31785 14.3543
      vertex 8.56929 -6.3963 14.3771
      vertex 8.61474 -6.32827 14.3543
    endloop
  endfacet
  facet normal 0.337216 0.372135 0.864755
    outer loop
      vertex 8.73055 -6.21907 14.2757
      vertex 8.68166 -6.27864 14.3204
      vertex 8.75698 -6.24302 14.2757
    endloop
  endfacet
  facet normal 0.647423 0.38805 0.655942
    outer loop
      vertex 8.97462 -6.18287 14.0817
      vertex 8.94656 -6.26131 14.1558
      vertex 9.00342 -6.23092 14.0817
    endloop
  endfacet
  facet normal 0.513992 0.30806 0.800569
    outer loop
      vertex 8.86334 -6.25722 14.2207
      vertex 8.80217 -6.29809 14.2757
      vertex 8.88539 -6.29401 14.2207
    endloop
  endfacet
  facet normal 0.586395 0.351535 0.72977
    outer loop
      vertex 8.92101 -6.21869 14.1558
      vertex 8.86334 -6.25722 14.2207
      vertex 8.94656 -6.26131 14.1558
    endloop
  endfacet
  facet normal 0.647374 0.38809 0.655967
    outer loop
      vertex 8.97462 -6.18287 14.0817
      vertex 8.92101 -6.21869 14.1558
      vertex 8.94656 -6.26131 14.1558
    endloop
  endfacet
  facet normal 0.402397 0.444034 0.800569
    outer loop
      vertex 8.77722 -6.1622 14.2207
      vertex 8.75698 -6.24302 14.2757
      vertex 8.809 -6.191 14.2207
    endloop
  endfacet
  facet normal 0.403374 0.29915 0.864753
    outer loop
      vertex 8.78093 -6.26945 14.2757
      vertex 8.72136 -6.31834 14.3204
      vertex 8.80217 -6.29809 14.2757
    endloop
  endfacet
  facet normal 0.356942 0.481327 0.800573
    outer loop
      vertex 8.74278 -6.13666 14.2207
      vertex 8.73055 -6.21907 14.2757
      vertex 8.77722 -6.1622 14.2207
    endloop
  endfacet
  facet normal 0.407284 0.549145 0.729767
    outer loop
      vertex 8.78131 -6.07899 14.1558
      vertex 8.74278 -6.13666 14.2207
      vertex 8.82122 -6.10859 14.1558
    endloop
  endfacet
  facet normal 0.514095 0.693232 0.505109
    outer loop
      vertex 8.93312 -5.97225 13.9089
      vertex 8.8499 -5.97633 13.9992
      vertex 8.89955 -6.01315 13.9992
    endloop
  endfacet
  facet normal 0.44958 0.606266 0.655987
    outer loop
      vertex 8.86213 -6.05875 14.0817
      vertex 8.81713 -6.02538 14.0817
      vertex 8.82122 -6.10859 14.1558
    endloop
  endfacet
  facet normal 0.537754 0.724998 0.430347
    outer loop
      vertex 8.96252 -5.93642 13.8118
      vertex 8.8793 -5.93233 13.9089
      vertex 8.93312 -5.97225 13.9089
    endloop
  endfacet
  facet normal 0.537707 0.725059 0.430303
    outer loop
      vertex 8.90505 -5.8938 13.8118
      vertex 8.8793 -5.93233 13.9089
      vertex 8.96252 -5.93642 13.8118
    endloop
  endfacet
  facet normal 0.254257 0.710674 0.65597
    outer loop
      vertex 8.71844 -5.97263 14.0817
      vertex 8.64698 -6.01546 14.1558
      vertex 8.69377 -6.0322 14.1558
    endloop
  endfacet
  facet normal 0.256201 0.541754 0.800539
    outer loop
      vertex 8.66723 -6.09628 14.2207
      vertex 8.63908 -6.16424 14.2757
      vertex 8.70599 -6.11461 14.2207
    endloop
  endfacet
  facet normal 0.663213 0.166122 0.729761
    outer loop
      vertex 8.98454 -6.35302 14.1558
      vertex 8.91817 -6.37315 14.2207
      vertex 8.92859 -6.41475 14.2207
    endloop
  endfacet
  facet normal 0.581303 0.145605 0.800554
    outer loop
      vertex 8.91817 -6.37315 14.2207
      vertex 8.85644 -6.4291 14.2757
      vertex 8.92859 -6.41475 14.2207
    endloop
  endfacet
  facet normal 0.812802 -0.0398048 0.581178
    outer loop
      vertex 9.07082 -6.5 14.0817
      vertex 9.06808 -6.55595 14.0817
      vertex 9.12981 -6.5 13.9992
    endloop
  endfacet
  facet normal 0.812802 0.0398048 0.581178
    outer loop
      vertex 9.12981 -6.5 13.9992
      vertex 9.06808 -6.44405 14.0817
      vertex 9.07082 -6.5 14.0817
    endloop
  endfacet
  facet normal 0.853699 0.126631 0.505136
    outer loop
      vertex 9.16961 -6.36681 13.9089
      vertex 9.11771 -6.37713 13.9992
      vertex 9.17944 -6.43308 13.9089
    endloop
  endfacet
  facet normal 0.853701 0.126645 0.505129
    outer loop
      vertex 9.17944 -6.43308 13.9089
      vertex 9.11771 -6.37713 13.9992
      vertex 9.12678 -6.43827 13.9992
    endloop
  endfacet
  facet normal 0.571251 0.770297 0.283399
    outer loop
      vertex 9.00771 -5.88135 13.6009
      vertex 8.94463 -5.83457 13.6009
      vertex 8.98746 -5.90603 13.7088
    endloop
  endfacet
  facet normal 0.62752 0.692329 0.356231
    outer loop
      vertex 9.04333 -5.95667 13.7088
      vertex 8.98746 -5.90603 13.7088
      vertex 9.01553 -5.98447 13.8118
    endloop
  endfacet
  facet normal 0.32308 0.902939 0.283408
    outer loop
      vertex 8.73232 -5.73415 13.6009
      vertex 8.72305 -5.7647 13.7088
      vertex 8.80627 -5.76061 13.6009
    endloop
  endfacet
  facet normal 0.23313 0.930231 0.283408
    outer loop
      vertex 8.73232 -5.73415 13.6009
      vertex 8.64991 -5.74637 13.7088
      vertex 8.72305 -5.7647 13.7088
    endloop
  endfacet
  facet normal 0.0294849 0.598502 0.800578
    outer loop
      vertex 8.5 -6.06301 14.2207
      vertex 8.5 -6.13658 14.2757
      vertex 8.54283 -6.06512 14.2207
    endloop
  endfacet
  facet normal 0.183333 0.732118 0.656043
    outer loop
      vertex 8.61136 -5.94014 14.0817
      vertex 8.59878 -6.00339 14.1558
      vertex 8.64698 -6.01546 14.1558
    endloop
  endfacet
  facet normal 0.292245 0.618062 0.729789
    outer loop
      vertex 8.73869 -6.05344 14.1558
      vertex 8.69377 -6.0322 14.1558
      vertex 8.70599 -6.11461 14.2207
    endloop
  endfacet
  facet normal 0.322654 0.682374 0.655942
    outer loop
      vertex 8.76908 -5.99658 14.0817
      vertex 8.69377 -6.0322 14.1558
      vertex 8.73869 -6.05344 14.1558
    endloop
  endfacet
  facet normal -0.372135 0.337216 0.864755
    outer loop
      vertex 8.24302 -6.24302 14.2757
      vertex 8.21907 -6.26945 14.2757
      vertex 8.27864 -6.31834 14.3204
    endloop
  endfacet
  facet normal -0.29915 0.403374 0.864753
    outer loop
      vertex 8.29809 -6.19783 14.2757
      vertex 8.26945 -6.21907 14.2757
      vertex 8.31834 -6.27864 14.3204
    endloop
  endfacet
  facet normal -0.351463 0.58641 0.729793
    outer loop
      vertex 8.26131 -6.05344 14.1558
      vertex 8.25722 -6.13666 14.2207
      vertex 8.29401 -6.11461 14.2207
    endloop
  endfacet
  facet normal -0.351535 0.586395 0.72977
    outer loop
      vertex 8.26131 -6.05344 14.1558
      vertex 8.21869 -6.07899 14.1558
      vertex 8.25722 -6.13666 14.2207
    endloop
  endfacet
  facet normal -0.131853 0.36841 0.920266
    outer loop
      vertex 8.41688 -6.22597 14.3204
      vertex 8.39042 -6.23544 14.3204
      vertex 8.42096 -6.30919 14.3543
    endloop
  endfacet
  facet normal -0.145605 0.581303 0.800554
    outer loop
      vertex 8.41475 -6.07141 14.2207
      vertex 8.37315 -6.08183 14.2207
      vertex 8.4291 -6.14356 14.2757
    endloop
  endfacet
  facet normal -0.289948 0.262729 0.920274
    outer loop
      vertex 8.35396 -6.35396 14.3543
      vertex 8.27864 -6.31834 14.3204
      vertex 8.34035 -6.36898 14.3543
    endloop
  endfacet
  facet normal -0.180465 0.199161 0.963207
    outer loop
      vertex 8.36898 -6.34035 14.3543
      vertex 8.35396 -6.35396 14.3543
      vertex 8.42088 -6.40359 14.3771
    endloop
  endfacet
  facet normal -0.0652344 0.260718 0.963208
    outer loop
      vertex 8.47567 -6.37768 14.3771
      vertex 8.45971 -6.29744 14.3543
      vertex 8.4638 -6.38065 14.3771
    endloop
  endfacet
  facet normal -0.169113 0.472841 0.864767
    outer loop
      vertex 8.3945 -6.15223 14.2757
      vertex 8.36092 -6.16424 14.2757
      vertex 8.39042 -6.23544 14.3204
    endloop
  endfacet
  facet normal 0.201816 0.564279 0.800537
    outer loop
      vertex 8.66723 -6.09628 14.2207
      vertex 8.6055 -6.15223 14.2757
      vertex 8.63908 -6.16424 14.2757
    endloop
  endfacet
  facet normal 0.0949917 0.379581 0.920269
    outer loop
      vertex 8.58312 -6.22597 14.3204
      vertex 8.54029 -6.29744 14.3543
      vertex 8.55995 -6.30236 14.3543
    endloop
  endfacet
  facet normal 0.50899 0.849237 -0.140452
    outer loop
      vertex 8.9271 -5.77691 13.0254
      vertex 8.89386 -5.76314 12.9882
      vertex 8.89635 -5.75848 13.0254
    endloop
  endfacet
  facet normal 0.335977 0.93926 -0.0700776
    outer loop
      vertex 8.82176 -5.7232 13.0254
      vertex 8.74407 -5.69541 13.0254
      vertex 8.82489 -5.71565 13.1416
    endloop
  endfacet
  facet normal 0.146864 0.986678 -0.06998
    outer loop
      vertex 8.66539 -5.66851 13.1246
      vertex 8.66086 -5.66663 13.1416
      vertex 8.66563 -5.66734 13.1416
    endloop
  endfacet
  facet normal 0.336891 0.941544 -0
    outer loop
      vertex 8.82489 -5.71565 13.1416
      vertex 8.74644 -5.68758 13.2584
      vertex 8.82489 -5.71565 13.2584
    endloop
  endfacet
  facet normal 0.336891 0.941544 0
    outer loop
      vertex 8.74644 -5.68758 13.2584
      vertex 8.82489 -5.71565 13.1416
      vertex 8.74644 -5.68758 13.1416
    endloop
  endfacet
  facet normal 0.595523 0.800235 -0.0705433
    outer loop
      vertex 8.97554 -5.79698 13.1416
      vertex 8.971 -5.7951 13.1246
      vertex 8.97167 -5.7941 13.1416
    endloop
  endfacet
  facet normal 0.512819 0.855625 -0.0701632
    outer loop
      vertex 8.89635 -5.75848 13.0254
      vertex 8.94449 -5.78411 13.0647
      vertex 8.9271 -5.77691 13.0254
    endloop
  endfacet
  facet normal 0.512771 0.85566 -0.0700816
    outer loop
      vertex 8.94449 -5.78411 13.0647
      vertex 8.89635 -5.75848 13.0254
      vertex 8.9002 -5.75127 13.1416
    endloop
  endfacet
  facet normal 0.493036 0.822582 0.283327
    outer loop
      vertex 8.87726 -5.79419 13.6009
      vertex 8.86222 -5.82234 13.7088
      vertex 8.94463 -5.83457 13.6009
    endloop
  endfacet
  facet normal 0.502473 0.838327 0.211493
    outer loop
      vertex 8.88868 -5.77283 13.4891
      vertex 8.87726 -5.79419 13.6009
      vertex 8.94463 -5.83457 13.6009
    endloop
  endfacet
  facet normal 0.64395 0.710616 0.283467
    outer loop
      vertex 9.06591 -5.93409 13.6009
      vertex 9.00771 -5.88135 13.6009
      vertex 9.04333 -5.95667 13.7088
    endloop
  endfacet
  facet normal 0.656316 0.724262 0.211409
    outer loop
      vertex 9.08303 -5.91697 13.4891
      vertex 9.00771 -5.88135 13.6009
      vertex 9.06591 -5.93409 13.6009
    endloop
  endfacet
  facet normal 0.582229 0.785043 0.211465
    outer loop
      vertex 8.95808 -5.81443 13.4891
      vertex 8.94463 -5.83457 13.6009
      vertex 9.02307 -5.86263 13.4891
    endloop
  endfacet
  facet normal 0.589785 0.79523 0.140581
    outer loop
      vertex 9.0334 -5.85005 13.3746
      vertex 8.95808 -5.81443 13.4891
      vertex 9.02307 -5.86263 13.4891
    endloop
  endfacet
  facet normal 0.732134 0.183505 0.655977
    outer loop
      vertex 9.04624 -6.3343 14.0817
      vertex 8.98454 -6.35302 14.1558
      vertex 9.05986 -6.38864 14.0817
    endloop
  endfacet
  facet normal 0.789363 0.197849 0.581172
    outer loop
      vertex 9.10269 -6.31718 13.9992
      vertex 9.04624 -6.3343 14.0817
      vertex 9.05986 -6.38864 14.0817
    endloop
  endfacet
  facet normal -0.0443258 0.901605 0.430282
    outer loop
      vertex 8.5 -5.77093 13.8118
      vertex 8.43308 -5.82056 13.9089
      vertex 8.5 -5.81727 13.9089
    endloop
  endfacet
  facet normal -0.0458401 0.933258 0.356269
    outer loop
      vertex 8.5 -5.73161 13.7088
      vertex 8.42854 -5.77444 13.8118
      vertex 8.5 -5.77093 13.8118
    endloop
  endfacet
  facet normal 0.0458401 0.933258 0.356269
    outer loop
      vertex 8.5 -5.73161 13.7088
      vertex 8.5 -5.77093 13.8118
      vertex 8.57146 -5.77444 13.8118
    endloop
  endfacet
  facet normal 0.044285 0.901596 0.430306
    outer loop
      vertex 8.57146 -5.77444 13.8118
      vertex 8.5 -5.77093 13.8118
      vertex 8.56692 -5.82056 13.9089
    endloop
  endfacet
  facet normal -0.0470138 0.95786 0.283363
    outer loop
      vertex 8.5 -5.69969 13.6009
      vertex 8.42156 -5.70354 13.6009
      vertex 8.5 -5.73161 13.7088
    endloop
  endfacet
  facet normal -0.0470532 0.95785 0.283389
    outer loop
      vertex 8.5 -5.73161 13.7088
      vertex 8.42156 -5.70354 13.6009
      vertex 8.42468 -5.73531 13.7088
    endloop
  endfacet
  facet normal 0.209743 0.837156 0.505152
    outer loop
      vertex 8.69818 -5.84667 13.9089
      vertex 8.62287 -5.88229 13.9992
      vertex 8.68282 -5.89731 13.9992
    endloop
  endfacet
  facet normal 0.19778 0.789408 0.581136
    outer loop
      vertex 8.62287 -5.88229 13.9992
      vertex 8.61136 -5.94014 14.0817
      vertex 8.68282 -5.89731 13.9992
    endloop
  endfacet
  facet normal -0.36841 0.131853 0.920266
    outer loop
      vertex 8.23544 -6.39042 14.3204
      vertex 8.22597 -6.41688 14.3204
      vertex 8.30919 -6.42096 14.3543
    endloop
  endfacet
  facet normal -0.472836 0.169227 0.864748
    outer loop
      vertex 8.23544 -6.39042 14.3204
      vertex 8.15223 -6.3945 14.2757
      vertex 8.22597 -6.41688 14.3204
    endloop
  endfacet
  facet normal -0.12415 0.0588195 0.990519
    outer loop
      vertex 8.39001 -6.44121 14.3771
      vertex 8.38477 -6.45227 14.3771
      vertex 8.46147 -6.48404 14.3886
    endloop
  endfacet
  facet normal -0.242955 0.114847 0.963215
    outer loop
      vertex 8.31785 -6.40264 14.3543
      vertex 8.30919 -6.42096 14.3543
      vertex 8.39001 -6.44121 14.3771
    endloop
  endfacet
  facet normal -0.430725 0.258238 0.864748
    outer loop
      vertex 8.19783 -6.29809 14.2757
      vertex 8.17949 -6.32868 14.2757
      vertex 8.2619 -6.34091 14.3204
    endloop
  endfacet
  facet normal -0.335676 0.201127 0.920255
    outer loop
      vertex 8.2619 -6.34091 14.3204
      vertex 8.24746 -6.36501 14.3204
      vertex 8.31785 -6.40264 14.3543
    endloop
  endfacet
  facet normal -0.403366 0.299174 0.864749
    outer loop
      vertex 8.27864 -6.31834 14.3204
      vertex 8.19783 -6.29809 14.2757
      vertex 8.2619 -6.34091 14.3204
    endloop
  endfacet
  facet normal -0.444034 0.402397 0.800569
    outer loop
      vertex 8.191 -6.191 14.2207
      vertex 8.1622 -6.22278 14.2207
      vertex 8.24302 -6.24302 14.2757
    endloop
  endfacet
  facet normal -0.58641 0.351463 0.729793
    outer loop
      vertex 8.13666 -6.25722 14.2207
      vertex 8.05344 -6.26131 14.1558
      vertex 8.11461 -6.29401 14.2207
    endloop
  endfacet
  facet normal -0.56421 0.201903 0.800564
    outer loop
      vertex 8.09628 -6.33277 14.2207
      vertex 8.08183 -6.37315 14.2207
      vertex 8.15223 -6.3945 14.2757
    endloop
  endfacet
  facet normal -0.265834 0.0395129 0.963209
    outer loop
      vertex 8.37768 -6.47567 14.3771
      vertex 8.29744 -6.45971 14.3543
      vertex 8.37588 -6.48778 14.3771
    endloop
  endfacet
  facet normal 0.180465 0.199161 0.963207
    outer loop
      vertex 8.63102 -6.34035 14.3543
      vertex 8.57912 -6.40359 14.3771
      vertex 8.64604 -6.35396 14.3543
    endloop
  endfacet
  facet normal 0.215878 0.160096 0.963206
    outer loop
      vertex 8.65965 -6.36898 14.3543
      vertex 8.59641 -6.42088 14.3771
      vertex 8.6037 -6.43071 14.3771
    endloop
  endfacet
  facet normal -0.160096 0.215878 0.963206
    outer loop
      vertex 8.43071 -6.3963 14.3771
      vertex 8.36898 -6.34035 14.3543
      vertex 8.42088 -6.40359 14.3771
    endloop
  endfacet
  facet normal -0.0588195 -0.12415 0.990519
    outer loop
      vertex 8.48404 -6.53853 14.3886
      vertex 8.44121 -6.60999 14.3771
      vertex 8.45227 -6.61523 14.3771
    endloop
  endfacet
  facet normal -0.0131798 -0.268429 0.963209
    outer loop
      vertex 8.48778 -6.62412 14.3771
      vertex 8.47976 -6.70554 14.3543
      vertex 8.5 -6.62472 14.3771
    endloop
  endfacet
  facet normal 0.0463515 0.129314 0.99052
    outer loop
      vertex 8.54773 -6.38477 14.3771
      vertex 8.51211 -6.46009 14.3886
      vertex 8.51596 -6.46147 14.3886
    endloop
  endfacet
  facet normal -0.12415 -0.0588195 0.990519
    outer loop
      vertex 8.46147 -6.51596 14.3886
      vertex 8.38477 -6.54773 14.3771
      vertex 8.39001 -6.55879 14.3771
    endloop
  endfacet
  facet normal -0.117893 0.0705343 0.990518
    outer loop
      vertex 8.46532 -6.47683 14.3886
      vertex 8.39001 -6.44121 14.3771
      vertex 8.46322 -6.48034 14.3886
    endloop
  endfacet
  facet normal -0.129314 0.0463515 0.99052
    outer loop
      vertex 8.46147 -6.48404 14.3886
      vertex 8.38477 -6.45227 14.3771
      vertex 8.46009 -6.48789 14.3886
    endloop
  endfacet
  facet normal -0.133288 0.0333501 0.990516
    outer loop
      vertex 8.38065 -6.4638 14.3771
      vertex 8.37768 -6.47567 14.3771
      vertex 8.45909 -6.49186 14.3886
    endloop
  endfacet
  facet normal 0.101797 -0.0922569 0.990518
    outer loop
      vertex 8.59641 -6.57912 14.3771
      vertex 8.52949 -6.52949 14.3886
      vertex 8.58819 -6.58819 14.3771
    endloop
  endfacet
  facet normal -0.0922569 0.101797 0.990518
    outer loop
      vertex 8.42088 -6.40359 14.3771
      vertex 8.41181 -6.41181 14.3771
      vertex 8.47051 -6.47051 14.3886
    endloop
  endfacet
  facet normal 0.258238 -0.430725 0.864748
    outer loop
      vertex 8.70191 -6.80217 14.2757
      vertex 8.65909 -6.7381 14.3204
      vertex 8.67132 -6.82051 14.2757
    endloop
  endfacet
  facet normal 0.337216 -0.372135 0.864755
    outer loop
      vertex 8.75698 -6.75698 14.2757
      vertex 8.68166 -6.72136 14.3204
      vertex 8.73055 -6.78093 14.2757
    endloop
  endfacet
  facet normal 0.0131302 -0.26844 0.963207
    outer loop
      vertex 8.5 -6.62472 14.3771
      vertex 8.5 -6.70653 14.3543
      vertex 8.52024 -6.70554 14.3543
    endloop
  endfacet
  facet normal 0.0191166 -0.390827 0.920266
    outer loop
      vertex 8.52024 -6.70554 14.3543
      vertex 8.5 -6.70653 14.3543
      vertex 8.52807 -6.78498 14.3204
    endloop
  endfacet
  facet normal 0.289876 -0.262865 0.920257
    outer loop
      vertex 8.72136 -6.68166 14.3204
      vertex 8.64604 -6.64604 14.3543
      vertex 8.70248 -6.70248 14.3204
    endloop
  endfacet
  facet normal 0.110351 -0.0818408 0.990517
    outer loop
      vertex 8.53468 -6.52317 14.3886
      vertex 8.53224 -6.52646 14.3886
      vertex 8.59641 -6.57912 14.3771
    endloop
  endfacet
  facet normal 0.487139 -0.121919 0.864772
    outer loop
      vertex 8.78085 -6.55587 14.3204
      vertex 8.77403 -6.58312 14.3204
      vertex 8.85644 -6.5709 14.2757
    endloop
  endfacet
  facet normal 0.49671 -0.0737918 0.864774
    outer loop
      vertex 8.78498 -6.52807 14.3204
      vertex 8.78085 -6.55587 14.3204
      vertex 8.85644 -6.5709 14.2757
    endloop
  endfacet
  facet normal 0.390827 -0.0191166 0.920266
    outer loop
      vertex 8.70653 -6.5 14.3543
      vertex 8.70554 -6.52024 14.3543
      vertex 8.78498 -6.52807 14.3204
    endloop
  endfacet
  facet normal 0.390797 -0.0192127 0.920276
    outer loop
      vertex 8.78636 -6.5 14.3204
      vertex 8.70653 -6.5 14.3543
      vertex 8.78498 -6.52807 14.3204
    endloop
  endfacet
  facet normal 0.541754 0.256201 0.800539
    outer loop
      vertex 8.88539 -6.29401 14.2207
      vertex 8.83576 -6.36092 14.2757
      vertex 8.90372 -6.33277 14.2207
    endloop
  endfacet
  facet normal 0.541716 0.25624 0.800553
    outer loop
      vertex 8.88539 -6.29401 14.2207
      vertex 8.82051 -6.32868 14.2757
      vertex 8.83576 -6.36092 14.2757
    endloop
  endfacet
  facet normal 0.430759 0.258098 0.864773
    outer loop
      vertex 8.82051 -6.32868 14.2757
      vertex 8.7381 -6.34091 14.3204
      vertex 8.75254 -6.36501 14.3204
    endloop
  endfacet
  facet normal 0.353791 0.167239 0.920252
    outer loop
      vertex 8.75254 -6.36501 14.3204
      vertex 8.68215 -6.40264 14.3543
      vertex 8.69081 -6.42096 14.3543
    endloop
  endfacet
  facet normal 0.057499 -0.387039 0.920269
    outer loop
      vertex 8.54029 -6.70256 14.3543
      vertex 8.52807 -6.78498 14.3204
      vertex 8.55587 -6.78085 14.3204
    endloop
  endfacet
  facet normal 0.0949987 -0.379577 0.92027
    outer loop
      vertex 8.58312 -6.77403 14.3204
      vertex 8.54029 -6.70256 14.3543
      vertex 8.55587 -6.78085 14.3204
    endloop
  endfacet
  facet normal -0.0294849 -0.598502 0.800578
    outer loop
      vertex 8.5 -6.86342 14.2757
      vertex 8.45717 -6.93488 14.2207
      vertex 8.5 -6.93699 14.2207
    endloop
  endfacet
  facet normal 0.0736441 -0.496781 0.864746
    outer loop
      vertex 8.5709 -6.85644 14.2757
      vertex 8.52807 -6.78498 14.3204
      vertex 8.53562 -6.86167 14.2757
    endloop
  endfacet
  facet normal 0.0294058 -0.598534 0.800558
    outer loop
      vertex 8.53562 -6.86167 14.2757
      vertex 8.5 -6.86342 14.2757
      vertex 8.54283 -6.93488 14.2207
    endloop
  endfacet
  facet normal -0.0336431 -0.682906 0.729731
    outer loop
      vertex 8.5 -6.93699 14.2207
      vertex 8.45717 -6.93488 14.2207
      vertex 8.5 -7.00634 14.1558
    endloop
  endfacet
  facet normal 0.122069 -0.487148 0.864746
    outer loop
      vertex 8.58312 -6.77403 14.3204
      vertex 8.5709 -6.85644 14.2757
      vertex 8.6055 -6.84777 14.2757
    endloop
  endfacet
  facet normal 0.145654 -0.581271 0.800568
    outer loop
      vertex 8.6055 -6.84777 14.2757
      vertex 8.5709 -6.85644 14.2757
      vertex 8.62685 -6.91817 14.2207
    endloop
  endfacet
  facet normal -0.496781 -0.0736441 0.864746
    outer loop
      vertex 8.21502 -6.52807 14.3204
      vertex 8.13833 -6.53562 14.2757
      vertex 8.14356 -6.5709 14.2757
    endloop
  endfacet
  facet normal -0.59278 -0.087897 0.800553
    outer loop
      vertex 8.14356 -6.5709 14.2757
      vertex 8.06512 -6.54283 14.2207
      vertex 8.07141 -6.58525 14.2207
    endloop
  endfacet
  facet normal -0.682906 0.0336431 0.729731
    outer loop
      vertex 8.06512 -6.45717 14.2207
      vertex 7.99366 -6.5 14.1558
      vertex 8.06301 -6.5 14.2207
    endloop
  endfacet
  facet normal -0.682843 0.0334336 0.7298
    outer loop
      vertex 7.99609 -6.45037 14.1558
      vertex 7.99366 -6.5 14.1558
      vertex 8.06512 -6.45717 14.2207
    endloop
  endfacet
  facet normal -0.812802 0.0398048 0.581178
    outer loop
      vertex 7.93192 -6.44405 14.0817
      vertex 7.87019 -6.5 13.9992
      vertex 7.92918 -6.5 14.0817
    endloop
  endfacet
  facet normal -0.812802 -0.0398048 0.581178
    outer loop
      vertex 7.92918 -6.5 14.0817
      vertex 7.87019 -6.5 13.9992
      vertex 7.93192 -6.55595 14.0817
    endloop
  endfacet
  facet normal -0.812603 0.290694 0.505146
    outer loop
      vertex 7.91813 -6.25898 13.9992
      vertex 7.86924 -6.23873 13.9089
      vertex 7.89731 -6.31718 13.9992
    endloop
  endfacet
  facet normal -0.812598 0.290701 0.505151
    outer loop
      vertex 7.86924 -6.23873 13.9089
      vertex 7.84667 -6.30182 13.9089
      vertex 7.89731 -6.31718 13.9992
    endloop
  endfacet
  facet normal -0.387039 0.057499 0.920269
    outer loop
      vertex 8.21915 -6.44413 14.3204
      vertex 8.21502 -6.47193 14.3204
      vertex 8.29744 -6.45971 14.3543
    endloop
  endfacet
  facet normal -0.49671 0.0737918 0.864774
    outer loop
      vertex 8.21915 -6.44413 14.3204
      vertex 8.14356 -6.4291 14.2757
      vertex 8.21502 -6.47193 14.3204
    endloop
  endfacet
  facet normal -0.453945 -0.214723 0.86477
    outer loop
      vertex 8.23544 -6.60958 14.3204
      vertex 8.16424 -6.63908 14.2757
      vertex 8.17949 -6.67132 14.2757
    endloop
  endfacet
  facet normal -0.472841 -0.169113 0.864767
    outer loop
      vertex 8.23544 -6.60958 14.3204
      vertex 8.15223 -6.6055 14.2757
      vertex 8.16424 -6.63908 14.2757
    endloop
  endfacet
  facet normal -0.430759 -0.258098 0.864773
    outer loop
      vertex 8.24746 -6.63499 14.3204
      vertex 8.17949 -6.67132 14.2757
      vertex 8.2619 -6.65909 14.3204
    endloop
  endfacet
  facet normal -0.430725 -0.258238 0.864748
    outer loop
      vertex 8.2619 -6.65909 14.3204
      vertex 8.17949 -6.67132 14.2757
      vertex 8.19783 -6.70191 14.2757
    endloop
  endfacet
  facet normal -0.403366 -0.299174 0.864749
    outer loop
      vertex 8.2619 -6.65909 14.3204
      vertex 8.19783 -6.70191 14.2757
      vertex 8.27864 -6.68166 14.3204
    endloop
  endfacet
  facet normal -0.371972 -0.337312 0.864787
    outer loop
      vertex 8.27864 -6.68166 14.3204
      vertex 8.24302 -6.75698 14.2757
      vertex 8.29752 -6.70248 14.3204
    endloop
  endfacet
  facet normal 0.322654 -0.682374 0.655942
    outer loop
      vertex 8.73869 -6.94656 14.1558
      vertex 8.69377 -6.9678 14.1558
      vertex 8.76908 -7.00342 14.0817
    endloop
  endfacet
  facet normal 0.322703 -0.682326 0.655968
    outer loop
      vertex 8.76908 -7.00342 14.0817
      vertex 8.69377 -6.9678 14.1558
      vertex 8.71844 -7.02737 14.0817
    endloop
  endfacet
  facet normal 0.34793 -0.735666 0.581155
    outer loop
      vertex 8.76908 -7.00342 14.0817
      vertex 8.71844 -7.02737 14.0817
      vertex 8.79689 -7.05544 13.9992
    endloop
  endfacet
  facet normal 0.418343 -0.698029 0.581158
    outer loop
      vertex 8.8499 -7.02367 13.9992
      vertex 8.76908 -7.00342 14.0817
      vertex 8.79689 -7.05544 13.9992
    endloop
  endfacet
  facet normal 0.30806 -0.513992 0.800569
    outer loop
      vertex 8.74278 -6.86334 14.2207
      vertex 8.70191 -6.80217 14.2757
      vertex 8.70599 -6.88539 14.2207
    endloop
  endfacet
  facet normal 0.292245 -0.618062 0.729789
    outer loop
      vertex 8.70599 -6.88539 14.2207
      vertex 8.69377 -6.9678 14.1558
      vertex 8.73869 -6.94656 14.1558
    endloop
  endfacet
  facet normal 0.0369184 -0.753863 0.655993
    outer loop
      vertex 8.5 -7.00634 14.1558
      vertex 8.5 -7.07082 14.0817
      vertex 8.55595 -7.06808 14.0817
    endloop
  endfacet
  facet normal -0.0369184 -0.753863 0.655993
    outer loop
      vertex 8.5 -7.00634 14.1558
      vertex 8.44405 -7.06808 14.0817
      vertex 8.5 -7.07082 14.0817
    endloop
  endfacet
  facet normal 0.11942 -0.804998 0.581135
    outer loop
      vertex 8.61136 -7.05986 14.0817
      vertex 8.55595 -7.06808 14.0817
      vertex 8.56173 -7.12678 13.9992
    endloop
  endfacet
  facet normal 0.11075 -0.746554 0.656043
    outer loop
      vertex 8.59878 -6.99661 14.1558
      vertex 8.55595 -7.06808 14.0817
      vertex 8.61136 -7.05986 14.0817
    endloop
  endfacet
  facet normal 0.087897 -0.59278 0.800553
    outer loop
      vertex 8.5709 -6.85644 14.2757
      vertex 8.54283 -6.93488 14.2207
      vertex 8.58525 -6.92859 14.2207
    endloop
  endfacet
  facet normal 0.0878747 -0.592776 0.800559
    outer loop
      vertex 8.5709 -6.85644 14.2757
      vertex 8.53562 -6.86167 14.2757
      vertex 8.54283 -6.93488 14.2207
    endloop
  endfacet
  facet normal -0.290694 -0.812603 0.505146
    outer loop
      vertex 8.25898 -7.08187 13.9992
      vertex 8.23873 -7.13076 13.9089
      vertex 8.31718 -7.10269 13.9992
    endloop
  endfacet
  facet normal -0.290701 -0.812598 0.505151
    outer loop
      vertex 8.31718 -7.10269 13.9992
      vertex 8.23873 -7.13076 13.9089
      vertex 8.30182 -7.15333 13.9089
    endloop
  endfacet
  facet normal -0.145654 -0.581271 0.800568
    outer loop
      vertex 8.3945 -6.84777 14.2757
      vertex 8.37315 -6.91817 14.2207
      vertex 8.4291 -6.85644 14.2757
    endloop
  endfacet
  facet normal -0.122069 -0.487148 0.864746
    outer loop
      vertex 8.41688 -6.77403 14.3204
      vertex 8.3945 -6.84777 14.2757
      vertex 8.4291 -6.85644 14.2757
    endloop
  endfacet
  facet normal -0.837156 0.209743 0.505152
    outer loop
      vertex 7.89731 -6.31718 13.9992
      vertex 7.84667 -6.30182 13.9089
      vertex 7.88229 -6.37713 13.9992
    endloop
  endfacet
  facet normal -0.766217 0.274147 0.581168
    outer loop
      vertex 7.97263 -6.28156 14.0817
      vertex 7.89731 -6.31718 13.9992
      vertex 7.95376 -6.3343 14.0817
    endloop
  endfacet
  facet normal -0.668838 0.606185 0.430343
    outer loop
      vertex 8.01724 -6.01724 13.9089
      vertex 7.93642 -6.03748 13.8118
      vertex 7.97225 -6.06688 13.9089
    endloop
  endfacet
  facet normal -0.750536 0.556601 0.356218
    outer loop
      vertex 7.90603 -6.01254 13.7088
      vertex 7.8938 -6.09495 13.8118
      vertex 7.93642 -6.03748 13.8118
    endloop
  endfacet
  facet normal -0.606266 0.44958 0.655987
    outer loop
      vertex 8.05875 -6.13787 14.0817
      vertex 8.02538 -6.18287 14.0817
      vertex 8.10859 -6.17878 14.1558
    endloop
  endfacet
  facet normal -0.653664 0.484728 0.581173
    outer loop
      vertex 8.05875 -6.13787 14.0817
      vertex 7.97633 -6.1501 13.9992
      vertex 8.02538 -6.18287 14.0817
    endloop
  endfacet
  facet normal -0.73362 0.664859 0.140585
    outer loop
      vertex 7.91697 -5.91697 13.4891
      vertex 7.85005 -5.9666 13.3746
      vertex 7.86263 -5.97693 13.4891
    endloop
  endfacet
  facet normal -0.733516 0.665 0.140462
    outer loop
      vertex 7.90547 -5.90547 13.3746
      vertex 7.85005 -5.9666 13.3746
      vertex 7.91697 -5.91697 13.4891
    endloop
  endfacet
  facet normal -0.989103 -0.147225 0
    outer loop
      vertex 7.66663 -6.66086 13.1416
      vertex 7.66734 -6.66563 13.1416
      vertex 7.66663 -6.66086 13.2
    endloop
  endfacet
  facet normal -0.989173 -0.146752 0
    outer loop
      vertex 7.66663 -6.66086 13.2
      vertex 7.65511 -6.58321 13.2584
      vertex 7.65511 -6.58321 13.2
    endloop
  endfacet
  facet normal -0.989169 -0.146779 3.72172e-05
    outer loop
      vertex 7.66663 -6.66086 13.2
      vertex 7.66734 -6.66563 13.2584
      vertex 7.65511 -6.58321 13.2584
    endloop
  endfacet
  facet normal -0.989103 -0.147225 -0
    outer loop
      vertex 7.66734 -6.66563 13.2584
      vertex 7.66663 -6.66086 13.2
      vertex 7.66734 -6.66563 13.1416
    endloop
  endfacet
  facet normal -0.998794 -0.0490935 0
    outer loop
      vertex 7.65511 -6.58321 13.2
      vertex 7.65102 -6.5 13.2584
      vertex 7.65102 -6.5 13.2
    endloop
  endfacet
  facet normal -0.998794 -0.0490935 0
    outer loop
      vertex 7.65102 -6.5 13.2584
      vertex 7.65511 -6.58321 13.2
      vertex 7.65511 -6.58321 13.2584
    endloop
  endfacet
  facet normal -0.73904 -0.670008 0.0700635
    outer loop
      vertex 7.85005 -7.0334 13.3746
      vertex 7.84373 -7.03858 13.2584
      vertex 7.90547 -7.09453 13.3746
    endloop
  endfacet
  facet normal -0.73917 -0.66985 0.0702085
    outer loop
      vertex 7.90547 -7.09453 13.3746
      vertex 7.84373 -7.03858 13.2584
      vertex 7.89968 -7.10032 13.2584
    endloop
  endfacet
  facet normal -0.932183 -0.333569 0.140595
    outer loop
      vertex 7.73824 -6.81553 13.4891
      vertex 7.71098 -6.73935 13.4891
      vertex 7.7232 -6.82176 13.3746
    endloop
  endfacet
  facet normal -0.932233 -0.333463 0.140514
    outer loop
      vertex 7.71098 -6.73935 13.4891
      vertex 7.69541 -6.74407 13.3746
      vertex 7.7232 -6.82176 13.3746
    endloop
  endfacet
  facet normal -0.242479 -0.967617 -0.0701473
    outer loop
      vertex 8.25593 -7.30459 13.0254
      vertex 8.30809 -7.32051 13.0647
      vertex 8.25356 -7.31242 13.1416
    endloop
  endfacet
  facet normal -0.242395 -0.96763 -0.0702639
    outer loop
      vertex 8.30809 -7.32051 13.0647
      vertex 8.25593 -7.30459 13.0254
      vertex 8.2907 -7.3133 13.0254
    endloop
  endfacet
  facet normal -0.242363 -0.967656 -0.0700191
    outer loop
      vertex 8.25356 -7.31242 13.1416
      vertex 8.33461 -7.33149 13.1246
      vertex 8.33437 -7.33266 13.1416
    endloop
  endfacet
  facet normal -0.242372 -0.96765 -0.0700683
    outer loop
      vertex 8.33461 -7.33149 13.1246
      vertex 8.25356 -7.31242 13.1416
      vertex 8.30809 -7.32051 13.0647
    endloop
  endfacet
  facet normal -0.774281 -0.464039 0.430299
    outer loop
      vertex 7.93233 -6.8793 13.9089
      vertex 7.85702 -6.84368 13.8118
      vertex 7.8938 -6.90505 13.8118
    endloop
  endfacet
  facet normal -0.750536 -0.556601 0.356218
    outer loop
      vertex 7.93642 -6.96252 13.8118
      vertex 7.8938 -6.90505 13.8118
      vertex 7.90603 -6.98746 13.7088
    endloop
  endfacet
  facet normal -0.579584 -0.639487 0.505112
    outer loop
      vertex 8.10045 -6.98685 13.9992
      vertex 8.01724 -6.98276 13.9089
      vertex 8.06688 -7.02775 13.9089
    endloop
  endfacet
  facet normal -0.579635 -0.6394 0.505164
    outer loop
      vertex 8.05466 -6.94534 13.9992
      vertex 8.01724 -6.98276 13.9089
      vertex 8.10045 -6.98685 13.9992
    endloop
  endfacet
  facet normal -0.73362 -0.664859 0.140585
    outer loop
      vertex 7.86263 -7.02307 13.4891
      vertex 7.85005 -7.0334 13.3746
      vertex 7.91697 -7.08303 13.4891
    endloop
  endfacet
  facet normal -0.724226 -0.656345 0.21144
    outer loop
      vertex 7.88135 -7.00771 13.6009
      vertex 7.86263 -7.02307 13.4891
      vertex 7.91697 -7.08303 13.4891
    endloop
  endfacet
  facet normal -0.571251 -0.770297 0.283399
    outer loop
      vertex 8.01254 -7.09397 13.7088
      vertex 7.99229 -7.11865 13.6009
      vertex 8.05537 -7.16543 13.6009
    endloop
  endfacet
  facet normal -0.644044 -0.710559 0.283396
    outer loop
      vertex 8.01254 -7.09397 13.7088
      vertex 7.95667 -7.04333 13.7088
      vertex 7.99229 -7.11865 13.6009
    endloop
  endfacet
  facet normal 0.126645 -0.853701 0.505129
    outer loop
      vertex 8.62287 -7.11771 13.9992
      vertex 8.56173 -7.12678 13.9992
      vertex 8.56692 -7.17944 13.9089
    endloop
  endfacet
  facet normal 0.126631 -0.853699 0.505136
    outer loop
      vertex 8.62287 -7.11771 13.9992
      vertex 8.56692 -7.17944 13.9089
      vertex 8.63319 -7.16961 13.9089
    endloop
  endfacet
  facet normal -0.399475 -0.844671 0.356301
    outer loop
      vertex 8.221 -7.17357 13.8118
      vertex 8.13778 -7.17766 13.7088
      vertex 8.20595 -7.2099 13.7088
    endloop
  endfacet
  facet normal -0.480453 -0.801416 0.356227
    outer loop
      vertex 8.09495 -7.1062 13.8118
      vertex 8.07311 -7.13889 13.7088
      vertex 8.13778 -7.17766 13.7088
    endloop
  endfacet
  facet normal -0.493105 -0.82252 0.283386
    outer loop
      vertex 8.07311 -7.13889 13.7088
      vertex 8.05537 -7.16543 13.6009
      vertex 8.13778 -7.17766 13.7088
    endloop
  endfacet
  facet normal -0.556608 -0.750528 0.356224
    outer loop
      vertex 8.09495 -7.1062 13.8118
      vertex 8.01254 -7.09397 13.7088
      vertex 8.07311 -7.13889 13.7088
    endloop
  endfacet
  facet normal -0.606234 -0.668813 0.430312
    outer loop
      vertex 8.01724 -6.98276 13.9089
      vertex 7.98447 -7.01553 13.8118
      vertex 8.03748 -7.06358 13.8118
    endloop
  endfacet
  facet normal -0.627539 -0.692318 0.356217
    outer loop
      vertex 8.03748 -7.06358 13.8118
      vertex 7.98447 -7.01553 13.8118
      vertex 8.01254 -7.09397 13.7088
    endloop
  endfacet
  facet normal -0.407261 -0.54918 0.729754
    outer loop
      vertex 8.22278 -6.8378 14.2207
      vertex 8.17878 -6.89141 14.1558
      vertex 8.25722 -6.86334 14.2207
    endloop
  endfacet
  facet normal -0.356942 -0.481327 0.800573
    outer loop
      vertex 8.26945 -6.78093 14.2757
      vertex 8.22278 -6.8378 14.2207
      vertex 8.25722 -6.86334 14.2207
    endloop
  endfacet
  facet normal -0.351463 -0.58641 0.729793
    outer loop
      vertex 8.29401 -6.88539 14.2207
      vertex 8.25722 -6.86334 14.2207
      vertex 8.26131 -6.94656 14.1558
    endloop
  endfacet
  facet normal -0.201816 -0.564279 0.800537
    outer loop
      vertex 8.36092 -6.83576 14.2757
      vertex 8.33277 -6.90372 14.2207
      vertex 8.3945 -6.84777 14.2757
    endloop
  endfacet
  facet normal -0.29915 -0.403374 0.864753
    outer loop
      vertex 8.31834 -6.72136 14.3204
      vertex 8.26945 -6.78093 14.2757
      vertex 8.29809 -6.80217 14.2757
    endloop
  endfacet
  facet normal -0.356958 -0.481322 0.800569
    outer loop
      vertex 8.26945 -6.78093 14.2757
      vertex 8.25722 -6.86334 14.2207
      vertex 8.29809 -6.80217 14.2757
    endloop
  endfacet
  facet normal -0.0202003 -0.135903 0.990516
    outer loop
      vertex 8.49186 -6.54091 14.3886
      vertex 8.47567 -6.62232 14.3771
      vertex 8.48778 -6.62412 14.3771
    endloop
  endfacet
  facet normal -0.0652344 -0.260718 0.963208
    outer loop
      vertex 8.4638 -6.61935 14.3771
      vertex 8.45971 -6.70256 14.3543
      vertex 8.47567 -6.62232 14.3771
    endloop
  endfacet
  facet normal -0.537754 -0.724998 0.430347
    outer loop
      vertex 8.06688 -7.02775 13.9089
      vertex 8.03748 -7.06358 13.8118
      vertex 8.1207 -7.06767 13.9089
    endloop
  endfacet
  facet normal -0.537707 -0.725059 0.430303
    outer loop
      vertex 8.1207 -7.06767 13.9089
      vertex 8.03748 -7.06358 13.8118
      vertex 8.09495 -7.1062 13.8118
    endloop
  endfacet
  facet normal -0.38805 -0.647423 0.655942
    outer loop
      vertex 8.26131 -6.94656 14.1558
      vertex 8.18287 -6.97462 14.0817
      vertex 8.23092 -7.00342 14.0817
    endloop
  endfacet
  facet normal -0.449636 -0.606249 0.655965
    outer loop
      vertex 8.21869 -6.92101 14.1558
      vertex 8.17878 -6.89141 14.1558
      vertex 8.18287 -6.97462 14.0817
    endloop
  endfacet
  facet normal -0.443628 -0.740282 0.50515
    outer loop
      vertex 8.1501 -7.02367 13.9992
      vertex 8.1207 -7.06767 13.9089
      vertex 8.17817 -7.10211 13.9089
    endloop
  endfacet
  facet normal -0.34793 -0.735666 0.581155
    outer loop
      vertex 8.23092 -7.00342 14.0817
      vertex 8.20311 -7.05544 13.9992
      vertex 8.28156 -7.02737 14.0817
    endloop
  endfacet
  facet normal 0.335977 -0.93926 0.0700776
    outer loop
      vertex 8.82176 -7.2768 13.3746
      vertex 8.74407 -7.30459 13.3746
      vertex 8.82489 -7.28435 13.2584
    endloop
  endfacet
  facet normal 0.336062 -0.939224 0.0701428
    outer loop
      vertex 8.82489 -7.28435 13.2584
      vertex 8.74407 -7.30459 13.3746
      vertex 8.74644 -7.31242 13.2584
    endloop
  endfacet
  facet normal 0.50899 -0.849237 -0.140452
    outer loop
      vertex 8.89635 -7.24152 13.0254
      vertex 8.89386 -7.23686 12.9882
      vertex 8.9271 -7.22309 13.0254
    endloop
  endfacet
  facet normal 0.939224 -0.336062 -0.0701428
    outer loop
      vertex 9.31242 -6.74644 13.1416
      vertex 9.28435 -6.82489 13.1416
      vertex 9.30459 -6.74407 13.0254
    endloop
  endfacet
  facet normal 0.96763 -0.242395 -0.0702639
    outer loop
      vertex 9.32051 -6.69191 13.0647
      vertex 9.30459 -6.74407 13.0254
      vertex 9.3133 -6.7093 13.0254
    endloop
  endfacet
  facet normal 0.967617 -0.242479 -0.0701473
    outer loop
      vertex 9.30459 -6.74407 13.0254
      vertex 9.32051 -6.69191 13.0647
      vertex 9.31242 -6.74644 13.1416
    endloop
  endfacet
  facet normal -0.801193 0.594279 0.0701556
    outer loop
      vertex 7.84373 -5.96142 13.2584
      vertex 7.7941 -6.02833 13.2584
      vertex 7.8009 -6.03288 13.3746
    endloop
  endfacet
  facet normal -0.589736 0.795274 0.140535
    outer loop
      vertex 8.03288 -5.8009 13.3746
      vertex 7.9666 -5.85005 13.3746
      vertex 8.04192 -5.81443 13.4891
    endloop
  endfacet
  facet normal -0.50903 0.849199 0.140535
    outer loop
      vertex 8.11132 -5.77283 13.4891
      vertex 8.03288 -5.8009 13.3746
      vertex 8.04192 -5.81443 13.4891
    endloop
  endfacet
  facet normal -0.50899 0.849237 -0.140452
    outer loop
      vertex 8.10614 -5.76314 12.9882
      vertex 8.0729 -5.77691 13.0254
      vertex 8.10365 -5.75848 13.0254
    endloop
  endfacet
  facet normal -0.423336 0.895029 -0.140389
    outer loop
      vertex 8.14747 -5.74602 12.9727
      vertex 8.10365 -5.75848 13.0254
      vertex 8.17824 -5.7232 13.0254
    endloop
  endfacet
  facet normal -0.423403 0.894988 -0.140455
    outer loop
      vertex 8.10365 -5.75848 13.0254
      vertex 8.14747 -5.74602 12.9727
      vertex 8.10614 -5.76314 12.9882
    endloop
  endfacet
  facet normal -0.333628 0.932172 -0.140525
    outer loop
      vertex 8.1818 -5.7318 12.9599
      vertex 8.17824 -5.7232 13.0254
      vertex 8.21614 -5.71758 12.9727
    endloop
  endfacet
  facet normal -0.0479527 0.976205 0.211482
    outer loop
      vertex 8.5 -5.67547 13.4891
      vertex 8.41918 -5.67944 13.4891
      vertex 8.5 -5.69969 13.6009
    endloop
  endfacet
  facet normal -0.242393 0.967639 0.070147
    outer loop
      vertex 8.33597 -5.67536 13.3746
      vertex 8.25356 -5.68758 13.2584
      vertex 8.25593 -5.69541 13.3746
    endloop
  endfacet
  facet normal 0.0485983 0.988885 0.140517
    outer loop
      vertex 8.5 -5.6592 13.3746
      vertex 8.5 -5.67547 13.4891
      vertex 8.58241 -5.66325 13.3746
    endloop
  endfacet
  facet normal 0.0489644 0.996335 0.0701379
    outer loop
      vertex 8.5 -5.65102 13.2584
      vertex 8.5 -5.6592 13.3746
      vertex 8.58241 -5.66325 13.3746
    endloop
  endfacet
  facet normal -0.237479 0.948105 0.211423
    outer loop
      vertex 8.33914 -5.69132 13.4891
      vertex 8.26065 -5.71098 13.4891
      vertex 8.26768 -5.73415 13.6009
    endloop
  endfacet
  facet normal -0.140785 0.948617 0.283381
    outer loop
      vertex 8.42156 -5.70354 13.6009
      vertex 8.34387 -5.71507 13.6009
      vertex 8.42468 -5.73531 13.7088
    endloop
  endfacet
  facet normal -0.480325 0.801456 0.356308
    outer loop
      vertex 8.13778 -5.82234 13.7088
      vertex 8.09495 -5.8938 13.8118
      vertex 8.15632 -5.85702 13.8118
    endloop
  endfacet
  facet normal -0.537754 0.724998 0.430347
    outer loop
      vertex 8.1207 -5.93233 13.9089
      vertex 8.03748 -5.93642 13.8118
      vertex 8.06688 -5.97225 13.9089
    endloop
  endfacet
  facet normal -0.410077 0.866926 0.283332
    outer loop
      vertex 8.19373 -5.76061 13.6009
      vertex 8.12274 -5.79419 13.6009
      vertex 8.13778 -5.82234 13.7088
    endloop
  endfacet
  facet normal -0.417927 0.883521 0.211491
    outer loop
      vertex 8.19373 -5.76061 13.6009
      vertex 8.11132 -5.77283 13.4891
      vertex 8.12274 -5.79419 13.6009
    endloop
  endfacet
  facet normal -0.822582 0.493036 0.283327
    outer loop
      vertex 7.83457 -6.05537 13.6009
      vertex 7.79419 -6.12274 13.6009
      vertex 7.82234 -6.13778 13.7088
    endloop
  endfacet
  facet normal -0.866926 0.410077 0.283332
    outer loop
      vertex 7.79419 -6.12274 13.6009
      vertex 7.76061 -6.19373 13.6009
      vertex 7.82234 -6.13778 13.7088
    endloop
  endfacet
  facet normal -0.724262 0.656316 0.211409
    outer loop
      vertex 7.91697 -5.91697 13.4891
      vertex 7.88135 -5.99229 13.6009
      vertex 7.93409 -5.93409 13.6009
    endloop
  endfacet
  facet normal -0.724226 0.656345 0.21144
    outer loop
      vertex 7.91697 -5.91697 13.4891
      vertex 7.86263 -5.97693 13.4891
      vertex 7.88135 -5.99229 13.6009
    endloop
  endfacet
  facet normal -0.627539 0.692318 0.356217
    outer loop
      vertex 8.01254 -5.90603 13.7088
      vertex 7.98447 -5.98447 13.8118
      vertex 8.03748 -5.93642 13.8118
    endloop
  endfacet
  facet normal -0.606234 0.668813 0.430312
    outer loop
      vertex 8.03748 -5.93642 13.8118
      vertex 7.98447 -5.98447 13.8118
      vertex 8.01724 -6.01724 13.9089
    endloop
  endfacet
  facet normal -0.770291 0.571264 0.28339
    outer loop
      vertex 7.90603 -6.01254 13.7088
      vertex 7.83457 -6.05537 13.6009
      vertex 7.86111 -6.07311 13.7088
    endloop
  endfacet
  facet normal -0.740282 0.443628 0.50515
    outer loop
      vertex 7.93233 -6.1207 13.9089
      vertex 7.89789 -6.17817 13.9089
      vertex 7.97633 -6.1501 13.9992
    endloop
  endfacet
  facet normal -0.39948 0.844667 0.356305
    outer loop
      vertex 8.221 -5.82643 13.8118
      vertex 8.13778 -5.82234 13.7088
      vertex 8.15632 -5.85702 13.8118
    endloop
  endfacet
  facet normal -0.385931 0.81602 0.430312
    outer loop
      vertex 8.221 -5.82643 13.8118
      vertex 8.15632 -5.85702 13.8118
      vertex 8.17817 -5.89789 13.9089
    endloop
  endfacet
  facet normal -0.110886 0.74658 0.65599
    outer loop
      vertex 8.44405 -5.93192 14.0817
      vertex 8.40122 -6.00339 14.1558
      vertex 8.45037 -5.99609 14.1558
    endloop
  endfacet
  facet normal -0.230311 0.643744 0.72976
    outer loop
      vertex 8.35302 -6.01546 14.1558
      vertex 8.30623 -6.0322 14.1558
      vertex 8.37315 -6.08183 14.2207
    endloop
  endfacet
  facet normal 0.036911 0.753866 0.65599
    outer loop
      vertex 8.55595 -5.93192 14.0817
      vertex 8.5 -5.99366 14.1558
      vertex 8.54963 -5.99609 14.1558
    endloop
  endfacet
  facet normal -0.036911 0.753866 0.65599
    outer loop
      vertex 8.5 -5.99366 14.1558
      vertex 8.44405 -5.93192 14.0817
      vertex 8.45037 -5.99609 14.1558
    endloop
  endfacet
  facet normal -0.418343 0.698029 0.581158
    outer loop
      vertex 8.20311 -5.94456 13.9992
      vertex 8.1501 -5.97633 13.9992
      vertex 8.23092 -5.99658 14.0817
    endloop
  endfacet
  facet normal -0.34793 0.735666 0.581155
    outer loop
      vertex 8.28156 -5.97263 14.0817
      vertex 8.20311 -5.94456 13.9992
      vertex 8.23092 -5.99658 14.0817
    endloop
  endfacet
  facet normal -0.418366 0.698002 0.581174
    outer loop
      vertex 8.23092 -5.99658 14.0817
      vertex 8.1501 -5.97633 13.9992
      vertex 8.18287 -6.02538 14.0817
    endloop
  endfacet
  facet normal -0.322654 0.682374 0.655942
    outer loop
      vertex 8.30623 -6.0322 14.1558
      vertex 8.23092 -5.99658 14.0817
      vertex 8.26131 -6.05344 14.1558
    endloop
  endfacet
  facet normal 0.237432 -0.94811 0.211455
    outer loop
      vertex 8.73232 -7.26585 13.6009
      vertex 8.65613 -7.28493 13.6009
      vertex 8.66086 -7.30868 13.4891
    endloop
  endfacet
  facet normal 0.237479 -0.948105 0.211423
    outer loop
      vertex 8.73232 -7.26585 13.6009
      vertex 8.66086 -7.30868 13.4891
      vertex 8.73935 -7.28902 13.4891
    endloop
  endfacet
  facet normal 0.137046 -0.924258 0.356322
    outer loop
      vertex 8.64223 -7.21506 13.8118
      vertex 8.57532 -7.26469 13.7088
      vertex 8.64991 -7.25363 13.7088
    endloop
  endfacet
  facet normal 0.140665 -0.94866 0.283299
    outer loop
      vertex 8.64991 -7.25363 13.7088
      vertex 8.57532 -7.26469 13.7088
      vertex 8.65613 -7.28493 13.6009
    endloop
  endfacet
  facet normal 0.502505 -0.838313 0.21147
    outer loop
      vertex 8.94463 -7.16543 13.6009
      vertex 8.88868 -7.22717 13.4891
      vertex 8.95808 -7.18557 13.4891
    endloop
  endfacet
  facet normal 0.50903 -0.849199 0.140535
    outer loop
      vertex 8.95808 -7.18557 13.4891
      vertex 8.88868 -7.22717 13.4891
      vertex 8.96712 -7.1991 13.3746
    endloop
  endfacet
  facet normal 0.64395 -0.710616 0.283467
    outer loop
      vertex 9.04333 -7.04333 13.7088
      vertex 9.00771 -7.11865 13.6009
      vertex 9.06591 -7.06591 13.6009
    endloop
  endfacet
  facet normal 0.644044 -0.710559 0.283396
    outer loop
      vertex 9.04333 -7.04333 13.7088
      vertex 8.98746 -7.09397 13.7088
      vertex 9.00771 -7.11865 13.6009
    endloop
  endfacet
  facet normal 0.426514 -0.901762 0.0700842
    outer loop
      vertex 8.89635 -7.24152 13.3746
      vertex 8.82489 -7.28435 13.2584
      vertex 8.9002 -7.24873 13.2584
    endloop
  endfacet
  facet normal 0.512857 -0.855609 0.0700812
    outer loop
      vertex 8.96712 -7.1991 13.3746
      vertex 8.89635 -7.24152 13.3746
      vertex 8.9002 -7.24873 13.2584
    endloop
  endfacet
  facet normal 0.260718 0.0652344 0.963208
    outer loop
      vertex 8.70256 -6.45971 14.3543
      vertex 8.61935 -6.4638 14.3771
      vertex 8.62232 -6.47567 14.3771
    endloop
  endfacet
  facet normal 0.265834 0.0395129 0.963209
    outer loop
      vertex 8.70256 -6.45971 14.3543
      vertex 8.62232 -6.47567 14.3771
      vertex 8.62412 -6.48778 14.3771
    endloop
  endfacet
  facet normal 0.35372 0.167324 0.920263
    outer loop
      vertex 8.75254 -6.36501 14.3204
      vertex 8.69081 -6.42096 14.3543
      vertex 8.76456 -6.39042 14.3204
    endloop
  endfacet
  facet normal 0.242955 0.114847 0.963215
    outer loop
      vertex 8.68215 -6.40264 14.3543
      vertex 8.60999 -6.44121 14.3771
      vertex 8.69081 -6.42096 14.3543
    endloop
  endfacet
  facet normal -0.230528 -0.138097 0.963216
    outer loop
      vertex 8.39001 -6.55879 14.3771
      vertex 8.31785 -6.59736 14.3543
      vertex 8.3963 -6.56929 14.3771
    endloop
  endfacet
  facet normal -0.115078 0.242894 0.963203
    outer loop
      vertex 8.45227 -6.38477 14.3771
      vertex 8.42096 -6.30919 14.3543
      vertex 8.44121 -6.39001 14.3771
    endloop
  endfacet
  facet normal 0.169227 0.472836 0.864748
    outer loop
      vertex 8.6055 -6.15223 14.2757
      vertex 8.58312 -6.22597 14.3204
      vertex 8.60958 -6.23544 14.3204
    endloop
  endfacet
  facet normal 0.25624 0.541716 0.800553
    outer loop
      vertex 8.70599 -6.11461 14.2207
      vertex 8.63908 -6.16424 14.2757
      vertex 8.67132 -6.17949 14.2757
    endloop
  endfacet
  facet normal 0.746554 -0.11075 0.656043
    outer loop
      vertex 9.06808 -6.55595 14.0817
      vertex 8.99661 -6.59878 14.1558
      vertex 9.05986 -6.61136 14.0817
    endloop
  endfacet
  facet normal 0.74658 -0.110886 0.65599
    outer loop
      vertex 9.00391 -6.54963 14.1558
      vertex 8.99661 -6.59878 14.1558
      vertex 9.06808 -6.55595 14.0817
    endloop
  endfacet
  facet normal 0.618062 -0.292245 0.729789
    outer loop
      vertex 8.9678 -6.69377 14.1558
      vertex 8.88539 -6.70599 14.2207
      vertex 8.94656 -6.73869 14.1558
    endloop
  endfacet
  facet normal 0.682374 -0.322654 0.655942
    outer loop
      vertex 8.9678 -6.69377 14.1558
      vertex 8.94656 -6.73869 14.1558
      vertex 9.00342 -6.76908 14.0817
    endloop
  endfacet
  facet normal 0.137224 0.00673767 0.990517
    outer loop
      vertex 8.62412 -6.48778 14.3771
      vertex 8.54171 -6.5 14.3886
      vertex 8.62472 -6.5 14.3771
    endloop
  endfacet
  facet normal 0.268429 0.0131798 0.963209
    outer loop
      vertex 8.70554 -6.47976 14.3543
      vertex 8.62412 -6.48778 14.3771
      vertex 8.62472 -6.5 14.3771
    endloop
  endfacet
  facet normal 0.233101 0.314283 0.920266
    outer loop
      vertex 8.65909 -6.2619 14.3204
      vertex 8.61474 -6.32827 14.3543
      vertex 8.68166 -6.27864 14.3204
    endloop
  endfacet
  facet normal 0.289948 0.262729 0.920274
    outer loop
      vertex 8.72136 -6.31834 14.3204
      vertex 8.64604 -6.35396 14.3543
      vertex 8.65965 -6.36898 14.3543
    endloop
  endfacet
  facet normal 0.30806 0.513992 0.800569
    outer loop
      vertex 8.70599 -6.11461 14.2207
      vertex 8.70191 -6.19783 14.2757
      vertex 8.74278 -6.13666 14.2207
    endloop
  endfacet
  facet normal 0.308149 0.513973 0.800547
    outer loop
      vertex 8.70599 -6.11461 14.2207
      vertex 8.67132 -6.17949 14.2757
      vertex 8.70191 -6.19783 14.2757
    endloop
  endfacet
  facet normal 0.201204 0.335598 0.920267
    outer loop
      vertex 8.65909 -6.2619 14.3204
      vertex 8.59736 -6.31785 14.3543
      vertex 8.61474 -6.32827 14.3543
    endloop
  endfacet
  facet normal 0.58641 0.351463 0.729793
    outer loop
      vertex 8.94656 -6.26131 14.1558
      vertex 8.86334 -6.25722 14.2207
      vertex 8.88539 -6.29401 14.2207
    endloop
  endfacet
  facet normal 0.618062 0.292245 0.729789
    outer loop
      vertex 8.94656 -6.26131 14.1558
      vertex 8.88539 -6.29401 14.2207
      vertex 8.9678 -6.30623 14.1558
    endloop
  endfacet
  facet normal 0.372135 0.337216 0.864755
    outer loop
      vertex 8.75698 -6.24302 14.2757
      vertex 8.72136 -6.31834 14.3204
      vertex 8.78093 -6.26945 14.2757
    endloop
  endfacet
  facet normal 0.506623 0.459117 0.729757
    outer loop
      vertex 8.89141 -6.17878 14.1558
      vertex 8.809 -6.191 14.2207
      vertex 8.8378 -6.22278 14.2207
    endloop
  endfacet
  facet normal 0.514143 0.693166 0.505151
    outer loop
      vertex 8.8793 -5.93233 13.9089
      vertex 8.8499 -5.97633 13.9992
      vertex 8.93312 -5.97225 13.9089
    endloop
  endfacet
  facet normal 0.443628 0.740282 0.50515
    outer loop
      vertex 8.8793 -5.93233 13.9089
      vertex 8.82183 -5.89789 13.9089
      vertex 8.8499 -5.97633 13.9992
    endloop
  endfacet
  facet normal 0.0294058 0.598534 0.800558
    outer loop
      vertex 8.54283 -6.06512 14.2207
      vertex 8.5 -6.13658 14.2757
      vertex 8.53562 -6.13833 14.2757
    endloop
  endfacet
  facet normal 0.0398048 0.812802 0.581178
    outer loop
      vertex 8.5 -5.87019 13.9992
      vertex 8.5 -5.92918 14.0817
      vertex 8.55595 -5.93192 14.0817
    endloop
  endfacet
  facet normal -0.402397 0.444034 0.800569
    outer loop
      vertex 8.22278 -6.1622 14.2207
      vertex 8.191 -6.191 14.2207
      vertex 8.24302 -6.24302 14.2757
    endloop
  endfacet
  facet normal -0.407284 0.549145 0.729767
    outer loop
      vertex 8.21869 -6.07899 14.1558
      vertex 8.17878 -6.10859 14.1558
      vertex 8.25722 -6.13666 14.2207
    endloop
  endfacet
  facet normal -0.403374 0.29915 0.864753
    outer loop
      vertex 8.21907 -6.26945 14.2757
      vertex 8.19783 -6.29809 14.2757
      vertex 8.27864 -6.31834 14.3204
    endloop
  endfacet
  facet normal -0.506623 0.459117 0.729757
    outer loop
      vertex 8.191 -6.191 14.2207
      vertex 8.10859 -6.17878 14.1558
      vertex 8.1622 -6.22278 14.2207
    endloop
  endfacet
  facet normal -0.292245 0.618062 0.729789
    outer loop
      vertex 8.30623 -6.0322 14.1558
      vertex 8.26131 -6.05344 14.1558
      vertex 8.29401 -6.11461 14.2207
    endloop
  endfacet
  facet normal -0.402377 0.444042 0.800575
    outer loop
      vertex 8.26945 -6.21907 14.2757
      vertex 8.22278 -6.1622 14.2207
      vertex 8.24302 -6.24302 14.2757
    endloop
  endfacet
  facet normal -0.38805 0.647423 0.655942
    outer loop
      vertex 8.23092 -5.99658 14.0817
      vertex 8.18287 -6.02538 14.0817
      vertex 8.26131 -6.05344 14.1558
    endloop
  endfacet
  facet normal -0.38809 0.647374 0.655967
    outer loop
      vertex 8.26131 -6.05344 14.1558
      vertex 8.18287 -6.02538 14.0817
      vertex 8.21869 -6.07899 14.1558
    endloop
  endfacet
  facet normal -0.0878747 0.592776 0.800559
    outer loop
      vertex 8.45717 -6.06512 14.2207
      vertex 8.4291 -6.14356 14.2757
      vertex 8.46438 -6.13833 14.2757
    endloop
  endfacet
  facet normal -0.122069 0.487148 0.864746
    outer loop
      vertex 8.4291 -6.14356 14.2757
      vertex 8.3945 -6.15223 14.2757
      vertex 8.41688 -6.22597 14.3204
    endloop
  endfacet
  facet normal -0.30806 0.513992 0.800569
    outer loop
      vertex 8.29401 -6.11461 14.2207
      vertex 8.25722 -6.13666 14.2207
      vertex 8.29809 -6.19783 14.2757
    endloop
  endfacet
  facet normal -0.292286 0.618058 0.729776
    outer loop
      vertex 8.30623 -6.0322 14.1558
      vertex 8.29401 -6.11461 14.2207
      vertex 8.33277 -6.09628 14.2207
    endloop
  endfacet
  facet normal -0.101738 -0.0923363 0.990517
    outer loop
      vertex 8.46776 -6.52646 14.3886
      vertex 8.40359 -6.57912 14.3771
      vertex 8.47051 -6.52949 14.3886
    endloop
  endfacet
  facet normal -0.131811 0.368414 0.92027
    outer loop
      vertex 8.44005 -6.30236 14.3543
      vertex 8.41688 -6.22597 14.3204
      vertex 8.42096 -6.30919 14.3543
    endloop
  endfacet
  facet normal -0.138097 0.230528 0.963216
    outer loop
      vertex 8.44121 -6.39001 14.3771
      vertex 8.40264 -6.31785 14.3543
      vertex 8.43071 -6.3963 14.3771
    endloop
  endfacet
  facet normal -0.167239 0.353791 0.920252
    outer loop
      vertex 8.42096 -6.30919 14.3543
      vertex 8.36501 -6.24746 14.3204
      vertex 8.40264 -6.31785 14.3543
    endloop
  endfacet
  facet normal 0.131853 0.36841 0.920266
    outer loop
      vertex 8.58312 -6.22597 14.3204
      vertex 8.57904 -6.30919 14.3543
      vertex 8.60958 -6.23544 14.3204
    endloop
  endfacet
  facet normal 0.122069 0.487148 0.864746
    outer loop
      vertex 8.6055 -6.15223 14.2757
      vertex 8.5709 -6.14356 14.2757
      vertex 8.58312 -6.22597 14.3204
    endloop
  endfacet
  facet normal 0.292286 0.618058 0.729776
    outer loop
      vertex 8.69377 -6.0322 14.1558
      vertex 8.66723 -6.09628 14.2207
      vertex 8.70599 -6.11461 14.2207
    endloop
  endfacet
  facet normal 0.201903 0.56421 0.800564
    outer loop
      vertex 8.62685 -6.08183 14.2207
      vertex 8.6055 -6.15223 14.2757
      vertex 8.66723 -6.09628 14.2207
    endloop
  endfacet
  facet normal -0.100285 0.676325 0.729745
    outer loop
      vertex 8.45717 -6.06512 14.2207
      vertex 8.40122 -6.00339 14.1558
      vertex 8.41475 -6.07141 14.2207
    endloop
  endfacet
  facet normal -0.0294849 0.598502 0.800578
    outer loop
      vertex 8.5 -6.06301 14.2207
      vertex 8.45717 -6.06512 14.2207
      vertex 8.5 -6.13658 14.2757
    endloop
  endfacet
  facet normal 0.242363 0.967656 -0.0700191
    outer loop
      vertex 8.74644 -5.68758 13.1416
      vertex 8.66539 -5.66851 13.1246
      vertex 8.66563 -5.66734 13.1416
    endloop
  endfacet
  facet normal 0.242372 0.96765 -0.0700683
    outer loop
      vertex 8.66539 -5.66851 13.1246
      vertex 8.74644 -5.68758 13.1416
      vertex 8.69191 -5.67949 13.0647
    endloop
  endfacet
  facet normal 0.242959 0.970036 -0
    outer loop
      vertex 8.74644 -5.68758 13.1416
      vertex 8.66563 -5.66734 13.2584
      vertex 8.74644 -5.68758 13.2584
    endloop
  endfacet
  facet normal 0.242959 0.970036 0
    outer loop
      vertex 8.66563 -5.66734 13.2584
      vertex 8.74644 -5.68758 13.1416
      vertex 8.66563 -5.66734 13.1416
    endloop
  endfacet
  facet normal 0.514037 0.857768 -0
    outer loop
      vertex 8.97167 -5.7941 13.1416
      vertex 8.9002 -5.75127 13.2584
      vertex 8.97167 -5.7941 13.2584
    endloop
  endfacet
  facet normal 0.514037 0.857768 0
    outer loop
      vertex 8.9002 -5.75127 13.2584
      vertex 8.97167 -5.7941 13.1416
      vertex 8.9002 -5.75127 13.1416
    endloop
  endfacet
  facet normal -0.126631 0.853699 0.505136
    outer loop
      vertex 8.43308 -5.82056 13.9089
      vertex 8.36681 -5.83039 13.9089
      vertex 8.37713 -5.88229 13.9992
    endloop
  endfacet
  facet normal -0.126645 0.853701 0.505129
    outer loop
      vertex 8.43308 -5.82056 13.9089
      vertex 8.37713 -5.88229 13.9992
      vertex 8.43827 -5.87322 13.9992
    endloop
  endfacet
  facet normal -0.379581 0.0949917 0.920269
    outer loop
      vertex 8.30236 -6.44005 14.3543
      vertex 8.22597 -6.41688 14.3204
      vertex 8.29744 -6.45971 14.3543
    endloop
  endfacet
  facet normal -0.260717 0.0652456 0.963208
    outer loop
      vertex 8.30236 -6.44005 14.3543
      vertex 8.29744 -6.45971 14.3543
      vertex 8.38065 -6.4638 14.3771
    endloop
  endfacet
  facet normal -0.541716 0.25624 0.800553
    outer loop
      vertex 8.17949 -6.32868 14.2757
      vertex 8.11461 -6.29401 14.2207
      vertex 8.16424 -6.36092 14.2757
    endloop
  endfacet
  facet normal -0.453945 0.214723 0.86477
    outer loop
      vertex 8.17949 -6.32868 14.2757
      vertex 8.16424 -6.36092 14.2757
      vertex 8.23544 -6.39042 14.3204
    endloop
  endfacet
  facet normal -0.314283 0.233101 0.920266
    outer loop
      vertex 8.27864 -6.31834 14.3204
      vertex 8.2619 -6.34091 14.3204
      vertex 8.32827 -6.38526 14.3543
    endloop
  endfacet
  facet normal -0.314218 0.233154 0.920275
    outer loop
      vertex 8.34035 -6.36898 14.3543
      vertex 8.27864 -6.31834 14.3204
      vertex 8.32827 -6.38526 14.3543
    endloop
  endfacet
  facet normal -0.549145 0.407284 0.729767
    outer loop
      vertex 8.10859 -6.17878 14.1558
      vertex 8.07899 -6.21869 14.1558
      vertex 8.13666 -6.25722 14.2207
    endloop
  endfacet
  facet normal -0.647374 0.38809 0.655967
    outer loop
      vertex 8.07899 -6.21869 14.1558
      vertex 8.02538 -6.18287 14.0817
      vertex 8.05344 -6.26131 14.1558
    endloop
  endfacet
  facet normal -0.265835 0.0395106 0.963209
    outer loop
      vertex 8.29744 -6.45971 14.3543
      vertex 8.29446 -6.47976 14.3543
      vertex 8.37588 -6.48778 14.3771
    endloop
  endfacet
  facet normal -0.268429 0.0131798 0.963209
    outer loop
      vertex 8.37588 -6.48778 14.3771
      vertex 8.29446 -6.47976 14.3543
      vertex 8.37528 -6.5 14.3771
    endloop
  endfacet
  facet normal -0.129372 0.0462283 0.990518
    outer loop
      vertex 8.38477 -6.45227 14.3771
      vertex 8.38065 -6.4638 14.3771
      vertex 8.46009 -6.48789 14.3886
    endloop
  endfacet
  facet normal -0.0335555 -0.133215 0.990519
    outer loop
      vertex 8.48789 -6.53991 14.3886
      vertex 8.4638 -6.61935 14.3771
      vertex 8.49186 -6.54091 14.3886
    endloop
  endfacet
  facet normal -0.242894 0.115078 0.963203
    outer loop
      vertex 8.39001 -6.44121 14.3771
      vertex 8.30919 -6.42096 14.3543
      vertex 8.38477 -6.45227 14.3771
    endloop
  endfacet
  facet normal -0.253101 0.0904402 0.963203
    outer loop
      vertex 8.38477 -6.45227 14.3771
      vertex 8.30919 -6.42096 14.3543
      vertex 8.38065 -6.4638 14.3771
    endloop
  endfacet
  facet normal -0.0333501 -0.133288 0.990516
    outer loop
      vertex 8.49186 -6.54091 14.3886
      vertex 8.4638 -6.61935 14.3771
      vertex 8.47567 -6.62232 14.3771
    endloop
  endfacet
  facet normal 0.133288 -0.0333501 0.990516
    outer loop
      vertex 8.62232 -6.52433 14.3771
      vertex 8.54091 -6.50814 14.3886
      vertex 8.61935 -6.5362 14.3771
    endloop
  endfacet
  facet normal -0.13819 0.230494 0.963211
    outer loop
      vertex 8.40264 -6.31785 14.3543
      vertex 8.38526 -6.32827 14.3543
      vertex 8.43071 -6.3963 14.3771
    endloop
  endfacet
  facet normal 0.12415 -0.0588195 0.990519
    outer loop
      vertex 8.61523 -6.54773 14.3771
      vertex 8.53853 -6.51596 14.3886
      vertex 8.60999 -6.55879 14.3771
    endloop
  endfacet
  facet normal 0.117893 -0.0705343 0.990518
    outer loop
      vertex 8.53678 -6.51966 14.3886
      vertex 8.53468 -6.52317 14.3886
      vertex 8.60999 -6.55879 14.3771
    endloop
  endfacet
  facet normal -0.0818408 -0.110351 0.990517
    outer loop
      vertex 8.47354 -6.53224 14.3886
      vertex 8.42088 -6.59641 14.3771
      vertex 8.47683 -6.53468 14.3886
    endloop
  endfacet
  facet normal -0.0462283 -0.129372 0.990518
    outer loop
      vertex 8.48789 -6.53991 14.3886
      vertex 8.45227 -6.61523 14.3771
      vertex 8.4638 -6.61935 14.3771
    endloop
  endfacet
  facet normal -0.0131302 0.26844 0.963207
    outer loop
      vertex 8.5 -6.29347 14.3543
      vertex 8.47976 -6.29446 14.3543
      vertex 8.5 -6.37528 14.3771
    endloop
  endfacet
  facet normal 0.114847 0.242955 0.963215
    outer loop
      vertex 8.57904 -6.30919 14.3543
      vertex 8.55879 -6.39001 14.3771
      vertex 8.59736 -6.31785 14.3543
    endloop
  endfacet
  facet normal 0.201204 -0.335598 0.920267
    outer loop
      vertex 8.61474 -6.67173 14.3543
      vertex 8.59736 -6.68215 14.3543
      vertex 8.65909 -6.7381 14.3204
    endloop
  endfacet
  facet normal -0.133215 0.0335555 0.990519
    outer loop
      vertex 8.46009 -6.48789 14.3886
      vertex 8.38065 -6.4638 14.3771
      vertex 8.45909 -6.49186 14.3886
    endloop
  endfacet
  facet normal -0.135903 0.0202003 0.990516
    outer loop
      vertex 8.37768 -6.47567 14.3771
      vertex 8.37588 -6.48778 14.3771
      vertex 8.45909 -6.49186 14.3886
    endloop
  endfacet
  facet normal 0.12415 0.0588195 0.990519
    outer loop
      vertex 8.60999 -6.44121 14.3771
      vertex 8.53853 -6.48404 14.3886
      vertex 8.61523 -6.45227 14.3771
    endloop
  endfacet
  facet normal -0.0706038 0.11786 0.990517
    outer loop
      vertex 8.44121 -6.39001 14.3771
      vertex 8.43071 -6.3963 14.3771
      vertex 8.47683 -6.46532 14.3886
    endloop
  endfacet
  facet normal -0.0652456 0.260717 0.963208
    outer loop
      vertex 8.45971 -6.29744 14.3543
      vertex 8.44005 -6.30236 14.3543
      vertex 8.4638 -6.38065 14.3771
    endloop
  endfacet
  facet normal 0.0818385 -0.110353 0.990517
    outer loop
      vertex 8.57912 -6.59641 14.3771
      vertex 8.52317 -6.53468 14.3886
      vertex 8.56929 -6.6037 14.3771
    endloop
  endfacet
  facet normal 0.0335555 -0.133215 0.990519
    outer loop
      vertex 8.51211 -6.53991 14.3886
      vertex 8.50814 -6.54091 14.3886
      vertex 8.5362 -6.61935 14.3771
    endloop
  endfacet
  facet normal 0.289948 -0.262729 0.920274
    outer loop
      vertex 8.65965 -6.63102 14.3543
      vertex 8.64604 -6.64604 14.3543
      vertex 8.72136 -6.68166 14.3204
    endloop
  endfacet
  facet normal 0.265834 -0.0395129 0.963209
    outer loop
      vertex 8.62412 -6.51222 14.3771
      vertex 8.62232 -6.52433 14.3771
      vertex 8.70256 -6.54029 14.3543
    endloop
  endfacet
  facet normal 0.368414 -0.131811 0.92027
    outer loop
      vertex 8.69764 -6.55995 14.3543
      vertex 8.69081 -6.57904 14.3543
      vertex 8.77403 -6.58312 14.3204
    endloop
  endfacet
  facet normal 0.180465 -0.199161 0.963207
    outer loop
      vertex 8.64604 -6.64604 14.3543
      vertex 8.57912 -6.59641 14.3771
      vertex 8.63102 -6.65965 14.3543
    endloop
  endfacet
  facet normal 0.299174 -0.403366 0.864749
    outer loop
      vertex 8.68166 -6.72136 14.3204
      vertex 8.65909 -6.7381 14.3204
      vertex 8.70191 -6.80217 14.2757
    endloop
  endfacet
  facet normal 0.314218 -0.233154 0.920275
    outer loop
      vertex 8.67173 -6.61474 14.3543
      vertex 8.65965 -6.63102 14.3543
      vertex 8.72136 -6.68166 14.3204
    endloop
  endfacet
  facet normal 0.356942 -0.481327 0.800573
    outer loop
      vertex 8.77722 -6.8378 14.2207
      vertex 8.73055 -6.78093 14.2757
      vertex 8.74278 -6.86334 14.2207
    endloop
  endfacet
  facet normal 0.402377 -0.444042 0.800575
    outer loop
      vertex 8.75698 -6.75698 14.2757
      vertex 8.73055 -6.78093 14.2757
      vertex 8.77722 -6.8378 14.2207
    endloop
  endfacet
  facet normal 0.115078 0.242894 0.963203
    outer loop
      vertex 8.57904 -6.30919 14.3543
      vertex 8.54773 -6.38477 14.3771
      vertex 8.55879 -6.39001 14.3771
    endloop
  endfacet
  facet normal -0.0587414 0.124196 0.990517
    outer loop
      vertex 8.48404 -6.46147 14.3886
      vertex 8.44121 -6.39001 14.3771
      vertex 8.48034 -6.46322 14.3886
    endloop
  endfacet
  facet normal 0.387042 -0.0575254 0.920266
    outer loop
      vertex 8.70554 -6.52024 14.3543
      vertex 8.70256 -6.54029 14.3543
      vertex 8.78498 -6.52807 14.3204
    endloop
  endfacet
  facet normal 0.265835 -0.0395106 0.963209
    outer loop
      vertex 8.70554 -6.52024 14.3543
      vertex 8.62412 -6.51222 14.3771
      vertex 8.70256 -6.54029 14.3543
    endloop
  endfacet
  facet normal 0.0395106 -0.265835 0.963209
    outer loop
      vertex 8.54029 -6.70256 14.3543
      vertex 8.51222 -6.62412 14.3771
      vertex 8.52024 -6.70554 14.3543
    endloop
  endfacet
  facet normal 0.0575254 -0.387042 0.920266
    outer loop
      vertex 8.54029 -6.70256 14.3543
      vertex 8.52024 -6.70554 14.3543
      vertex 8.52807 -6.78498 14.3204
    endloop
  endfacet
  facet normal 0.0334336 -0.682843 0.7298
    outer loop
      vertex 8.54283 -6.93488 14.2207
      vertex 8.5 -7.00634 14.1558
      vertex 8.54963 -7.00391 14.1558
    endloop
  endfacet
  facet normal 0.100439 -0.676243 0.7298
    outer loop
      vertex 8.59878 -6.99661 14.1558
      vertex 8.54283 -6.93488 14.2207
      vertex 8.54963 -7.00391 14.1558
    endloop
  endfacet
  facet normal -0.49671 -0.0737918 0.864774
    outer loop
      vertex 8.21502 -6.52807 14.3204
      vertex 8.14356 -6.5709 14.2757
      vertex 8.21915 -6.55587 14.3204
    endloop
  endfacet
  facet normal -0.487139 -0.121919 0.864772
    outer loop
      vertex 8.21915 -6.55587 14.3204
      vertex 8.14356 -6.5709 14.2757
      vertex 8.22597 -6.58312 14.3204
    endloop
  endfacet
  facet normal -0.501609 -0.0246439 0.864743
    outer loop
      vertex 8.21364 -6.5 14.3204
      vertex 8.13658 -6.5 14.2757
      vertex 8.13833 -6.53562 14.2757
    endloop
  endfacet
  facet normal -0.598534 -0.0294058 0.800558
    outer loop
      vertex 8.13658 -6.5 14.2757
      vertex 8.06512 -6.54283 14.2207
      vertex 8.13833 -6.53562 14.2757
    endloop
  endfacet
  facet normal -0.59278 0.087897 0.800553
    outer loop
      vertex 8.07141 -6.41475 14.2207
      vertex 8.06512 -6.45717 14.2207
      vertex 8.14356 -6.4291 14.2757
    endloop
  endfacet
  facet normal -0.663238 0.166085 0.729747
    outer loop
      vertex 8.01546 -6.35302 14.1558
      vertex 8.00339 -6.40122 14.1558
      vertex 8.07141 -6.41475 14.2207
    endloop
  endfacet
  facet normal -0.753863 0.0369184 0.655993
    outer loop
      vertex 7.93192 -6.44405 14.0817
      vertex 7.92918 -6.5 14.0817
      vertex 7.99366 -6.5 14.1558
    endloop
  endfacet
  facet normal -0.753863 -0.0369184 0.655993
    outer loop
      vertex 7.99366 -6.5 14.1558
      vertex 7.92918 -6.5 14.0817
      vertex 7.93192 -6.55595 14.0817
    endloop
  endfacet
  facet normal -0.804998 0.11942 0.581135
    outer loop
      vertex 7.88229 -6.37713 13.9992
      vertex 7.87322 -6.43827 13.9992
      vertex 7.94014 -6.38864 14.0817
    endloop
  endfacet
  facet normal -0.804998 0.11942 0.581135
    outer loop
      vertex 7.94014 -6.38864 14.0817
      vertex 7.87322 -6.43827 13.9992
      vertex 7.93192 -6.44405 14.0817
    endloop
  endfacet
  facet normal -0.643711 0.230352 0.729777
    outer loop
      vertex 8.09628 -6.33277 14.2207
      vertex 8.0322 -6.30623 14.1558
      vertex 8.08183 -6.37315 14.2207
    endloop
  endfacet
  facet normal -0.618058 0.292286 0.729776
    outer loop
      vertex 8.11461 -6.29401 14.2207
      vertex 8.0322 -6.30623 14.1558
      vertex 8.09628 -6.33277 14.2207
    endloop
  endfacet
  facet normal -0.35372 -0.167324 0.920263
    outer loop
      vertex 8.30919 -6.57904 14.3543
      vertex 8.23544 -6.60958 14.3204
      vertex 8.24746 -6.63499 14.3204
    endloop
  endfacet
  facet normal -0.36841 -0.131853 0.920266
    outer loop
      vertex 8.30919 -6.57904 14.3543
      vertex 8.22597 -6.58312 14.3204
      vertex 8.23544 -6.60958 14.3204
    endloop
  endfacet
  facet normal -0.586395 -0.351535 0.72977
    outer loop
      vertex 8.13666 -6.74278 14.2207
      vertex 8.05344 -6.73869 14.1558
      vertex 8.07899 -6.78131 14.1558
    endloop
  endfacet
  facet normal -0.549145 -0.407284 0.729767
    outer loop
      vertex 8.13666 -6.74278 14.2207
      vertex 8.07899 -6.78131 14.1558
      vertex 8.10859 -6.82122 14.1558
    endloop
  endfacet
  facet normal 0.38805 -0.647423 0.655942
    outer loop
      vertex 8.81713 -6.97462 14.0817
      vertex 8.73869 -6.94656 14.1558
      vertex 8.76908 -7.00342 14.0817
    endloop
  endfacet
  facet normal 0.38809 -0.647374 0.655967
    outer loop
      vertex 8.78131 -6.92101 14.1558
      vertex 8.73869 -6.94656 14.1558
      vertex 8.81713 -6.97462 14.0817
    endloop
  endfacet
  facet normal 0.201816 -0.564279 0.800537
    outer loop
      vertex 8.63908 -6.83576 14.2757
      vertex 8.6055 -6.84777 14.2757
      vertex 8.66723 -6.90372 14.2207
    endloop
  endfacet
  facet normal 0.201903 -0.56421 0.800564
    outer loop
      vertex 8.66723 -6.90372 14.2207
      vertex 8.6055 -6.84777 14.2757
      vertex 8.62685 -6.91817 14.2207
    endloop
  endfacet
  facet normal 0.166122 -0.663213 0.729761
    outer loop
      vertex 8.62685 -6.91817 14.2207
      vertex 8.58525 -6.92859 14.2207
      vertex 8.64698 -6.98454 14.1558
    endloop
  endfacet
  facet normal 0.166085 -0.663238 0.729747
    outer loop
      vertex 8.64698 -6.98454 14.1558
      vertex 8.58525 -6.92859 14.2207
      vertex 8.59878 -6.99661 14.1558
    endloop
  endfacet
  facet normal -0.2741 -0.766217 0.581188
    outer loop
      vertex 8.28156 -7.02737 14.0817
      vertex 8.25898 -7.08187 13.9992
      vertex 8.31718 -7.10269 13.9992
    endloop
  endfacet
  facet normal -0.11942 -0.804998 0.581135
    outer loop
      vertex 8.44405 -7.06808 14.0817
      vertex 8.38864 -7.05986 14.0817
      vertex 8.43827 -7.12678 13.9992
    endloop
  endfacet
  facet normal -0.0334336 -0.682843 0.7298
    outer loop
      vertex 8.45717 -6.93488 14.2207
      vertex 8.45037 -7.00391 14.1558
      vertex 8.5 -7.00634 14.1558
    endloop
  endfacet
  facet normal -0.183333 -0.732118 0.656043
    outer loop
      vertex 8.40122 -6.99661 14.1558
      vertex 8.35302 -6.98454 14.1558
      vertex 8.38864 -7.05986 14.0817
    endloop
  endfacet
  facet normal -0.0131302 -0.26844 0.963207
    outer loop
      vertex 8.5 -6.62472 14.3771
      vertex 8.47976 -6.70554 14.3543
      vertex 8.5 -6.70653 14.3543
    endloop
  endfacet
  facet normal -0.0737918 -0.49671 0.864774
    outer loop
      vertex 8.44413 -6.78085 14.3204
      vertex 8.4291 -6.85644 14.2757
      vertex 8.47193 -6.78498 14.3204
    endloop
  endfacet
  facet normal -0.214723 -0.453945 0.86477
    outer loop
      vertex 8.39042 -6.76456 14.3204
      vertex 8.32868 -6.82051 14.2757
      vertex 8.36092 -6.83576 14.2757
    endloop
  endfacet
  facet normal -0.256201 -0.541754 0.800539
    outer loop
      vertex 8.36092 -6.83576 14.2757
      vertex 8.29401 -6.88539 14.2207
      vertex 8.33277 -6.90372 14.2207
    endloop
  endfacet
  facet normal -0.789363 0.197849 0.581172
    outer loop
      vertex 7.95376 -6.3343 14.0817
      vertex 7.89731 -6.31718 13.9992
      vertex 7.94014 -6.38864 14.0817
    endloop
  endfacet
  facet normal -0.710674 0.254257 0.65597
    outer loop
      vertex 8.0322 -6.30623 14.1558
      vertex 7.97263 -6.28156 14.0817
      vertex 8.01546 -6.35302 14.1558
    endloop
  endfacet
  facet normal -0.579584 0.639487 0.505112
    outer loop
      vertex 8.06688 -5.97225 13.9089
      vertex 8.01724 -6.01724 13.9089
      vertex 8.10045 -6.01315 13.9992
    endloop
  endfacet
  facet normal -0.579635 0.6394 0.505164
    outer loop
      vertex 8.10045 -6.01315 13.9992
      vertex 8.01724 -6.01724 13.9089
      vertex 8.05466 -6.05466 13.9992
    endloop
  endfacet
  facet normal -0.986678 -0.146864 -0.06998
    outer loop
      vertex 7.66734 -6.66563 13.1416
      vertex 7.66663 -6.66086 13.1416
      vertex 7.66851 -6.66539 13.1246
    endloop
  endfacet
  facet normal -0.895094 -0.423155 -0.140523
    outer loop
      vertex 7.74602 -6.85253 12.9727
      vertex 7.7232 -6.82176 13.0254
      vertex 7.7318 -6.8182 12.9599
    endloop
  endfacet
  facet normal -0.594184 -0.801272 0.0700681
    outer loop
      vertex 7.9666 -7.14995 13.3746
      vertex 7.96142 -7.15627 13.2584
      vertex 8.03288 -7.1991 13.3746
    endloop
  endfacet
  facet normal -0.589736 -0.795274 0.140535
    outer loop
      vertex 8.04192 -7.18557 13.4891
      vertex 7.9666 -7.14995 13.3746
      vertex 8.03288 -7.1991 13.3746
    endloop
  endfacet
  facet normal -0.770297 -0.571251 0.283399
    outer loop
      vertex 7.90603 -6.98746 13.7088
      vertex 7.83457 -6.94463 13.6009
      vertex 7.88135 -7.00771 13.6009
    endloop
  endfacet
  facet normal -0.710559 -0.644044 0.283396
    outer loop
      vertex 7.90603 -6.98746 13.7088
      vertex 7.88135 -7.00771 13.6009
      vertex 7.95667 -7.04333 13.7088
    endloop
  endfacet
  facet normal -0.740282 -0.443628 0.50515
    outer loop
      vertex 7.97633 -6.8499 13.9992
      vertex 7.89789 -6.82183 13.9089
      vertex 7.93233 -6.8793 13.9089
    endloop
  endfacet
  facet normal -0.774289 -0.464008 0.430317
    outer loop
      vertex 7.89789 -6.82183 13.9089
      vertex 7.85702 -6.84368 13.8118
      vertex 7.93233 -6.8793 13.9089
    endloop
  endfacet
  facet normal -0.493036 -0.822582 0.283327
    outer loop
      vertex 8.13778 -7.17766 13.7088
      vertex 8.05537 -7.16543 13.6009
      vertex 8.12274 -7.20581 13.6009
    endloop
  endfacet
  facet normal -0.410077 -0.866926 0.283332
    outer loop
      vertex 8.13778 -7.17766 13.7088
      vertex 8.12274 -7.20581 13.6009
      vertex 8.19373 -7.23939 13.6009
    endloop
  endfacet
  facet normal -0.292286 -0.618058 0.729776
    outer loop
      vertex 8.33277 -6.90372 14.2207
      vertex 8.29401 -6.88539 14.2207
      vertex 8.30623 -6.9678 14.1558
    endloop
  endfacet
  facet normal -0.292245 -0.618062 0.729789
    outer loop
      vertex 8.29401 -6.88539 14.2207
      vertex 8.26131 -6.94656 14.1558
      vertex 8.30623 -6.9678 14.1558
    endloop
  endfacet
  facet normal -0.262865 -0.289876 0.920257
    outer loop
      vertex 8.35396 -6.64604 14.3543
      vertex 8.29752 -6.70248 14.3204
      vertex 8.31834 -6.72136 14.3204
    endloop
  endfacet
  facet normal -0.299174 -0.403366 0.864749
    outer loop
      vertex 8.31834 -6.72136 14.3204
      vertex 8.29809 -6.80217 14.2757
      vertex 8.34091 -6.7381 14.3204
    endloop
  endfacet
  facet normal -0.25624 -0.541716 0.800553
    outer loop
      vertex 8.32868 -6.82051 14.2757
      vertex 8.29401 -6.88539 14.2207
      vertex 8.36092 -6.83576 14.2757
    endloop
  endfacet
  facet normal -0.258098 -0.430759 0.864773
    outer loop
      vertex 8.34091 -6.7381 14.3204
      vertex 8.32868 -6.82051 14.2757
      vertex 8.36501 -6.75254 14.3204
    endloop
  endfacet
  facet normal -0.199161 -0.180465 0.963207
    outer loop
      vertex 8.40359 -6.57912 14.3771
      vertex 8.34035 -6.63102 14.3543
      vertex 8.35396 -6.64604 14.3543
    endloop
  endfacet
  facet normal -0.314283 -0.233101 0.920266
    outer loop
      vertex 8.32827 -6.61474 14.3543
      vertex 8.2619 -6.65909 14.3204
      vertex 8.27864 -6.68166 14.3204
    endloop
  endfacet
  facet normal -0.0463515 -0.129314 0.99052
    outer loop
      vertex 8.48404 -6.53853 14.3886
      vertex 8.45227 -6.61523 14.3771
      vertex 8.48789 -6.53991 14.3886
    endloop
  endfacet
  facet normal -0.114847 -0.242955 0.963215
    outer loop
      vertex 8.44121 -6.60999 14.3771
      vertex 8.40264 -6.68215 14.3543
      vertex 8.42096 -6.69081 14.3543
    endloop
  endfacet
  facet normal -0.0395106 -0.265835 0.963209
    outer loop
      vertex 8.48778 -6.62412 14.3771
      vertex 8.45971 -6.70256 14.3543
      vertex 8.47976 -6.70554 14.3543
    endloop
  endfacet
  facet normal -0.00673767 -0.137224 0.990517
    outer loop
      vertex 8.5 -6.54171 14.3886
      vertex 8.48778 -6.62412 14.3771
      vertex 8.5 -6.62472 14.3771
    endloop
  endfacet
  facet normal -0.484728 -0.653664 0.581173
    outer loop
      vertex 8.18287 -6.97462 14.0817
      vertex 8.13787 -6.94125 14.0817
      vertex 8.1501 -7.02367 13.9992
    endloop
  endfacet
  facet normal -0.484747 -0.653658 0.581164
    outer loop
      vertex 8.13787 -6.94125 14.0817
      vertex 8.10045 -6.98685 13.9992
      vertex 8.1501 -7.02367 13.9992
    endloop
  endfacet
  facet normal -0.351535 -0.586395 0.72977
    outer loop
      vertex 8.25722 -6.86334 14.2207
      vertex 8.21869 -6.92101 14.1558
      vertex 8.26131 -6.94656 14.1558
    endloop
  endfacet
  facet normal -0.407284 -0.549145 0.729767
    outer loop
      vertex 8.25722 -6.86334 14.2207
      vertex 8.17878 -6.89141 14.1558
      vertex 8.21869 -6.92101 14.1558
    endloop
  endfacet
  facet normal -0.209743 -0.837156 0.505152
    outer loop
      vertex 8.31718 -7.10269 13.9992
      vertex 8.30182 -7.15333 13.9089
      vertex 8.37713 -7.11771 13.9992
    endloop
  endfacet
  facet normal -0.19778 -0.789408 0.581136
    outer loop
      vertex 8.38864 -7.05986 14.0817
      vertex 8.31718 -7.10269 13.9992
      vertex 8.37713 -7.11771 13.9992
    endloop
  endfacet
  facet normal -0.857768 0.514037 0
    outer loop
      vertex 7.75127 -6.0998 13.1416
      vertex 7.7941 -6.02833 13.2584
      vertex 7.7941 -6.02833 13.1416
    endloop
  endfacet
  facet normal -0.857768 0.514037 0
    outer loop
      vertex 7.7941 -6.02833 13.2584
      vertex 7.75127 -6.0998 13.1416
      vertex 7.75127 -6.0998 13.2584
    endloop
  endfacet
  facet normal -0.51277 0.855655 0.0701511
    outer loop
      vertex 8.0998 -5.75127 13.2584
      vertex 8.02833 -5.7941 13.2584
      vertex 8.03288 -5.8009 13.3746
    endloop
  endfacet
  facet normal -0.0485983 0.988885 0.140517
    outer loop
      vertex 8.5 -5.6592 13.3746
      vertex 8.41759 -5.66325 13.3746
      vertex 8.5 -5.67547 13.4891
    endloop
  endfacet
  facet normal -0.0489644 0.996335 0.0701379
    outer loop
      vertex 8.5 -5.65102 13.2584
      vertex 8.41759 -5.66325 13.3746
      vertex 8.5 -5.6592 13.3746
    endloop
  endfacet
  facet normal -0.145361 0.979352 0.140496
    outer loop
      vertex 8.41759 -5.66325 13.3746
      vertex 8.33914 -5.69132 13.4891
      vertex 8.41918 -5.67944 13.4891
    endloop
  endfacet
  facet normal -0.143497 0.966795 0.211461
    outer loop
      vertex 8.41918 -5.67944 13.4891
      vertex 8.33914 -5.69132 13.4891
      vertex 8.42156 -5.70354 13.6009
    endloop
  endfacet
  facet normal -0.232973 0.930305 0.283296
    outer loop
      vertex 8.34387 -5.71507 13.6009
      vertex 8.26768 -5.73415 13.6009
      vertex 8.35009 -5.74637 13.7088
    endloop
  endfacet
  facet normal -0.140665 0.94866 0.283299
    outer loop
      vertex 8.42468 -5.73531 13.7088
      vertex 8.34387 -5.71507 13.6009
      vertex 8.35009 -5.74637 13.7088
    endloop
  endfacet
  facet normal -0.844671 0.399475 0.356301
    outer loop
      vertex 7.82234 -6.13778 13.7088
      vertex 7.7901 -6.20595 13.7088
      vertex 7.82643 -6.221 13.8118
    endloop
  endfacet
  facet normal -0.879718 0.314875 0.356301
    outer loop
      vertex 7.82643 -6.221 13.8118
      vertex 7.7901 -6.20595 13.7088
      vertex 7.80232 -6.28836 13.8118
    endloop
  endfacet
  facet normal -0.82252 0.493105 0.283386
    outer loop
      vertex 7.83457 -6.05537 13.6009
      vertex 7.82234 -6.13778 13.7088
      vertex 7.86111 -6.07311 13.7088
    endloop
  endfacet
  facet normal -0.81602 0.385931 0.430312
    outer loop
      vertex 7.85702 -6.15632 13.8118
      vertex 7.82643 -6.221 13.8118
      vertex 7.89789 -6.17817 13.9089
    endloop
  endfacet
  facet normal -0.606185 0.668838 0.430343
    outer loop
      vertex 8.03748 -5.93642 13.8118
      vertex 8.01724 -6.01724 13.9089
      vertex 8.06688 -5.97225 13.9089
    endloop
  endfacet
  facet normal -0.668813 0.606234 0.430312
    outer loop
      vertex 7.98447 -5.98447 13.8118
      vertex 7.93642 -6.03748 13.8118
      vertex 8.01724 -6.01724 13.9089
    endloop
  endfacet
  facet normal -0.537707 0.725059 0.430303
    outer loop
      vertex 8.09495 -5.8938 13.8118
      vertex 8.03748 -5.93642 13.8118
      vertex 8.1207 -5.93233 13.9089
    endloop
  endfacet
  facet normal -0.556601 0.750536 0.356218
    outer loop
      vertex 8.09495 -5.8938 13.8118
      vertex 8.01254 -5.90603 13.7088
      vertex 8.03748 -5.93642 13.8118
    endloop
  endfacet
  facet normal -0.724998 0.537754 0.430347
    outer loop
      vertex 7.93642 -6.03748 13.8118
      vertex 7.93233 -6.1207 13.9089
      vertex 7.97225 -6.06688 13.9089
    endloop
  endfacet
  facet normal -0.693166 0.514143 0.505151
    outer loop
      vertex 7.97225 -6.06688 13.9089
      vertex 7.93233 -6.1207 13.9089
      vertex 7.97633 -6.1501 13.9992
    endloop
  endfacet
  facet normal -0.774281 0.464039 0.430299
    outer loop
      vertex 7.8938 -6.09495 13.8118
      vertex 7.85702 -6.15632 13.8118
      vertex 7.93233 -6.1207 13.9089
    endloop
  endfacet
  facet normal -0.725059 0.537707 0.430303
    outer loop
      vertex 7.93642 -6.03748 13.8118
      vertex 7.8938 -6.09495 13.8118
      vertex 7.93233 -6.1207 13.9089
    endloop
  endfacet
  facet normal -0.314875 0.879718 0.356301
    outer loop
      vertex 8.28836 -5.80232 13.8118
      vertex 8.20595 -5.7901 13.7088
      vertex 8.221 -5.82643 13.8118
    endloop
  endfacet
  facet normal -0.314746 0.879802 0.356208
    outer loop
      vertex 8.27695 -5.7647 13.7088
      vertex 8.20595 -5.7901 13.7088
      vertex 8.28836 -5.80232 13.8118
    endloop
  endfacet
  facet normal -0.087897 0.59278 0.800553
    outer loop
      vertex 8.45717 -6.06512 14.2207
      vertex 8.41475 -6.07141 14.2207
      vertex 8.4291 -6.14356 14.2757
    endloop
  endfacet
  facet normal 0.0246439 0.501609 0.864743
    outer loop
      vertex 8.5 -6.13658 14.2757
      vertex 8.5 -6.21364 14.3204
      vertex 8.53562 -6.13833 14.2757
    endloop
  endfacet
  facet normal -0.0398048 0.812802 0.581178
    outer loop
      vertex 8.5 -5.87019 13.9992
      vertex 8.44405 -5.93192 14.0817
      vertex 8.5 -5.92918 14.0817
    endloop
  endfacet
  facet normal -0.0398975 0.812829 0.581135
    outer loop
      vertex 8.5 -5.87019 13.9992
      vertex 8.43827 -5.87322 13.9992
      vertex 8.44405 -5.93192 14.0817
    endloop
  endfacet
  facet normal -0.514143 0.693166 0.505151
    outer loop
      vertex 8.1207 -5.93233 13.9089
      vertex 8.06688 -5.97225 13.9089
      vertex 8.1501 -5.97633 13.9992
    endloop
  endfacet
  facet normal -0.443628 0.740282 0.50515
    outer loop
      vertex 8.17817 -5.89789 13.9089
      vertex 8.1207 -5.93233 13.9089
      vertex 8.1501 -5.97633 13.9992
    endloop
  endfacet
  facet normal -0.369057 0.780144 0.505146
    outer loop
      vertex 8.23873 -5.86924 13.9089
      vertex 8.20311 -5.94456 13.9992
      vertex 8.25898 -5.91813 13.9992
    endloop
  endfacet
  facet normal -0.369073 0.780142 0.505137
    outer loop
      vertex 8.23873 -5.86924 13.9089
      vertex 8.17817 -5.89789 13.9089
      vertex 8.20311 -5.94456 13.9992
    endloop
  endfacet
  facet normal 0.137131 -0.924265 0.35627
    outer loop
      vertex 8.64223 -7.21506 13.8118
      vertex 8.57146 -7.22556 13.8118
      vertex 8.57532 -7.26469 13.7088
    endloop
  endfacet
  facet normal 0.0458452 -0.933259 0.356266
    outer loop
      vertex 8.57146 -7.22556 13.8118
      vertex 8.5 -7.26839 13.7088
      vertex 8.57532 -7.26469 13.7088
    endloop
  endfacet
  facet normal 0.268429 -0.0131798 0.963209
    outer loop
      vertex 8.62472 -6.5 14.3771
      vertex 8.62412 -6.51222 14.3771
      vertex 8.70554 -6.52024 14.3543
    endloop
  endfacet
  facet normal 0.137224 -0.00673767 0.990517
    outer loop
      vertex 8.62472 -6.5 14.3771
      vertex 8.54171 -6.5 14.3886
      vertex 8.62412 -6.51222 14.3771
    endloop
  endfacet
  facet normal 0.129372 0.0462283 0.990518
    outer loop
      vertex 8.61523 -6.45227 14.3771
      vertex 8.53991 -6.48789 14.3886
      vertex 8.61935 -6.4638 14.3771
    endloop
  endfacet
  facet normal 0.230494 0.13819 0.963211
    outer loop
      vertex 8.67173 -6.38526 14.3543
      vertex 8.6037 -6.43071 14.3771
      vertex 8.68215 -6.40264 14.3543
    endloop
  endfacet
  facet normal 0.0192127 0.390797 0.920276
    outer loop
      vertex 8.5 -6.21364 14.3204
      vertex 8.5 -6.29347 14.3543
      vertex 8.52807 -6.21502 14.3204
    endloop
  endfacet
  facet normal 0.0652456 0.260717 0.963208
    outer loop
      vertex 8.54029 -6.29744 14.3543
      vertex 8.5362 -6.38065 14.3771
      vertex 8.55995 -6.30236 14.3543
    endloop
  endfacet
  facet normal 0.133288 0.0333501 0.990516
    outer loop
      vertex 8.61935 -6.4638 14.3771
      vertex 8.54091 -6.49186 14.3886
      vertex 8.62232 -6.47567 14.3771
    endloop
  endfacet
  facet normal 0.265835 0.0395106 0.963209
    outer loop
      vertex 8.70256 -6.45971 14.3543
      vertex 8.62412 -6.48778 14.3771
      vertex 8.70554 -6.47976 14.3543
    endloop
  endfacet
  facet normal 0.199161 0.180465 0.963207
    outer loop
      vertex 8.64604 -6.35396 14.3543
      vertex 8.59641 -6.42088 14.3771
      vertex 8.65965 -6.36898 14.3543
    endloop
  endfacet
  facet normal 0.124196 0.0587414 0.990517
    outer loop
      vertex 8.60999 -6.44121 14.3771
      vertex 8.53678 -6.48034 14.3886
      vertex 8.53853 -6.48404 14.3886
    endloop
  endfacet
  facet normal 0.262865 0.289876 0.920257
    outer loop
      vertex 8.68166 -6.27864 14.3204
      vertex 8.64604 -6.35396 14.3543
      vertex 8.70248 -6.29752 14.3204
    endloop
  endfacet
  facet normal 0.289876 0.262865 0.920257
    outer loop
      vertex 8.70248 -6.29752 14.3204
      vertex 8.64604 -6.35396 14.3543
      vertex 8.72136 -6.31834 14.3204
    endloop
  endfacet
  facet normal 0.299174 0.403366 0.864749
    outer loop
      vertex 8.70191 -6.19783 14.2757
      vertex 8.65909 -6.2619 14.3204
      vertex 8.68166 -6.27864 14.3204
    endloop
  endfacet
  facet normal 0.258238 0.430725 0.864748
    outer loop
      vertex 8.67132 -6.17949 14.2757
      vertex 8.65909 -6.2619 14.3204
      vertex 8.70191 -6.19783 14.2757
    endloop
  endfacet
  facet normal 0.233154 0.314218 0.920275
    outer loop
      vertex 8.68166 -6.27864 14.3204
      vertex 8.61474 -6.32827 14.3543
      vertex 8.63102 -6.34035 14.3543
    endloop
  endfacet
  facet normal 0.167239 0.353791 0.920252
    outer loop
      vertex 8.63499 -6.24746 14.3204
      vertex 8.57904 -6.30919 14.3543
      vertex 8.59736 -6.31785 14.3543
    endloop
  endfacet
  facet normal -0.133215 -0.0335555 0.990519
    outer loop
      vertex 8.45909 -6.50814 14.3886
      vertex 8.38065 -6.5362 14.3771
      vertex 8.46009 -6.51211 14.3886
    endloop
  endfacet
  facet normal 0.444042 0.402377 0.800575
    outer loop
      vertex 8.8378 -6.22278 14.2207
      vertex 8.75698 -6.24302 14.2757
      vertex 8.78093 -6.26945 14.2757
    endloop
  endfacet
  facet normal 0.481327 0.356942 0.800573
    outer loop
      vertex 8.8378 -6.22278 14.2207
      vertex 8.78093 -6.26945 14.2757
      vertex 8.86334 -6.25722 14.2207
    endloop
  endfacet
  facet normal 0.559283 0.506878 0.655955
    outer loop
      vertex 8.90363 -6.09637 14.0817
      vertex 8.85804 -6.14196 14.1558
      vertex 8.89141 -6.17878 14.1558
    endloop
  endfacet
  facet normal 0.506878 0.559283 0.655955
    outer loop
      vertex 8.90363 -6.09637 14.0817
      vertex 8.82122 -6.10859 14.1558
      vertex 8.85804 -6.14196 14.1558
    endloop
  endfacet
  facet normal 0.444034 0.402397 0.800569
    outer loop
      vertex 8.809 -6.191 14.2207
      vertex 8.75698 -6.24302 14.2757
      vertex 8.8378 -6.22278 14.2207
    endloop
  endfacet
  facet normal 0.459117 0.506623 0.729757
    outer loop
      vertex 8.82122 -6.10859 14.1558
      vertex 8.77722 -6.1622 14.2207
      vertex 8.809 -6.191 14.2207
    endloop
  endfacet
  facet normal 0.337312 0.371972 0.864787
    outer loop
      vertex 8.75698 -6.24302 14.2757
      vertex 8.68166 -6.27864 14.3204
      vertex 8.70248 -6.29752 14.3204
    endloop
  endfacet
  facet normal 0.371972 0.337312 0.864787
    outer loop
      vertex 8.75698 -6.24302 14.2757
      vertex 8.70248 -6.29752 14.3204
      vertex 8.72136 -6.31834 14.3204
    endloop
  endfacet
  facet normal 0.418343 0.698029 0.581158
    outer loop
      vertex 8.79689 -5.94456 13.9992
      vertex 8.76908 -5.99658 14.0817
      vertex 8.8499 -5.97633 13.9992
    endloop
  endfacet
  facet normal 0.443662 0.740274 0.505133
    outer loop
      vertex 8.82183 -5.89789 13.9089
      vertex 8.79689 -5.94456 13.9992
      vertex 8.8499 -5.97633 13.9992
    endloop
  endfacet
  facet normal 0.110886 0.74658 0.65599
    outer loop
      vertex 8.55595 -5.93192 14.0817
      vertex 8.54963 -5.99609 14.1558
      vertex 8.59878 -6.00339 14.1558
    endloop
  endfacet
  facet normal 0.11075 0.746554 0.656043
    outer loop
      vertex 8.61136 -5.94014 14.0817
      vertex 8.55595 -5.93192 14.0817
      vertex 8.59878 -6.00339 14.1558
    endloop
  endfacet
  facet normal -0.407261 0.54918 0.729754
    outer loop
      vertex 8.25722 -6.13666 14.2207
      vertex 8.17878 -6.10859 14.1558
      vertex 8.22278 -6.1622 14.2207
    endloop
  endfacet
  facet normal -0.459117 0.506623 0.729757
    outer loop
      vertex 8.22278 -6.1622 14.2207
      vertex 8.17878 -6.10859 14.1558
      vertex 8.191 -6.191 14.2207
    endloop
  endfacet
  facet normal -0.337216 0.372135 0.864755
    outer loop
      vertex 8.26945 -6.21907 14.2757
      vertex 8.24302 -6.24302 14.2757
      vertex 8.31834 -6.27864 14.3204
    endloop
  endfacet
  facet normal -0.201816 0.564279 0.800537
    outer loop
      vertex 8.3945 -6.15223 14.2757
      vertex 8.33277 -6.09628 14.2207
      vertex 8.36092 -6.16424 14.2757
    endloop
  endfacet
  facet normal 0.100285 0.676325 0.729745
    outer loop
      vertex 8.59878 -6.00339 14.1558
      vertex 8.54283 -6.06512 14.2207
      vertex 8.58525 -6.07141 14.2207
    endloop
  endfacet
  facet normal -0.0336431 0.682906 0.729731
    outer loop
      vertex 8.5 -5.99366 14.1558
      vertex 8.45717 -6.06512 14.2207
      vertex 8.5 -6.06301 14.2207
    endloop
  endfacet
  facet normal -0.0201343 0.135907 0.990517
    outer loop
      vertex 8.49591 -6.45849 14.3886
      vertex 8.48778 -6.37588 14.3771
      vertex 8.49186 -6.45909 14.3886
    endloop
  endfacet
  facet normal -0.00671041 0.137228 0.990517
    outer loop
      vertex 8.5 -6.45829 14.3886
      vertex 8.48778 -6.37588 14.3771
      vertex 8.49591 -6.45849 14.3886
    endloop
  endfacet
  facet normal -0.308149 0.513973 0.800547
    outer loop
      vertex 8.32868 -6.17949 14.2757
      vertex 8.29401 -6.11461 14.2207
      vertex 8.29809 -6.19783 14.2757
    endloop
  endfacet
  facet normal -0.201903 0.56421 0.800564
    outer loop
      vertex 8.37315 -6.08183 14.2207
      vertex 8.33277 -6.09628 14.2207
      vertex 8.3945 -6.15223 14.2757
    endloop
  endfacet
  facet normal -0.201204 0.335598 0.920267
    outer loop
      vertex 8.40264 -6.31785 14.3543
      vertex 8.34091 -6.2619 14.3204
      vertex 8.38526 -6.32827 14.3543
    endloop
  endfacet
  facet normal -0.299174 0.403366 0.864749
    outer loop
      vertex 8.34091 -6.2619 14.3204
      vertex 8.29809 -6.19783 14.2757
      vertex 8.31834 -6.27864 14.3204
    endloop
  endfacet
  facet normal 0.167324 0.35372 0.920263
    outer loop
      vertex 8.60958 -6.23544 14.3204
      vertex 8.57904 -6.30919 14.3543
      vertex 8.63499 -6.24746 14.3204
    endloop
  endfacet
  facet normal 0.214732 0.453937 0.864772
    outer loop
      vertex 8.67132 -6.17949 14.2757
      vertex 8.60958 -6.23544 14.3204
      vertex 8.63499 -6.24746 14.3204
    endloop
  endfacet
  facet normal 0.166122 0.663213 0.729761
    outer loop
      vertex 8.64698 -6.01546 14.1558
      vertex 8.58525 -6.07141 14.2207
      vertex 8.62685 -6.08183 14.2207
    endloop
  endfacet
  facet normal 0.145605 0.581303 0.800554
    outer loop
      vertex 8.58525 -6.07141 14.2207
      vertex 8.5709 -6.14356 14.2757
      vertex 8.62685 -6.08183 14.2207
    endloop
  endfacet
  facet normal 0.087897 0.59278 0.800553
    outer loop
      vertex 8.58525 -6.07141 14.2207
      vertex 8.54283 -6.06512 14.2207
      vertex 8.5709 -6.14356 14.2757
    endloop
  endfacet
  facet normal 0.121919 0.487139 0.864772
    outer loop
      vertex 8.5709 -6.14356 14.2757
      vertex 8.55587 -6.21915 14.3204
      vertex 8.58312 -6.22597 14.3204
    endloop
  endfacet
  facet normal -0.541754 0.256201 0.800539
    outer loop
      vertex 8.11461 -6.29401 14.2207
      vertex 8.09628 -6.33277 14.2207
      vertex 8.16424 -6.36092 14.2757
    endloop
  endfacet
  facet normal -0.564279 0.201816 0.800537
    outer loop
      vertex 8.16424 -6.36092 14.2757
      vertex 8.09628 -6.33277 14.2207
      vertex 8.15223 -6.3945 14.2757
    endloop
  endfacet
  facet normal -0.35372 0.167324 0.920263
    outer loop
      vertex 8.24746 -6.36501 14.3204
      vertex 8.23544 -6.39042 14.3204
      vertex 8.30919 -6.42096 14.3543
    endloop
  endfacet
  facet normal -0.353791 0.167239 0.920252
    outer loop
      vertex 8.31785 -6.40264 14.3543
      vertex 8.24746 -6.36501 14.3204
      vertex 8.30919 -6.42096 14.3543
    endloop
  endfacet
  facet normal -0.262865 0.289876 0.920257
    outer loop
      vertex 8.31834 -6.27864 14.3204
      vertex 8.29752 -6.29752 14.3204
      vertex 8.35396 -6.35396 14.3543
    endloop
  endfacet
  facet normal -0.337312 0.371972 0.864787
    outer loop
      vertex 8.31834 -6.27864 14.3204
      vertex 8.24302 -6.24302 14.2757
      vertex 8.29752 -6.29752 14.3204
    endloop
  endfacet
  facet normal -0.444042 0.402377 0.800575
    outer loop
      vertex 8.24302 -6.24302 14.2757
      vertex 8.1622 -6.22278 14.2207
      vertex 8.21907 -6.26945 14.2757
    endloop
  endfacet
  facet normal -0.513992 0.30806 0.800569
    outer loop
      vertex 8.13666 -6.25722 14.2207
      vertex 8.11461 -6.29401 14.2207
      vertex 8.19783 -6.29809 14.2757
    endloop
  endfacet
  facet normal -0.0923363 -0.101738 0.990517
    outer loop
      vertex 8.47051 -6.52949 14.3886
      vertex 8.42088 -6.59641 14.3771
      vertex 8.47354 -6.53224 14.3886
    endloop
  endfacet
  facet normal -0.18048 0.199142 0.963208
    outer loop
      vertex 8.42088 -6.40359 14.3771
      vertex 8.35396 -6.35396 14.3543
      vertex 8.41181 -6.41181 14.3771
    endloop
  endfacet
  facet normal -0.199142 0.18048 0.963208
    outer loop
      vertex 8.41181 -6.41181 14.3771
      vertex 8.35396 -6.35396 14.3543
      vertex 8.40359 -6.42088 14.3771
    endloop
  endfacet
  facet normal -0.110351 -0.0818408 0.990517
    outer loop
      vertex 8.46532 -6.52317 14.3886
      vertex 8.40359 -6.57912 14.3771
      vertex 8.46776 -6.52646 14.3886
    endloop
  endfacet
  facet normal -0.110353 -0.0818385 0.990517
    outer loop
      vertex 8.46532 -6.52317 14.3886
      vertex 8.3963 -6.56929 14.3771
      vertex 8.40359 -6.57912 14.3771
    endloop
  endfacet
  facet normal 0.0333501 -0.133288 0.990516
    outer loop
      vertex 8.5362 -6.61935 14.3771
      vertex 8.50814 -6.54091 14.3886
      vertex 8.52433 -6.62232 14.3771
    endloop
  endfacet
  facet normal 0.0904402 0.253101 0.963203
    outer loop
      vertex 8.57904 -6.30919 14.3543
      vertex 8.5362 -6.38065 14.3771
      vertex 8.54773 -6.38477 14.3771
    endloop
  endfacet
  facet normal 0.160145 0.215825 0.96321
    outer loop
      vertex 8.61474 -6.32827 14.3543
      vertex 8.56929 -6.3963 14.3771
      vertex 8.63102 -6.34035 14.3543
    endloop
  endfacet
  facet normal -0.0395106 0.265835 0.963209
    outer loop
      vertex 8.47976 -6.29446 14.3543
      vertex 8.45971 -6.29744 14.3543
      vertex 8.48778 -6.37588 14.3771
    endloop
  endfacet
  facet normal -0.057499 0.387039 0.920269
    outer loop
      vertex 8.47193 -6.21502 14.3204
      vertex 8.44413 -6.21915 14.3204
      vertex 8.45971 -6.29744 14.3543
    endloop
  endfacet
  facet normal 0.0335555 0.133215 0.990519
    outer loop
      vertex 8.5362 -6.38065 14.3771
      vertex 8.50814 -6.45909 14.3886
      vertex 8.51211 -6.46009 14.3886
    endloop
  endfacet
  facet normal -0.0706038 -0.11786 0.990517
    outer loop
      vertex 8.47683 -6.53468 14.3886
      vertex 8.43071 -6.6037 14.3771
      vertex 8.44121 -6.60999 14.3771
    endloop
  endfacet
  facet normal -0.199142 -0.18048 0.963208
    outer loop
      vertex 8.40359 -6.57912 14.3771
      vertex 8.35396 -6.64604 14.3543
      vertex 8.41181 -6.58819 14.3771
    endloop
  endfacet
  facet normal -0.265834 -0.0395129 0.963209
    outer loop
      vertex 8.37588 -6.51222 14.3771
      vertex 8.29744 -6.54029 14.3543
      vertex 8.37768 -6.52433 14.3771
    endloop
  endfacet
  facet normal -0.242894 -0.115078 0.963203
    outer loop
      vertex 8.38477 -6.54773 14.3771
      vertex 8.30919 -6.57904 14.3543
      vertex 8.39001 -6.55879 14.3771
    endloop
  endfacet
  facet normal -0.242955 -0.114847 0.963215
    outer loop
      vertex 8.39001 -6.55879 14.3771
      vertex 8.30919 -6.57904 14.3543
      vertex 8.31785 -6.59736 14.3543
    endloop
  endfacet
  facet normal 0.110353 -0.0818385 0.990517
    outer loop
      vertex 8.6037 -6.56929 14.3771
      vertex 8.53468 -6.52317 14.3886
      vertex 8.59641 -6.57912 14.3771
    endloop
  endfacet
  facet normal 0.11786 -0.0706038 0.990517
    outer loop
      vertex 8.60999 -6.55879 14.3771
      vertex 8.53468 -6.52317 14.3886
      vertex 8.6037 -6.56929 14.3771
    endloop
  endfacet
  facet normal -0.0705343 -0.117893 0.990518
    outer loop
      vertex 8.47683 -6.53468 14.3886
      vertex 8.44121 -6.60999 14.3771
      vertex 8.48034 -6.53678 14.3886
    endloop
  endfacet
  facet normal -0.0818385 -0.110353 0.990517
    outer loop
      vertex 8.47683 -6.53468 14.3886
      vertex 8.42088 -6.59641 14.3771
      vertex 8.43071 -6.6037 14.3771
    endloop
  endfacet
  facet normal -0.167239 -0.353791 0.920252
    outer loop
      vertex 8.40264 -6.68215 14.3543
      vertex 8.36501 -6.75254 14.3204
      vertex 8.42096 -6.69081 14.3543
    endloop
  endfacet
  facet normal -0.135907 0.0201343 0.990517
    outer loop
      vertex 8.45909 -6.49186 14.3886
      vertex 8.37588 -6.48778 14.3771
      vertex 8.45849 -6.49591 14.3886
    endloop
  endfacet
  facet normal 0.0201343 -0.135907 0.990517
    outer loop
      vertex 8.50814 -6.54091 14.3886
      vertex 8.50409 -6.54151 14.3886
      vertex 8.51222 -6.62412 14.3771
    endloop
  endfacet
  facet normal 0.0395129 -0.265834 0.963209
    outer loop
      vertex 8.52433 -6.62232 14.3771
      vertex 8.51222 -6.62412 14.3771
      vertex 8.54029 -6.70256 14.3543
    endloop
  endfacet
  facet normal 0.129372 -0.0462283 0.990518
    outer loop
      vertex 8.61935 -6.5362 14.3771
      vertex 8.53991 -6.51211 14.3886
      vertex 8.61523 -6.54773 14.3771
    endloop
  endfacet
  facet normal 0.0652344 -0.260718 0.963208
    outer loop
      vertex 8.5362 -6.61935 14.3771
      vertex 8.52433 -6.62232 14.3771
      vertex 8.54029 -6.70256 14.3543
    endloop
  endfacet
  facet normal 0.242894 -0.115078 0.963203
    outer loop
      vertex 8.61523 -6.54773 14.3771
      vertex 8.60999 -6.55879 14.3771
      vertex 8.69081 -6.57904 14.3543
    endloop
  endfacet
  facet normal 0.0922569 -0.101797 0.990518
    outer loop
      vertex 8.58819 -6.58819 14.3771
      vertex 8.52949 -6.52949 14.3886
      vertex 8.57912 -6.59641 14.3771
    endloop
  endfacet
  facet normal 0.314283 -0.233101 0.920266
    outer loop
      vertex 8.7381 -6.65909 14.3204
      vertex 8.67173 -6.61474 14.3543
      vertex 8.72136 -6.68166 14.3204
    endloop
  endfacet
  facet normal 0.133215 -0.0335555 0.990519
    outer loop
      vertex 8.54091 -6.50814 14.3886
      vertex 8.53991 -6.51211 14.3886
      vertex 8.61935 -6.5362 14.3771
    endloop
  endfacet
  facet normal 0.430759 -0.258098 0.864773
    outer loop
      vertex 8.75254 -6.63499 14.3204
      vertex 8.7381 -6.65909 14.3204
      vertex 8.82051 -6.67132 14.2757
    endloop
  endfacet
  facet normal 0.230528 -0.138097 0.963216
    outer loop
      vertex 8.60999 -6.55879 14.3771
      vertex 8.6037 -6.56929 14.3771
      vertex 8.68215 -6.59736 14.3543
    endloop
  endfacet
  facet normal 0.160096 -0.215878 0.963206
    outer loop
      vertex 8.57912 -6.59641 14.3771
      vertex 8.56929 -6.6037 14.3771
      vertex 8.63102 -6.65965 14.3543
    endloop
  endfacet
  facet normal 0.233101 -0.314283 0.920266
    outer loop
      vertex 8.68166 -6.72136 14.3204
      vertex 8.61474 -6.67173 14.3543
      vertex 8.65909 -6.7381 14.3204
    endloop
  endfacet
  facet normal 0.258098 -0.430759 0.864773
    outer loop
      vertex 8.65909 -6.7381 14.3204
      vertex 8.63499 -6.75254 14.3204
      vertex 8.67132 -6.82051 14.2757
    endloop
  endfacet
  facet normal 0.233154 -0.314218 0.920275
    outer loop
      vertex 8.63102 -6.65965 14.3543
      vertex 8.61474 -6.67173 14.3543
      vertex 8.68166 -6.72136 14.3204
    endloop
  endfacet
  facet normal 0.199161 -0.180465 0.963207
    outer loop
      vertex 8.65965 -6.63102 14.3543
      vertex 8.59641 -6.57912 14.3771
      vertex 8.64604 -6.64604 14.3543
    endloop
  endfacet
  facet normal -0.00671041 -0.137228 0.990517
    outer loop
      vertex 8.49591 -6.54151 14.3886
      vertex 8.48778 -6.62412 14.3771
      vertex 8.5 -6.54171 14.3886
    endloop
  endfacet
  facet normal -0.129372 -0.0462283 0.990518
    outer loop
      vertex 8.46009 -6.51211 14.3886
      vertex 8.38065 -6.5362 14.3771
      vertex 8.38477 -6.54773 14.3771
    endloop
  endfacet
  facet normal -0.137228 0.00671041 0.990517
    outer loop
      vertex 8.45849 -6.49591 14.3886
      vertex 8.37588 -6.48778 14.3771
      vertex 8.45829 -6.5 14.3886
    endloop
  endfacet
  facet normal 0.0949917 -0.379581 0.920269
    outer loop
      vertex 8.55995 -6.69764 14.3543
      vertex 8.54029 -6.70256 14.3543
      vertex 8.58312 -6.77403 14.3204
    endloop
  endfacet
  facet normal 0.131811 -0.368414 0.92027
    outer loop
      vertex 8.57904 -6.69081 14.3543
      vertex 8.55995 -6.69764 14.3543
      vertex 8.58312 -6.77403 14.3204
    endloop
  endfacet
  facet normal 0.0336431 -0.682906 0.729731
    outer loop
      vertex 8.5 -6.93699 14.2207
      vertex 8.5 -7.00634 14.1558
      vertex 8.54283 -6.93488 14.2207
    endloop
  endfacet
  facet normal 0.0294849 -0.598502 0.800578
    outer loop
      vertex 8.5 -6.86342 14.2757
      vertex 8.5 -6.93699 14.2207
      vertex 8.54283 -6.93488 14.2207
    endloop
  endfacet
  facet normal -0.501603 0.0246602 0.864746
    outer loop
      vertex 8.21502 -6.47193 14.3204
      vertex 8.13833 -6.46438 14.2757
      vertex 8.21364 -6.5 14.3204
    endloop
  endfacet
  facet normal -0.496781 0.0736441 0.864746
    outer loop
      vertex 8.14356 -6.4291 14.2757
      vertex 8.13833 -6.46438 14.2757
      vertex 8.21502 -6.47193 14.3204
    endloop
  endfacet
  facet normal -0.732118 0.183333 0.656043
    outer loop
      vertex 8.01546 -6.35302 14.1558
      vertex 7.94014 -6.38864 14.0817
      vertex 8.00339 -6.40122 14.1558
    endloop
  endfacet
  facet normal -0.746554 0.11075 0.656043
    outer loop
      vertex 7.94014 -6.38864 14.0817
      vertex 7.93192 -6.44405 14.0817
      vertex 8.00339 -6.40122 14.1558
    endloop
  endfacet
  facet normal -0.682374 0.322654 0.655942
    outer loop
      vertex 8.05344 -6.26131 14.1558
      vertex 7.99658 -6.23092 14.0817
      vertex 8.0322 -6.30623 14.1558
    endloop
  endfacet
  facet normal -0.618062 0.292245 0.729789
    outer loop
      vertex 8.05344 -6.26131 14.1558
      vertex 8.0322 -6.30623 14.1558
      vertex 8.11461 -6.29401 14.2207
    endloop
  endfacet
  facet normal -0.682326 0.322703 0.655968
    outer loop
      vertex 7.99658 -6.23092 14.0817
      vertex 7.97263 -6.28156 14.0817
      vertex 8.0322 -6.30623 14.1558
    endloop
  endfacet
  facet normal -0.735666 0.34793 0.581155
    outer loop
      vertex 7.99658 -6.23092 14.0817
      vertex 7.94456 -6.20311 13.9992
      vertex 7.97263 -6.28156 14.0817
    endloop
  endfacet
  facet normal 0.197849 -0.789363 0.581172
    outer loop
      vertex 8.6657 -7.04624 14.0817
      vertex 8.61136 -7.05986 14.0817
      vertex 8.68282 -7.10269 13.9992
    endloop
  endfacet
  facet normal 0.274147 -0.766217 0.581168
    outer loop
      vertex 8.71844 -7.02737 14.0817
      vertex 8.6657 -7.04624 14.0817
      vertex 8.68282 -7.10269 13.9992
    endloop
  endfacet
  facet normal -0.322654 -0.682374 0.655942
    outer loop
      vertex 8.26131 -6.94656 14.1558
      vertex 8.23092 -7.00342 14.0817
      vertex 8.30623 -6.9678 14.1558
    endloop
  endfacet
  facet normal -0.322703 -0.682326 0.655968
    outer loop
      vertex 8.30623 -6.9678 14.1558
      vertex 8.23092 -7.00342 14.0817
      vertex 8.28156 -7.02737 14.0817
    endloop
  endfacet
  facet normal -0.100439 -0.676243 0.7298
    outer loop
      vertex 8.45717 -6.93488 14.2207
      vertex 8.40122 -6.99661 14.1558
      vertex 8.45037 -7.00391 14.1558
    endloop
  endfacet
  facet normal -0.110886 -0.74658 0.65599
    outer loop
      vertex 8.45037 -7.00391 14.1558
      vertex 8.40122 -6.99661 14.1558
      vertex 8.44405 -7.06808 14.0817
    endloop
  endfacet
  facet normal -0.087897 -0.59278 0.800553
    outer loop
      vertex 8.4291 -6.85644 14.2757
      vertex 8.41475 -6.92859 14.2207
      vertex 8.45717 -6.93488 14.2207
    endloop
  endfacet
  facet normal -0.145605 -0.581303 0.800554
    outer loop
      vertex 8.4291 -6.85644 14.2757
      vertex 8.37315 -6.91817 14.2207
      vertex 8.41475 -6.92859 14.2207
    endloop
  endfacet
  facet normal -0.057499 -0.387039 0.920269
    outer loop
      vertex 8.45971 -6.70256 14.3543
      vertex 8.44413 -6.78085 14.3204
      vertex 8.47193 -6.78498 14.3204
    endloop
  endfacet
  facet normal -0.0949987 -0.379577 0.92027
    outer loop
      vertex 8.45971 -6.70256 14.3543
      vertex 8.41688 -6.77403 14.3204
      vertex 8.44413 -6.78085 14.3204
    endloop
  endfacet
  facet normal -0.0575254 -0.387042 0.920266
    outer loop
      vertex 8.47976 -6.70554 14.3543
      vertex 8.45971 -6.70256 14.3543
      vertex 8.47193 -6.78498 14.3204
    endloop
  endfacet
  facet normal -0.0191166 -0.390827 0.920266
    outer loop
      vertex 8.47976 -6.70554 14.3543
      vertex 8.47193 -6.78498 14.3204
      vertex 8.5 -6.70653 14.3543
    endloop
  endfacet
  facet normal -0.506921 0.559203 0.65599
    outer loop
      vertex 8.13787 -6.05875 14.0817
      vertex 8.09637 -6.09637 14.0817
      vertex 8.17878 -6.10859 14.1558
    endloop
  endfacet
  facet normal -0.514095 0.693232 0.505109
    outer loop
      vertex 8.1501 -5.97633 13.9992
      vertex 8.06688 -5.97225 13.9089
      vertex 8.10045 -6.01315 13.9992
    endloop
  endfacet
  facet normal -0.93926 -0.335977 -0.0700776
    outer loop
      vertex 7.71565 -6.82489 13.1416
      vertex 7.69541 -6.74407 13.0254
      vertex 7.7232 -6.82176 13.0254
    endloop
  endfacet
  facet normal -0.855625 -0.512819 -0.0701632
    outer loop
      vertex 7.78411 -6.94449 13.0647
      vertex 7.75848 -6.89635 13.0254
      vertex 7.77691 -6.9271 13.0254
    endloop
  endfacet
  facet normal -0.85566 -0.512771 -0.0700816
    outer loop
      vertex 7.75848 -6.89635 13.0254
      vertex 7.78411 -6.94449 13.0647
      vertex 7.75127 -6.9002 13.1416
    endloop
  endfacet
  facet normal -0.960465 -0.2406 -0.140065
    outer loop
      vertex 7.69541 -6.74407 13.0254
      vertex 7.6867 -6.7093 13.0254
      vertex 7.69464 -6.72848 13.0039
    endloop
  endfacet
  facet normal -0.668813 -0.606234 0.430312
    outer loop
      vertex 8.01724 -6.98276 13.9089
      vertex 7.93642 -6.96252 13.8118
      vertex 7.98447 -7.01553 13.8118
    endloop
  endfacet
  facet normal -0.668838 -0.606185 0.430343
    outer loop
      vertex 7.97225 -6.93312 13.9089
      vertex 7.93642 -6.96252 13.8118
      vertex 8.01724 -6.98276 13.9089
    endloop
  endfacet
  facet normal -0.464008 -0.774289 0.430317
    outer loop
      vertex 8.17817 -7.10211 13.9089
      vertex 8.1207 -7.06767 13.9089
      vertex 8.15632 -7.14298 13.8118
    endloop
  endfacet
  facet normal -0.464039 -0.774281 0.430299
    outer loop
      vertex 8.1207 -7.06767 13.9089
      vertex 8.09495 -7.1062 13.8118
      vertex 8.15632 -7.14298 13.8118
    endloop
  endfacet
  facet normal -0.254257 -0.710674 0.65597
    outer loop
      vertex 8.30623 -6.9678 14.1558
      vertex 8.28156 -7.02737 14.0817
      vertex 8.35302 -6.98454 14.1558
    endloop
  endfacet
  facet normal -0.183505 -0.732134 0.655977
    outer loop
      vertex 8.35302 -6.98454 14.1558
      vertex 8.3343 -7.04624 14.0817
      vertex 8.38864 -7.05986 14.0817
    endloop
  endfacet
  facet normal -0.258238 -0.430725 0.864748
    outer loop
      vertex 8.34091 -6.7381 14.3204
      vertex 8.29809 -6.80217 14.2757
      vertex 8.32868 -6.82051 14.2757
    endloop
  endfacet
  facet normal -0.201127 -0.335676 0.920255
    outer loop
      vertex 8.40264 -6.68215 14.3543
      vertex 8.34091 -6.7381 14.3204
      vertex 8.36501 -6.75254 14.3204
    endloop
  endfacet
  facet normal -0.403374 -0.29915 0.864753
    outer loop
      vertex 8.27864 -6.68166 14.3204
      vertex 8.19783 -6.70191 14.2757
      vertex 8.21907 -6.73055 14.2757
    endloop
  endfacet
  facet normal -0.372135 -0.337216 0.864755
    outer loop
      vertex 8.27864 -6.68166 14.3204
      vertex 8.21907 -6.73055 14.2757
      vertex 8.24302 -6.75698 14.2757
    endloop
  endfacet
  facet normal -0.262729 -0.289948 0.920274
    outer loop
      vertex 8.35396 -6.64604 14.3543
      vertex 8.31834 -6.72136 14.3204
      vertex 8.36898 -6.65965 14.3543
    endloop
  endfacet
  facet normal -0.180465 -0.199161 0.963207
    outer loop
      vertex 8.42088 -6.59641 14.3771
      vertex 8.35396 -6.64604 14.3543
      vertex 8.36898 -6.65965 14.3543
    endloop
  endfacet
  facet normal -0.0905345 -0.253046 0.963209
    outer loop
      vertex 8.4638 -6.61935 14.3771
      vertex 8.42096 -6.69081 14.3543
      vertex 8.44005 -6.69764 14.3543
    endloop
  endfacet
  facet normal -0.131811 -0.368414 0.92027
    outer loop
      vertex 8.42096 -6.69081 14.3543
      vertex 8.41688 -6.77403 14.3204
      vertex 8.44005 -6.69764 14.3543
    endloop
  endfacet
  facet normal -0.0587414 -0.124196 0.990517
    outer loop
      vertex 8.48034 -6.53678 14.3886
      vertex 8.44121 -6.60999 14.3771
      vertex 8.48404 -6.53853 14.3886
    endloop
  endfacet
  facet normal -0.443662 -0.740274 0.505133
    outer loop
      vertex 8.20311 -7.05544 13.9992
      vertex 8.1501 -7.02367 13.9992
      vertex 8.17817 -7.10211 13.9089
    endloop
  endfacet
  facet normal -0.369073 -0.780142 0.505137
    outer loop
      vertex 8.20311 -7.05544 13.9992
      vertex 8.17817 -7.10211 13.9089
      vertex 8.23873 -7.13076 13.9089
    endloop
  endfacet
  facet normal -0.126631 -0.853699 0.505136
    outer loop
      vertex 8.37713 -7.11771 13.9992
      vertex 8.36681 -7.16961 13.9089
      vertex 8.43308 -7.17944 13.9089
    endloop
  endfacet
  facet normal -0.126645 -0.853701 0.505129
    outer loop
      vertex 8.43827 -7.12678 13.9992
      vertex 8.37713 -7.11771 13.9992
      vertex 8.43308 -7.17944 13.9089
    endloop
  endfacet
  facet normal -0.595747 0.803172 -0.000130048
    outer loop
      vertex 8.02833 -5.7941 13.2584
      vertex 8.02446 -5.79698 13.2
      vertex 7.96142 -5.84373 13.2584
    endloop
  endfacet
  facet normal -0.597011 0.802233 0
    outer loop
      vertex 8.02833 -5.7941 13.1416
      vertex 8.02446 -5.79698 13.2
      vertex 8.02833 -5.7941 13.2584
    endloop
  endfacet
  facet normal -0.597011 0.802233 0
    outer loop
      vertex 8.02446 -5.79698 13.2
      vertex 8.02833 -5.7941 13.1416
      vertex 8.02446 -5.79698 13.1416
    endloop
  endfacet
  facet normal -0.595669 0.80323 0
    outer loop
      vertex 7.96142 -5.84373 13.2584
      vertex 8.02446 -5.79698 13.2
      vertex 7.96142 -5.84373 13.2
    endloop
  endfacet
  facet normal -0.671507 0.740998 0
    outer loop
      vertex 7.96142 -5.84373 13.2
      vertex 7.89968 -5.89968 13.2584
      vertex 7.96142 -5.84373 13.2584
    endloop
  endfacet
  facet normal -0.671507 0.740998 0
    outer loop
      vertex 7.89968 -5.89968 13.2584
      vertex 7.96142 -5.84373 13.2
      vertex 7.89968 -5.89968 13.2
    endloop
  endfacet
  facet normal -0.801416 0.480453 0.356227
    outer loop
      vertex 7.86111 -6.07311 13.7088
      vertex 7.82234 -6.13778 13.7088
      vertex 7.8938 -6.09495 13.8118
    endloop
  endfacet
  facet normal -0.750528 0.556608 0.356224
    outer loop
      vertex 7.90603 -6.01254 13.7088
      vertex 7.86111 -6.07311 13.7088
      vertex 7.8938 -6.09495 13.8118
    endloop
  endfacet
  facet normal -0.801456 0.480325 0.356308
    outer loop
      vertex 7.8938 -6.09495 13.8118
      vertex 7.82234 -6.13778 13.7088
      vertex 7.85702 -6.15632 13.8118
    endloop
  endfacet
  facet normal -0.844667 0.39948 0.356305
    outer loop
      vertex 7.85702 -6.15632 13.8118
      vertex 7.82234 -6.13778 13.7088
      vertex 7.82643 -6.221 13.8118
    endloop
  endfacet
  facet normal -0.183505 0.732134 0.655977
    outer loop
      vertex 8.38864 -5.94014 14.0817
      vertex 8.3343 -5.95376 14.0817
      vertex 8.35302 -6.01546 14.1558
    endloop
  endfacet
  facet normal -0.25427 0.710663 0.655976
    outer loop
      vertex 8.3343 -5.95376 14.0817
      vertex 8.28156 -5.97263 14.0817
      vertex 8.35302 -6.01546 14.1558
    endloop
  endfacet
  facet normal -0.100439 0.676243 0.7298
    outer loop
      vertex 8.45037 -5.99609 14.1558
      vertex 8.40122 -6.00339 14.1558
      vertex 8.45717 -6.06512 14.2207
    endloop
  endfacet
  facet normal -0.0334336 0.682843 0.7298
    outer loop
      vertex 8.5 -5.99366 14.1558
      vertex 8.45037 -5.99609 14.1558
      vertex 8.45717 -6.06512 14.2207
    endloop
  endfacet
  facet normal 0.135903 -0.0202003 0.990516
    outer loop
      vertex 8.62412 -6.51222 14.3771
      vertex 8.54091 -6.50814 14.3886
      vertex 8.62232 -6.52433 14.3771
    endloop
  endfacet
  facet normal 0.0705343 0.117893 0.990518
    outer loop
      vertex 8.55879 -6.39001 14.3771
      vertex 8.51966 -6.46322 14.3886
      vertex 8.52317 -6.46532 14.3886
    endloop
  endfacet
  facet normal 0.129314 0.0463515 0.99052
    outer loop
      vertex 8.61523 -6.45227 14.3771
      vertex 8.53853 -6.48404 14.3886
      vertex 8.53991 -6.48789 14.3886
    endloop
  endfacet
  facet normal 0.230528 0.138097 0.963216
    outer loop
      vertex 8.68215 -6.40264 14.3543
      vertex 8.6037 -6.43071 14.3771
      vertex 8.60999 -6.44121 14.3771
    endloop
  endfacet
  facet normal 0.253101 0.0904402 0.963203
    outer loop
      vertex 8.69081 -6.42096 14.3543
      vertex 8.61523 -6.45227 14.3771
      vertex 8.61935 -6.4638 14.3771
    endloop
  endfacet
  facet normal 0.242894 0.115078 0.963203
    outer loop
      vertex 8.69081 -6.42096 14.3543
      vertex 8.60999 -6.44121 14.3771
      vertex 8.61523 -6.45227 14.3771
    endloop
  endfacet
  facet normal 0.335676 0.201127 0.920255
    outer loop
      vertex 8.7381 -6.34091 14.3204
      vertex 8.68215 -6.40264 14.3543
      vertex 8.75254 -6.36501 14.3204
    endloop
  endfacet
  facet normal 0.335598 0.201204 0.920267
    outer loop
      vertex 8.7381 -6.34091 14.3204
      vertex 8.67173 -6.38526 14.3543
      vertex 8.68215 -6.40264 14.3543
    endloop
  endfacet
  facet normal -0.0131798 0.268429 0.963209
    outer loop
      vertex 8.5 -6.37528 14.3771
      vertex 8.47976 -6.29446 14.3543
      vertex 8.48778 -6.37588 14.3771
    endloop
  endfacet
  facet normal 0.0949987 0.379577 0.92027
    outer loop
      vertex 8.55587 -6.21915 14.3204
      vertex 8.54029 -6.29744 14.3543
      vertex 8.58312 -6.22597 14.3204
    endloop
  endfacet
  facet normal 0.0737918 0.49671 0.864774
    outer loop
      vertex 8.5709 -6.14356 14.2757
      vertex 8.52807 -6.21502 14.3204
      vertex 8.55587 -6.21915 14.3204
    endloop
  endfacet
  facet normal 0.0191166 0.390827 0.920266
    outer loop
      vertex 8.52807 -6.21502 14.3204
      vertex 8.5 -6.29347 14.3543
      vertex 8.52024 -6.29446 14.3543
    endloop
  endfacet
  facet normal 0.135907 0.0201343 0.990517
    outer loop
      vertex 8.62412 -6.48778 14.3771
      vertex 8.54091 -6.49186 14.3886
      vertex 8.54151 -6.49591 14.3886
    endloop
  endfacet
  facet normal 0.137228 0.00671041 0.990517
    outer loop
      vertex 8.62412 -6.48778 14.3771
      vertex 8.54151 -6.49591 14.3886
      vertex 8.54171 -6.5 14.3886
    endloop
  endfacet
  facet normal -0.258238 0.430725 0.864748
    outer loop
      vertex 8.32868 -6.17949 14.2757
      vertex 8.29809 -6.19783 14.2757
      vertex 8.34091 -6.2619 14.3204
    endloop
  endfacet
  facet normal -0.258098 0.430759 0.864773
    outer loop
      vertex 8.36501 -6.24746 14.3204
      vertex 8.32868 -6.17949 14.2757
      vertex 8.34091 -6.2619 14.3204
    endloop
  endfacet
  facet normal -0.0246439 0.501609 0.864743
    outer loop
      vertex 8.5 -6.13658 14.2757
      vertex 8.46438 -6.13833 14.2757
      vertex 8.5 -6.21364 14.3204
    endloop
  endfacet
  facet normal -0.0949987 0.379577 0.92027
    outer loop
      vertex 8.44413 -6.21915 14.3204
      vertex 8.41688 -6.22597 14.3204
      vertex 8.45971 -6.29744 14.3543
    endloop
  endfacet
  facet normal -0.0191166 0.390827 0.920266
    outer loop
      vertex 8.5 -6.29347 14.3543
      vertex 8.47193 -6.21502 14.3204
      vertex 8.47976 -6.29446 14.3543
    endloop
  endfacet
  facet normal -0.0192127 0.390797 0.920276
    outer loop
      vertex 8.5 -6.21364 14.3204
      vertex 8.47193 -6.21502 14.3204
      vertex 8.5 -6.29347 14.3543
    endloop
  endfacet
  facet normal -0.233154 0.314218 0.920275
    outer loop
      vertex 8.38526 -6.32827 14.3543
      vertex 8.31834 -6.27864 14.3204
      vertex 8.36898 -6.34035 14.3543
    endloop
  endfacet
  facet normal -0.262729 0.289948 0.920274
    outer loop
      vertex 8.36898 -6.34035 14.3543
      vertex 8.31834 -6.27864 14.3204
      vertex 8.35396 -6.35396 14.3543
    endloop
  endfacet
  facet normal 0.169113 0.472841 0.864767
    outer loop
      vertex 8.63908 -6.16424 14.2757
      vertex 8.6055 -6.15223 14.2757
      vertex 8.60958 -6.23544 14.3204
    endloop
  endfacet
  facet normal 0.214723 0.453945 0.86477
    outer loop
      vertex 8.63908 -6.16424 14.2757
      vertex 8.60958 -6.23544 14.3204
      vertex 8.67132 -6.17949 14.2757
    endloop
  endfacet
  facet normal 0.100439 0.676243 0.7298
    outer loop
      vertex 8.54963 -5.99609 14.1558
      vertex 8.54283 -6.06512 14.2207
      vertex 8.59878 -6.00339 14.1558
    endloop
  endfacet
  facet normal 0.0334336 0.682843 0.7298
    outer loop
      vertex 8.54963 -5.99609 14.1558
      vertex 8.5 -5.99366 14.1558
      vertex 8.54283 -6.06512 14.2207
    endloop
  endfacet
  facet normal 0.230352 0.643711 0.729777
    outer loop
      vertex 8.69377 -6.0322 14.1558
      vertex 8.62685 -6.08183 14.2207
      vertex 8.66723 -6.09628 14.2207
    endloop
  endfacet
  facet normal 0.230311 0.643744 0.72976
    outer loop
      vertex 8.64698 -6.01546 14.1558
      vertex 8.62685 -6.08183 14.2207
      vertex 8.69377 -6.0322 14.1558
    endloop
  endfacet
  facet normal -0.371972 0.337312 0.864787
    outer loop
      vertex 8.29752 -6.29752 14.3204
      vertex 8.24302 -6.24302 14.2757
      vertex 8.27864 -6.31834 14.3204
    endloop
  endfacet
  facet normal -0.289876 0.262865 0.920257
    outer loop
      vertex 8.29752 -6.29752 14.3204
      vertex 8.27864 -6.31834 14.3204
      vertex 8.35396 -6.35396 14.3543
    endloop
  endfacet
  facet normal -0.481327 0.356942 0.800573
    outer loop
      vertex 8.1622 -6.22278 14.2207
      vertex 8.13666 -6.25722 14.2207
      vertex 8.21907 -6.26945 14.2757
    endloop
  endfacet
  facet normal -0.481322 0.356958 0.800569
    outer loop
      vertex 8.21907 -6.26945 14.2757
      vertex 8.13666 -6.25722 14.2207
      vertex 8.19783 -6.29809 14.2757
    endloop
  endfacet
  facet normal 0.0462283 0.129372 0.990518
    outer loop
      vertex 8.5362 -6.38065 14.3771
      vertex 8.51211 -6.46009 14.3886
      vertex 8.54773 -6.38477 14.3771
    endloop
  endfacet
  facet normal 0.101738 -0.0923363 0.990517
    outer loop
      vertex 8.53224 -6.52646 14.3886
      vertex 8.52949 -6.52949 14.3886
      vertex 8.59641 -6.57912 14.3771
    endloop
  endfacet
  facet normal 0.124196 -0.0587414 0.990517
    outer loop
      vertex 8.53853 -6.51596 14.3886
      vertex 8.53678 -6.51966 14.3886
      vertex 8.60999 -6.55879 14.3771
    endloop
  endfacet
  facet normal 0.110353 0.0818385 0.990517
    outer loop
      vertex 8.59641 -6.42088 14.3771
      vertex 8.53468 -6.47683 14.3886
      vertex 8.6037 -6.43071 14.3771
    endloop
  endfacet
  facet normal -0.0818408 0.110351 0.990517
    outer loop
      vertex 8.47683 -6.46532 14.3886
      vertex 8.42088 -6.40359 14.3771
      vertex 8.47354 -6.46776 14.3886
    endloop
  endfacet
  facet normal 0.0818385 0.110353 0.990517
    outer loop
      vertex 8.56929 -6.3963 14.3771
      vertex 8.52317 -6.46532 14.3886
      vertex 8.57912 -6.40359 14.3771
    endloop
  endfacet
  facet normal 0.160096 0.215878 0.963206
    outer loop
      vertex 8.63102 -6.34035 14.3543
      vertex 8.56929 -6.3963 14.3771
      vertex 8.57912 -6.40359 14.3771
    endloop
  endfacet
  facet normal 0.0905345 0.253046 0.963209
    outer loop
      vertex 8.55995 -6.30236 14.3543
      vertex 8.5362 -6.38065 14.3771
      vertex 8.57904 -6.30919 14.3543
    endloop
  endfacet
  facet normal 0.0395106 0.265835 0.963209
    outer loop
      vertex 8.52024 -6.29446 14.3543
      vertex 8.51222 -6.37588 14.3771
      vertex 8.54029 -6.29744 14.3543
    endloop
  endfacet
  facet normal -0.0905345 0.253046 0.963209
    outer loop
      vertex 8.44005 -6.30236 14.3543
      vertex 8.42096 -6.30919 14.3543
      vertex 8.4638 -6.38065 14.3771
    endloop
  endfacet
  facet normal -0.0904402 0.253101 0.963203
    outer loop
      vertex 8.4638 -6.38065 14.3771
      vertex 8.42096 -6.30919 14.3543
      vertex 8.45227 -6.38477 14.3771
    endloop
  endfacet
  facet normal -0.260717 -0.0652456 0.963208
    outer loop
      vertex 8.38065 -6.5362 14.3771
      vertex 8.29744 -6.54029 14.3543
      vertex 8.30236 -6.55995 14.3543
    endloop
  endfacet
  facet normal -0.253046 -0.0905345 0.963209
    outer loop
      vertex 8.38065 -6.5362 14.3771
      vertex 8.30236 -6.55995 14.3543
      vertex 8.30919 -6.57904 14.3543
    endloop
  endfacet
  facet normal 0.129314 -0.0463515 0.99052
    outer loop
      vertex 8.53991 -6.51211 14.3886
      vertex 8.53853 -6.51596 14.3886
      vertex 8.61523 -6.54773 14.3771
    endloop
  endfacet
  facet normal 0.0923363 0.101738 0.990517
    outer loop
      vertex 8.57912 -6.40359 14.3771
      vertex 8.52646 -6.46776 14.3886
      vertex 8.52949 -6.47051 14.3886
    endloop
  endfacet
  facet normal -0.115078 -0.242894 0.963203
    outer loop
      vertex 8.44121 -6.60999 14.3771
      vertex 8.42096 -6.69081 14.3543
      vertex 8.45227 -6.61523 14.3771
    endloop
  endfacet
  facet normal -0.0904402 -0.253101 0.963203
    outer loop
      vertex 8.45227 -6.61523 14.3771
      vertex 8.42096 -6.69081 14.3543
      vertex 8.4638 -6.61935 14.3771
    endloop
  endfacet
  facet normal -0.0588195 0.12415 0.990519
    outer loop
      vertex 8.45227 -6.38477 14.3771
      vertex 8.44121 -6.39001 14.3771
      vertex 8.48404 -6.46147 14.3886
    endloop
  endfacet
  facet normal 0.0818408 -0.110351 0.990517
    outer loop
      vertex 8.52646 -6.53224 14.3886
      vertex 8.52317 -6.53468 14.3886
      vertex 8.57912 -6.59641 14.3771
    endloop
  endfacet
  facet normal -0.160096 -0.215878 0.963206
    outer loop
      vertex 8.42088 -6.59641 14.3771
      vertex 8.36898 -6.65965 14.3543
      vertex 8.43071 -6.6037 14.3771
    endloop
  endfacet
  facet normal -0.160145 -0.215825 0.96321
    outer loop
      vertex 8.43071 -6.6037 14.3771
      vertex 8.36898 -6.65965 14.3543
      vertex 8.38526 -6.67173 14.3543
    endloop
  endfacet
  facet normal -0.135903 -0.0202003 0.990516
    outer loop
      vertex 8.45909 -6.50814 14.3886
      vertex 8.37588 -6.51222 14.3771
      vertex 8.37768 -6.52433 14.3771
    endloop
  endfacet
  facet normal -0.0923363 0.101738 0.990517
    outer loop
      vertex 8.47354 -6.46776 14.3886
      vertex 8.42088 -6.40359 14.3771
      vertex 8.47051 -6.47051 14.3886
    endloop
  endfacet
  facet normal 0.260717 -0.0652456 0.963208
    outer loop
      vertex 8.70256 -6.54029 14.3543
      vertex 8.61935 -6.5362 14.3771
      vertex 8.69764 -6.55995 14.3543
    endloop
  endfacet
  facet normal 0.260718 -0.0652344 0.963208
    outer loop
      vertex 8.62232 -6.52433 14.3771
      vertex 8.61935 -6.5362 14.3771
      vertex 8.70256 -6.54029 14.3543
    endloop
  endfacet
  facet normal 0.117893 0.0705343 0.990518
    outer loop
      vertex 8.60999 -6.44121 14.3771
      vertex 8.53468 -6.47683 14.3886
      vertex 8.53678 -6.48034 14.3886
    endloop
  endfacet
  facet normal -0.0335555 0.133215 0.990519
    outer loop
      vertex 8.49186 -6.45909 14.3886
      vertex 8.4638 -6.38065 14.3771
      vertex 8.48789 -6.46009 14.3886
    endloop
  endfacet
  facet normal 0.160145 -0.215825 0.96321
    outer loop
      vertex 8.63102 -6.65965 14.3543
      vertex 8.56929 -6.6037 14.3771
      vertex 8.61474 -6.67173 14.3543
    endloop
  endfacet
  facet normal 0.0587414 -0.124196 0.990517
    outer loop
      vertex 8.51966 -6.53678 14.3886
      vertex 8.51596 -6.53853 14.3886
      vertex 8.55879 -6.60999 14.3771
    endloop
  endfacet
  facet normal 0.262729 -0.289948 0.920274
    outer loop
      vertex 8.64604 -6.64604 14.3543
      vertex 8.63102 -6.65965 14.3543
      vertex 8.68166 -6.72136 14.3204
    endloop
  endfacet
  facet normal 0.337312 -0.371972 0.864787
    outer loop
      vertex 8.70248 -6.70248 14.3204
      vertex 8.68166 -6.72136 14.3204
      vertex 8.75698 -6.75698 14.2757
    endloop
  endfacet
  facet normal 0.230494 -0.13819 0.963211
    outer loop
      vertex 8.68215 -6.59736 14.3543
      vertex 8.6037 -6.56929 14.3771
      vertex 8.67173 -6.61474 14.3543
    endloop
  endfacet
  facet normal 0.253046 -0.0905345 0.963209
    outer loop
      vertex 8.69764 -6.55995 14.3543
      vertex 8.61935 -6.5362 14.3771
      vertex 8.69081 -6.57904 14.3543
    endloop
  endfacet
  facet normal 0.11786 0.0706038 0.990517
    outer loop
      vertex 8.6037 -6.43071 14.3771
      vertex 8.53468 -6.47683 14.3886
      vertex 8.60999 -6.44121 14.3771
    endloop
  endfacet
  facet normal -0.0462283 0.129372 0.990518
    outer loop
      vertex 8.4638 -6.38065 14.3771
      vertex 8.45227 -6.38477 14.3771
      vertex 8.48789 -6.46009 14.3886
    endloop
  endfacet
  facet normal 0.0652456 -0.260717 0.963208
    outer loop
      vertex 8.55995 -6.69764 14.3543
      vertex 8.5362 -6.61935 14.3771
      vertex 8.54029 -6.70256 14.3543
    endloop
  endfacet
  facet normal 0.0905345 -0.253046 0.963209
    outer loop
      vertex 8.57904 -6.69081 14.3543
      vertex 8.5362 -6.61935 14.3771
      vertex 8.55995 -6.69764 14.3543
    endloop
  endfacet
  facet normal -0.732134 0.183505 0.655977
    outer loop
      vertex 7.95376 -6.3343 14.0817
      vertex 7.94014 -6.38864 14.0817
      vertex 8.01546 -6.35302 14.1558
    endloop
  endfacet
  facet normal -0.710663 0.25427 0.655976
    outer loop
      vertex 7.97263 -6.28156 14.0817
      vertex 7.95376 -6.3343 14.0817
      vertex 8.01546 -6.35302 14.1558
    endloop
  endfacet
  facet normal -0.25427 -0.710663 0.655976
    outer loop
      vertex 8.35302 -6.98454 14.1558
      vertex 8.28156 -7.02737 14.0817
      vertex 8.3343 -7.04624 14.0817
    endloop
  endfacet
  facet normal -0.274147 -0.766217 0.581168
    outer loop
      vertex 8.3343 -7.04624 14.0817
      vertex 8.28156 -7.02737 14.0817
      vertex 8.31718 -7.10269 13.9992
    endloop
  endfacet
  facet normal -0.484728 0.653664 0.581173
    outer loop
      vertex 8.1501 -5.97633 13.9992
      vertex 8.13787 -6.05875 14.0817
      vertex 8.18287 -6.02538 14.0817
    endloop
  endfacet
  facet normal -0.484747 0.653658 0.581164
    outer loop
      vertex 8.1501 -5.97633 13.9992
      vertex 8.10045 -6.01315 13.9992
      vertex 8.13787 -6.05875 14.0817
    endloop
  endfacet
  facet normal -0.849237 -0.50899 -0.140452
    outer loop
      vertex 7.77691 -6.9271 13.0254
      vertex 7.75848 -6.89635 13.0254
      vertex 7.76314 -6.89386 12.9882
    endloop
  endfacet
  facet normal -0.960361 -0.24089 -0.140279
    outer loop
      vertex 7.69541 -6.74407 13.0254
      vertex 7.69464 -6.72848 13.0039
      vertex 7.70046 -6.74254 12.9882
    endloop
  endfacet
  facet normal -0.101797 -0.0922569 0.990518
    outer loop
      vertex 8.47051 -6.52949 14.3886
      vertex 8.40359 -6.57912 14.3771
      vertex 8.41181 -6.58819 14.3771
    endloop
  endfacet
  facet normal -0.337312 -0.371972 0.864787
    outer loop
      vertex 8.29752 -6.70248 14.3204
      vertex 8.24302 -6.75698 14.2757
      vertex 8.31834 -6.72136 14.3204
    endloop
  endfacet
  facet normal -0.233101 -0.314283 0.920266
    outer loop
      vertex 8.38526 -6.67173 14.3543
      vertex 8.31834 -6.72136 14.3204
      vertex 8.34091 -6.7381 14.3204
    endloop
  endfacet
  facet normal -0.201204 -0.335598 0.920267
    outer loop
      vertex 8.38526 -6.67173 14.3543
      vertex 8.34091 -6.7381 14.3204
      vertex 8.40264 -6.68215 14.3543
    endloop
  endfacet
  facet normal -0.289948 -0.262729 0.920274
    outer loop
      vertex 8.34035 -6.63102 14.3543
      vertex 8.27864 -6.68166 14.3204
      vertex 8.35396 -6.64604 14.3543
    endloop
  endfacet
  facet normal -0.289876 -0.262865 0.920257
    outer loop
      vertex 8.35396 -6.64604 14.3543
      vertex 8.27864 -6.68166 14.3204
      vertex 8.29752 -6.70248 14.3204
    endloop
  endfacet
  facet normal -0.214732 -0.453937 0.864772
    outer loop
      vertex 8.36501 -6.75254 14.3204
      vertex 8.32868 -6.82051 14.2757
      vertex 8.39042 -6.76456 14.3204
    endloop
  endfacet
  facet normal -0.167324 -0.35372 0.920263
    outer loop
      vertex 8.42096 -6.69081 14.3543
      vertex 8.36501 -6.75254 14.3204
      vertex 8.39042 -6.76456 14.3204
    endloop
  endfacet
  facet normal -0.0949917 -0.379581 0.920269
    outer loop
      vertex 8.44005 -6.69764 14.3543
      vertex 8.41688 -6.77403 14.3204
      vertex 8.45971 -6.70256 14.3543
    endloop
  endfacet
  facet normal -0.0652456 -0.260717 0.963208
    outer loop
      vertex 8.4638 -6.61935 14.3771
      vertex 8.44005 -6.69764 14.3543
      vertex 8.45971 -6.70256 14.3543
    endloop
  endfacet
  facet normal 0.135907 -0.0201343 0.990517
    outer loop
      vertex 8.54151 -6.50409 14.3886
      vertex 8.54091 -6.50814 14.3886
      vertex 8.62412 -6.51222 14.3771
    endloop
  endfacet
  facet normal 0.137228 -0.00671041 0.990517
    outer loop
      vertex 8.54171 -6.5 14.3886
      vertex 8.54151 -6.50409 14.3886
      vertex 8.62412 -6.51222 14.3771
    endloop
  endfacet
  facet normal -0.124196 -0.0587414 0.990517
    outer loop
      vertex 8.46147 -6.51596 14.3886
      vertex 8.39001 -6.55879 14.3771
      vertex 8.46322 -6.51966 14.3886
    endloop
  endfacet
  facet normal 0.13819 -0.230494 0.963211
    outer loop
      vertex 8.61474 -6.67173 14.3543
      vertex 8.56929 -6.6037 14.3771
      vertex 8.59736 -6.68215 14.3543
    endloop
  endfacet
  facet normal 0.0736441 0.496781 0.864746
    outer loop
      vertex 8.53562 -6.13833 14.2757
      vertex 8.52807 -6.21502 14.3204
      vertex 8.5709 -6.14356 14.2757
    endloop
  endfacet
  facet normal 0.0246602 0.501603 0.864746
    outer loop
      vertex 8.53562 -6.13833 14.2757
      vertex 8.5 -6.21364 14.3204
      vertex 8.52807 -6.21502 14.3204
    endloop
  endfacet
  facet normal -0.25624 0.541716 0.800553
    outer loop
      vertex 8.36092 -6.16424 14.2757
      vertex 8.29401 -6.11461 14.2207
      vertex 8.32868 -6.17949 14.2757
    endloop
  endfacet
  facet normal -0.169227 0.472836 0.864748
    outer loop
      vertex 8.3945 -6.15223 14.2757
      vertex 8.39042 -6.23544 14.3204
      vertex 8.41688 -6.22597 14.3204
    endloop
  endfacet
  facet normal -0.0736441 0.496781 0.864746
    outer loop
      vertex 8.46438 -6.13833 14.2757
      vertex 8.4291 -6.14356 14.2757
      vertex 8.47193 -6.21502 14.3204
    endloop
  endfacet
  facet normal -0.0246602 0.501603 0.864746
    outer loop
      vertex 8.5 -6.21364 14.3204
      vertex 8.46438 -6.13833 14.2757
      vertex 8.47193 -6.21502 14.3204
    endloop
  endfacet
  facet normal -0.0737918 0.49671 0.864774
    outer loop
      vertex 8.47193 -6.21502 14.3204
      vertex 8.4291 -6.14356 14.2757
      vertex 8.44413 -6.21915 14.3204
    endloop
  endfacet
  facet normal -0.121919 0.487139 0.864772
    outer loop
      vertex 8.4291 -6.14356 14.2757
      vertex 8.41688 -6.22597 14.3204
      vertex 8.44413 -6.21915 14.3204
    endloop
  endfacet
  facet normal 0.18048 0.199142 0.963208
    outer loop
      vertex 8.64604 -6.35396 14.3543
      vertex 8.57912 -6.40359 14.3771
      vertex 8.58819 -6.41181 14.3771
    endloop
  endfacet
  facet normal 0.0706038 0.11786 0.990517
    outer loop
      vertex 8.55879 -6.39001 14.3771
      vertex 8.52317 -6.46532 14.3886
      vertex 8.56929 -6.3963 14.3771
    endloop
  endfacet
  facet normal 0.138097 0.230528 0.963216
    outer loop
      vertex 8.59736 -6.31785 14.3543
      vertex 8.55879 -6.39001 14.3771
      vertex 8.56929 -6.3963 14.3771
    endloop
  endfacet
  facet normal 0.0652344 0.260718 0.963208
    outer loop
      vertex 8.54029 -6.29744 14.3543
      vertex 8.52433 -6.37768 14.3771
      vertex 8.5362 -6.38065 14.3771
    endloop
  endfacet
  facet normal -0.117893 -0.0705343 0.990518
    outer loop
      vertex 8.46322 -6.51966 14.3886
      vertex 8.39001 -6.55879 14.3771
      vertex 8.46532 -6.52317 14.3886
    endloop
  endfacet
  facet normal 0.057499 0.387039 0.920269
    outer loop
      vertex 8.55587 -6.21915 14.3204
      vertex 8.52807 -6.21502 14.3204
      vertex 8.54029 -6.29744 14.3543
    endloop
  endfacet
  facet normal 0.0575254 0.387042 0.920266
    outer loop
      vertex 8.52807 -6.21502 14.3204
      vertex 8.52024 -6.29446 14.3543
      vertex 8.54029 -6.29744 14.3543
    endloop
  endfacet
  facet normal -0.129314 -0.0463515 0.99052
    outer loop
      vertex 8.46009 -6.51211 14.3886
      vertex 8.38477 -6.54773 14.3771
      vertex 8.46147 -6.51596 14.3886
    endloop
  endfacet
  facet normal -0.0202003 0.135903 0.990516
    outer loop
      vertex 8.48778 -6.37588 14.3771
      vertex 8.47567 -6.37768 14.3771
      vertex 8.49186 -6.45909 14.3886
    endloop
  endfacet
  facet normal -0.0395129 0.265834 0.963209
    outer loop
      vertex 8.48778 -6.37588 14.3771
      vertex 8.45971 -6.29744 14.3543
      vertex 8.47567 -6.37768 14.3771
    endloop
  endfacet
  facet normal 0.0587414 0.124196 0.990517
    outer loop
      vertex 8.55879 -6.39001 14.3771
      vertex 8.51596 -6.46147 14.3886
      vertex 8.51966 -6.46322 14.3886
    endloop
  endfacet
  facet normal -0.133288 -0.0333501 0.990516
    outer loop
      vertex 8.45909 -6.50814 14.3886
      vertex 8.37768 -6.52433 14.3771
      vertex 8.38065 -6.5362 14.3771
    endloop
  endfacet
  facet normal 0.0923363 -0.101738 0.990517
    outer loop
      vertex 8.52949 -6.52949 14.3886
      vertex 8.52646 -6.53224 14.3886
      vertex 8.57912 -6.59641 14.3771
    endloop
  endfacet
  facet normal 0.0588195 -0.12415 0.990519
    outer loop
      vertex 8.55879 -6.60999 14.3771
      vertex 8.51596 -6.53853 14.3886
      vertex 8.54773 -6.61523 14.3771
    endloop
  endfacet
  facet normal 0.115078 -0.242894 0.963203
    outer loop
      vertex 8.55879 -6.60999 14.3771
      vertex 8.54773 -6.61523 14.3771
      vertex 8.57904 -6.69081 14.3543
    endloop
  endfacet
  facet normal 0.0588195 0.12415 0.990519
    outer loop
      vertex 8.54773 -6.38477 14.3771
      vertex 8.51596 -6.46147 14.3886
      vertex 8.55879 -6.39001 14.3771
    endloop
  endfacet
  facet normal 0.138097 -0.230528 0.963216
    outer loop
      vertex 8.56929 -6.6037 14.3771
      vertex 8.55879 -6.60999 14.3771
      vertex 8.59736 -6.68215 14.3543
    endloop
  endfacet
  facet normal 0.114847 -0.242955 0.963215
    outer loop
      vertex 8.59736 -6.68215 14.3543
      vertex 8.55879 -6.60999 14.3771
      vertex 8.57904 -6.69081 14.3543
    endloop
  endfacet
  facet normal 0.199142 -0.18048 0.963208
    outer loop
      vertex 8.59641 -6.57912 14.3771
      vertex 8.58819 -6.58819 14.3771
      vertex 8.64604 -6.64604 14.3543
    endloop
  endfacet
  facet normal 0.18048 -0.199142 0.963208
    outer loop
      vertex 8.58819 -6.58819 14.3771
      vertex 8.57912 -6.59641 14.3771
      vertex 8.64604 -6.64604 14.3543
    endloop
  endfacet
  facet normal 0.242955 -0.114847 0.963215
    outer loop
      vertex 8.69081 -6.57904 14.3543
      vertex 8.60999 -6.55879 14.3771
      vertex 8.68215 -6.59736 14.3543
    endloop
  endfacet
  facet normal 0.35372 -0.167324 0.920263
    outer loop
      vertex 8.76456 -6.60958 14.3204
      vertex 8.69081 -6.57904 14.3543
      vertex 8.75254 -6.63499 14.3204
    endloop
  endfacet
  facet normal 0.215825 -0.160145 0.96321
    outer loop
      vertex 8.67173 -6.61474 14.3543
      vertex 8.6037 -6.56929 14.3771
      vertex 8.65965 -6.63102 14.3543
    endloop
  endfacet
  facet normal 0.215878 -0.160096 0.963206
    outer loop
      vertex 8.6037 -6.56929 14.3771
      vertex 8.59641 -6.57912 14.3771
      vertex 8.65965 -6.63102 14.3543
    endloop
  endfacet
  facet normal -0.166085 -0.663238 0.729747
    outer loop
      vertex 8.41475 -6.92859 14.2207
      vertex 8.35302 -6.98454 14.1558
      vertex 8.40122 -6.99661 14.1558
    endloop
  endfacet
  facet normal -0.166122 -0.663213 0.729761
    outer loop
      vertex 8.37315 -6.91817 14.2207
      vertex 8.35302 -6.98454 14.1558
      vertex 8.41475 -6.92859 14.2207
    endloop
  endfacet
  facet normal -0.939224 -0.336062 -0.0701428
    outer loop
      vertex 7.71565 -6.82489 13.1416
      vertex 7.68758 -6.74644 13.1416
      vertex 7.69541 -6.74407 13.0254
    endloop
  endfacet
  facet normal -0.800235 -0.595523 -0.0705433
    outer loop
      vertex 7.79698 -6.97554 13.1416
      vertex 7.7941 -6.97167 13.1416
      vertex 7.7951 -6.971 13.1246
    endloop
  endfacet
  facet normal -0.855607 -0.512871 -0.0700013
    outer loop
      vertex 7.7951 -6.971 13.1246
      vertex 7.75127 -6.9002 13.1416
      vertex 7.78411 -6.94449 13.0647
    endloop
  endfacet
  facet normal -0.855631 -0.512756 -0.0705399
    outer loop
      vertex 7.75127 -6.9002 13.1416
      vertex 7.7951 -6.971 13.1246
      vertex 7.7941 -6.97167 13.1416
    endloop
  endfacet
  facet normal -0.932212 -0.333622 -0.140272
    outer loop
      vertex 7.71758 -6.78386 12.9727
      vertex 7.69541 -6.74407 13.0254
      vertex 7.70046 -6.74254 12.9882
    endloop
  endfacet
  facet normal -0.932248 -0.333468 -0.140403
    outer loop
      vertex 7.69541 -6.74407 13.0254
      vertex 7.71758 -6.78386 12.9727
      vertex 7.7232 -6.82176 13.0254
    endloop
  endfacet
  facet normal -0.18048 -0.199142 0.963208
    outer loop
      vertex 8.41181 -6.58819 14.3771
      vertex 8.35396 -6.64604 14.3543
      vertex 8.42088 -6.59641 14.3771
    endloop
  endfacet
  facet normal -0.0922569 -0.101797 0.990518
    outer loop
      vertex 8.47051 -6.52949 14.3886
      vertex 8.41181 -6.58819 14.3771
      vertex 8.42088 -6.59641 14.3771
    endloop
  endfacet
  facet normal -0.169113 -0.472841 0.864767
    outer loop
      vertex 8.39042 -6.76456 14.3204
      vertex 8.36092 -6.83576 14.2757
      vertex 8.3945 -6.84777 14.2757
    endloop
  endfacet
  facet normal -0.169227 -0.472836 0.864748
    outer loop
      vertex 8.41688 -6.77403 14.3204
      vertex 8.39042 -6.76456 14.3204
      vertex 8.3945 -6.84777 14.2757
    endloop
  endfacet
  facet normal -0.214723 0.453945 0.86477
    outer loop
      vertex 8.36092 -6.16424 14.2757
      vertex 8.32868 -6.17949 14.2757
      vertex 8.39042 -6.23544 14.3204
    endloop
  endfacet
  facet normal -0.214732 0.453937 0.864772
    outer loop
      vertex 8.39042 -6.23544 14.3204
      vertex 8.32868 -6.17949 14.2757
      vertex 8.36501 -6.24746 14.3204
    endloop
  endfacet
  facet normal 0.0922569 0.101797 0.990518
    outer loop
      vertex 8.57912 -6.40359 14.3771
      vertex 8.52949 -6.47051 14.3886
      vertex 8.58819 -6.41181 14.3771
    endloop
  endfacet
  facet normal 0.101797 0.0922569 0.990518
    outer loop
      vertex 8.58819 -6.41181 14.3771
      vertex 8.52949 -6.47051 14.3886
      vertex 8.59641 -6.42088 14.3771
    endloop
  endfacet
  facet normal 0.00673767 0.137224 0.990517
    outer loop
      vertex 8.5 -6.37528 14.3771
      vertex 8.5 -6.45829 14.3886
      vertex 8.51222 -6.37588 14.3771
    endloop
  endfacet
  facet normal 0.0131798 0.268429 0.963209
    outer loop
      vertex 8.52024 -6.29446 14.3543
      vertex 8.5 -6.37528 14.3771
      vertex 8.51222 -6.37588 14.3771
    endloop
  endfacet
  facet normal -0.135907 -0.0201343 0.990517
    outer loop
      vertex 8.45849 -6.50409 14.3886
      vertex 8.37588 -6.51222 14.3771
      vertex 8.45909 -6.50814 14.3886
    endloop
  endfacet
  facet normal 0.0395129 0.265834 0.963209
    outer loop
      vertex 8.54029 -6.29744 14.3543
      vertex 8.51222 -6.37588 14.3771
      vertex 8.52433 -6.37768 14.3771
    endloop
  endfacet
  facet normal 0.0201343 0.135907 0.990517
    outer loop
      vertex 8.51222 -6.37588 14.3771
      vertex 8.50409 -6.45849 14.3886
      vertex 8.50814 -6.45909 14.3886
    endloop
  endfacet
  facet normal 0.0333501 0.133288 0.990516
    outer loop
      vertex 8.52433 -6.37768 14.3771
      vertex 8.50814 -6.45909 14.3886
      vertex 8.5362 -6.38065 14.3771
    endloop
  endfacet
  facet normal 0.335598 -0.201204 0.920267
    outer loop
      vertex 8.68215 -6.59736 14.3543
      vertex 8.67173 -6.61474 14.3543
      vertex 8.7381 -6.65909 14.3204
    endloop
  endfacet
  facet normal 0.335676 -0.201127 0.920255
    outer loop
      vertex 8.75254 -6.63499 14.3204
      vertex 8.68215 -6.59736 14.3543
      vertex 8.7381 -6.65909 14.3204
    endloop
  endfacet
  facet normal -0.894988 -0.423403 -0.140455
    outer loop
      vertex 7.75848 -6.89635 13.0254
      vertex 7.74602 -6.85253 12.9727
      vertex 7.76314 -6.89386 12.9882
    endloop
  endfacet
  facet normal -0.895029 -0.423336 -0.140389
    outer loop
      vertex 7.74602 -6.85253 12.9727
      vertex 7.75848 -6.89635 13.0254
      vertex 7.7232 -6.82176 13.0254
    endloop
  endfacet
  facet normal -0.901759 -0.426519 -0.0700799
    outer loop
      vertex 7.75848 -6.89635 13.0254
      vertex 7.71565 -6.82489 13.1416
      vertex 7.7232 -6.82176 13.0254
    endloop
  endfacet
  facet normal -0.932172 -0.333628 -0.140525
    outer loop
      vertex 7.7232 -6.82176 13.0254
      vertex 7.71758 -6.78386 12.9727
      vertex 7.7318 -6.8182 12.9599
    endloop
  endfacet
  facet normal 0.672335 -0.740247 0
    outer loop
      vertex 8.51903 -6.52319 14.3886
      vertex 8.52121 -6.52121 15.1
      vertex 8.51903 -6.52319 15.1
    endloop
  endfacet
  facet normal 0.672335 -0.740247 0
    outer loop
      vertex 8.52121 -6.52121 15.1
      vertex 8.51903 -6.52319 14.3886
      vertex 8.52121 -6.52121 14.3886
    endloop
  endfacet
  facet normal 0.989258 0.146179 0
    outer loop
      vertex 8.52985 -6.49706 15.1
      vertex 8.52942 -6.49415 14.3886
      vertex 8.52942 -6.49415 15.1
    endloop
  endfacet
  facet normal 0.989258 0.146179 0
    outer loop
      vertex 8.52942 -6.49415 14.3886
      vertex 8.52985 -6.49706 15.1
      vertex 8.52985 -6.49706 14.3886
    endloop
  endfacet
  facet normal 0.998701 0.0509541 0
    outer loop
      vertex 8.53 -6.5 15.1
      vertex 8.52985 -6.49706 14.3886
      vertex 8.52985 -6.49706 15.1
    endloop
  endfacet
  facet normal 0.998701 0.0509541 0
    outer loop
      vertex 8.52985 -6.49706 14.3886
      vertex 8.53 -6.5 15.1
      vertex 8.53 -6.5 14.3886
    endloop
  endfacet
  facet normal 0.97054 0.240938 0
    outer loop
      vertex 8.52942 -6.49415 15.1
      vertex 8.52871 -6.49129 14.3886
      vertex 8.52871 -6.49129 15.1
    endloop
  endfacet
  facet normal 0.97054 0.240938 0
    outer loop
      vertex 8.52871 -6.49129 14.3886
      vertex 8.52942 -6.49415 15.1
      vertex 8.52942 -6.49415 14.3886
    endloop
  endfacet
  facet normal 0.336552 -0.941665 0
    outer loop
      vertex 8.50871 -6.52871 14.3886
      vertex 8.51148 -6.52772 15.1
      vertex 8.50871 -6.52871 15.1
    endloop
  endfacet
  facet normal 0.336552 -0.941665 0
    outer loop
      vertex 8.51148 -6.52772 15.1
      vertex 8.50871 -6.52871 14.3886
      vertex 8.51148 -6.52772 14.3886
    endloop
  endfacet
  facet normal -0.672335 0.740247 0
    outer loop
      vertex 8.48097 -6.47681 14.3886
      vertex 8.47879 -6.47879 15.1
      vertex 8.48097 -6.47681 15.1
    endloop
  endfacet
  facet normal -0.672335 0.740247 0
    outer loop
      vertex 8.47879 -6.47879 15.1
      vertex 8.48097 -6.47681 14.3886
      vertex 8.47879 -6.47879 14.3886
    endloop
  endfacet
  facet normal -0.97054 -0.240938 0
    outer loop
      vertex 8.47129 -6.50871 14.3886
      vertex 8.47058 -6.50585 15.1
      vertex 8.47058 -6.50585 14.3886
    endloop
  endfacet
  facet normal -0.97054 -0.240938 0
    outer loop
      vertex 8.47058 -6.50585 15.1
      vertex 8.47129 -6.50871 14.3886
      vertex 8.47129 -6.50871 15.1
    endloop
  endfacet
  facet normal 0.428086 0.903738 -0
    outer loop
      vertex 8.51414 -6.47354 14.3886
      vertex 8.51148 -6.47228 15.1
      vertex 8.51414 -6.47354 15.1
    endloop
  endfacet
  facet normal 0.428086 0.903738 0
    outer loop
      vertex 8.51148 -6.47228 15.1
      vertex 8.51414 -6.47354 14.3886
      vertex 8.51148 -6.47228 14.3886
    endloop
  endfacet
  facet normal -0.240938 -0.97054 0
    outer loop
      vertex 8.49129 -6.52871 14.3886
      vertex 8.49415 -6.52942 15.1
      vertex 8.49129 -6.52871 15.1
    endloop
  endfacet
  facet normal -0.240938 -0.97054 -0
    outer loop
      vertex 8.49415 -6.52942 15.1
      vertex 8.49129 -6.52871 14.3886
      vertex 8.49415 -6.52942 14.3886
    endloop
  endfacet
  facet normal -0.146179 -0.989258 0
    outer loop
      vertex 8.49415 -6.52942 14.3886
      vertex 8.49706 -6.52985 15.1
      vertex 8.49415 -6.52942 15.1
    endloop
  endfacet
  facet normal -0.146179 -0.989258 -0
    outer loop
      vertex 8.49706 -6.52985 15.1
      vertex 8.49415 -6.52942 14.3886
      vertex 8.49706 -6.52985 14.3886
    endloop
  endfacet
  facet normal 0.240938 0.97054 -0
    outer loop
      vertex 8.50871 -6.47129 14.3886
      vertex 8.50585 -6.47058 15.1
      vertex 8.50871 -6.47129 15.1
    endloop
  endfacet
  facet normal 0.240938 0.97054 0
    outer loop
      vertex 8.50585 -6.47058 15.1
      vertex 8.50871 -6.47129 14.3886
      vertex 8.50585 -6.47058 14.3886
    endloop
  endfacet
  facet normal -0.740247 0.672335 0
    outer loop
      vertex 8.47681 -6.48097 14.3886
      vertex 8.47879 -6.47879 15.1
      vertex 8.47879 -6.47879 14.3886
    endloop
  endfacet
  facet normal -0.740247 0.672335 0
    outer loop
      vertex 8.47879 -6.47879 15.1
      vertex 8.47681 -6.48097 14.3886
      vertex 8.47681 -6.48097 15.1
    endloop
  endfacet
  facet normal -0.336552 0.941665 0
    outer loop
      vertex 8.49129 -6.47129 14.3886
      vertex 8.48852 -6.47228 15.1
      vertex 8.49129 -6.47129 15.1
    endloop
  endfacet
  facet normal -0.336552 0.941665 0
    outer loop
      vertex 8.48852 -6.47228 15.1
      vertex 8.49129 -6.47129 14.3886
      vertex 8.48852 -6.47228 14.3886
    endloop
  endfacet
  facet normal 0.0509541 -0.998701 0
    outer loop
      vertex 8.5 -6.53 14.3886
      vertex 8.50294 -6.52985 15.1
      vertex 8.5 -6.53 15.1
    endloop
  endfacet
  facet normal 0.0509541 -0.998701 0
    outer loop
      vertex 8.50294 -6.52985 15.1
      vertex 8.5 -6.53 14.3886
      vertex 8.50294 -6.52985 14.3886
    endloop
  endfacet
  facet normal -0.0509541 0.998701 0
    outer loop
      vertex 8.5 -6.47 14.3886
      vertex 8.49706 -6.47015 15.1
      vertex 8.5 -6.47 15.1
    endloop
  endfacet
  facet normal -0.0509541 0.998701 0
    outer loop
      vertex 8.49706 -6.47015 15.1
      vertex 8.5 -6.47 14.3886
      vertex 8.49706 -6.47015 14.3886
    endloop
  endfacet
  facet normal -0.595634 -0.803256 0
    outer loop
      vertex 8.48097 -6.52319 14.3886
      vertex 8.48333 -6.52494 15.1
      vertex 8.48097 -6.52319 15.1
    endloop
  endfacet
  facet normal -0.595634 -0.803256 -0
    outer loop
      vertex 8.48333 -6.52494 15.1
      vertex 8.48097 -6.52319 14.3886
      vertex 8.48333 -6.52494 14.3886
    endloop
  endfacet
  facet normal -0.903738 -0.428086 0
    outer loop
      vertex 8.47354 -6.51414 14.3886
      vertex 8.47228 -6.51148 15.1
      vertex 8.47228 -6.51148 14.3886
    endloop
  endfacet
  facet normal -0.903738 -0.428086 0
    outer loop
      vertex 8.47228 -6.51148 15.1
      vertex 8.47354 -6.51414 14.3886
      vertex 8.47354 -6.51414 15.1
    endloop
  endfacet
  facet normal -0.146179 0.989258 0
    outer loop
      vertex 8.49706 -6.47015 14.3886
      vertex 8.49415 -6.47058 15.1
      vertex 8.49706 -6.47015 15.1
    endloop
  endfacet
  facet normal -0.146179 0.989258 0
    outer loop
      vertex 8.49415 -6.47058 15.1
      vertex 8.49706 -6.47015 14.3886
      vertex 8.49415 -6.47058 14.3886
    endloop
  endfacet
  facet normal 0.595634 -0.803256 0
    outer loop
      vertex 8.51667 -6.52494 14.3886
      vertex 8.51903 -6.52319 15.1
      vertex 8.51667 -6.52494 15.1
    endloop
  endfacet
  facet normal 0.595634 -0.803256 0
    outer loop
      vertex 8.51903 -6.52319 15.1
      vertex 8.51667 -6.52494 14.3886
      vertex 8.51903 -6.52319 14.3886
    endloop
  endfacet
  facet normal 0.514994 0.857194 -0
    outer loop
      vertex 8.51667 -6.47506 14.3886
      vertex 8.51414 -6.47354 15.1
      vertex 8.51667 -6.47506 15.1
    endloop
  endfacet
  facet normal 0.514994 0.857194 0
    outer loop
      vertex 8.51414 -6.47354 15.1
      vertex 8.51667 -6.47506 14.3886
      vertex 8.51414 -6.47354 14.3886
    endloop
  endfacet
  facet normal -0.998701 -0.0509541 0
    outer loop
      vertex 8.47015 -6.50294 14.3886
      vertex 8.47 -6.5 15.1
      vertex 8.47 -6.5 14.3886
    endloop
  endfacet
  facet normal -0.998701 -0.0509541 0
    outer loop
      vertex 8.47 -6.5 15.1
      vertex 8.47015 -6.50294 14.3886
      vertex 8.47015 -6.50294 15.1
    endloop
  endfacet
  facet normal -0.903738 0.428086 0
    outer loop
      vertex 8.47228 -6.48852 14.3886
      vertex 8.47354 -6.48586 15.1
      vertex 8.47354 -6.48586 14.3886
    endloop
  endfacet
  facet normal -0.903738 0.428086 0
    outer loop
      vertex 8.47354 -6.48586 15.1
      vertex 8.47228 -6.48852 14.3886
      vertex 8.47228 -6.48852 15.1
    endloop
  endfacet
  facet normal 0.97054 -0.240938 0
    outer loop
      vertex 8.52871 -6.50871 15.1
      vertex 8.52942 -6.50585 14.3886
      vertex 8.52942 -6.50585 15.1
    endloop
  endfacet
  facet normal 0.97054 -0.240938 0
    outer loop
      vertex 8.52942 -6.50585 14.3886
      vertex 8.52871 -6.50871 15.1
      vertex 8.52871 -6.50871 14.3886
    endloop
  endfacet
  facet normal 0.672335 0.740247 -0
    outer loop
      vertex 8.52121 -6.47879 14.3886
      vertex 8.51903 -6.47681 15.1
      vertex 8.52121 -6.47879 15.1
    endloop
  endfacet
  facet normal 0.672335 0.740247 0
    outer loop
      vertex 8.51903 -6.47681 15.1
      vertex 8.52121 -6.47879 14.3886
      vertex 8.51903 -6.47681 14.3886
    endloop
  endfacet
  facet normal 0.595634 0.803256 -0
    outer loop
      vertex 8.51903 -6.47681 14.3886
      vertex 8.51667 -6.47506 15.1
      vertex 8.51903 -6.47681 15.1
    endloop
  endfacet
  facet normal 0.595634 0.803256 0
    outer loop
      vertex 8.51667 -6.47506 15.1
      vertex 8.51903 -6.47681 14.3886
      vertex 8.51667 -6.47506 14.3886
    endloop
  endfacet
  facet normal -0.595634 0.803256 0
    outer loop
      vertex 8.48333 -6.47506 14.3886
      vertex 8.48097 -6.47681 15.1
      vertex 8.48333 -6.47506 15.1
    endloop
  endfacet
  facet normal -0.595634 0.803256 0
    outer loop
      vertex 8.48097 -6.47681 15.1
      vertex 8.48333 -6.47506 14.3886
      vertex 8.48097 -6.47681 14.3886
    endloop
  endfacet
  facet normal 0.514994 -0.857194 0
    outer loop
      vertex 8.51414 -6.52646 14.3886
      vertex 8.51667 -6.52494 15.1
      vertex 8.51414 -6.52646 15.1
    endloop
  endfacet
  facet normal 0.514994 -0.857194 0
    outer loop
      vertex 8.51667 -6.52494 15.1
      vertex 8.51414 -6.52646 14.3886
      vertex 8.51667 -6.52494 14.3886
    endloop
  endfacet
  facet normal 0.740247 0.672335 0
    outer loop
      vertex 8.52319 -6.48097 15.1
      vertex 8.52121 -6.47879 14.3886
      vertex 8.52121 -6.47879 15.1
    endloop
  endfacet
  facet normal 0.740247 0.672335 0
    outer loop
      vertex 8.52121 -6.47879 14.3886
      vertex 8.52319 -6.48097 15.1
      vertex 8.52319 -6.48097 14.3886
    endloop
  endfacet
  facet normal 0.803256 0.595634 0
    outer loop
      vertex 8.52494 -6.48333 15.1
      vertex 8.52319 -6.48097 14.3886
      vertex 8.52319 -6.48097 15.1
    endloop
  endfacet
  facet normal 0.803256 0.595634 0
    outer loop
      vertex 8.52319 -6.48097 14.3886
      vertex 8.52494 -6.48333 15.1
      vertex 8.52494 -6.48333 14.3886
    endloop
  endfacet
  facet normal 0.989258 -0.146179 0
    outer loop
      vertex 8.52942 -6.50585 15.1
      vertex 8.52985 -6.50294 14.3886
      vertex 8.52985 -6.50294 15.1
    endloop
  endfacet
  facet normal 0.989258 -0.146179 0
    outer loop
      vertex 8.52985 -6.50294 14.3886
      vertex 8.52942 -6.50585 15.1
      vertex 8.52942 -6.50585 14.3886
    endloop
  endfacet
  facet normal -0.941665 0.336552 0
    outer loop
      vertex 8.47129 -6.49129 14.3886
      vertex 8.47228 -6.48852 15.1
      vertex 8.47228 -6.48852 14.3886
    endloop
  endfacet
  facet normal -0.941665 0.336552 0
    outer loop
      vertex 8.47228 -6.48852 15.1
      vertex 8.47129 -6.49129 14.3886
      vertex 8.47129 -6.49129 15.1
    endloop
  endfacet
  facet normal 0.903738 -0.428086 0
    outer loop
      vertex 8.52646 -6.51414 15.1
      vertex 8.52772 -6.51148 14.3886
      vertex 8.52772 -6.51148 15.1
    endloop
  endfacet
  facet normal 0.903738 -0.428086 0
    outer loop
      vertex 8.52772 -6.51148 14.3886
      vertex 8.52646 -6.51414 15.1
      vertex 8.52646 -6.51414 14.3886
    endloop
  endfacet
  facet normal 0.998701 -0.0509541 0
    outer loop
      vertex 8.52985 -6.50294 15.1
      vertex 8.53 -6.5 14.3886
      vertex 8.53 -6.5 15.1
    endloop
  endfacet
  facet normal 0.998701 -0.0509541 0
    outer loop
      vertex 8.53 -6.5 14.3886
      vertex 8.52985 -6.50294 15.1
      vertex 8.52985 -6.50294 14.3886
    endloop
  endfacet
  facet normal 0.240938 -0.97054 0
    outer loop
      vertex 8.50585 -6.52942 14.3886
      vertex 8.50871 -6.52871 15.1
      vertex 8.50585 -6.52942 15.1
    endloop
  endfacet
  facet normal 0.240938 -0.97054 0
    outer loop
      vertex 8.50871 -6.52871 15.1
      vertex 8.50585 -6.52942 14.3886
      vertex 8.50871 -6.52871 14.3886
    endloop
  endfacet
  facet normal 0.146179 -0.989258 0
    outer loop
      vertex 8.50294 -6.52985 14.3886
      vertex 8.50585 -6.52942 15.1
      vertex 8.50294 -6.52985 15.1
    endloop
  endfacet
  facet normal 0.146179 -0.989258 0
    outer loop
      vertex 8.50585 -6.52942 15.1
      vertex 8.50294 -6.52985 14.3886
      vertex 8.50585 -6.52942 14.3886
    endloop
  endfacet
  facet normal 0.941665 0.336552 0
    outer loop
      vertex 8.52871 -6.49129 15.1
      vertex 8.52772 -6.48852 14.3886
      vertex 8.52772 -6.48852 15.1
    endloop
  endfacet
  facet normal 0.941665 0.336552 0
    outer loop
      vertex 8.52772 -6.48852 14.3886
      vertex 8.52871 -6.49129 15.1
      vertex 8.52871 -6.49129 14.3886
    endloop
  endfacet
  facet normal 0.803256 -0.595634 0
    outer loop
      vertex 8.52319 -6.51903 15.1
      vertex 8.52494 -6.51667 14.3886
      vertex 8.52494 -6.51667 15.1
    endloop
  endfacet
  facet normal 0.803256 -0.595634 0
    outer loop
      vertex 8.52494 -6.51667 14.3886
      vertex 8.52319 -6.51903 15.1
      vertex 8.52319 -6.51903 14.3886
    endloop
  endfacet
  facet normal 0.857194 -0.514994 0
    outer loop
      vertex 8.52494 -6.51667 15.1
      vertex 8.52646 -6.51414 14.3886
      vertex 8.52646 -6.51414 15.1
    endloop
  endfacet
  facet normal 0.857194 -0.514994 0
    outer loop
      vertex 8.52646 -6.51414 14.3886
      vertex 8.52494 -6.51667 15.1
      vertex 8.52494 -6.51667 14.3886
    endloop
  endfacet
  facet normal 0.428086 -0.903738 0
    outer loop
      vertex 8.51148 -6.52772 14.3886
      vertex 8.51414 -6.52646 15.1
      vertex 8.51148 -6.52772 15.1
    endloop
  endfacet
  facet normal 0.428086 -0.903738 0
    outer loop
      vertex 8.51414 -6.52646 15.1
      vertex 8.51148 -6.52772 14.3886
      vertex 8.51414 -6.52646 14.3886
    endloop
  endfacet
  facet normal 0.0509541 0.998701 -0
    outer loop
      vertex 8.50294 -6.47015 14.3886
      vertex 8.5 -6.47 15.1
      vertex 8.50294 -6.47015 15.1
    endloop
  endfacet
  facet normal 0.0509541 0.998701 0
    outer loop
      vertex 8.5 -6.47 15.1
      vertex 8.50294 -6.47015 14.3886
      vertex 8.5 -6.47 14.3886
    endloop
  endfacet
  facet normal -0.514994 0.857194 0
    outer loop
      vertex 8.48586 -6.47354 14.3886
      vertex 8.48333 -6.47506 15.1
      vertex 8.48586 -6.47354 15.1
    endloop
  endfacet
  facet normal -0.514994 0.857194 0
    outer loop
      vertex 8.48333 -6.47506 15.1
      vertex 8.48586 -6.47354 14.3886
      vertex 8.48333 -6.47506 14.3886
    endloop
  endfacet
  facet normal 0.941665 -0.336552 0
    outer loop
      vertex 8.52772 -6.51148 15.1
      vertex 8.52871 -6.50871 14.3886
      vertex 8.52871 -6.50871 15.1
    endloop
  endfacet
  facet normal 0.941665 -0.336552 0
    outer loop
      vertex 8.52871 -6.50871 14.3886
      vertex 8.52772 -6.51148 15.1
      vertex 8.52772 -6.51148 14.3886
    endloop
  endfacet
  facet normal -0.240938 0.97054 0
    outer loop
      vertex 8.49415 -6.47058 14.3886
      vertex 8.49129 -6.47129 15.1
      vertex 8.49415 -6.47058 15.1
    endloop
  endfacet
  facet normal -0.240938 0.97054 0
    outer loop
      vertex 8.49129 -6.47129 15.1
      vertex 8.49415 -6.47058 14.3886
      vertex 8.49129 -6.47129 14.3886
    endloop
  endfacet
  facet normal 0.903738 0.428086 0
    outer loop
      vertex 8.52772 -6.48852 15.1
      vertex 8.52646 -6.48586 14.3886
      vertex 8.52646 -6.48586 15.1
    endloop
  endfacet
  facet normal 0.903738 0.428086 0
    outer loop
      vertex 8.52646 -6.48586 14.3886
      vertex 8.52772 -6.48852 15.1
      vertex 8.52772 -6.48852 14.3886
    endloop
  endfacet
  facet normal -0.428086 0.903738 0
    outer loop
      vertex 8.48852 -6.47228 14.3886
      vertex 8.48586 -6.47354 15.1
      vertex 8.48852 -6.47228 15.1
    endloop
  endfacet
  facet normal -0.428086 0.903738 0
    outer loop
      vertex 8.48586 -6.47354 15.1
      vertex 8.48852 -6.47228 14.3886
      vertex 8.48586 -6.47354 14.3886
    endloop
  endfacet
  facet normal 0.146179 0.989258 -0
    outer loop
      vertex 8.50585 -6.47058 14.3886
      vertex 8.50294 -6.47015 15.1
      vertex 8.50585 -6.47058 15.1
    endloop
  endfacet
  facet normal 0.146179 0.989258 0
    outer loop
      vertex 8.50294 -6.47015 15.1
      vertex 8.50585 -6.47058 14.3886
      vertex 8.50294 -6.47015 14.3886
    endloop
  endfacet
  facet normal -0.857194 -0.514994 0
    outer loop
      vertex 8.47506 -6.51667 14.3886
      vertex 8.47354 -6.51414 15.1
      vertex 8.47354 -6.51414 14.3886
    endloop
  endfacet
  facet normal -0.857194 -0.514994 0
    outer loop
      vertex 8.47354 -6.51414 15.1
      vertex 8.47506 -6.51667 14.3886
      vertex 8.47506 -6.51667 15.1
    endloop
  endfacet
  facet normal 0.857194 0.514994 0
    outer loop
      vertex 8.52646 -6.48586 15.1
      vertex 8.52494 -6.48333 14.3886
      vertex 8.52494 -6.48333 15.1
    endloop
  endfacet
  facet normal 0.857194 0.514994 0
    outer loop
      vertex 8.52494 -6.48333 14.3886
      vertex 8.52646 -6.48586 15.1
      vertex 8.52646 -6.48586 14.3886
    endloop
  endfacet
  facet normal -0.740247 -0.672335 0
    outer loop
      vertex 8.47879 -6.52121 14.3886
      vertex 8.47681 -6.51903 15.1
      vertex 8.47681 -6.51903 14.3886
    endloop
  endfacet
  facet normal -0.740247 -0.672335 0
    outer loop
      vertex 8.47681 -6.51903 15.1
      vertex 8.47879 -6.52121 14.3886
      vertex 8.47879 -6.52121 15.1
    endloop
  endfacet
  facet normal -0.428086 -0.903738 0
    outer loop
      vertex 8.48586 -6.52646 14.3886
      vertex 8.48852 -6.52772 15.1
      vertex 8.48586 -6.52646 15.1
    endloop
  endfacet
  facet normal -0.428086 -0.903738 -0
    outer loop
      vertex 8.48852 -6.52772 15.1
      vertex 8.48586 -6.52646 14.3886
      vertex 8.48852 -6.52772 14.3886
    endloop
  endfacet
  facet normal -0.941665 -0.336552 0
    outer loop
      vertex 8.47228 -6.51148 14.3886
      vertex 8.47129 -6.50871 15.1
      vertex 8.47129 -6.50871 14.3886
    endloop
  endfacet
  facet normal -0.941665 -0.336552 0
    outer loop
      vertex 8.47129 -6.50871 15.1
      vertex 8.47228 -6.51148 14.3886
      vertex 8.47228 -6.51148 15.1
    endloop
  endfacet
  facet normal -0.514994 -0.857194 0
    outer loop
      vertex 8.48333 -6.52494 14.3886
      vertex 8.48586 -6.52646 15.1
      vertex 8.48333 -6.52494 15.1
    endloop
  endfacet
  facet normal -0.514994 -0.857194 -0
    outer loop
      vertex 8.48586 -6.52646 15.1
      vertex 8.48333 -6.52494 14.3886
      vertex 8.48586 -6.52646 14.3886
    endloop
  endfacet
  facet normal -0.97054 0.240938 0
    outer loop
      vertex 8.47058 -6.49415 14.3886
      vertex 8.47129 -6.49129 15.1
      vertex 8.47129 -6.49129 14.3886
    endloop
  endfacet
  facet normal -0.97054 0.240938 0
    outer loop
      vertex 8.47129 -6.49129 15.1
      vertex 8.47058 -6.49415 14.3886
      vertex 8.47058 -6.49415 15.1
    endloop
  endfacet
  facet normal -0.989258 0.146179 0
    outer loop
      vertex 8.47015 -6.49706 14.3886
      vertex 8.47058 -6.49415 15.1
      vertex 8.47058 -6.49415 14.3886
    endloop
  endfacet
  facet normal -0.989258 0.146179 0
    outer loop
      vertex 8.47058 -6.49415 15.1
      vertex 8.47015 -6.49706 14.3886
      vertex 8.47015 -6.49706 15.1
    endloop
  endfacet
  facet normal -0.803256 -0.595634 0
    outer loop
      vertex 8.47681 -6.51903 14.3886
      vertex 8.47506 -6.51667 15.1
      vertex 8.47506 -6.51667 14.3886
    endloop
  endfacet
  facet normal -0.803256 -0.595634 0
    outer loop
      vertex 8.47506 -6.51667 15.1
      vertex 8.47681 -6.51903 14.3886
      vertex 8.47681 -6.51903 15.1
    endloop
  endfacet
  facet normal -0.989258 -0.146179 0
    outer loop
      vertex 8.47058 -6.50585 14.3886
      vertex 8.47015 -6.50294 15.1
      vertex 8.47015 -6.50294 14.3886
    endloop
  endfacet
  facet normal -0.989258 -0.146179 0
    outer loop
      vertex 8.47015 -6.50294 15.1
      vertex 8.47058 -6.50585 14.3886
      vertex 8.47058 -6.50585 15.1
    endloop
  endfacet
  facet normal -0.672335 -0.740247 0
    outer loop
      vertex 8.47879 -6.52121 14.3886
      vertex 8.48097 -6.52319 15.1
      vertex 8.47879 -6.52121 15.1
    endloop
  endfacet
  facet normal -0.672335 -0.740247 -0
    outer loop
      vertex 8.48097 -6.52319 15.1
      vertex 8.47879 -6.52121 14.3886
      vertex 8.48097 -6.52319 14.3886
    endloop
  endfacet
  facet normal -0.803256 0.595634 0
    outer loop
      vertex 8.47506 -6.48333 14.3886
      vertex 8.47681 -6.48097 15.1
      vertex 8.47681 -6.48097 14.3886
    endloop
  endfacet
  facet normal -0.803256 0.595634 0
    outer loop
      vertex 8.47681 -6.48097 15.1
      vertex 8.47506 -6.48333 14.3886
      vertex 8.47506 -6.48333 15.1
    endloop
  endfacet
  facet normal -0.857194 0.514994 0
    outer loop
      vertex 8.47354 -6.48586 14.3886
      vertex 8.47506 -6.48333 15.1
      vertex 8.47506 -6.48333 14.3886
    endloop
  endfacet
  facet normal -0.857194 0.514994 0
    outer loop
      vertex 8.47506 -6.48333 15.1
      vertex 8.47354 -6.48586 14.3886
      vertex 8.47354 -6.48586 15.1
    endloop
  endfacet
  facet normal 0 0 1
    outer loop
      vertex 8.52985 -6.49706 15.1
      vertex 8.52985 -6.50294 15.1
      vertex 8.53 -6.5 15.1
    endloop
  endfacet
  facet normal 0 0 1
    outer loop
      vertex 8.52942 -6.49415 15.1
      vertex 8.52985 -6.50294 15.1
      vertex 8.52985 -6.49706 15.1
    endloop
  endfacet
  facet normal 0 0 1
    outer loop
      vertex 8.52942 -6.49415 15.1
      vertex 8.52942 -6.50585 15.1
      vertex 8.52985 -6.50294 15.1
    endloop
  endfacet
  facet normal 0 0 1
    outer loop
      vertex 8.52871 -6.49129 15.1
      vertex 8.52942 -6.50585 15.1
      vertex 8.52942 -6.49415 15.1
    endloop
  endfacet
  facet normal 0 0 1
    outer loop
      vertex 8.52871 -6.49129 15.1
      vertex 8.52871 -6.50871 15.1
      vertex 8.52942 -6.50585 15.1
    endloop
  endfacet
  facet normal 0 0 1
    outer loop
      vertex 8.52772 -6.48852 15.1
      vertex 8.52871 -6.50871 15.1
      vertex 8.52871 -6.49129 15.1
    endloop
  endfacet
  facet normal 0 0 1
    outer loop
      vertex 8.52772 -6.48852 15.1
      vertex 8.52772 -6.51148 15.1
      vertex 8.52871 -6.50871 15.1
    endloop
  endfacet
  facet normal 0 0 1
    outer loop
      vertex 8.52646 -6.48586 15.1
      vertex 8.52772 -6.51148 15.1
      vertex 8.52772 -6.48852 15.1
    endloop
  endfacet
  facet normal 0 0 1
    outer loop
      vertex 8.52646 -6.48586 15.1
      vertex 8.52646 -6.51414 15.1
      vertex 8.52772 -6.51148 15.1
    endloop
  endfacet
  facet normal 0 0 1
    outer loop
      vertex 8.52494 -6.48333 15.1
      vertex 8.52646 -6.51414 15.1
      vertex 8.52646 -6.48586 15.1
    endloop
  endfacet
  facet normal 0 0 1
    outer loop
      vertex 8.52494 -6.48333 15.1
      vertex 8.52494 -6.51667 15.1
      vertex 8.52646 -6.51414 15.1
    endloop
  endfacet
  facet normal 0 0 1
    outer loop
      vertex 8.52319 -6.48097 15.1
      vertex 8.52494 -6.51667 15.1
      vertex 8.52494 -6.48333 15.1
    endloop
  endfacet
  facet normal 0 0 1
    outer loop
      vertex 8.52319 -6.48097 15.1
      vertex 8.52319 -6.51903 15.1
      vertex 8.52494 -6.51667 15.1
    endloop
  endfacet
  facet normal 0 0 1
    outer loop
      vertex 8.52121 -6.47879 15.1
      vertex 8.52319 -6.51903 15.1
      vertex 8.52319 -6.48097 15.1
    endloop
  endfacet
  facet normal 0 0 1
    outer loop
      vertex 8.52121 -6.47879 15.1
      vertex 8.52121 -6.52121 15.1
      vertex 8.52319 -6.51903 15.1
    endloop
  endfacet
  facet normal 0 0 1
    outer loop
      vertex 8.51903 -6.47681 15.1
      vertex 8.52121 -6.52121 15.1
      vertex 8.52121 -6.47879 15.1
    endloop
  endfacet
  facet normal 0 0 1
    outer loop
      vertex 8.51903 -6.47681 15.1
      vertex 8.51903 -6.52319 15.1
      vertex 8.52121 -6.52121 15.1
    endloop
  endfacet
  facet normal 0 0 1
    outer loop
      vertex 8.51667 -6.47506 15.1
      vertex 8.51903 -6.52319 15.1
      vertex 8.51903 -6.47681 15.1
    endloop
  endfacet
  facet normal 0 0 1
    outer loop
      vertex 8.51667 -6.47506 15.1
      vertex 8.51667 -6.52494 15.1
      vertex 8.51903 -6.52319 15.1
    endloop
  endfacet
  facet normal 0 0 1
    outer loop
      vertex 8.51414 -6.47354 15.1
      vertex 8.51667 -6.52494 15.1
      vertex 8.51667 -6.47506 15.1
    endloop
  endfacet
  facet normal 0 0 1
    outer loop
      vertex 8.51414 -6.47354 15.1
      vertex 8.51414 -6.52646 15.1
      vertex 8.51667 -6.52494 15.1
    endloop
  endfacet
  facet normal 0 0 1
    outer loop
      vertex 8.51148 -6.47228 15.1
      vertex 8.51414 -6.52646 15.1
      vertex 8.51414 -6.47354 15.1
    endloop
  endfacet
  facet normal 0 0 1
    outer loop
      vertex 8.51148 -6.47228 15.1
      vertex 8.51148 -6.52772 15.1
      vertex 8.51414 -6.52646 15.1
    endloop
  endfacet
  facet normal 0 0 1
    outer loop
      vertex 8.50871 -6.47129 15.1
      vertex 8.51148 -6.52772 15.1
      vertex 8.51148 -6.47228 15.1
    endloop
  endfacet
  facet normal 0 0 1
    outer loop
      vertex 8.50871 -6.47129 15.1
      vertex 8.50871 -6.52871 15.1
      vertex 8.51148 -6.52772 15.1
    endloop
  endfacet
  facet normal 0 0 1
    outer loop
      vertex 8.50585 -6.47058 15.1
      vertex 8.50871 -6.52871 15.1
      vertex 8.50871 -6.47129 15.1
    endloop
  endfacet
  facet normal 0 0 1
    outer loop
      vertex 8.50585 -6.47058 15.1
      vertex 8.50585 -6.52942 15.1
      vertex 8.50871 -6.52871 15.1
    endloop
  endfacet
  facet normal 0 0 1
    outer loop
      vertex 8.50294 -6.47015 15.1
      vertex 8.50585 -6.52942 15.1
      vertex 8.50585 -6.47058 15.1
    endloop
  endfacet
  facet normal 0 0 1
    outer loop
      vertex 8.50294 -6.47015 15.1
      vertex 8.50294 -6.52985 15.1
      vertex 8.50585 -6.52942 15.1
    endloop
  endfacet
  facet normal 0 0 1
    outer loop
      vertex 8.5 -6.47 15.1
      vertex 8.50294 -6.52985 15.1
      vertex 8.50294 -6.47015 15.1
    endloop
  endfacet
  facet normal 0 0 1
    outer loop
      vertex 8.5 -6.47 15.1
      vertex 8.5 -6.53 15.1
      vertex 8.50294 -6.52985 15.1
    endloop
  endfacet
  facet normal -0 0 1
    outer loop
      vertex 8.49706 -6.47015 15.1
      vertex 8.5 -6.53 15.1
      vertex 8.5 -6.47 15.1
    endloop
  endfacet
  facet normal 0 0 1
    outer loop
      vertex 8.49706 -6.47015 15.1
      vertex 8.49706 -6.52985 15.1
      vertex 8.5 -6.53 15.1
    endloop
  endfacet
  facet normal -0 0 1
    outer loop
      vertex 8.49415 -6.47058 15.1
      vertex 8.49706 -6.52985 15.1
      vertex 8.49706 -6.47015 15.1
    endloop
  endfacet
  facet normal 0 0 1
    outer loop
      vertex 8.49415 -6.47058 15.1
      vertex 8.49415 -6.52942 15.1
      vertex 8.49706 -6.52985 15.1
    endloop
  endfacet
  facet normal -0 0 1
    outer loop
      vertex 8.49129 -6.47129 15.1
      vertex 8.49415 -6.52942 15.1
      vertex 8.49415 -6.47058 15.1
    endloop
  endfacet
  facet normal 0 0 1
    outer loop
      vertex 8.49129 -6.47129 15.1
      vertex 8.49129 -6.52871 15.1
      vertex 8.49415 -6.52942 15.1
    endloop
  endfacet
  facet normal -0 0 1
    outer loop
      vertex 8.48852 -6.47228 15.1
      vertex 8.49129 -6.52871 15.1
      vertex 8.49129 -6.47129 15.1
    endloop
  endfacet
  facet normal 0 0 1
    outer loop
      vertex 8.48852 -6.47228 15.1
      vertex 8.48852 -6.52772 15.1
      vertex 8.49129 -6.52871 15.1
    endloop
  endfacet
  facet normal -0 0 1
    outer loop
      vertex 8.48586 -6.47354 15.1
      vertex 8.48852 -6.52772 15.1
      vertex 8.48852 -6.47228 15.1
    endloop
  endfacet
  facet normal 0 0 1
    outer loop
      vertex 8.48586 -6.47354 15.1
      vertex 8.48586 -6.52646 15.1
      vertex 8.48852 -6.52772 15.1
    endloop
  endfacet
  facet normal -0 0 1
    outer loop
      vertex 8.48333 -6.47506 15.1
      vertex 8.48586 -6.52646 15.1
      vertex 8.48586 -6.47354 15.1
    endloop
  endfacet
  facet normal 0 0 1
    outer loop
      vertex 8.48333 -6.47506 15.1
      vertex 8.48333 -6.52494 15.1
      vertex 8.48586 -6.52646 15.1
    endloop
  endfacet
  facet normal -0 0 1
    outer loop
      vertex 8.48097 -6.47681 15.1
      vertex 8.48333 -6.52494 15.1
      vertex 8.48333 -6.47506 15.1
    endloop
  endfacet
  facet normal 0 0 1
    outer loop
      vertex 8.48097 -6.47681 15.1
      vertex 8.48097 -6.52319 15.1
      vertex 8.48333 -6.52494 15.1
    endloop
  endfacet
  facet normal -0 0 1
    outer loop
      vertex 8.47879 -6.47879 15.1
      vertex 8.48097 -6.52319 15.1
      vertex 8.48097 -6.47681 15.1
    endloop
  endfacet
  facet normal 0 0 1
    outer loop
      vertex 8.47879 -6.47879 15.1
      vertex 8.47879 -6.52121 15.1
      vertex 8.48097 -6.52319 15.1
    endloop
  endfacet
  facet normal -0 0 1
    outer loop
      vertex 8.47681 -6.48097 15.1
      vertex 8.47879 -6.52121 15.1
      vertex 8.47879 -6.47879 15.1
    endloop
  endfacet
  facet normal 0 0 1
    outer loop
      vertex 8.47681 -6.48097 15.1
      vertex 8.47681 -6.51903 15.1
      vertex 8.47879 -6.52121 15.1
    endloop
  endfacet
  facet normal -0 0 1
    outer loop
      vertex 8.47506 -6.48333 15.1
      vertex 8.47681 -6.51903 15.1
      vertex 8.47681 -6.48097 15.1
    endloop
  endfacet
  facet normal 0 0 1
    outer loop
      vertex 8.47506 -6.48333 15.1
      vertex 8.47506 -6.51667 15.1
      vertex 8.47681 -6.51903 15.1
    endloop
  endfacet
  facet normal -0 0 1
    outer loop
      vertex 8.47354 -6.48586 15.1
      vertex 8.47506 -6.51667 15.1
      vertex 8.47506 -6.48333 15.1
    endloop
  endfacet
  facet normal 0 0 1
    outer loop
      vertex 8.47354 -6.48586 15.1
      vertex 8.47354 -6.51414 15.1
      vertex 8.47506 -6.51667 15.1
    endloop
  endfacet
  facet normal -0 0 1
    outer loop
      vertex 8.47228 -6.48852 15.1
      vertex 8.47354 -6.51414 15.1
      vertex 8.47354 -6.48586 15.1
    endloop
  endfacet
  facet normal 0 0 1
    outer loop
      vertex 8.47228 -6.48852 15.1
      vertex 8.47228 -6.51148 15.1
      vertex 8.47354 -6.51414 15.1
    endloop
  endfacet
  facet normal -0 0 1
    outer loop
      vertex 8.47129 -6.49129 15.1
      vertex 8.47228 -6.51148 15.1
      vertex 8.47228 -6.48852 15.1
    endloop
  endfacet
  facet normal 0 0 1
    outer loop
      vertex 8.47129 -6.49129 15.1
      vertex 8.47129 -6.50871 15.1
      vertex 8.47228 -6.51148 15.1
    endloop
  endfacet
  facet normal -0 0 1
    outer loop
      vertex 8.47058 -6.49415 15.1
      vertex 8.47129 -6.50871 15.1
      vertex 8.47129 -6.49129 15.1
    endloop
  endfacet
  facet normal 0 0 1
    outer loop
      vertex 8.47058 -6.49415 15.1
      vertex 8.47058 -6.50585 15.1
      vertex 8.47129 -6.50871 15.1
    endloop
  endfacet
  facet normal -0 0 1
    outer loop
      vertex 8.47015 -6.49706 15.1
      vertex 8.47058 -6.50585 15.1
      vertex 8.47058 -6.49415 15.1
    endloop
  endfacet
  facet normal 0 0 1
    outer loop
      vertex 8.47015 -6.49706 15.1
      vertex 8.47015 -6.50294 15.1
      vertex 8.47058 -6.50585 15.1
    endloop
  endfacet
  facet normal 0 -0 1
    outer loop
      vertex 8.47015 -6.50294 15.1
      vertex 8.47015 -6.49706 15.1
      vertex 8.47 -6.5 15.1
    endloop
  endfacet
  facet normal -0.0509541 -0.998701 0
    outer loop
      vertex 8.49706 -6.52985 14.3886
      vertex 8.5 -6.53 15.1
      vertex 8.49706 -6.52985 15.1
    endloop
  endfacet
  facet normal -0.0509541 -0.998701 -0
    outer loop
      vertex 8.5 -6.53 15.1
      vertex 8.49706 -6.52985 14.3886
      vertex 8.5 -6.53 14.3886
    endloop
  endfacet
  facet normal -0.998701 0.0509541 0
    outer loop
      vertex 8.47 -6.5 14.3886
      vertex 8.47015 -6.49706 15.1
      vertex 8.47015 -6.49706 14.3886
    endloop
  endfacet
  facet normal -0.998701 0.0509541 0
    outer loop
      vertex 8.47015 -6.49706 15.1
      vertex 8.47 -6.5 14.3886
      vertex 8.47 -6.5 15.1
    endloop
  endfacet
  facet normal -0.336552 -0.941665 0
    outer loop
      vertex 8.48852 -6.52772 14.3886
      vertex 8.49129 -6.52871 15.1
      vertex 8.48852 -6.52772 15.1
    endloop
  endfacet
  facet normal -0.336552 -0.941665 -0
    outer loop
      vertex 8.49129 -6.52871 15.1
      vertex 8.48852 -6.52772 14.3886
      vertex 8.49129 -6.52871 14.3886
    endloop
  endfacet
  facet normal 0.336552 0.941665 -0
    outer loop
      vertex 8.51148 -6.47228 14.3886
      vertex 8.50871 -6.47129 15.1
      vertex 8.51148 -6.47228 15.1
    endloop
  endfacet
  facet normal 0.336552 0.941665 0
    outer loop
      vertex 8.50871 -6.47129 15.1
      vertex 8.51148 -6.47228 14.3886
      vertex 8.50871 -6.47129 14.3886
    endloop
  endfacet
  facet normal 0.740247 -0.672335 0
    outer loop
      vertex 8.52121 -6.52121 15.1
      vertex 8.52319 -6.51903 14.3886
      vertex 8.52319 -6.51903 15.1
    endloop
  endfacet
  facet normal 0.740247 -0.672335 0
    outer loop
      vertex 8.52319 -6.51903 14.3886
      vertex 8.52121 -6.52121 15.1
      vertex 8.52121 -6.52121 14.3886
    endloop
  endfacet
  facet normal 1 -0 0
    outer loop
      vertex 9.9 -7.9 -1
      vertex 9.9 -5.1 -1.2
      vertex 9.9 -5.1 -1
    endloop
  endfacet
  facet normal 1 0 0
    outer loop
      vertex 9.9 -5.1 -1.2
      vertex 9.9 -7.9 -1
      vertex 9.9 -7.9 -1.2
    endloop
  endfacet
  facet normal 0 0 1
    outer loop
      vertex 14 -9 0
      vertex 9.34853 -5.65147 0
      vertex 9.7 -6.5 0
    endloop
  endfacet
  facet normal 0 0 1
    outer loop
      vertex 9 9 0
      vertex 9.34853 -5.65147 0
      vertex 14 -9 0
    endloop
  endfacet
  facet normal 0 0 1
    outer loop
      vertex 9 9 0
      vertex 8.5 -5.3 0
      vertex 9.34853 -5.65147 0
    endloop
  endfacet
  facet normal -0 0 1
    outer loop
      vertex 4.65 4.65 0
      vertex 8.5 -5.3 0
      vertex 9 9 0
    endloop
  endfacet
  facet normal -0 0 1
    outer loop
      vertex 4.65 -4.65 0
      vertex 8.5 -5.3 0
      vertex 4.65 4.65 0
    endloop
  endfacet
  facet normal 0 0 1
    outer loop
      vertex 8.5 -5.3 0
      vertex 4.65 -4.65 0
      vertex 7.65147 -5.65147 0
    endloop
  endfacet
  facet normal 0 0 1
    outer loop
      vertex 9 9 0
      vertex -4.65 4.65 0
      vertex 4.65 4.65 0
    endloop
  endfacet
  facet normal 0 0 1
    outer loop
      vertex -4.65 4.65 0
      vertex -9 9 0
      vertex -4.65 -4.65 0
    endloop
  endfacet
  facet normal -0 0 1
    outer loop
      vertex -9 9 0
      vertex -4.65 4.65 0
      vertex 9 9 0
    endloop
  endfacet
  facet normal -0 0 1
    outer loop
      vertex 9.34853 -7.34853 0
      vertex 14 -9 0
      vertex 9.7 -6.5 0
    endloop
  endfacet
  facet normal -0 0 1
    outer loop
      vertex 8.5 -7.7 0
      vertex 14 -9 0
      vertex 9.34853 -7.34853 0
    endloop
  endfacet
  facet normal 0 0 1
    outer loop
      vertex 7.65147 -5.65147 0
      vertex 4.65 -4.65 0
      vertex 7.3 -6.5 0
    endloop
  endfacet
  facet normal 0 0 1
    outer loop
      vertex 4.65 -4.65 0
      vertex 7.65147 -7.34853 0
      vertex 7.3 -6.5 0
    endloop
  endfacet
  facet normal -0 0 1
    outer loop
      vertex -4.65 -4.65 0
      vertex 7.65147 -7.34853 0
      vertex 4.65 -4.65 0
    endloop
  endfacet
  facet normal 0 0 1
    outer loop
      vertex -9 -9 0
      vertex 7.65147 -7.34853 0
      vertex -4.65 -4.65 0
    endloop
  endfacet
  facet normal 0 0 1
    outer loop
      vertex 7.65147 -7.34853 0
      vertex -9 -9 0
      vertex 8.5 -7.7 0
    endloop
  endfacet
  facet normal 0 0 1
    outer loop
      vertex 8.5 -7.7 0
      vertex -9 -9 0
      vertex 14 -9 0
    endloop
  endfacet
  facet normal 0 0 1
    outer loop
      vertex -9 -9 0
      vertex -4.65 -4.65 0
      vertex -9 9 0
    endloop
  endfacet
  facet normal 0 0 -1
    outer loop
      vertex 7.1 -7.9 -1.2
      vertex 9.9 -5.1 -1.2
      vertex 9.9 -7.9 -1.2
    endloop
  endfacet
  facet normal -0 0 -1
    outer loop
      vertex 9.9 -5.1 -1.2
      vertex 7.1 -7.9 -1.2
      vertex 7.1 -5.1 -1.2
    endloop
  endfacet
  facet normal -1 0 0
    outer loop
      vertex 7.1 -7.9 -1.2
      vertex 7.1 -5.1 -1
      vertex 7.1 -5.1 -1.2
    endloop
  endfacet
  facet normal -1 -0 0
    outer loop
      vertex 7.1 -5.1 -1
      vertex 7.1 -7.9 -1.2
      vertex 7.1 -7.9 -1
    endloop
  endfacet
  facet normal 0 1 -0
    outer loop
      vertex 9.9 -5.1 -1.2
      vertex 7.1 -5.1 -1
      vertex 9.9 -5.1 -1
    endloop
  endfacet
  facet normal 0 1 0
    outer loop
      vertex 7.1 -5.1 -1
      vertex 9.9 -5.1 -1.2
      vertex 7.1 -5.1 -1.2
    endloop
  endfacet
  facet normal 0 -1 0
    outer loop
      vertex 7.1 -7.9 -1.2
      vertex 9.9 -7.9 -1
      vertex 7.1 -7.9 -1
    endloop
  endfacet
  facet normal 0 -1 -0
    outer loop
      vertex 9.9 -7.9 -1
      vertex 7.1 -7.9 -1.2
      vertex 9.9 -7.9 -1.2
    endloop
  endfacet
  facet normal -0.923881 -0.382681 0
    outer loop
      vertex 7.65147 -7.34853 0
      vertex 7.3 -6.5 10
      vertex 7.3 -6.5 0
    endloop
  endfacet
  facet normal -0.923881 -0.382681 0
    outer loop
      vertex 7.3 -6.5 10
      vertex 7.65147 -7.34853 0
      vertex 7.65147 -7.34853 10
    endloop
  endfacet
  facet normal 0.382681 0.923881 -0
    outer loop
      vertex 9.34853 -5.65147 0
      vertex 8.5 -5.3 10
      vertex 9.34853 -5.65147 10
    endloop
  endfacet
  facet normal 0.382681 0.923881 0
    outer loop
      vertex 8.5 -5.3 10
      vertex 9.34853 -5.65147 0
      vertex 8.5 -5.3 0
    endloop
  endfacet
  facet normal 0.923881 0.382681 0
    outer loop
      vertex 9.7 -6.5 10
      vertex 9.34853 -5.65147 0
      vertex 9.34853 -5.65147 10
    endloop
  endfacet
  facet normal 0.923881 0.382681 0
    outer loop
      vertex 9.34853 -5.65147 0
      vertex 9.7 -6.5 10
      vertex 9.7 -6.5 0
    endloop
  endfacet
  facet normal 0.923881 -0.382681 0
    outer loop
      vertex 9.34853 -7.34853 10
      vertex 9.7 -6.5 0
      vertex 9.7 -6.5 10
    endloop
  endfacet
  facet normal 0.923881 -0.382681 0
    outer loop
      vertex 9.7 -6.5 0
      vertex 9.34853 -7.34853 10
      vertex 9.34853 -7.34853 0
    endloop
  endfacet
  facet normal -0.382681 -0.923881 0
    outer loop
      vertex 7.65147 -7.34853 0
      vertex 8.5 -7.7 10
      vertex 7.65147 -7.34853 10
    endloop
  endfacet
  facet normal -0.382681 -0.923881 -0
    outer loop
      vertex 8.5 -7.7 10
      vertex 7.65147 -7.34853 0
      vertex 8.5 -7.7 0
    endloop
  endfacet
  facet normal -0.382681 0.923881 0
    outer loop
      vertex 8.5 -5.3 0
      vertex 7.65147 -5.65147 10
      vertex 8.5 -5.3 10
    endloop
  endfacet
  facet normal -0.382681 0.923881 0
    outer loop
      vertex 7.65147 -5.65147 10
      vertex 8.5 -5.3 0
      vertex 7.65147 -5.65147 0
    endloop
  endfacet
  facet normal -0.923881 0.382681 0
    outer loop
      vertex 7.3 -6.5 0
      vertex 7.65147 -5.65147 10
      vertex 7.65147 -5.65147 0
    endloop
  endfacet
  facet normal -0.923881 0.382681 0
    outer loop
      vertex 7.65147 -5.65147 10
      vertex 7.3 -6.5 0
      vertex 7.3 -6.5 10
    endloop
  endfacet
  facet normal 0.382681 -0.923881 0
    outer loop
      vertex 8.5 -7.7 0
      vertex 9.34853 -7.34853 10
      vertex 8.5 -7.7 10
    endloop
  endfacet
  facet normal 0.382681 -0.923881 0
    outer loop
      vertex 9.34853 -7.34853 10
      vertex 8.5 -7.7 0
      vertex 9.34853 -7.34853 0
    endloop
  endfacet
  facet normal 0 0 -1
    outer loop
      vertex 9.7 -6.5 10
      vertex 10.3 -6.5 10
      vertex 9.77279 -7.77279 10
    endloop
  endfacet
  facet normal 0 0 -1
    outer loop
      vertex 10.3 -6.5 10
      vertex 9.7 -6.5 10
      vertex 9.77279 -5.22721 10
    endloop
  endfacet
  facet normal 0 0 -1
    outer loop
      vertex 9.77279 -7.77279 10
      vertex 9.34853 -7.34853 10
      vertex 9.7 -6.5 10
    endloop
  endfacet
  facet normal 0 0 -1
    outer loop
      vertex 8.5 -8.3 10
      vertex 9.34853 -7.34853 10
      vertex 9.77279 -7.77279 10
    endloop
  endfacet
  facet normal 0 0 -1
    outer loop
      vertex 8.5 -8.3 10
      vertex 8.5 -7.7 10
      vertex 9.34853 -7.34853 10
    endloop
  endfacet
  facet normal 0 0 -1
    outer loop
      vertex 8.5 -8.3 10
      vertex 7.65147 -7.34853 10
      vertex 8.5 -7.7 10
    endloop
  endfacet
  facet normal -0 0 -1
    outer loop
      vertex 7.65147 -7.34853 10
      vertex 7.22721 -7.77279 10
      vertex 7.3 -6.5 10
    endloop
  endfacet
  facet normal 0 0 -1
    outer loop
      vertex 7.22721 -7.77279 10
      vertex 7.65147 -7.34853 10
      vertex 8.5 -8.3 10
    endloop
  endfacet
  facet normal 0 0 -1
    outer loop
      vertex 9.34853 -5.65147 10
      vertex 9.77279 -5.22721 10
      vertex 9.7 -6.5 10
    endloop
  endfacet
  facet normal 0 0 -1
    outer loop
      vertex 8.5 -5.3 10
      vertex 9.77279 -5.22721 10
      vertex 9.34853 -5.65147 10
    endloop
  endfacet
  facet normal 0 0 -1
    outer loop
      vertex 8.5 -5.3 10
      vertex 8.5 -4.7 10
      vertex 9.77279 -5.22721 10
    endloop
  endfacet
  facet normal 0 0 -1
    outer loop
      vertex 7.65147 -5.65147 10
      vertex 8.5 -4.7 10
      vertex 8.5 -5.3 10
    endloop
  endfacet
  facet normal 0 0 -1
    outer loop
      vertex 7.65147 -5.65147 10
      vertex 7.22721 -5.22721 10
      vertex 8.5 -4.7 10
    endloop
  endfacet
  facet normal 0 0 -1
    outer loop
      vertex 7.3 -6.5 10
      vertex 7.22721 -5.22721 10
      vertex 7.65147 -5.65147 10
    endloop
  endfacet
  facet normal 0 0 -1
    outer loop
      vertex 6.7 -6.5 10
      vertex 7.3 -6.5 10
      vertex 7.22721 -7.77279 10
    endloop
  endfacet
  facet normal 0 0 -1
    outer loop
      vertex 7.3 -6.5 10
      vertex 6.7 -6.5 10
      vertex 7.22721 -5.22721 10
    endloop
  endfacet
  facet normal 0 0 1
    outer loop
      vertex 9.4 -6.5 10.4
      vertex 10.3 -6.5 10.4
      vertex 9.77279 -5.22721 10.4
    endloop
  endfacet
  facet normal 0 0 1
    outer loop
      vertex 10.3 -6.5 10.4
      vertex 9.4 -6.5 10.4
      vertex 9.77279 -7.77279 10.4
    endloop
  endfacet
  facet normal 0 0 1
    outer loop
      vertex 9.77279 -5.22721 10.4
      vertex 9.1364 -5.8636 10.4
      vertex 9.4 -6.5 10.4
    endloop
  endfacet
  facet normal 0 0 1
    outer loop
      vertex 8.5 -4.7 10.4
      vertex 9.1364 -5.8636 10.4
      vertex 9.77279 -5.22721 10.4
    endloop
  endfacet
  facet normal 0 0 1
    outer loop
      vertex 8.5 -4.7 10.4
      vertex 8.5 -5.6 10.4
      vertex 9.1364 -5.8636 10.4
    endloop
  endfacet
  facet normal 0 0 1
    outer loop
      vertex 8.5 -4.7 10.4
      vertex 7.8636 -5.8636 10.4
      vertex 8.5 -5.6 10.4
    endloop
  endfacet
  facet normal 0 0 1
    outer loop
      vertex 7.8636 -5.8636 10.4
      vertex 7.22721 -5.22721 10.4
      vertex 7.6 -6.5 10.4
    endloop
  endfacet
  facet normal -0 0 1
    outer loop
      vertex 7.22721 -5.22721 10.4
      vertex 7.8636 -5.8636 10.4
      vertex 8.5 -4.7 10.4
    endloop
  endfacet
  facet normal -0 0 1
    outer loop
      vertex 9.1364 -7.1364 10.4
      vertex 9.77279 -7.77279 10.4
      vertex 9.4 -6.5 10.4
    endloop
  endfacet
  facet normal -0 0 1
    outer loop
      vertex 8.5 -7.4 10.4
      vertex 9.77279 -7.77279 10.4
      vertex 9.1364 -7.1364 10.4
    endloop
  endfacet
  facet normal 0 0 1
    outer loop
      vertex 8.5 -7.4 10.4
      vertex 8.5 -8.3 10.4
      vertex 9.77279 -7.77279 10.4
    endloop
  endfacet
  facet normal 0 0 1
    outer loop
      vertex 7.8636 -7.1364 10.4
      vertex 8.5 -8.3 10.4
      vertex 8.5 -7.4 10.4
    endloop
  endfacet
  facet normal 0 0 1
    outer loop
      vertex 7.8636 -7.1364 10.4
      vertex 7.22721 -7.77279 10.4
      vertex 8.5 -8.3 10.4
    endloop
  endfacet
  facet normal 0 0 1
    outer loop
      vertex 7.6 -6.5 10.4
      vertex 7.22721 -7.77279 10.4
      vertex 7.8636 -7.1364 10.4
    endloop
  endfacet
  facet normal 0 0 1
    outer loop
      vertex 6.7 -6.5 10.4
      vertex 7.6 -6.5 10.4
      vertex 7.22721 -5.22721 10.4
    endloop
  endfacet
  facet normal 0 0 1
    outer loop
      vertex 7.6 -6.5 10.4
      vertex 6.7 -6.5 10.4
      vertex 7.22721 -7.77279 10.4
    endloop
  endfacet
  facet normal 0.923879 -0.382685 0
    outer loop
      vertex 9.77279 -7.77279 10.4
      vertex 10.3 -6.5 10
      vertex 10.3 -6.5 10.4
    endloop
  endfacet
  facet normal 0.923879 -0.382685 0
    outer loop
      vertex 10.3 -6.5 10
      vertex 9.77279 -7.77279 10.4
      vertex 9.77279 -7.77279 10
    endloop
  endfacet
  facet normal 0.382685 0.923879 -0
    outer loop
      vertex 9.77279 -5.22721 10
      vertex 8.5 -4.7 10.4
      vertex 9.77279 -5.22721 10.4
    endloop
  endfacet
  facet normal 0.382685 0.923879 0
    outer loop
      vertex 8.5 -4.7 10.4
      vertex 9.77279 -5.22721 10
      vertex 8.5 -4.7 10
    endloop
  endfacet
  facet normal 0.923879 0.382685 0
    outer loop
      vertex 10.3 -6.5 10.4
      vertex 9.77279 -5.22721 10
      vertex 9.77279 -5.22721 10.4
    endloop
  endfacet
  facet normal 0.923879 0.382685 0
    outer loop
      vertex 9.77279 -5.22721 10
      vertex 10.3 -6.5 10.4
      vertex 10.3 -6.5 10
    endloop
  endfacet
  facet normal -0.382685 0.923879 0
    outer loop
      vertex 8.5 -4.7 10
      vertex 7.22721 -5.22721 10.4
      vertex 8.5 -4.7 10.4
    endloop
  endfacet
  facet normal -0.382685 0.923879 0
    outer loop
      vertex 7.22721 -5.22721 10.4
      vertex 8.5 -4.7 10
      vertex 7.22721 -5.22721 10
    endloop
  endfacet
  facet normal -0.923879 0.382685 0
    outer loop
      vertex 6.7 -6.5 10
      vertex 7.22721 -5.22721 10.4
      vertex 7.22721 -5.22721 10
    endloop
  endfacet
  facet normal -0.923879 0.382685 0
    outer loop
      vertex 7.22721 -5.22721 10.4
      vertex 6.7 -6.5 10
      vertex 6.7 -6.5 10.4
    endloop
  endfacet
  facet normal 0.382685 -0.923879 0
    outer loop
      vertex 8.5 -8.3 10
      vertex 9.77279 -7.77279 10.4
      vertex 8.5 -8.3 10.4
    endloop
  endfacet
  facet normal 0.382685 -0.923879 0
    outer loop
      vertex 9.77279 -7.77279 10.4
      vertex 8.5 -8.3 10
      vertex 9.77279 -7.77279 10
    endloop
  endfacet
  facet normal -0.923879 -0.382685 0
    outer loop
      vertex 7.22721 -7.77279 10
      vertex 6.7 -6.5 10.4
      vertex 6.7 -6.5 10
    endloop
  endfacet
  facet normal -0.923879 -0.382685 0
    outer loop
      vertex 6.7 -6.5 10.4
      vertex 7.22721 -7.77279 10
      vertex 7.22721 -7.77279 10.4
    endloop
  endfacet
  facet normal -0.382685 -0.923879 0
    outer loop
      vertex 7.22721 -7.77279 10
      vertex 8.5 -8.3 10.4
      vertex 7.22721 -7.77279 10.4
    endloop
  endfacet
  facet normal -0.382685 -0.923879 -0
    outer loop
      vertex 8.5 -8.3 10.4
      vertex 7.22721 -7.77279 10
      vertex 8.5 -8.3 10
    endloop
  endfacet
  facet normal -0.923732 -0.383039 0
    outer loop
      vertex 7.6 -6.5 10.4
      vertex 7.60328 -6.50791 11.369
      vertex 7.6 -6.5 11.3675
    endloop
  endfacet
  facet normal -0.924248 -0.381793 1.19182e-05
    outer loop
      vertex 7.6 -6.5 10.4
      vertex 7.6053 -6.5128 11.37
      vertex 7.60328 -6.50791 11.369
    endloop
  endfacet
  facet normal -0.923881 -0.38268 -1.79443e-06
    outer loop
      vertex 7.6 -6.5 10.4
      vertex 7.60839 -6.52026 11.3722
      vertex 7.6053 -6.5128 11.37
    endloop
  endfacet
  facet normal -0.923971 -0.382462 3.52663e-06
    outer loop
      vertex 7.6 -6.5 10.4
      vertex 7.61041 -6.52514 11.3736
      vertex 7.60839 -6.52026 11.3722
    endloop
  endfacet
  facet normal -0.923543 -0.383494 -2.76821e-05
    outer loop
      vertex 7.6 -6.5 10.4
      vertex 7.6133 -6.5321 11.3764
      vertex 7.61041 -6.52514 11.3736
    endloop
  endfacet
  facet normal -0.924043 -0.382289 1.8738e-05
    outer loop
      vertex 7.6 -6.5 10.4
      vertex 7.61529 -6.53691 11.3783
      vertex 7.6133 -6.5321 11.3764
    endloop
  endfacet
  facet normal -0.924117 -0.382111 2.66149e-05
    outer loop
      vertex 7.6 -6.5 10.4
      vertex 7.61725 -6.54165 11.3807
      vertex 7.61529 -6.53691 11.3783
    endloop
  endfacet
  facet normal -0.923713 -0.383085 -2.18524e-05
    outer loop
      vertex 7.6 -6.5 10.4
      vertex 7.6199 -6.54804 11.384
      vertex 7.61725 -6.54165 11.3807
    endloop
  endfacet
  facet normal -0.923882 -0.382677 1.49894e-06
    outer loop
      vertex 7.8636 -7.1364 10.4
      vertex 7.6199 -6.54804 11.384
      vertex 7.6 -6.5 10.4
    endloop
  endfacet
  facet normal -0.924035 -0.382308 -0.000256433
    outer loop
      vertex 7.6199 -6.54804 11.384
      vertex 7.8636 -7.1364 10.4
      vertex 7.62234 -6.55394 11.3878
    endloop
  endfacet
  facet normal -0.923469 -0.383673 0.000686207
    outer loop
      vertex 7.62234 -6.55394 11.3878
      vertex 7.8636 -7.1364 10.4
      vertex 7.62422 -6.55846 11.3906
    endloop
  endfacet
  facet normal -0.923976 -0.382451 -0.000148888
    outer loop
      vertex 7.62422 -6.55846 11.3906
      vertex 7.8636 -7.1364 10.4
      vertex 7.62602 -6.56281 11.394
    endloop
  endfacet
  facet normal -0.924036 -0.382306 -0.000247094
    outer loop
      vertex 7.62602 -6.56281 11.394
      vertex 7.8636 -7.1364 10.4
      vertex 7.62822 -6.56813 11.398
    endloop
  endfacet
  facet normal -0.923802 -0.382871 0.000129915
    outer loop
      vertex 7.62822 -6.56813 11.398
      vertex 7.8636 -7.1364 10.4
      vertex 7.63021 -6.57293 11.4025
    endloop
  endfacet
  facet normal -0.923751 -0.382993 0.000210472
    outer loop
      vertex 7.63021 -6.57293 11.4025
      vertex 7.8636 -7.1364 10.4
      vertex 7.63189 -6.57698 11.4062
    endloop
  endfacet
  facet normal -0.923966 -0.382474 -0.000128075
    outer loop
      vertex 7.63189 -6.57698 11.4062
      vertex 7.8636 -7.1364 10.4
      vertex 7.63345 -6.58075 11.4104
    endloop
  endfacet
  facet normal -0.923984 -0.382432 -0.00015517
    outer loop
      vertex 7.63345 -6.58075 11.4104
      vertex 7.8636 -7.1364 10.4
      vertex 7.6352 -6.58498 11.415
    endloop
  endfacet
  facet normal -0.923926 -0.382572 -6.57812e-05
    outer loop
      vertex 7.6352 -6.58498 11.415
      vertex 7.8636 -7.1364 10.4
      vertex 7.63674 -6.5887 11.4199
    endloop
  endfacet
  facet normal -0.923787 -0.382907 0.000145288
    outer loop
      vertex 7.63674 -6.5887 11.4199
      vertex 7.8636 -7.1364 10.4
      vertex 7.63815 -6.5921 11.4244
    endloop
  endfacet
  facet normal -0.923836 -0.38279 7.19094e-05
    outer loop
      vertex 7.63815 -6.5921 11.4244
      vertex 7.8636 -7.1364 10.4
      vertex 7.63941 -6.59514 11.4293
    endloop
  endfacet
  facet normal -0.924286 -0.381701 -0.000598767
    outer loop
      vertex 7.63941 -6.59514 11.4293
      vertex 7.8636 -7.1364 10.4
      vertex 7.64072 -6.59832 11.4343
    endloop
  endfacet
  facet normal -0.923885 -0.38267 -8.22714e-06
    outer loop
      vertex 7.64072 -6.59832 11.4343
      vertex 7.8636 -7.1364 10.4
      vertex 7.64183 -6.601 11.4395
    endloop
  endfacet
  facet normal -0.923323 -0.384023 0.000808437
    outer loop
      vertex 7.64183 -6.601 11.4395
      vertex 7.8636 -7.1364 10.4
      vertex 7.64292 -6.60361 11.4446
    endloop
  endfacet
  facet normal -0.92408 -0.382199 -0.000281726
    outer loop
      vertex 7.64292 -6.60361 11.4446
      vertex 7.8636 -7.1364 10.4
      vertex 7.64382 -6.60579 11.45
    endloop
  endfacet
  facet normal -0.923523 -0.383542 0.000513405
    outer loop
      vertex 7.64382 -6.60579 11.45
      vertex 7.8636 -7.1364 10.4
      vertex 7.64472 -6.60795 11.4553
    endloop
  endfacet
  facet normal -0.924321 -0.381615 -0.000616922
    outer loop
      vertex 7.64472 -6.60795 11.4553
      vertex 7.8636 -7.1364 10.4
      vertex 7.64541 -6.60963 11.4607
    endloop
  endfacet
  facet normal -0.924061 -0.382245 -0.000250525
    outer loop
      vertex 7.64541 -6.60963 11.4607
      vertex 7.8636 -7.1364 10.4
      vertex 7.64612 -6.61135 11.4662
    endloop
  endfacet
  facet normal -0.923365 -0.383922 0.000717058
    outer loop
      vertex 7.64612 -6.61135 11.4662
      vertex 7.8636 -7.1364 10.4
      vertex 7.64664 -6.61259 11.4719
    endloop
  endfacet
  facet normal -0.924129 -0.382081 -0.000336945
    outer loop
      vertex 7.64664 -6.61259 11.4719
      vertex 7.8636 -7.1364 10.4
      vertex 7.64713 -6.61378 11.4774
    endloop
  endfacet
  facet normal -0.923943 -0.38253 -8.18957e-05
    outer loop
      vertex 7.64713 -6.61378 11.4774
      vertex 7.8636 -7.1364 10.4
      vertex 7.64744 -6.61453 11.4832
    endloop
  endfacet
  facet normal -0.923908 -0.382614 -0.000218029
    outer loop
      vertex 7.6 -6.5 13.2
      vertex 7.66851 -6.66539 13.1246
      vertex 7.66663 -6.66086 13.1416
    endloop
  endfacet
  facet normal -0.923936 -0.382547 5.35924e-06
    outer loop
      vertex 7.64784 -6.61549 11.5055
      vertex 7.67949 -6.69191 13.0647
      vertex 7.66851 -6.66539 13.1246
    endloop
  endfacet
  facet normal -0.924268 -0.381744 -0.000518805
    outer loop
      vertex 7.8636 -7.1364 10.4
      vertex 7.64793 -6.61572 11.5
      vertex 7.64783 -6.61547 11.4942
    endloop
  endfacet
  facet normal -0.923349 -0.383962 0.000718516
    outer loop
      vertex 7.8636 -7.1364 10.4
      vertex 7.64783 -6.61547 11.4942
      vertex 7.64773 -6.61524 11.4886
    endloop
  endfacet
  facet normal -0.923766 -0.382958 -1.82405e-05
    outer loop
      vertex 7.64784 -6.61549 11.5055
      vertex 7.6867 -6.7093 13.0254
      vertex 7.67949 -6.69191 13.0647
    endloop
  endfacet
  facet normal -0.923952 -0.382507 1.43298e-05
    outer loop
      vertex 7.64784 -6.61549 11.5055
      vertex 7.69464 -6.72848 13.0039
      vertex 7.6867 -6.7093 13.0254
    endloop
  endfacet
  facet normal -0.923962 -0.382484 1.64312e-05
    outer loop
      vertex 7.64784 -6.61549 11.5055
      vertex 7.70046 -6.74254 12.9882
      vertex 7.69464 -6.72848 13.0039
    endloop
  endfacet
  facet normal -0.923844 -0.382769 -1.22372e-05
    outer loop
      vertex 7.64784 -6.61549 11.5055
      vertex 7.71758 -6.78386 12.9727
      vertex 7.70046 -6.74254 12.9882
    endloop
  endfacet
  facet normal -0.924285 -0.381702 -0.00054916
    outer loop
      vertex 7.64744 -6.61453 11.4832
      vertex 7.8636 -7.1364 10.4
      vertex 7.64773 -6.61524 11.4886
    endloop
  endfacet
  facet normal -0.923917 -0.382593 1.1434e-05
    outer loop
      vertex 7.64784 -6.61549 11.5055
      vertex 7.7318 -6.8182 12.9599
      vertex 7.71758 -6.78386 12.9727
    endloop
  endfacet
  facet normal -0.923885 -0.382671 0
    outer loop
      vertex 7.64784 -6.61549 11.5055
      vertex 7.8636 -7.1364 10.4
      vertex 7.8636 -7.1364 13.2
    endloop
  endfacet
  facet normal -0.923879 -0.382686 -3.6967e-06
    outer loop
      vertex 7.64784 -6.61549 11.5055
      vertex 7.74602 -6.85253 12.9727
      vertex 7.7318 -6.8182 12.9599
    endloop
  endfacet
  facet normal -0.923874 -0.382696 -5.60177e-06
    outer loop
      vertex 7.64784 -6.61549 11.5055
      vertex 7.76314 -6.89386 12.9882
      vertex 7.74602 -6.85253 12.9727
    endloop
  endfacet
  facet normal -0.923884 -0.382673 -5.7832e-07
    outer loop
      vertex 7.64784 -6.61549 11.5055
      vertex 7.8636 -7.1364 13.2
      vertex 7.76314 -6.89386 12.9882
    endloop
  endfacet
  facet normal -0.923954 -0.382504 0.000226251
    outer loop
      vertex 7.76314 -6.89386 12.9882
      vertex 7.8636 -7.1364 13.2
      vertex 7.77691 -6.9271 13.0254
    endloop
  endfacet
  facet normal -0.923857 -0.382738 -0.0001031
    outer loop
      vertex 7.77691 -6.9271 13.0254
      vertex 7.8636 -7.1364 13.2
      vertex 7.78411 -6.94449 13.0647
    endloop
  endfacet
  facet normal -0.923935 -0.382549 0.000211573
    outer loop
      vertex 7.78411 -6.94449 13.0647
      vertex 7.8636 -7.1364 13.2
      vertex 7.7951 -6.971 13.1246
    endloop
  endfacet
  facet normal -0.923899 -0.382637 -1.42168e-05
    outer loop
      vertex 7.7951 -6.971 13.1246
      vertex 7.8636 -7.1364 13.2
      vertex 7.79698 -6.97554 13.1416
    endloop
  endfacet
  facet normal -0.923901 -0.382632 0
    outer loop
      vertex 7.79698 -6.97554 13.1416
      vertex 7.8636 -7.1364 13.2
      vertex 7.79698 -6.97554 13.2
    endloop
  endfacet
  facet normal -0.923735 -0.383032 -4.33176e-05
    outer loop
      vertex 7.66851 -6.66539 13.1246
      vertex 7.6 -6.5 11.6325
      vertex 7.60328 -6.50791 11.631
    endloop
  endfacet
  facet normal -0.924239 -0.381814 0.000107163
    outer loop
      vertex 7.66851 -6.66539 13.1246
      vertex 7.60328 -6.50791 11.631
      vertex 7.6053 -6.5128 11.63
    endloop
  endfacet
  facet normal -0.923881 -0.382681 3.49912e-06
    outer loop
      vertex 7.66851 -6.66539 13.1246
      vertex 7.6053 -6.5128 11.63
      vertex 7.60839 -6.52026 11.6278
    endloop
  endfacet
  facet normal -0.923968 -0.38247 2.7445e-05
    outer loop
      vertex 7.66851 -6.66539 13.1246
      vertex 7.60839 -6.52026 11.6278
      vertex 7.61041 -6.52514 11.6264
    endloop
  endfacet
  facet normal -0.923559 -0.383457 -8.07888e-05
    outer loop
      vertex 7.66851 -6.66539 13.1246
      vertex 7.61041 -6.52514 11.6264
      vertex 7.6133 -6.5321 11.6236
    endloop
  endfacet
  facet normal -0.924035 -0.382308 3.87021e-05
    outer loop
      vertex 7.66851 -6.66539 13.1246
      vertex 7.6133 -6.5321 11.6236
      vertex 7.61529 -6.53691 11.6217
    endloop
  endfacet
  facet normal -0.924102 -0.382147 5.48631e-05
    outer loop
      vertex 7.66851 -6.66539 13.1246
      vertex 7.61529 -6.53691 11.6217
      vertex 7.61725 -6.54165 11.6192
    endloop
  endfacet
  facet normal -0.923723 -0.383061 -3.31658e-05
    outer loop
      vertex 7.66851 -6.66539 13.1246
      vertex 7.61725 -6.54165 11.6192
      vertex 7.6199 -6.54804 11.616
    endloop
  endfacet
  facet normal -0.924083 -0.382193 4.59734e-05
    outer loop
      vertex 7.66851 -6.66539 13.1246
      vertex 7.6199 -6.54804 11.616
      vertex 7.62234 -6.55394 11.6122
    endloop
  endfacet
  facet normal -0.923342 -0.383978 -0.000108195
    outer loop
      vertex 7.66851 -6.66539 13.1246
      vertex 7.62234 -6.55394 11.6122
      vertex 7.62422 -6.55846 11.6094
    endloop
  endfacet
  facet normal -0.92401 -0.382368 2.49115e-05
    outer loop
      vertex 7.66851 -6.66539 13.1246
      vertex 7.62422 -6.55846 11.6094
      vertex 7.62602 -6.56281 11.606
    endloop
  endfacet
  facet normal -0.924091 -0.382173 4.0363e-05
    outer loop
      vertex 7.66851 -6.66539 13.1246
      vertex 7.62602 -6.56281 11.606
      vertex 7.62822 -6.56813 11.602
    endloop
  endfacet
  facet normal -0.923765 -0.38296 -1.85322e-05
    outer loop
      vertex 7.66851 -6.66539 13.1246
      vertex 7.62822 -6.56813 11.602
      vertex 7.63021 -6.57293 11.5975
    endloop
  endfacet
  facet normal -0.923693 -0.383133 -3.08235e-05
    outer loop
      vertex 7.66851 -6.66539 13.1246
      vertex 7.63021 -6.57293 11.5975
      vertex 7.63189 -6.57698 11.5938
    endloop
  endfacet
  facet normal -0.924009 -0.382372 2.07293e-05
    outer loop
      vertex 7.66851 -6.66539 13.1246
      vertex 7.63189 -6.57698 11.5938
      vertex 7.63345 -6.58075 11.5896
    endloop
  endfacet
  facet normal -0.924034 -0.38231 2.46771e-05
    outer loop
      vertex 7.66851 -6.66539 13.1246
      vertex 7.63345 -6.58075 11.5896
      vertex 7.6352 -6.58498 11.585
    endloop
  endfacet
  facet normal -0.923951 -0.382512 1.23469e-05
    outer loop
      vertex 7.66851 -6.66539 13.1246
      vertex 7.6352 -6.58498 11.585
      vertex 7.63674 -6.5887 11.5801
    endloop
  endfacet
  facet normal -0.923728 -0.38305 -1.89651e-05
    outer loop
      vertex 7.66851 -6.66539 13.1246
      vertex 7.63674 -6.5887 11.5801
      vertex 7.63815 -6.5921 11.5756
    endloop
  endfacet
  facet normal -0.9238 -0.382876 -9.29618e-06
    outer loop
      vertex 7.66851 -6.66539 13.1246
      vertex 7.63815 -6.5921 11.5756
      vertex 7.63941 -6.59514 11.5707
    endloop
  endfacet
  facet normal -0.924568 -0.381016 8.91788e-05
    outer loop
      vertex 7.66851 -6.66539 13.1246
      vertex 7.63941 -6.59514 11.5707
      vertex 7.64072 -6.59832 11.5657
    endloop
  endfacet
  facet normal -0.923887 -0.382666 6.02098e-06
    outer loop
      vertex 7.66851 -6.66539 13.1246
      vertex 7.64072 -6.59832 11.5657
      vertex 7.64183 -6.601 11.5605
    endloop
  endfacet
  facet normal -0.922843 -0.385177 -0.000115139
    outer loop
      vertex 7.66851 -6.66539 13.1246
      vertex 7.64183 -6.601 11.5605
      vertex 7.64292 -6.60361 11.5554
    endloop
  endfacet
  facet normal -0.924287 -0.381699 4.53469e-05
    outer loop
      vertex 7.66851 -6.66539 13.1246
      vertex 7.64292 -6.60361 11.5554
      vertex 7.64382 -6.60579 11.55
    endloop
  endfacet
  facet normal -0.923144 -0.384455 -7.68911e-05
    outer loop
      vertex 7.66851 -6.66539 13.1246
      vertex 7.64382 -6.60579 11.55
      vertex 7.64472 -6.60795 11.5447
    endloop
  endfacet
  facet normal -0.924902 -0.380205 0.000104084
    outer loop
      vertex 7.66851 -6.66539 13.1246
      vertex 7.64472 -6.60795 11.5447
      vertex 7.64541 -6.60963 11.5393
    endloop
  endfacet
  facet normal -0.924295 -0.381679 4.33902e-05
    outer loop
      vertex 7.66851 -6.66539 13.1246
      vertex 7.64541 -6.60963 11.5393
      vertex 7.64612 -6.61135 11.5338
    endloop
  endfacet
  facet normal -0.922418 -0.386193 -0.000136384
    outer loop
      vertex 7.66851 -6.66539 13.1246
      vertex 7.64612 -6.61135 11.5338
      vertex 7.64664 -6.61259 11.5281
    endloop
  endfacet
  facet normal -0.924573 -0.381006 6.47131e-05
    outer loop
      vertex 7.66851 -6.66539 13.1246
      vertex 7.64664 -6.61259 11.5281
      vertex 7.64713 -6.61378 11.5226
    endloop
  endfacet
  facet normal -0.924107 -0.382135 2.21046e-05
    outer loop
      vertex 7.66851 -6.66539 13.1246
      vertex 7.64713 -6.61378 11.5226
      vertex 7.64744 -6.61453 11.5168
    endloop
  endfacet
  facet normal -0.925383 -0.379034 0.000136926
    outer loop
      vertex 7.66851 -6.66539 13.1246
      vertex 7.64744 -6.61453 11.5168
      vertex 7.64773 -6.61524 11.5113
    endloop
  endfacet
  facet normal -0.923155 -0.384427 0.000969886
    outer loop
      vertex 7.8636 -7.1364 10.4
      vertex 7.64784 -6.61549 11.5055
      vertex 7.64793 -6.61572 11.5
    endloop
  endfacet
  facet normal -0.918917 -0.39445 -0.000425575
    outer loop
      vertex 7.66851 -6.66539 13.1246
      vertex 7.64773 -6.61524 11.5113
      vertex 7.64784 -6.61549 11.5055
    endloop
  endfacet
  facet normal -0.923873 -0.382699 0
    outer loop
      vertex 7.66851 -6.66539 13.1246
      vertex 7.6 -6.5 13.2
      vertex 7.6 -6.5 11.6325
    endloop
  endfacet
  facet normal -0.92388 -0.382682 0
    outer loop
      vertex 7.6 -6.5 13.2
      vertex 7.66663 -6.66086 13.1416
      vertex 7.66663 -6.66086 13.2
    endloop
  endfacet
  facet normal 0.382632 0.923901 0
    outer loop
      vertex 9.1364 -5.8636 13.2
      vertex 8.97554 -5.79698 13.1416
      vertex 8.97554 -5.79698 13.2
    endloop
  endfacet
  facet normal 0.382637 0.923899 -1.42168e-05
    outer loop
      vertex 9.1364 -5.8636 13.2
      vertex 8.971 -5.7951 13.1246
      vertex 8.97554 -5.79698 13.1416
    endloop
  endfacet
  facet normal 0.382549 0.923935 0.000211573
    outer loop
      vertex 9.1364 -5.8636 13.2
      vertex 8.94449 -5.78411 13.0647
      vertex 8.971 -5.7951 13.1246
    endloop
  endfacet
  facet normal 0.382738 0.923857 -0.0001031
    outer loop
      vertex 9.1364 -5.8636 13.2
      vertex 8.9271 -5.77691 13.0254
      vertex 8.94449 -5.78411 13.0647
    endloop
  endfacet
  facet normal 0.382504 0.923954 0.000226251
    outer loop
      vertex 9.1364 -5.8636 13.2
      vertex 8.89386 -5.76314 12.9882
      vertex 8.9271 -5.77691 13.0254
    endloop
  endfacet
  facet normal 0.382685 0.923879 -2.0003e-06
    outer loop
      vertex 8.56813 -5.62822 11.602
      vertex 8.8182 -5.7318 12.9599
      vertex 8.85253 -5.74602 12.9727
    endloop
  endfacet
  facet normal 0.382696 0.923874 -7.41463e-06
    outer loop
      vertex 8.57698 -5.63189 11.5938
      vertex 8.85253 -5.74602 12.9727
      vertex 8.89386 -5.76314 12.9882
    endloop
  endfacet
  facet normal 0.382675 0.923883 -2.97314e-06
    outer loop
      vertex 8.60795 -5.64472 11.5447
      vertex 8.89386 -5.76314 12.9882
      vertex 9.1364 -5.8636 13.2
    endloop
  endfacet
  facet normal 0.383024 0.923739 -9.74479e-05
    outer loop
      vertex 8.8182 -5.7318 12.9599
      vertex 8.50791 -5.60328 11.631
      vertex 8.5 -5.6 11.6325
    endloop
  endfacet
  facet normal 0.381835 0.92423 0.000227643
    outer loop
      vertex 8.8182 -5.7318 12.9599
      vertex 8.5128 -5.6053 11.63
      vertex 8.50791 -5.60328 11.631
    endloop
  endfacet
  facet normal 0.38268 0.923881 3.48867e-07
    outer loop
      vertex 8.8182 -5.7318 12.9599
      vertex 8.52026 -5.60839 11.6278
      vertex 8.5128 -5.6053 11.63
    endloop
  endfacet
  facet normal 0.382476 0.923965 5.36928e-05
    outer loop
      vertex 8.8182 -5.7318 12.9599
      vertex 8.52514 -5.61041 11.6264
      vertex 8.52026 -5.60839 11.6278
    endloop
  endfacet
  facet normal 0.38342 0.923574 -0.000189163
    outer loop
      vertex 8.8182 -5.7318 12.9599
      vertex 8.5321 -5.6133 11.6236
      vertex 8.52514 -5.61041 11.6264
    endloop
  endfacet
  facet normal 0.382324 0.924028 8.5627e-05
    outer loop
      vertex 8.8182 -5.7318 12.9599
      vertex 8.53691 -5.61529 11.6217
      vertex 8.5321 -5.6133 11.6236
    endloop
  endfacet
  facet normal 0.382177 0.924089 0.000121834
    outer loop
      vertex 8.8182 -5.7318 12.9599
      vertex 8.54165 -5.61725 11.6192
      vertex 8.53691 -5.61529 11.6217
    endloop
  endfacet
  facet normal 0.383038 0.923732 -8.62942e-05
    outer loop
      vertex 8.8182 -5.7318 12.9599
      vertex 8.54804 -5.6199 11.616
      vertex 8.54165 -5.61725 11.6192
    endloop
  endfacet
  facet normal 0.382225 0.924069 0.000105206
    outer loop
      vertex 8.8182 -5.7318 12.9599
      vertex 8.55394 -5.62234 11.6122
      vertex 8.54804 -5.6199 11.616
    endloop
  endfacet
  facet normal 0.383889 0.923379 -0.000277033
    outer loop
      vertex 8.8182 -5.7318 12.9599
      vertex 8.55846 -5.62422 11.6094
      vertex 8.55394 -5.62234 11.6122
    endloop
  endfacet
  facet normal 0.382392 0.924 6.02984e-05
    outer loop
      vertex 8.8182 -5.7318 12.9599
      vertex 8.56281 -5.62602 11.606
      vertex 8.55846 -5.62422 11.6094
    endloop
  endfacet
  facet normal 0.382212 0.924075 0.000100179
    outer loop
      vertex 8.8182 -5.7318 12.9599
      vertex 8.56813 -5.62822 11.602
      vertex 8.56281 -5.62602 11.606
    endloop
  endfacet
  facet normal 0.382926 0.923779 -6.06515e-05
    outer loop
      vertex 8.85253 -5.74602 12.9727
      vertex 8.57293 -5.63021 11.5975
      vertex 8.56813 -5.62822 11.602
    endloop
  endfacet
  facet normal 0.383081 0.923715 -9.75595e-05
    outer loop
      vertex 8.85253 -5.74602 12.9727
      vertex 8.57698 -5.63189 11.5938
      vertex 8.57293 -5.63021 11.5975
    endloop
  endfacet
  facet normal 0.382416 0.92399 6.72818e-05
    outer loop
      vertex 8.89386 -5.76314 12.9882
      vertex 8.58075 -5.63345 11.5896
      vertex 8.57698 -5.63189 11.5938
    endloop
  endfacet
  facet normal 0.382363 0.924012 8.11671e-05
    outer loop
      vertex 8.89386 -5.76314 12.9882
      vertex 8.58498 -5.6352 11.585
      vertex 8.58075 -5.63345 11.5896
    endloop
  endfacet
  facet normal 0.382538 0.92394 3.5896e-05
    outer loop
      vertex 8.89386 -5.76314 12.9882
      vertex 8.5887 -5.63674 11.5801
      vertex 8.58498 -5.6352 11.585
    endloop
  endfacet
  facet normal 0.382984 0.923755 -7.73099e-05
    outer loop
      vertex 8.89386 -5.76314 12.9882
      vertex 8.5921 -5.63815 11.5756
      vertex 8.5887 -5.63674 11.5801
    endloop
  endfacet
  facet normal 0.382834 0.923817 -3.96864e-05
    outer loop
      vertex 8.89386 -5.76314 12.9882
      vertex 8.59514 -5.63941 11.5707
      vertex 8.5921 -5.63815 11.5756
    endloop
  endfacet
  facet normal 0.381339 0.924435 0.000329369
    outer loop
      vertex 8.89386 -5.76314 12.9882
      vertex 8.59832 -5.64072 11.5657
      vertex 8.59514 -5.63941 11.5707
    endloop
  endfacet
  facet normal 0.382667 0.923886 6.25239e-06
    outer loop
      vertex 8.89386 -5.76314 12.9882
      vertex 8.601 -5.64183 11.5605
      vertex 8.59832 -5.64072 11.5657
    endloop
  endfacet
  facet normal 0.384604 0.923082 -0.000459482
    outer loop
      vertex 8.89386 -5.76314 12.9882
      vertex 8.60361 -5.64292 11.5554
      vertex 8.601 -5.64183 11.5605
    endloop
  endfacet
  facet normal 0.381959 0.924179 0.000168371
    outer loop
      vertex 8.89386 -5.76314 12.9882
      vertex 8.60579 -5.64382 11.55
      vertex 8.60361 -5.64292 11.5554
    endloop
  endfacet
  facet normal 0.383977 0.923343 -0.000305264
    outer loop
      vertex 8.89386 -5.76314 12.9882
      vertex 8.60795 -5.64472 11.5447
      vertex 8.60579 -5.64382 11.55
    endloop
  endfacet
  facet normal 0.381312 0.924446 0.000506625
    outer loop
      vertex 9.1364 -5.8636 13.2
      vertex 8.60963 -5.64541 11.5393
      vertex 8.60795 -5.64472 11.5447
    endloop
  endfacet
  facet normal 0.382122 0.924112 0.000205601
    outer loop
      vertex 9.1364 -5.8636 13.2
      vertex 8.61135 -5.64612 11.5338
      vertex 8.60963 -5.64541 11.5393
    endloop
  endfacet
  facet normal 0.384335 0.923194 -0.000611487
    outer loop
      vertex 9.1364 -5.8636 13.2
      vertex 8.61259 -5.64664 11.5281
      vertex 8.61135 -5.64612 11.5338
    endloop
  endfacet
  facet normal 0.381886 0.924209 0.000287575
    outer loop
      vertex 9.1364 -5.8636 13.2
      vertex 8.61378 -5.64713 11.5226
      vertex 8.61259 -5.64664 11.5281
    endloop
  endfacet
  facet normal 0.382473 0.923967 7.33056e-05
    outer loop
      vertex 9.1364 -5.8636 13.2
      vertex 8.61453 -5.64744 11.5168
      vertex 8.61378 -5.64713 11.5226
    endloop
  endfacet
  facet normal 0.38134 0.924435 0.000484643
    outer loop
      vertex 9.1364 -5.8636 13.2
      vertex 8.61524 -5.64773 11.5113
      vertex 8.61453 -5.64744 11.5168
    endloop
  endfacet
  facet normal 0.382681 0.92388 -0
    outer loop
      vertex 9.1364 -5.8636 10.4
      vertex 8.61524 -5.64773 11.5113
      vertex 9.1364 -5.8636 13.2
    endloop
  endfacet
  facet normal 0.38062 0.924731 -0.00113198
    outer loop
      vertex 8.61524 -5.64773 11.5113
      vertex 9.1364 -5.8636 10.4
      vertex 8.61549 -5.64784 11.5055
    endloop
  endfacet
  facet normal 0.384427 0.923155 0.000969886
    outer loop
      vertex 8.61549 -5.64784 11.5055
      vertex 9.1364 -5.8636 10.4
      vertex 8.61572 -5.64793 11.5
    endloop
  endfacet
  facet normal 0.381744 0.924268 -0.000518805
    outer loop
      vertex 8.61572 -5.64793 11.5
      vertex 9.1364 -5.8636 10.4
      vertex 8.61547 -5.64783 11.4942
    endloop
  endfacet
  facet normal 0.383962 0.923349 0.000718516
    outer loop
      vertex 8.61547 -5.64783 11.4942
      vertex 9.1364 -5.8636 10.4
      vertex 8.61524 -5.64773 11.4886
    endloop
  endfacet
  facet normal 0.381702 0.924285 -0.00054916
    outer loop
      vertex 8.61524 -5.64773 11.4886
      vertex 9.1364 -5.8636 10.4
      vertex 8.61453 -5.64744 11.4832
    endloop
  endfacet
  facet normal 0.38253 0.923943 -8.18957e-05
    outer loop
      vertex 8.61453 -5.64744 11.4832
      vertex 9.1364 -5.8636 10.4
      vertex 8.61378 -5.64713 11.4774
    endloop
  endfacet
  facet normal 0.382081 0.924129 -0.000336945
    outer loop
      vertex 8.61378 -5.64713 11.4774
      vertex 9.1364 -5.8636 10.4
      vertex 8.61259 -5.64664 11.4719
    endloop
  endfacet
  facet normal 0.62822 0.767824 -0.125644
    outer loop
      vertex 8.60795 -5.64472 11.4553
      vertex 8.60361 -5.64292 11.4446
      vertex 8.60579 -5.64382 11.45
    endloop
  endfacet
  facet normal 0.296869 0.952976 0.0608707
    outer loop
      vertex 8.59832 -5.64072 11.4343
      vertex 8.5921 -5.63815 11.4244
      vertex 8.59514 -5.63941 11.4293
    endloop
  endfacet
  facet normal -0.252342 -0.961302 -0.11055
    outer loop
      vertex 8.5921 -5.63815 11.4244
      vertex 8.58498 -5.6352 11.415
      vertex 8.5887 -5.63674 11.4199
    endloop
  endfacet
  facet normal 0.382993 0.923751 0.000210472
    outer loop
      vertex 9.1364 -5.8636 10.4
      vertex 8.57293 -5.63021 11.4025
      vertex 8.57698 -5.63189 11.4062
    endloop
  endfacet
  facet normal 0.383673 0.923469 0.000686207
    outer loop
      vertex 9.1364 -5.8636 10.4
      vertex 8.55394 -5.62234 11.3878
      vertex 8.55846 -5.62422 11.3906
    endloop
  endfacet
  facet normal 0.381793 0.924248 1.19182e-05
    outer loop
      vertex 8.5 -5.6 10.4
      vertex 8.50791 -5.60328 11.369
      vertex 8.5128 -5.6053 11.37
    endloop
  endfacet
  facet normal 0.383922 0.923365 0.000717058
    outer loop
      vertex 8.61259 -5.64664 11.4719
      vertex 9.1364 -5.8636 10.4
      vertex 8.61135 -5.64612 11.4662
    endloop
  endfacet
  facet normal 0.382245 0.924061 -0.000250525
    outer loop
      vertex 9.1364 -5.8636 10.4
      vertex 8.60963 -5.64541 11.4607
      vertex 8.61135 -5.64612 11.4662
    endloop
  endfacet
  facet normal 0.381615 0.924321 -0.000616922
    outer loop
      vertex 9.1364 -5.8636 10.4
      vertex 8.60795 -5.64472 11.4553
      vertex 8.60963 -5.64541 11.4607
    endloop
  endfacet
  facet normal 0.382862 0.923805 0.000114708
    outer loop
      vertex 9.1364 -5.8636 10.4
      vertex 8.60361 -5.64292 11.4446
      vertex 8.60795 -5.64472 11.4553
    endloop
  endfacet
  facet normal 0.384023 0.923323 0.000808437
    outer loop
      vertex 9.1364 -5.8636 10.4
      vertex 8.601 -5.64183 11.4395
      vertex 8.60361 -5.64292 11.4446
    endloop
  endfacet
  facet normal 0.38267 0.923885 -8.22714e-06
    outer loop
      vertex 9.1364 -5.8636 10.4
      vertex 8.59832 -5.64072 11.4343
      vertex 8.601 -5.64183 11.4395
    endloop
  endfacet
  facet normal 0.382239 0.924064 -0.000270925
    outer loop
      vertex 9.1364 -5.8636 10.4
      vertex 8.5921 -5.63815 11.4244
      vertex 8.59832 -5.64072 11.4343
    endloop
  endfacet
  facet normal 0.382732 0.92386 3.58075e-05
    outer loop
      vertex 9.1364 -5.8636 10.4
      vertex 8.58498 -5.6352 11.415
      vertex 8.5921 -5.63815 11.4244
    endloop
  endfacet
  facet normal 0.382432 0.923984 -0.00015517
    outer loop
      vertex 9.1364 -5.8636 10.4
      vertex 8.58075 -5.63345 11.4104
      vertex 8.58498 -5.6352 11.415
    endloop
  endfacet
  facet normal 0.382474 0.923966 -0.000128075
    outer loop
      vertex 9.1364 -5.8636 10.4
      vertex 8.57698 -5.63189 11.4062
      vertex 8.58075 -5.63345 11.4104
    endloop
  endfacet
  facet normal 0.382871 0.923802 0.000129915
    outer loop
      vertex 8.57293 -5.63021 11.4025
      vertex 9.1364 -5.8636 10.4
      vertex 8.56813 -5.62822 11.398
    endloop
  endfacet
  facet normal 0.382306 0.924036 -0.000247094
    outer loop
      vertex 9.1364 -5.8636 10.4
      vertex 8.56281 -5.62602 11.394
      vertex 8.56813 -5.62822 11.398
    endloop
  endfacet
  facet normal 0.382451 0.923976 -0.000148888
    outer loop
      vertex 9.1364 -5.8636 10.4
      vertex 8.55846 -5.62422 11.3906
      vertex 8.56281 -5.62602 11.394
    endloop
  endfacet
  facet normal 0.382308 0.924035 -0.000256433
    outer loop
      vertex 8.55394 -5.62234 11.3878
      vertex 9.1364 -5.8636 10.4
      vertex 8.54804 -5.6199 11.384
    endloop
  endfacet
  facet normal 0.382677 0.923882 1.49894e-06
    outer loop
      vertex 8.5 -5.6 10.4
      vertex 8.54804 -5.6199 11.384
      vertex 9.1364 -5.8636 10.4
    endloop
  endfacet
  facet normal 0.383085 0.923713 -2.18524e-05
    outer loop
      vertex 8.54804 -5.6199 11.384
      vertex 8.5 -5.6 10.4
      vertex 8.54165 -5.61725 11.3807
    endloop
  endfacet
  facet normal 0.382111 0.924117 2.66149e-05
    outer loop
      vertex 8.54165 -5.61725 11.3807
      vertex 8.5 -5.6 10.4
      vertex 8.53691 -5.61529 11.3783
    endloop
  endfacet
  facet normal 0.382289 0.924043 1.8738e-05
    outer loop
      vertex 8.53691 -5.61529 11.3783
      vertex 8.5 -5.6 10.4
      vertex 8.5321 -5.6133 11.3764
    endloop
  endfacet
  facet normal 0.383494 0.923543 -2.76821e-05
    outer loop
      vertex 8.5321 -5.6133 11.3764
      vertex 8.5 -5.6 10.4
      vertex 8.52514 -5.61041 11.3736
    endloop
  endfacet
  facet normal 0.382462 0.923971 3.52663e-06
    outer loop
      vertex 8.52514 -5.61041 11.3736
      vertex 8.5 -5.6 10.4
      vertex 8.52026 -5.60839 11.3722
    endloop
  endfacet
  facet normal 0.38268 0.923881 -1.79443e-06
    outer loop
      vertex 8.52026 -5.60839 11.3722
      vertex 8.5 -5.6 10.4
      vertex 8.5128 -5.6053 11.37
    endloop
  endfacet
  facet normal 0.383039 0.923732 0
    outer loop
      vertex 8.50791 -5.60328 11.369
      vertex 8.5 -5.6 10.4
      vertex 8.5 -5.6 11.3675
    endloop
  endfacet
  facet normal 0.382682 0.92388 -0
    outer loop
      vertex 8.66086 -5.66663 13.1416
      vertex 8.5 -5.6 13.2
      vertex 8.66086 -5.66663 13.2
    endloop
  endfacet
  facet normal 0.382614 0.923908 -0.000218029
    outer loop
      vertex 8.66539 -5.66851 13.1246
      vertex 8.5 -5.6 13.2
      vertex 8.66086 -5.66663 13.1416
    endloop
  endfacet
  facet normal 0.38274 0.923856 0.000105503
    outer loop
      vertex 8.69191 -5.67949 13.0647
      vertex 8.5 -5.6 13.2
      vertex 8.66539 -5.66851 13.1246
    endloop
  endfacet
  facet normal 0.382533 0.923942 -0.000238588
    outer loop
      vertex 8.7093 -5.6867 13.0254
      vertex 8.5 -5.6 13.2
      vertex 8.69191 -5.67949 13.0647
    endloop
  endfacet
  facet normal 0.382524 0.923946 3.1493e-05
    outer loop
      vertex 8.5 -5.6 11.6325
      vertex 8.7093 -5.6867 13.0254
      vertex 8.72848 -5.69464 13.0039
    endloop
  endfacet
  facet normal 0.382502 0.923955 3.57477e-05
    outer loop
      vertex 8.5 -5.6 11.6325
      vertex 8.72848 -5.69464 13.0039
      vertex 8.74254 -5.70046 12.9882
    endloop
  endfacet
  facet normal 0.382597 0.923916 2.24765e-05
    outer loop
      vertex 8.5 -5.6 11.6325
      vertex 8.78386 -5.71758 12.9727
      vertex 8.8182 -5.7318 12.9599
    endloop
  endfacet
  facet normal 0.382703 0.923872 0
    outer loop
      vertex 8.7093 -5.6867 13.0254
      vertex 8.5 -5.6 11.6325
      vertex 8.5 -5.6 13.2
    endloop
  endfacet
  facet normal 0.382767 0.923845 -1.97452e-05
    outer loop
      vertex 8.78386 -5.71758 12.9727
      vertex 8.5 -5.6 11.6325
      vertex 8.74254 -5.70046 12.9882
    endloop
  endfacet
  facet normal 0.92388 0.382682 0
    outer loop
      vertex 9.4 -6.5 13.2
      vertex 9.33337 -6.33914 13.1416
      vertex 9.33337 -6.33914 13.2
    endloop
  endfacet
  facet normal 0.928344 0.371722 0.000353633
    outer loop
      vertex 9.33337 -6.33914 13.1416
      vertex 9.35216 -6.38451 11.5055
      vertex 9.35207 -6.38428 11.5
    endloop
  endfacet
  facet normal 0.918709 0.394935 -0.00040074
    outer loop
      vertex 9.33337 -6.33914 13.1416
      vertex 9.35227 -6.38476 11.5113
      vertex 9.35216 -6.38451 11.5055
    endloop
  endfacet
  facet normal 0.925417 0.37895 0.000124316
    outer loop
      vertex 9.33337 -6.33914 13.1416
      vertex 9.35256 -6.38547 11.5168
      vertex 9.35227 -6.38476 11.5113
    endloop
  endfacet
  facet normal 0.924116 0.382113 1.87642e-05
    outer loop
      vertex 9.33337 -6.33914 13.1416
      vertex 9.35287 -6.38622 11.5226
      vertex 9.35256 -6.38547 11.5168
    endloop
  endfacet
  facet normal 0.924585 0.380977 5.74494e-05
    outer loop
      vertex 9.33337 -6.33914 13.1416
      vertex 9.35336 -6.38741 11.5281
      vertex 9.35287 -6.38622 11.5226
    endloop
  endfacet
  facet normal 0.922402 0.386231 -0.000126776
    outer loop
      vertex 9.33337 -6.33914 13.1416
      vertex 9.35388 -6.38865 11.5338
      vertex 9.35336 -6.38741 11.5281
    endloop
  endfacet
  facet normal 0.924301 0.381665 3.80647e-05
    outer loop
      vertex 9.33337 -6.33914 13.1416
      vertex 9.35459 -6.39037 11.5393
      vertex 9.35388 -6.38865 11.5338
    endloop
  endfacet
  facet normal 0.924914 0.380177 9.37531e-05
    outer loop
      vertex 9.33337 -6.33914 13.1416
      vertex 9.35528 -6.39205 11.5447
      vertex 9.35459 -6.39037 11.5393
    endloop
  endfacet
  facet normal 0.92314 0.384464 -7.26191e-05
    outer loop
      vertex 9.33337 -6.33914 13.1416
      vertex 9.35618 -6.39421 11.55
      vertex 9.35528 -6.39205 11.5447
    endloop
  endfacet
  facet normal 0.924292 0.381687 3.99448e-05
    outer loop
      vertex 9.33337 -6.33914 13.1416
      vertex 9.35708 -6.39639 11.5554
      vertex 9.35618 -6.39421 11.55
    endloop
  endfacet
  facet normal 0.922838 0.385188 -0.000108151
    outer loop
      vertex 9.33337 -6.33914 13.1416
      vertex 9.35817 -6.399 11.5605
      vertex 9.35708 -6.39639 11.5554
    endloop
  endfacet
  facet normal 0.925021 0.379917 0.000125678
    outer loop
      vertex 9.33337 -6.33914 13.1416
      vertex 9.35927 -6.40168 11.5657
      vertex 9.35817 -6.399 11.5605
    endloop
  endfacet
  facet normal 0.92361 0.383333 -3.30997e-05
    outer loop
      vertex 9.33337 -6.33914 13.1416
      vertex 9.36059 -6.40486 11.5707
      vertex 9.35927 -6.40168 11.5657
    endloop
  endfacet
  facet normal 0.923801 0.382874 -1.05835e-05
    outer loop
      vertex 9.33337 -6.33914 13.1416
      vertex 9.36185 -6.4079 11.5756
      vertex 9.36059 -6.40486 11.5707
    endloop
  endfacet
  facet normal 0.923728 0.383049 -1.96098e-05
    outer loop
      vertex 9.33337 -6.33914 13.1416
      vertex 9.36326 -6.4113 11.5801
      vertex 9.36185 -6.4079 11.5756
    endloop
  endfacet
  facet normal 0.923952 0.382509 9.65579e-06
    outer loop
      vertex 9.33337 -6.33914 13.1416
      vertex 9.3648 -6.41502 11.585
      vertex 9.36326 -6.4113 11.5801
    endloop
  endfacet
  facet normal 0.924035 0.382307 2.11769e-05
    outer loop
      vertex 9.33337 -6.33914 13.1416
      vertex 9.36655 -6.41925 11.5896
      vertex 9.3648 -6.41502 11.585
    endloop
  endfacet
  facet normal 0.92401 0.382368 1.74722e-05
    outer loop
      vertex 9.33337 -6.33914 13.1416
      vertex 9.36811 -6.42302 11.5938
      vertex 9.36655 -6.41925 11.5896
    endloop
  endfacet
  facet normal 0.923693 0.383133 -3.10849e-05
    outer loop
      vertex 9.33337 -6.33914 13.1416
      vertex 9.36979 -6.42707 11.5975
      vertex 9.36811 -6.42302 11.5938
    endloop
  endfacet
  facet normal 0.923765 0.382959 -1.94873e-05
    outer loop
      vertex 9.33337 -6.33914 13.1416
      vertex 9.37178 -6.43187 11.602
      vertex 9.36979 -6.42707 11.5975
    endloop
  endfacet
  facet normal 0.924092 0.38217 3.61797e-05
    outer loop
      vertex 9.33337 -6.33914 13.1416
      vertex 9.37398 -6.43719 11.606
      vertex 9.37178 -6.43187 11.602
    endloop
  endfacet
  facet normal 0.924011 0.382366 2.15415e-05
    outer loop
      vertex 9.33337 -6.33914 13.1416
      vertex 9.37578 -6.44154 11.6094
      vertex 9.37398 -6.43719 11.606
    endloop
  endfacet
  facet normal 0.923342 0.38398 -0.000104826
    outer loop
      vertex 9.33337 -6.33914 13.1416
      vertex 9.37766 -6.44606 11.6122
      vertex 9.37578 -6.44154 11.6094
    endloop
  endfacet
  facet normal 0.924084 0.38219 4.17661e-05
    outer loop
      vertex 9.33337 -6.33914 13.1416
      vertex 9.3801 -6.45196 11.616
      vertex 9.37766 -6.44606 11.6122
    endloop
  endfacet
  facet normal 0.923723 0.383061 -3.36519e-05
    outer loop
      vertex 9.33337 -6.33914 13.1416
      vertex 9.38275 -6.45835 11.6192
      vertex 9.3801 -6.45196 11.616
    endloop
  endfacet
  facet normal 0.924102 0.382145 5.03729e-05
    outer loop
      vertex 9.33337 -6.33914 13.1416
      vertex 9.38471 -6.46309 11.6217
      vertex 9.38275 -6.45835 11.6192
    endloop
  endfacet
  facet normal 0.924035 0.382307 3.4886e-05
    outer loop
      vertex 9.33337 -6.33914 13.1416
      vertex 9.3867 -6.4679 11.6236
      vertex 9.38471 -6.46309 11.6217
    endloop
  endfacet
  facet normal 0.923559 0.383457 -7.94244e-05
    outer loop
      vertex 9.33337 -6.33914 13.1416
      vertex 9.38959 -6.47486 11.6264
      vertex 9.3867 -6.4679 11.6236
    endloop
  endfacet
  facet normal 0.923968 0.382469 2.42682e-05
    outer loop
      vertex 9.33337 -6.33914 13.1416
      vertex 9.39161 -6.47974 11.6278
      vertex 9.38959 -6.47486 11.6264
    endloop
  endfacet
  facet normal 0.923881 0.38268 1.30592e-06
    outer loop
      vertex 9.33337 -6.33914 13.1416
      vertex 9.3947 -6.4872 11.63
      vertex 9.39161 -6.47974 11.6278
    endloop
  endfacet
  facet normal 0.92424 0.381813 0.000100823
    outer loop
      vertex 9.33337 -6.33914 13.1416
      vertex 9.39672 -6.49209 11.631
      vertex 9.3947 -6.4872 11.63
    endloop
  endfacet
  facet normal 0.92388 0.382682 0
    outer loop
      vertex 9.33337 -6.33914 13.1416
      vertex 9.4 -6.5 13.2
      vertex 9.4 -6.5 11.6325
    endloop
  endfacet
  facet normal 0.923735 0.383032 -4.3804e-05
    outer loop
      vertex 9.33337 -6.33914 13.1416
      vertex 9.4 -6.5 11.6325
      vertex 9.39672 -6.49209 11.631
    endloop
  endfacet
  facet normal 0.923901 0.382632 -0
    outer loop
      vertex 9.20302 -6.02446 13.1416
      vertex 9.1364 -5.8636 13.2
      vertex 9.20302 -6.02446 13.2
    endloop
  endfacet
  facet normal 0.923899 0.382637 -1.42168e-05
    outer loop
      vertex 9.2049 -6.029 13.1246
      vertex 9.1364 -5.8636 13.2
      vertex 9.20302 -6.02446 13.1416
    endloop
  endfacet
  facet normal 0.923935 0.382549 0.000211573
    outer loop
      vertex 9.21589 -6.05551 13.0647
      vertex 9.1364 -5.8636 13.2
      vertex 9.2049 -6.029 13.1246
    endloop
  endfacet
  facet normal 0.923857 0.382738 -0.0001031
    outer loop
      vertex 9.22309 -6.0729 13.0254
      vertex 9.1364 -5.8636 13.2
      vertex 9.21589 -6.05551 13.0647
    endloop
  endfacet
  facet normal 0.923954 0.382504 0.000226251
    outer loop
      vertex 9.23686 -6.10614 12.9882
      vertex 9.1364 -5.8636 13.2
      vertex 9.22309 -6.0729 13.0254
    endloop
  endfacet
  facet normal 0.923885 0.38267 3.33107e-06
    outer loop
      vertex 9.1364 -5.8636 13.2
      vertex 9.23686 -6.10614 12.9882
      vertex 9.35207 -6.38428 11.5
    endloop
  endfacet
  facet normal 0.923875 0.382695 -2.05948e-06
    outer loop
      vertex 9.35207 -6.38428 11.5
      vertex 9.23686 -6.10614 12.9882
      vertex 9.25398 -6.14747 12.9727
    endloop
  endfacet
  facet normal 0.923879 0.382685 -1.65233e-07
    outer loop
      vertex 9.35207 -6.38428 11.5
      vertex 9.25398 -6.14747 12.9727
      vertex 9.2682 -6.1818 12.9599
    endloop
  endfacet
  facet normal 0.923917 0.382594 1.45479e-05
    outer loop
      vertex 9.35207 -6.38428 11.5
      vertex 9.2682 -6.1818 12.9599
      vertex 9.28242 -6.21614 12.9727
    endloop
  endfacet
  facet normal 0.923844 0.38277 -9.00869e-06
    outer loop
      vertex 9.35207 -6.38428 11.5
      vertex 9.28242 -6.21614 12.9727
      vertex 9.29954 -6.25746 12.9882
    endloop
  endfacet
  facet normal 0.923961 0.382486 1.93299e-05
    outer loop
      vertex 9.35207 -6.38428 11.5
      vertex 9.29954 -6.25746 12.9882
      vertex 9.30536 -6.27152 13.0039
    endloop
  endfacet
  facet normal 0.923951 0.38251 1.72385e-05
    outer loop
      vertex 9.35207 -6.38428 11.5
      vertex 9.30536 -6.27152 13.0039
      vertex 9.3133 -6.2907 13.0254
    endloop
  endfacet
  facet normal 0.923764 0.382963 -1.53377e-05
    outer loop
      vertex 9.35207 -6.38428 11.5
      vertex 9.3133 -6.2907 13.0254
      vertex 9.32051 -6.30809 13.0647
    endloop
  endfacet
  facet normal 0.923934 0.382552 8.12411e-06
    outer loop
      vertex 9.35207 -6.38428 11.5
      vertex 9.32051 -6.30809 13.0647
      vertex 9.33149 -6.33461 13.1246
    endloop
  endfacet
  facet normal 0.923642 0.383257 -1.71357e-05
    outer loop
      vertex 9.35207 -6.38428 11.5
      vertex 9.33149 -6.33461 13.1246
      vertex 9.33337 -6.33914 13.1416
    endloop
  endfacet
  facet normal 0.923881 0.382679 0
    outer loop
      vertex 9.1364 -5.8636 13.2
      vertex 9.35207 -6.38428 11.5
      vertex 9.1364 -5.8636 10.4
    endloop
  endfacet
  facet normal 0.924268 0.381744 -0.000518805
    outer loop
      vertex 9.35217 -6.38453 11.4942
      vertex 9.1364 -5.8636 10.4
      vertex 9.35207 -6.38428 11.5
    endloop
  endfacet
  facet normal 0.923349 0.383962 0.000718516
    outer loop
      vertex 9.35227 -6.38476 11.4886
      vertex 9.1364 -5.8636 10.4
      vertex 9.35217 -6.38453 11.4942
    endloop
  endfacet
  facet normal 0.924285 0.381702 -0.00054916
    outer loop
      vertex 9.35256 -6.38547 11.4832
      vertex 9.1364 -5.8636 10.4
      vertex 9.35227 -6.38476 11.4886
    endloop
  endfacet
  facet normal 0.923943 0.38253 -8.18957e-05
    outer loop
      vertex 9.35287 -6.38622 11.4774
      vertex 9.1364 -5.8636 10.4
      vertex 9.35256 -6.38547 11.4832
    endloop
  endfacet
  facet normal 0.924129 0.382081 -0.000336945
    outer loop
      vertex 9.35336 -6.38741 11.4719
      vertex 9.1364 -5.8636 10.4
      vertex 9.35287 -6.38622 11.4774
    endloop
  endfacet
  facet normal 0.923365 0.383922 0.000717058
    outer loop
      vertex 9.35388 -6.38865 11.4662
      vertex 9.1364 -5.8636 10.4
      vertex 9.35336 -6.38741 11.4719
    endloop
  endfacet
  facet normal 0.924061 0.382245 -0.000250525
    outer loop
      vertex 9.35459 -6.39037 11.4607
      vertex 9.1364 -5.8636 10.4
      vertex 9.35388 -6.38865 11.4662
    endloop
  endfacet
  facet normal 0.924321 0.381615 -0.000616922
    outer loop
      vertex 9.35528 -6.39205 11.4553
      vertex 9.1364 -5.8636 10.4
      vertex 9.35459 -6.39037 11.4607
    endloop
  endfacet
  facet normal 0.923523 0.383542 0.000513405
    outer loop
      vertex 9.35618 -6.39421 11.45
      vertex 9.1364 -5.8636 10.4
      vertex 9.35528 -6.39205 11.4553
    endloop
  endfacet
  facet normal 0.92408 0.382199 -0.000281726
    outer loop
      vertex 9.35708 -6.39639 11.4446
      vertex 9.1364 -5.8636 10.4
      vertex 9.35618 -6.39421 11.45
    endloop
  endfacet
  facet normal 0.923323 0.384023 0.000808437
    outer loop
      vertex 9.35817 -6.399 11.4395
      vertex 9.1364 -5.8636 10.4
      vertex 9.35708 -6.39639 11.4446
    endloop
  endfacet
  facet normal 0.924494 0.381197 -0.000896885
    outer loop
      vertex 9.35927 -6.40168 11.4343
      vertex 9.1364 -5.8636 10.4
      vertex 9.35817 -6.399 11.4395
    endloop
  endfacet
  facet normal 0.923724 0.383059 0.000237749
    outer loop
      vertex 9.36059 -6.40486 11.4293
      vertex 9.1364 -5.8636 10.4
      vertex 9.35927 -6.40168 11.4343
    endloop
  endfacet
  facet normal 0.923836 0.38279 7.19094e-05
    outer loop
      vertex 9.36185 -6.4079 11.4244
      vertex 9.1364 -5.8636 10.4
      vertex 9.36059 -6.40486 11.4293
    endloop
  endfacet
  facet normal 0.923787 0.382907 0.000145288
    outer loop
      vertex 9.36326 -6.4113 11.4199
      vertex 9.1364 -5.8636 10.4
      vertex 9.36185 -6.4079 11.4244
    endloop
  endfacet
  facet normal 0.923926 0.382572 -6.57812e-05
    outer loop
      vertex 9.3648 -6.41502 11.415
      vertex 9.1364 -5.8636 10.4
      vertex 9.36326 -6.4113 11.4199
    endloop
  endfacet
  facet normal 0.923984 0.382432 -0.00015517
    outer loop
      vertex 9.36655 -6.41925 11.4104
      vertex 9.1364 -5.8636 10.4
      vertex 9.3648 -6.41502 11.415
    endloop
  endfacet
  facet normal 0.923966 0.382474 -0.000128075
    outer loop
      vertex 9.36811 -6.42302 11.4062
      vertex 9.1364 -5.8636 10.4
      vertex 9.36655 -6.41925 11.4104
    endloop
  endfacet
  facet normal 0.923751 0.382993 0.000210472
    outer loop
      vertex 9.36979 -6.42707 11.4025
      vertex 9.1364 -5.8636 10.4
      vertex 9.36811 -6.42302 11.4062
    endloop
  endfacet
  facet normal 0.923802 0.382871 0.000129915
    outer loop
      vertex 9.37178 -6.43187 11.398
      vertex 9.1364 -5.8636 10.4
      vertex 9.36979 -6.42707 11.4025
    endloop
  endfacet
  facet normal 0.924036 0.382306 -0.000247094
    outer loop
      vertex 9.37398 -6.43719 11.394
      vertex 9.1364 -5.8636 10.4
      vertex 9.37178 -6.43187 11.398
    endloop
  endfacet
  facet normal 0.923976 0.382451 -0.000148888
    outer loop
      vertex 9.37578 -6.44154 11.3906
      vertex 9.1364 -5.8636 10.4
      vertex 9.37398 -6.43719 11.394
    endloop
  endfacet
  facet normal 0.923469 0.383673 0.000686207
    outer loop
      vertex 9.37766 -6.44606 11.3878
      vertex 9.1364 -5.8636 10.4
      vertex 9.37578 -6.44154 11.3906
    endloop
  endfacet
  facet normal 0.924035 0.382308 -0.000256433
    outer loop
      vertex 9.3801 -6.45196 11.384
      vertex 9.1364 -5.8636 10.4
      vertex 9.37766 -6.44606 11.3878
    endloop
  endfacet
  facet normal 0.923713 0.383085 -2.18524e-05
    outer loop
      vertex 9.4 -6.5 10.4
      vertex 9.3801 -6.45196 11.384
      vertex 9.38275 -6.45835 11.3807
    endloop
  endfacet
  facet normal 0.924117 0.382111 2.66149e-05
    outer loop
      vertex 9.4 -6.5 10.4
      vertex 9.38275 -6.45835 11.3807
      vertex 9.38471 -6.46309 11.3783
    endloop
  endfacet
  facet normal 0.924043 0.382289 1.8738e-05
    outer loop
      vertex 9.4 -6.5 10.4
      vertex 9.38471 -6.46309 11.3783
      vertex 9.3867 -6.4679 11.3764
    endloop
  endfacet
  facet normal 0.923543 0.383494 -2.76821e-05
    outer loop
      vertex 9.4 -6.5 10.4
      vertex 9.3867 -6.4679 11.3764
      vertex 9.38959 -6.47486 11.3736
    endloop
  endfacet
  facet normal 0.923971 0.382462 3.52663e-06
    outer loop
      vertex 9.4 -6.5 10.4
      vertex 9.38959 -6.47486 11.3736
      vertex 9.39161 -6.47974 11.3722
    endloop
  endfacet
  facet normal 0.923881 0.38268 -1.79443e-06
    outer loop
      vertex 9.4 -6.5 10.4
      vertex 9.39161 -6.47974 11.3722
      vertex 9.3947 -6.4872 11.37
    endloop
  endfacet
  facet normal 0.924248 0.381793 1.19182e-05
    outer loop
      vertex 9.4 -6.5 10.4
      vertex 9.3947 -6.4872 11.37
      vertex 9.39672 -6.49209 11.369
    endloop
  endfacet
  facet normal 0.923732 0.383039 -0
    outer loop
      vertex 9.4 -6.5 10.4
      vertex 9.39672 -6.49209 11.369
      vertex 9.4 -6.5 11.3675
    endloop
  endfacet
  facet normal 0.923882 0.382677 1.49894e-06
    outer loop
      vertex 9.3801 -6.45196 11.384
      vertex 9.4 -6.5 10.4
      vertex 9.1364 -5.8636 10.4
    endloop
  endfacet
  facet normal 0.923901 -0.382632 0
    outer loop
      vertex 9.20302 -6.97554 13.2
      vertex 9.1364 -7.1364 13.2
      vertex 9.20302 -6.97554 13.1416
    endloop
  endfacet
  facet normal 0.923872 -0.382703 0
    outer loop
      vertex 9.3133 -6.7093 13.0254
      vertex 9.4 -6.5 11.6325
      vertex 9.4 -6.5 13.2
    endloop
  endfacet
  facet normal 0.923946 -0.382524 3.1493e-05
    outer loop
      vertex 9.30536 -6.72848 13.0039
      vertex 9.4 -6.5 11.6325
      vertex 9.3133 -6.7093 13.0254
    endloop
  endfacet
  facet normal 0.923955 -0.382502 3.57477e-05
    outer loop
      vertex 9.29954 -6.74254 12.9882
      vertex 9.4 -6.5 11.6325
      vertex 9.30536 -6.72848 13.0039
    endloop
  endfacet
  facet normal 0.923845 -0.382767 -1.97452e-05
    outer loop
      vertex 9.28242 -6.78386 12.9727
      vertex 9.4 -6.5 11.6325
      vertex 9.29954 -6.74254 12.9882
    endloop
  endfacet
  facet normal 0.923916 -0.382597 2.24765e-05
    outer loop
      vertex 9.2682 -6.8182 12.9599
      vertex 9.4 -6.5 11.6325
      vertex 9.28242 -6.78386 12.9727
    endloop
  endfacet
  facet normal 0.923739 -0.383024 -9.74479e-05
    outer loop
      vertex 9.4 -6.5 11.6325
      vertex 9.2682 -6.8182 12.9599
      vertex 9.39672 -6.50791 11.631
    endloop
  endfacet
  facet normal 0.92423 -0.381835 0.000227643
    outer loop
      vertex 9.39672 -6.50791 11.631
      vertex 9.2682 -6.8182 12.9599
      vertex 9.3947 -6.5128 11.63
    endloop
  endfacet
  facet normal 0.923881 -0.38268 3.48867e-07
    outer loop
      vertex 9.3947 -6.5128 11.63
      vertex 9.2682 -6.8182 12.9599
      vertex 9.39161 -6.52026 11.6278
    endloop
  endfacet
  facet normal 0.923965 -0.382476 5.36928e-05
    outer loop
      vertex 9.39161 -6.52026 11.6278
      vertex 9.2682 -6.8182 12.9599
      vertex 9.38959 -6.52514 11.6264
    endloop
  endfacet
  facet normal 0.923574 -0.38342 -0.000189163
    outer loop
      vertex 9.38959 -6.52514 11.6264
      vertex 9.2682 -6.8182 12.9599
      vertex 9.3867 -6.5321 11.6236
    endloop
  endfacet
  facet normal 0.924028 -0.382324 8.5627e-05
    outer loop
      vertex 9.3867 -6.5321 11.6236
      vertex 9.2682 -6.8182 12.9599
      vertex 9.38471 -6.53691 11.6217
    endloop
  endfacet
  facet normal 0.924089 -0.382177 0.000121834
    outer loop
      vertex 9.38471 -6.53691 11.6217
      vertex 9.2682 -6.8182 12.9599
      vertex 9.38275 -6.54165 11.6192
    endloop
  endfacet
  facet normal 0.923732 -0.383038 -8.62942e-05
    outer loop
      vertex 9.38275 -6.54165 11.6192
      vertex 9.2682 -6.8182 12.9599
      vertex 9.3801 -6.54804 11.616
    endloop
  endfacet
  facet normal 0.924069 -0.382225 0.000105206
    outer loop
      vertex 9.3801 -6.54804 11.616
      vertex 9.2682 -6.8182 12.9599
      vertex 9.37766 -6.55394 11.6122
    endloop
  endfacet
  facet normal 0.923379 -0.383889 -0.000277033
    outer loop
      vertex 9.37766 -6.55394 11.6122
      vertex 9.2682 -6.8182 12.9599
      vertex 9.37578 -6.55846 11.6094
    endloop
  endfacet
  facet normal 0.924 -0.382392 6.02984e-05
    outer loop
      vertex 9.37578 -6.55846 11.6094
      vertex 9.2682 -6.8182 12.9599
      vertex 9.37398 -6.56281 11.606
    endloop
  endfacet
  facet normal 0.924075 -0.382212 0.000100179
    outer loop
      vertex 9.37398 -6.56281 11.606
      vertex 9.2682 -6.8182 12.9599
      vertex 9.37178 -6.56813 11.602
    endloop
  endfacet
  facet normal 0.923777 -0.382931 -5.50285e-05
    outer loop
      vertex 9.37178 -6.56813 11.602
      vertex 9.2682 -6.8182 12.9599
      vertex 9.36979 -6.57293 11.5975
    endloop
  endfacet
  facet normal 0.923879 -0.382686 -3.27569e-06
    outer loop
      vertex 9.25398 -6.85253 12.9727
      vertex 9.36979 -6.57293 11.5975
      vertex 9.2682 -6.8182 12.9599
    endloop
  endfacet
  facet normal 0.923715 -0.383081 -9.75595e-05
    outer loop
      vertex 9.36979 -6.57293 11.5975
      vertex 9.25398 -6.85253 12.9727
      vertex 9.36811 -6.57698 11.5938
    endloop
  endfacet
  facet normal 0.923874 -0.382696 -7.41463e-06
    outer loop
      vertex 9.23686 -6.89386 12.9882
      vertex 9.36811 -6.57698 11.5938
      vertex 9.25398 -6.85253 12.9727
    endloop
  endfacet
  facet normal 0.92399 -0.382416 6.72818e-05
    outer loop
      vertex 9.36811 -6.57698 11.5938
      vertex 9.23686 -6.89386 12.9882
      vertex 9.36655 -6.58075 11.5896
    endloop
  endfacet
  facet normal 0.924012 -0.382363 8.11671e-05
    outer loop
      vertex 9.36655 -6.58075 11.5896
      vertex 9.23686 -6.89386 12.9882
      vertex 9.3648 -6.58498 11.585
    endloop
  endfacet
  facet normal 0.92394 -0.382538 3.5896e-05
    outer loop
      vertex 9.3648 -6.58498 11.585
      vertex 9.23686 -6.89386 12.9882
      vertex 9.36326 -6.5887 11.5801
    endloop
  endfacet
  facet normal 0.923755 -0.382984 -7.73099e-05
    outer loop
      vertex 9.36326 -6.5887 11.5801
      vertex 9.23686 -6.89386 12.9882
      vertex 9.36185 -6.5921 11.5756
    endloop
  endfacet
  facet normal 0.923817 -0.382834 -3.96864e-05
    outer loop
      vertex 9.36185 -6.5921 11.5756
      vertex 9.23686 -6.89386 12.9882
      vertex 9.36059 -6.59514 11.5707
    endloop
  endfacet
  facet normal 0.923664 -0.383202 -0.000130671
    outer loop
      vertex 9.36059 -6.59514 11.5707
      vertex 9.23686 -6.89386 12.9882
      vertex 9.35927 -6.59832 11.5657
    endloop
  endfacet
  facet normal 0.924757 -0.380559 0.000512556
    outer loop
      vertex 9.35927 -6.59832 11.5657
      vertex 9.23686 -6.89386 12.9882
      vertex 9.35817 -6.601 11.5605
    endloop
  endfacet
  facet normal 0.923082 -0.384604 -0.000459482
    outer loop
      vertex 9.35817 -6.601 11.5605
      vertex 9.23686 -6.89386 12.9882
      vertex 9.35708 -6.60361 11.5554
    endloop
  endfacet
  facet normal 0.924179 -0.381959 0.000168371
    outer loop
      vertex 9.35708 -6.60361 11.5554
      vertex 9.23686 -6.89386 12.9882
      vertex 9.35618 -6.60579 11.55
    endloop
  endfacet
  facet normal 0.923856 -0.38274 0.000105503
    outer loop
      vertex 9.32051 -6.69191 13.0647
      vertex 9.4 -6.5 13.2
      vertex 9.33149 -6.66539 13.1246
    endloop
  endfacet
  facet normal 0.923908 -0.382614 -0.000218029
    outer loop
      vertex 9.33149 -6.66539 13.1246
      vertex 9.4 -6.5 13.2
      vertex 9.33337 -6.66086 13.1416
    endloop
  endfacet
  facet normal 0.92388 -0.382682 0
    outer loop
      vertex 9.33337 -6.66086 13.1416
      vertex 9.4 -6.5 13.2
      vertex 9.33337 -6.66086 13.2
    endloop
  endfacet
  facet normal 0.923732 -0.383039 0
    outer loop
      vertex 9.39672 -6.50791 11.369
      vertex 9.4 -6.5 10.4
      vertex 9.4 -6.5 11.3675
    endloop
  endfacet
  facet normal 0.924248 -0.381793 1.19182e-05
    outer loop
      vertex 9.3947 -6.5128 11.37
      vertex 9.4 -6.5 10.4
      vertex 9.39672 -6.50791 11.369
    endloop
  endfacet
  facet normal 0.923881 -0.38268 -1.79443e-06
    outer loop
      vertex 9.39161 -6.52026 11.3722
      vertex 9.4 -6.5 10.4
      vertex 9.3947 -6.5128 11.37
    endloop
  endfacet
  facet normal 0.923971 -0.382462 3.52663e-06
    outer loop
      vertex 9.38959 -6.52514 11.3736
      vertex 9.4 -6.5 10.4
      vertex 9.39161 -6.52026 11.3722
    endloop
  endfacet
  facet normal 0.923543 -0.383494 -2.76821e-05
    outer loop
      vertex 9.3867 -6.5321 11.3764
      vertex 9.4 -6.5 10.4
      vertex 9.38959 -6.52514 11.3736
    endloop
  endfacet
  facet normal 0.924043 -0.382289 1.8738e-05
    outer loop
      vertex 9.38471 -6.53691 11.3783
      vertex 9.4 -6.5 10.4
      vertex 9.3867 -6.5321 11.3764
    endloop
  endfacet
  facet normal 0.924117 -0.382111 2.66149e-05
    outer loop
      vertex 9.38275 -6.54165 11.3807
      vertex 9.4 -6.5 10.4
      vertex 9.38471 -6.53691 11.3783
    endloop
  endfacet
  facet normal 0.923713 -0.383085 -2.18524e-05
    outer loop
      vertex 9.3801 -6.54804 11.384
      vertex 9.4 -6.5 10.4
      vertex 9.38275 -6.54165 11.3807
    endloop
  endfacet
  facet normal 0.924035 -0.382308 -0.000256433
    outer loop
      vertex 9.1364 -7.1364 10.4
      vertex 9.3801 -6.54804 11.384
      vertex 9.37766 -6.55394 11.3878
    endloop
  endfacet
  facet normal 0.923469 -0.383673 0.000686207
    outer loop
      vertex 9.1364 -7.1364 10.4
      vertex 9.37766 -6.55394 11.3878
      vertex 9.37578 -6.55846 11.3906
    endloop
  endfacet
  facet normal 0.923976 -0.382451 -0.000148888
    outer loop
      vertex 9.1364 -7.1364 10.4
      vertex 9.37578 -6.55846 11.3906
      vertex 9.37398 -6.56281 11.394
    endloop
  endfacet
  facet normal 0.924036 -0.382306 -0.000247094
    outer loop
      vertex 9.1364 -7.1364 10.4
      vertex 9.37398 -6.56281 11.394
      vertex 9.37178 -6.56813 11.398
    endloop
  endfacet
  facet normal 0.923802 -0.382871 0.000129915
    outer loop
      vertex 9.1364 -7.1364 10.4
      vertex 9.37178 -6.56813 11.398
      vertex 9.36979 -6.57293 11.4025
    endloop
  endfacet
  facet normal 0.923751 -0.382993 0.000210472
    outer loop
      vertex 9.1364 -7.1364 10.4
      vertex 9.36979 -6.57293 11.4025
      vertex 9.36811 -6.57698 11.4062
    endloop
  endfacet
  facet normal 0.923966 -0.382474 -0.000128075
    outer loop
      vertex 9.1364 -7.1364 10.4
      vertex 9.36811 -6.57698 11.4062
      vertex 9.36655 -6.58075 11.4104
    endloop
  endfacet
  facet normal 0.923984 -0.382432 -0.00015517
    outer loop
      vertex 9.1364 -7.1364 10.4
      vertex 9.36655 -6.58075 11.4104
      vertex 9.3648 -6.58498 11.415
    endloop
  endfacet
  facet normal 0.923926 -0.382572 -6.57812e-05
    outer loop
      vertex 9.1364 -7.1364 10.4
      vertex 9.3648 -6.58498 11.415
      vertex 9.36326 -6.5887 11.4199
    endloop
  endfacet
  facet normal 0.923787 -0.382907 0.000145288
    outer loop
      vertex 9.1364 -7.1364 10.4
      vertex 9.36326 -6.5887 11.4199
      vertex 9.36185 -6.5921 11.4244
    endloop
  endfacet
  facet normal 0.923836 -0.38279 7.19094e-05
    outer loop
      vertex 9.1364 -7.1364 10.4
      vertex 9.36185 -6.5921 11.4244
      vertex 9.36059 -6.59514 11.4293
    endloop
  endfacet
  facet normal 0.923724 -0.383059 0.000237749
    outer loop
      vertex 9.1364 -7.1364 10.4
      vertex 9.36059 -6.59514 11.4293
      vertex 9.35927 -6.59832 11.4343
    endloop
  endfacet
  facet normal 0.924494 -0.381197 -0.000896885
    outer loop
      vertex 9.1364 -7.1364 10.4
      vertex 9.35927 -6.59832 11.4343
      vertex 9.35817 -6.601 11.4395
    endloop
  endfacet
  facet normal 0.923323 -0.384023 0.000808437
    outer loop
      vertex 9.1364 -7.1364 10.4
      vertex 9.35817 -6.601 11.4395
      vertex 9.35708 -6.60361 11.4446
    endloop
  endfacet
  facet normal 0.92408 -0.382199 -0.000281726
    outer loop
      vertex 9.1364 -7.1364 10.4
      vertex 9.35708 -6.60361 11.4446
      vertex 9.35618 -6.60579 11.45
    endloop
  endfacet
  facet normal 0.923523 -0.383542 0.000513405
    outer loop
      vertex 9.1364 -7.1364 10.4
      vertex 9.35618 -6.60579 11.45
      vertex 9.35528 -6.60795 11.4553
    endloop
  endfacet
  facet normal 0.924321 -0.381615 -0.000616922
    outer loop
      vertex 9.1364 -7.1364 10.4
      vertex 9.35528 -6.60795 11.4553
      vertex 9.35459 -6.60963 11.4607
    endloop
  endfacet
  facet normal 0.924061 -0.382245 -0.000250525
    outer loop
      vertex 9.1364 -7.1364 10.4
      vertex 9.35459 -6.60963 11.4607
      vertex 9.35388 -6.61135 11.4662
    endloop
  endfacet
  facet normal 0.923365 -0.383922 0.000717058
    outer loop
      vertex 9.1364 -7.1364 10.4
      vertex 9.35388 -6.61135 11.4662
      vertex 9.35336 -6.61259 11.4719
    endloop
  endfacet
  facet normal 0.924129 -0.382081 -0.000336945
    outer loop
      vertex 9.1364 -7.1364 10.4
      vertex 9.35336 -6.61259 11.4719
      vertex 9.35287 -6.61378 11.4774
    endloop
  endfacet
  facet normal 0.923943 -0.38253 -8.18957e-05
    outer loop
      vertex 9.1364 -7.1364 10.4
      vertex 9.35287 -6.61378 11.4774
      vertex 9.35256 -6.61453 11.4832
    endloop
  endfacet
  facet normal 0.924285 -0.381702 -0.00054916
    outer loop
      vertex 9.1364 -7.1364 10.4
      vertex 9.35256 -6.61453 11.4832
      vertex 9.35227 -6.61524 11.4886
    endloop
  endfacet
  facet normal 0.923942 -0.382533 -0.000238588
    outer loop
      vertex 9.3133 -6.7093 13.0254
      vertex 9.4 -6.5 13.2
      vertex 9.32051 -6.69191 13.0647
    endloop
  endfacet
  facet normal 0.923343 -0.383977 -0.000305264
    outer loop
      vertex 9.35618 -6.60579 11.55
      vertex 9.23686 -6.89386 12.9882
      vertex 9.35528 -6.60795 11.5447
    endloop
  endfacet
  facet normal 0.923883 -0.382675 -2.97314e-06
    outer loop
      vertex 9.1364 -7.1364 13.2
      vertex 9.35528 -6.60795 11.5447
      vertex 9.23686 -6.89386 12.9882
    endloop
  endfacet
  facet normal 0.924446 -0.381312 0.000506625
    outer loop
      vertex 9.35528 -6.60795 11.5447
      vertex 9.1364 -7.1364 13.2
      vertex 9.35459 -6.60963 11.5393
    endloop
  endfacet
  facet normal 0.924112 -0.382122 0.000205601
    outer loop
      vertex 9.35459 -6.60963 11.5393
      vertex 9.1364 -7.1364 13.2
      vertex 9.35388 -6.61135 11.5338
    endloop
  endfacet
  facet normal 0.923194 -0.384335 -0.000611487
    outer loop
      vertex 9.35388 -6.61135 11.5338
      vertex 9.1364 -7.1364 13.2
      vertex 9.35336 -6.61259 11.5281
    endloop
  endfacet
  facet normal 0.924209 -0.381886 0.000287575
    outer loop
      vertex 9.35336 -6.61259 11.5281
      vertex 9.1364 -7.1364 13.2
      vertex 9.35287 -6.61378 11.5226
    endloop
  endfacet
  facet normal 0.923967 -0.382473 7.33056e-05
    outer loop
      vertex 9.35287 -6.61378 11.5226
      vertex 9.1364 -7.1364 13.2
      vertex 9.35256 -6.61453 11.5168
    endloop
  endfacet
  facet normal 0.924435 -0.38134 0.000484643
    outer loop
      vertex 9.35256 -6.61453 11.5168
      vertex 9.1364 -7.1364 13.2
      vertex 9.35227 -6.61524 11.5113
    endloop
  endfacet
  facet normal 0.92388 -0.382681 0
    outer loop
      vertex 9.1364 -7.1364 10.4
      vertex 9.35227 -6.61524 11.5113
      vertex 9.1364 -7.1364 13.2
    endloop
  endfacet
  facet normal 0.924731 -0.38062 -0.00113198
    outer loop
      vertex 9.35227 -6.61524 11.5113
      vertex 9.1364 -7.1364 10.4
      vertex 9.35216 -6.61549 11.5055
    endloop
  endfacet
  facet normal 0.923155 -0.384427 0.000969886
    outer loop
      vertex 9.35216 -6.61549 11.5055
      vertex 9.1364 -7.1364 10.4
      vertex 9.35207 -6.61572 11.5
    endloop
  endfacet
  facet normal 0.924268 -0.381744 -0.000518805
    outer loop
      vertex 9.35207 -6.61572 11.5
      vertex 9.1364 -7.1364 10.4
      vertex 9.35217 -6.61547 11.4942
    endloop
  endfacet
  facet normal 0.923954 -0.382504 0.000226251
    outer loop
      vertex 9.1364 -7.1364 13.2
      vertex 9.23686 -6.89386 12.9882
      vertex 9.22309 -6.9271 13.0254
    endloop
  endfacet
  facet normal 0.923857 -0.382738 -0.0001031
    outer loop
      vertex 9.1364 -7.1364 13.2
      vertex 9.22309 -6.9271 13.0254
      vertex 9.21589 -6.94449 13.0647
    endloop
  endfacet
  facet normal 0.923935 -0.382549 0.000211573
    outer loop
      vertex 9.1364 -7.1364 13.2
      vertex 9.21589 -6.94449 13.0647
      vertex 9.2049 -6.971 13.1246
    endloop
  endfacet
  facet normal 0.923899 -0.382637 -1.42168e-05
    outer loop
      vertex 9.1364 -7.1364 13.2
      vertex 9.2049 -6.971 13.1246
      vertex 9.20302 -6.97554 13.1416
    endloop
  endfacet
  facet normal 0.923349 -0.383962 0.000718516
    outer loop
      vertex 9.35217 -6.61547 11.4942
      vertex 9.1364 -7.1364 10.4
      vertex 9.35227 -6.61524 11.4886
    endloop
  endfacet
  facet normal 0.923882 -0.382677 1.49894e-06
    outer loop
      vertex 9.3801 -6.54804 11.384
      vertex 9.1364 -7.1364 10.4
      vertex 9.4 -6.5 10.4
    endloop
  endfacet
  facet normal -0.382632 -0.923901 0
    outer loop
      vertex 7.8636 -7.1364 13.2
      vertex 8.02446 -7.20302 13.1416
      vertex 8.02446 -7.20302 13.2
    endloop
  endfacet
  facet normal -0.382637 -0.923899 -1.42168e-05
    outer loop
      vertex 7.8636 -7.1364 13.2
      vertex 8.029 -7.2049 13.1246
      vertex 8.02446 -7.20302 13.1416
    endloop
  endfacet
  facet normal -0.382549 -0.923935 0.000211573
    outer loop
      vertex 7.8636 -7.1364 13.2
      vertex 8.05551 -7.21589 13.0647
      vertex 8.029 -7.2049 13.1246
    endloop
  endfacet
  facet normal -0.382738 -0.923857 -0.0001031
    outer loop
      vertex 7.8636 -7.1364 13.2
      vertex 8.0729 -7.22309 13.0254
      vertex 8.05551 -7.21589 13.0647
    endloop
  endfacet
  facet normal -0.382504 -0.923954 0.000226251
    outer loop
      vertex 7.8636 -7.1364 13.2
      vertex 8.10614 -7.23686 12.9882
      vertex 8.0729 -7.22309 13.0254
    endloop
  endfacet
  facet normal -0.382685 -0.923879 -2.0003e-06
    outer loop
      vertex 8.43187 -7.37178 11.602
      vertex 8.1818 -7.2682 12.9599
      vertex 8.14747 -7.25398 12.9727
    endloop
  endfacet
  facet normal -0.382696 -0.923874 -7.41463e-06
    outer loop
      vertex 8.42302 -7.36811 11.5938
      vertex 8.14747 -7.25398 12.9727
      vertex 8.10614 -7.23686 12.9882
    endloop
  endfacet
  facet normal -0.382675 -0.923883 -2.97314e-06
    outer loop
      vertex 8.39205 -7.35528 11.5447
      vertex 8.10614 -7.23686 12.9882
      vertex 7.8636 -7.1364 13.2
    endloop
  endfacet
  facet normal -0.383024 -0.923739 -9.74479e-05
    outer loop
      vertex 8.1818 -7.2682 12.9599
      vertex 8.49209 -7.39672 11.631
      vertex 8.5 -7.4 11.6325
    endloop
  endfacet
  facet normal -0.381835 -0.92423 0.000227643
    outer loop
      vertex 8.1818 -7.2682 12.9599
      vertex 8.4872 -7.3947 11.63
      vertex 8.49209 -7.39672 11.631
    endloop
  endfacet
  facet normal -0.38268 -0.923881 3.48867e-07
    outer loop
      vertex 8.1818 -7.2682 12.9599
      vertex 8.47974 -7.39161 11.6278
      vertex 8.4872 -7.3947 11.63
    endloop
  endfacet
  facet normal -0.382476 -0.923965 5.36928e-05
    outer loop
      vertex 8.1818 -7.2682 12.9599
      vertex 8.47486 -7.38959 11.6264
      vertex 8.47974 -7.39161 11.6278
    endloop
  endfacet
  facet normal -0.38342 -0.923574 -0.000189163
    outer loop
      vertex 8.1818 -7.2682 12.9599
      vertex 8.4679 -7.3867 11.6236
      vertex 8.47486 -7.38959 11.6264
    endloop
  endfacet
  facet normal -0.382324 -0.924028 8.5627e-05
    outer loop
      vertex 8.1818 -7.2682 12.9599
      vertex 8.46309 -7.38471 11.6217
      vertex 8.4679 -7.3867 11.6236
    endloop
  endfacet
  facet normal -0.382177 -0.924089 0.000121834
    outer loop
      vertex 8.1818 -7.2682 12.9599
      vertex 8.45835 -7.38275 11.6192
      vertex 8.46309 -7.38471 11.6217
    endloop
  endfacet
  facet normal -0.383038 -0.923732 -8.62942e-05
    outer loop
      vertex 8.1818 -7.2682 12.9599
      vertex 8.45196 -7.3801 11.616
      vertex 8.45835 -7.38275 11.6192
    endloop
  endfacet
  facet normal -0.382225 -0.924069 0.000105206
    outer loop
      vertex 8.1818 -7.2682 12.9599
      vertex 8.44606 -7.37766 11.6122
      vertex 8.45196 -7.3801 11.616
    endloop
  endfacet
  facet normal -0.383889 -0.923379 -0.000277033
    outer loop
      vertex 8.1818 -7.2682 12.9599
      vertex 8.44154 -7.37578 11.6094
      vertex 8.44606 -7.37766 11.6122
    endloop
  endfacet
  facet normal -0.382392 -0.924 6.02984e-05
    outer loop
      vertex 8.1818 -7.2682 12.9599
      vertex 8.43719 -7.37398 11.606
      vertex 8.44154 -7.37578 11.6094
    endloop
  endfacet
  facet normal -0.382212 -0.924075 0.000100179
    outer loop
      vertex 8.1818 -7.2682 12.9599
      vertex 8.43187 -7.37178 11.602
      vertex 8.43719 -7.37398 11.606
    endloop
  endfacet
  facet normal -0.382926 -0.923779 -6.06515e-05
    outer loop
      vertex 8.14747 -7.25398 12.9727
      vertex 8.42707 -7.36979 11.5975
      vertex 8.43187 -7.37178 11.602
    endloop
  endfacet
  facet normal -0.383081 -0.923715 -9.75595e-05
    outer loop
      vertex 8.14747 -7.25398 12.9727
      vertex 8.42302 -7.36811 11.5938
      vertex 8.42707 -7.36979 11.5975
    endloop
  endfacet
  facet normal -0.382416 -0.92399 6.72818e-05
    outer loop
      vertex 8.10614 -7.23686 12.9882
      vertex 8.41925 -7.36655 11.5896
      vertex 8.42302 -7.36811 11.5938
    endloop
  endfacet
  facet normal -0.382363 -0.924012 8.11671e-05
    outer loop
      vertex 8.10614 -7.23686 12.9882
      vertex 8.41502 -7.3648 11.585
      vertex 8.41925 -7.36655 11.5896
    endloop
  endfacet
  facet normal -0.382538 -0.92394 3.5896e-05
    outer loop
      vertex 8.10614 -7.23686 12.9882
      vertex 8.4113 -7.36326 11.5801
      vertex 8.41502 -7.3648 11.585
    endloop
  endfacet
  facet normal -0.382984 -0.923755 -7.73099e-05
    outer loop
      vertex 8.10614 -7.23686 12.9882
      vertex 8.4079 -7.36185 11.5756
      vertex 8.4113 -7.36326 11.5801
    endloop
  endfacet
  facet normal -0.382834 -0.923817 -3.96864e-05
    outer loop
      vertex 8.10614 -7.23686 12.9882
      vertex 8.40486 -7.36059 11.5707
      vertex 8.4079 -7.36185 11.5756
    endloop
  endfacet
  facet normal -0.381339 -0.924435 0.000329369
    outer loop
      vertex 8.10614 -7.23686 12.9882
      vertex 8.40168 -7.35928 11.5657
      vertex 8.40486 -7.36059 11.5707
    endloop
  endfacet
  facet normal -0.382667 -0.923886 6.25239e-06
    outer loop
      vertex 8.10614 -7.23686 12.9882
      vertex 8.399 -7.35817 11.5605
      vertex 8.40168 -7.35928 11.5657
    endloop
  endfacet
  facet normal -0.384604 -0.923082 -0.000459482
    outer loop
      vertex 8.10614 -7.23686 12.9882
      vertex 8.39639 -7.35708 11.5554
      vertex 8.399 -7.35817 11.5605
    endloop
  endfacet
  facet normal -0.381959 -0.924179 0.000168371
    outer loop
      vertex 8.10614 -7.23686 12.9882
      vertex 8.39421 -7.35618 11.55
      vertex 8.39639 -7.35708 11.5554
    endloop
  endfacet
  facet normal -0.383977 -0.923343 -0.000305264
    outer loop
      vertex 8.10614 -7.23686 12.9882
      vertex 8.39205 -7.35528 11.5447
      vertex 8.39421 -7.35618 11.55
    endloop
  endfacet
  facet normal -0.381312 -0.924446 0.000506625
    outer loop
      vertex 7.8636 -7.1364 13.2
      vertex 8.39037 -7.35459 11.5393
      vertex 8.39205 -7.35528 11.5447
    endloop
  endfacet
  facet normal -0.382122 -0.924112 0.000205601
    outer loop
      vertex 7.8636 -7.1364 13.2
      vertex 8.38865 -7.35388 11.5338
      vertex 8.39037 -7.35459 11.5393
    endloop
  endfacet
  facet normal -0.384335 -0.923194 -0.000611487
    outer loop
      vertex 7.8636 -7.1364 13.2
      vertex 8.38741 -7.35336 11.5281
      vertex 8.38865 -7.35388 11.5338
    endloop
  endfacet
  facet normal -0.381886 -0.924209 0.000287575
    outer loop
      vertex 7.8636 -7.1364 13.2
      vertex 8.38622 -7.35287 11.5226
      vertex 8.38741 -7.35336 11.5281
    endloop
  endfacet
  facet normal -0.382473 -0.923967 7.33056e-05
    outer loop
      vertex 7.8636 -7.1364 13.2
      vertex 8.38547 -7.35256 11.5168
      vertex 8.38622 -7.35287 11.5226
    endloop
  endfacet
  facet normal -0.38134 -0.924435 0.000484643
    outer loop
      vertex 7.8636 -7.1364 13.2
      vertex 8.38476 -7.35227 11.5113
      vertex 8.38547 -7.35256 11.5168
    endloop
  endfacet
  facet normal -0.382681 -0.92388 0
    outer loop
      vertex 7.8636 -7.1364 10.4
      vertex 8.38476 -7.35227 11.5113
      vertex 7.8636 -7.1364 13.2
    endloop
  endfacet
  facet normal -0.38062 -0.924731 -0.00113198
    outer loop
      vertex 8.38476 -7.35227 11.5113
      vertex 7.8636 -7.1364 10.4
      vertex 8.38451 -7.35216 11.5055
    endloop
  endfacet
  facet normal -0.384427 -0.923155 0.000969886
    outer loop
      vertex 8.38451 -7.35216 11.5055
      vertex 7.8636 -7.1364 10.4
      vertex 8.38428 -7.35207 11.5
    endloop
  endfacet
  facet normal -0.381744 -0.924268 -0.000518805
    outer loop
      vertex 8.38428 -7.35207 11.5
      vertex 7.8636 -7.1364 10.4
      vertex 8.38453 -7.35217 11.4942
    endloop
  endfacet
  facet normal -0.383962 -0.923349 0.000718516
    outer loop
      vertex 8.38453 -7.35217 11.4942
      vertex 7.8636 -7.1364 10.4
      vertex 8.38476 -7.35227 11.4886
    endloop
  endfacet
  facet normal -0.381702 -0.924285 -0.00054916
    outer loop
      vertex 8.38476 -7.35227 11.4886
      vertex 7.8636 -7.1364 10.4
      vertex 8.38547 -7.35256 11.4832
    endloop
  endfacet
  facet normal -0.38253 -0.923943 -8.18957e-05
    outer loop
      vertex 8.38547 -7.35256 11.4832
      vertex 7.8636 -7.1364 10.4
      vertex 8.38622 -7.35287 11.4774
    endloop
  endfacet
  facet normal -0.382081 -0.924129 -0.000336945
    outer loop
      vertex 8.38622 -7.35287 11.4774
      vertex 7.8636 -7.1364 10.4
      vertex 8.38741 -7.35336 11.4719
    endloop
  endfacet
  facet normal -0.62822 -0.767824 -0.125644
    outer loop
      vertex 8.39205 -7.35528 11.4553
      vertex 8.39639 -7.35708 11.4446
      vertex 8.39421 -7.35618 11.45
    endloop
  endfacet
  facet normal -0.296869 -0.952976 0.0608707
    outer loop
      vertex 8.40168 -7.35928 11.4343
      vertex 8.4079 -7.36185 11.4244
      vertex 8.40486 -7.36059 11.4293
    endloop
  endfacet
  facet normal 0.252342 0.961302 -0.11055
    outer loop
      vertex 8.4079 -7.36185 11.4244
      vertex 8.41502 -7.3648 11.415
      vertex 8.4113 -7.36326 11.4199
    endloop
  endfacet
  facet normal -0.382993 -0.923751 0.000210472
    outer loop
      vertex 7.8636 -7.1364 10.4
      vertex 8.42707 -7.36979 11.4025
      vertex 8.42302 -7.36811 11.4062
    endloop
  endfacet
  facet normal -0.383673 -0.923469 0.000686207
    outer loop
      vertex 7.8636 -7.1364 10.4
      vertex 8.44606 -7.37766 11.3878
      vertex 8.44154 -7.37578 11.3906
    endloop
  endfacet
  facet normal -0.381793 -0.924248 1.19182e-05
    outer loop
      vertex 8.5 -7.4 10.4
      vertex 8.49209 -7.39672 11.369
      vertex 8.4872 -7.3947 11.37
    endloop
  endfacet
  facet normal -0.383922 -0.923365 0.000717058
    outer loop
      vertex 8.38741 -7.35336 11.4719
      vertex 7.8636 -7.1364 10.4
      vertex 8.38865 -7.35388 11.4662
    endloop
  endfacet
  facet normal -0.382245 -0.924061 -0.000250525
    outer loop
      vertex 7.8636 -7.1364 10.4
      vertex 8.39037 -7.35459 11.4607
      vertex 8.38865 -7.35388 11.4662
    endloop
  endfacet
  facet normal -0.381615 -0.924321 -0.000616922
    outer loop
      vertex 7.8636 -7.1364 10.4
      vertex 8.39205 -7.35528 11.4553
      vertex 8.39037 -7.35459 11.4607
    endloop
  endfacet
  facet normal -0.382862 -0.923805 0.000114708
    outer loop
      vertex 7.8636 -7.1364 10.4
      vertex 8.39639 -7.35708 11.4446
      vertex 8.39205 -7.35528 11.4553
    endloop
  endfacet
  facet normal -0.384023 -0.923323 0.000808437
    outer loop
      vertex 7.8636 -7.1364 10.4
      vertex 8.399 -7.35817 11.4395
      vertex 8.39639 -7.35708 11.4446
    endloop
  endfacet
  facet normal -0.38267 -0.923885 -8.22714e-06
    outer loop
      vertex 7.8636 -7.1364 10.4
      vertex 8.40168 -7.35928 11.4343
      vertex 8.399 -7.35817 11.4395
    endloop
  endfacet
  facet normal -0.382239 -0.924064 -0.000270925
    outer loop
      vertex 7.8636 -7.1364 10.4
      vertex 8.4079 -7.36185 11.4244
      vertex 8.40168 -7.35928 11.4343
    endloop
  endfacet
  facet normal -0.382732 -0.92386 3.58075e-05
    outer loop
      vertex 7.8636 -7.1364 10.4
      vertex 8.41502 -7.3648 11.415
      vertex 8.4079 -7.36185 11.4244
    endloop
  endfacet
  facet normal -0.382432 -0.923984 -0.00015517
    outer loop
      vertex 7.8636 -7.1364 10.4
      vertex 8.41925 -7.36655 11.4104
      vertex 8.41502 -7.3648 11.415
    endloop
  endfacet
  facet normal -0.382474 -0.923966 -0.000128075
    outer loop
      vertex 7.8636 -7.1364 10.4
      vertex 8.42302 -7.36811 11.4062
      vertex 8.41925 -7.36655 11.4104
    endloop
  endfacet
  facet normal -0.382871 -0.923802 0.000129915
    outer loop
      vertex 8.42707 -7.36979 11.4025
      vertex 7.8636 -7.1364 10.4
      vertex 8.43187 -7.37178 11.398
    endloop
  endfacet
  facet normal -0.382306 -0.924036 -0.000247094
    outer loop
      vertex 7.8636 -7.1364 10.4
      vertex 8.43719 -7.37398 11.394
      vertex 8.43187 -7.37178 11.398
    endloop
  endfacet
  facet normal -0.382451 -0.923976 -0.000148888
    outer loop
      vertex 7.8636 -7.1364 10.4
      vertex 8.44154 -7.37578 11.3906
      vertex 8.43719 -7.37398 11.394
    endloop
  endfacet
  facet normal -0.382308 -0.924035 -0.000256433
    outer loop
      vertex 8.44606 -7.37766 11.3878
      vertex 7.8636 -7.1364 10.4
      vertex 8.45196 -7.3801 11.384
    endloop
  endfacet
  facet normal -0.382677 -0.923882 1.49894e-06
    outer loop
      vertex 8.5 -7.4 10.4
      vertex 8.45196 -7.3801 11.384
      vertex 7.8636 -7.1364 10.4
    endloop
  endfacet
  facet normal -0.383085 -0.923713 -2.18524e-05
    outer loop
      vertex 8.45196 -7.3801 11.384
      vertex 8.5 -7.4 10.4
      vertex 8.45835 -7.38275 11.3807
    endloop
  endfacet
  facet normal -0.382111 -0.924117 2.66149e-05
    outer loop
      vertex 8.45835 -7.38275 11.3807
      vertex 8.5 -7.4 10.4
      vertex 8.46309 -7.38471 11.3783
    endloop
  endfacet
  facet normal -0.382289 -0.924043 1.8738e-05
    outer loop
      vertex 8.46309 -7.38471 11.3783
      vertex 8.5 -7.4 10.4
      vertex 8.4679 -7.3867 11.3764
    endloop
  endfacet
  facet normal -0.383494 -0.923543 -2.76821e-05
    outer loop
      vertex 8.4679 -7.3867 11.3764
      vertex 8.5 -7.4 10.4
      vertex 8.47486 -7.38959 11.3736
    endloop
  endfacet
  facet normal -0.382462 -0.923971 3.52663e-06
    outer loop
      vertex 8.47486 -7.38959 11.3736
      vertex 8.5 -7.4 10.4
      vertex 8.47974 -7.39161 11.3722
    endloop
  endfacet
  facet normal -0.38268 -0.923881 -1.79443e-06
    outer loop
      vertex 8.47974 -7.39161 11.3722
      vertex 8.5 -7.4 10.4
      vertex 8.4872 -7.3947 11.37
    endloop
  endfacet
  facet normal -0.383039 -0.923732 0
    outer loop
      vertex 8.49209 -7.39672 11.369
      vertex 8.5 -7.4 10.4
      vertex 8.5 -7.4 11.3675
    endloop
  endfacet
  facet normal -0.382682 -0.92388 0
    outer loop
      vertex 8.33914 -7.33337 13.1416
      vertex 8.5 -7.4 13.2
      vertex 8.33914 -7.33337 13.2
    endloop
  endfacet
  facet normal -0.382614 -0.923908 -0.000218029
    outer loop
      vertex 8.33461 -7.33149 13.1246
      vertex 8.5 -7.4 13.2
      vertex 8.33914 -7.33337 13.1416
    endloop
  endfacet
  facet normal -0.38274 -0.923856 0.000105503
    outer loop
      vertex 8.30809 -7.32051 13.0647
      vertex 8.5 -7.4 13.2
      vertex 8.33461 -7.33149 13.1246
    endloop
  endfacet
  facet normal -0.382533 -0.923942 -0.000238588
    outer loop
      vertex 8.2907 -7.3133 13.0254
      vertex 8.5 -7.4 13.2
      vertex 8.30809 -7.32051 13.0647
    endloop
  endfacet
  facet normal -0.382524 -0.923946 3.1493e-05
    outer loop
      vertex 8.5 -7.4 11.6325
      vertex 8.2907 -7.3133 13.0254
      vertex 8.27152 -7.30536 13.0039
    endloop
  endfacet
  facet normal -0.382502 -0.923955 3.57477e-05
    outer loop
      vertex 8.5 -7.4 11.6325
      vertex 8.27152 -7.30536 13.0039
      vertex 8.25746 -7.29954 12.9882
    endloop
  endfacet
  facet normal -0.382597 -0.923916 2.24765e-05
    outer loop
      vertex 8.5 -7.4 11.6325
      vertex 8.21614 -7.28242 12.9727
      vertex 8.1818 -7.2682 12.9599
    endloop
  endfacet
  facet normal -0.382703 -0.923872 0
    outer loop
      vertex 8.2907 -7.3133 13.0254
      vertex 8.5 -7.4 11.6325
      vertex 8.5 -7.4 13.2
    endloop
  endfacet
  facet normal -0.382767 -0.923845 -1.97452e-05
    outer loop
      vertex 8.21614 -7.28242 12.9727
      vertex 8.5 -7.4 11.6325
      vertex 8.25746 -7.29954 12.9882
    endloop
  endfacet
  facet normal -0.382682 0.92388 0
    outer loop
      vertex 8.5 -5.6 13.2
      vertex 8.33914 -5.66663 13.1416
      vertex 8.33914 -5.66663 13.2
    endloop
  endfacet
  facet normal -0.382614 0.923908 -0.000218029
    outer loop
      vertex 8.5 -5.6 13.2
      vertex 8.33461 -5.66851 13.1246
      vertex 8.33914 -5.66663 13.1416
    endloop
  endfacet
  facet normal -0.38274 0.923856 0.000105503
    outer loop
      vertex 8.5 -5.6 13.2
      vertex 8.30809 -5.67949 13.0647
      vertex 8.33461 -5.66851 13.1246
    endloop
  endfacet
  facet normal -0.382533 0.923942 -0.000238588
    outer loop
      vertex 8.5 -5.6 13.2
      vertex 8.2907 -5.6867 13.0254
      vertex 8.30809 -5.67949 13.0647
    endloop
  endfacet
  facet normal -0.382703 0.923872 0
    outer loop
      vertex 8.5 -5.6 11.6325
      vertex 8.2907 -5.6867 13.0254
      vertex 8.5 -5.6 13.2
    endloop
  endfacet
  facet normal -0.382524 0.923946 3.1493e-05
    outer loop
      vertex 8.2907 -5.6867 13.0254
      vertex 8.5 -5.6 11.6325
      vertex 8.27152 -5.69464 13.0039
    endloop
  endfacet
  facet normal -0.382767 0.923845 -1.97452e-05
    outer loop
      vertex 8.5 -5.6 11.6325
      vertex 8.21614 -5.71758 12.9727
      vertex 8.25746 -5.70046 12.9882
    endloop
  endfacet
  facet normal -0.382597 0.923916 2.24765e-05
    outer loop
      vertex 8.21614 -5.71758 12.9727
      vertex 8.5 -5.6 11.6325
      vertex 8.1818 -5.7318 12.9599
    endloop
  endfacet
  facet normal -0.382502 0.923955 3.57477e-05
    outer loop
      vertex 8.27152 -5.69464 13.0039
      vertex 8.5 -5.6 11.6325
      vertex 8.25746 -5.70046 12.9882
    endloop
  endfacet
  facet normal -0.382632 0.923901 0
    outer loop
      vertex 8.02446 -5.79698 13.1416
      vertex 7.8636 -5.8636 13.2
      vertex 8.02446 -5.79698 13.2
    endloop
  endfacet
  facet normal -0.382637 0.923899 -1.42168e-05
    outer loop
      vertex 8.029 -5.7951 13.1246
      vertex 7.8636 -5.8636 13.2
      vertex 8.02446 -5.79698 13.1416
    endloop
  endfacet
  facet normal -0.382549 0.923935 0.000211573
    outer loop
      vertex 8.05551 -5.78411 13.0647
      vertex 7.8636 -5.8636 13.2
      vertex 8.029 -5.7951 13.1246
    endloop
  endfacet
  facet normal -0.382738 0.923857 -0.0001031
    outer loop
      vertex 8.0729 -5.77691 13.0254
      vertex 7.8636 -5.8636 13.2
      vertex 8.05551 -5.78411 13.0647
    endloop
  endfacet
  facet normal -0.382504 0.923954 0.000226251
    outer loop
      vertex 8.10614 -5.76314 12.9882
      vertex 7.8636 -5.8636 13.2
      vertex 8.0729 -5.77691 13.0254
    endloop
  endfacet
  facet normal -0.383024 0.923739 -9.74479e-05
    outer loop
      vertex 8.49209 -5.60328 11.631
      vertex 8.1818 -5.7318 12.9599
      vertex 8.5 -5.6 11.6325
    endloop
  endfacet
  facet normal -0.381835 0.92423 0.000227643
    outer loop
      vertex 8.4872 -5.6053 11.63
      vertex 8.1818 -5.7318 12.9599
      vertex 8.49209 -5.60328 11.631
    endloop
  endfacet
  facet normal -0.38268 0.923881 3.48867e-07
    outer loop
      vertex 8.47974 -5.60839 11.6278
      vertex 8.1818 -5.7318 12.9599
      vertex 8.4872 -5.6053 11.63
    endloop
  endfacet
  facet normal -0.382476 0.923965 5.36928e-05
    outer loop
      vertex 8.47486 -5.61041 11.6264
      vertex 8.1818 -5.7318 12.9599
      vertex 8.47974 -5.60839 11.6278
    endloop
  endfacet
  facet normal -0.38342 0.923574 -0.000189163
    outer loop
      vertex 8.4679 -5.6133 11.6236
      vertex 8.1818 -5.7318 12.9599
      vertex 8.47486 -5.61041 11.6264
    endloop
  endfacet
  facet normal -0.382324 0.924028 8.5627e-05
    outer loop
      vertex 8.46309 -5.61529 11.6217
      vertex 8.1818 -5.7318 12.9599
      vertex 8.4679 -5.6133 11.6236
    endloop
  endfacet
  facet normal -0.382177 0.924089 0.000121834
    outer loop
      vertex 8.45835 -5.61725 11.6192
      vertex 8.1818 -5.7318 12.9599
      vertex 8.46309 -5.61529 11.6217
    endloop
  endfacet
  facet normal -0.383038 0.923732 -8.62942e-05
    outer loop
      vertex 8.45196 -5.6199 11.616
      vertex 8.1818 -5.7318 12.9599
      vertex 8.45835 -5.61725 11.6192
    endloop
  endfacet
  facet normal -0.382225 0.924069 0.000105206
    outer loop
      vertex 8.44606 -5.62234 11.6122
      vertex 8.1818 -5.7318 12.9599
      vertex 8.45196 -5.6199 11.616
    endloop
  endfacet
  facet normal -0.383889 0.923379 -0.000277033
    outer loop
      vertex 8.44154 -5.62422 11.6094
      vertex 8.1818 -5.7318 12.9599
      vertex 8.44606 -5.62234 11.6122
    endloop
  endfacet
  facet normal -0.382392 0.924 6.02984e-05
    outer loop
      vertex 8.43719 -5.62602 11.606
      vertex 8.1818 -5.7318 12.9599
      vertex 8.44154 -5.62422 11.6094
    endloop
  endfacet
  facet normal -0.382212 0.924075 0.000100179
    outer loop
      vertex 8.43187 -5.62822 11.602
      vertex 8.1818 -5.7318 12.9599
      vertex 8.43719 -5.62602 11.606
    endloop
  endfacet
  facet normal -0.382685 0.923879 -2.0003e-06
    outer loop
      vertex 8.1818 -5.7318 12.9599
      vertex 8.43187 -5.62822 11.602
      vertex 8.14747 -5.74602 12.9727
    endloop
  endfacet
  facet normal -0.382926 0.923779 -6.06515e-05
    outer loop
      vertex 8.42707 -5.63021 11.5975
      vertex 8.14747 -5.74602 12.9727
      vertex 8.43187 -5.62822 11.602
    endloop
  endfacet
  facet normal -0.383081 0.923715 -9.75595e-05
    outer loop
      vertex 8.42302 -5.63189 11.5938
      vertex 8.14747 -5.74602 12.9727
      vertex 8.42707 -5.63021 11.5975
    endloop
  endfacet
  facet normal -0.382696 0.923874 -7.41463e-06
    outer loop
      vertex 8.14747 -5.74602 12.9727
      vertex 8.42302 -5.63189 11.5938
      vertex 8.10614 -5.76314 12.9882
    endloop
  endfacet
  facet normal -0.382416 0.92399 6.72818e-05
    outer loop
      vertex 8.41925 -5.63345 11.5896
      vertex 8.10614 -5.76314 12.9882
      vertex 8.42302 -5.63189 11.5938
    endloop
  endfacet
  facet normal -0.382363 0.924012 8.11671e-05
    outer loop
      vertex 8.41502 -5.6352 11.585
      vertex 8.10614 -5.76314 12.9882
      vertex 8.41925 -5.63345 11.5896
    endloop
  endfacet
  facet normal -0.382538 0.92394 3.5896e-05
    outer loop
      vertex 8.4113 -5.63674 11.5801
      vertex 8.10614 -5.76314 12.9882
      vertex 8.41502 -5.6352 11.585
    endloop
  endfacet
  facet normal -0.382984 0.923755 -7.73099e-05
    outer loop
      vertex 8.4079 -5.63815 11.5756
      vertex 8.10614 -5.76314 12.9882
      vertex 8.4113 -5.63674 11.5801
    endloop
  endfacet
  facet normal -0.382834 0.923817 -3.96864e-05
    outer loop
      vertex 8.40486 -5.63941 11.5707
      vertex 8.10614 -5.76314 12.9882
      vertex 8.4079 -5.63815 11.5756
    endloop
  endfacet
  facet normal -0.381339 0.924435 0.000329369
    outer loop
      vertex 8.40168 -5.64072 11.5657
      vertex 8.10614 -5.76314 12.9882
      vertex 8.40486 -5.63941 11.5707
    endloop
  endfacet
  facet normal -0.382667 0.923886 6.25239e-06
    outer loop
      vertex 8.399 -5.64183 11.5605
      vertex 8.10614 -5.76314 12.9882
      vertex 8.40168 -5.64072 11.5657
    endloop
  endfacet
  facet normal -0.384604 0.923082 -0.000459482
    outer loop
      vertex 8.39639 -5.64292 11.5554
      vertex 8.10614 -5.76314 12.9882
      vertex 8.399 -5.64183 11.5605
    endloop
  endfacet
  facet normal -0.381959 0.924179 0.000168371
    outer loop
      vertex 8.39421 -5.64382 11.55
      vertex 8.10614 -5.76314 12.9882
      vertex 8.39639 -5.64292 11.5554
    endloop
  endfacet
  facet normal -0.383977 0.923343 -0.000305264
    outer loop
      vertex 8.39205 -5.64472 11.5447
      vertex 8.10614 -5.76314 12.9882
      vertex 8.39421 -5.64382 11.55
    endloop
  endfacet
  facet normal -0.382675 0.923883 -2.97314e-06
    outer loop
      vertex 8.10614 -5.76314 12.9882
      vertex 8.39205 -5.64472 11.5447
      vertex 7.8636 -5.8636 13.2
    endloop
  endfacet
  facet normal -0.381312 0.924446 0.000506625
    outer loop
      vertex 8.39037 -5.64541 11.5393
      vertex 7.8636 -5.8636 13.2
      vertex 8.39205 -5.64472 11.5447
    endloop
  endfacet
  facet normal -0.382122 0.924112 0.000205601
    outer loop
      vertex 8.38865 -5.64612 11.5338
      vertex 7.8636 -5.8636 13.2
      vertex 8.39037 -5.64541 11.5393
    endloop
  endfacet
  facet normal -0.384335 0.923194 -0.000611487
    outer loop
      vertex 8.38741 -5.64664 11.5281
      vertex 7.8636 -5.8636 13.2
      vertex 8.38865 -5.64612 11.5338
    endloop
  endfacet
  facet normal -0.381886 0.924209 0.000287575
    outer loop
      vertex 8.38622 -5.64713 11.5226
      vertex 7.8636 -5.8636 13.2
      vertex 8.38741 -5.64664 11.5281
    endloop
  endfacet
  facet normal -0.382473 0.923967 7.33056e-05
    outer loop
      vertex 8.38547 -5.64744 11.5168
      vertex 7.8636 -5.8636 13.2
      vertex 8.38622 -5.64713 11.5226
    endloop
  endfacet
  facet normal -0.38134 0.924435 0.000484643
    outer loop
      vertex 8.38476 -5.64773 11.5113
      vertex 7.8636 -5.8636 13.2
      vertex 8.38547 -5.64744 11.5168
    endloop
  endfacet
  facet normal -0.38062 0.924731 -0.00113198
    outer loop
      vertex 7.8636 -5.8636 10.4
      vertex 8.38476 -5.64773 11.5113
      vertex 8.38451 -5.64784 11.5055
    endloop
  endfacet
  facet normal -0.384427 0.923155 0.000969886
    outer loop
      vertex 7.8636 -5.8636 10.4
      vertex 8.38451 -5.64784 11.5055
      vertex 8.38428 -5.64793 11.5
    endloop
  endfacet
  facet normal -0.381744 0.924268 -0.000518805
    outer loop
      vertex 7.8636 -5.8636 10.4
      vertex 8.38428 -5.64793 11.5
      vertex 8.38453 -5.64783 11.4942
    endloop
  endfacet
  facet normal -0.383962 0.923349 0.000718516
    outer loop
      vertex 7.8636 -5.8636 10.4
      vertex 8.38453 -5.64783 11.4942
      vertex 8.38476 -5.64773 11.4886
    endloop
  endfacet
  facet normal -0.381702 0.924285 -0.00054916
    outer loop
      vertex 7.8636 -5.8636 10.4
      vertex 8.38476 -5.64773 11.4886
      vertex 8.38547 -5.64744 11.4832
    endloop
  endfacet
  facet normal -0.38253 0.923943 -8.18957e-05
    outer loop
      vertex 7.8636 -5.8636 10.4
      vertex 8.38547 -5.64744 11.4832
      vertex 8.38622 -5.64713 11.4774
    endloop
  endfacet
  facet normal -0.382081 0.924129 -0.000336945
    outer loop
      vertex 7.8636 -5.8636 10.4
      vertex 8.38622 -5.64713 11.4774
      vertex 8.38741 -5.64664 11.4719
    endloop
  endfacet
  facet normal -0.383922 0.923365 0.000717058
    outer loop
      vertex 7.8636 -5.8636 10.4
      vertex 8.38741 -5.64664 11.4719
      vertex 8.38865 -5.64612 11.4662
    endloop
  endfacet
  facet normal -0.62822 0.767824 -0.125644
    outer loop
      vertex 8.39639 -5.64292 11.4446
      vertex 8.39205 -5.64472 11.4553
      vertex 8.39421 -5.64382 11.45
    endloop
  endfacet
  facet normal -0.296869 0.952976 0.0608707
    outer loop
      vertex 8.4079 -5.63815 11.4244
      vertex 8.40168 -5.64072 11.4343
      vertex 8.40486 -5.63941 11.4293
    endloop
  endfacet
  facet normal 0.252342 -0.961302 -0.11055
    outer loop
      vertex 8.41502 -5.6352 11.415
      vertex 8.4079 -5.63815 11.4244
      vertex 8.4113 -5.63674 11.4199
    endloop
  endfacet
  facet normal -0.382871 0.923802 0.000129915
    outer loop
      vertex 7.8636 -5.8636 10.4
      vertex 8.42707 -5.63021 11.4025
      vertex 8.43187 -5.62822 11.398
    endloop
  endfacet
  facet normal -0.382308 0.924035 -0.000256433
    outer loop
      vertex 7.8636 -5.8636 10.4
      vertex 8.44606 -5.62234 11.3878
      vertex 8.45196 -5.6199 11.384
    endloop
  endfacet
  facet normal -0.383039 0.923732 0
    outer loop
      vertex 8.5 -5.6 10.4
      vertex 8.49209 -5.60328 11.369
      vertex 8.5 -5.6 11.3675
    endloop
  endfacet
  facet normal -0.381793 0.924248 1.19182e-05
    outer loop
      vertex 8.49209 -5.60328 11.369
      vertex 8.5 -5.6 10.4
      vertex 8.4872 -5.6053 11.37
    endloop
  endfacet
  facet normal -0.38268 0.923881 -1.79443e-06
    outer loop
      vertex 8.5 -5.6 10.4
      vertex 8.47974 -5.60839 11.3722
      vertex 8.4872 -5.6053 11.37
    endloop
  endfacet
  facet normal -0.382462 0.923971 3.52663e-06
    outer loop
      vertex 8.5 -5.6 10.4
      vertex 8.47486 -5.61041 11.3736
      vertex 8.47974 -5.60839 11.3722
    endloop
  endfacet
  facet normal -0.383494 0.923543 -2.76821e-05
    outer loop
      vertex 8.5 -5.6 10.4
      vertex 8.4679 -5.6133 11.3764
      vertex 8.47486 -5.61041 11.3736
    endloop
  endfacet
  facet normal -0.382289 0.924043 1.8738e-05
    outer loop
      vertex 8.5 -5.6 10.4
      vertex 8.46309 -5.61529 11.3783
      vertex 8.4679 -5.6133 11.3764
    endloop
  endfacet
  facet normal -0.382111 0.924117 2.66149e-05
    outer loop
      vertex 8.5 -5.6 10.4
      vertex 8.45835 -5.61725 11.3807
      vertex 8.46309 -5.61529 11.3783
    endloop
  endfacet
  facet normal -0.383085 0.923713 -2.18524e-05
    outer loop
      vertex 8.5 -5.6 10.4
      vertex 8.45196 -5.6199 11.384
      vertex 8.45835 -5.61725 11.3807
    endloop
  endfacet
  facet normal -0.382677 0.923882 1.49894e-06
    outer loop
      vertex 7.8636 -5.8636 10.4
      vertex 8.45196 -5.6199 11.384
      vertex 8.5 -5.6 10.4
    endloop
  endfacet
  facet normal -0.383673 0.923469 0.000686207
    outer loop
      vertex 8.44606 -5.62234 11.3878
      vertex 7.8636 -5.8636 10.4
      vertex 8.44154 -5.62422 11.3906
    endloop
  endfacet
  facet normal -0.382451 0.923976 -0.000148888
    outer loop
      vertex 8.44154 -5.62422 11.3906
      vertex 7.8636 -5.8636 10.4
      vertex 8.43719 -5.62602 11.394
    endloop
  endfacet
  facet normal -0.382306 0.924036 -0.000247094
    outer loop
      vertex 8.43719 -5.62602 11.394
      vertex 7.8636 -5.8636 10.4
      vertex 8.43187 -5.62822 11.398
    endloop
  endfacet
  facet normal -0.382993 0.923751 0.000210472
    outer loop
      vertex 8.42707 -5.63021 11.4025
      vertex 7.8636 -5.8636 10.4
      vertex 8.42302 -5.63189 11.4062
    endloop
  endfacet
  facet normal -0.382474 0.923966 -0.000128075
    outer loop
      vertex 8.42302 -5.63189 11.4062
      vertex 7.8636 -5.8636 10.4
      vertex 8.41925 -5.63345 11.4104
    endloop
  endfacet
  facet normal -0.382432 0.923984 -0.00015517
    outer loop
      vertex 8.41925 -5.63345 11.4104
      vertex 7.8636 -5.8636 10.4
      vertex 8.41502 -5.6352 11.415
    endloop
  endfacet
  facet normal -0.382732 0.92386 3.58075e-05
    outer loop
      vertex 8.41502 -5.6352 11.415
      vertex 7.8636 -5.8636 10.4
      vertex 8.4079 -5.63815 11.4244
    endloop
  endfacet
  facet normal -0.382239 0.924064 -0.000270925
    outer loop
      vertex 8.4079 -5.63815 11.4244
      vertex 7.8636 -5.8636 10.4
      vertex 8.40168 -5.64072 11.4343
    endloop
  endfacet
  facet normal -0.38267 0.923885 -8.22714e-06
    outer loop
      vertex 8.40168 -5.64072 11.4343
      vertex 7.8636 -5.8636 10.4
      vertex 8.399 -5.64183 11.4395
    endloop
  endfacet
  facet normal -0.384023 0.923323 0.000808437
    outer loop
      vertex 8.399 -5.64183 11.4395
      vertex 7.8636 -5.8636 10.4
      vertex 8.39639 -5.64292 11.4446
    endloop
  endfacet
  facet normal -0.382862 0.923805 0.000114708
    outer loop
      vertex 8.39639 -5.64292 11.4446
      vertex 7.8636 -5.8636 10.4
      vertex 8.39205 -5.64472 11.4553
    endloop
  endfacet
  facet normal -0.381615 0.924321 -0.000616922
    outer loop
      vertex 8.39205 -5.64472 11.4553
      vertex 7.8636 -5.8636 10.4
      vertex 8.39037 -5.64541 11.4607
    endloop
  endfacet
  facet normal -0.382245 0.924061 -0.000250525
    outer loop
      vertex 8.39037 -5.64541 11.4607
      vertex 7.8636 -5.8636 10.4
      vertex 8.38865 -5.64612 11.4662
    endloop
  endfacet
  facet normal -0.382681 0.92388 0
    outer loop
      vertex 8.38476 -5.64773 11.5113
      vertex 7.8636 -5.8636 10.4
      vertex 7.8636 -5.8636 13.2
    endloop
  endfacet
  facet normal -0.923883 0.382674 0
    outer loop
      vertex 7.64713 -6.38622 11.5226
      vertex 7.8636 -5.8636 13.2
      vertex 7.8636 -5.8636 10.4
    endloop
  endfacet
  facet normal -0.923899 0.382637 -1.42168e-05
    outer loop
      vertex 7.8636 -5.8636 13.2
      vertex 7.7951 -6.029 13.1246
      vertex 7.79698 -6.02446 13.1416
    endloop
  endfacet
  facet normal -0.923935 0.382549 0.000211573
    outer loop
      vertex 7.8636 -5.8636 13.2
      vertex 7.78411 -6.05551 13.0647
      vertex 7.7951 -6.029 13.1246
    endloop
  endfacet
  facet normal -0.923857 0.382738 -0.0001031
    outer loop
      vertex 7.8636 -5.8636 13.2
      vertex 7.77691 -6.0729 13.0254
      vertex 7.78411 -6.05551 13.0647
    endloop
  endfacet
  facet normal -0.924209 0.381886 0.000287575
    outer loop
      vertex 7.64664 -6.38741 11.5281
      vertex 7.8636 -5.8636 13.2
      vertex 7.64713 -6.38622 11.5226
    endloop
  endfacet
  facet normal -0.923194 0.384335 -0.000611487
    outer loop
      vertex 7.64612 -6.38865 11.5338
      vertex 7.8636 -5.8636 13.2
      vertex 7.64664 -6.38741 11.5281
    endloop
  endfacet
  facet normal -0.924112 0.382122 0.000205601
    outer loop
      vertex 7.64541 -6.39037 11.5393
      vertex 7.8636 -5.8636 13.2
      vertex 7.64612 -6.38865 11.5338
    endloop
  endfacet
  facet normal -0.924446 0.381312 0.000506625
    outer loop
      vertex 7.64472 -6.39205 11.5447
      vertex 7.8636 -5.8636 13.2
      vertex 7.64541 -6.39037 11.5393
    endloop
  endfacet
  facet normal -0.923883 0.382675 -2.97314e-06
    outer loop
      vertex 7.76314 -6.10614 12.9882
      vertex 7.8636 -5.8636 13.2
      vertex 7.64472 -6.39205 11.5447
    endloop
  endfacet
  facet normal -0.923954 0.382504 0.000226251
    outer loop
      vertex 7.8636 -5.8636 13.2
      vertex 7.76314 -6.10614 12.9882
      vertex 7.77691 -6.0729 13.0254
    endloop
  endfacet
  facet normal -0.923343 0.383977 -0.000305264
    outer loop
      vertex 7.64382 -6.39421 11.55
      vertex 7.76314 -6.10614 12.9882
      vertex 7.64472 -6.39205 11.5447
    endloop
  endfacet
  facet normal -0.923886 0.382667 6.25239e-06
    outer loop
      vertex 7.64072 -6.40168 11.5657
      vertex 7.76314 -6.10614 12.9882
      vertex 7.64183 -6.399 11.5605
    endloop
  endfacet
  facet normal -0.924435 0.381339 0.000329369
    outer loop
      vertex 7.63941 -6.40486 11.5707
      vertex 7.76314 -6.10614 12.9882
      vertex 7.64072 -6.40168 11.5657
    endloop
  endfacet
  facet normal -0.923817 0.382834 -3.96864e-05
    outer loop
      vertex 7.63815 -6.4079 11.5756
      vertex 7.76314 -6.10614 12.9882
      vertex 7.63941 -6.40486 11.5707
    endloop
  endfacet
  facet normal -0.924731 0.38062 -0.00113198
    outer loop
      vertex 7.64773 -6.38476 11.5113
      vertex 7.8636 -5.8636 10.4
      vertex 7.64784 -6.38451 11.5055
    endloop
  endfacet
  facet normal -0.923155 0.384427 0.000969886
    outer loop
      vertex 7.64784 -6.38451 11.5055
      vertex 7.8636 -5.8636 10.4
      vertex 7.64793 -6.38428 11.5
    endloop
  endfacet
  facet normal -0.924268 0.381744 -0.000518805
    outer loop
      vertex 7.8636 -5.8636 10.4
      vertex 7.64783 -6.38453 11.4942
      vertex 7.64793 -6.38428 11.5
    endloop
  endfacet
  facet normal -0.923349 0.383962 0.000718516
    outer loop
      vertex 7.8636 -5.8636 10.4
      vertex 7.64773 -6.38476 11.4886
      vertex 7.64783 -6.38453 11.4942
    endloop
  endfacet
  facet normal -0.924285 0.381702 -0.00054916
    outer loop
      vertex 7.8636 -5.8636 10.4
      vertex 7.64744 -6.38547 11.4832
      vertex 7.64773 -6.38476 11.4886
    endloop
  endfacet
  facet normal -0.923943 0.38253 -8.18957e-05
    outer loop
      vertex 7.8636 -5.8636 10.4
      vertex 7.64713 -6.38622 11.4774
      vertex 7.64744 -6.38547 11.4832
    endloop
  endfacet
  facet normal -0.924129 0.382081 -0.000336945
    outer loop
      vertex 7.8636 -5.8636 10.4
      vertex 7.64664 -6.38741 11.4719
      vertex 7.64713 -6.38622 11.4774
    endloop
  endfacet
  facet normal -0.923365 0.383922 0.000717058
    outer loop
      vertex 7.8636 -5.8636 10.4
      vertex 7.64612 -6.38865 11.4662
      vertex 7.64664 -6.38741 11.4719
    endloop
  endfacet
  facet normal -0.924061 0.382245 -0.000250525
    outer loop
      vertex 7.8636 -5.8636 10.4
      vertex 7.64541 -6.39037 11.4607
      vertex 7.64612 -6.38865 11.4662
    endloop
  endfacet
  facet normal -0.924321 0.381615 -0.000616922
    outer loop
      vertex 7.8636 -5.8636 10.4
      vertex 7.64472 -6.39205 11.4553
      vertex 7.64541 -6.39037 11.4607
    endloop
  endfacet
  facet normal -0.923523 0.383542 0.000513405
    outer loop
      vertex 7.8636 -5.8636 10.4
      vertex 7.64382 -6.39421 11.45
      vertex 7.64472 -6.39205 11.4553
    endloop
  endfacet
  facet normal -0.92408 0.382199 -0.000281726
    outer loop
      vertex 7.8636 -5.8636 10.4
      vertex 7.64292 -6.39639 11.4446
      vertex 7.64382 -6.39421 11.45
    endloop
  endfacet
  facet normal -0.923323 0.384023 0.000808437
    outer loop
      vertex 7.8636 -5.8636 10.4
      vertex 7.64183 -6.399 11.4395
      vertex 7.64292 -6.39639 11.4446
    endloop
  endfacet
  facet normal -0.923885 0.38267 -8.22714e-06
    outer loop
      vertex 7.8636 -5.8636 10.4
      vertex 7.64072 -6.40168 11.4343
      vertex 7.64183 -6.399 11.4395
    endloop
  endfacet
  facet normal -0.924286 0.381701 -0.000598767
    outer loop
      vertex 7.8636 -5.8636 10.4
      vertex 7.63941 -6.40486 11.4293
      vertex 7.64072 -6.40168 11.4343
    endloop
  endfacet
  facet normal -0.923836 0.38279 7.19094e-05
    outer loop
      vertex 7.8636 -5.8636 10.4
      vertex 7.63815 -6.4079 11.4244
      vertex 7.63941 -6.40486 11.4293
    endloop
  endfacet
  facet normal -0.923787 0.382907 0.000145288
    outer loop
      vertex 7.8636 -5.8636 10.4
      vertex 7.63674 -6.4113 11.4199
      vertex 7.63815 -6.4079 11.4244
    endloop
  endfacet
  facet normal -0.923926 0.382572 -6.57812e-05
    outer loop
      vertex 7.8636 -5.8636 10.4
      vertex 7.6352 -6.41502 11.415
      vertex 7.63674 -6.4113 11.4199
    endloop
  endfacet
  facet normal -0.923984 0.382432 -0.00015517
    outer loop
      vertex 7.8636 -5.8636 10.4
      vertex 7.63345 -6.41925 11.4104
      vertex 7.6352 -6.41502 11.415
    endloop
  endfacet
  facet normal -0.923966 0.382474 -0.000128075
    outer loop
      vertex 7.8636 -5.8636 10.4
      vertex 7.63189 -6.42302 11.4062
      vertex 7.63345 -6.41925 11.4104
    endloop
  endfacet
  facet normal -0.923751 0.382993 0.000210472
    outer loop
      vertex 7.8636 -5.8636 10.4
      vertex 7.63021 -6.42707 11.4025
      vertex 7.63189 -6.42302 11.4062
    endloop
  endfacet
  facet normal -0.923802 0.382871 0.000129915
    outer loop
      vertex 7.8636 -5.8636 10.4
      vertex 7.62822 -6.43187 11.398
      vertex 7.63021 -6.42707 11.4025
    endloop
  endfacet
  facet normal -0.924036 0.382306 -0.000247094
    outer loop
      vertex 7.8636 -5.8636 10.4
      vertex 7.62602 -6.43719 11.394
      vertex 7.62822 -6.43187 11.398
    endloop
  endfacet
  facet normal -0.923976 0.382451 -0.000148888
    outer loop
      vertex 7.8636 -5.8636 10.4
      vertex 7.62422 -6.44154 11.3906
      vertex 7.62602 -6.43719 11.394
    endloop
  endfacet
  facet normal -0.923469 0.383673 0.000686207
    outer loop
      vertex 7.8636 -5.8636 10.4
      vertex 7.62234 -6.44606 11.3878
      vertex 7.62422 -6.44154 11.3906
    endloop
  endfacet
  facet normal -0.924035 0.382308 -0.000256433
    outer loop
      vertex 7.8636 -5.8636 10.4
      vertex 7.6199 -6.45196 11.384
      vertex 7.62234 -6.44606 11.3878
    endloop
  endfacet
  facet normal -0.923882 0.382677 1.49894e-06
    outer loop
      vertex 7.6 -6.5 10.4
      vertex 7.6199 -6.45196 11.384
      vertex 7.8636 -5.8636 10.4
    endloop
  endfacet
  facet normal -0.923713 0.383085 -2.18524e-05
    outer loop
      vertex 7.6199 -6.45196 11.384
      vertex 7.6 -6.5 10.4
      vertex 7.61725 -6.45835 11.3807
    endloop
  endfacet
  facet normal -0.924117 0.382111 2.66149e-05
    outer loop
      vertex 7.61725 -6.45835 11.3807
      vertex 7.6 -6.5 10.4
      vertex 7.61529 -6.46309 11.3783
    endloop
  endfacet
  facet normal -0.924043 0.382289 1.8738e-05
    outer loop
      vertex 7.61529 -6.46309 11.3783
      vertex 7.6 -6.5 10.4
      vertex 7.6133 -6.4679 11.3764
    endloop
  endfacet
  facet normal -0.923543 0.383494 -2.76821e-05
    outer loop
      vertex 7.6133 -6.4679 11.3764
      vertex 7.6 -6.5 10.4
      vertex 7.61041 -6.47486 11.3736
    endloop
  endfacet
  facet normal -0.923971 0.382462 3.52663e-06
    outer loop
      vertex 7.61041 -6.47486 11.3736
      vertex 7.6 -6.5 10.4
      vertex 7.60839 -6.47974 11.3722
    endloop
  endfacet
  facet normal -0.923881 0.38268 -1.79443e-06
    outer loop
      vertex 7.60839 -6.47974 11.3722
      vertex 7.6 -6.5 10.4
      vertex 7.6053 -6.4872 11.37
    endloop
  endfacet
  facet normal -0.924248 0.381793 1.19182e-05
    outer loop
      vertex 7.6053 -6.4872 11.37
      vertex 7.6 -6.5 10.4
      vertex 7.60328 -6.49209 11.369
    endloop
  endfacet
  facet normal -0.923732 0.383039 0
    outer loop
      vertex 7.60328 -6.49209 11.369
      vertex 7.6 -6.5 10.4
      vertex 7.6 -6.5 11.3675
    endloop
  endfacet
  facet normal -0.923901 0.382632 0
    outer loop
      vertex 7.8636 -5.8636 13.2
      vertex 7.79698 -6.02446 13.1416
      vertex 7.79698 -6.02446 13.2
    endloop
  endfacet
  facet normal -0.923164 0.384404 0.000947136
    outer loop
      vertex 7.64744 -6.38547 11.5168
      vertex 7.8636 -5.8636 10.4
      vertex 7.64773 -6.38476 11.5113
    endloop
  endfacet
  facet normal -0.923774 0.382937 0.000143593
    outer loop
      vertex 7.64713 -6.38622 11.5226
      vertex 7.8636 -5.8636 10.4
      vertex 7.64744 -6.38547 11.5168
    endloop
  endfacet
  facet normal -0.924179 0.381959 0.000168371
    outer loop
      vertex 7.64292 -6.39639 11.5554
      vertex 7.76314 -6.10614 12.9882
      vertex 7.64382 -6.39421 11.55
    endloop
  endfacet
  facet normal -0.923082 0.384604 -0.000459482
    outer loop
      vertex 7.64183 -6.399 11.5605
      vertex 7.76314 -6.10614 12.9882
      vertex 7.64292 -6.39639 11.5554
    endloop
  endfacet
  facet normal -0.923755 0.382984 -7.73099e-05
    outer loop
      vertex 7.63674 -6.4113 11.5801
      vertex 7.76314 -6.10614 12.9882
      vertex 7.63815 -6.4079 11.5756
    endloop
  endfacet
  facet normal -0.92394 0.382538 3.5896e-05
    outer loop
      vertex 7.6352 -6.41502 11.585
      vertex 7.76314 -6.10614 12.9882
      vertex 7.63674 -6.4113 11.5801
    endloop
  endfacet
  facet normal -0.924012 0.382363 8.11671e-05
    outer loop
      vertex 7.63345 -6.41925 11.5896
      vertex 7.76314 -6.10614 12.9882
      vertex 7.6352 -6.41502 11.585
    endloop
  endfacet
  facet normal -0.92399 0.382416 6.72818e-05
    outer loop
      vertex 7.63189 -6.42302 11.5938
      vertex 7.76314 -6.10614 12.9882
      vertex 7.63345 -6.41925 11.5896
    endloop
  endfacet
  facet normal -0.923874 0.382696 -7.41463e-06
    outer loop
      vertex 7.76314 -6.10614 12.9882
      vertex 7.63189 -6.42302 11.5938
      vertex 7.74602 -6.14747 12.9727
    endloop
  endfacet
  facet normal -0.923715 0.383081 -9.75595e-05
    outer loop
      vertex 7.63021 -6.42707 11.5975
      vertex 7.74602 -6.14747 12.9727
      vertex 7.63189 -6.42302 11.5938
    endloop
  endfacet
  facet normal -0.923879 0.382686 -3.27569e-06
    outer loop
      vertex 7.74602 -6.14747 12.9727
      vertex 7.63021 -6.42707 11.5975
      vertex 7.7318 -6.1818 12.9599
    endloop
  endfacet
  facet normal -0.923777 0.382931 -5.50285e-05
    outer loop
      vertex 7.62822 -6.43187 11.602
      vertex 7.7318 -6.1818 12.9599
      vertex 7.63021 -6.42707 11.5975
    endloop
  endfacet
  facet normal -0.924075 0.382212 0.000100179
    outer loop
      vertex 7.62602 -6.43719 11.606
      vertex 7.7318 -6.1818 12.9599
      vertex 7.62822 -6.43187 11.602
    endloop
  endfacet
  facet normal -0.924 0.382392 6.02984e-05
    outer loop
      vertex 7.62422 -6.44154 11.6094
      vertex 7.7318 -6.1818 12.9599
      vertex 7.62602 -6.43719 11.606
    endloop
  endfacet
  facet normal -0.923379 0.383889 -0.000277033
    outer loop
      vertex 7.62234 -6.44606 11.6122
      vertex 7.7318 -6.1818 12.9599
      vertex 7.62422 -6.44154 11.6094
    endloop
  endfacet
  facet normal -0.924069 0.382225 0.000105206
    outer loop
      vertex 7.6199 -6.45196 11.616
      vertex 7.7318 -6.1818 12.9599
      vertex 7.62234 -6.44606 11.6122
    endloop
  endfacet
  facet normal -0.923732 0.383038 -8.62942e-05
    outer loop
      vertex 7.61725 -6.45835 11.6192
      vertex 7.7318 -6.1818 12.9599
      vertex 7.6199 -6.45196 11.616
    endloop
  endfacet
  facet normal -0.924089 0.382177 0.000121834
    outer loop
      vertex 7.61529 -6.46309 11.6217
      vertex 7.7318 -6.1818 12.9599
      vertex 7.61725 -6.45835 11.6192
    endloop
  endfacet
  facet normal -0.924028 0.382324 8.5627e-05
    outer loop
      vertex 7.6133 -6.4679 11.6236
      vertex 7.7318 -6.1818 12.9599
      vertex 7.61529 -6.46309 11.6217
    endloop
  endfacet
  facet normal -0.923574 0.38342 -0.000189163
    outer loop
      vertex 7.61041 -6.47486 11.6264
      vertex 7.7318 -6.1818 12.9599
      vertex 7.6133 -6.4679 11.6236
    endloop
  endfacet
  facet normal -0.923965 0.382476 5.36928e-05
    outer loop
      vertex 7.60839 -6.47974 11.6278
      vertex 7.7318 -6.1818 12.9599
      vertex 7.61041 -6.47486 11.6264
    endloop
  endfacet
  facet normal -0.923881 0.38268 3.48867e-07
    outer loop
      vertex 7.6053 -6.4872 11.63
      vertex 7.7318 -6.1818 12.9599
      vertex 7.60839 -6.47974 11.6278
    endloop
  endfacet
  facet normal -0.92423 0.381835 0.000227643
    outer loop
      vertex 7.60328 -6.49209 11.631
      vertex 7.7318 -6.1818 12.9599
      vertex 7.6053 -6.4872 11.63
    endloop
  endfacet
  facet normal -0.923739 0.383024 -9.74479e-05
    outer loop
      vertex 7.6 -6.5 11.6325
      vertex 7.7318 -6.1818 12.9599
      vertex 7.60328 -6.49209 11.631
    endloop
  endfacet
  facet normal -0.923916 0.382597 2.24765e-05
    outer loop
      vertex 7.7318 -6.1818 12.9599
      vertex 7.6 -6.5 11.6325
      vertex 7.71758 -6.21614 12.9727
    endloop
  endfacet
  facet normal -0.923845 0.382767 -1.97452e-05
    outer loop
      vertex 7.71758 -6.21614 12.9727
      vertex 7.6 -6.5 11.6325
      vertex 7.70046 -6.25746 12.9882
    endloop
  endfacet
  facet normal -0.923955 0.382502 3.57477e-05
    outer loop
      vertex 7.70046 -6.25746 12.9882
      vertex 7.6 -6.5 11.6325
      vertex 7.69464 -6.27152 13.0039
    endloop
  endfacet
  facet normal -0.923946 0.382524 3.1493e-05
    outer loop
      vertex 7.69464 -6.27152 13.0039
      vertex 7.6 -6.5 11.6325
      vertex 7.6867 -6.2907 13.0254
    endloop
  endfacet
  facet normal -0.923872 0.382703 0
    outer loop
      vertex 7.6 -6.5 13.2
      vertex 7.6867 -6.2907 13.0254
      vertex 7.6 -6.5 11.6325
    endloop
  endfacet
  facet normal -0.923942 0.382533 -0.000238588
    outer loop
      vertex 7.6867 -6.2907 13.0254
      vertex 7.6 -6.5 13.2
      vertex 7.67949 -6.30809 13.0647
    endloop
  endfacet
  facet normal -0.923856 0.38274 0.000105503
    outer loop
      vertex 7.67949 -6.30809 13.0647
      vertex 7.6 -6.5 13.2
      vertex 7.66851 -6.33461 13.1246
    endloop
  endfacet
  facet normal -0.923908 0.382614 -0.000218029
    outer loop
      vertex 7.66851 -6.33461 13.1246
      vertex 7.6 -6.5 13.2
      vertex 7.66663 -6.33914 13.1416
    endloop
  endfacet
  facet normal -0.92388 0.382682 0
    outer loop
      vertex 7.66663 -6.33914 13.1416
      vertex 7.6 -6.5 13.2
      vertex 7.66663 -6.33914 13.2
    endloop
  endfacet
  facet normal 0.382682 -0.92388 0
    outer loop
      vertex 8.5 -7.4 13.2
      vertex 8.66086 -7.33337 13.1416
      vertex 8.66086 -7.33337 13.2
    endloop
  endfacet
  facet normal 0.382614 -0.923908 -0.000218029
    outer loop
      vertex 8.5 -7.4 13.2
      vertex 8.66539 -7.33149 13.1246
      vertex 8.66086 -7.33337 13.1416
    endloop
  endfacet
  facet normal 0.38274 -0.923856 0.000105503
    outer loop
      vertex 8.5 -7.4 13.2
      vertex 8.69191 -7.32051 13.0647
      vertex 8.66539 -7.33149 13.1246
    endloop
  endfacet
  facet normal 0.382533 -0.923942 -0.000238588
    outer loop
      vertex 8.5 -7.4 13.2
      vertex 8.7093 -7.3133 13.0254
      vertex 8.69191 -7.32051 13.0647
    endloop
  endfacet
  facet normal 0.382703 -0.923872 0
    outer loop
      vertex 8.5 -7.4 11.6325
      vertex 8.7093 -7.3133 13.0254
      vertex 8.5 -7.4 13.2
    endloop
  endfacet
  facet normal 0.382524 -0.923946 3.1493e-05
    outer loop
      vertex 8.7093 -7.3133 13.0254
      vertex 8.5 -7.4 11.6325
      vertex 8.72848 -7.30536 13.0039
    endloop
  endfacet
  facet normal 0.382767 -0.923845 -1.97452e-05
    outer loop
      vertex 8.5 -7.4 11.6325
      vertex 8.78386 -7.28242 12.9727
      vertex 8.74254 -7.29954 12.9882
    endloop
  endfacet
  facet normal 0.382597 -0.923916 2.24765e-05
    outer loop
      vertex 8.78386 -7.28242 12.9727
      vertex 8.5 -7.4 11.6325
      vertex 8.8182 -7.2682 12.9599
    endloop
  endfacet
  facet normal 0.382502 -0.923955 3.57477e-05
    outer loop
      vertex 8.72848 -7.30536 13.0039
      vertex 8.5 -7.4 11.6325
      vertex 8.74254 -7.29954 12.9882
    endloop
  endfacet
  facet normal 0.382632 -0.923901 0
    outer loop
      vertex 8.97554 -7.20302 13.1416
      vertex 9.1364 -7.1364 13.2
      vertex 8.97554 -7.20302 13.2
    endloop
  endfacet
  facet normal 0.382637 -0.923899 -1.42168e-05
    outer loop
      vertex 8.971 -7.2049 13.1246
      vertex 9.1364 -7.1364 13.2
      vertex 8.97554 -7.20302 13.1416
    endloop
  endfacet
  facet normal 0.382549 -0.923935 0.000211573
    outer loop
      vertex 8.94449 -7.21589 13.0647
      vertex 9.1364 -7.1364 13.2
      vertex 8.971 -7.2049 13.1246
    endloop
  endfacet
  facet normal 0.382738 -0.923857 -0.0001031
    outer loop
      vertex 8.9271 -7.22309 13.0254
      vertex 9.1364 -7.1364 13.2
      vertex 8.94449 -7.21589 13.0647
    endloop
  endfacet
  facet normal 0.382504 -0.923954 0.000226251
    outer loop
      vertex 8.89386 -7.23686 12.9882
      vertex 9.1364 -7.1364 13.2
      vertex 8.9271 -7.22309 13.0254
    endloop
  endfacet
  facet normal 0.383024 -0.923739 -9.74479e-05
    outer loop
      vertex 8.50791 -7.39672 11.631
      vertex 8.8182 -7.2682 12.9599
      vertex 8.5 -7.4 11.6325
    endloop
  endfacet
  facet normal 0.381835 -0.92423 0.000227643
    outer loop
      vertex 8.5128 -7.3947 11.63
      vertex 8.8182 -7.2682 12.9599
      vertex 8.50791 -7.39672 11.631
    endloop
  endfacet
  facet normal 0.38268 -0.923881 3.48867e-07
    outer loop
      vertex 8.52026 -7.39161 11.6278
      vertex 8.8182 -7.2682 12.9599
      vertex 8.5128 -7.3947 11.63
    endloop
  endfacet
  facet normal 0.382476 -0.923965 5.36928e-05
    outer loop
      vertex 8.52514 -7.38959 11.6264
      vertex 8.8182 -7.2682 12.9599
      vertex 8.52026 -7.39161 11.6278
    endloop
  endfacet
  facet normal 0.38342 -0.923574 -0.000189163
    outer loop
      vertex 8.5321 -7.3867 11.6236
      vertex 8.8182 -7.2682 12.9599
      vertex 8.52514 -7.38959 11.6264
    endloop
  endfacet
  facet normal 0.382324 -0.924028 8.5627e-05
    outer loop
      vertex 8.53691 -7.38471 11.6217
      vertex 8.8182 -7.2682 12.9599
      vertex 8.5321 -7.3867 11.6236
    endloop
  endfacet
  facet normal 0.382177 -0.924089 0.000121834
    outer loop
      vertex 8.54165 -7.38275 11.6192
      vertex 8.8182 -7.2682 12.9599
      vertex 8.53691 -7.38471 11.6217
    endloop
  endfacet
  facet normal 0.383038 -0.923732 -8.62942e-05
    outer loop
      vertex 8.54804 -7.3801 11.616
      vertex 8.8182 -7.2682 12.9599
      vertex 8.54165 -7.38275 11.6192
    endloop
  endfacet
  facet normal 0.382225 -0.924069 0.000105206
    outer loop
      vertex 8.55394 -7.37766 11.6122
      vertex 8.8182 -7.2682 12.9599
      vertex 8.54804 -7.3801 11.616
    endloop
  endfacet
  facet normal 0.383889 -0.923379 -0.000277033
    outer loop
      vertex 8.55846 -7.37578 11.6094
      vertex 8.8182 -7.2682 12.9599
      vertex 8.55394 -7.37766 11.6122
    endloop
  endfacet
  facet normal 0.382392 -0.924 6.02984e-05
    outer loop
      vertex 8.56281 -7.37398 11.606
      vertex 8.8182 -7.2682 12.9599
      vertex 8.55846 -7.37578 11.6094
    endloop
  endfacet
  facet normal 0.382212 -0.924075 0.000100179
    outer loop
      vertex 8.56813 -7.37178 11.602
      vertex 8.8182 -7.2682 12.9599
      vertex 8.56281 -7.37398 11.606
    endloop
  endfacet
  facet normal 0.382685 -0.923879 -2.0003e-06
    outer loop
      vertex 8.8182 -7.2682 12.9599
      vertex 8.56813 -7.37178 11.602
      vertex 8.85253 -7.25398 12.9727
    endloop
  endfacet
  facet normal 0.382926 -0.923779 -6.06515e-05
    outer loop
      vertex 8.57293 -7.36979 11.5975
      vertex 8.85253 -7.25398 12.9727
      vertex 8.56813 -7.37178 11.602
    endloop
  endfacet
  facet normal 0.383081 -0.923715 -9.75595e-05
    outer loop
      vertex 8.57698 -7.36811 11.5938
      vertex 8.85253 -7.25398 12.9727
      vertex 8.57293 -7.36979 11.5975
    endloop
  endfacet
  facet normal 0.382696 -0.923874 -7.41463e-06
    outer loop
      vertex 8.85253 -7.25398 12.9727
      vertex 8.57698 -7.36811 11.5938
      vertex 8.89386 -7.23686 12.9882
    endloop
  endfacet
  facet normal 0.382416 -0.92399 6.72818e-05
    outer loop
      vertex 8.58075 -7.36655 11.5896
      vertex 8.89386 -7.23686 12.9882
      vertex 8.57698 -7.36811 11.5938
    endloop
  endfacet
  facet normal 0.382363 -0.924012 8.11671e-05
    outer loop
      vertex 8.58498 -7.3648 11.585
      vertex 8.89386 -7.23686 12.9882
      vertex 8.58075 -7.36655 11.5896
    endloop
  endfacet
  facet normal 0.382538 -0.92394 3.5896e-05
    outer loop
      vertex 8.5887 -7.36326 11.5801
      vertex 8.89386 -7.23686 12.9882
      vertex 8.58498 -7.3648 11.585
    endloop
  endfacet
  facet normal 0.382984 -0.923755 -7.73099e-05
    outer loop
      vertex 8.5921 -7.36185 11.5756
      vertex 8.89386 -7.23686 12.9882
      vertex 8.5887 -7.36326 11.5801
    endloop
  endfacet
  facet normal 0.382834 -0.923817 -3.96864e-05
    outer loop
      vertex 8.59514 -7.36059 11.5707
      vertex 8.89386 -7.23686 12.9882
      vertex 8.5921 -7.36185 11.5756
    endloop
  endfacet
  facet normal 0.381339 -0.924435 0.000329369
    outer loop
      vertex 8.59832 -7.35928 11.5657
      vertex 8.89386 -7.23686 12.9882
      vertex 8.59514 -7.36059 11.5707
    endloop
  endfacet
  facet normal 0.382667 -0.923886 6.25239e-06
    outer loop
      vertex 8.601 -7.35817 11.5605
      vertex 8.89386 -7.23686 12.9882
      vertex 8.59832 -7.35928 11.5657
    endloop
  endfacet
  facet normal 0.384604 -0.923082 -0.000459482
    outer loop
      vertex 8.60361 -7.35708 11.5554
      vertex 8.89386 -7.23686 12.9882
      vertex 8.601 -7.35817 11.5605
    endloop
  endfacet
  facet normal 0.381959 -0.924179 0.000168371
    outer loop
      vertex 8.60579 -7.35618 11.55
      vertex 8.89386 -7.23686 12.9882
      vertex 8.60361 -7.35708 11.5554
    endloop
  endfacet
  facet normal 0.383977 -0.923343 -0.000305264
    outer loop
      vertex 8.60795 -7.35528 11.5447
      vertex 8.89386 -7.23686 12.9882
      vertex 8.60579 -7.35618 11.55
    endloop
  endfacet
  facet normal 0.382675 -0.923883 -2.97314e-06
    outer loop
      vertex 8.89386 -7.23686 12.9882
      vertex 8.60795 -7.35528 11.5447
      vertex 9.1364 -7.1364 13.2
    endloop
  endfacet
  facet normal 0.381312 -0.924446 0.000506625
    outer loop
      vertex 8.60963 -7.35459 11.5393
      vertex 9.1364 -7.1364 13.2
      vertex 8.60795 -7.35528 11.5447
    endloop
  endfacet
  facet normal 0.382122 -0.924112 0.000205601
    outer loop
      vertex 8.61135 -7.35388 11.5338
      vertex 9.1364 -7.1364 13.2
      vertex 8.60963 -7.35459 11.5393
    endloop
  endfacet
  facet normal 0.384335 -0.923194 -0.000611487
    outer loop
      vertex 8.61259 -7.35336 11.5281
      vertex 9.1364 -7.1364 13.2
      vertex 8.61135 -7.35388 11.5338
    endloop
  endfacet
  facet normal 0.381886 -0.924209 0.000287575
    outer loop
      vertex 8.61378 -7.35287 11.5226
      vertex 9.1364 -7.1364 13.2
      vertex 8.61259 -7.35336 11.5281
    endloop
  endfacet
  facet normal 0.382473 -0.923967 7.33056e-05
    outer loop
      vertex 8.61453 -7.35256 11.5168
      vertex 9.1364 -7.1364 13.2
      vertex 8.61378 -7.35287 11.5226
    endloop
  endfacet
  facet normal 0.38134 -0.924435 0.000484643
    outer loop
      vertex 8.61524 -7.35227 11.5113
      vertex 9.1364 -7.1364 13.2
      vertex 8.61453 -7.35256 11.5168
    endloop
  endfacet
  facet normal 0.38062 -0.924731 -0.00113198
    outer loop
      vertex 9.1364 -7.1364 10.4
      vertex 8.61524 -7.35227 11.5113
      vertex 8.61549 -7.35216 11.5055
    endloop
  endfacet
  facet normal 0.384427 -0.923155 0.000969886
    outer loop
      vertex 9.1364 -7.1364 10.4
      vertex 8.61549 -7.35216 11.5055
      vertex 8.61572 -7.35207 11.5
    endloop
  endfacet
  facet normal 0.381744 -0.924268 -0.000518805
    outer loop
      vertex 9.1364 -7.1364 10.4
      vertex 8.61572 -7.35207 11.5
      vertex 8.61547 -7.35217 11.4942
    endloop
  endfacet
  facet normal 0.383962 -0.923349 0.000718516
    outer loop
      vertex 9.1364 -7.1364 10.4
      vertex 8.61547 -7.35217 11.4942
      vertex 8.61524 -7.35227 11.4886
    endloop
  endfacet
  facet normal 0.381702 -0.924285 -0.00054916
    outer loop
      vertex 9.1364 -7.1364 10.4
      vertex 8.61524 -7.35227 11.4886
      vertex 8.61453 -7.35256 11.4832
    endloop
  endfacet
  facet normal 0.38253 -0.923943 -8.18957e-05
    outer loop
      vertex 9.1364 -7.1364 10.4
      vertex 8.61453 -7.35256 11.4832
      vertex 8.61378 -7.35287 11.4774
    endloop
  endfacet
  facet normal 0.382081 -0.924129 -0.000336945
    outer loop
      vertex 9.1364 -7.1364 10.4
      vertex 8.61378 -7.35287 11.4774
      vertex 8.61259 -7.35336 11.4719
    endloop
  endfacet
  facet normal 0.383922 -0.923365 0.000717058
    outer loop
      vertex 9.1364 -7.1364 10.4
      vertex 8.61259 -7.35336 11.4719
      vertex 8.61135 -7.35388 11.4662
    endloop
  endfacet
  facet normal 0.62822 -0.767824 -0.125644
    outer loop
      vertex 8.60361 -7.35708 11.4446
      vertex 8.60795 -7.35528 11.4553
      vertex 8.60579 -7.35618 11.45
    endloop
  endfacet
  facet normal 0.296869 -0.952976 0.0608707
    outer loop
      vertex 8.5921 -7.36185 11.4244
      vertex 8.59832 -7.35928 11.4343
      vertex 8.59514 -7.36059 11.4293
    endloop
  endfacet
  facet normal -0.252342 0.961302 -0.11055
    outer loop
      vertex 8.58498 -7.3648 11.415
      vertex 8.5921 -7.36185 11.4244
      vertex 8.5887 -7.36326 11.4199
    endloop
  endfacet
  facet normal 0.382871 -0.923802 0.000129915
    outer loop
      vertex 9.1364 -7.1364 10.4
      vertex 8.57293 -7.36979 11.4025
      vertex 8.56813 -7.37178 11.398
    endloop
  endfacet
  facet normal 0.382308 -0.924035 -0.000256433
    outer loop
      vertex 9.1364 -7.1364 10.4
      vertex 8.55394 -7.37766 11.3878
      vertex 8.54804 -7.3801 11.384
    endloop
  endfacet
  facet normal 0.383039 -0.923732 0
    outer loop
      vertex 8.5 -7.4 10.4
      vertex 8.50791 -7.39672 11.369
      vertex 8.5 -7.4 11.3675
    endloop
  endfacet
  facet normal 0.381793 -0.924248 1.19182e-05
    outer loop
      vertex 8.50791 -7.39672 11.369
      vertex 8.5 -7.4 10.4
      vertex 8.5128 -7.3947 11.37
    endloop
  endfacet
  facet normal 0.38268 -0.923881 -1.79443e-06
    outer loop
      vertex 8.5 -7.4 10.4
      vertex 8.52026 -7.39161 11.3722
      vertex 8.5128 -7.3947 11.37
    endloop
  endfacet
  facet normal 0.382462 -0.923971 3.52663e-06
    outer loop
      vertex 8.5 -7.4 10.4
      vertex 8.52514 -7.38959 11.3736
      vertex 8.52026 -7.39161 11.3722
    endloop
  endfacet
  facet normal 0.383494 -0.923543 -2.76821e-05
    outer loop
      vertex 8.5 -7.4 10.4
      vertex 8.5321 -7.3867 11.3764
      vertex 8.52514 -7.38959 11.3736
    endloop
  endfacet
  facet normal 0.382289 -0.924043 1.8738e-05
    outer loop
      vertex 8.5 -7.4 10.4
      vertex 8.53691 -7.38471 11.3783
      vertex 8.5321 -7.3867 11.3764
    endloop
  endfacet
  facet normal 0.382111 -0.924117 2.66149e-05
    outer loop
      vertex 8.5 -7.4 10.4
      vertex 8.54165 -7.38275 11.3807
      vertex 8.53691 -7.38471 11.3783
    endloop
  endfacet
  facet normal 0.383085 -0.923713 -2.18524e-05
    outer loop
      vertex 8.5 -7.4 10.4
      vertex 8.54804 -7.3801 11.384
      vertex 8.54165 -7.38275 11.3807
    endloop
  endfacet
  facet normal 0.382677 -0.923882 1.49894e-06
    outer loop
      vertex 9.1364 -7.1364 10.4
      vertex 8.54804 -7.3801 11.384
      vertex 8.5 -7.4 10.4
    endloop
  endfacet
  facet normal 0.383673 -0.923469 0.000686207
    outer loop
      vertex 8.55394 -7.37766 11.3878
      vertex 9.1364 -7.1364 10.4
      vertex 8.55846 -7.37578 11.3906
    endloop
  endfacet
  facet normal 0.382451 -0.923976 -0.000148888
    outer loop
      vertex 8.55846 -7.37578 11.3906
      vertex 9.1364 -7.1364 10.4
      vertex 8.56281 -7.37398 11.394
    endloop
  endfacet
  facet normal 0.382306 -0.924036 -0.000247094
    outer loop
      vertex 8.56281 -7.37398 11.394
      vertex 9.1364 -7.1364 10.4
      vertex 8.56813 -7.37178 11.398
    endloop
  endfacet
  facet normal 0.382993 -0.923751 0.000210472
    outer loop
      vertex 8.57293 -7.36979 11.4025
      vertex 9.1364 -7.1364 10.4
      vertex 8.57698 -7.36811 11.4062
    endloop
  endfacet
  facet normal 0.382474 -0.923966 -0.000128075
    outer loop
      vertex 8.57698 -7.36811 11.4062
      vertex 9.1364 -7.1364 10.4
      vertex 8.58075 -7.36655 11.4104
    endloop
  endfacet
  facet normal 0.382432 -0.923984 -0.00015517
    outer loop
      vertex 8.58075 -7.36655 11.4104
      vertex 9.1364 -7.1364 10.4
      vertex 8.58498 -7.3648 11.415
    endloop
  endfacet
  facet normal 0.382732 -0.92386 3.58075e-05
    outer loop
      vertex 8.58498 -7.3648 11.415
      vertex 9.1364 -7.1364 10.4
      vertex 8.5921 -7.36185 11.4244
    endloop
  endfacet
  facet normal 0.382239 -0.924064 -0.000270925
    outer loop
      vertex 8.5921 -7.36185 11.4244
      vertex 9.1364 -7.1364 10.4
      vertex 8.59832 -7.35928 11.4343
    endloop
  endfacet
  facet normal 0.38267 -0.923885 -8.22714e-06
    outer loop
      vertex 8.59832 -7.35928 11.4343
      vertex 9.1364 -7.1364 10.4
      vertex 8.601 -7.35817 11.4395
    endloop
  endfacet
  facet normal 0.384023 -0.923323 0.000808437
    outer loop
      vertex 8.601 -7.35817 11.4395
      vertex 9.1364 -7.1364 10.4
      vertex 8.60361 -7.35708 11.4446
    endloop
  endfacet
  facet normal 0.382862 -0.923805 0.000114708
    outer loop
      vertex 8.60361 -7.35708 11.4446
      vertex 9.1364 -7.1364 10.4
      vertex 8.60795 -7.35528 11.4553
    endloop
  endfacet
  facet normal 0.381615 -0.924321 -0.000616922
    outer loop
      vertex 8.60795 -7.35528 11.4553
      vertex 9.1364 -7.1364 10.4
      vertex 8.60963 -7.35459 11.4607
    endloop
  endfacet
  facet normal 0.382245 -0.924061 -0.000250525
    outer loop
      vertex 8.60963 -7.35459 11.4607
      vertex 9.1364 -7.1364 10.4
      vertex 8.61135 -7.35388 11.4662
    endloop
  endfacet
  facet normal 0.382681 -0.92388 0
    outer loop
      vertex 8.61524 -7.35227 11.5113
      vertex 9.1364 -7.1364 10.4
      vertex 9.1364 -7.1364 13.2
    endloop
  endfacet
  facet normal -0 0 1
    outer loop
      vertex 9.15627 -7.03858 13.2
      vertex 9.1364 -7.1364 13.2
      vertex 9.20302 -6.97554 13.2
    endloop
  endfacet
  facet normal -0 0 1
    outer loop
      vertex 9.10032 -7.10032 13.2
      vertex 9.1364 -7.1364 13.2
      vertex 9.15627 -7.03858 13.2
    endloop
  endfacet
  facet normal 0 0 1
    outer loop
      vertex 9.03858 -7.15627 13.2
      vertex 9.1364 -7.1364 13.2
      vertex 9.10032 -7.10032 13.2
    endloop
  endfacet
  facet normal 0 0 1
    outer loop
      vertex 9.1364 -7.1364 13.2
      vertex 9.03858 -7.15627 13.2
      vertex 8.97554 -7.20302 13.2
    endloop
  endfacet
  facet normal 0 0 1
    outer loop
      vertex 7.65511 -6.41679 13.2
      vertex 7.6 -6.5 13.2
      vertex 7.65102 -6.5 13.2
    endloop
  endfacet
  facet normal 0 0 1
    outer loop
      vertex 7.6 -6.5 13.2
      vertex 7.65511 -6.41679 13.2
      vertex 7.66663 -6.33914 13.2
    endloop
  endfacet
  facet normal 0 0 1
    outer loop
      vertex 7.65511 -6.58321 13.2
      vertex 7.6 -6.5 13.2
      vertex 7.66663 -6.66086 13.2
    endloop
  endfacet
  facet normal -0 0 1
    outer loop
      vertex 7.6 -6.5 13.2
      vertex 7.65511 -6.58321 13.2
      vertex 7.65102 -6.5 13.2
    endloop
  endfacet
  facet normal 0 0 1
    outer loop
      vertex 8.5 -5.6 13.2
      vertex 8.58321 -5.65511 13.2
      vertex 8.66086 -5.66663 13.2
    endloop
  endfacet
  facet normal 0 0 1
    outer loop
      vertex 8.5 -5.6 13.2
      vertex 8.5 -5.65102 13.2
      vertex 8.58321 -5.65511 13.2
    endloop
  endfacet
  facet normal 0 0 1
    outer loop
      vertex 8.5 -5.6 13.2
      vertex 8.41679 -5.65511 13.2
      vertex 8.5 -5.65102 13.2
    endloop
  endfacet
  facet normal 0 -0 1
    outer loop
      vertex 8.41679 -5.65511 13.2
      vertex 8.5 -5.6 13.2
      vertex 8.33914 -5.66663 13.2
    endloop
  endfacet
  facet normal 0 0 1
    outer loop
      vertex 9.4 -6.5 13.2
      vertex 9.34489 -6.41679 13.2
      vertex 9.34898 -6.5 13.2
    endloop
  endfacet
  facet normal -0 -0 1
    outer loop
      vertex 9.34489 -6.41679 13.2
      vertex 9.4 -6.5 13.2
      vertex 9.33337 -6.33914 13.2
    endloop
  endfacet
  facet normal 0 0 1
    outer loop
      vertex 9.34489 -6.58321 13.2
      vertex 9.4 -6.5 13.2
      vertex 9.34898 -6.5 13.2
    endloop
  endfacet
  facet normal 0 0 1
    outer loop
      vertex 9.4 -6.5 13.2
      vertex 9.34489 -6.58321 13.2
      vertex 9.33337 -6.66086 13.2
    endloop
  endfacet
  facet normal 0 0 1
    outer loop
      vertex 7.96142 -7.15627 13.2
      vertex 7.8636 -7.1364 13.2
      vertex 8.02446 -7.20302 13.2
    endloop
  endfacet
  facet normal 0 0 1
    outer loop
      vertex 7.89968 -7.10032 13.2
      vertex 7.8636 -7.1364 13.2
      vertex 7.96142 -7.15627 13.2
    endloop
  endfacet
  facet normal 0 0 1
    outer loop
      vertex 7.84373 -7.03858 13.2
      vertex 7.8636 -7.1364 13.2
      vertex 7.89968 -7.10032 13.2
    endloop
  endfacet
  facet normal 0 0 1
    outer loop
      vertex 7.8636 -7.1364 13.2
      vertex 7.84373 -7.03858 13.2
      vertex 7.79698 -6.97554 13.2
    endloop
  endfacet
  facet normal 0 0 1
    outer loop
      vertex 7.8636 -5.8636 13.2
      vertex 7.96142 -5.84373 13.2
      vertex 8.02446 -5.79698 13.2
    endloop
  endfacet
  facet normal -0 0 1
    outer loop
      vertex 7.8636 -5.8636 13.2
      vertex 7.89968 -5.89968 13.2
      vertex 7.96142 -5.84373 13.2
    endloop
  endfacet
  facet normal 0 0 1
    outer loop
      vertex 7.8636 -5.8636 13.2
      vertex 7.84373 -5.96142 13.2
      vertex 7.89968 -5.89968 13.2
    endloop
  endfacet
  facet normal 0 -0 1
    outer loop
      vertex 7.84373 -5.96142 13.2
      vertex 7.8636 -5.8636 13.2
      vertex 7.79698 -6.02446 13.2
    endloop
  endfacet
  facet normal 0 0 1
    outer loop
      vertex 9.1364 -5.8636 13.2
      vertex 9.15627 -5.96142 13.2
      vertex 9.20302 -6.02446 13.2
    endloop
  endfacet
  facet normal 0 0 1
    outer loop
      vertex 9.1364 -5.8636 13.2
      vertex 9.10032 -5.89968 13.2
      vertex 9.15627 -5.96142 13.2
    endloop
  endfacet
  facet normal 0 0 1
    outer loop
      vertex 9.1364 -5.8636 13.2
      vertex 9.03858 -5.84373 13.2
      vertex 9.10032 -5.89968 13.2
    endloop
  endfacet
  facet normal -0 -0 1
    outer loop
      vertex 9.03858 -5.84373 13.2
      vertex 9.1364 -5.8636 13.2
      vertex 8.97554 -5.79698 13.2
    endloop
  endfacet
  facet normal -0 0 1
    outer loop
      vertex 8.58321 -7.34489 13.2
      vertex 8.5 -7.4 13.2
      vertex 8.66086 -7.33337 13.2
    endloop
  endfacet
  facet normal -0 0 1
    outer loop
      vertex 8.5 -7.34898 13.2
      vertex 8.5 -7.4 13.2
      vertex 8.58321 -7.34489 13.2
    endloop
  endfacet
  facet normal 0 0 1
    outer loop
      vertex 8.41679 -7.34489 13.2
      vertex 8.5 -7.4 13.2
      vertex 8.5 -7.34898 13.2
    endloop
  endfacet
  facet normal 0 0 1
    outer loop
      vertex 8.5 -7.4 13.2
      vertex 8.41679 -7.34489 13.2
      vertex 8.33914 -7.33337 13.2
    endloop
  endfacet
  facet normal 0.989174 0.146746 0
    outer loop
      vertex 13.4928 12.147 1.25
      vertex 13.4712 12.2926 1.15
      vertex 13.4712 12.2926 1.25
    endloop
  endfacet
  facet normal 0.989174 0.146746 0
    outer loop
      vertex 13.4712 12.2926 1.15
      vertex 13.4928 12.147 1.25
      vertex 13.4928 12.147 1.15
    endloop
  endfacet
  facet normal 0.998803 0.0489209 0
    outer loop
      vertex 13.5 12 1.25
      vertex 13.4928 12.147 1.15
      vertex 13.4928 12.147 1.25
    endloop
  endfacet
  facet normal 0.998803 0.0489209 0
    outer loop
      vertex 13.4928 12.147 1.15
      vertex 13.5 12 1.25
      vertex 13.5 12 1.15
    endloop
  endfacet
  facet normal 0.969982 0.243175 0
    outer loop
      vertex 13.4712 12.2926 1.25
      vertex 13.4354 12.4354 1.15
      vertex 13.4354 12.4354 1.25
    endloop
  endfacet
  facet normal 0.969982 0.243175 0
    outer loop
      vertex 13.4354 12.4354 1.15
      vertex 13.4712 12.2926 1.25
      vertex 13.4712 12.2926 1.15
    endloop
  endfacet
  facet normal 0.427269 -0.904125 0
    outer loop
      vertex 12.574 10.6142 1.15
      vertex 12.7071 10.6771 1.25
      vertex 12.574 10.6142 1.25
    endloop
  endfacet
  facet normal 0.427269 -0.904125 0
    outer loop
      vertex 12.7071 10.6771 1.25
      vertex 12.574 10.6142 1.15
      vertex 12.7071 10.6771 1.15
    endloop
  endfacet
  facet normal -0.595861 0.803088 0
    outer loop
      vertex 11.1666 13.2472 1.15
      vertex 11.0484 13.1595 1.25
      vertex 11.1666 13.2472 1.25
    endloop
  endfacet
  facet normal -0.595861 0.803088 0
    outer loop
      vertex 11.0484 13.1595 1.25
      vertex 11.1666 13.2472 1.15
      vertex 11.0484 13.1595 1.15
    endloop
  endfacet
  facet normal 0.243175 0.969982 -0
    outer loop
      vertex 12.4354 13.4354 1.15
      vertex 12.2926 13.4712 1.25
      vertex 12.4354 13.4354 1.25
    endloop
  endfacet
  facet normal 0.243175 0.969982 0
    outer loop
      vertex 12.2926 13.4712 1.25
      vertex 12.4354 13.4354 1.15
      vertex 12.2926 13.4712 1.15
    endloop
  endfacet
  facet normal -0.904125 0.427269 0
    outer loop
      vertex 10.6142 12.574 1.15
      vertex 10.6771 12.7071 1.25
      vertex 10.6771 12.7071 1.15
    endloop
  endfacet
  facet normal -0.904125 0.427269 0
    outer loop
      vertex 10.6771 12.7071 1.25
      vertex 10.6142 12.574 1.15
      vertex 10.6142 12.574 1.25
    endloop
  endfacet
  facet normal -0.969982 0.243175 0
    outer loop
      vertex 10.5288 12.2926 1.15
      vertex 10.5646 12.4354 1.25
      vertex 10.5646 12.4354 1.15
    endloop
  endfacet
  facet normal -0.969982 0.243175 0
    outer loop
      vertex 10.5646 12.4354 1.25
      vertex 10.5288 12.2926 1.15
      vertex 10.5288 12.2926 1.25
    endloop
  endfacet
  facet normal 0.514096 -0.857733 0
    outer loop
      vertex 12.7071 10.6771 1.15
      vertex 12.8334 10.7528 1.25
      vertex 12.7071 10.6771 1.25
    endloop
  endfacet
  facet normal 0.514096 -0.857733 0
    outer loop
      vertex 12.8334 10.7528 1.25
      vertex 12.7071 10.6771 1.15
      vertex 12.8334 10.7528 1.15
    endloop
  endfacet
  facet normal 0.243175 -0.969982 0
    outer loop
      vertex 12.2926 10.5288 1.15
      vertex 12.4354 10.5646 1.25
      vertex 12.2926 10.5288 1.25
    endloop
  endfacet
  facet normal 0.243175 -0.969982 0
    outer loop
      vertex 12.4354 10.5646 1.25
      vertex 12.2926 10.5288 1.15
      vertex 12.4354 10.5646 1.15
    endloop
  endfacet
  facet normal 0.0489209 0.998803 -0
    outer loop
      vertex 12.147 13.4928 1.15
      vertex 12 13.5 1.25
      vertex 12.147 13.4928 1.25
    endloop
  endfacet
  facet normal 0.0489209 0.998803 0
    outer loop
      vertex 12 13.5 1.25
      vertex 12.147 13.4928 1.15
      vertex 12 13.5 1.15
    endloop
  endfacet
  facet normal 0.146746 0.989174 -0
    outer loop
      vertex 12.2926 13.4712 1.15
      vertex 12.147 13.4928 1.25
      vertex 12.2926 13.4712 1.25
    endloop
  endfacet
  facet normal 0.146746 0.989174 0
    outer loop
      vertex 12.147 13.4928 1.25
      vertex 12.2926 13.4712 1.15
      vertex 12.147 13.4928 1.15
    endloop
  endfacet
  facet normal 0.427269 0.904125 -0
    outer loop
      vertex 12.7071 13.3229 1.15
      vertex 12.574 13.3858 1.25
      vertex 12.7071 13.3229 1.25
    endloop
  endfacet
  facet normal 0.427269 0.904125 0
    outer loop
      vertex 12.574 13.3858 1.25
      vertex 12.7071 13.3229 1.15
      vertex 12.574 13.3858 1.15
    endloop
  endfacet
  facet normal 0.146746 -0.989174 0
    outer loop
      vertex 12.147 10.5072 1.15
      vertex 12.2926 10.5288 1.25
      vertex 12.147 10.5072 1.25
    endloop
  endfacet
  facet normal 0.146746 -0.989174 0
    outer loop
      vertex 12.2926 10.5288 1.25
      vertex 12.147 10.5072 1.15
      vertex 12.2926 10.5288 1.15
    endloop
  endfacet
  facet normal 0 0 1
    outer loop
      vertex 12.0875 12.6484 1.25
      vertex 13.5 12 1.25
      vertex 13.4928 12.147 1.25
    endloop
  endfacet
  facet normal 0 0 1
    outer loop
      vertex 12.0875 12.6484 1.25
      vertex 13.4928 12.147 1.25
      vertex 13.4712 12.2926 1.25
    endloop
  endfacet
  facet normal 0 0 1
    outer loop
      vertex 13.5 12 1.25
      vertex 12.0875 12.6484 1.25
      vertex 13.4928 11.853 1.25
    endloop
  endfacet
  facet normal 0 0 1
    outer loop
      vertex 12.0875 12.6484 1.25
      vertex 13.4712 12.2926 1.25
      vertex 13.4354 12.4354 1.25
    endloop
  endfacet
  facet normal 0 0 1
    outer loop
      vertex 13.4928 11.853 1.25
      vertex 12.0875 12.6484 1.25
      vertex 13.4712 11.7074 1.25
    endloop
  endfacet
  facet normal 0 0 1
    outer loop
      vertex 12.0875 12.6484 1.25
      vertex 13.4354 12.4354 1.25
      vertex 13.3858 12.574 1.25
    endloop
  endfacet
  facet normal 0 0 1
    outer loop
      vertex 13.4712 11.7074 1.25
      vertex 12.0875 12.6484 1.25
      vertex 13.4354 11.5646 1.25
    endloop
  endfacet
  facet normal -0 0 1
    outer loop
      vertex 12.0875 12.6484 1.25
      vertex 13.3858 12.574 1.25
      vertex 13.3229 12.7071 1.25
    endloop
  endfacet
  facet normal 0 0 1
    outer loop
      vertex 13.4354 11.5646 1.25
      vertex 12.0875 12.6484 1.25
      vertex 13.3858 11.426 1.25
    endloop
  endfacet
  facet normal 0 0 1
    outer loop
      vertex 12.0875 12.6484 1.25
      vertex 13.3229 12.7071 1.25
      vertex 13.2472 12.8334 1.25
    endloop
  endfacet
  facet normal 0 0 1
    outer loop
      vertex 13.3858 11.426 1.25
      vertex 12.0875 12.6484 1.25
      vertex 13.3229 11.2929 1.25
    endloop
  endfacet
  facet normal 0 0 1
    outer loop
      vertex 12.0875 12.6484 1.25
      vertex 13.2472 12.8334 1.25
      vertex 13.1595 12.9516 1.25
    endloop
  endfacet
  facet normal 0 0 1
    outer loop
      vertex 13.3229 11.2929 1.25
      vertex 12.0875 12.6484 1.25
      vertex 13.2472 11.1666 1.25
    endloop
  endfacet
  facet normal 0 0 1
    outer loop
      vertex 12.0875 12.6484 1.25
      vertex 13.1595 12.9516 1.25
      vertex 13.0607 13.0607 1.25
    endloop
  endfacet
  facet normal 0 0 1
    outer loop
      vertex 13.2472 11.1666 1.25
      vertex 12.0875 12.6484 1.25
      vertex 13.1595 11.0484 1.25
    endloop
  endfacet
  facet normal 0 0 1
    outer loop
      vertex 12.0875 12.6484 1.25
      vertex 13.0607 13.0607 1.25
      vertex 12.9516 13.1595 1.25
    endloop
  endfacet
  facet normal 0 0 1
    outer loop
      vertex 13.1595 11.0484 1.25
      vertex 12.0875 12.6484 1.25
      vertex 13.0607 10.9393 1.25
    endloop
  endfacet
  facet normal 0 0 1
    outer loop
      vertex 12.0875 12.6484 1.25
      vertex 12.9516 13.1595 1.25
      vertex 12.8334 13.2472 1.25
    endloop
  endfacet
  facet normal 0 0 1
    outer loop
      vertex 13.0607 10.9393 1.25
      vertex 12.0875 12.6484 1.25
      vertex 12.9516 10.8405 1.25
    endloop
  endfacet
  facet normal 0 0 1
    outer loop
      vertex 12.0875 12.9516 1.25
      vertex 12.8334 13.2472 1.25
      vertex 12.7071 13.3229 1.25
    endloop
  endfacet
  facet normal 0 0 1
    outer loop
      vertex 12.9516 10.8405 1.25
      vertex 12.0875 12.6484 1.25
      vertex 12.8334 10.7528 1.25
    endloop
  endfacet
  facet normal 0 0 1
    outer loop
      vertex 12.0875 12.9516 1.25
      vertex 12.7071 13.3229 1.25
      vertex 12.574 13.3858 1.25
    endloop
  endfacet
  facet normal 0 0 1
    outer loop
      vertex 12.8334 10.7528 1.25
      vertex 12.0875 12.6484 1.25
      vertex 12.7071 10.6771 1.25
    endloop
  endfacet
  facet normal 0 0 1
    outer loop
      vertex 12.0875 12.9516 1.25
      vertex 12.574 13.3858 1.25
      vertex 12.4354 13.4354 1.25
    endloop
  endfacet
  facet normal 0 0 1
    outer loop
      vertex 12.7071 10.6771 1.25
      vertex 12.0875 12.6484 1.25
      vertex 12.574 10.6142 1.25
    endloop
  endfacet
  facet normal 0 0 1
    outer loop
      vertex 12.0875 12.9516 1.25
      vertex 12.4354 13.4354 1.25
      vertex 12.2926 13.4712 1.25
    endloop
  endfacet
  facet normal 0 0 1
    outer loop
      vertex 12.574 10.6142 1.25
      vertex 12.0875 12.6484 1.25
      vertex 12.4354 10.5646 1.25
    endloop
  endfacet
  facet normal 0 0 1
    outer loop
      vertex 12.0875 12.9516 1.25
      vertex 12.2926 13.4712 1.25
      vertex 12.147 13.4928 1.25
    endloop
  endfacet
  facet normal 0 0 1
    outer loop
      vertex 12.4354 10.5646 1.25
      vertex 12.0875 12.6484 1.25
      vertex 12.2926 10.5288 1.25
    endloop
  endfacet
  facet normal 0 0 1
    outer loop
      vertex 12.8334 13.2472 1.25
      vertex 12.0875 12.9516 1.25
      vertex 12.0875 12.6484 1.25
    endloop
  endfacet
  facet normal 0 0 1
    outer loop
      vertex 12 13.5 1.25
      vertex 12.0875 12.9516 1.25
      vertex 12.147 13.4928 1.25
    endloop
  endfacet
  facet normal -0 0 1
    outer loop
      vertex 11.853 13.4928 1.25
      vertex 12.0875 12.9516 1.25
      vertex 12 13.5 1.25
    endloop
  endfacet
  facet normal -0 0 1
    outer loop
      vertex 11.7074 13.4712 1.25
      vertex 12.0875 12.9516 1.25
      vertex 11.853 13.4928 1.25
    endloop
  endfacet
  facet normal 0 0 1
    outer loop
      vertex 12.0875 12.9516 1.25
      vertex 11.7074 13.4712 1.25
      vertex 11.825 12.8 1.25
    endloop
  endfacet
  facet normal 0 0 1
    outer loop
      vertex 12.2926 10.5288 1.25
      vertex 12.0875 12.6484 1.25
      vertex 12.147 10.5072 1.25
    endloop
  endfacet
  facet normal 0 0 1
    outer loop
      vertex 12.0875 12.6484 1.25
      vertex 12 10.5 1.25
      vertex 12.147 10.5072 1.25
    endloop
  endfacet
  facet normal 0 0 1
    outer loop
      vertex 12.0875 12.6484 1.25
      vertex 11.853 10.5072 1.25
      vertex 12 10.5 1.25
    endloop
  endfacet
  facet normal 0 0 1
    outer loop
      vertex 10.5288 11.7074 1.25
      vertex 12.0875 12.6484 1.25
      vertex 11.825 12.8 1.25
    endloop
  endfacet
  facet normal -0 0 1
    outer loop
      vertex 11.5646 13.4354 1.25
      vertex 11.825 12.8 1.25
      vertex 11.7074 13.4712 1.25
    endloop
  endfacet
  facet normal 0 0 1
    outer loop
      vertex 12.0875 12.6484 1.25
      vertex 11.7074 10.5288 1.25
      vertex 11.853 10.5072 1.25
    endloop
  endfacet
  facet normal -0 0 1
    outer loop
      vertex 11.426 13.3858 1.25
      vertex 11.825 12.8 1.25
      vertex 11.5646 13.4354 1.25
    endloop
  endfacet
  facet normal 0 0 1
    outer loop
      vertex 12.0875 12.6484 1.25
      vertex 11.5646 10.5646 1.25
      vertex 11.7074 10.5288 1.25
    endloop
  endfacet
  facet normal -0 0 1
    outer loop
      vertex 11.2929 13.3229 1.25
      vertex 11.825 12.8 1.25
      vertex 11.426 13.3858 1.25
    endloop
  endfacet
  facet normal 0 0 1
    outer loop
      vertex 12.0875 12.6484 1.25
      vertex 11.426 10.6142 1.25
      vertex 11.5646 10.5646 1.25
    endloop
  endfacet
  facet normal -0 0 1
    outer loop
      vertex 11.1666 13.2472 1.25
      vertex 11.825 12.8 1.25
      vertex 11.2929 13.3229 1.25
    endloop
  endfacet
  facet normal 0 0 1
    outer loop
      vertex 12.0875 12.6484 1.25
      vertex 11.2929 10.6771 1.25
      vertex 11.426 10.6142 1.25
    endloop
  endfacet
  facet normal -0 0 1
    outer loop
      vertex 11.0484 13.1595 1.25
      vertex 11.825 12.8 1.25
      vertex 11.1666 13.2472 1.25
    endloop
  endfacet
  facet normal 0 0 1
    outer loop
      vertex 12.0875 12.6484 1.25
      vertex 11.1666 10.7528 1.25
      vertex 11.2929 10.6771 1.25
    endloop
  endfacet
  facet normal -0 0 1
    outer loop
      vertex 10.9393 13.0607 1.25
      vertex 11.825 12.8 1.25
      vertex 11.0484 13.1595 1.25
    endloop
  endfacet
  facet normal 0 0 1
    outer loop
      vertex 12.0875 12.6484 1.25
      vertex 11.0484 10.8405 1.25
      vertex 11.1666 10.7528 1.25
    endloop
  endfacet
  facet normal -0 0 1
    outer loop
      vertex 10.8405 12.9516 1.25
      vertex 11.825 12.8 1.25
      vertex 10.9393 13.0607 1.25
    endloop
  endfacet
  facet normal 0 0 1
    outer loop
      vertex 12.0875 12.6484 1.25
      vertex 10.9393 10.9393 1.25
      vertex 11.0484 10.8405 1.25
    endloop
  endfacet
  facet normal -0 0 1
    outer loop
      vertex 10.7528 12.8334 1.25
      vertex 11.825 12.8 1.25
      vertex 10.8405 12.9516 1.25
    endloop
  endfacet
  facet normal 0 0 1
    outer loop
      vertex 12.0875 12.6484 1.25
      vertex 10.8405 11.0484 1.25
      vertex 10.9393 10.9393 1.25
    endloop
  endfacet
  facet normal 0 0 1
    outer loop
      vertex 10.6771 12.7071 1.25
      vertex 11.825 12.8 1.25
      vertex 10.7528 12.8334 1.25
    endloop
  endfacet
  facet normal 0 0 1
    outer loop
      vertex 12.0875 12.6484 1.25
      vertex 10.7528 11.1666 1.25
      vertex 10.8405 11.0484 1.25
    endloop
  endfacet
  facet normal 0 0 1
    outer loop
      vertex 10.6142 12.574 1.25
      vertex 11.825 12.8 1.25
      vertex 10.6771 12.7071 1.25
    endloop
  endfacet
  facet normal 0 0 1
    outer loop
      vertex 12.0875 12.6484 1.25
      vertex 10.6771 11.2929 1.25
      vertex 10.7528 11.1666 1.25
    endloop
  endfacet
  facet normal 0 0 1
    outer loop
      vertex 10.5646 12.4354 1.25
      vertex 11.825 12.8 1.25
      vertex 10.6142 12.574 1.25
    endloop
  endfacet
  facet normal 0 0 1
    outer loop
      vertex 12.0875 12.6484 1.25
      vertex 10.6142 11.426 1.25
      vertex 10.6771 11.2929 1.25
    endloop
  endfacet
  facet normal 0 0 1
    outer loop
      vertex 10.5288 12.2926 1.25
      vertex 11.825 12.8 1.25
      vertex 10.5646 12.4354 1.25
    endloop
  endfacet
  facet normal 0 0 1
    outer loop
      vertex 12.0875 12.6484 1.25
      vertex 10.5646 11.5646 1.25
      vertex 10.6142 11.426 1.25
    endloop
  endfacet
  facet normal 0 0 1
    outer loop
      vertex 10.5072 12.147 1.25
      vertex 11.825 12.8 1.25
      vertex 10.5288 12.2926 1.25
    endloop
  endfacet
  facet normal 0 0 1
    outer loop
      vertex 12.0875 12.6484 1.25
      vertex 10.5288 11.7074 1.25
      vertex 10.5646 11.5646 1.25
    endloop
  endfacet
  facet normal 0 0 1
    outer loop
      vertex 10.5 12 1.25
      vertex 11.825 12.8 1.25
      vertex 10.5072 12.147 1.25
    endloop
  endfacet
  facet normal 0 0 1
    outer loop
      vertex 11.825 12.8 1.25
      vertex 10.5072 11.853 1.25
      vertex 10.5288 11.7074 1.25
    endloop
  endfacet
  facet normal 0 0 1
    outer loop
      vertex 11.825 12.8 1.25
      vertex 10.5 12 1.25
      vertex 10.5072 11.853 1.25
    endloop
  endfacet
  facet normal 0.803088 -0.595861 0
    outer loop
      vertex 13.1595 11.0484 1.25
      vertex 13.2472 11.1666 1.15
      vertex 13.2472 11.1666 1.25
    endloop
  endfacet
  facet normal 0.803088 -0.595861 0
    outer loop
      vertex 13.2472 11.1666 1.15
      vertex 13.1595 11.0484 1.25
      vertex 13.1595 11.0484 1.15
    endloop
  endfacet
  facet normal -0.74123 -0.671251 0
    outer loop
      vertex 10.9393 10.9393 1.15
      vertex 10.8405 11.0484 1.25
      vertex 10.8405 11.0484 1.15
    endloop
  endfacet
  facet normal -0.74123 -0.671251 0
    outer loop
      vertex 10.8405 11.0484 1.25
      vertex 10.9393 10.9393 1.15
      vertex 10.9393 10.9393 1.25
    endloop
  endfacet
  facet normal -0.514096 0.857733 0
    outer loop
      vertex 11.2929 13.3229 1.15
      vertex 11.1666 13.2472 1.25
      vertex 11.2929 13.3229 1.25
    endloop
  endfacet
  facet normal -0.514096 0.857733 0
    outer loop
      vertex 11.1666 13.2472 1.25
      vertex 11.2929 13.3229 1.15
      vertex 11.1666 13.2472 1.15
    endloop
  endfacet
  facet normal 0.989174 -0.146746 0
    outer loop
      vertex 13.4712 11.7074 1.25
      vertex 13.4928 11.853 1.15
      vertex 13.4928 11.853 1.25
    endloop
  endfacet
  facet normal 0.989174 -0.146746 0
    outer loop
      vertex 13.4928 11.853 1.15
      vertex 13.4712 11.7074 1.25
      vertex 13.4712 11.7074 1.15
    endloop
  endfacet
  facet normal -0.146746 -0.989174 0
    outer loop
      vertex 11.7074 10.5288 1.15
      vertex 11.853 10.5072 1.25
      vertex 11.7074 10.5288 1.25
    endloop
  endfacet
  facet normal -0.146746 -0.989174 -0
    outer loop
      vertex 11.853 10.5072 1.25
      vertex 11.7074 10.5288 1.15
      vertex 11.853 10.5072 1.15
    endloop
  endfacet
  facet normal 0.595861 -0.803088 0
    outer loop
      vertex 12.8334 10.7528 1.15
      vertex 12.9516 10.8405 1.25
      vertex 12.8334 10.7528 1.25
    endloop
  endfacet
  facet normal 0.595861 -0.803088 0
    outer loop
      vertex 12.9516 10.8405 1.25
      vertex 12.8334 10.7528 1.15
      vertex 12.9516 10.8405 1.15
    endloop
  endfacet
  facet normal -0.0489209 -0.998803 0
    outer loop
      vertex 11.853 10.5072 1.15
      vertex 12 10.5 1.25
      vertex 11.853 10.5072 1.25
    endloop
  endfacet
  facet normal -0.0489209 -0.998803 -0
    outer loop
      vertex 12 10.5 1.25
      vertex 11.853 10.5072 1.15
      vertex 12 10.5 1.15
    endloop
  endfacet
  facet normal 0.595861 0.803088 -0
    outer loop
      vertex 12.9516 13.1595 1.15
      vertex 12.8334 13.2472 1.25
      vertex 12.9516 13.1595 1.25
    endloop
  endfacet
  facet normal 0.595861 0.803088 0
    outer loop
      vertex 12.8334 13.2472 1.25
      vertex 12.9516 13.1595 1.15
      vertex 12.8334 13.2472 1.15
    endloop
  endfacet
  facet normal 0.969982 -0.243175 0
    outer loop
      vertex 13.4354 11.5646 1.25
      vertex 13.4712 11.7074 1.15
      vertex 13.4712 11.7074 1.25
    endloop
  endfacet
  facet normal 0.969982 -0.243175 0
    outer loop
      vertex 13.4712 11.7074 1.15
      vertex 13.4354 11.5646 1.25
      vertex 13.4354 11.5646 1.15
    endloop
  endfacet
  facet normal -0.989174 0.146746 0
    outer loop
      vertex 10.5072 12.147 1.15
      vertex 10.5288 12.2926 1.25
      vertex 10.5288 12.2926 1.15
    endloop
  endfacet
  facet normal -0.989174 0.146746 0
    outer loop
      vertex 10.5288 12.2926 1.25
      vertex 10.5072 12.147 1.15
      vertex 10.5072 12.147 1.25
    endloop
  endfacet
  facet normal -0.857733 0.514096 0
    outer loop
      vertex 10.6771 12.7071 1.15
      vertex 10.7528 12.8334 1.25
      vertex 10.7528 12.8334 1.15
    endloop
  endfacet
  facet normal -0.857733 0.514096 0
    outer loop
      vertex 10.7528 12.8334 1.25
      vertex 10.6771 12.7071 1.15
      vertex 10.6771 12.7071 1.25
    endloop
  endfacet
  facet normal -0.941527 -0.336939 0
    outer loop
      vertex 10.6142 11.426 1.15
      vertex 10.5646 11.5646 1.25
      vertex 10.5646 11.5646 1.15
    endloop
  endfacet
  facet normal -0.941527 -0.336939 0
    outer loop
      vertex 10.5646 11.5646 1.25
      vertex 10.6142 11.426 1.15
      vertex 10.6142 11.426 1.25
    endloop
  endfacet
  facet normal -0.146746 0.989174 0
    outer loop
      vertex 11.853 13.4928 1.15
      vertex 11.7074 13.4712 1.25
      vertex 11.853 13.4928 1.25
    endloop
  endfacet
  facet normal -0.146746 0.989174 0
    outer loop
      vertex 11.7074 13.4712 1.25
      vertex 11.853 13.4928 1.15
      vertex 11.7074 13.4712 1.15
    endloop
  endfacet
  facet normal 0.803088 0.595861 0
    outer loop
      vertex 13.2472 12.8334 1.25
      vertex 13.1595 12.9516 1.15
      vertex 13.1595 12.9516 1.25
    endloop
  endfacet
  facet normal 0.803088 0.595861 0
    outer loop
      vertex 13.1595 12.9516 1.15
      vertex 13.2472 12.8334 1.25
      vertex 13.2472 12.8334 1.15
    endloop
  endfacet
  facet normal -0.969982 -0.243175 0
    outer loop
      vertex 10.5646 11.5646 1.15
      vertex 10.5288 11.7074 1.25
      vertex 10.5288 11.7074 1.15
    endloop
  endfacet
  facet normal -0.969982 -0.243175 0
    outer loop
      vertex 10.5288 11.7074 1.25
      vertex 10.5646 11.5646 1.15
      vertex 10.5646 11.5646 1.25
    endloop
  endfacet
  facet normal -0.998803 -0.0489209 0
    outer loop
      vertex 10.5072 11.853 1.15
      vertex 10.5 12 1.25
      vertex 10.5 12 1.15
    endloop
  endfacet
  facet normal -0.998803 -0.0489209 0
    outer loop
      vertex 10.5 12 1.25
      vertex 10.5072 11.853 1.15
      vertex 10.5072 11.853 1.25
    endloop
  endfacet
  facet normal 0.514096 0.857733 -0
    outer loop
      vertex 12.8334 13.2472 1.15
      vertex 12.7071 13.3229 1.25
      vertex 12.8334 13.2472 1.25
    endloop
  endfacet
  facet normal 0.514096 0.857733 0
    outer loop
      vertex 12.7071 13.3229 1.25
      vertex 12.8334 13.2472 1.15
      vertex 12.7071 13.3229 1.15
    endloop
  endfacet
  facet normal 0.998803 -0.0489209 0
    outer loop
      vertex 13.4928 11.853 1.25
      vertex 13.5 12 1.15
      vertex 13.5 12 1.25
    endloop
  endfacet
  facet normal 0.998803 -0.0489209 0
    outer loop
      vertex 13.5 12 1.15
      vertex 13.4928 11.853 1.25
      vertex 13.4928 11.853 1.15
    endloop
  endfacet
  facet normal 0.904125 -0.427269 0
    outer loop
      vertex 13.3229 11.2929 1.25
      vertex 13.3858 11.426 1.15
      vertex 13.3858 11.426 1.25
    endloop
  endfacet
  facet normal 0.904125 -0.427269 0
    outer loop
      vertex 13.3858 11.426 1.15
      vertex 13.3229 11.2929 1.25
      vertex 13.3229 11.2929 1.15
    endloop
  endfacet
  facet normal 0.74123 0.671251 0
    outer loop
      vertex 13.1595 12.9516 1.25
      vertex 13.0607 13.0607 1.15
      vertex 13.0607 13.0607 1.25
    endloop
  endfacet
  facet normal 0.74123 0.671251 0
    outer loop
      vertex 13.0607 13.0607 1.15
      vertex 13.1595 12.9516 1.25
      vertex 13.1595 12.9516 1.15
    endloop
  endfacet
  facet normal -0.0489209 0.998803 0
    outer loop
      vertex 12 13.5 1.15
      vertex 11.853 13.4928 1.25
      vertex 12 13.5 1.25
    endloop
  endfacet
  facet normal -0.0489209 0.998803 0
    outer loop
      vertex 11.853 13.4928 1.25
      vertex 12 13.5 1.15
      vertex 11.853 13.4928 1.15
    endloop
  endfacet
  facet normal -0.74123 0.671251 0
    outer loop
      vertex 10.8405 12.9516 1.15
      vertex 10.9393 13.0607 1.25
      vertex 10.9393 13.0607 1.15
    endloop
  endfacet
  facet normal -0.74123 0.671251 0
    outer loop
      vertex 10.9393 13.0607 1.25
      vertex 10.8405 12.9516 1.15
      vertex 10.8405 12.9516 1.25
    endloop
  endfacet
  facet normal -0.671251 -0.74123 0
    outer loop
      vertex 10.9393 10.9393 1.15
      vertex 11.0484 10.8405 1.25
      vertex 10.9393 10.9393 1.25
    endloop
  endfacet
  facet normal -0.671251 -0.74123 -0
    outer loop
      vertex 11.0484 10.8405 1.25
      vertex 10.9393 10.9393 1.15
      vertex 11.0484 10.8405 1.15
    endloop
  endfacet
  facet normal 0.0489209 -0.998803 0
    outer loop
      vertex 12 10.5 1.15
      vertex 12.147 10.5072 1.25
      vertex 12 10.5 1.25
    endloop
  endfacet
  facet normal 0.0489209 -0.998803 0
    outer loop
      vertex 12.147 10.5072 1.25
      vertex 12 10.5 1.15
      vertex 12.147 10.5072 1.15
    endloop
  endfacet
  facet normal 0.941527 0.336939 0
    outer loop
      vertex 13.4354 12.4354 1.25
      vertex 13.3858 12.574 1.15
      vertex 13.3858 12.574 1.25
    endloop
  endfacet
  facet normal 0.941527 0.336939 0
    outer loop
      vertex 13.3858 12.574 1.15
      vertex 13.4354 12.4354 1.25
      vertex 13.4354 12.4354 1.15
    endloop
  endfacet
  facet normal 0.857733 -0.514096 0
    outer loop
      vertex 13.2472 11.1666 1.25
      vertex 13.3229 11.2929 1.15
      vertex 13.3229 11.2929 1.25
    endloop
  endfacet
  facet normal 0.857733 -0.514096 0
    outer loop
      vertex 13.3229 11.2929 1.15
      vertex 13.2472 11.1666 1.25
      vertex 13.2472 11.1666 1.15
    endloop
  endfacet
  facet normal -0.243175 0.969982 0
    outer loop
      vertex 11.7074 13.4712 1.15
      vertex 11.5646 13.4354 1.25
      vertex 11.7074 13.4712 1.25
    endloop
  endfacet
  facet normal -0.243175 0.969982 0
    outer loop
      vertex 11.5646 13.4354 1.25
      vertex 11.7074 13.4712 1.15
      vertex 11.5646 13.4354 1.15
    endloop
  endfacet
  facet normal 0.941527 -0.336939 0
    outer loop
      vertex 13.3858 11.426 1.25
      vertex 13.4354 11.5646 1.15
      vertex 13.4354 11.5646 1.25
    endloop
  endfacet
  facet normal 0.941527 -0.336939 0
    outer loop
      vertex 13.4354 11.5646 1.15
      vertex 13.3858 11.426 1.25
      vertex 13.3858 11.426 1.15
    endloop
  endfacet
  facet normal 0.336939 -0.941527 0
    outer loop
      vertex 12.4354 10.5646 1.15
      vertex 12.574 10.6142 1.25
      vertex 12.4354 10.5646 1.25
    endloop
  endfacet
  facet normal 0.336939 -0.941527 0
    outer loop
      vertex 12.574 10.6142 1.25
      vertex 12.4354 10.5646 1.15
      vertex 12.574 10.6142 1.15
    endloop
  endfacet
  facet normal -0.427269 0.904125 0
    outer loop
      vertex 11.426 13.3858 1.15
      vertex 11.2929 13.3229 1.25
      vertex 11.426 13.3858 1.25
    endloop
  endfacet
  facet normal -0.427269 0.904125 0
    outer loop
      vertex 11.2929 13.3229 1.25
      vertex 11.426 13.3858 1.15
      vertex 11.2929 13.3229 1.15
    endloop
  endfacet
  facet normal 0.904125 0.427269 0
    outer loop
      vertex 13.3858 12.574 1.25
      vertex 13.3229 12.7071 1.15
      vertex 13.3229 12.7071 1.25
    endloop
  endfacet
  facet normal 0.904125 0.427269 0
    outer loop
      vertex 13.3229 12.7071 1.15
      vertex 13.3858 12.574 1.25
      vertex 13.3858 12.574 1.15
    endloop
  endfacet
  facet normal -0.671251 0.74123 0
    outer loop
      vertex 11.0484 13.1595 1.15
      vertex 10.9393 13.0607 1.25
      vertex 11.0484 13.1595 1.25
    endloop
  endfacet
  facet normal -0.671251 0.74123 0
    outer loop
      vertex 10.9393 13.0607 1.25
      vertex 11.0484 13.1595 1.15
      vertex 10.9393 13.0607 1.15
    endloop
  endfacet
  facet normal 0.857733 0.514096 0
    outer loop
      vertex 13.3229 12.7071 1.25
      vertex 13.2472 12.8334 1.15
      vertex 13.2472 12.8334 1.25
    endloop
  endfacet
  facet normal 0.857733 0.514096 0
    outer loop
      vertex 13.2472 12.8334 1.15
      vertex 13.3229 12.7071 1.25
      vertex 13.3229 12.7071 1.15
    endloop
  endfacet
  facet normal 0.336939 0.941527 -0
    outer loop
      vertex 12.574 13.3858 1.15
      vertex 12.4354 13.4354 1.25
      vertex 12.574 13.3858 1.25
    endloop
  endfacet
  facet normal 0.336939 0.941527 0
    outer loop
      vertex 12.4354 13.4354 1.25
      vertex 12.574 13.3858 1.15
      vertex 12.4354 13.4354 1.15
    endloop
  endfacet
  facet normal -0.336939 0.941527 0
    outer loop
      vertex 11.5646 13.4354 1.15
      vertex 11.426 13.3858 1.25
      vertex 11.5646 13.4354 1.25
    endloop
  endfacet
  facet normal -0.336939 0.941527 0
    outer loop
      vertex 11.426 13.3858 1.25
      vertex 11.5646 13.4354 1.15
      vertex 11.426 13.3858 1.15
    endloop
  endfacet
  facet normal -0.857733 -0.514096 0
    outer loop
      vertex 10.7528 11.1666 1.15
      vertex 10.6771 11.2929 1.25
      vertex 10.6771 11.2929 1.15
    endloop
  endfacet
  facet normal -0.857733 -0.514096 0
    outer loop
      vertex 10.6771 11.2929 1.25
      vertex 10.7528 11.1666 1.15
      vertex 10.7528 11.1666 1.25
    endloop
  endfacet
  facet normal -0.514096 -0.857733 0
    outer loop
      vertex 11.1666 10.7528 1.15
      vertex 11.2929 10.6771 1.25
      vertex 11.1666 10.7528 1.25
    endloop
  endfacet
  facet normal -0.514096 -0.857733 -0
    outer loop
      vertex 11.2929 10.6771 1.25
      vertex 11.1666 10.7528 1.15
      vertex 11.2929 10.6771 1.15
    endloop
  endfacet
  facet normal 0.671251 -0.74123 0
    outer loop
      vertex 12.9516 10.8405 1.15
      vertex 13.0607 10.9393 1.25
      vertex 12.9516 10.8405 1.25
    endloop
  endfacet
  facet normal 0.671251 -0.74123 0
    outer loop
      vertex 13.0607 10.9393 1.25
      vertex 12.9516 10.8405 1.15
      vertex 13.0607 10.9393 1.15
    endloop
  endfacet
  facet normal 0.671251 0.74123 -0
    outer loop
      vertex 13.0607 13.0607 1.15
      vertex 12.9516 13.1595 1.25
      vertex 13.0607 13.0607 1.25
    endloop
  endfacet
  facet normal 0.671251 0.74123 0
    outer loop
      vertex 12.9516 13.1595 1.25
      vertex 13.0607 13.0607 1.15
      vertex 12.9516 13.1595 1.15
    endloop
  endfacet
  facet normal -0.595861 -0.803088 0
    outer loop
      vertex 11.0484 10.8405 1.15
      vertex 11.1666 10.7528 1.25
      vertex 11.0484 10.8405 1.25
    endloop
  endfacet
  facet normal -0.595861 -0.803088 -0
    outer loop
      vertex 11.1666 10.7528 1.25
      vertex 11.0484 10.8405 1.15
      vertex 11.1666 10.7528 1.15
    endloop
  endfacet
  facet normal -0.427269 -0.904125 0
    outer loop
      vertex 11.2929 10.6771 1.15
      vertex 11.426 10.6142 1.25
      vertex 11.2929 10.6771 1.25
    endloop
  endfacet
  facet normal -0.427269 -0.904125 -0
    outer loop
      vertex 11.426 10.6142 1.25
      vertex 11.2929 10.6771 1.15
      vertex 11.426 10.6142 1.15
    endloop
  endfacet
  facet normal -0.803088 -0.595861 0
    outer loop
      vertex 10.8405 11.0484 1.15
      vertex 10.7528 11.1666 1.25
      vertex 10.7528 11.1666 1.15
    endloop
  endfacet
  facet normal -0.803088 -0.595861 0
    outer loop
      vertex 10.7528 11.1666 1.25
      vertex 10.8405 11.0484 1.15
      vertex 10.8405 11.0484 1.25
    endloop
  endfacet
  facet normal -0.243175 -0.969982 0
    outer loop
      vertex 11.5646 10.5646 1.15
      vertex 11.7074 10.5288 1.25
      vertex 11.5646 10.5646 1.25
    endloop
  endfacet
  facet normal -0.243175 -0.969982 -0
    outer loop
      vertex 11.7074 10.5288 1.25
      vertex 11.5646 10.5646 1.15
      vertex 11.7074 10.5288 1.15
    endloop
  endfacet
  facet normal -0.336939 -0.941527 0
    outer loop
      vertex 11.426 10.6142 1.15
      vertex 11.5646 10.5646 1.25
      vertex 11.426 10.6142 1.25
    endloop
  endfacet
  facet normal -0.336939 -0.941527 -0
    outer loop
      vertex 11.5646 10.5646 1.25
      vertex 11.426 10.6142 1.15
      vertex 11.5646 10.5646 1.15
    endloop
  endfacet
  facet normal -0.989174 -0.146746 0
    outer loop
      vertex 10.5288 11.7074 1.15
      vertex 10.5072 11.853 1.25
      vertex 10.5072 11.853 1.15
    endloop
  endfacet
  facet normal -0.989174 -0.146746 0
    outer loop
      vertex 10.5072 11.853 1.25
      vertex 10.5288 11.7074 1.15
      vertex 10.5288 11.7074 1.25
    endloop
  endfacet
  facet normal -0.904125 -0.427269 0
    outer loop
      vertex 10.6771 11.2929 1.15
      vertex 10.6142 11.426 1.25
      vertex 10.6142 11.426 1.15
    endloop
  endfacet
  facet normal -0.904125 -0.427269 0
    outer loop
      vertex 10.6142 11.426 1.25
      vertex 10.6771 11.2929 1.15
      vertex 10.6771 11.2929 1.25
    endloop
  endfacet
  facet normal -0.941527 0.336939 0
    outer loop
      vertex 10.5646 12.4354 1.15
      vertex 10.6142 12.574 1.25
      vertex 10.6142 12.574 1.15
    endloop
  endfacet
  facet normal -0.941527 0.336939 0
    outer loop
      vertex 10.6142 12.574 1.25
      vertex 10.5646 12.4354 1.15
      vertex 10.5646 12.4354 1.25
    endloop
  endfacet
  facet normal -0.803088 0.595861 0
    outer loop
      vertex 10.7528 12.8334 1.15
      vertex 10.8405 12.9516 1.25
      vertex 10.8405 12.9516 1.15
    endloop
  endfacet
  facet normal -0.803088 0.595861 0
    outer loop
      vertex 10.8405 12.9516 1.25
      vertex 10.7528 12.8334 1.15
      vertex 10.7528 12.8334 1.25
    endloop
  endfacet
  facet normal -0.998803 0.0489209 0
    outer loop
      vertex 10.5 12 1.15
      vertex 10.5072 12.147 1.25
      vertex 10.5072 12.147 1.15
    endloop
  endfacet
  facet normal -0.998803 0.0489209 0
    outer loop
      vertex 10.5072 12.147 1.25
      vertex 10.5 12 1.15
      vertex 10.5 12 1.25
    endloop
  endfacet
  facet normal 0.74123 -0.671251 0
    outer loop
      vertex 13.0607 10.9393 1.25
      vertex 13.1595 11.0484 1.15
      vertex 13.1595 11.0484 1.25
    endloop
  endfacet
  facet normal 0.74123 -0.671251 0
    outer loop
      vertex 13.1595 11.0484 1.15
      vertex 13.0607 10.9393 1.25
      vertex 13.0607 10.9393 1.15
    endloop
  endfacet
  facet normal 0 0 -1
    outer loop
      vertex 13.4928 11.853 1.15
      vertex 13.4928 12.147 1.15
      vertex 13.5 12 1.15
    endloop
  endfacet
  facet normal 0 0 -1
    outer loop
      vertex 13.4712 11.7074 1.15
      vertex 13.4928 12.147 1.15
      vertex 13.4928 11.853 1.15
    endloop
  endfacet
  facet normal 0 0 -1
    outer loop
      vertex 13.4712 11.7074 1.15
      vertex 13.4712 12.2926 1.15
      vertex 13.4928 12.147 1.15
    endloop
  endfacet
  facet normal 0 0 -1
    outer loop
      vertex 13.4354 11.5646 1.15
      vertex 13.4712 12.2926 1.15
      vertex 13.4712 11.7074 1.15
    endloop
  endfacet
  facet normal 0 0 -1
    outer loop
      vertex 13.4354 11.5646 1.15
      vertex 13.4354 12.4354 1.15
      vertex 13.4712 12.2926 1.15
    endloop
  endfacet
  facet normal 0 0 -1
    outer loop
      vertex 13.3858 11.426 1.15
      vertex 13.4354 12.4354 1.15
      vertex 13.4354 11.5646 1.15
    endloop
  endfacet
  facet normal 0 0 -1
    outer loop
      vertex 13.3858 11.426 1.15
      vertex 13.3858 12.574 1.15
      vertex 13.4354 12.4354 1.15
    endloop
  endfacet
  facet normal 0 0 -1
    outer loop
      vertex 13.3229 11.2929 1.15
      vertex 13.3858 12.574 1.15
      vertex 13.3858 11.426 1.15
    endloop
  endfacet
  facet normal 0 0 -1
    outer loop
      vertex 13.3229 11.2929 1.15
      vertex 13.3229 12.7071 1.15
      vertex 13.3858 12.574 1.15
    endloop
  endfacet
  facet normal 0 0 -1
    outer loop
      vertex 13.2472 11.1666 1.15
      vertex 13.3229 12.7071 1.15
      vertex 13.3229 11.2929 1.15
    endloop
  endfacet
  facet normal 0 0 -1
    outer loop
      vertex 13.2472 11.1666 1.15
      vertex 13.2472 12.8334 1.15
      vertex 13.3229 12.7071 1.15
    endloop
  endfacet
  facet normal 0 0 -1
    outer loop
      vertex 13.1595 11.0484 1.15
      vertex 13.2472 12.8334 1.15
      vertex 13.2472 11.1666 1.15
    endloop
  endfacet
  facet normal 0 0 -1
    outer loop
      vertex 13.1595 11.0484 1.15
      vertex 13.1595 12.9516 1.15
      vertex 13.2472 12.8334 1.15
    endloop
  endfacet
  facet normal 0 0 -1
    outer loop
      vertex 13.0607 10.9393 1.15
      vertex 13.1595 12.9516 1.15
      vertex 13.1595 11.0484 1.15
    endloop
  endfacet
  facet normal 0 0 -1
    outer loop
      vertex 13.0607 10.9393 1.15
      vertex 13.0607 13.0607 1.15
      vertex 13.1595 12.9516 1.15
    endloop
  endfacet
  facet normal 0 0 -1
    outer loop
      vertex 12.9516 10.8405 1.15
      vertex 13.0607 13.0607 1.15
      vertex 13.0607 10.9393 1.15
    endloop
  endfacet
  facet normal 0 0 -1
    outer loop
      vertex 12.9516 10.8405 1.15
      vertex 12.9516 13.1595 1.15
      vertex 13.0607 13.0607 1.15
    endloop
  endfacet
  facet normal 0 0 -1
    outer loop
      vertex 12.8334 10.7528 1.15
      vertex 12.9516 13.1595 1.15
      vertex 12.9516 10.8405 1.15
    endloop
  endfacet
  facet normal 0 0 -1
    outer loop
      vertex 12.8334 10.7528 1.15
      vertex 12.8334 13.2472 1.15
      vertex 12.9516 13.1595 1.15
    endloop
  endfacet
  facet normal 0 0 -1
    outer loop
      vertex 12.7071 10.6771 1.15
      vertex 12.8334 13.2472 1.15
      vertex 12.8334 10.7528 1.15
    endloop
  endfacet
  facet normal 0 0 -1
    outer loop
      vertex 12.7071 10.6771 1.15
      vertex 12.7071 13.3229 1.15
      vertex 12.8334 13.2472 1.15
    endloop
  endfacet
  facet normal 0 0 -1
    outer loop
      vertex 12.574 10.6142 1.15
      vertex 12.7071 13.3229 1.15
      vertex 12.7071 10.6771 1.15
    endloop
  endfacet
  facet normal 0 0 -1
    outer loop
      vertex 12.574 10.6142 1.15
      vertex 12.574 13.3858 1.15
      vertex 12.7071 13.3229 1.15
    endloop
  endfacet
  facet normal 0 0 -1
    outer loop
      vertex 12.4354 10.5646 1.15
      vertex 12.574 13.3858 1.15
      vertex 12.574 10.6142 1.15
    endloop
  endfacet
  facet normal 0 0 -1
    outer loop
      vertex 12.4354 10.5646 1.15
      vertex 12.4354 13.4354 1.15
      vertex 12.574 13.3858 1.15
    endloop
  endfacet
  facet normal 0 0 -1
    outer loop
      vertex 12.2926 10.5288 1.15
      vertex 12.4354 13.4354 1.15
      vertex 12.4354 10.5646 1.15
    endloop
  endfacet
  facet normal 0 0 -1
    outer loop
      vertex 12.2926 10.5288 1.15
      vertex 12.2926 13.4712 1.15
      vertex 12.4354 13.4354 1.15
    endloop
  endfacet
  facet normal 0 0 -1
    outer loop
      vertex 12.147 10.5072 1.15
      vertex 12.2926 13.4712 1.15
      vertex 12.2926 10.5288 1.15
    endloop
  endfacet
  facet normal 0 0 -1
    outer loop
      vertex 12.147 10.5072 1.15
      vertex 12.147 13.4928 1.15
      vertex 12.2926 13.4712 1.15
    endloop
  endfacet
  facet normal 0 0 -1
    outer loop
      vertex 12 10.5 1.15
      vertex 12.147 13.4928 1.15
      vertex 12.147 10.5072 1.15
    endloop
  endfacet
  facet normal 0 0 -1
    outer loop
      vertex 12 10.5 1.15
      vertex 12 13.5 1.15
      vertex 12.147 13.4928 1.15
    endloop
  endfacet
  facet normal 0 0 -1
    outer loop
      vertex 11.853 10.5072 1.15
      vertex 12 13.5 1.15
      vertex 12 10.5 1.15
    endloop
  endfacet
  facet normal 0 0 -1
    outer loop
      vertex 11.853 10.5072 1.15
      vertex 11.853 13.4928 1.15
      vertex 12 13.5 1.15
    endloop
  endfacet
  facet normal 0 0 -1
    outer loop
      vertex 11.7074 10.5288 1.15
      vertex 11.853 13.4928 1.15
      vertex 11.853 10.5072 1.15
    endloop
  endfacet
  facet normal 0 0 -1
    outer loop
      vertex 11.7074 10.5288 1.15
      vertex 11.7074 13.4712 1.15
      vertex 11.853 13.4928 1.15
    endloop
  endfacet
  facet normal 0 0 -1
    outer loop
      vertex 11.5646 10.5646 1.15
      vertex 11.7074 13.4712 1.15
      vertex 11.7074 10.5288 1.15
    endloop
  endfacet
  facet normal 0 0 -1
    outer loop
      vertex 11.5646 10.5646 1.15
      vertex 11.5646 13.4354 1.15
      vertex 11.7074 13.4712 1.15
    endloop
  endfacet
  facet normal 0 0 -1
    outer loop
      vertex 11.426 10.6142 1.15
      vertex 11.5646 13.4354 1.15
      vertex 11.5646 10.5646 1.15
    endloop
  endfacet
  facet normal 0 0 -1
    outer loop
      vertex 11.426 10.6142 1.15
      vertex 11.426 13.3858 1.15
      vertex 11.5646 13.4354 1.15
    endloop
  endfacet
  facet normal 0 0 -1
    outer loop
      vertex 11.2929 10.6771 1.15
      vertex 11.426 13.3858 1.15
      vertex 11.426 10.6142 1.15
    endloop
  endfacet
  facet normal 0 0 -1
    outer loop
      vertex 11.2929 10.6771 1.15
      vertex 11.2929 13.3229 1.15
      vertex 11.426 13.3858 1.15
    endloop
  endfacet
  facet normal 0 0 -1
    outer loop
      vertex 11.1666 10.7528 1.15
      vertex 11.2929 13.3229 1.15
      vertex 11.2929 10.6771 1.15
    endloop
  endfacet
  facet normal 0 0 -1
    outer loop
      vertex 11.1666 10.7528 1.15
      vertex 11.1666 13.2472 1.15
      vertex 11.2929 13.3229 1.15
    endloop
  endfacet
  facet normal 0 0 -1
    outer loop
      vertex 11.0484 10.8405 1.15
      vertex 11.1666 13.2472 1.15
      vertex 11.1666 10.7528 1.15
    endloop
  endfacet
  facet normal 0 0 -1
    outer loop
      vertex 11.0484 10.8405 1.15
      vertex 11.0484 13.1595 1.15
      vertex 11.1666 13.2472 1.15
    endloop
  endfacet
  facet normal 0 0 -1
    outer loop
      vertex 10.9393 10.9393 1.15
      vertex 11.0484 13.1595 1.15
      vertex 11.0484 10.8405 1.15
    endloop
  endfacet
  facet normal 0 0 -1
    outer loop
      vertex 10.9393 10.9393 1.15
      vertex 10.9393 13.0607 1.15
      vertex 11.0484 13.1595 1.15
    endloop
  endfacet
  facet normal 0 0 -1
    outer loop
      vertex 10.8405 11.0484 1.15
      vertex 10.9393 13.0607 1.15
      vertex 10.9393 10.9393 1.15
    endloop
  endfacet
  facet normal 0 0 -1
    outer loop
      vertex 10.8405 11.0484 1.15
      vertex 10.8405 12.9516 1.15
      vertex 10.9393 13.0607 1.15
    endloop
  endfacet
  facet normal 0 0 -1
    outer loop
      vertex 10.7528 11.1666 1.15
      vertex 10.8405 12.9516 1.15
      vertex 10.8405 11.0484 1.15
    endloop
  endfacet
  facet normal 0 0 -1
    outer loop
      vertex 10.7528 11.1666 1.15
      vertex 10.7528 12.8334 1.15
      vertex 10.8405 12.9516 1.15
    endloop
  endfacet
  facet normal 0 0 -1
    outer loop
      vertex 10.6771 11.2929 1.15
      vertex 10.7528 12.8334 1.15
      vertex 10.7528 11.1666 1.15
    endloop
  endfacet
  facet normal 0 0 -1
    outer loop
      vertex 10.6771 11.2929 1.15
      vertex 10.6771 12.7071 1.15
      vertex 10.7528 12.8334 1.15
    endloop
  endfacet
  facet normal 0 0 -1
    outer loop
      vertex 10.6142 11.426 1.15
      vertex 10.6771 12.7071 1.15
      vertex 10.6771 11.2929 1.15
    endloop
  endfacet
  facet normal 0 0 -1
    outer loop
      vertex 10.6142 11.426 1.15
      vertex 10.6142 12.574 1.15
      vertex 10.6771 12.7071 1.15
    endloop
  endfacet
  facet normal 0 0 -1
    outer loop
      vertex 10.5646 11.5646 1.15
      vertex 10.6142 12.574 1.15
      vertex 10.6142 11.426 1.15
    endloop
  endfacet
  facet normal 0 0 -1
    outer loop
      vertex 10.5646 11.5646 1.15
      vertex 10.5646 12.4354 1.15
      vertex 10.6142 12.574 1.15
    endloop
  endfacet
  facet normal 0 0 -1
    outer loop
      vertex 10.5288 11.7074 1.15
      vertex 10.5646 12.4354 1.15
      vertex 10.5646 11.5646 1.15
    endloop
  endfacet
  facet normal 0 0 -1
    outer loop
      vertex 10.5288 11.7074 1.15
      vertex 10.5288 12.2926 1.15
      vertex 10.5646 12.4354 1.15
    endloop
  endfacet
  facet normal 0 0 -1
    outer loop
      vertex 10.5072 11.853 1.15
      vertex 10.5288 12.2926 1.15
      vertex 10.5288 11.7074 1.15
    endloop
  endfacet
  facet normal 0 0 -1
    outer loop
      vertex 10.5072 11.853 1.15
      vertex 10.5072 12.147 1.15
      vertex 10.5288 12.2926 1.15
    endloop
  endfacet
  facet normal 0 -0 -1
    outer loop
      vertex 10.5072 12.147 1.15
      vertex 10.5072 11.853 1.15
      vertex 10.5 12 1.15
    endloop
  endfacet
  facet normal -0.282785 -0.48965 0.824788
    outer loop
      vertex 12 12.8 1.31
      vertex 11.825 12.8 1.25
      vertex 12.0875 12.6484 1.25
    endloop
  endfacet
  facet normal 0.565528 0 0.824729
    outer loop
      vertex 12.0875 12.9516 1.25
      vertex 12 12.8 1.31
      vertex 12.0875 12.6484 1.25
    endloop
  endfacet
  facet normal -0.282785 0.48965 0.824788
    outer loop
      vertex 12.0875 12.9516 1.25
      vertex 11.825 12.8 1.25
      vertex 12 12.8 1.31
    endloop
  endfacet
  facet normal 0 0 -1
    outer loop
      vertex 11.8652 13.0539 1.32
      vertex 11.692 13.0539 1.32
      vertex 11.8652 13.54 1.32
    endloop
  endfacet
  facet normal 0 0 -1
    outer loop
      vertex 12.3271 13.0539 1.32
      vertex 12.1538 13.2766 1.32
      vertex 12.3271 13.7627 1.32
    endloop
  endfacet
  facet normal 0 0 -1
    outer loop
      vertex 12.123 13.0539 1.32
      vertex 12.1538 13.2766 1.32
      vertex 12.3271 13.0539 1.32
    endloop
  endfacet
  facet normal 0 0 -1
    outer loop
      vertex 11.8652 13.54 1.32
      vertex 12.1538 13.2766 1.32
      vertex 12.123 13.0539 1.32
    endloop
  endfacet
  facet normal 0 0 -1
    outer loop
      vertex 12.1538 13.2766 1.32
      vertex 11.8652 13.54 1.32
      vertex 11.8961 13.7627 1.32
    endloop
  endfacet
  facet normal 0 0 -1
    outer loop
      vertex 11.692 13.7627 1.32
      vertex 11.8652 13.54 1.32
      vertex 11.692 13.0539 1.32
    endloop
  endfacet
  facet normal 0 0 -1
    outer loop
      vertex 11.8652 13.54 1.32
      vertex 11.692 13.7627 1.32
      vertex 11.8961 13.7627 1.32
    endloop
  endfacet
  facet normal -0 0 -1
    outer loop
      vertex 12.3271 13.7627 1.32
      vertex 12.1538 13.2766 1.32
      vertex 12.1538 13.7627 1.32
    endloop
  endfacet
  facet normal 0 0 1
    outer loop
      vertex 12.1538 13.2766 1.47
      vertex 12.3271 13.7627 1.47
      vertex 12.1538 13.7627 1.47
    endloop
  endfacet
  facet normal 0 0 1
    outer loop
      vertex 12.3271 13.7627 1.47
      vertex 12.1538 13.2766 1.47
      vertex 12.3271 13.0539 1.47
    endloop
  endfacet
  facet normal 0 0 1
    outer loop
      vertex 12.1538 13.2766 1.47
      vertex 12.123 13.0539 1.47
      vertex 12.3271 13.0539 1.47
    endloop
  endfacet
  facet normal -0 0 1
    outer loop
      vertex 11.8652 13.54 1.47
      vertex 12.1538 13.2766 1.47
      vertex 11.8961 13.7627 1.47
    endloop
  endfacet
  facet normal 0 0 1
    outer loop
      vertex 12.1538 13.2766 1.47
      vertex 11.8652 13.54 1.47
      vertex 12.123 13.0539 1.47
    endloop
  endfacet
  facet normal -0 0 1
    outer loop
      vertex 11.692 13.7627 1.47
      vertex 11.8652 13.54 1.47
      vertex 11.8961 13.7627 1.47
    endloop
  endfacet
  facet normal 0 0 1
    outer loop
      vertex 11.692 13.0539 1.47
      vertex 11.8652 13.54 1.47
      vertex 11.692 13.7627 1.47
    endloop
  endfacet
  facet normal 0 0 1
    outer loop
      vertex 11.8652 13.54 1.47
      vertex 11.692 13.0539 1.47
      vertex 11.8652 13.0539 1.47
    endloop
  endfacet
  facet normal -0.883447 -0.468531 0
    outer loop
      vertex 12.123 13.0539 1.32
      vertex 11.8652 13.54 1.47
      vertex 11.8652 13.54 1.32
    endloop
  endfacet
  facet normal -0.883447 -0.468531 0
    outer loop
      vertex 11.8652 13.54 1.47
      vertex 12.123 13.0539 1.32
      vertex 12.123 13.0539 1.47
    endloop
  endfacet
  facet normal 0 -1 0
    outer loop
      vertex 12.123 13.0539 1.32
      vertex 12.3271 13.0539 1.47
      vertex 12.123 13.0539 1.47
    endloop
  endfacet
  facet normal 0 -1 -0
    outer loop
      vertex 12.3271 13.0539 1.47
      vertex 12.123 13.0539 1.32
      vertex 12.3271 13.0539 1.32
    endloop
  endfacet
  facet normal 1 -0 0
    outer loop
      vertex 12.3271 13.0539 1.47
      vertex 12.3271 13.7627 1.32
      vertex 12.3271 13.7627 1.47
    endloop
  endfacet
  facet normal 1 0 0
    outer loop
      vertex 12.3271 13.7627 1.32
      vertex 12.3271 13.0539 1.47
      vertex 12.3271 13.0539 1.32
    endloop
  endfacet
  facet normal 0 1 -0
    outer loop
      vertex 12.3271 13.7627 1.32
      vertex 12.1538 13.7627 1.47
      vertex 12.3271 13.7627 1.47
    endloop
  endfacet
  facet normal 0 1 0
    outer loop
      vertex 12.1538 13.7627 1.47
      vertex 12.3271 13.7627 1.32
      vertex 12.1538 13.7627 1.32
    endloop
  endfacet
  facet normal -1 0 0
    outer loop
      vertex 12.1538 13.2766 1.32
      vertex 12.1538 13.7627 1.47
      vertex 12.1538 13.7627 1.32
    endloop
  endfacet
  facet normal -1 -0 0
    outer loop
      vertex 12.1538 13.7627 1.47
      vertex 12.1538 13.2766 1.32
      vertex 12.1538 13.2766 1.47
    endloop
  endfacet
  facet normal 0.883523 0.468389 0
    outer loop
      vertex 12.1538 13.2766 1.47
      vertex 11.8961 13.7627 1.32
      vertex 11.8961 13.7627 1.47
    endloop
  endfacet
  facet normal 0.883523 0.468389 0
    outer loop
      vertex 11.8961 13.7627 1.32
      vertex 12.1538 13.2766 1.47
      vertex 12.1538 13.2766 1.32
    endloop
  endfacet
  facet normal 0 1 -0
    outer loop
      vertex 11.8961 13.7627 1.32
      vertex 11.692 13.7627 1.47
      vertex 11.8961 13.7627 1.47
    endloop
  endfacet
  facet normal 0 1 0
    outer loop
      vertex 11.692 13.7627 1.47
      vertex 11.8961 13.7627 1.32
      vertex 11.692 13.7627 1.32
    endloop
  endfacet
  facet normal -1 0 0
    outer loop
      vertex 11.692 13.0539 1.32
      vertex 11.692 13.7627 1.47
      vertex 11.692 13.7627 1.32
    endloop
  endfacet
  facet normal -1 -0 0
    outer loop
      vertex 11.692 13.7627 1.47
      vertex 11.692 13.0539 1.32
      vertex 11.692 13.0539 1.47
    endloop
  endfacet
  facet normal 0 -1 0
    outer loop
      vertex 11.692 13.0539 1.32
      vertex 11.8652 13.0539 1.47
      vertex 11.692 13.0539 1.47
    endloop
  endfacet
  facet normal 0 -1 -0
    outer loop
      vertex 11.8652 13.0539 1.47
      vertex 11.692 13.0539 1.32
      vertex 11.8652 13.0539 1.32
    endloop
  endfacet
  facet normal 1 -0 0
    outer loop
      vertex 11.8652 13.0539 1.47
      vertex 11.8652 13.54 1.32
      vertex 11.8652 13.54 1.47
    endloop
  endfacet
  facet normal 1 0 0
    outer loop
      vertex 11.8652 13.54 1.32
      vertex 11.8652 13.0539 1.47
      vertex 11.8652 13.0539 1.32
    endloop
  endfacet
  facet normal 0.963518 0.267644 0
    outer loop
      vertex 14 -9 0
      vertex 9 9 -0.0999994
      vertex 9 9 0
    endloop
  endfacet
  facet normal 0.963518 0.267644 0
    outer loop
      vertex 9 9 -0.0999994
      vertex 14 -9 0
      vertex 9 9 -1
    endloop
  endfacet
  facet normal 0.963518 0.267644 0
    outer loop
      vertex 9 9 -1
      vertex 14 -9 0
      vertex 14 -9 -1
    endloop
  endfacet
  facet normal -1 0 0
    outer loop
      vertex -9 -9 -1
      vertex -9 9 -0.0999994
      vertex -9 9 -1
    endloop
  endfacet
  facet normal -1 0 0
    outer loop
      vertex -9 -9 0
      vertex -9 9 -0.0999994
      vertex -9 -9 -1
    endloop
  endfacet
  facet normal -1 0 0
    outer loop
      vertex -9 9 -0.0999994
      vertex -9 -9 0
      vertex -9 9 0
    endloop
  endfacet
  facet normal 0 0 -1
    outer loop
      vertex 14 -9 -1
      vertex 7.1 -7.9 -1
      vertex 9.9 -7.9 -1
    endloop
  endfacet
  facet normal -0 0 -1
    outer loop
      vertex 7.1 -7.9 -1
      vertex -9 -9 -1
      vertex 7.1 -5.1 -1
    endloop
  endfacet
  facet normal 0 0 -1
    outer loop
      vertex -9 -9 -1
      vertex 7.1 -7.9 -1
      vertex 14 -9 -1
    endloop
  endfacet
  facet normal 0 0 -1
    outer loop
      vertex 9.9 -5.1 -1
      vertex 14 -9 -1
      vertex 9.9 -7.9 -1
    endloop
  endfacet
  facet normal 0 0 -1
    outer loop
      vertex 9.9 -5.1 -1
      vertex 9 9 -1
      vertex 14 -9 -1
    endloop
  endfacet
  facet normal 0 0 -1
    outer loop
      vertex 7.1 -5.1 -1
      vertex 9 9 -1
      vertex 9.9 -5.1 -1
    endloop
  endfacet
  facet normal 0 0 -1
    outer loop
      vertex -9 9 -1
      vertex 7.1 -5.1 -1
      vertex -9 -9 -1
    endloop
  endfacet
  facet normal 0 0 -1
    outer loop
      vertex 7.1 -5.1 -1
      vertex -9 9 -1
      vertex 9 9 -1
    endloop
  endfacet
  facet normal 0 -1 0
    outer loop
      vertex -9 -9 -1
      vertex 14 -9 0
      vertex -9 -9 0
    endloop
  endfacet
  facet normal 0 -1 -0
    outer loop
      vertex 14 -9 0
      vertex -9 -9 -1
      vertex 14 -9 -1
    endloop
  endfacet
  facet normal 1 -0 0
    outer loop
      vertex 4.65 -4.65 3.8
      vertex 4.65 4.65 0
      vertex 4.65 4.65 3.8
    endloop
  endfacet
  facet normal 1 0 0
    outer loop
      vertex 4.65 4.65 0
      vertex 4.65 -4.65 3.8
      vertex 4.65 -4.65 0
    endloop
  endfacet
  facet normal -0 0 1
    outer loop
      vertex -4.65 4.65 3.8
      vertex 4.65 -4.65 3.8
      vertex 4.65 4.65 3.8
    endloop
  endfacet
  facet normal 0 0 1
    outer loop
      vertex 4.65 -4.65 3.8
      vertex -4.65 4.65 3.8
      vertex -4.65 -4.65 3.8
    endloop
  endfacet
  facet normal -1 0 0
    outer loop
      vertex -4.65 -4.65 0
      vertex -4.65 4.65 3.8
      vertex -4.65 4.65 0
    endloop
  endfacet
  facet normal -1 -0 0
    outer loop
      vertex -4.65 4.65 3.8
      vertex -4.65 -4.65 0
      vertex -4.65 -4.65 3.8
    endloop
  endfacet
  facet normal 0 1 -0
    outer loop
      vertex 4.65 4.65 0
      vertex -4.65 4.65 3.8
      vertex 4.65 4.65 3.8
    endloop
  endfacet
  facet normal 0 1 0
    outer loop
      vertex -4.65 4.65 3.8
      vertex 4.65 4.65 0
      vertex -4.65 4.65 0
    endloop
  endfacet
  facet normal 0 -1 0
    outer loop
      vertex -4.65 -4.65 0
      vertex 4.65 -4.65 3.8
      vertex -4.65 -4.65 3.8
    endloop
  endfacet
  facet normal 0 -1 -0
    outer loop
      vertex 4.65 -4.65 3.8
      vertex -4.65 -4.65 0
      vertex 4.65 -4.65 0
    endloop
  endfacet
endsolid OpenSCAD_Model
